STATION_NUMBER,DATUM_ID_FROM,DATUM_ID_TO,CONVERSION_FACTOR
09BA001,10,35,684.5969848632812
09BA001,10,605,684.5479736328125
