STATION_NUMBER,DATUM_ID_FROM,DATUM_ID_TO,CONVERSION_FACTOR
07DA001,10,110,235.8209991455078
07DA001,10,605,235.7760009765625
