STATION_NUMBER,date,flow_cms,quality_symbol
02RH066,1996-11-01,,
02RH066,1997-02-01,,
02RH066,1997-03-01,1.4600000381469729,
02RH066,1997-04-01,2.119999885559082,
02RH066,1997-05-01,25.600000381469727,
02RH066,1997-06-01,66.30000305175781,
02RH066,1997-07-01,6.570000171661377,
02RH066,1997-08-01,3.240000009536743,
02RH066,1997-09-01,5.519999980926514,
02RH066,1997-10-01,17.299999237060547,
02RH066,1997-11-01,4.599999904632568,
02RH066,1997-12-01,2.7799999713897705,
02RH066,1998-01-01,1.8899999856948853,
02RH066,1998-02-01,1.3700000047683716,
02RH066,1998-03-01,1.8200000524520876,
02RH066,1998-04-01,11.800000190734863,
02RH066,1998-05-01,20.5,
02RH066,1998-06-01,5.090000152587891,
02RH066,1998-07-01,11.399999618530272,
02RH066,1998-08-01,4.949999809265137,
02RH066,1998-09-01,9.43000030517578,
02RH066,1998-10-01,16.700000762939453,
02RH066,1998-11-01,13.300000190734863,
02RH066,1998-12-01,15.899999618530272,
02RH066,1999-01-01,4.099999904632568,
02RH066,1999-02-01,2.8499999046325684,
02RH066,1999-03-01,2.039999961853028,
02RH066,1999-04-01,4.389999866485596,
02RH066,1999-05-01,16.399999618530273,
02RH066,1999-06-01,6.039999961853027,
02RH066,1999-07-01,2.8499999046325684,
02RH066,1999-08-01,3.0199999809265137,
02RH066,1999-09-01,1.4500000476837158,
02RH066,1999-10-01,4.119999885559082,
02RH066,1999-11-01,15.399999618530272,
02RH066,1999-12-01,12.399999618530272,
02RH066,2000-01-01,4.519999980926514,
02RH066,2000-02-01,1.919999957084656,
02RH066,2000-03-01,3.859999895095825,
02RH066,2000-04-01,6.670000076293945,
02RH066,2000-05-01,9.449999809265137,
02RH066,2000-06-01,22.200000762939453,
02RH066,2000-07-01,8.039999961853027,
02RH066,2000-08-01,3.190000057220459,
02RH066,2000-09-01,4.429999828338623,
02RH066,2000-10-01,4.139999866485596,
02RH066,2000-11-01,6.510000228881836,
02RH066,2000-12-01,5.079999923706055,
02RH066,2001-01-01,3.3299999237060547,
02RH066,2001-02-01,1.4600000381469729,
02RH066,2001-03-01,1.4600000381469729,
02RH066,2001-04-01,1.4900000095367432,
02RH066,2001-05-01,25.200000762939453,
02RH066,2001-06-01,16.399999618530273,
02RH066,2001-07-01,3.0999999046325684,
02RH066,2001-08-01,4.71999979019165,
02RH066,2001-09-01,3.759999990463257,
02RH066,2001-10-01,2.9200000762939453,
02RH066,2001-11-01,5.690000057220459,
02RH066,2001-12-01,8.510000228881836,
02RH066,2002-01-01,3.400000095367432,E
02RH066,2002-02-01,1.9900000095367432,
02RH066,2002-03-01,2.150000095367432,E
02RH066,2002-04-01,2.450000047683716,
02RH066,2002-05-01,7.409999847412109,
02RH066,2002-06-01,23.700000762939453,
02RH066,2002-07-01,3.849999904632568,
02RH066,2002-08-01,3.7899999618530273,
02RH066,2002-09-01,1.5299999713897705,
02RH066,2002-10-01,2.809999942779541,
02RH066,2002-11-01,2.319999933242798,
02RH066,2002-12-01,2.75,E
02RH066,2003-01-01,1.850000023841858,E
02RH066,2003-02-01,0.9480000138282776,
02RH066,2003-03-01,0.6399999856948853,E
02RH066,2003-04-01,2.809999942779541,
02RH066,2003-05-01,14.0,
02RH066,2003-06-01,11.5,
02RH066,2003-07-01,5.0,
02RH066,2003-08-01,6.96999979019165,
02RH066,2003-09-01,3.509999990463257,
02RH066,2003-10-01,3.829999923706055,
02RH066,2003-11-01,15.199999809265137,
02RH066,2003-12-01,6.420000076293945,E
02RH066,2004-01-01,8.170000076293945,E
02RH066,2004-02-01,1.7899999618530271,E
02RH066,2004-03-01,1.3200000524520874,
02RH066,2004-04-01,10.0,
02RH066,2004-05-01,35.79999923706055,
02RH066,2004-06-01,13.5,
02RH066,2004-07-01,13.899999618530272,
02RH066,2004-08-01,5.820000171661377,
02RH066,2004-09-01,8.09000015258789,
02RH066,2004-10-01,3.4800000190734863,
02RH066,2004-11-01,5.909999847412109,
02RH066,2004-12-01,4.010000228881836,
02RH066,2005-01-01,5.019999980926514,E
02RH066,2005-02-01,1.919999957084656,
02RH066,2005-03-01,1.5,E
02RH066,2005-04-01,2.9600000381469727,
02RH066,2005-05-01,23.0,
02RH066,2005-06-01,13.199999809265137,
02RH066,2005-07-01,3.869999885559082,
02RH066,2005-08-01,2.0999999046325684,
02RH066,2005-09-01,28.0,
02RH066,2005-10-01,11.100000381469728,
02RH066,2005-11-01,20.600000381469727,
02RH066,2005-12-01,29.0,
02RH066,2006-01-01,2.970000028610229,E
02RH066,2006-02-01,2.430000066757202,
02RH066,2006-03-01,1.7899999618530271,E
02RH066,2006-04-01,4.920000076293945,
02RH066,2006-05-01,17.600000381469727,
02RH066,2006-06-01,11.5,
02RH066,2006-07-01,8.149999618530273,
02RH066,2006-08-01,4.829999923706055,
02RH066,2006-09-01,3.400000095367432,
02RH066,2006-10-01,15.800000190734863,
02RH066,2006-11-01,13.5,
02RH066,2006-12-01,14.600000381469728,E
02RH066,2007-01-01,3.910000085830689,E
02RH066,2007-02-01,2.4200000762939453,
02RH066,2007-03-01,1.8600000143051147,E
02RH066,2007-04-01,1.690000057220459,
02RH066,2007-05-01,28.200000762939453,
02RH066,2007-06-01,11.100000381469728,
02RH066,2007-07-01,7.650000095367432,
02RH066,2007-08-01,2.819999933242798,
02RH066,2007-09-01,6.829999923706055,
02RH066,2007-10-01,6.239999771118164,
02RH066,2007-11-01,9.850000381469728,
02RH066,2007-12-01,2.930000066757202,
02RH066,2008-01-01,2.359999895095825,
02RH066,2008-02-01,3.190000057220459,
02RH066,2008-03-01,2.369999885559082,
02RH066,2008-04-01,2.0,
02RH066,2008-05-01,36.29999923706055,
02RH066,2008-06-01,17.100000381469727,
02RH066,2008-07-01,27.700000762939453,
02RH066,2008-08-01,5.440000057220459,
02RH066,2008-09-01,3.5299999713897705,
02RH066,2008-10-01,5.96999979019165,
02RH066,2008-11-01,9.289999961853027,
02RH066,2008-12-01,5.300000190734863,
02RH066,2009-01-01,4.599999904632568,
02RH066,2009-02-01,2.400000095367432,
02RH066,2009-03-01,3.799999952316284,
02RH066,2009-04-01,2.8399999141693115,
02RH066,2009-05-01,26.399999618530277,
02RH066,2009-06-01,16.299999237060547,
02RH066,2009-07-01,8.609999656677246,
02RH066,2009-08-01,4.590000152587891,
02RH066,2009-09-01,2.970000028610229,
02RH066,2009-10-01,7.260000228881836,
02RH066,2009-11-01,14.100000381469728,
02RH066,2009-12-01,5.019999980926514,
02RH066,2010-01-01,1.9900000095367432,
02RH066,2010-02-01,2.950000047683716,
02RH066,2010-03-01,1.649999976158142,
02RH066,2010-04-01,3.25,
02RH066,2010-05-01,13.100000381469728,
02RH066,2010-06-01,7.940000057220459,
02RH066,2010-07-01,4.889999866485596,
02RH066,2010-08-01,3.670000076293945,
02RH066,2010-09-01,1.7400000095367432,
02RH066,2010-10-01,58.900001525878906,
02RH066,2010-11-01,9.779999732971191,
02RH066,2010-12-01,5.559999942779541,
02RH066,2011-01-01,4.059999942779541,
02RH066,2011-02-01,2.690000057220459,
02RH066,2011-03-01,2.119999885559082,
02RH066,2011-04-01,1.6799999475479126,
02RH066,2011-05-01,27.100000381469727,
02RH066,2011-06-01,22.399999618530277,
02RH066,2011-07-01,17.600000381469727,
02RH066,2011-08-01,5.480000019073486,
02RH066,2011-09-01,19.200000762939453,
02RH066,2011-10-01,6.849999904632568,
02RH066,2011-11-01,4.300000190734863,
02RH066,2011-12-01,16.399999618530273,
02RH066,2012-01-01,2.690000057220459,B
02RH066,2012-02-01,2.049999952316284,B
02RH066,2012-03-01,1.830000042915344,B
02RH066,2012-04-01,5.099999904632568,B
02RH066,2012-05-01,10.0,
02RH066,2012-06-01,12.300000190734863,
02RH066,2012-07-01,14.199999809265137,
02RH066,2012-08-01,2.380000114440918,
02RH066,2012-09-01,7.949999809265137,
02RH066,2012-10-01,5.0,
02RH066,2012-11-01,13.0,
02RH066,2012-12-01,2.690000057220459,B
02RH066,2013-01-01,2.119999885559082,B
02RH066,2013-02-01,7.489999771118164,B
02RH066,2013-03-01,1.870000004768372,B
02RH066,2013-04-01,2.259999990463257,B
02RH066,2013-05-01,28.600000381469727,
02RH066,2013-06-01,74.30000305175781,
02RH066,2013-07-01,14.0,
02RH066,2013-08-01,2.7799999713897705,
02RH066,2013-09-01,2.890000104904175,
02RH066,2013-10-01,3.039999961853028,
02RH066,2013-11-01,5.699999809265137,
02RH066,2013-12-01,2.9100000858306885,B
02RH066,2014-01-01,1.8799999952316284,B
02RH066,2014-02-01,1.7100000381469729,B
02RH066,2014-03-01,1.3600000143051147,B
02RH066,2014-04-01,1.1699999570846558,B
02RH066,2014-05-01,18.600000381469727,
02RH066,2014-06-01,8.819999694824219,
02RH066,2014-07-01,2.720000028610229,
02RH066,2014-08-01,5.630000114440918,
02RH066,2014-09-01,9.960000038146973,
02RH066,2014-10-01,7.159999847412109,
02RH066,2014-11-01,6.599999904632568,
02RH066,2014-12-01,4.340000152587891,B
02RH066,2015-01-01,2.5999999046325684,B
02RH066,2015-02-01,1.5800000429153442,B
02RH066,2015-03-01,1.2300000190734863,B
02RH066,2015-04-01,1.059999942779541,B
02RH066,2015-05-01,20.799999237060547,
02RH066,2015-06-01,16.299999237060547,
02RH066,2015-07-01,5.25,
02RH066,2015-08-01,6.829999923706055,
02RH066,2015-09-01,2.9800000190734863,
02RH066,2015-10-01,3.5899999141693115,
02RH066,2015-11-01,6.550000190734863,
02RH066,2015-12-01,9.149999618530272,B
02RH066,2016-01-01,3.900000095367432,B
02RH066,2016-02-01,2.1600000858306885,B
02RH066,2016-03-01,2.1700000762939453,B
02RH066,2016-04-01,6.059999942779541,B
02RH066,2016-05-01,7.269999980926514,
02RH066,2016-06-01,36.79999923706055,
02RH066,2016-07-01,12.300000190734863,
02RH066,2016-08-01,6.900000095367432,
02RH066,2016-09-01,3.680000066757202,
02RH066,2016-10-01,3.049999952316284,
02RH066,2016-11-01,6.659999847412109,
02RH066,2016-12-01,6.150000095367432,
02RH066,2017-01-01,3.0299999713897705,B
02RH066,2017-02-01,2.1600000858306885,B
02RH066,2017-03-01,4.329999923706055,B
02RH066,2017-04-01,1.5199999809265137,B
02RH066,2017-05-01,38.5,
02RH066,2017-06-01,13.399999618530272,
02RH066,2017-07-01,4.699999809265137,
02RH066,2017-08-01,2.180000066757202,
02RH066,2017-09-01,6.679999828338623,
02RH066,2017-10-01,3.7699999809265137,
02RH066,2017-11-01,13.0,
02RH066,2017-12-01,4.230000019073486,B
02RH066,2018-01-01,2.039999961853028,B
02RH066,2018-02-01,2.450000047683716,B
02RH066,2018-03-01,3.059999942779541,B
02RH066,2018-04-01,1.809999942779541,B
02RH066,2018-05-01,28.299999237060547,B
02RH066,2018-06-01,17.0,
02RH066,2018-07-01,3.849999904632568,
02RH066,2018-08-01,2.009999990463257,
02RH066,2018-09-01,1.7999999523162842,
02RH066,2018-10-01,4.550000190734863,
02RH066,2018-11-01,4.980000019073486,
02RH066,2018-12-01,3.670000076293945,B
02RH066,2019-01-01,4.139999866485596,B
02RH066,2019-02-01,1.809999942779541,B
02RH066,2019-03-01,1.5399999618530271,B
02RH066,2019-04-01,2.400000095367432,B
02RH066,2019-05-01,14.199999809265137,
02RH066,2019-06-01,33.599998474121094,
02RH066,2019-07-01,16.399999618530273,
02RH066,2019-08-01,2.680000066757202,
02RH066,2019-09-01,2.140000104904175,
02RH066,2019-10-01,8.75,
02RH066,2019-11-01,35.79999923706055,
02RH066,2019-12-01,2.9600000381469727,B
02RH066,2020-01-01,1.899999976158142,B
02RH066,2020-02-01,1.5499999523162842,B
02RH066,2020-03-01,1.4299999475479126,B
02RH066,2020-04-01,2.619999885559082,B
02RH066,2020-05-01,26.700000762939453,
02RH066,2020-06-01,35.79999923706055,
02RH066,2020-07-01,5.650000095367432,
02RH066,2020-08-01,4.920000076293945,
02RH066,2020-09-01,9.720000267028809,
02RH066,2020-10-01,20.899999618530277,
02RH066,2020-11-01,8.600000381469727,
02RH066,2020-12-01,5.559999942779541,B
02RH066,2021-01-01,5.650000095367432,B
02RH066,2021-02-01,2.2100000381469727,B
02RH066,2021-03-01,2.0899999141693115,B
02RH066,2021-04-01,17.899999618530273,B
02RH066,2021-05-01,11.0,
02RH066,2021-06-01,7.130000114440918,
02RH066,2021-07-01,30.600000381469727,
02RH066,2021-08-01,5.46999979019165,
02RH066,2021-09-01,1.5399999618530271,
02RH066,2021-10-01,3.119999885559082,
02RH066,2021-11-01,4.650000095367432,
02RH066,2021-12-01,2.880000114440918,B
02RH066,2022-01-01,2.3299999237060547,B
02RH066,2022-02-01,1.7400000095367432,B
02RH066,2022-03-01,1.5,B
02RH066,2022-04-01,2.0299999713897705,B
02RH066,2022-05-01,15.600000381469728,
02RH066,2022-06-01,21.700000762939453,
02RH066,2022-07-01,13.0,
02RH066,2022-08-01,5.039999961853027,
02RH066,2022-09-01,13.800000190734863,
02RH066,2022-10-01,5.599999904632568,
02RH066,2022-11-01,3.309999942779541,
02RH066,2022-12-01,3.630000114440918,B
02RH066,2023-01-01,3.910000085830689,B
02RH066,2023-02-01,2.3399999141693115,B
02RH066,2023-03-01,1.8799999952316284,B
02RH066,2023-04-01,1.2400000095367432,B
02RH066,2023-05-01,29.399999618530277,
02RH066,2023-06-01,5.46999979019165,
02RH066,2023-07-01,8.109999656677246,
02RH066,2023-08-01,4.960000038146973,
02RH066,2023-09-01,5.079999923706055,
02RH066,2023-10-01,3.150000095367432,
02RH066,2023-11-01,7.510000228881836,
02RH066,2023-12-01,3.150000095367432,B
02RH066,2024-01-01,3.509999990463257,B
02RH066,2024-02-01,1.9299999475479128,B
02RH066,2024-03-01,3.819999933242798,B
02RH066,2024-04-01,3.140000104904175,B
02RH066,2024-05-01,10.899999618530272,
02RH066,2024-06-01,5.420000076293945,
02RH066,2024-07-01,10.0,
02RH066,2024-08-01,3.920000076293945,
02RH066,2024-09-01,2.880000114440918,
02RH066,1996-11-02,,
02RH066,1997-02-02,,
02RH066,1997-03-02,1.840000033378601,
02RH066,1997-04-02,2.009999990463257,
02RH066,1997-05-02,40.70000076293945,
02RH066,1997-06-02,52.0,
02RH066,1997-07-02,9.65999984741211,
02RH066,1997-08-02,3.839999914169312,
02RH066,1997-09-02,4.440000057220459,
02RH066,1997-10-02,15.300000190734863,
02RH066,1997-11-02,8.729999542236328,
02RH066,1997-12-02,2.75,
02RH066,1998-01-02,1.8799999952316284,
02RH066,1998-02-02,1.3700000047683716,
02RH066,1998-03-02,1.8899999856948853,
02RH066,1998-04-02,11.699999809265137,
02RH066,1998-05-02,30.0,
02RH066,1998-06-02,4.96999979019165,
02RH066,1998-07-02,10.899999618530272,
02RH066,1998-08-02,4.190000057220459,
02RH066,1998-09-02,8.010000228881836,
02RH066,1998-10-02,26.899999618530277,
02RH066,1998-11-02,11.699999809265137,
02RH066,1998-12-02,16.0,
02RH066,1999-01-02,3.950000047683716,
02RH066,1999-02-02,2.7699999809265137,
02RH066,1999-03-02,2.190000057220459,
02RH066,1999-04-02,3.2100000381469727,
02RH066,1999-05-02,23.0,
02RH066,1999-06-02,7.949999809265137,
02RH066,1999-07-02,2.9600000381469727,
02RH066,1999-08-02,3.049999952316284,
02RH066,1999-09-02,1.2799999713897705,
02RH066,1999-10-02,4.130000114440918,
02RH066,1999-11-02,13.300000190734863,
02RH066,1999-12-02,15.100000381469728,
02RH066,2000-01-02,4.320000171661377,
02RH066,2000-02-02,1.8799999952316284,
02RH066,2000-03-02,3.4200000762939453,
02RH066,2000-04-02,5.929999828338623,
02RH066,2000-05-02,12.899999618530272,
02RH066,2000-06-02,20.899999618530277,
02RH066,2000-07-02,7.130000114440918,
02RH066,2000-08-02,3.200000047683716,
02RH066,2000-09-02,4.320000171661377,
02RH066,2000-10-02,3.849999904632568,
02RH066,2000-11-02,6.21999979019165,
02RH066,2000-12-02,5.369999885559082,
02RH066,2001-01-02,3.109999895095825,
02RH066,2001-02-02,1.440000057220459,
02RH066,2001-03-02,1.4299999475479126,
02RH066,2001-04-02,1.4900000095367432,
02RH066,2001-05-02,42.5,
02RH066,2001-06-02,12.899999618530272,
02RH066,2001-07-02,7.840000152587891,
02RH066,2001-08-02,4.210000038146973,
02RH066,2001-09-02,3.630000114440918,
02RH066,2001-10-02,3.0,
02RH066,2001-11-02,6.869999885559082,
02RH066,2001-12-02,10.699999809265137,
02RH066,2002-01-02,3.2799999713897705,E
02RH066,2002-02-02,1.9800000190734863,
02RH066,2002-03-02,2.140000104904175,E
02RH066,2002-04-02,2.380000114440918,
02RH066,2002-05-02,7.659999847412109,
02RH066,2002-06-02,27.899999618530277,
02RH066,2002-07-02,3.75,
02RH066,2002-08-02,3.549999952316284,
02RH066,2002-09-02,1.4700000286102295,
02RH066,2002-10-02,2.799999952316284,
02RH066,2002-11-02,2.4800000190734863,
02RH066,2002-12-02,2.680000066757202,E
02RH066,2003-01-02,1.7999999523162842,E
02RH066,2003-02-02,0.9330000281333924,
02RH066,2003-03-02,0.6330000162124634,E
02RH066,2003-04-02,2.549999952316284,
02RH066,2003-05-02,16.299999237060547,
02RH066,2003-06-02,10.800000190734863,
02RH066,2003-07-02,5.0,
02RH066,2003-08-02,5.909999847412109,
02RH066,2003-09-02,3.400000095367432,
02RH066,2003-10-02,3.1700000762939453,
02RH066,2003-11-02,18.5,
02RH066,2003-12-02,5.989999771118164,E
02RH066,2004-01-02,6.880000114440918,E
02RH066,2004-02-02,1.7599999904632568,E
02RH066,2004-03-02,1.399999976158142,
02RH066,2004-04-02,8.989999771118164,
02RH066,2004-05-02,51.79999923706055,
02RH066,2004-06-02,15.899999618530272,
02RH066,2004-07-02,12.399999618530272,
02RH066,2004-08-02,5.179999828338623,
02RH066,2004-09-02,7.130000114440918,
02RH066,2004-10-02,3.319999933242798,
02RH066,2004-11-02,6.489999771118164,
02RH066,2004-12-02,4.519999980926514,
02RH066,2005-01-02,4.53000020980835,E
02RH066,2005-02-02,1.899999976158142,
02RH066,2005-03-02,1.5,E
02RH066,2005-04-02,3.740000009536743,
02RH066,2005-05-02,24.299999237060547,
02RH066,2005-06-02,11.399999618530272,
02RH066,2005-07-02,5.230000019073486,
02RH066,2005-08-02,3.470000028610229,
02RH066,2005-09-02,18.0,
02RH066,2005-10-02,9.0600004196167,
02RH066,2005-11-02,20.100000381469727,
02RH066,2005-12-02,21.399999618530277,
02RH066,2006-01-02,2.930000066757202,E
02RH066,2006-02-02,2.390000104904175,
02RH066,2006-03-02,1.7699999809265137,E
02RH066,2006-04-02,6.840000152587891,
02RH066,2006-05-02,24.299999237060547,
02RH066,2006-06-02,11.100000381469728,
02RH066,2006-07-02,8.199999809265137,
02RH066,2006-08-02,5.070000171661377,
02RH066,2006-09-02,3.220000028610229,
02RH066,2006-10-02,12.300000190734863,
02RH066,2006-11-02,13.699999809265137,
02RH066,2006-12-02,10.899999618530272,E
02RH066,2007-01-02,3.859999895095825,E
02RH066,2007-02-02,2.390000104904175,
02RH066,2007-03-02,1.840000033378601,E
02RH066,2007-04-02,1.659999966621399,
02RH066,2007-05-02,22.899999618530277,
02RH066,2007-06-02,9.5,
02RH066,2007-07-02,7.900000095367432,
02RH066,2007-08-02,6.409999847412109,
02RH066,2007-09-02,5.570000171661377,
02RH066,2007-10-02,5.289999961853027,
02RH066,2007-11-02,9.640000343322754,
02RH066,2007-12-02,2.880000114440918,
02RH066,2008-01-02,2.2799999713897705,
02RH066,2008-02-02,3.130000114440918,
02RH066,2008-03-02,2.319999933242798,
02RH066,2008-04-02,6.769999980926514,
02RH066,2008-05-02,25.5,
02RH066,2008-06-02,20.600000381469727,
02RH066,2008-07-02,20.799999237060547,
02RH066,2008-08-02,6.769999980926514,
02RH066,2008-09-02,3.240000009536743,
02RH066,2008-10-02,7.670000076293945,
02RH066,2008-11-02,7.559999942779541,
02RH066,2008-12-02,5.130000114440918,
02RH066,2009-01-02,4.230000019073486,
02RH066,2009-02-02,2.390000104904175,
02RH066,2009-03-02,3.509999990463257,
02RH066,2009-04-02,3.609999895095825,
02RH066,2009-05-02,35.20000076293945,
02RH066,2009-06-02,12.399999618530272,
02RH066,2009-07-02,6.980000019073486,
02RH066,2009-08-02,3.9600000381469727,
02RH066,2009-09-02,2.819999933242798,
02RH066,2009-10-02,9.390000343322754,
02RH066,2009-11-02,11.5,
02RH066,2009-12-02,4.630000114440918,
02RH066,2010-01-02,1.9600000381469729,
02RH066,2010-02-02,2.7300000190734863,
02RH066,2010-03-02,1.6399999856948853,
02RH066,2010-04-02,5.730000019073486,
02RH066,2010-05-02,22.399999618530277,
02RH066,2010-06-02,8.460000038146973,
02RH066,2010-07-02,4.920000076293945,
02RH066,2010-08-02,3.0999999046325684,
02RH066,2010-09-02,1.7300000190734863,
02RH066,2010-10-02,51.0,
02RH066,2010-11-02,8.520000457763672,
02RH066,2010-12-02,6.920000076293945,
02RH066,2011-01-02,4.670000076293945,
02RH066,2011-02-02,2.6600000858306885,
02RH066,2011-03-02,2.049999952316284,
02RH066,2011-04-02,1.7100000381469729,
02RH066,2011-05-02,28.700000762939453,
02RH066,2011-06-02,23.5,
02RH066,2011-07-02,13.399999618530272,
02RH066,2011-08-02,5.840000152587891,
02RH066,2011-09-02,14.199999809265137,
02RH066,2011-10-02,5.78000020980835,
02RH066,2011-11-02,4.46999979019165,
02RH066,2011-12-02,14.600000381469728,
02RH066,2012-01-02,2.650000095367432,B
02RH066,2012-02-02,2.039999961853028,B
02RH066,2012-03-02,1.830000042915344,B
02RH066,2012-04-02,4.760000228881836,B
02RH066,2012-05-02,12.899999618530272,
02RH066,2012-06-02,9.510000228881836,
02RH066,2012-07-02,9.829999923706056,
02RH066,2012-08-02,2.4800000190734863,
02RH066,2012-09-02,5.159999847412109,
02RH066,2012-10-02,5.619999885559082,
02RH066,2012-11-02,13.0,
02RH066,2012-12-02,2.640000104904175,B
02RH066,2013-01-02,2.0999999046325684,B
02RH066,2013-02-02,6.059999942779541,B
02RH066,2013-03-02,1.8600000143051147,B
02RH066,2013-04-02,2.759999990463257,B
02RH066,2013-05-02,29.700000762939453,
02RH066,2013-06-02,113.0,
02RH066,2013-07-02,9.789999961853027,
02RH066,2013-08-02,2.690000057220459,
02RH066,2013-09-02,2.640000104904175,
02RH066,2013-10-02,2.869999885559082,
02RH066,2013-11-02,13.300000190734863,
02RH066,2013-12-02,2.819999933242798,B
02RH066,2014-01-02,1.8600000143051147,B
02RH066,2014-02-02,1.690000057220459,B
02RH066,2014-03-02,1.350000023841858,B
02RH066,2014-04-02,1.190000057220459,B
02RH066,2014-05-02,27.100000381469727,
02RH066,2014-06-02,7.789999961853027,
02RH066,2014-07-02,2.5999999046325684,
02RH066,2014-08-02,4.590000152587891,
02RH066,2014-09-02,8.789999961853027,
02RH066,2014-10-02,5.78000020980835,
02RH066,2014-11-02,5.980000019073486,
02RH066,2014-12-02,4.150000095367432,B
02RH066,2015-01-02,2.5299999713897705,B
02RH066,2015-02-02,1.559999942779541,B
02RH066,2015-03-02,1.2200000286102295,B
02RH066,2015-04-02,1.0700000524520874,B
02RH066,2015-05-02,21.0,
02RH066,2015-06-02,11.800000190734863,
02RH066,2015-07-02,7.389999866485596,
02RH066,2015-08-02,6.360000133514404,
02RH066,2015-09-02,2.819999933242798,
02RH066,2015-10-02,3.009999990463257,
02RH066,2015-11-02,7.650000095367432,
02RH066,2015-12-02,7.420000076293945,B
02RH066,2016-01-02,3.700000047683716,B
02RH066,2016-02-02,2.8399999141693115,B
02RH066,2016-03-02,2.119999885559082,B
02RH066,2016-04-02,8.930000305175781,B
02RH066,2016-05-02,10.199999809265137,
02RH066,2016-06-02,23.899999618530277,
02RH066,2016-07-02,11.0,
02RH066,2016-08-02,5.940000057220459,
02RH066,2016-09-02,4.070000171661377,
02RH066,2016-10-02,2.900000095367432,
02RH066,2016-11-02,17.0,
02RH066,2016-12-02,5.929999828338623,
02RH066,2017-01-02,3.0,B
02RH066,2017-02-02,2.140000104904175,B
02RH066,2017-03-02,4.159999847412109,B
02RH066,2017-04-02,1.5,B
02RH066,2017-05-02,50.5,
02RH066,2017-06-02,13.0,
02RH066,2017-07-02,6.920000076293945,
02RH066,2017-08-02,2.069999933242798,
02RH066,2017-09-02,7.360000133514404,
02RH066,2017-10-02,3.259999990463257,
02RH066,2017-11-02,10.300000190734863,
02RH066,2017-12-02,3.9700000286102295,B
02RH066,2018-01-02,2.009999990463257,B
02RH066,2018-02-02,2.390000104904175,B
02RH066,2018-03-02,2.930000066757202,B
02RH066,2018-04-02,1.7300000190734863,B
02RH066,2018-05-02,44.400001525878906,B
02RH066,2018-06-02,16.0,
02RH066,2018-07-02,3.660000085830689,
02RH066,2018-08-02,2.0199999809265137,
02RH066,2018-09-02,1.659999966621399,
02RH066,2018-10-02,4.019999980926514,
02RH066,2018-11-02,4.909999847412109,
02RH066,2018-12-02,3.559999942779541,B
02RH066,2019-01-02,3.900000095367432,B
02RH066,2019-02-02,1.7899999618530271,B
02RH066,2019-03-02,1.5199999809265137,B
02RH066,2019-04-02,2.5299999713897705,B
02RH066,2019-05-02,13.199999809265137,
02RH066,2019-06-02,26.100000381469727,
02RH066,2019-07-02,13.899999618530272,
02RH066,2019-08-02,2.369999885559082,
02RH066,2019-09-02,2.069999933242798,
02RH066,2019-10-02,8.100000381469727,
02RH066,2019-11-02,33.599998474121094,
02RH066,2019-12-02,2.8499999046325684,B
02RH066,2020-01-02,1.8799999952316284,B
02RH066,2020-02-02,1.5399999618530271,B
02RH066,2020-03-02,1.4199999570846558,B
02RH066,2020-04-02,2.5199999809265137,B
02RH066,2020-05-02,35.70000076293945,
02RH066,2020-06-02,23.200000762939453,
02RH066,2020-07-02,4.489999771118164,
02RH066,2020-08-02,3.910000085830689,
02RH066,2020-09-02,6.860000133514404,
02RH066,2020-10-02,18.200000762939453,
02RH066,2020-11-02,7.170000076293945,
02RH066,2020-12-02,9.630000114440918,B
02RH066,2021-01-02,5.170000076293945,B
02RH066,2021-02-02,2.200000047683716,B
02RH066,2021-03-02,2.0899999141693115,B
02RH066,2021-04-02,11.899999618530272,B
02RH066,2021-05-02,9.6899995803833,
02RH066,2021-06-02,7.239999771118164,
02RH066,2021-07-02,22.0,
02RH066,2021-08-02,4.889999866485596,
02RH066,2021-09-02,1.6399999856948853,
02RH066,2021-10-02,3.200000047683716,
02RH066,2021-11-02,5.150000095367432,
02RH066,2021-12-02,2.8299999237060547,B
02RH066,2022-01-02,2.299999952316284,B
02RH066,2022-02-02,1.7300000190734863,B
02RH066,2022-03-02,1.4900000095367432,B
02RH066,2022-04-02,2.8499999046325684,B
02RH066,2022-05-02,23.399999618530277,
02RH066,2022-06-02,17.299999237060547,
02RH066,2022-07-02,13.100000381469728,
02RH066,2022-08-02,4.340000152587891,
02RH066,2022-09-02,9.8100004196167,
02RH066,2022-10-02,4.71999979019165,
02RH066,2022-11-02,3.180000066757202,
02RH066,2022-12-02,3.509999990463257,B
02RH066,2023-01-02,3.809999942779541,B
02RH066,2023-02-02,2.309999942779541,B
02RH066,2023-03-02,1.830000042915344,B
02RH066,2023-04-02,1.2400000095367432,B
02RH066,2023-05-02,33.70000076293945,
02RH066,2023-06-02,5.019999980926514,
02RH066,2023-07-02,6.340000152587891,
02RH066,2023-08-02,4.559999942779541,
02RH066,2023-09-02,4.519999980926514,
02RH066,2023-10-02,3.0199999809265137,
02RH066,2023-11-02,6.650000095367432,
02RH066,2023-12-02,3.049999952316284,B
02RH066,2024-01-02,3.380000114440918,B
02RH066,2024-02-02,1.919999957084656,B
02RH066,2024-03-02,4.869999885559082,B
02RH066,2024-04-02,3.009999990463257,B
02RH066,2024-05-02,11.600000381469728,
02RH066,2024-06-02,4.659999847412109,
02RH066,2024-07-02,7.389999866485596,
02RH066,2024-08-02,4.71999979019165,
02RH066,2024-09-02,4.210000038146973,
02RH066,1996-11-03,,
02RH066,1997-02-03,,
02RH066,1997-03-03,2.8399999141693115,
02RH066,1997-04-03,1.940000057220459,
02RH066,1997-05-03,29.899999618530277,
02RH066,1997-06-03,41.29999923706055,
02RH066,1997-07-03,8.329999923706055,
02RH066,1997-08-03,4.880000114440918,
02RH066,1997-09-03,4.920000076293945,
02RH066,1997-10-03,12.199999809265137,
02RH066,1997-11-03,14.100000381469728,
02RH066,1997-12-03,2.7100000381469727,
02RH066,1998-01-03,1.850000023841858,
02RH066,1998-02-03,1.350000023841858,
02RH066,1998-03-03,1.8799999952316284,
02RH066,1998-04-03,10.899999618530272,
02RH066,1998-05-03,41.29999923706055,
02RH066,1998-06-03,5.630000114440918,
02RH066,1998-07-03,6.920000076293945,
02RH066,1998-08-03,5.199999809265137,
02RH066,1998-09-03,6.230000019073486,
02RH066,1998-10-03,23.399999618530277,
02RH066,1998-11-03,10.399999618530272,
02RH066,1998-12-03,11.399999618530272,
02RH066,1999-01-03,3.829999923706055,
02RH066,1999-02-03,2.700000047683716,
02RH066,1999-03-03,2.4100000858306885,
02RH066,1999-04-03,2.5899999141693115,
02RH066,1999-05-03,31.899999618530277,
02RH066,1999-06-03,10.300000190734863,
02RH066,1999-07-03,4.130000114440918,
02RH066,1999-08-03,2.970000028610229,
02RH066,1999-09-03,1.149999976158142,
02RH066,1999-10-03,3.819999933242798,
02RH066,1999-11-03,12.899999618530272,
02RH066,1999-12-03,13.899999618530272,
02RH066,2000-01-03,4.090000152587891,
02RH066,2000-02-03,1.850000023841858,
02RH066,2000-03-03,3.109999895095825,
02RH066,2000-04-03,7.389999866485596,
02RH066,2000-05-03,11.899999618530272,
02RH066,2000-06-03,20.100000381469727,
02RH066,2000-07-03,8.899999618530273,
02RH066,2000-08-03,3.3299999237060547,
02RH066,2000-09-03,4.050000190734863,
02RH066,2000-10-03,3.670000076293945,
02RH066,2000-11-03,6.090000152587891,
02RH066,2000-12-03,6.829999923706055,
02RH066,2001-01-03,2.930000066757202,
02RH066,2001-02-03,1.4199999570846558,
02RH066,2001-03-03,1.3899999856948853,
02RH066,2001-04-03,1.4600000381469729,
02RH066,2001-05-03,57.70000076293945,
02RH066,2001-06-03,13.100000381469728,
02RH066,2001-07-03,12.0,
02RH066,2001-08-03,4.610000133514404,
02RH066,2001-09-03,3.3499999046325684,
02RH066,2001-10-03,2.759999990463257,
02RH066,2001-11-03,11.0,
02RH066,2001-12-03,8.779999732971191,
02RH066,2002-01-03,3.1700000762939453,E
02RH066,2002-02-03,1.9600000381469729,
02RH066,2002-03-03,2.4200000762939453,E
02RH066,2002-04-03,2.3299999237060547,
02RH066,2002-05-03,8.4399995803833,
02RH066,2002-06-03,24.100000381469727,
02RH066,2002-07-03,3.829999923706055,
02RH066,2002-08-03,4.78000020980835,
02RH066,2002-09-03,1.4199999570846558,
02RH066,2002-10-03,2.680000066757202,
02RH066,2002-11-03,2.200000047683716,
02RH066,2002-12-03,2.619999885559082,E
02RH066,2003-01-03,1.75,E
02RH066,2003-02-03,0.9179999828338624,
02RH066,2003-03-03,0.6269999742507935,E
02RH066,2003-04-03,2.3399999141693115,
02RH066,2003-05-03,13.600000381469728,
02RH066,2003-06-03,8.920000076293945,
02RH066,2003-07-03,5.010000228881836,
02RH066,2003-08-03,4.889999866485596,
02RH066,2003-09-03,3.2300000190734863,
02RH066,2003-10-03,3.3499999046325684,
02RH066,2003-11-03,13.300000190734863,
02RH066,2003-12-03,5.619999885559082,E
02RH066,2004-01-03,5.940000057220459,E
02RH066,2004-02-03,1.7300000190734863,E
02RH066,2004-03-03,1.6399999856948853,
02RH066,2004-04-03,8.130000114440918,
02RH066,2004-05-03,53.5,
02RH066,2004-06-03,19.299999237060547,
02RH066,2004-07-03,12.199999809265137,
02RH066,2004-08-03,5.269999980926514,
02RH066,2004-09-03,9.390000343322754,
02RH066,2004-10-03,4.179999828338623,
02RH066,2004-11-03,5.590000152587891,
02RH066,2004-12-03,6.210000038146973,
02RH066,2005-01-03,4.090000152587891,E
02RH066,2005-02-03,1.870000004768372,
02RH066,2005-03-03,1.4900000095367432,E
02RH066,2005-04-03,4.730000019073486,
02RH066,2005-05-03,22.700000762939453,
02RH066,2005-06-03,10.100000381469728,
02RH066,2005-07-03,4.980000019073486,
02RH066,2005-08-03,4.449999809265137,
02RH066,2005-09-03,14.399999618530272,
02RH066,2005-10-03,7.639999866485596,
02RH066,2005-11-03,17.0,
02RH066,2005-12-03,15.899999618530272,
02RH066,2006-01-03,2.890000104904175,E
02RH066,2006-02-03,2.359999895095825,
02RH066,2006-03-03,1.7599999904632568,E
02RH066,2006-04-03,11.199999809265137,
02RH066,2006-05-03,29.600000381469727,
02RH066,2006-06-03,9.550000190734863,
02RH066,2006-07-03,16.600000381469727,
02RH066,2006-08-03,5.659999847412109,
02RH066,2006-09-03,2.880000114440918,
02RH066,2006-10-03,9.899999618530272,
02RH066,2006-11-03,11.0,
02RH066,2006-12-03,8.84000015258789,E
02RH066,2007-01-03,3.7899999618530273,E
02RH066,2007-02-03,2.359999895095825,
02RH066,2007-03-03,1.830000042915344,E
02RH066,2007-04-03,1.659999966621399,
02RH066,2007-05-03,17.799999237060547,
02RH066,2007-06-03,8.039999961853027,
02RH066,2007-07-03,6.659999847412109,
02RH066,2007-08-03,25.600000381469727,
02RH066,2007-09-03,5.130000114440918,
02RH066,2007-10-03,4.699999809265137,
02RH066,2007-11-03,8.239999771118164,
02RH066,2007-12-03,2.8399999141693115,
02RH066,2008-01-03,2.2300000190734863,
02RH066,2008-02-03,3.0799999237060547,
02RH066,2008-03-03,2.2799999713897705,
02RH066,2008-04-03,6.150000095367432,
02RH066,2008-05-03,21.899999618530277,
02RH066,2008-06-03,18.100000381469727,
02RH066,2008-07-03,15.600000381469728,
02RH066,2008-08-03,10.199999809265137,
02RH066,2008-09-03,3.039999961853028,
02RH066,2008-10-03,13.899999618530272,
02RH066,2008-11-03,7.380000114440918,
02RH066,2008-12-03,4.980000019073486,
02RH066,2009-01-03,3.940000057220459,
02RH066,2009-02-03,2.380000114440918,
02RH066,2009-03-03,3.2799999713897705,
02RH066,2009-04-03,4.949999809265137,
02RH066,2009-05-03,26.5,
02RH066,2009-06-03,9.81999969482422,
02RH066,2009-07-03,8.1899995803833,
02RH066,2009-08-03,4.150000095367432,
02RH066,2009-09-03,2.5899999141693115,
02RH066,2009-10-03,7.300000190734863,
02RH066,2009-11-03,8.4399995803833,
02RH066,2009-12-03,4.360000133514404,
02RH066,2010-01-03,1.940000057220459,
02RH066,2010-02-03,2.539999961853028,
02RH066,2010-03-03,1.6399999856948853,
02RH066,2010-04-03,10.600000381469728,
02RH066,2010-05-03,76.69999694824219,
02RH066,2010-06-03,9.65999984741211,
02RH066,2010-07-03,4.289999961853027,
02RH066,2010-08-03,2.950000047683716,
02RH066,2010-09-03,1.7000000476837158,
02RH066,2010-10-03,32.20000076293945,
02RH066,2010-11-03,7.610000133514404,
02RH066,2010-12-03,6.190000057220459,
02RH066,2011-01-03,5.650000095367432,
02RH066,2011-02-03,2.630000114440918,
02RH066,2011-03-03,2.0,
02RH066,2011-04-03,1.7699999809265137,
02RH066,2011-05-03,31.600000381469727,
02RH066,2011-06-03,25.100000381469727,
02RH066,2011-07-03,8.649999618530273,
02RH066,2011-08-03,5.670000076293945,
02RH066,2011-09-03,14.0,
02RH066,2011-10-03,5.010000228881836,
02RH066,2011-11-03,5.21999979019165,
02RH066,2011-12-03,9.170000076293944,
02RH066,2012-01-03,2.609999895095825,B
02RH066,2012-02-03,2.0299999713897705,B
02RH066,2012-03-03,1.8200000524520876,B
02RH066,2012-04-03,4.480000019073486,B
02RH066,2012-05-03,19.0,
02RH066,2012-06-03,9.449999809265137,
02RH066,2012-07-03,7.429999828338623,
02RH066,2012-08-03,2.4600000381469727,
02RH066,2012-09-03,3.930000066757202,
02RH066,2012-10-03,4.460000038146973,
02RH066,2012-11-03,10.600000381469728,
02RH066,2012-12-03,4.0,B
02RH066,2013-01-03,2.0799999237060547,B
02RH066,2013-02-03,5.039999961853027,B
02RH066,2013-03-03,1.850000023841858,B
02RH066,2013-04-03,2.369999885559082,B
02RH066,2013-05-03,26.799999237060547,
02RH066,2013-06-03,77.80000305175781,
02RH066,2013-07-03,7.269999980926514,
02RH066,2013-08-03,3.140000104904175,
02RH066,2013-09-03,4.159999847412109,
02RH066,2013-10-03,2.680000066757202,
02RH066,2013-11-03,10.800000190734863,
02RH066,2013-12-03,2.740000009536743,B
02RH066,2014-01-03,1.840000033378601,B
02RH066,2014-02-03,1.6699999570846558,B
02RH066,2014-03-03,1.340000033378601,B
02RH066,2014-04-03,1.2100000381469729,B
02RH066,2014-05-03,29.899999618530277,
02RH066,2014-06-03,7.820000171661377,
02RH066,2014-07-03,2.650000095367432,
02RH066,2014-08-03,3.660000085830689,
02RH066,2014-09-03,7.849999904632568,
02RH066,2014-10-03,4.75,
02RH066,2014-11-03,5.440000057220459,
02RH066,2014-12-03,3.9800000190734863,B
02RH066,2015-01-03,2.470000028610229,B
02RH066,2015-02-03,1.5399999618530271,B
02RH066,2015-03-03,1.2200000286102295,B
02RH066,2015-04-03,1.0800000429153442,B
02RH066,2015-05-03,21.700000762939453,
02RH066,2015-06-03,11.100000381469728,
02RH066,2015-07-03,10.600000381469728,
02RH066,2015-08-03,6.420000076293945,
02RH066,2015-09-03,3.4100000858306885,
02RH066,2015-10-03,2.6600000858306885,
02RH066,2015-11-03,9.09000015258789,
02RH066,2015-12-03,6.110000133514404,B
02RH066,2016-01-03,3.5199999809265137,B
02RH066,2016-02-03,3.4800000190734863,B
02RH066,2016-03-03,2.0899999141693115,B
02RH066,2016-04-03,11.699999809265137,B
02RH066,2016-05-03,14.699999809265137,
02RH066,2016-06-03,21.100000381469727,
02RH066,2016-07-03,13.399999618530272,
02RH066,2016-08-03,5.28000020980835,
02RH066,2016-09-03,3.740000009536743,
02RH066,2016-10-03,2.75,
02RH066,2016-11-03,20.700000762939453,
02RH066,2016-12-03,5.869999885559082,
02RH066,2017-01-03,2.9600000381469727,B
02RH066,2017-02-03,2.109999895095825,B
02RH066,2017-03-03,3.950000047683716,B
02RH066,2017-04-03,1.4900000095367432,B
02RH066,2017-05-03,57.09999847412109,
02RH066,2017-06-03,11.800000190734863,
02RH066,2017-07-03,7.320000171661377,
02RH066,2017-08-03,2.069999933242798,
02RH066,2017-09-03,5.559999942779541,
02RH066,2017-10-03,2.9600000381469727,
02RH066,2017-11-03,29.0,
02RH066,2017-12-03,3.7300000190734863,B
02RH066,2018-01-03,1.9800000190734863,B
02RH066,2018-02-03,2.3299999237060547,B
02RH066,2018-03-03,2.8299999237060547,B
02RH066,2018-04-03,1.649999976158142,B
02RH066,2018-05-03,48.29999923706055,
02RH066,2018-06-03,12.899999618530272,
02RH066,2018-07-03,4.21999979019165,
02RH066,2018-08-03,2.4200000762939453,
02RH066,2018-09-03,1.6399999856948853,
02RH066,2018-10-03,3.609999895095825,
02RH066,2018-11-03,5.389999866485596,
02RH066,2018-12-03,3.4600000381469727,B
02RH066,2019-01-03,3.690000057220459,B
02RH066,2019-02-03,1.7799999713897705,B
02RH066,2019-03-03,1.5,B
02RH066,2019-04-03,2.7100000381469727,B
02RH066,2019-05-03,15.300000190734863,
02RH066,2019-06-03,34.79999923706055,
02RH066,2019-07-03,12.100000381469728,
02RH066,2019-08-03,2.650000095367432,
02RH066,2019-09-03,1.9700000286102293,
02RH066,2019-10-03,7.400000095367432,
02RH066,2019-11-03,20.700000762939453,
02RH066,2019-12-03,2.75,B
02RH066,2020-01-03,1.870000004768372,B
02RH066,2020-02-03,1.5399999618530271,B
02RH066,2020-03-03,1.4199999570846558,B
02RH066,2020-04-03,3.2100000381469727,B
02RH066,2020-05-03,32.70000076293945,
02RH066,2020-06-03,18.100000381469727,
02RH066,2020-07-03,3.950000047683716,
02RH066,2020-08-03,8.0,
02RH066,2020-09-03,10.399999618530272,
02RH066,2020-10-03,15.899999618530272,
02RH066,2020-11-03,6.820000171661377,
02RH066,2020-12-03,8.920000076293945,B
02RH066,2021-01-03,4.78000020980835,B
02RH066,2021-02-03,2.200000047683716,B
02RH066,2021-03-03,2.0899999141693115,B
02RH066,2021-04-03,8.8100004196167,B
02RH066,2021-05-03,7.989999771118164,
02RH066,2021-06-03,6.730000019073486,
02RH066,2021-07-03,14.0,
02RH066,2021-08-03,4.260000228881836,
02RH066,2021-09-03,1.6399999856948853,
02RH066,2021-10-03,3.119999885559082,
02RH066,2021-11-03,4.630000114440918,
02RH066,2021-12-03,2.789999961853028,B
02RH066,2022-01-03,2.2699999809265137,B
02RH066,2022-02-03,1.7200000286102295,B
02RH066,2022-03-03,1.4800000190734863,B
02RH066,2022-04-03,2.9100000858306885,B
02RH066,2022-05-03,31.600000381469727,
02RH066,2022-06-03,14.899999618530272,
02RH066,2022-07-03,10.399999618530272,
02RH066,2022-08-03,4.079999923706055,
02RH066,2022-09-03,6.730000019073486,
02RH066,2022-10-03,4.21999979019165,
02RH066,2022-11-03,3.049999952316284,
02RH066,2022-12-03,3.390000104904175,B
02RH066,2023-01-03,3.7100000381469727,B
02RH066,2023-02-03,2.2799999713897705,B
02RH066,2023-03-03,1.7799999713897705,B
02RH066,2023-04-03,1.2300000190734863,B
02RH066,2023-05-03,27.600000381469727,
02RH066,2023-06-03,4.71999979019165,
02RH066,2023-07-03,10.300000190734863,
02RH066,2023-08-03,4.119999885559082,
02RH066,2023-09-03,4.199999809265137,
02RH066,2023-10-03,4.25,
02RH066,2023-11-03,6.199999809265137,
02RH066,2023-12-03,2.970000028610229,B
02RH066,2024-01-03,3.259999990463257,B
02RH066,2024-02-03,1.909999966621399,B
02RH066,2024-03-03,4.039999961853027,B
02RH066,2024-04-03,2.9100000858306885,B
02RH066,2024-05-03,11.899999618530272,
02RH066,2024-06-03,4.119999885559082,
02RH066,2024-07-03,5.53000020980835,
02RH066,2024-08-03,3.369999885559082,
02RH066,2024-09-03,4.420000076293945,
02RH066,1996-11-04,,
02RH066,1997-02-04,,
02RH066,1997-03-04,2.650000095367432,
02RH066,1997-04-04,1.8899999856948853,
02RH066,1997-05-04,24.100000381469727,
02RH066,1997-06-04,38.900001525878906,
02RH066,1997-07-04,11.600000381469728,
02RH066,1997-08-04,4.099999904632568,
02RH066,1997-09-04,5.510000228881836,
02RH066,1997-10-04,12.899999618530272,
02RH066,1997-11-04,12.399999618530272,
02RH066,1997-12-04,2.680000066757202,
02RH066,1998-01-04,1.840000033378601,
02RH066,1998-02-04,1.340000033378601,
02RH066,1998-03-04,1.809999942779541,
02RH066,1998-04-04,9.84000015258789,
02RH066,1998-05-04,40.900001525878906,
02RH066,1998-06-04,7.909999847412109,
02RH066,1998-07-04,6.239999771118164,
02RH066,1998-08-04,4.670000076293945,
02RH066,1998-09-04,6.289999961853027,
02RH066,1998-10-04,17.299999237060547,
02RH066,1998-11-04,9.170000076293944,
02RH066,1998-12-04,9.039999961853027,
02RH066,1999-01-04,3.670000076293945,
02RH066,1999-02-04,2.630000114440918,
02RH066,1999-03-04,3.059999942779541,
02RH066,1999-04-04,2.200000047683716,
02RH066,1999-05-04,38.400001525878906,
02RH066,1999-06-04,17.399999618530273,
02RH066,1999-07-04,5.130000114440918,
02RH066,1999-08-04,3.119999885559082,
02RH066,1999-09-04,1.090000033378601,
02RH066,1999-10-04,3.5999999046325684,
02RH066,1999-11-04,12.300000190734863,
02RH066,1999-12-04,8.6899995803833,
02RH066,2000-01-04,3.890000104904175,
02RH066,2000-02-04,1.809999942779541,
02RH066,2000-03-04,2.720000028610229,
02RH066,2000-04-04,8.9399995803833,
02RH066,2000-05-04,16.899999618530273,
02RH066,2000-06-04,18.399999618530277,
02RH066,2000-07-04,8.84000015258789,
02RH066,2000-08-04,3.289999961853028,
02RH066,2000-09-04,3.839999914169312,
02RH066,2000-10-04,3.75,
02RH066,2000-11-04,6.489999771118164,
02RH066,2000-12-04,10.0,
02RH066,2001-01-04,2.819999933242798,
02RH066,2001-02-04,1.399999976158142,
02RH066,2001-03-04,1.3600000143051147,
02RH066,2001-04-04,1.4800000190734863,
02RH066,2001-05-04,64.0,
02RH066,2001-06-04,12.399999618530272,
02RH066,2001-07-04,7.71999979019165,
02RH066,2001-08-04,4.380000114440918,
02RH066,2001-09-04,3.400000095367432,
02RH066,2001-10-04,4.570000171661377,
02RH066,2001-11-04,10.699999809265137,
02RH066,2001-12-04,7.409999847412109,
02RH066,2002-01-04,3.069999933242798,E
02RH066,2002-02-04,1.950000047683716,
02RH066,2002-03-04,2.7100000381469727,E
02RH066,2002-04-04,2.2799999713897705,
02RH066,2002-05-04,9.59000015258789,
02RH066,2002-06-04,18.0,
02RH066,2002-07-04,3.829999923706055,
02RH066,2002-08-04,4.480000019073486,
02RH066,2002-09-04,1.3799999952316284,
02RH066,2002-10-04,2.539999961853028,
02RH066,2002-11-04,2.130000114440918,
02RH066,2002-12-04,2.569999933242798,E
02RH066,2003-01-04,1.7100000381469729,E
02RH066,2003-02-04,0.902999997138977,
02RH066,2003-03-04,0.6200000047683716,E
02RH066,2003-04-04,2.1600000858306885,
02RH066,2003-05-04,12.899999618530272,
02RH066,2003-06-04,7.070000171661377,
02RH066,2003-07-04,6.639999866485596,
02RH066,2003-08-04,4.119999885559082,
02RH066,2003-09-04,3.009999990463257,
02RH066,2003-10-04,3.4200000762939453,
02RH066,2003-11-04,9.210000038146973,
02RH066,2003-12-04,5.320000171661377,E
02RH066,2004-01-04,5.260000228881836,E
02RH066,2004-02-04,1.7000000476837158,E
02RH066,2004-03-04,2.6600000858306885,
02RH066,2004-04-04,7.420000076293945,
02RH066,2004-05-04,54.5,
02RH066,2004-06-04,22.200000762939453,
02RH066,2004-07-04,10.199999809265137,
02RH066,2004-08-04,5.170000076293945,
02RH066,2004-09-04,17.799999237060547,
02RH066,2004-10-04,4.449999809265137,
02RH066,2004-11-04,4.650000095367432,
02RH066,2004-12-04,5.230000019073486,
02RH066,2005-01-04,3.7100000381469727,E
02RH066,2005-02-04,1.850000023841858,
02RH066,2005-03-04,1.4800000190734863,E
02RH066,2005-04-04,5.900000095367432,
02RH066,2005-05-04,20.899999618530277,
02RH066,2005-06-04,9.140000343322754,
02RH066,2005-07-04,4.070000171661377,
02RH066,2005-08-04,3.539999961853028,
02RH066,2005-09-04,12.300000190734863,
02RH066,2005-10-04,6.610000133514404,
02RH066,2005-11-04,13.699999809265137,
02RH066,2005-12-04,12.100000381469728,
02RH066,2006-01-04,2.859999895095825,E
02RH066,2006-02-04,2.319999933242798,
02RH066,2006-03-04,1.7400000095367432,E
02RH066,2006-04-04,8.739999771118164,
02RH066,2006-05-04,38.900001525878906,
02RH066,2006-06-04,8.149999618530273,
02RH066,2006-07-04,12.899999618530272,
02RH066,2006-08-04,4.909999847412109,
02RH066,2006-09-04,2.7699999809265137,
02RH066,2006-10-04,9.789999961853027,
02RH066,2006-11-04,9.3100004196167,
02RH066,2006-12-04,7.690000057220459,E
02RH066,2007-01-04,3.7200000286102295,E
02RH066,2007-02-04,2.3299999237060547,
02RH066,2007-03-04,1.8200000524520876,E
02RH066,2007-04-04,1.7300000190734863,
02RH066,2007-05-04,15.0,
02RH066,2007-06-04,7.079999923706055,
02RH066,2007-07-04,5.579999923706055,
02RH066,2007-08-04,13.300000190734863,
02RH066,2007-09-04,4.53000020980835,
02RH066,2007-10-04,4.369999885559082,
02RH066,2007-11-04,7.269999980926514,
02RH066,2007-12-04,2.799999952316284,
02RH066,2008-01-04,2.2100000381469727,
02RH066,2008-02-04,3.0299999713897705,
02RH066,2008-03-04,2.240000009536743,
02RH066,2008-04-04,5.699999809265137,
02RH066,2008-05-04,26.0,
02RH066,2008-06-04,14.800000190734863,
02RH066,2008-07-04,15.199999809265137,
02RH066,2008-08-04,8.739999771118164,
02RH066,2008-09-04,2.9200000762939453,
02RH066,2008-10-04,12.800000190734863,
02RH066,2008-11-04,6.929999828338623,
02RH066,2008-12-04,4.829999923706055,
02RH066,2009-01-04,3.690000057220459,
02RH066,2009-02-04,2.369999885559082,
02RH066,2009-03-04,3.0899999141693115,
02RH066,2009-04-04,7.119999885559082,
02RH066,2009-05-04,21.600000381469727,
02RH066,2009-06-04,8.489999771118164,
02RH066,2009-07-04,17.799999237060547,
02RH066,2009-08-04,4.389999866485596,
02RH066,2009-09-04,2.799999952316284,
02RH066,2009-10-04,5.960000038146973,
02RH066,2009-11-04,6.860000133514404,
02RH066,2009-12-04,4.170000076293945,
02RH066,2010-01-04,1.919999957084656,
02RH066,2010-02-04,2.390000104904175,
02RH066,2010-03-04,1.6299999952316284,
02RH066,2010-04-04,19.0,
02RH066,2010-05-04,102.0,
02RH066,2010-06-04,7.840000152587891,
02RH066,2010-07-04,3.920000076293945,
02RH066,2010-08-04,2.759999990463257,
02RH066,2010-09-04,2.809999942779541,
02RH066,2010-10-04,22.200000762939453,
02RH066,2010-11-04,7.309999942779541,
02RH066,2010-12-04,5.789999961853027,
02RH066,2011-01-04,5.210000038146973,
02RH066,2011-02-04,2.5999999046325684,
02RH066,2011-03-04,1.950000047683716,
02RH066,2011-04-04,2.150000095367432,
02RH066,2011-05-04,52.400001525878906,
02RH066,2011-06-04,20.5,
02RH066,2011-07-04,6.599999904632568,
02RH066,2011-08-04,4.949999809265137,
02RH066,2011-09-04,13.899999618530272,
02RH066,2011-10-04,4.670000076293945,
02RH066,2011-11-04,5.579999923706055,
02RH066,2011-12-04,7.599999904632568,
02RH066,2012-01-04,2.569999933242798,B
02RH066,2012-02-04,2.0199999809265137,B
02RH066,2012-03-04,1.8200000524520876,B
02RH066,2012-04-04,4.260000228881836,B
02RH066,2012-05-04,23.299999237060547,
02RH066,2012-06-04,8.989999771118164,
02RH066,2012-07-04,6.199999809265137,
02RH066,2012-08-04,2.380000114440918,
02RH066,2012-09-04,3.319999933242798,
02RH066,2012-10-04,3.7300000190734863,
02RH066,2012-11-04,10.5,
02RH066,2012-12-04,3.7300000190734863,B
02RH066,2013-01-04,2.059999942779541,B
02RH066,2013-02-04,4.289999961853027,B
02RH066,2013-03-04,1.850000023841858,B
02RH066,2013-04-04,2.140000104904175,B
02RH066,2013-05-04,24.600000381469727,
02RH066,2013-06-04,42.79999923706055,
02RH066,2013-07-04,5.980000019073486,
02RH066,2013-08-04,2.950000047683716,
02RH066,2013-09-04,4.130000114440918,
02RH066,2013-10-04,2.569999933242798,
02RH066,2013-11-04,7.099999904632568,
02RH066,2013-12-04,2.6700000762939453,B
02RH066,2014-01-04,1.8200000524520876,B
02RH066,2014-02-04,1.649999976158142,B
02RH066,2014-03-04,1.340000033378601,B
02RH066,2014-04-04,1.25,B
02RH066,2014-05-04,29.100000381469727,
02RH066,2014-06-04,7.599999904632568,
02RH066,2014-07-04,2.940000057220459,
02RH066,2014-08-04,3.289999961853028,
02RH066,2014-09-04,8.079999923706055,
02RH066,2014-10-04,4.099999904632568,
02RH066,2014-11-04,5.559999942779541,
02RH066,2014-12-04,3.819999933242798,B
02RH066,2015-01-04,2.4200000762939453,B
02RH066,2015-02-04,1.5299999713897705,B
02RH066,2015-03-04,1.2100000381469729,B
02RH066,2015-04-04,1.090000033378601,B
02RH066,2015-05-04,26.700000762939453,
02RH066,2015-06-04,9.229999542236328,
02RH066,2015-07-04,8.359999656677246,
02RH066,2015-08-04,8.770000457763672,
02RH066,2015-09-04,3.259999990463257,
02RH066,2015-10-04,2.450000047683716,
02RH066,2015-11-04,9.31999969482422,
02RH066,2015-12-04,5.460000038146973,B
02RH066,2016-01-04,3.359999895095825,B
02RH066,2016-02-04,4.079999923706055,B
02RH066,2016-03-04,2.059999942779541,B
02RH066,2016-04-04,10.600000381469728,B
02RH066,2016-05-04,17.0,
02RH066,2016-06-04,21.5,
02RH066,2016-07-04,10.800000190734863,
02RH066,2016-08-04,5.03000020980835,
02RH066,2016-09-04,3.259999990463257,
02RH066,2016-10-04,2.630000114440918,
02RH066,2016-11-04,17.299999237060547,
02RH066,2016-12-04,5.429999828338623,B
02RH066,2017-01-04,2.9200000762939453,B
02RH066,2017-02-04,2.0899999141693115,B
02RH066,2017-03-04,3.7300000190734863,B
02RH066,2017-04-04,1.4800000190734863,B
02RH066,2017-05-04,45.900001525878906,
02RH066,2017-06-04,13.0,
02RH066,2017-07-04,6.579999923706055,
02RH066,2017-08-04,2.390000104904175,
02RH066,2017-09-04,5.090000152587891,
02RH066,2017-10-04,2.9200000762939453,
02RH066,2017-11-04,31.799999237060547,
02RH066,2017-12-04,3.5199999809265137,B
02RH066,2018-01-04,1.950000047683716,B
02RH066,2018-02-04,2.2799999713897705,B
02RH066,2018-03-04,2.7300000190734863,B
02RH066,2018-04-04,1.590000033378601,B
02RH066,2018-05-04,40.09999847412109,
02RH066,2018-06-04,10.399999618530272,
02RH066,2018-07-04,4.079999923706055,
02RH066,2018-08-04,5.269999980926514,
02RH066,2018-09-04,1.7100000381469729,
02RH066,2018-10-04,3.2699999809265137,
02RH066,2018-11-04,7.78000020980835,
02RH066,2018-12-04,3.3499999046325684,B
02RH066,2019-01-04,3.5,B
02RH066,2019-02-04,1.7699999809265137,B
02RH066,2019-03-04,1.4900000095367432,B
02RH066,2019-04-04,2.630000114440918,B
02RH066,2019-05-04,19.399999618530277,
02RH066,2019-06-04,30.899999618530277,
02RH066,2019-07-04,9.3100004196167,
02RH066,2019-08-04,5.980000019073486,
02RH066,2019-09-04,2.990000009536743,
02RH066,2019-10-04,6.559999942779541,
02RH066,2019-11-04,14.0,
02RH066,2019-12-04,2.6600000858306885,B
02RH066,2020-01-04,1.850000023841858,B
02RH066,2020-02-04,1.5299999713897705,B
02RH066,2020-03-04,1.4199999570846558,B
02RH066,2020-04-04,4.070000171661377,B
02RH066,2020-05-04,32.900001525878906,
02RH066,2020-06-04,16.200000762939453,
02RH066,2020-07-04,3.400000095367432,
02RH066,2020-08-04,10.699999809265137,
02RH066,2020-09-04,7.949999809265137,
02RH066,2020-10-04,12.100000381469728,
02RH066,2020-11-04,7.710000038146973,
02RH066,2020-12-04,7.260000228881836,B
02RH066,2021-01-04,4.440000057220459,B
02RH066,2021-02-04,2.190000057220459,B
02RH066,2021-03-04,2.0799999237060547,B
02RH066,2021-04-04,7.050000190734863,B
02RH066,2021-05-04,7.019999980926514,
02RH066,2021-06-04,6.389999866485596,
02RH066,2021-07-04,9.93000030517578,
02RH066,2021-08-04,4.119999885559082,
02RH066,2021-09-04,1.5700000524520874,
02RH066,2021-10-04,2.8399999141693115,
02RH066,2021-11-04,4.110000133514404,
02RH066,2021-12-04,2.759999990463257,B
02RH066,2022-01-04,2.25,B
02RH066,2022-02-04,1.7100000381469729,B
02RH066,2022-03-04,1.4800000190734863,B
02RH066,2022-04-04,2.7300000190734863,B
02RH066,2022-05-04,41.59999847412109,
02RH066,2022-06-04,15.600000381469728,
02RH066,2022-07-04,8.699999809265137,
02RH066,2022-08-04,4.679999828338623,
02RH066,2022-09-04,5.21999979019165,
02RH066,2022-10-04,3.910000085830689,
02RH066,2022-11-04,2.9600000381469727,
02RH066,2022-12-04,3.9700000286102295,B
02RH066,2023-01-04,3.630000114440918,B
02RH066,2023-02-04,2.25,B
02RH066,2023-03-04,1.7300000190734863,B
02RH066,2023-04-04,1.2300000190734863,B
02RH066,2023-05-04,21.399999618530277,
02RH066,2023-06-04,4.309999942779541,
02RH066,2023-07-04,7.440000057220459,
02RH066,2023-08-04,4.619999885559082,
02RH066,2023-09-04,3.9700000286102295,
02RH066,2023-10-04,5.260000228881836,
02RH066,2023-11-04,6.949999809265137,
02RH066,2023-12-04,2.890000104904175,B
02RH066,2024-01-04,3.140000104904175,B
02RH066,2024-02-04,1.899999976158142,B
02RH066,2024-03-04,3.609999895095825,B
02RH066,2024-04-04,2.8299999237060547,B
02RH066,2024-05-04,13.0,
02RH066,2024-06-04,3.740000009536743,
02RH066,2024-07-04,4.78000020980835,
02RH066,2024-08-04,3.4800000190734863,
02RH066,2024-09-04,3.700000047683716,
02RH066,1996-11-05,,
02RH066,1997-02-05,,
02RH066,1997-03-05,2.4800000190734863,
02RH066,1997-04-05,1.8600000143051147,
02RH066,1997-05-05,19.899999618530277,
02RH066,1997-06-05,35.599998474121094,
02RH066,1997-07-05,16.299999237060547,
02RH066,1997-08-05,3.450000047683716,
02RH066,1997-09-05,5.21999979019165,
02RH066,1997-10-05,16.700000762939453,
02RH066,1997-11-05,9.18000030517578,
02RH066,1997-12-05,2.640000104904175,
02RH066,1998-01-05,1.8200000524520876,
02RH066,1998-02-05,1.3200000524520874,
02RH066,1998-03-05,1.6399999856948853,
02RH066,1998-04-05,8.979999542236328,
02RH066,1998-05-05,40.70000076293945,
02RH066,1998-06-05,33.0,
02RH066,1998-07-05,8.680000305175781,
02RH066,1998-08-05,3.859999895095825,
02RH066,1998-09-05,6.710000038146973,
02RH066,1998-10-05,13.399999618530272,
02RH066,1998-11-05,8.279999732971191,
02RH066,1998-12-05,8.010000228881836,
02RH066,1999-01-05,3.549999952316284,
02RH066,1999-02-05,2.5899999141693115,
02RH066,1999-03-05,2.940000057220459,
02RH066,1999-04-05,2.9800000190734863,
02RH066,1999-05-05,43.5,
02RH066,1999-06-05,14.699999809265137,
02RH066,1999-07-05,4.71999979019165,
02RH066,1999-08-05,3.0999999046325684,
02RH066,1999-09-05,1.1100000143051147,
02RH066,1999-10-05,3.3399999141693115,
02RH066,1999-11-05,9.800000190734863,
02RH066,1999-12-05,7.460000038146973,
02RH066,2000-01-05,3.75,
02RH066,2000-02-05,1.7899999618530271,
02RH066,2000-03-05,2.509999990463257,
02RH066,2000-04-05,10.899999618530272,
02RH066,2000-05-05,34.599998474121094,
02RH066,2000-06-05,14.800000190734863,
02RH066,2000-07-05,7.929999828338623,
02RH066,2000-08-05,3.190000057220459,
02RH066,2000-09-05,3.660000085830689,
02RH066,2000-10-05,3.680000066757202,
02RH066,2000-11-05,7.619999885559082,
02RH066,2000-12-05,10.100000381469728,
02RH066,2001-01-05,2.720000028610229,
02RH066,2001-02-05,1.3899999856948853,
02RH066,2001-03-05,1.3300000429153442,
02RH066,2001-04-05,1.5499999523162842,
02RH066,2001-05-05,50.09999847412109,
02RH066,2001-06-05,20.600000381469727,
02RH066,2001-07-05,5.679999828338623,
02RH066,2001-08-05,3.7899999618530273,
02RH066,2001-09-05,4.090000152587891,
02RH066,2001-10-05,5.639999866485596,
02RH066,2001-11-05,8.739999771118164,
02RH066,2001-12-05,6.590000152587891,
02RH066,2002-01-05,2.9800000190734863,E
02RH066,2002-02-05,1.9299999475479128,
02RH066,2002-03-05,2.630000114440918,E
02RH066,2002-04-05,2.25,
02RH066,2002-05-05,8.069999694824219,
02RH066,2002-06-05,18.399999618530277,
02RH066,2002-07-05,4.380000114440918,
02RH066,2002-08-05,3.759999990463257,
02RH066,2002-09-05,1.399999976158142,
02RH066,2002-10-05,2.5799999237060547,
02RH066,2002-11-05,2.3399999141693115,
02RH066,2002-12-05,2.5199999809265137,E
02RH066,2003-01-05,1.659999966621399,E
02RH066,2003-02-05,0.8889999985694885,
02RH066,2003-03-05,0.6129999756813049,E
02RH066,2003-04-05,2.009999990463257,
02RH066,2003-05-05,13.0,
02RH066,2003-06-05,5.940000057220459,
02RH066,2003-07-05,5.619999885559082,
02RH066,2003-08-05,4.159999847412109,
02RH066,2003-09-05,3.200000047683716,
02RH066,2003-10-05,4.039999961853027,
02RH066,2003-11-05,8.319999694824219,
02RH066,2003-12-05,5.059999942779541,E
02RH066,2004-01-05,4.760000228881836,E
02RH066,2004-02-05,1.6799999475479126,E
02RH066,2004-03-05,2.009999990463257,
02RH066,2004-04-05,6.829999923706055,
02RH066,2004-05-05,35.70000076293945,
02RH066,2004-06-05,17.899999618530273,
02RH066,2004-07-05,8.470000267028809,
02RH066,2004-08-05,5.070000171661377,
02RH066,2004-09-05,14.300000190734863,
02RH066,2004-10-05,4.210000038146973,
02RH066,2004-11-05,4.599999904632568,
02RH066,2004-12-05,4.730000019073486,
02RH066,2005-01-05,3.390000104904175,E
02RH066,2005-02-05,1.830000042915344,
02RH066,2005-03-05,1.4800000190734863,E
02RH066,2005-04-05,7.190000057220459,
02RH066,2005-05-05,19.600000381469727,
02RH066,2005-06-05,8.140000343322754,
02RH066,2005-07-05,3.849999904632568,
02RH066,2005-08-05,2.940000057220459,
02RH066,2005-09-05,8.600000381469727,
02RH066,2005-10-05,5.989999771118164,
02RH066,2005-11-05,11.600000381469728,
02RH066,2005-12-05,10.699999809265137,
02RH066,2006-01-05,2.8299999237060547,E
02RH066,2006-02-05,2.289999961853028,
02RH066,2006-03-05,1.7300000190734863,E
02RH066,2006-04-05,7.119999885559082,
02RH066,2006-05-05,55.70000076293945,
02RH066,2006-06-05,7.099999904632568,
02RH066,2006-07-05,9.5600004196167,
02RH066,2006-08-05,4.639999866485596,
02RH066,2006-09-05,2.8499999046325684,
02RH066,2006-10-05,26.0,
02RH066,2006-11-05,8.359999656677246,
02RH066,2006-12-05,7.239999771118164,E
02RH066,2007-01-05,4.28000020980835,E
02RH066,2007-02-05,2.309999942779541,
02RH066,2007-03-05,1.809999942779541,E
02RH066,2007-04-05,1.7699999809265137,
02RH066,2007-05-05,15.100000381469728,
02RH066,2007-06-05,12.800000190734863,
02RH066,2007-07-05,5.550000190734863,
02RH066,2007-08-05,8.140000343322754,
02RH066,2007-09-05,4.079999923706055,
02RH066,2007-10-05,4.070000171661377,
02RH066,2007-11-05,6.550000190734863,
02RH066,2007-12-05,2.759999990463257,
02RH066,2008-01-05,2.220000028610229,
02RH066,2008-02-05,2.990000009536743,
02RH066,2008-03-05,2.2100000381469727,
02RH066,2008-04-05,5.420000076293945,
02RH066,2008-05-05,32.70000076293945,
02RH066,2008-06-05,12.100000381469728,
02RH066,2008-07-05,14.399999618530272,
02RH066,2008-08-05,6.809999942779541,
02RH066,2008-09-05,2.9800000190734863,
02RH066,2008-10-05,12.399999618530272,
02RH066,2008-11-05,7.989999771118164,
02RH066,2008-12-05,4.699999809265137,
02RH066,2009-01-05,3.490000009536743,
02RH066,2009-02-05,2.359999895095825,
02RH066,2009-03-05,2.9200000762939453,
02RH066,2009-04-05,10.5,
02RH066,2009-05-05,19.200000762939453,
02RH066,2009-06-05,7.650000095367432,
02RH066,2009-07-05,30.0,
02RH066,2009-08-05,6.730000019073486,
02RH066,2009-09-05,2.789999961853028,
02RH066,2009-10-05,5.46999979019165,
02RH066,2009-11-05,5.510000228881836,
02RH066,2009-12-05,3.990000009536743,
02RH066,2010-01-05,1.899999976158142,
02RH066,2010-02-05,2.2699999809265137,
02RH066,2010-03-05,1.6299999952316284,
02RH066,2010-04-05,23.100000381469727,
02RH066,2010-05-05,72.0999984741211,
02RH066,2010-06-05,6.769999980926514,
02RH066,2010-07-05,3.910000085830689,
02RH066,2010-08-05,2.859999895095825,
02RH066,2010-09-05,3.799999952316284,
02RH066,2010-10-05,16.600000381469727,
02RH066,2010-11-05,8.380000114440918,
02RH066,2010-12-05,5.550000190734863,
02RH066,2011-01-05,4.849999904632568,
02RH066,2011-02-05,2.569999933242798,
02RH066,2011-03-05,1.919999957084656,
02RH066,2011-04-05,2.970000028610229,
02RH066,2011-05-05,58.20000076293945,
02RH066,2011-06-05,15.800000190734863,
02RH066,2011-07-05,5.320000171661377,
02RH066,2011-08-05,4.559999942779541,
02RH066,2011-09-05,19.100000381469727,
02RH066,2011-10-05,4.590000152587891,
02RH066,2011-11-05,5.090000152587891,
02RH066,2011-12-05,6.539999961853027,
02RH066,2012-01-05,2.539999961853028,B
02RH066,2012-02-05,2.009999990463257,B
02RH066,2012-03-05,1.809999942779541,B
02RH066,2012-04-05,4.079999923706055,B
02RH066,2012-05-05,26.200000762939453,
02RH066,2012-06-05,7.820000171661377,
02RH066,2012-07-05,6.010000228881836,
02RH066,2012-08-05,2.259999990463257,
02RH066,2012-09-05,2.990000009536743,
02RH066,2012-10-05,3.4800000190734863,
02RH066,2012-11-05,8.930000305175781,
02RH066,2012-12-05,6.420000076293945,B
02RH066,2013-01-05,2.039999961853028,B
02RH066,2013-02-05,3.7300000190734863,B
02RH066,2013-03-05,1.840000033378601,B
02RH066,2013-04-05,2.0,B
02RH066,2013-05-05,22.899999618530277,
02RH066,2013-06-05,26.399999618530277,
02RH066,2013-07-05,5.190000057220459,
02RH066,2013-08-05,4.380000114440918,
02RH066,2013-09-05,3.950000047683716,
02RH066,2013-10-05,2.430000066757202,
02RH066,2013-11-05,6.329999923706055,
02RH066,2013-12-05,2.609999895095825,B
02RH066,2014-01-05,1.7999999523162842,B
02RH066,2014-02-05,1.6399999856948853,B
02RH066,2014-03-05,1.3300000429153442,B
02RH066,2014-04-05,1.309999942779541,B
02RH066,2014-05-05,28.899999618530277,
02RH066,2014-06-05,7.690000057220459,
02RH066,2014-07-05,2.569999933242798,
02RH066,2014-08-05,2.970000028610229,
02RH066,2014-09-05,10.600000381469728,
02RH066,2014-10-05,4.300000190734863,
02RH066,2014-11-05,8.010000228881836,
02RH066,2014-12-05,3.680000066757202,B
02RH066,2015-01-05,2.359999895095825,B
02RH066,2015-02-05,1.5099999904632568,B
02RH066,2015-03-05,1.2000000476837158,B
02RH066,2015-04-05,1.100000023841858,B
02RH066,2015-05-05,49.09999847412109,
02RH066,2015-06-05,7.769999980926514,
02RH066,2015-07-05,6.190000057220459,
02RH066,2015-08-05,7.78000020980835,
02RH066,2015-09-05,2.789999961853028,
02RH066,2015-10-05,2.319999933242798,
02RH066,2015-11-05,9.020000457763672,
02RH066,2015-12-05,4.960000038146973,B
02RH066,2016-01-05,3.200000047683716,B
02RH066,2016-02-05,4.019999980926514,B
02RH066,2016-03-05,2.049999952316284,B
02RH066,2016-04-05,9.5,B
02RH066,2016-05-05,21.600000381469727,
02RH066,2016-06-05,17.600000381469727,
02RH066,2016-07-05,12.300000190734863,
02RH066,2016-08-05,5.429999828338623,
02RH066,2016-09-05,2.869999885559082,
02RH066,2016-10-05,2.559999942779541,
02RH066,2016-11-05,13.399999618530272,
02RH066,2016-12-05,5.25,B
02RH066,2017-01-05,2.890000104904175,B
02RH066,2017-02-05,2.059999942779541,B
02RH066,2017-03-05,3.5299999713897705,B
02RH066,2017-04-05,1.6699999570846558,B
02RH066,2017-05-05,37.59999847412109,
02RH066,2017-06-05,14.899999618530272,
02RH066,2017-07-05,5.840000152587891,
02RH066,2017-08-05,2.400000095367432,
02RH066,2017-09-05,7.489999771118164,
02RH066,2017-10-05,7.0,
02RH066,2017-11-05,20.899999618530277,
02RH066,2017-12-05,3.7699999809265137,B
02RH066,2018-01-05,1.9299999475479128,B
02RH066,2018-02-05,2.240000009536743,B
02RH066,2018-03-05,2.640000104904175,B
02RH066,2018-04-05,1.5299999713897705,B
02RH066,2018-05-05,63.900001525878906,
02RH066,2018-06-05,10.399999618530272,
02RH066,2018-07-05,3.5199999809265137,
02RH066,2018-08-05,16.5,
02RH066,2018-09-05,1.6399999856948853,
02RH066,2018-10-05,2.9800000190734863,
02RH066,2018-11-05,7.019999980926514,
02RH066,2018-12-05,3.259999990463257,B
02RH066,2019-01-05,3.3299999237060547,B
02RH066,2019-02-05,3.0999999046325684,B
02RH066,2019-03-05,1.4800000190734863,B
02RH066,2019-04-05,2.1600000858306885,B
02RH066,2019-05-05,26.799999237060547,
02RH066,2019-06-05,24.799999237060547,
02RH066,2019-07-05,7.21999979019165,
02RH066,2019-08-05,4.860000133514404,
02RH066,2019-09-05,8.579999923706055,
02RH066,2019-10-05,5.840000152587891,
02RH066,2019-11-05,11.300000190734863,
02RH066,2019-12-05,2.569999933242798,B
02RH066,2020-01-05,1.840000033378601,B
02RH066,2020-02-05,1.5299999713897705,B
02RH066,2020-03-05,1.409999966621399,B
02RH066,2020-04-05,5.170000076293945,B
02RH066,2020-05-05,29.700000762939453,
02RH066,2020-06-05,15.699999809265137,
02RH066,2020-07-05,2.9600000381469727,
02RH066,2020-08-05,19.600000381469727,
02RH066,2020-09-05,5.900000095367432,
02RH066,2020-10-05,9.729999542236328,
02RH066,2020-11-05,8.119999885559082,
02RH066,2020-12-05,5.75,B
02RH066,2021-01-05,4.159999847412109,B
02RH066,2021-02-05,2.190000057220459,B
02RH066,2021-03-05,2.0799999237060547,B
02RH066,2021-04-05,5.880000114440918,B
02RH066,2021-05-05,9.960000038146973,
02RH066,2021-06-05,6.480000019073486,
02RH066,2021-07-05,7.699999809265137,
02RH066,2021-08-05,3.5799999237060547,
02RH066,2021-09-05,1.5099999904632568,
02RH066,2021-10-05,2.5899999141693115,
02RH066,2021-11-05,3.670000076293945,
02RH066,2021-12-05,2.7300000190734863,B
02RH066,2022-01-05,2.220000028610229,B
02RH066,2022-02-05,1.7000000476837158,B
02RH066,2022-03-05,1.4700000286102295,B
02RH066,2022-04-05,2.5999999046325684,B
02RH066,2022-05-05,36.59999847412109,
02RH066,2022-06-05,26.5,
02RH066,2022-07-05,7.730000019073486,
02RH066,2022-08-05,7.03000020980835,
02RH066,2022-09-05,4.489999771118164,
02RH066,2022-10-05,3.680000066757202,
02RH066,2022-11-05,2.900000095367432,
02RH066,2022-12-05,3.7799999713897705,B
02RH066,2023-01-05,3.549999952316284,B
02RH066,2023-02-05,2.2300000190734863,B
02RH066,2023-03-05,1.690000057220459,B
02RH066,2023-04-05,1.2300000190734863,B
02RH066,2023-05-05,18.0,
02RH066,2023-06-05,3.990000009536743,
02RH066,2023-07-05,5.670000076293945,
02RH066,2023-08-05,4.739999771118164,
02RH066,2023-09-05,3.75,
02RH066,2023-10-05,4.409999847412109,
02RH066,2023-11-05,6.659999847412109,
02RH066,2023-12-05,2.809999942779541,B
02RH066,2024-01-05,3.0199999809265137,B
02RH066,2024-02-05,1.899999976158142,B
02RH066,2024-03-05,3.9600000381469727,B
02RH066,2024-04-05,2.759999990463257,B
02RH066,2024-05-05,14.699999809265137,
02RH066,2024-06-05,3.490000009536743,
02RH066,2024-07-05,4.349999904632568,
02RH066,2024-08-05,2.430000066757202,
02RH066,2024-09-05,3.069999933242798,
02RH066,1996-11-06,,
02RH066,1997-02-06,,
02RH066,1997-03-06,2.3299999237060547,
02RH066,1997-04-06,2.759999990463257,
02RH066,1997-05-06,19.899999618530277,
02RH066,1997-06-06,33.5,
02RH066,1997-07-06,13.199999809265137,
02RH066,1997-08-06,3.039999961853028,
02RH066,1997-09-06,4.409999847412109,
02RH066,1997-10-06,20.5,
02RH066,1997-11-06,7.550000190734863,
02RH066,1997-12-06,2.5899999141693115,
02RH066,1998-01-06,1.7999999523162842,
02RH066,1998-02-06,1.309999942779541,
02RH066,1998-03-06,1.559999942779541,
02RH066,1998-04-06,8.0,
02RH066,1998-05-06,47.20000076293945,
02RH066,1998-06-06,43.900001525878906,
02RH066,1998-07-06,7.190000057220459,
02RH066,1998-08-06,3.3499999046325684,
02RH066,1998-09-06,6.320000171661377,
02RH066,1998-10-06,11.100000381469728,
02RH066,1998-11-06,7.71999979019165,
02RH066,1998-12-06,8.430000305175781,
02RH066,1999-01-06,3.440000057220459,
02RH066,1999-02-06,2.5299999713897705,
02RH066,1999-03-06,2.650000095367432,
02RH066,1999-04-06,3.890000104904175,
02RH066,1999-05-06,48.20000076293945,
02RH066,1999-06-06,14.800000190734863,
02RH066,1999-07-06,4.570000171661377,
02RH066,1999-08-06,3.990000009536743,
02RH066,1999-09-06,1.0499999523162842,
02RH066,1999-10-06,3.490000009536743,
02RH066,1999-11-06,8.739999771118164,
02RH066,1999-12-06,22.200000762939453,
02RH066,2000-01-06,3.5999999046325684,
02RH066,2000-02-06,1.75,
02RH066,2000-03-06,2.2300000190734863,
02RH066,2000-04-06,8.479999542236328,
02RH066,2000-05-06,33.20000076293945,
02RH066,2000-06-06,12.100000381469728,
02RH066,2000-07-06,9.8100004196167,
02RH066,2000-08-06,3.049999952316284,
02RH066,2000-09-06,3.7899999618530273,
02RH066,2000-10-06,3.5999999046325684,
02RH066,2000-11-06,8.8100004196167,
02RH066,2000-12-06,8.25,
02RH066,2001-01-06,2.630000114440918,
02RH066,2001-02-06,1.3899999856948853,
02RH066,2001-03-06,1.309999942779541,
02RH066,2001-04-06,1.6699999570846558,
02RH066,2001-05-06,30.100000381469727,
02RH066,2001-06-06,42.29999923706055,
02RH066,2001-07-06,4.579999923706055,
02RH066,2001-08-06,3.4600000381469727,
02RH066,2001-09-06,3.569999933242798,
02RH066,2001-10-06,13.300000190734863,
02RH066,2001-11-06,7.309999942779541,
02RH066,2001-12-06,8.430000305175781,
02RH066,2002-01-06,2.890000104904175,E
02RH066,2002-02-06,1.919999957084656,
02RH066,2002-03-06,2.549999952316284,E
02RH066,2002-04-06,2.2100000381469727,
02RH066,2002-05-06,9.399999618530272,
02RH066,2002-06-06,25.899999618530277,
02RH066,2002-07-06,4.610000133514404,
02RH066,2002-08-06,3.7799999713897705,
02RH066,2002-09-06,1.4299999475479126,
02RH066,2002-10-06,2.6600000858306885,
02RH066,2002-11-06,2.5799999237060547,
02RH066,2002-12-06,2.470000028610229,E
02RH066,2003-01-06,1.6200000047683716,E
02RH066,2003-02-06,0.875,
02RH066,2003-03-06,0.6069999933242798,E
02RH066,2003-04-06,1.8899999856948853,
02RH066,2003-05-06,13.399999618530272,
02RH066,2003-06-06,5.230000019073486,
02RH066,2003-07-06,4.460000038146973,
02RH066,2003-08-06,4.599999904632568,
02RH066,2003-09-06,3.369999885559082,
02RH066,2003-10-06,4.960000038146973,
02RH066,2003-11-06,8.670000076293945,
02RH066,2003-12-06,4.849999904632568,E
02RH066,2004-01-06,4.400000095367432,E
02RH066,2004-02-06,1.659999966621399,E
02RH066,2004-03-06,1.659999966621399,
02RH066,2004-04-06,6.329999923706055,
02RH066,2004-05-06,25.100000381469727,
02RH066,2004-06-06,13.899999618530272,
02RH066,2004-07-06,11.699999809265137,
02RH066,2004-08-06,5.03000020980835,
02RH066,2004-09-06,9.3100004196167,
02RH066,2004-10-06,4.190000057220459,
02RH066,2004-11-06,4.239999771118164,
02RH066,2004-12-06,4.329999923706055,
02RH066,2005-01-06,3.109999895095825,E
02RH066,2005-02-06,1.7999999523162842,
02RH066,2005-03-06,1.4700000286102295,E
02RH066,2005-04-06,8.420000076293945,
02RH066,2005-05-06,21.600000381469727,
02RH066,2005-06-06,7.949999809265137,
02RH066,2005-07-06,6.570000171661377,
02RH066,2005-08-06,2.569999933242798,
02RH066,2005-09-06,6.21999979019165,
02RH066,2005-10-06,5.53000020980835,
02RH066,2005-11-06,10.800000190734863,
02RH066,2005-12-06,9.539999961853027,
02RH066,2006-01-06,2.799999952316284,E
02RH066,2006-02-06,2.259999990463257,
02RH066,2006-03-06,1.7100000381469729,E
02RH066,2006-04-06,6.070000171661377,
02RH066,2006-05-06,50.70000076293945,
02RH066,2006-06-06,6.429999828338623,
02RH066,2006-07-06,7.630000114440918,
02RH066,2006-08-06,4.079999923706055,
02RH066,2006-09-06,2.8299999237060547,
02RH066,2006-10-06,19.899999618530277,
02RH066,2006-11-06,7.809999942779541,
02RH066,2006-12-06,6.860000133514404,E
02RH066,2007-01-06,6.010000228881836,E
02RH066,2007-02-06,2.2799999713897705,
02RH066,2007-03-06,1.7999999523162842,E
02RH066,2007-04-06,1.809999942779541,
02RH066,2007-05-06,12.800000190734863,
02RH066,2007-06-06,18.200000762939453,
02RH066,2007-07-06,6.039999961853027,
02RH066,2007-08-06,5.829999923706055,
02RH066,2007-09-06,3.920000076293945,
02RH066,2007-10-06,3.799999952316284,
02RH066,2007-11-06,6.210000038146973,
02RH066,2007-12-06,2.7300000190734863,
02RH066,2008-01-06,2.619999885559082,
02RH066,2008-02-06,2.950000047683716,
02RH066,2008-03-06,2.180000066757202,
02RH066,2008-04-06,5.940000057220459,
02RH066,2008-05-06,35.400001525878906,
02RH066,2008-06-06,10.399999618530272,
02RH066,2008-07-06,11.100000381469728,
02RH066,2008-08-06,5.5,
02RH066,2008-09-06,3.130000114440918,
02RH066,2008-10-06,10.5,
02RH066,2008-11-06,8.6899995803833,
02RH066,2008-12-06,4.590000152587891,
02RH066,2009-01-06,3.3299999237060547,
02RH066,2009-02-06,2.3499999046325684,
02RH066,2009-03-06,2.789999961853028,
02RH066,2009-04-06,10.399999618530272,
02RH066,2009-05-06,19.0,
02RH066,2009-06-06,6.800000190734863,
02RH066,2009-07-06,19.600000381469727,
02RH066,2009-08-06,5.210000038146973,
02RH066,2009-09-06,2.559999942779541,
02RH066,2009-10-06,7.659999847412109,
02RH066,2009-11-06,5.400000095367432,
02RH066,2009-12-06,3.819999933242798,
02RH066,2010-01-06,1.8799999952316284,
02RH066,2010-02-06,2.180000066757202,
02RH066,2010-03-06,1.6200000047683716,
02RH066,2010-04-06,40.5,
02RH066,2010-05-06,52.59999847412109,
02RH066,2010-06-06,8.699999809265137,
02RH066,2010-07-06,4.039999961853027,
02RH066,2010-08-06,6.809999942779541,
02RH066,2010-09-06,3.640000104904175,
02RH066,2010-10-06,13.199999809265137,
02RH066,2010-11-06,10.800000190734863,
02RH066,2010-12-06,5.369999885559082,
02RH066,2011-01-06,4.550000190734863,
02RH066,2011-02-06,2.539999961853028,
02RH066,2011-03-06,1.8899999856948853,
02RH066,2011-04-06,3.920000076293945,
02RH066,2011-05-06,41.5,
02RH066,2011-06-06,13.199999809265137,
02RH066,2011-07-06,5.110000133514404,
02RH066,2011-08-06,7.0,
02RH066,2011-09-06,21.899999618530277,
02RH066,2011-10-06,4.5,
02RH066,2011-11-06,4.590000152587891,
02RH066,2011-12-06,7.389999866485596,
02RH066,2012-01-06,2.5,B
02RH066,2012-02-06,2.0,B
02RH066,2012-03-06,1.809999942779541,B
02RH066,2012-04-06,3.940000057220459,B
02RH066,2012-05-06,20.0,
02RH066,2012-06-06,6.840000152587891,
02RH066,2012-07-06,5.78000020980835,
02RH066,2012-08-06,3.309999942779541,
02RH066,2012-09-06,2.75,
02RH066,2012-10-06,3.490000009536743,
02RH066,2012-11-06,6.869999885559082,B
02RH066,2012-12-06,6.320000171661377,B
02RH066,2013-01-06,2.0299999713897705,B
02RH066,2013-02-06,3.319999933242798,B
02RH066,2013-03-06,1.840000033378601,B
02RH066,2013-04-06,1.919999957084656,B
02RH066,2013-05-06,22.200000762939453,
02RH066,2013-06-06,18.299999237060547,
02RH066,2013-07-06,4.53000020980835,
02RH066,2013-08-06,4.610000133514404,
02RH066,2013-09-06,3.390000104904175,
02RH066,2013-10-06,2.3399999141693115,
02RH066,2013-11-06,5.059999942779541,
02RH066,2013-12-06,3.009999990463257,B
02RH066,2014-01-06,1.7899999618530271,B
02RH066,2014-02-06,1.6200000047683716,B
02RH066,2014-03-06,1.3200000524520874,B
02RH066,2014-04-06,1.3700000047683716,B
02RH066,2014-05-06,26.5,
02RH066,2014-06-06,8.640000343322754,
02RH066,2014-07-06,2.2799999713897705,
02RH066,2014-08-06,2.680000066757202,
02RH066,2014-09-06,11.199999809265137,
02RH066,2014-10-06,6.039999961853027,
02RH066,2014-11-06,9.710000038146973,
02RH066,2014-12-06,3.559999942779541,B
02RH066,2015-01-06,2.319999933242798,B
02RH066,2015-02-06,1.4900000095367432,B
02RH066,2015-03-06,1.190000057220459,B
02RH066,2015-04-06,1.1200000047683716,B
02RH066,2015-05-06,36.70000076293945,
02RH066,2015-06-06,7.21999979019165,
02RH066,2015-07-06,5.090000152587891,
02RH066,2015-08-06,7.400000095367432,
02RH066,2015-09-06,2.430000066757202,
02RH066,2015-10-06,2.190000057220459,
02RH066,2015-11-06,8.25,
02RH066,2015-12-06,4.559999942779541,B
02RH066,2016-01-06,3.059999942779541,B
02RH066,2016-02-06,3.7799999713897705,B
02RH066,2016-03-06,2.039999961853028,B
02RH066,2016-04-06,8.600000381469727,B
02RH066,2016-05-06,25.0,
02RH066,2016-06-06,16.5,
02RH066,2016-07-06,17.299999237060547,
02RH066,2016-08-06,5.599999904632568,
02RH066,2016-09-06,2.5999999046325684,
02RH066,2016-10-06,2.490000009536743,
02RH066,2016-11-06,10.899999618530272,
02RH066,2016-12-06,5.090000152587891,B
02RH066,2017-01-06,2.859999895095825,B
02RH066,2017-02-06,2.039999961853028,B
02RH066,2017-03-06,3.369999885559082,B
02RH066,2017-04-06,1.9900000095367432,B
02RH066,2017-05-06,38.0,
02RH066,2017-06-06,11.300000190734863,
02RH066,2017-07-06,4.829999923706055,
02RH066,2017-08-06,3.4800000190734863,
02RH066,2017-09-06,9.8100004196167,
02RH066,2017-10-06,6.610000133514404,
02RH066,2017-11-06,23.200000762939453,
02RH066,2017-12-06,4.449999809265137,B
02RH066,2018-01-06,1.899999976158142,B
02RH066,2018-02-06,2.190000057220459,B
02RH066,2018-03-06,2.559999942779541,B
02RH066,2018-04-06,1.4700000286102295,B
02RH066,2018-05-06,55.20000076293945,
02RH066,2018-06-06,9.93000030517578,
02RH066,2018-07-06,11.699999809265137,
02RH066,2018-08-06,8.989999771118164,
02RH066,2018-09-06,6.579999923706055,
02RH066,2018-10-06,2.819999933242798,
02RH066,2018-11-06,6.440000057220459,
02RH066,2018-12-06,3.1700000762939453,B
02RH066,2019-01-06,3.180000066757202,B
02RH066,2019-02-06,3.3399999141693115,B
02RH066,2019-03-06,1.4600000381469729,B
02RH066,2019-04-06,2.25,B
02RH066,2019-05-06,32.29999923706055,
02RH066,2019-06-06,21.299999237060547,
02RH066,2019-07-06,8.720000267028809,
02RH066,2019-08-06,3.559999942779541,
02RH066,2019-09-06,6.429999828338623,
02RH066,2019-10-06,5.349999904632568,
02RH066,2019-11-06,11.0,
02RH066,2019-12-06,2.5,B
02RH066,2020-01-06,1.8200000524520876,B
02RH066,2020-02-06,1.5199999809265137,B
02RH066,2020-03-06,1.409999966621399,B
02RH066,2020-04-06,6.699999809265137,B
02RH066,2020-05-06,23.600000381469727,
02RH066,2020-06-06,16.799999237060547,
02RH066,2020-07-06,2.700000047683716,
02RH066,2020-08-06,20.600000381469727,
02RH066,2020-09-06,5.300000190734863,
02RH066,2020-10-06,8.630000114440918,
02RH066,2020-11-06,7.210000038146973,
02RH066,2020-12-06,5.46999979019165,B
02RH066,2021-01-06,3.920000076293945,B
02RH066,2021-02-06,2.190000057220459,B
02RH066,2021-03-06,2.0799999237060547,B
02RH066,2021-04-06,5.670000076293945,B
02RH066,2021-05-06,27.899999618530277,
02RH066,2021-06-06,6.96999979019165,
02RH066,2021-07-06,6.460000038146973,
02RH066,2021-08-06,3.130000114440918,
02RH066,2021-09-06,1.690000057220459,
02RH066,2021-10-06,2.369999885559082,
02RH066,2021-11-06,3.470000028610229,
02RH066,2021-12-06,2.9100000858306885,B
02RH066,2022-01-06,2.190000057220459,B
02RH066,2022-02-06,1.690000057220459,B
02RH066,2022-03-06,1.4700000286102295,B
02RH066,2022-04-06,2.5,B
02RH066,2022-05-06,26.700000762939453,
02RH066,2022-06-06,28.100000381469727,
02RH066,2022-07-06,9.619999885559082,
02RH066,2022-08-06,5.53000020980835,
02RH066,2022-09-06,3.880000114440918,
02RH066,2022-10-06,3.5,
02RH066,2022-11-06,2.859999895095825,
02RH066,2022-12-06,3.650000095367432,B
02RH066,2023-01-06,3.470000028610229,B
02RH066,2023-02-06,2.200000047683716,B
02RH066,2023-03-06,1.6399999856948853,B
02RH066,2023-04-06,1.2200000286102295,B
02RH066,2023-05-06,17.899999618530273,
02RH066,2023-06-06,3.940000057220459,
02RH066,2023-07-06,4.760000228881836,
02RH066,2023-08-06,4.639999866485596,
02RH066,2023-09-06,3.509999990463257,
02RH066,2023-10-06,3.7300000190734863,
02RH066,2023-11-06,5.829999923706055,
02RH066,2023-12-06,2.75,B
02RH066,2024-01-06,2.9100000858306885,B
02RH066,2024-02-06,1.8899999856948853,B
02RH066,2024-03-06,6.110000133514404,B
02RH066,2024-04-06,2.690000057220459,B
02RH066,2024-05-06,17.299999237060547,
02RH066,2024-06-06,3.450000047683716,
02RH066,2024-07-06,4.0,
02RH066,2024-08-06,2.059999942779541,
02RH066,2024-09-06,2.559999942779541,
02RH066,1996-11-07,,
02RH066,1997-02-07,2.0299999713897705,
02RH066,1997-03-07,2.1600000858306885,
02RH066,1997-04-07,5.0,
02RH066,1997-05-07,22.899999618530277,
02RH066,1997-06-07,28.0,
02RH066,1997-07-07,9.68000030517578,
02RH066,1997-08-07,2.8399999141693115,
02RH066,1997-09-07,4.150000095367432,
02RH066,1997-10-07,14.800000190734863,
02RH066,1997-11-07,6.380000114440918,
02RH066,1997-12-07,2.569999933242798,
02RH066,1998-01-07,1.7699999809265137,
02RH066,1998-02-07,1.2999999523162842,
02RH066,1998-03-07,1.4700000286102295,
02RH066,1998-04-07,7.429999828338623,
02RH066,1998-05-07,45.70000076293945,
02RH066,1998-06-07,42.0,
02RH066,1998-07-07,5.360000133514404,
02RH066,1998-08-07,3.0899999141693115,
02RH066,1998-09-07,5.380000114440918,
02RH066,1998-10-07,9.420000076293944,
02RH066,1998-11-07,7.260000228881836,
02RH066,1998-12-07,10.600000381469728,
02RH066,1999-01-07,3.3399999141693115,
02RH066,1999-02-07,2.4800000190734863,
02RH066,1999-03-07,2.3399999141693115,
02RH066,1999-04-07,4.539999961853027,
02RH066,1999-05-07,55.29999923706055,
02RH066,1999-06-07,17.100000381469727,
02RH066,1999-07-07,4.550000190734863,
02RH066,1999-08-07,3.900000095367432,
02RH066,1999-09-07,1.3700000047683716,
02RH066,1999-10-07,3.440000057220459,
02RH066,1999-11-07,7.78000020980835,
02RH066,1999-12-07,20.799999237060547,
02RH066,2000-01-07,3.4600000381469727,
02RH066,2000-02-07,1.7200000286102295,
02RH066,2000-03-07,2.0299999713897705,
02RH066,2000-04-07,6.960000038146973,
02RH066,2000-05-07,46.29999923706055,
02RH066,2000-06-07,10.600000381469728,
02RH066,2000-07-07,10.100000381469728,
02RH066,2000-08-07,2.759999990463257,
02RH066,2000-09-07,3.509999990463257,
02RH066,2000-10-07,3.819999933242798,
02RH066,2000-11-07,8.770000457763672,
02RH066,2000-12-07,7.150000095367432,
02RH066,2001-01-07,2.549999952316284,
02RH066,2001-02-07,1.5299999713897705,
02RH066,2001-03-07,1.2799999713897705,
02RH066,2001-04-07,1.7899999618530271,
02RH066,2001-05-07,22.399999618530277,
02RH066,2001-06-07,32.900001525878906,
02RH066,2001-07-07,4.639999866485596,
02RH066,2001-08-07,3.3299999237060547,
02RH066,2001-09-07,3.049999952316284,
02RH066,2001-10-07,22.299999237060547,
02RH066,2001-11-07,6.400000095367432,
02RH066,2001-12-07,11.899999618530272,
02RH066,2002-01-07,2.819999933242798,E
02RH066,2002-02-07,1.909999966621399,
02RH066,2002-03-07,2.4800000190734863,E
02RH066,2002-04-07,2.400000095367432,
02RH066,2002-05-07,16.0,
02RH066,2002-06-07,18.5,
02RH066,2002-07-07,5.349999904632568,
02RH066,2002-08-07,6.53000020980835,
02RH066,2002-09-07,1.4900000095367432,
02RH066,2002-10-07,2.75,
02RH066,2002-11-07,2.490000009536743,
02RH066,2002-12-07,2.430000066757202,E
02RH066,2003-01-07,1.5800000429153442,E
02RH066,2003-02-07,0.8619999885559082,
02RH066,2003-03-07,0.6010000109672546,E
02RH066,2003-04-07,1.7899999618530271,
02RH066,2003-05-07,15.199999809265137,
02RH066,2003-06-07,4.71999979019165,
02RH066,2003-07-07,3.5299999713897705,
02RH066,2003-08-07,6.510000228881836,
02RH066,2003-09-07,3.150000095367432,
02RH066,2003-10-07,4.449999809265137,
02RH066,2003-11-07,7.71999979019165,
02RH066,2003-12-07,4.659999847412109,E
02RH066,2004-01-07,4.130000114440918,E
02RH066,2004-02-07,1.6299999952316284,E
02RH066,2004-03-07,1.4600000381469729,
02RH066,2004-04-07,5.900000095367432,
02RH066,2004-05-07,23.799999237060547,
02RH066,2004-06-07,12.300000190734863,
02RH066,2004-07-07,11.100000381469728,
02RH066,2004-08-07,4.46999979019165,
02RH066,2004-09-07,6.769999980926514,
02RH066,2004-10-07,4.909999847412109,
02RH066,2004-11-07,4.079999923706055,
02RH066,2004-12-07,4.0,
02RH066,2005-01-07,2.880000114440918,E
02RH066,2005-02-07,1.7799999713897705,
02RH066,2005-03-07,1.4700000286102295,E
02RH066,2005-04-07,8.329999923706055,
02RH066,2005-05-07,26.5,
02RH066,2005-06-07,11.600000381469728,
02RH066,2005-07-07,5.800000190734863,
02RH066,2005-08-07,2.1700000762939453,
02RH066,2005-09-07,4.800000190734863,
02RH066,2005-10-07,5.550000190734863,
02RH066,2005-11-07,12.699999809265137,
02RH066,2005-12-07,8.579999923706055,
02RH066,2006-01-07,2.7699999809265137,E
02RH066,2006-02-07,2.2300000190734863,
02RH066,2006-03-07,1.7000000476837158,E
02RH066,2006-04-07,5.409999847412109,
02RH066,2006-05-07,35.599998474121094,
02RH066,2006-06-07,5.949999809265137,
02RH066,2006-07-07,6.650000095367432,
02RH066,2006-08-07,3.759999990463257,
02RH066,2006-09-07,2.650000095367432,
02RH066,2006-10-07,14.199999809265137,
02RH066,2006-11-07,7.920000076293945,
02RH066,2006-12-07,6.539999961853027,E
02RH066,2007-01-07,8.479999542236328,E
02RH066,2007-02-07,2.25,
02RH066,2007-03-07,1.7899999618530271,E
02RH066,2007-04-07,1.850000023841858,
02RH066,2007-05-07,14.600000381469728,
02RH066,2007-06-07,14.300000190734863,
02RH066,2007-07-07,5.639999866485596,
02RH066,2007-08-07,4.829999923706055,
02RH066,2007-09-07,4.03000020980835,
02RH066,2007-10-07,3.650000095367432,
02RH066,2007-11-07,5.920000076293945,
02RH066,2007-12-07,2.700000047683716,
02RH066,2008-01-07,3.759999990463257,
02RH066,2008-02-07,2.9100000858306885,
02RH066,2008-03-07,2.150000095367432,
02RH066,2008-04-07,6.789999961853027,
02RH066,2008-05-07,36.0,
02RH066,2008-06-07,9.65999984741211,
02RH066,2008-07-07,8.960000038146973,
02RH066,2008-08-07,4.699999809265137,
02RH066,2008-09-07,3.619999885559082,
02RH066,2008-10-07,8.630000114440918,
02RH066,2008-11-07,7.78000020980835,
02RH066,2008-12-07,4.480000019073486,
02RH066,2009-01-07,3.190000057220459,
02RH066,2009-02-07,2.3399999141693115,
02RH066,2009-03-07,2.680000066757202,
02RH066,2009-04-07,10.100000381469728,
02RH066,2009-05-07,19.399999618530277,
02RH066,2009-06-07,6.190000057220459,
02RH066,2009-07-07,15.600000381469728,
02RH066,2009-08-07,6.090000152587891,
02RH066,2009-09-07,2.450000047683716,
02RH066,2009-10-07,9.949999809265137,
02RH066,2009-11-07,5.590000152587891,
02RH066,2009-12-07,3.670000076293945,
02RH066,2010-01-07,1.8600000143051147,
02RH066,2010-02-07,2.130000114440918,
02RH066,2010-03-07,1.6200000047683716,
02RH066,2010-04-07,36.79999923706055,
02RH066,2010-05-07,50.29999923706055,
02RH066,2010-06-07,9.050000190734863,
02RH066,2010-07-07,3.5899999141693115,
02RH066,2010-08-07,5.769999980926514,
02RH066,2010-09-07,2.9800000190734863,
02RH066,2010-10-07,12.899999618530272,
02RH066,2010-11-07,8.729999542236328,
02RH066,2010-12-07,5.809999942779541,
02RH066,2011-01-07,4.289999961853027,
02RH066,2011-02-07,2.509999990463257,
02RH066,2011-03-07,1.870000004768372,
02RH066,2011-04-07,3.7100000381469727,
02RH066,2011-05-07,34.70000076293945,
02RH066,2011-06-07,11.5,
02RH066,2011-07-07,9.8100004196167,
02RH066,2011-08-07,22.200000762939453,
02RH066,2011-09-07,18.899999618530277,
02RH066,2011-10-07,4.239999771118164,
02RH066,2011-11-07,4.480000019073486,
02RH066,2011-12-07,6.230000019073486,
02RH066,2012-01-07,2.470000028610229,B
02RH066,2012-02-07,1.9900000095367432,B
02RH066,2012-03-07,1.809999942779541,B
02RH066,2012-04-07,3.829999923706055,B
02RH066,2012-05-07,15.800000190734863,
02RH066,2012-06-07,6.21999979019165,
02RH066,2012-07-07,5.150000095367432,
02RH066,2012-08-07,3.920000076293945,
02RH066,2012-09-07,2.819999933242798,
02RH066,2012-10-07,4.199999809265137,
02RH066,2012-11-07,5.760000228881836,B
02RH066,2012-12-07,5.130000114440918,B
02RH066,2013-01-07,2.009999990463257,B
02RH066,2013-02-07,3.0,B
02RH066,2013-03-07,1.830000042915344,B
02RH066,2013-04-07,1.850000023841858,B
02RH066,2013-05-07,21.0,
02RH066,2013-06-07,14.300000190734863,
02RH066,2013-07-07,4.289999961853027,
02RH066,2013-08-07,3.559999942779541,
02RH066,2013-09-07,2.9600000381469727,
02RH066,2013-10-07,2.5999999046325684,
02RH066,2013-11-07,5.489999771118164,
02RH066,2013-12-07,3.1700000762939453,B
02RH066,2014-01-07,1.7699999809265137,B
02RH066,2014-02-07,1.600000023841858,B
02RH066,2014-03-07,1.3200000524520874,B
02RH066,2014-04-07,1.4500000476837158,B
02RH066,2014-05-07,22.5,
02RH066,2014-06-07,7.519999980926514,
02RH066,2014-07-07,2.890000104904175,
02RH066,2014-08-07,2.430000066757202,
02RH066,2014-09-07,10.5,
02RH066,2014-10-07,5.610000133514404,
02RH066,2014-11-07,8.300000190734863,
02RH066,2014-12-07,3.440000057220459,B
02RH066,2015-01-07,2.2699999809265137,B
02RH066,2015-02-07,1.4800000190734863,B
02RH066,2015-03-07,1.190000057220459,B
02RH066,2015-04-07,1.1299999952316284,B
02RH066,2015-05-07,24.600000381469727,
02RH066,2015-06-07,6.400000095367432,
02RH066,2015-07-07,4.269999980926514,
02RH066,2015-08-07,6.710000038146973,
02RH066,2015-09-07,2.5199999809265137,
02RH066,2015-10-07,2.140000104904175,
02RH066,2015-11-07,11.899999618530272,
02RH066,2015-12-07,4.25,B
02RH066,2016-01-07,2.940000057220459,B
02RH066,2016-02-07,3.450000047683716,B
02RH066,2016-03-07,2.0899999141693115,B
02RH066,2016-04-07,7.860000133514404,B
02RH066,2016-05-07,34.099998474121094,
02RH066,2016-06-07,18.0,
02RH066,2016-07-07,15.0,
02RH066,2016-08-07,7.010000228881836,
02RH066,2016-09-07,2.4100000858306885,
02RH066,2016-10-07,2.4600000381469727,
02RH066,2016-11-07,8.880000114440918,
02RH066,2016-12-07,4.929999828338623,B
02RH066,2017-01-07,2.819999933242798,B
02RH066,2017-02-07,2.0199999809265137,B
02RH066,2017-03-07,3.849999904632568,B
02RH066,2017-04-07,2.509999990463257,B
02RH066,2017-05-07,48.5,
02RH066,2017-06-07,8.859999656677246,
02RH066,2017-07-07,7.650000095367432,
02RH066,2017-08-07,4.349999904632568,
02RH066,2017-09-07,9.0,
02RH066,2017-10-07,5.179999828338623,
02RH066,2017-11-07,24.399999618530277,
02RH066,2017-12-07,4.159999847412109,B
02RH066,2018-01-07,1.870000004768372,B
02RH066,2018-02-07,2.1600000858306885,B
02RH066,2018-03-07,2.490000009536743,B
02RH066,2018-04-07,1.4199999570846558,B
02RH066,2018-05-07,42.79999923706055,
02RH066,2018-06-07,8.579999923706055,
02RH066,2018-07-07,9.800000190734863,
02RH066,2018-08-07,6.320000171661377,
02RH066,2018-09-07,6.78000020980835,
02RH066,2018-10-07,2.940000057220459,
02RH066,2018-11-07,16.600000381469727,
02RH066,2018-12-07,3.0799999237060547,B
02RH066,2019-01-07,3.039999961853028,B
02RH066,2019-02-07,3.5799999237060547,B
02RH066,2019-03-07,1.4500000476837158,B
02RH066,2019-04-07,2.220000028610229,B
02RH066,2019-05-07,44.0,
02RH066,2019-06-07,18.5,
02RH066,2019-07-07,10.5,
02RH066,2019-08-07,2.950000047683716,
02RH066,2019-09-07,4.489999771118164,
02RH066,2019-10-07,5.03000020980835,
02RH066,2019-11-07,9.199999809265137,
02RH066,2019-12-07,2.440000057220459,B
02RH066,2020-01-07,1.809999942779541,B
02RH066,2020-02-07,1.5199999809265137,B
02RH066,2020-03-07,1.409999966621399,B
02RH066,2020-04-07,5.71999979019165,B
02RH066,2020-05-07,22.0,
02RH066,2020-06-07,19.100000381469727,
02RH066,2020-07-07,2.5,
02RH066,2020-08-07,13.0,
02RH066,2020-09-07,4.710000038146973,
02RH066,2020-10-07,8.449999809265137,
02RH066,2020-11-07,7.840000152587891,
02RH066,2020-12-07,5.210000038146973,B
02RH066,2021-01-07,3.7200000286102295,B
02RH066,2021-02-07,2.180000066757202,B
02RH066,2021-03-07,2.069999933242798,B
02RH066,2021-04-07,8.5600004196167,B
02RH066,2021-05-07,24.299999237060547,
02RH066,2021-06-07,6.289999961853027,
02RH066,2021-07-07,6.289999961853027,
02RH066,2021-08-07,2.880000114440918,
02RH066,2021-09-07,2.049999952316284,
02RH066,2021-10-07,2.25,
02RH066,2021-11-07,3.3399999141693115,
02RH066,2021-12-07,3.630000114440918,B
02RH066,2022-01-07,2.1700000762939453,B
02RH066,2022-02-07,1.6799999475479126,B
02RH066,2022-03-07,1.4600000381469729,B
02RH066,2022-04-07,2.4100000858306885,B
02RH066,2022-05-07,20.799999237060547,
02RH066,2022-06-07,21.399999618530277,
02RH066,2022-07-07,9.970000267028809,
02RH066,2022-08-07,4.420000076293945,
02RH066,2022-09-07,3.430000066757202,
02RH066,2022-10-07,3.380000114440918,
02RH066,2022-11-07,2.819999933242798,
02RH066,2022-12-07,4.0,B
02RH066,2023-01-07,3.400000095367432,B
02RH066,2023-02-07,2.180000066757202,B
02RH066,2023-03-07,1.600000023841858,B
02RH066,2023-04-07,2.1700000762939453,B
02RH066,2023-05-07,20.200000762939453,
02RH066,2023-06-07,9.630000114440918,
02RH066,2023-07-07,3.849999904632568,
02RH066,2023-08-07,4.340000152587891,
02RH066,2023-09-07,3.619999885559082,
02RH066,2023-10-07,3.359999895095825,
02RH066,2023-11-07,5.71999979019165,B
02RH066,2023-12-07,2.690000057220459,B
02RH066,2024-01-07,2.809999942779541,B
02RH066,2024-02-07,1.8799999952316284,B
02RH066,2024-03-07,5.320000171661377,B
02RH066,2024-04-07,2.640000104904175,B
02RH066,2024-05-07,18.0,
02RH066,2024-06-07,3.539999961853028,
02RH066,2024-07-07,3.880000114440918,
02RH066,2024-08-07,1.870000004768372,
02RH066,2024-09-07,2.259999990463257,
02RH066,1996-11-08,,
02RH066,1997-02-08,1.9900000095367432,
02RH066,1997-03-08,2.039999961853028,
02RH066,1997-04-08,10.0,
02RH066,1997-05-08,18.200000762939453,
02RH066,1997-06-08,28.399999618530277,
02RH066,1997-07-08,7.670000076293945,
02RH066,1997-08-08,3.049999952316284,
02RH066,1997-09-08,3.990000009536743,
02RH066,1997-10-08,10.899999618530272,
02RH066,1997-11-08,5.659999847412109,
02RH066,1997-12-08,2.5299999713897705,
02RH066,1998-01-08,1.7599999904632568,
02RH066,1998-02-08,1.2899999618530271,
02RH066,1998-03-08,1.399999976158142,
02RH066,1998-04-08,7.130000114440918,
02RH066,1998-05-08,37.09999847412109,
02RH066,1998-06-08,32.0,
02RH066,1998-07-08,4.380000114440918,
02RH066,1998-08-08,2.7799999713897705,
02RH066,1998-09-08,4.96999979019165,
02RH066,1998-10-08,9.130000114440918,
02RH066,1998-11-08,6.670000076293945,
02RH066,1998-12-08,17.299999237060547,
02RH066,1999-01-08,3.220000028610229,
02RH066,1999-02-08,2.450000047683716,
02RH066,1999-03-08,2.119999885559082,
02RH066,1999-04-08,5.920000076293945,
02RH066,1999-05-08,63.79999923706055,
02RH066,1999-06-08,13.199999809265137,
02RH066,1999-07-08,3.799999952316284,
02RH066,1999-08-08,3.400000095367432,
02RH066,1999-09-08,3.190000057220459,
02RH066,1999-10-08,3.700000047683716,
02RH066,1999-11-08,6.610000133514404,
02RH066,1999-12-08,14.5,
02RH066,2000-01-08,3.3499999046325684,
02RH066,2000-02-08,1.6699999570846558,
02RH066,2000-03-08,1.850000023841858,
02RH066,2000-04-08,5.300000190734863,
02RH066,2000-05-08,77.30000305175781,
02RH066,2000-06-08,9.640000343322754,
02RH066,2000-07-08,8.34000015258789,
02RH066,2000-08-08,2.9800000190734863,
02RH066,2000-09-08,3.289999961853028,
02RH066,2000-10-08,3.819999933242798,
02RH066,2000-11-08,8.59000015258789,
02RH066,2000-12-08,6.110000133514404,
02RH066,2001-01-08,2.450000047683716,
02RH066,2001-02-08,1.7799999713897705,
02RH066,2001-03-08,1.2699999809265137,
02RH066,2001-04-08,2.150000095367432,
02RH066,2001-05-08,23.100000381469727,
02RH066,2001-06-08,19.600000381469727,
02RH066,2001-07-08,5.079999923706055,
02RH066,2001-08-08,3.049999952316284,
02RH066,2001-09-08,2.700000047683716,
02RH066,2001-10-08,14.699999809265137,
02RH066,2001-11-08,5.320000171661377,
02RH066,2001-12-08,11.0,
02RH066,2002-01-08,2.759999990463257,E
02RH066,2002-02-08,1.899999976158142,
02RH066,2002-03-08,2.4200000762939453,E
02RH066,2002-04-08,2.700000047683716,
02RH066,2002-05-08,27.5,
02RH066,2002-06-08,13.300000190734863,
02RH066,2002-07-08,4.849999904632568,
02RH066,2002-08-08,6.710000038146973,
02RH066,2002-09-08,1.5299999713897705,
02RH066,2002-10-08,2.700000047683716,
02RH066,2002-11-08,2.0999999046325684,
02RH066,2002-12-08,2.390000104904175,E
02RH066,2003-01-08,1.5399999618530271,E
02RH066,2003-02-08,0.8489999771118164,
02RH066,2003-03-08,0.5950000286102295,E
02RH066,2003-04-08,1.7000000476837158,
02RH066,2003-05-08,15.199999809265137,
02RH066,2003-06-08,4.539999961853027,
02RH066,2003-07-08,3.049999952316284,
02RH066,2003-08-08,7.510000228881836,
02RH066,2003-09-08,2.990000009536743,
02RH066,2003-10-08,4.079999923706055,
02RH066,2003-11-08,6.389999866485596,
02RH066,2003-12-08,4.5,E
02RH066,2004-01-08,3.920000076293945,E
02RH066,2004-02-08,1.6100000143051147,E
02RH066,2004-03-08,1.3200000524520874,
02RH066,2004-04-08,5.539999961853027,
02RH066,2004-05-08,19.600000381469727,
02RH066,2004-06-08,11.800000190734863,
02RH066,2004-07-08,10.800000190734863,
02RH066,2004-08-08,4.139999866485596,
02RH066,2004-09-08,6.050000190734863,
02RH066,2004-10-08,5.119999885559082,
02RH066,2004-11-08,4.320000171661377,
02RH066,2004-12-08,3.740000009536743,
02RH066,2005-01-08,2.690000057220459,E
02RH066,2005-02-08,1.7599999904632568,
02RH066,2005-03-08,1.4700000286102295,E
02RH066,2005-04-08,8.020000457763672,
02RH066,2005-05-08,29.0,
02RH066,2005-06-08,14.199999809265137,
02RH066,2005-07-08,4.369999885559082,
02RH066,2005-08-08,1.8799999952316284,
02RH066,2005-09-08,3.920000076293945,
02RH066,2005-10-08,5.619999885559082,
02RH066,2005-11-08,11.300000190734863,
02RH066,2005-12-08,7.78000020980835,
02RH066,2006-01-08,2.75,E
02RH066,2006-02-08,2.200000047683716,
02RH066,2006-03-08,1.690000057220459,E
02RH066,2006-04-08,5.059999942779541,
02RH066,2006-05-08,25.0,
02RH066,2006-06-08,5.559999942779541,
02RH066,2006-07-08,5.980000019073486,
02RH066,2006-08-08,4.320000171661377,
02RH066,2006-09-08,2.5799999237060547,
02RH066,2006-10-08,11.0,
02RH066,2006-11-08,11.100000381469728,
02RH066,2006-12-08,6.269999980926514,E
02RH066,2007-01-08,7.420000076293945,E
02RH066,2007-02-08,2.2300000190734863,
02RH066,2007-03-08,1.7799999713897705,E
02RH066,2007-04-08,1.8799999952316284,
02RH066,2007-05-08,26.700000762939453,
02RH066,2007-06-08,10.600000381469728,
02RH066,2007-07-08,5.28000020980835,
02RH066,2007-08-08,8.329999923706055,
02RH066,2007-09-08,3.880000114440918,
02RH066,2007-10-08,3.680000066757202,
02RH066,2007-11-08,5.760000228881836,
02RH066,2007-12-08,2.6600000858306885,
02RH066,2008-01-08,5.210000038146973,
02RH066,2008-02-08,2.880000114440918,
02RH066,2008-03-08,2.119999885559082,
02RH066,2008-04-08,7.929999828338623,
02RH066,2008-05-08,44.59999847412109,
02RH066,2008-06-08,13.800000190734863,
02RH066,2008-07-08,8.510000228881836,
02RH066,2008-08-08,4.210000038146973,
02RH066,2008-09-08,3.829999923706055,
02RH066,2008-10-08,7.320000171661377,
02RH066,2008-11-08,7.170000076293945,
02RH066,2008-12-08,4.380000114440918,
02RH066,2009-01-08,3.0799999237060547,
02RH066,2009-02-08,2.3299999237060547,
02RH066,2009-03-08,2.5899999141693115,
02RH066,2009-04-08,9.109999656677246,
02RH066,2009-05-08,23.5,
02RH066,2009-06-08,5.849999904632568,
02RH066,2009-07-08,12.5,
02RH066,2009-08-08,8.920000076293945,
02RH066,2009-09-08,2.440000057220459,
02RH066,2009-10-08,16.0,
02RH066,2009-11-08,5.0,
02RH066,2009-12-08,3.5299999713897705,
02RH066,2010-01-08,1.850000023841858,
02RH066,2010-02-08,2.0799999237060547,
02RH066,2010-03-08,1.6200000047683716,
02RH066,2010-04-08,29.200000762939453,
02RH066,2010-05-08,36.5,
02RH066,2010-06-08,10.5,
02RH066,2010-07-08,3.119999885559082,
02RH066,2010-08-08,4.239999771118164,
02RH066,2010-09-08,3.380000114440918,
02RH066,2010-10-08,16.100000381469727,
02RH066,2010-11-08,7.449999809265137,
02RH066,2010-12-08,5.429999828338623,
02RH066,2011-01-08,4.070000171661377,
02RH066,2011-02-08,2.4800000190734863,
02RH066,2011-03-08,1.840000033378601,
02RH066,2011-04-08,3.5299999713897705,
02RH066,2011-05-08,29.899999618530277,
02RH066,2011-06-08,10.800000190734863,
02RH066,2011-07-08,7.019999980926514,
02RH066,2011-08-08,20.5,
02RH066,2011-09-08,14.300000190734863,
02RH066,2011-10-08,4.039999961853027,
02RH066,2011-11-08,4.460000038146973,
02RH066,2011-12-08,5.440000057220459,
02RH066,2012-01-08,2.440000057220459,B
02RH066,2012-02-08,1.9800000190734863,B
02RH066,2012-03-08,3.200000047683716,B
02RH066,2012-04-08,3.75,B
02RH066,2012-05-08,15.0,
02RH066,2012-06-08,5.829999923706055,
02RH066,2012-07-08,4.730000019073486,
02RH066,2012-08-08,3.430000066757202,
02RH066,2012-09-08,2.990000009536743,
02RH066,2012-10-08,4.489999771118164,
02RH066,2012-11-08,5.050000190734863,B
02RH066,2012-12-08,4.360000133514404,B
02RH066,2013-01-08,1.9900000095367432,B
02RH066,2013-02-08,2.759999990463257,B
02RH066,2013-03-08,1.830000042915344,B
02RH066,2013-04-08,1.909999966621399,B
02RH066,2013-05-08,18.5,
02RH066,2013-06-08,12.399999618530272,
02RH066,2013-07-08,4.21999979019165,
02RH066,2013-08-08,4.0,
02RH066,2013-09-08,3.009999990463257,
02RH066,2013-10-08,5.909999847412109,
02RH066,2013-11-08,7.789999961853027,
02RH066,2013-12-08,2.970000028610229,B
02RH066,2014-01-08,1.7599999904632568,B
02RH066,2014-02-08,1.590000033378601,B
02RH066,2014-03-08,1.309999942779541,B
02RH066,2014-04-08,1.7899999618530271,B
02RH066,2014-05-08,22.600000381469727,
02RH066,2014-06-08,6.389999866485596,
02RH066,2014-07-08,3.819999933242798,
02RH066,2014-08-08,2.359999895095825,
02RH066,2014-09-08,7.510000228881836,
02RH066,2014-10-08,5.119999885559082,
02RH066,2014-11-08,6.639999866485596,
02RH066,2014-12-08,3.3399999141693115,B
02RH066,2015-01-08,2.2300000190734863,B
02RH066,2015-02-08,1.4700000286102295,B
02RH066,2015-03-08,1.1799999475479126,B
02RH066,2015-04-08,1.149999976158142,B
02RH066,2015-05-08,20.600000381469727,
02RH066,2015-06-08,5.880000114440918,
02RH066,2015-07-08,5.789999961853027,
02RH066,2015-08-08,5.739999771118164,
02RH066,2015-09-08,2.9800000190734863,
02RH066,2015-10-08,2.180000066757202,
02RH066,2015-11-08,10.800000190734863,
02RH066,2015-12-08,4.019999980926514,B
02RH066,2016-01-08,2.819999933242798,B
02RH066,2016-02-08,3.119999885559082,B
02RH066,2016-03-08,2.190000057220459,B
02RH066,2016-04-08,7.309999942779541,B
02RH066,2016-05-08,49.09999847412109,
02RH066,2016-06-08,18.0,
02RH066,2016-07-08,13.600000381469728,
02RH066,2016-08-08,7.690000057220459,
02RH066,2016-09-08,2.970000028610229,
02RH066,2016-10-08,2.4600000381469727,
02RH066,2016-11-08,8.529999732971191,
02RH066,2016-12-08,4.789999961853027,B
02RH066,2017-01-08,2.789999961853028,B
02RH066,2017-02-08,2.0,B
02RH066,2017-03-08,3.950000047683716,B
02RH066,2017-04-08,3.3299999237060547,B
02RH066,2017-05-08,59.900001525878906,
02RH066,2017-06-08,7.389999866485596,
02RH066,2017-07-08,8.100000381469727,
02RH066,2017-08-08,3.740000009536743,
02RH066,2017-09-08,12.100000381469728,
02RH066,2017-10-08,4.510000228881836,
02RH066,2017-11-08,17.100000381469727,
02RH066,2017-12-08,3.880000114440918,B
02RH066,2018-01-08,1.850000023841858,B
02RH066,2018-02-08,2.119999885559082,B
02RH066,2018-03-08,2.4200000762939453,B
02RH066,2018-04-08,1.3799999952316284,B
02RH066,2018-05-08,36.0,
02RH066,2018-06-08,10.399999618530272,
02RH066,2018-07-08,6.309999942779541,
02RH066,2018-08-08,6.369999885559082,
02RH066,2018-09-08,4.400000095367432,
02RH066,2018-10-08,2.9600000381469727,
02RH066,2018-11-08,25.299999237060547,
02RH066,2018-12-08,3.009999990463257,B
02RH066,2019-01-08,2.9200000762939453,B
02RH066,2019-02-08,3.3299999237060547,B
02RH066,2019-03-08,1.440000057220459,B
02RH066,2019-04-08,1.8899999856948853,B
02RH066,2019-05-08,37.400001525878906,
02RH066,2019-06-08,16.299999237060547,
02RH066,2019-07-08,7.690000057220459,
02RH066,2019-08-08,2.930000066757202,
02RH066,2019-09-08,3.509999990463257,
02RH066,2019-10-08,4.920000076293945,
02RH066,2019-11-08,8.079999923706055,
02RH066,2019-12-08,2.380000114440918,B
02RH066,2020-01-08,1.7999999523162842,B
02RH066,2020-02-08,1.5099999904632568,B
02RH066,2020-03-08,1.399999976158142,B
02RH066,2020-04-08,4.920000076293945,B
02RH066,2020-05-08,20.200000762939453,
02RH066,2020-06-08,15.5,
02RH066,2020-07-08,3.680000066757202,
02RH066,2020-08-08,8.390000343322754,
02RH066,2020-09-08,4.320000171661377,
02RH066,2020-10-08,13.699999809265137,
02RH066,2020-11-08,7.800000190734863,
02RH066,2020-12-08,4.96999979019165,B
02RH066,2021-01-08,3.549999952316284,B
02RH066,2021-02-08,2.180000066757202,B
02RH066,2021-03-08,2.069999933242798,B
02RH066,2021-04-08,13.800000190734863,
02RH066,2021-05-08,16.0,
02RH066,2021-06-08,5.239999771118164,
02RH066,2021-07-08,5.809999942779541,
02RH066,2021-08-08,2.940000057220459,
02RH066,2021-09-08,2.130000114440918,
02RH066,2021-10-08,2.140000104904175,
02RH066,2021-11-08,3.2699999809265137,
02RH066,2021-12-08,3.809999942779541,B
02RH066,2022-01-08,2.150000095367432,B
02RH066,2022-02-08,1.6699999570846558,B
02RH066,2022-03-08,1.4600000381469729,B
02RH066,2022-04-08,2.3399999141693115,B
02RH066,2022-05-08,20.0,
02RH066,2022-06-08,18.700000762939453,
02RH066,2022-07-08,7.730000019073486,
02RH066,2022-08-08,4.590000152587891,
02RH066,2022-09-08,3.109999895095825,
02RH066,2022-10-08,3.5899999141693115,
02RH066,2022-11-08,2.8399999141693115,
02RH066,2022-12-08,5.840000152587891,B
02RH066,2023-01-08,3.3299999237060547,B
02RH066,2023-02-08,2.150000095367432,B
02RH066,2023-03-08,1.559999942779541,B
02RH066,2023-04-08,2.009999990463257,B
02RH066,2023-05-08,20.399999618530277,
02RH066,2023-06-08,16.799999237060547,
02RH066,2023-07-08,3.539999961853028,
02RH066,2023-08-08,4.46999979019165,
02RH066,2023-09-08,5.079999923706055,
02RH066,2023-10-08,5.630000114440918,
02RH066,2023-11-08,6.199999809265137,B
02RH066,2023-12-08,2.640000104904175,B
02RH066,2024-01-08,2.7100000381469727,B
02RH066,2024-02-08,1.870000004768372,B
02RH066,2024-03-08,4.710000038146973,B
02RH066,2024-04-08,3.430000066757202,B
02RH066,2024-05-08,15.600000381469728,
02RH066,2024-06-08,5.050000190734863,
02RH066,2024-07-08,3.5,
02RH066,2024-08-08,2.0,
02RH066,2024-09-08,2.0999999046325684,
02RH066,1996-11-09,,
02RH066,1997-02-09,1.950000047683716,
02RH066,1997-03-09,1.909999966621399,
02RH066,1997-04-09,9.279999732971191,
02RH066,1997-05-09,16.5,
02RH066,1997-06-09,28.299999237060547,
02RH066,1997-07-09,6.730000019073486,
02RH066,1997-08-09,2.940000057220459,
02RH066,1997-09-09,3.609999895095825,
02RH066,1997-10-09,8.670000076293945,
02RH066,1997-11-09,5.179999828338623,
02RH066,1997-12-09,2.509999990463257,
02RH066,1998-01-09,1.7400000095367432,
02RH066,1998-02-09,1.2699999809265137,
02RH066,1998-03-09,1.590000033378601,
02RH066,1998-04-09,6.909999847412109,
02RH066,1998-05-09,27.600000381469727,
02RH066,1998-06-09,24.0,
02RH066,1998-07-09,4.46999979019165,
02RH066,1998-08-09,2.559999942779541,
02RH066,1998-09-09,5.130000114440918,
02RH066,1998-10-09,9.100000381469728,
02RH066,1998-11-09,6.159999847412109,
02RH066,1998-12-09,14.0,
02RH066,1999-01-09,3.0799999237060547,
02RH066,1999-02-09,2.4100000858306885,
02RH066,1999-03-09,1.9900000095367432,
02RH066,1999-04-09,7.989999771118164,
02RH066,1999-05-09,67.0,
02RH066,1999-06-09,12.899999618530272,
02RH066,1999-07-09,3.319999933242798,
02RH066,1999-08-09,3.9700000286102295,
02RH066,1999-09-09,5.409999847412109,
02RH066,1999-10-09,8.800000190734863,
02RH066,1999-11-09,8.869999885559082,
02RH066,1999-12-09,11.600000381469728,
02RH066,2000-01-09,3.240000009536743,
02RH066,2000-02-09,1.649999976158142,
02RH066,2000-03-09,2.990000009536743,
02RH066,2000-04-09,5.809999942779541,
02RH066,2000-05-09,62.09999847412109,
02RH066,2000-06-09,10.699999809265137,
02RH066,2000-07-09,6.340000152587891,
02RH066,2000-08-09,5.980000019073486,
02RH066,2000-09-09,3.140000104904175,
02RH066,2000-10-09,3.950000047683716,
02RH066,2000-11-09,8.8100004196167,
02RH066,2000-12-09,5.409999847412109,
02RH066,2001-01-09,2.359999895095825,
02RH066,2001-02-09,2.619999885559082,
02RH066,2001-03-09,1.2400000095367432,
02RH066,2001-04-09,4.010000228881836,
02RH066,2001-05-09,28.0,
02RH066,2001-06-09,13.699999809265137,
02RH066,2001-07-09,4.460000038146973,
02RH066,2001-08-09,3.119999885559082,
02RH066,2001-09-09,2.4600000381469727,
02RH066,2001-10-09,10.5,
02RH066,2001-11-09,5.920000076293945,
02RH066,2001-12-09,11.399999618530272,
02RH066,2002-01-09,2.700000047683716,E
02RH066,2002-02-09,1.8799999952316284,
02RH066,2002-03-09,2.369999885559082,E
02RH066,2002-04-09,3.75,
02RH066,2002-05-09,21.100000381469727,
02RH066,2002-06-09,11.699999809265137,
02RH066,2002-07-09,4.460000038146973,
02RH066,2002-08-09,5.119999885559082,
02RH066,2002-09-09,2.940000057220459,
02RH066,2002-10-09,2.7699999809265137,
02RH066,2002-11-09,3.2799999713897705,
02RH066,2002-12-09,2.359999895095825,E
02RH066,2003-01-09,1.5099999904632568,E
02RH066,2003-02-09,0.8360000252723694,
02RH066,2003-03-09,0.5889999866485596,E
02RH066,2003-04-09,1.6299999952316284,
02RH066,2003-05-09,16.399999618530273,
02RH066,2003-06-09,5.130000114440918,
02RH066,2003-07-09,3.569999933242798,
02RH066,2003-08-09,6.170000076293945,
02RH066,2003-09-09,2.789999961853028,
02RH066,2003-10-09,3.940000057220459,
02RH066,2003-11-09,6.46999979019165,
02RH066,2003-12-09,4.360000133514404,E
02RH066,2004-01-09,3.7300000190734863,E
02RH066,2004-02-09,1.590000033378601,E
02RH066,2004-03-09,1.309999942779541,
02RH066,2004-04-09,5.21999979019165,
02RH066,2004-05-09,18.100000381469727,
02RH066,2004-06-09,11.899999618530272,
02RH066,2004-07-09,12.300000190734863,
02RH066,2004-08-09,4.320000171661377,
02RH066,2004-09-09,5.949999809265137,
02RH066,2004-10-09,4.599999904632568,
02RH066,2004-11-09,4.230000019073486,
02RH066,2004-12-09,3.5299999713897705,
02RH066,2005-01-09,2.549999952316284,E
02RH066,2005-02-09,1.75,
02RH066,2005-03-09,1.4700000286102295,E
02RH066,2005-04-09,7.550000190734863,
02RH066,2005-05-09,31.200000762939453,
02RH066,2005-06-09,12.0,
02RH066,2005-07-09,3.5899999141693115,
02RH066,2005-08-09,1.690000057220459,
02RH066,2005-09-09,3.4600000381469727,
02RH066,2005-10-09,5.21999979019165,
02RH066,2005-11-09,10.199999809265137,
02RH066,2005-12-09,7.099999904632568,
02RH066,2006-01-09,2.740000009536743,E
02RH066,2006-02-09,2.180000066757202,
02RH066,2006-03-09,1.6799999475479126,E
02RH066,2006-04-09,4.739999771118164,
02RH066,2006-05-09,22.200000762939453,
02RH066,2006-06-09,5.650000095367432,
02RH066,2006-07-09,5.159999847412109,
02RH066,2006-08-09,4.090000152587891,
02RH066,2006-09-09,2.940000057220459,
02RH066,2006-10-09,8.789999961853027,
02RH066,2006-11-09,14.699999809265137,
02RH066,2006-12-09,6.03000020980835,E
02RH066,2007-01-09,6.579999923706055,E
02RH066,2007-02-09,2.2100000381469727,
02RH066,2007-03-09,1.7699999809265137,E
02RH066,2007-04-09,1.919999957084656,
02RH066,2007-05-09,33.599998474121094,
02RH066,2007-06-09,8.199999809265137,
02RH066,2007-07-09,4.739999771118164,
02RH066,2007-08-09,16.299999237060547,
02RH066,2007-09-09,3.660000085830689,
02RH066,2007-10-09,3.869999885559082,
02RH066,2007-11-09,5.369999885559082,
02RH066,2007-12-09,2.630000114440918,
02RH066,2008-01-09,9.140000343322754,
02RH066,2008-02-09,2.8499999046325684,
02RH066,2008-03-09,2.0899999141693115,
02RH066,2008-04-09,9.279999732971191,
02RH066,2008-05-09,50.900001525878906,
02RH066,2008-06-09,27.399999618530277,
02RH066,2008-07-09,11.100000381469728,
02RH066,2008-08-09,4.110000133514404,
02RH066,2008-09-09,3.7300000190734863,
02RH066,2008-10-09,6.570000171661377,
02RH066,2008-11-09,8.170000076293945,
02RH066,2008-12-09,4.28000020980835,
02RH066,2009-01-09,3.0,
02RH066,2009-02-09,2.319999933242798,
02RH066,2009-03-09,2.509999990463257,
02RH066,2009-04-09,7.960000038146973,
02RH066,2009-05-09,30.0,
02RH066,2009-06-09,5.610000133514404,
02RH066,2009-07-09,9.5,
02RH066,2009-08-09,6.489999771118164,
02RH066,2009-09-09,2.430000066757202,
02RH066,2009-10-09,12.800000190734863,
02RH066,2009-11-09,5.0,
02RH066,2009-12-09,3.400000095367432,
02RH066,2010-01-09,1.830000042915344,
02RH066,2010-02-09,2.039999961853028,
02RH066,2010-03-09,1.6100000143051147,
02RH066,2010-04-09,24.399999618530277,
02RH066,2010-05-09,30.0,
02RH066,2010-06-09,10.800000190734863,
02RH066,2010-07-09,2.8499999046325684,
02RH066,2010-08-09,3.400000095367432,
02RH066,2010-09-09,6.389999866485596,
02RH066,2010-10-09,13.600000381469728,
02RH066,2010-11-09,6.789999961853027,
02RH066,2010-12-09,5.179999828338623,
02RH066,2011-01-09,3.890000104904175,
02RH066,2011-02-09,2.450000047683716,
02RH066,2011-03-09,1.8200000524520876,
02RH066,2011-04-09,4.800000190734863,
02RH066,2011-05-09,28.5,
02RH066,2011-06-09,12.899999618530272,
02RH066,2011-07-09,6.269999980926514,
02RH066,2011-08-09,14.5,
02RH066,2011-09-09,11.100000381469728,
02RH066,2011-10-09,3.849999904632568,
02RH066,2011-11-09,4.380000114440918,
02RH066,2011-12-09,4.889999866485596,
02RH066,2012-01-09,2.4200000762939453,B
02RH066,2012-02-09,1.9700000286102293,B
02RH066,2012-03-09,5.380000114440918,B
02RH066,2012-04-09,3.7100000381469727,B
02RH066,2012-05-09,20.0,
02RH066,2012-06-09,5.570000171661377,
02RH066,2012-07-09,4.300000190734863,
02RH066,2012-08-09,3.490000009536743,
02RH066,2012-09-09,3.799999952316284,
02RH066,2012-10-09,3.9800000190734863,
02RH066,2012-11-09,4.579999923706055,B
02RH066,2012-12-09,3.849999904632568,B
02RH066,2013-01-09,1.9800000190734863,B
02RH066,2013-02-09,2.5799999237060547,B
02RH066,2013-03-09,1.8200000524520876,B
02RH066,2013-04-09,2.1600000858306885,B
02RH066,2013-05-09,19.200000762939453,
02RH066,2013-06-09,15.600000381469728,
02RH066,2013-07-09,3.809999942779541,
02RH066,2013-08-09,5.559999942779541,
02RH066,2013-09-09,3.200000047683716,
02RH066,2013-10-09,6.710000038146973,
02RH066,2013-11-09,6.46999979019165,
02RH066,2013-12-09,2.819999933242798,B
02RH066,2014-01-09,1.75,B
02RH066,2014-02-09,1.5700000524520874,B
02RH066,2014-03-09,1.2999999523162842,B
02RH066,2014-04-09,2.470000028610229,B
02RH066,2014-05-09,22.0,
02RH066,2014-06-09,5.539999961853027,
02RH066,2014-07-09,4.210000038146973,
02RH066,2014-08-09,3.9700000286102295,
02RH066,2014-09-09,5.440000057220459,
02RH066,2014-10-09,6.260000228881836,
02RH066,2014-11-09,6.28000020980835,
02RH066,2014-12-09,3.25,B
02RH066,2015-01-09,2.190000057220459,B
02RH066,2015-02-09,1.4500000476837158,B
02RH066,2015-03-09,1.1699999570846558,B
02RH066,2015-04-09,1.1799999475479126,B
02RH066,2015-05-09,21.899999618530277,
02RH066,2015-06-09,6.989999771118164,
02RH066,2015-07-09,6.880000114440918,
02RH066,2015-08-09,6.039999961853027,
02RH066,2015-09-09,3.0799999237060547,
02RH066,2015-10-09,2.180000066757202,
02RH066,2015-11-09,7.960000038146973,
02RH066,2015-12-09,3.859999895095825,B
02RH066,2016-01-09,2.720000028610229,B
02RH066,2016-02-09,2.8499999046325684,B
02RH066,2016-03-09,2.289999961853028,B
02RH066,2016-04-09,6.940000057220459,B
02RH066,2016-05-09,35.400001525878906,
02RH066,2016-06-09,20.399999618530277,
02RH066,2016-07-09,11.300000190734863,
02RH066,2016-08-09,6.429999828338623,
02RH066,2016-09-09,5.179999828338623,
02RH066,2016-10-09,2.859999895095825,
02RH066,2016-11-09,10.600000381469728,
02RH066,2016-12-09,4.650000095367432,B
02RH066,2017-01-09,2.759999990463257,B
02RH066,2017-02-09,1.9800000190734863,B
02RH066,2017-03-09,3.609999895095825,B
02RH066,2017-04-09,4.599999904632568,B
02RH066,2017-05-09,49.5,
02RH066,2017-06-09,6.429999828338623,
02RH066,2017-07-09,8.680000305175781,
02RH066,2017-08-09,3.430000066757202,
02RH066,2017-09-09,19.899999618530277,
02RH066,2017-10-09,4.300000190734863,
02RH066,2017-11-09,12.800000190734863,
02RH066,2017-12-09,3.7100000381469727,B
02RH066,2018-01-09,1.8200000524520876,B
02RH066,2018-02-09,2.0899999141693115,B
02RH066,2018-03-09,2.359999895095825,B
02RH066,2018-04-09,1.340000033378601,B
02RH066,2018-05-09,38.79999923706055,
02RH066,2018-06-09,9.350000381469728,
02RH066,2018-07-09,4.619999885559082,
02RH066,2018-08-09,10.399999618530272,
02RH066,2018-09-09,3.369999885559082,
02RH066,2018-10-09,5.039999961853027,
02RH066,2018-11-09,17.0,
02RH066,2018-12-09,2.930000066757202,B
02RH066,2019-01-09,2.809999942779541,B
02RH066,2019-02-09,3.109999895095825,B
02RH066,2019-03-09,1.4299999475479126,B
02RH066,2019-04-09,1.899999976158142,B
02RH066,2019-05-09,27.0,
02RH066,2019-06-09,14.300000190734863,
02RH066,2019-07-09,6.03000020980835,
02RH066,2019-08-09,3.240000009536743,
02RH066,2019-09-09,2.9200000762939453,
02RH066,2019-10-09,4.889999866485596,
02RH066,2019-11-09,7.289999961853027,B
02RH066,2019-12-09,2.559999942779541,B
02RH066,2020-01-09,1.7799999713897705,B
02RH066,2020-02-09,1.5099999904632568,B
02RH066,2020-03-09,1.399999976158142,B
02RH066,2020-04-09,4.260000228881836,B
02RH066,2020-05-09,15.199999809265137,
02RH066,2020-06-09,12.5,
02RH066,2020-07-09,4.869999885559082,
02RH066,2020-08-09,6.190000057220459,
02RH066,2020-09-09,3.9600000381469727,
02RH066,2020-10-09,13.399999618530272,
02RH066,2020-11-09,7.150000095367432,
02RH066,2020-12-09,4.739999771118164,B
02RH066,2021-01-09,3.390000104904175,B
02RH066,2021-02-09,2.180000066757202,B
02RH066,2021-03-09,2.069999933242798,B
02RH066,2021-04-09,17.399999618530273,
02RH066,2021-05-09,12.100000381469728,
02RH066,2021-06-09,4.53000020980835,
02RH066,2021-07-09,9.18000030517578,
02RH066,2021-08-09,2.7100000381469727,
02RH066,2021-09-09,2.049999952316284,
02RH066,2021-10-09,2.069999933242798,
02RH066,2021-11-09,3.200000047683716,
02RH066,2021-12-09,3.450000047683716,B
02RH066,2022-01-09,2.119999885559082,B
02RH066,2022-02-09,1.659999966621399,B
02RH066,2022-03-09,1.4500000476837158,B
02RH066,2022-04-09,2.259999990463257,B
02RH066,2022-05-09,23.200000762939453,
02RH066,2022-06-09,28.799999237060547,
02RH066,2022-07-09,6.559999942779541,
02RH066,2022-08-09,4.519999980926514,
02RH066,2022-09-09,2.9100000858306885,
02RH066,2022-10-09,3.559999942779541,
02RH066,2022-11-09,2.759999990463257,
02RH066,2022-12-09,4.480000019073486,B
02RH066,2023-01-09,3.259999990463257,B
02RH066,2023-02-09,2.119999885559082,B
02RH066,2023-03-09,1.5199999809265137,B
02RH066,2023-04-09,1.8600000143051147,B
02RH066,2023-05-09,16.700000762939453,
02RH066,2023-06-09,13.199999809265137,
02RH066,2023-07-09,3.3299999237060547,
02RH066,2023-08-09,6.199999809265137,
02RH066,2023-09-09,6.980000019073486,
02RH066,2023-10-09,8.350000381469727,
02RH066,2023-11-09,5.820000171661377,B
02RH066,2023-12-09,2.5999999046325684,B
02RH066,2024-01-09,2.619999885559082,B
02RH066,2024-02-09,1.870000004768372,B
02RH066,2024-03-09,4.21999979019165,B
02RH066,2024-04-09,4.21999979019165,B
02RH066,2024-05-09,12.800000190734863,
02RH066,2024-06-09,10.600000381469728,
02RH066,2024-07-09,3.4100000858306885,
02RH066,2024-08-09,1.7599999904632568,
02RH066,2024-09-09,2.150000095367432,
02RH066,1996-11-10,,
02RH066,1997-02-10,1.919999957084656,
02RH066,1997-03-10,1.8200000524520876,
02RH066,1997-04-10,8.470000267028809,
02RH066,1997-05-10,15.600000381469728,
02RH066,1997-06-10,29.799999237060547,
02RH066,1997-07-10,6.480000019073486,
02RH066,1997-08-10,2.6600000858306885,
02RH066,1997-09-10,3.220000028610229,
02RH066,1997-10-10,7.5,
02RH066,1997-11-10,6.190000057220459,
02RH066,1997-12-10,2.470000028610229,
02RH066,1998-01-10,1.7300000190734863,
02RH066,1998-02-10,1.2599999904632568,
02RH066,1998-03-10,1.899999976158142,
02RH066,1998-04-10,6.739999771118164,
02RH066,1998-05-10,21.0,
02RH066,1998-06-10,20.0,
02RH066,1998-07-10,6.880000114440918,
02RH066,1998-08-10,3.0299999713897705,
02RH066,1998-09-10,7.639999866485596,
02RH066,1998-10-10,8.359999656677246,
02RH066,1998-11-10,5.880000114440918,
02RH066,1998-12-10,11.699999809265137,
02RH066,1999-01-10,3.0,
02RH066,1999-02-10,2.400000095367432,
02RH066,1999-03-10,1.909999966621399,
02RH066,1999-04-10,7.880000114440918,
02RH066,1999-05-10,57.400001525878906,
02RH066,1999-06-10,10.800000190734863,
02RH066,1999-07-10,3.140000104904175,
02RH066,1999-08-10,3.7899999618530273,
02RH066,1999-09-10,4.929999828338623,
02RH066,1999-10-10,12.800000190734863,
02RH066,1999-11-10,6.329999923706055,
02RH066,1999-12-10,9.329999923706056,
02RH066,2000-01-10,3.130000114440918,
02RH066,2000-02-10,1.6200000047683716,
02RH066,2000-03-10,3.900000095367432,
02RH066,2000-04-10,6.25,
02RH066,2000-05-10,44.79999923706055,
02RH066,2000-06-10,10.600000381469728,
02RH066,2000-07-10,5.659999847412109,
02RH066,2000-08-10,53.900001525878906,
02RH066,2000-09-10,3.0199999809265137,
02RH066,2000-10-10,4.090000152587891,
02RH066,2000-11-10,9.369999885559082,
02RH066,2000-12-10,4.840000152587891,
02RH066,2001-01-10,2.289999961853028,
02RH066,2001-02-10,3.309999942779541,
02RH066,2001-03-10,1.2200000286102295,
02RH066,2001-04-10,6.960000038146973,
02RH066,2001-05-10,29.299999237060547,
02RH066,2001-06-10,11.600000381469728,
02RH066,2001-07-10,4.460000038146973,
02RH066,2001-08-10,3.430000066757202,
02RH066,2001-09-10,2.309999942779541,
02RH066,2001-10-10,9.770000457763672,
02RH066,2001-11-10,6.429999828338623,
02RH066,2001-12-10,13.300000190734863,
02RH066,2002-01-10,2.650000095367432,E
02RH066,2002-02-10,1.870000004768372,
02RH066,2002-03-10,2.319999933242798,E
02RH066,2002-04-10,7.639999866485596,
02RH066,2002-05-10,17.399999618530273,
02RH066,2002-06-10,11.800000190734863,
02RH066,2002-07-10,4.440000057220459,
02RH066,2002-08-10,3.9800000190734863,
02RH066,2002-09-10,3.400000095367432,
02RH066,2002-10-10,2.7100000381469727,
02RH066,2002-11-10,3.430000066757202,
02RH066,2002-12-10,2.3299999237060547,E
02RH066,2003-01-10,1.4700000286102295,E
02RH066,2003-02-10,0.8240000009536743,
02RH066,2003-03-10,0.5830000042915344,E
02RH066,2003-04-10,1.5700000524520874,
02RH066,2003-05-10,15.100000381469728,
02RH066,2003-06-10,5.420000076293945,
02RH066,2003-07-10,2.859999895095825,
02RH066,2003-08-10,6.070000171661377,
02RH066,2003-09-10,2.509999990463257,
02RH066,2003-10-10,3.660000085830689,
02RH066,2003-11-10,5.690000057220459,
02RH066,2003-12-10,4.239999771118164,E
02RH066,2004-01-10,3.559999942779541,E
02RH066,2004-02-10,1.5700000524520874,E
02RH066,2004-03-10,1.2999999523162842,
02RH066,2004-04-10,4.940000057220459,
02RH066,2004-05-10,18.600000381469727,
02RH066,2004-06-10,10.399999618530272,
02RH066,2004-07-10,10.199999809265137,
02RH066,2004-08-10,3.9700000286102295,
02RH066,2004-09-10,48.20000076293945,
02RH066,2004-10-10,4.090000152587891,
02RH066,2004-11-10,4.139999866485596,
02RH066,2004-12-10,3.359999895095825,
02RH066,2005-01-10,2.440000057220459,E
02RH066,2005-02-10,1.7300000190734863,
02RH066,2005-03-10,1.4700000286102295,E
02RH066,2005-04-10,7.019999980926514,
02RH066,2005-05-10,36.900001525878906,
02RH066,2005-06-10,9.239999771118164,
02RH066,2005-07-10,3.25,
02RH066,2005-08-10,2.049999952316284,
02RH066,2005-09-10,3.240000009536743,
02RH066,2005-10-10,3.890000104904175,
02RH066,2005-11-10,9.789999961853027,
02RH066,2005-12-10,6.53000020980835,
02RH066,2006-01-10,2.720000028610229,E
02RH066,2006-02-10,2.150000095367432,
02RH066,2006-03-10,1.6699999570846558,E
02RH066,2006-04-10,4.510000228881836,
02RH066,2006-05-10,27.700000762939453,
02RH066,2006-06-10,6.809999942779541,
02RH066,2006-07-10,16.0,
02RH066,2006-08-10,4.010000228881836,
02RH066,2006-09-10,3.369999885559082,
02RH066,2006-10-10,7.380000114440918,
02RH066,2006-11-10,22.600000381469727,
02RH066,2006-12-10,5.829999923706055,E
02RH066,2007-01-10,5.900000095367432,E
02RH066,2007-02-10,2.180000066757202,
02RH066,2007-03-10,1.7599999904632568,E
02RH066,2007-04-10,1.9600000381469729,
02RH066,2007-05-10,38.29999923706055,
02RH066,2007-06-10,6.920000076293945,
02RH066,2007-07-10,4.610000133514404,
02RH066,2007-08-10,10.800000190734863,
02RH066,2007-09-10,3.490000009536743,
02RH066,2007-10-10,3.920000076293945,
02RH066,2007-11-10,5.090000152587891,
02RH066,2007-12-10,2.609999895095825,
02RH066,2008-01-10,14.300000190734863,
02RH066,2008-02-10,2.819999933242798,
02RH066,2008-03-10,2.059999942779541,
02RH066,2008-04-10,10.600000381469728,
02RH066,2008-05-10,37.400001525878906,
02RH066,2008-06-10,19.899999618530277,
02RH066,2008-07-10,12.300000190734863,
02RH066,2008-08-10,5.25,
02RH066,2008-09-10,6.309999942779541,
02RH066,2008-10-10,6.880000114440918,
02RH066,2008-11-10,9.0,
02RH066,2008-12-10,4.199999809265137,
02RH066,2009-01-10,2.9200000762939453,
02RH066,2009-02-10,2.309999942779541,
02RH066,2009-03-10,2.450000047683716,
02RH066,2009-04-10,6.849999904632568,
02RH066,2009-05-10,34.29999923706055,
02RH066,2009-06-10,5.619999885559082,
02RH066,2009-07-10,7.380000114440918,
02RH066,2009-08-10,8.420000076293945,
02RH066,2009-09-10,2.3399999141693115,
02RH066,2009-10-10,11.800000190734863,
02RH066,2009-11-10,5.019999980926514,
02RH066,2009-12-10,3.2799999713897705,
02RH066,2010-01-10,1.809999942779541,
02RH066,2010-02-10,1.9900000095367432,
02RH066,2010-03-10,1.6100000143051147,
02RH066,2010-04-10,21.899999618530277,
02RH066,2010-05-10,23.0,
02RH066,2010-06-10,8.359999656677246,
02RH066,2010-07-10,3.7300000190734863,
02RH066,2010-08-10,2.890000104904175,
02RH066,2010-09-10,7.690000057220459,
02RH066,2010-10-10,11.300000190734863,
02RH066,2010-11-10,6.260000228881836,
02RH066,2010-12-10,5.079999923706055,
02RH066,2011-01-10,3.740000009536743,
02RH066,2011-02-10,2.430000066757202,
02RH066,2011-03-10,1.7999999523162842,
02RH066,2011-04-10,6.650000095367432,
02RH066,2011-05-10,28.600000381469727,
02RH066,2011-06-10,17.399999618530273,
02RH066,2011-07-10,5.949999809265137,
02RH066,2011-08-10,9.630000114440918,
02RH066,2011-09-10,8.930000305175781,
02RH066,2011-10-10,3.670000076293945,
02RH066,2011-11-10,4.599999904632568,
02RH066,2011-12-10,4.5,
02RH066,2012-01-10,2.390000104904175,B
02RH066,2012-02-10,1.9600000381469729,B
02RH066,2012-03-10,5.909999847412109,B
02RH066,2012-04-10,3.690000057220459,B
02RH066,2012-05-10,31.299999237060547,
02RH066,2012-06-10,5.150000095367432,
02RH066,2012-07-10,3.849999904632568,
02RH066,2012-08-10,3.1700000762939453,
02RH066,2012-09-10,3.9800000190734863,
02RH066,2012-10-10,3.549999952316284,
02RH066,2012-11-10,4.269999980926514,B
02RH066,2012-12-10,3.5,B
02RH066,2013-01-10,1.9600000381469729,B
02RH066,2013-02-10,2.430000066757202,B
02RH066,2013-03-10,1.8200000524520876,B
02RH066,2013-04-10,2.6700000762939453,B
02RH066,2013-05-10,36.59999847412109,
02RH066,2013-06-10,17.5,
02RH066,2013-07-10,3.5,
02RH066,2013-08-10,6.639999866485596,
02RH066,2013-09-10,2.990000009536743,
02RH066,2013-10-10,5.090000152587891,
02RH066,2013-11-10,6.119999885559082,
02RH066,2013-12-10,2.700000047683716,B
02RH066,2014-01-10,1.7300000190734863,B
02RH066,2014-02-10,1.559999942779541,B
02RH066,2014-03-10,1.2999999523162842,B
02RH066,2014-04-10,3.859999895095825,B
02RH066,2014-05-10,40.70000076293945,
02RH066,2014-06-10,5.010000228881836,
02RH066,2014-07-10,4.21999979019165,
02RH066,2014-08-10,2.990000009536743,
02RH066,2014-09-10,4.289999961853027,
02RH066,2014-10-10,7.230000019073486,
02RH066,2014-11-10,5.550000190734863,
02RH066,2014-12-10,3.1600000858306885,B
02RH066,2015-01-10,2.150000095367432,B
02RH066,2015-02-10,1.440000057220459,B
02RH066,2015-03-10,1.1699999570846558,B
02RH066,2015-04-10,1.2400000095367432,B
02RH066,2015-05-10,26.299999237060547,
02RH066,2015-06-10,9.869999885559082,
02RH066,2015-07-10,5.329999923706055,
02RH066,2015-08-10,5.880000114440918,
02RH066,2015-09-10,3.690000057220459,
02RH066,2015-10-10,2.380000114440918,
02RH066,2015-11-10,6.610000133514404,
02RH066,2015-12-10,3.75,B
02RH066,2016-01-10,2.619999885559082,B
02RH066,2016-02-10,2.619999885559082,B
02RH066,2016-03-10,2.690000057220459,B
02RH066,2016-04-10,6.739999771118164,B
02RH066,2016-05-10,26.299999237060547,
02RH066,2016-06-10,36.70000076293945,
02RH066,2016-07-10,12.399999618530272,
02RH066,2016-08-10,5.139999866485596,
02RH066,2016-09-10,5.349999904632568,
02RH066,2016-10-10,2.9100000858306885,
02RH066,2016-11-10,10.600000381469728,
02RH066,2016-12-10,4.53000020980835,B
02RH066,2017-01-10,2.7300000190734863,B
02RH066,2017-02-10,1.9600000381469729,B
02RH066,2017-03-10,3.319999933242798,B
02RH066,2017-04-10,6.480000019073486,B
02RH066,2017-05-10,38.400001525878906,
02RH066,2017-06-10,5.820000171661377,
02RH066,2017-07-10,8.300000190734863,
02RH066,2017-08-10,3.5999999046325684,
02RH066,2017-09-10,17.200000762939453,
02RH066,2017-10-10,4.119999885559082,
02RH066,2017-11-10,9.779999732971191,
02RH066,2017-12-10,3.559999942779541,B
02RH066,2018-01-10,1.7999999523162842,B
02RH066,2018-02-10,2.059999942779541,B
02RH066,2018-03-10,2.299999952316284,B
02RH066,2018-04-10,1.2999999523162842,B
02RH066,2018-05-10,47.400001525878906,
02RH066,2018-06-10,7.78000020980835,
02RH066,2018-07-10,4.579999923706055,
02RH066,2018-08-10,10.600000381469728,
02RH066,2018-09-10,2.809999942779541,
02RH066,2018-10-10,12.5,
02RH066,2018-11-10,12.0,
02RH066,2018-12-10,2.859999895095825,B
02RH066,2019-01-10,2.7100000381469727,B
02RH066,2019-02-10,2.9200000762939453,B
02RH066,2019-03-10,1.4199999570846558,B
02RH066,2019-04-10,1.9900000095367432,B
02RH066,2019-05-10,33.29999923706055,
02RH066,2019-06-10,13.699999809265137,
02RH066,2019-07-10,5.099999904632568,
02RH066,2019-08-10,3.859999895095825,
02RH066,2019-09-10,2.619999885559082,
02RH066,2019-10-10,4.579999923706055,
02RH066,2019-11-10,6.619999885559082,B
02RH066,2019-12-10,2.789999961853028,B
02RH066,2020-01-10,1.7699999809265137,B
02RH066,2020-02-10,1.5,B
02RH066,2020-03-10,1.399999976158142,B
02RH066,2020-04-10,3.7100000381469727,B
02RH066,2020-05-10,12.300000190734863,
02RH066,2020-06-10,10.5,
02RH066,2020-07-10,4.510000228881836,
02RH066,2020-08-10,4.949999809265137,
02RH066,2020-09-10,5.96999979019165,
02RH066,2020-10-10,11.300000190734863,
02RH066,2020-11-10,6.760000228881836,
02RH066,2020-12-10,4.539999961853027,B
02RH066,2021-01-10,3.259999990463257,B
02RH066,2021-02-10,2.1700000762939453,B
02RH066,2021-03-10,2.430000066757202,B
02RH066,2021-04-10,21.5,
02RH066,2021-05-10,10.699999809265137,
02RH066,2021-06-10,3.9700000286102295,
02RH066,2021-07-10,8.399999618530273,
02RH066,2021-08-10,2.5799999237060547,
02RH066,2021-09-10,1.940000057220459,
02RH066,2021-10-10,1.9900000095367432,
02RH066,2021-11-10,3.0799999237060547,
02RH066,2021-12-10,3.150000095367432,B
02RH066,2022-01-10,2.0999999046325684,B
02RH066,2022-02-10,1.649999976158142,B
02RH066,2022-03-10,1.4500000476837158,B
02RH066,2022-04-10,2.5899999141693115,B
02RH066,2022-05-10,32.599998474121094,
02RH066,2022-06-10,50.900001525878906,
02RH066,2022-07-10,5.730000019073486,
02RH066,2022-08-10,4.420000076293945,
02RH066,2022-09-10,2.759999990463257,
02RH066,2022-10-10,3.539999961853028,
02RH066,2022-11-10,3.119999885559082,
02RH066,2022-12-10,3.400000095367432,B
02RH066,2023-01-10,3.200000047683716,B
02RH066,2023-02-10,2.0999999046325684,B
02RH066,2023-03-10,1.4900000095367432,B
02RH066,2023-04-10,1.899999976158142,B
02RH066,2023-05-10,13.0,
02RH066,2023-06-10,9.479999542236328,
02RH066,2023-07-10,5.400000095367432,
02RH066,2023-08-10,6.579999923706055,
02RH066,2023-09-10,5.980000019073486,
02RH066,2023-10-10,6.309999942779541,
02RH066,2023-11-10,5.489999771118164,B
02RH066,2023-12-10,3.5299999713897705,B
02RH066,2024-01-10,2.5299999713897705,B
02RH066,2024-02-10,2.059999942779541,B
02RH066,2024-03-10,3.799999952316284,B
02RH066,2024-04-10,4.599999904632568,B
02RH066,2024-05-10,10.800000190734863,
02RH066,2024-06-10,18.100000381469727,
02RH066,2024-07-10,3.569999933242798,
02RH066,2024-08-10,12.899999618530272,
02RH066,2024-09-10,2.390000104904175,
02RH066,1996-11-11,,
02RH066,1997-02-11,1.850000023841858,
02RH066,1997-03-11,1.75,
02RH066,1997-04-11,7.679999828338623,
02RH066,1997-05-11,17.899999618530273,
02RH066,1997-06-11,27.5,
02RH066,1997-07-11,5.920000076293945,
02RH066,1997-08-11,2.5999999046325684,
02RH066,1997-09-11,3.009999990463257,
02RH066,1997-10-11,6.619999885559082,
02RH066,1997-11-11,6.619999885559082,
02RH066,1997-12-11,2.430000066757202,
02RH066,1998-01-11,1.7000000476837158,
02RH066,1998-02-11,1.25,
02RH066,1998-03-11,2.400000095367432,
02RH066,1998-04-11,6.579999923706055,
02RH066,1998-05-11,16.5,
02RH066,1998-06-11,16.0,
02RH066,1998-07-11,35.20000076293945,
02RH066,1998-08-11,4.170000076293945,
02RH066,1998-09-11,6.579999923706055,
02RH066,1998-10-11,8.970000267028809,
02RH066,1998-11-11,6.150000095367432,
02RH066,1998-12-11,11.800000190734863,
02RH066,1999-01-11,2.890000104904175,
02RH066,1999-02-11,3.180000066757202,
02RH066,1999-03-11,1.830000042915344,
02RH066,1999-04-11,7.639999866485596,
02RH066,1999-05-11,34.5,
02RH066,1999-06-11,8.479999542236328,
02RH066,1999-07-11,4.460000038146973,
02RH066,1999-08-11,3.2300000190734863,
02RH066,1999-09-11,7.679999828338623,
02RH066,1999-10-11,14.199999809265137,
02RH066,1999-11-11,6.460000038146973,
02RH066,1999-12-11,8.550000190734863,
02RH066,2000-01-11,3.009999990463257,
02RH066,2000-02-11,1.590000033378601,
02RH066,2000-03-11,3.829999923706055,
02RH066,2000-04-11,6.579999923706055,
02RH066,2000-05-11,34.29999923706055,
02RH066,2000-06-11,9.270000457763672,
02RH066,2000-07-11,8.350000381469727,
02RH066,2000-08-11,30.299999237060547,
02RH066,2000-09-11,2.9800000190734863,
02RH066,2000-10-11,4.699999809265137,
02RH066,2000-11-11,11.399999618530272,
02RH066,2000-12-11,4.53000020980835,
02RH066,2001-01-11,2.200000047683716,
02RH066,2001-02-11,4.389999866485596,
02RH066,2001-03-11,1.2000000476837158,
02RH066,2001-04-11,12.300000190734863,
02RH066,2001-05-11,28.299999237060547,
02RH066,2001-06-11,9.510000228881836,
02RH066,2001-07-11,6.300000190734863,
02RH066,2001-08-11,3.539999961853028,
02RH066,2001-09-11,2.25,
02RH066,2001-10-11,9.65999984741211,
02RH066,2001-11-11,6.630000114440918,
02RH066,2001-12-11,13.300000190734863,
02RH066,2002-01-11,2.5999999046325684,E
02RH066,2002-02-11,1.8600000143051147,
02RH066,2002-03-11,2.2799999713897705,E
02RH066,2002-04-11,7.909999847412109,
02RH066,2002-05-11,19.200000762939453,
02RH066,2002-06-11,10.800000190734863,
02RH066,2002-07-11,3.9800000190734863,
02RH066,2002-08-11,3.3499999046325684,
02RH066,2002-09-11,6.5,
02RH066,2002-10-11,2.6700000762939453,
02RH066,2002-11-11,9.93000030517578,
02RH066,2002-12-11,2.299999952316284,E
02RH066,2003-01-11,1.440000057220459,E
02RH066,2003-02-11,0.8119999766349792,
02RH066,2003-03-11,0.5770000219345093,E
02RH066,2003-04-11,1.5199999809265137,
02RH066,2003-05-11,15.5,
02RH066,2003-06-11,8.350000381469727,
02RH066,2003-07-11,2.259999990463257,
02RH066,2003-08-11,11.5,
02RH066,2003-09-11,2.25,
02RH066,2003-10-11,3.259999990463257,
02RH066,2003-11-11,5.079999923706055,
02RH066,2003-12-11,4.119999885559082,E
02RH066,2004-01-11,3.390000104904175,E
02RH066,2004-02-11,1.559999942779541,E
02RH066,2004-03-11,1.2899999618530271,
02RH066,2004-04-11,4.679999828338623,
02RH066,2004-05-11,35.20000076293945,
02RH066,2004-06-11,8.8100004196167,
02RH066,2004-07-11,8.619999885559082,
02RH066,2004-08-11,3.690000057220459,
02RH066,2004-09-11,49.5,
02RH066,2004-10-11,4.079999923706055,
02RH066,2004-11-11,3.839999914169312,
02RH066,2004-12-11,3.220000028610229,
02RH066,2005-01-11,2.380000114440918,E
02RH066,2005-02-11,1.7100000381469729,
02RH066,2005-03-11,1.4700000286102295,E
02RH066,2005-04-11,6.489999771118164,
02RH066,2005-05-11,51.79999923706055,
02RH066,2005-06-11,7.53000020980835,
02RH066,2005-07-11,3.140000104904175,
02RH066,2005-08-11,6.25,
02RH066,2005-09-11,3.009999990463257,
02RH066,2005-10-11,4.980000019073486,
02RH066,2005-11-11,8.920000076293945,
02RH066,2005-12-11,6.039999961853027,
02RH066,2006-01-11,2.7100000381469727,E
02RH066,2006-02-11,2.130000114440918,
02RH066,2006-03-11,2.299999952316284,E
02RH066,2006-04-11,4.420000076293945,
02RH066,2006-05-11,33.5,
02RH066,2006-06-11,13.300000190734863,
02RH066,2006-07-11,23.700000762939453,
02RH066,2006-08-11,4.110000133514404,
02RH066,2006-09-11,3.2799999713897705,
02RH066,2006-10-11,6.670000076293945,
02RH066,2006-11-11,19.0,
02RH066,2006-12-11,5.659999847412109,E
02RH066,2007-01-11,5.360000133514404,E
02RH066,2007-02-11,2.1600000858306885,
02RH066,2007-03-11,1.75,E
02RH066,2007-04-11,2.0,
02RH066,2007-05-11,41.70000076293945,
02RH066,2007-06-11,6.170000076293945,
02RH066,2007-07-11,4.639999866485596,
02RH066,2007-08-11,7.230000019073486,
02RH066,2007-09-11,3.660000085830689,
02RH066,2007-10-11,3.9600000381469727,
02RH066,2007-11-11,4.929999828338623,
02RH066,2007-12-11,2.5799999237060547,
02RH066,2008-01-11,12.300000190734863,
02RH066,2008-02-11,2.799999952316284,
02RH066,2008-03-11,2.0299999713897705,
02RH066,2008-04-11,11.699999809265137,
02RH066,2008-05-11,31.0,
02RH066,2008-06-11,16.799999237060547,
02RH066,2008-07-11,11.300000190734863,
02RH066,2008-08-11,4.929999828338623,
02RH066,2008-09-11,6.489999771118164,
02RH066,2008-10-11,7.880000114440918,
02RH066,2008-11-11,8.010000228881836,
02RH066,2008-12-11,4.119999885559082,
02RH066,2009-01-11,2.859999895095825,
02RH066,2009-02-11,2.299999952316284,
02RH066,2009-03-11,2.400000095367432,
02RH066,2009-04-11,5.900000095367432,
02RH066,2009-05-11,27.5,
02RH066,2009-06-11,6.28000020980835,
02RH066,2009-07-11,6.110000133514404,
02RH066,2009-08-11,9.199999809265137,
02RH066,2009-09-11,2.190000057220459,
02RH066,2009-10-11,9.710000038146973,
02RH066,2009-11-11,5.019999980926514,
02RH066,2009-12-11,3.1600000858306885,
02RH066,2010-01-11,1.7999999523162842,
02RH066,2010-02-11,1.9600000381469729,
02RH066,2010-03-11,1.600000023841858,
02RH066,2010-04-11,17.299999237060547,
02RH066,2010-05-11,18.0,
02RH066,2010-06-11,6.550000190734863,
02RH066,2010-07-11,4.630000114440918,
02RH066,2010-08-11,2.559999942779541,
02RH066,2010-09-11,6.159999847412109,
02RH066,2010-10-11,9.720000267028809,
02RH066,2010-11-11,5.829999923706055,
02RH066,2010-12-11,5.039999961853027,
02RH066,2011-01-11,3.670000076293945,
02RH066,2011-02-11,2.400000095367432,
02RH066,2011-03-11,1.7699999809265137,
02RH066,2011-04-11,9.289999961853027,
02RH066,2011-05-11,28.600000381469727,
02RH066,2011-06-11,13.600000381469728,
02RH066,2011-07-11,5.679999828338623,
02RH066,2011-08-11,11.199999809265137,
02RH066,2011-09-11,7.699999809265137,
02RH066,2011-10-11,3.509999990463257,
02RH066,2011-11-11,6.079999923706055,
02RH066,2011-12-11,4.21999979019165,
02RH066,2012-01-11,2.369999885559082,B
02RH066,2012-02-11,1.950000047683716,B
02RH066,2012-03-11,5.139999866485596,B
02RH066,2012-04-11,3.700000047683716,B
02RH066,2012-05-11,41.400001525878906,
02RH066,2012-06-11,5.260000228881836,
02RH066,2012-07-11,3.5299999713897705,
02RH066,2012-08-11,4.519999980926514,
02RH066,2012-09-11,3.569999933242798,
02RH066,2012-10-11,3.619999885559082,
02RH066,2012-11-11,4.050000190734863,B
02RH066,2012-12-11,3.25,B
02RH066,2013-01-11,1.940000057220459,B
02RH066,2013-02-11,2.319999933242798,B
02RH066,2013-03-11,2.140000104904175,B
02RH066,2013-04-11,2.549999952316284,B
02RH066,2013-05-11,36.20000076293945,
02RH066,2013-06-11,13.899999618530272,
02RH066,2013-07-11,3.5999999046325684,
02RH066,2013-08-11,5.849999904632568,
02RH066,2013-09-11,3.900000095367432,
02RH066,2013-10-11,4.079999923706055,
02RH066,2013-11-11,5.079999923706055,
02RH066,2013-12-11,2.609999895095825,B
02RH066,2014-01-11,1.7699999809265137,B
02RH066,2014-02-11,1.5499999523162842,B
02RH066,2014-03-11,1.2899999618530271,B
02RH066,2014-04-11,9.699999809265137,B
02RH066,2014-05-11,57.70000076293945,
02RH066,2014-06-11,4.579999923706055,
02RH066,2014-07-11,3.559999942779541,
02RH066,2014-08-11,2.319999933242798,
02RH066,2014-09-11,3.700000047683716,
02RH066,2014-10-11,7.380000114440918,
02RH066,2014-11-11,5.429999828338623,B
02RH066,2014-12-11,3.0899999141693115,B
02RH066,2015-01-11,2.109999895095825,B
02RH066,2015-02-11,1.4199999570846558,B
02RH066,2015-03-11,1.159999966621399,B
02RH066,2015-04-11,1.3799999952316284,B
02RH066,2015-05-11,24.399999618530277,
02RH066,2015-06-11,11.800000190734863,
02RH066,2015-07-11,4.329999923706055,
02RH066,2015-08-11,10.0,
02RH066,2015-09-11,3.289999961853028,
02RH066,2015-10-11,3.3399999141693115,
02RH066,2015-11-11,5.789999961853027,
02RH066,2015-12-11,3.7799999713897705,B
02RH066,2016-01-11,2.539999961853028,B
02RH066,2016-02-11,2.4100000858306885,B
02RH066,2016-03-11,3.130000114440918,B
02RH066,2016-04-11,6.550000190734863,B
02RH066,2016-05-11,24.5,
02RH066,2016-06-11,29.0,
02RH066,2016-07-11,12.899999618530272,
02RH066,2016-08-11,4.559999942779541,
02RH066,2016-09-11,4.320000171661377,
02RH066,2016-10-11,2.799999952316284,
02RH066,2016-11-11,13.0,
02RH066,2016-12-11,4.409999847412109,B
02RH066,2017-01-11,2.8499999046325684,B
02RH066,2017-02-11,1.940000057220459,B
02RH066,2017-03-11,3.069999933242798,B
02RH066,2017-04-11,9.31999969482422,B
02RH066,2017-05-11,32.099998474121094,
02RH066,2017-06-11,5.369999885559082,
02RH066,2017-07-11,7.309999942779541,
02RH066,2017-08-11,3.450000047683716,
02RH066,2017-09-11,11.199999809265137,
02RH066,2017-10-11,3.7799999713897705,
02RH066,2017-11-11,8.930000305175781,B
02RH066,2017-12-11,3.4200000762939453,B
02RH066,2018-01-11,2.900000095367432,B
02RH066,2018-02-11,2.0299999713897705,B
02RH066,2018-03-11,2.25,B
02RH066,2018-04-11,1.2599999904632568,B
02RH066,2018-05-11,68.69999694824219,
02RH066,2018-06-11,6.679999828338623,
02RH066,2018-07-11,4.400000095367432,
02RH066,2018-08-11,7.539999961853027,
02RH066,2018-09-11,2.4800000190734863,
02RH066,2018-10-11,28.799999237060547,
02RH066,2018-11-11,9.229999542236328,
02RH066,2018-12-11,2.799999952316284,B
02RH066,2019-01-11,2.619999885559082,B
02RH066,2019-02-11,2.75,B
02RH066,2019-03-11,1.409999966621399,B
02RH066,2019-04-11,2.0799999237060547,B
02RH066,2019-05-11,48.0,
02RH066,2019-06-11,14.5,
02RH066,2019-07-11,4.53000020980835,
02RH066,2019-08-11,5.380000114440918,
02RH066,2019-09-11,2.890000104904175,
02RH066,2019-10-11,4.230000019073486,
02RH066,2019-11-11,5.96999979019165,B
02RH066,2019-12-11,2.9800000190734863,B
02RH066,2020-01-11,1.7599999904632568,B
02RH066,2020-02-11,1.5,B
02RH066,2020-03-11,2.390000104904175,B
02RH066,2020-04-11,3.240000009536743,B
02RH066,2020-05-11,10.300000190734863,
02RH066,2020-06-11,9.829999923706056,
02RH066,2020-07-11,3.7300000190734863,
02RH066,2020-08-11,4.360000133514404,
02RH066,2020-09-11,9.989999771118164,
02RH066,2020-10-11,13.5,
02RH066,2020-11-11,6.489999771118164,
02RH066,2020-12-11,4.349999904632568,B
02RH066,2021-01-11,3.140000104904175,B
02RH066,2021-02-11,2.1700000762939453,B
02RH066,2021-03-11,2.900000095367432,B
02RH066,2021-04-11,22.5,
02RH066,2021-05-11,10.899999618530272,
02RH066,2021-06-11,3.650000095367432,
02RH066,2021-07-11,6.309999942779541,
02RH066,2021-08-11,2.4100000858306885,
02RH066,2021-09-11,1.9900000095367432,
02RH066,2021-10-11,1.9299999475479128,
02RH066,2021-11-11,3.0199999809265137,
02RH066,2021-12-11,3.0999999046325684,B
02RH066,2022-01-11,2.0799999237060547,B
02RH066,2022-02-11,1.649999976158142,B
02RH066,2022-03-11,1.440000057220459,B
02RH066,2022-04-11,2.990000009536743,B
02RH066,2022-05-11,45.79999923706055,
02RH066,2022-06-11,54.400001525878906,
02RH066,2022-07-11,5.679999828338623,
02RH066,2022-08-11,4.0,
02RH066,2022-09-11,2.5899999141693115,
02RH066,2022-10-11,3.509999990463257,
02RH066,2022-11-11,5.03000020980835,
02RH066,2022-12-11,3.319999933242798,B
02RH066,2023-01-11,3.140000104904175,B
02RH066,2023-02-11,2.069999933242798,B
02RH066,2023-03-11,1.4600000381469729,B
02RH066,2023-04-11,2.9600000381469727,B
02RH066,2023-05-11,12.0,
02RH066,2023-06-11,7.46999979019165,
02RH066,2023-07-11,41.400001525878906,
02RH066,2023-08-11,13.5,
02RH066,2023-09-11,4.940000057220459,
02RH066,2023-10-11,5.010000228881836,
02RH066,2023-11-11,5.199999809265137,B
02RH066,2023-12-11,4.880000114440918,B
02RH066,2024-01-11,2.450000047683716,B
02RH066,2024-02-11,2.309999942779541,B
02RH066,2024-03-11,3.4200000762939453,B
02RH066,2024-04-11,7.289999961853027,
02RH066,2024-05-11,9.59000015258789,
02RH066,2024-06-11,12.899999618530272,
02RH066,2024-07-11,3.3499999046325684,
02RH066,2024-08-11,10.399999618530272,
02RH066,2024-09-11,2.490000009536743,
02RH066,1996-11-12,,
02RH066,1997-02-12,1.809999942779541,
02RH066,1997-03-12,1.690000057220459,
02RH066,1997-04-12,6.940000057220459,
02RH066,1997-05-12,21.600000381469727,
02RH066,1997-06-12,22.0,
02RH066,1997-07-12,5.130000114440918,
02RH066,1997-08-12,2.5899999141693115,
02RH066,1997-09-12,3.0799999237060547,
02RH066,1997-10-12,6.059999942779541,
02RH066,1997-11-12,5.489999771118164,
02RH066,1997-12-12,2.390000104904175,
02RH066,1998-01-12,1.690000057220459,
02RH066,1998-02-12,1.2300000190734863,
02RH066,1998-03-12,2.869999885559082,
02RH066,1998-04-12,6.559999942779541,
02RH066,1998-05-12,13.399999618530272,
02RH066,1998-06-12,12.5,
02RH066,1998-07-12,26.200000762939453,
02RH066,1998-08-12,3.559999942779541,
02RH066,1998-09-12,5.929999828338623,
02RH066,1998-10-12,8.6899995803833,
02RH066,1998-11-12,7.690000057220459,
02RH066,1998-12-12,14.300000190734863,
02RH066,1999-01-12,2.809999942779541,
02RH066,1999-02-12,3.5299999713897705,
02RH066,1999-03-12,1.7699999809265137,
02RH066,1999-04-12,7.440000057220459,
02RH066,1999-05-12,20.799999237060547,
02RH066,1999-06-12,7.039999961853027,
02RH066,1999-07-12,4.309999942779541,
02RH066,1999-08-12,2.809999942779541,
02RH066,1999-09-12,6.900000095367432,
02RH066,1999-10-12,10.100000381469728,
02RH066,1999-11-12,6.849999904632568,
02RH066,1999-12-12,8.609999656677246,
02RH066,2000-01-12,2.9200000762939453,
02RH066,2000-02-12,1.559999942779541,
02RH066,2000-03-12,3.630000114440918,
02RH066,2000-04-12,5.610000133514404,
02RH066,2000-05-12,29.399999618530277,
02RH066,2000-06-12,8.020000457763672,
02RH066,2000-07-12,11.600000381469728,
02RH066,2000-08-12,15.800000190734863,
02RH066,2000-09-12,2.9200000762939453,
02RH066,2000-10-12,5.420000076293945,
02RH066,2000-11-12,12.800000190734863,
02RH066,2000-12-12,4.309999942779541,
02RH066,2001-01-12,2.119999885559082,
02RH066,2001-02-12,5.46999979019165,
02RH066,2001-03-12,1.1799999475479126,
02RH066,2001-04-12,10.899999618530272,
02RH066,2001-05-12,30.899999618530277,
02RH066,2001-06-12,8.279999732971191,
02RH066,2001-07-12,14.100000381469728,
02RH066,2001-08-12,3.2100000381469727,
02RH066,2001-09-12,2.1700000762939453,
02RH066,2001-10-12,8.1899995803833,
02RH066,2001-11-12,4.71999979019165,
02RH066,2001-12-12,16.299999237060547,
02RH066,2002-01-12,2.549999952316284,E
02RH066,2002-02-12,1.850000023841858,
02RH066,2002-03-12,2.240000009536743,E
02RH066,2002-04-12,8.0600004196167,
02RH066,2002-05-12,14.899999618530272,
02RH066,2002-06-12,9.4399995803833,
02RH066,2002-07-12,3.5299999713897705,
02RH066,2002-08-12,2.900000095367432,
02RH066,2002-09-12,10.5,
02RH066,2002-10-12,2.640000104904175,
02RH066,2002-11-12,19.5,
02RH066,2002-12-12,2.2699999809265137,E
02RH066,2003-01-12,1.409999966621399,E
02RH066,2003-02-12,0.8009999990463257,
02RH066,2003-03-12,0.5709999799728394,E
02RH066,2003-04-12,1.4700000286102295,
02RH066,2003-05-12,27.0,
02RH066,2003-06-12,20.600000381469727,
02RH066,2003-07-12,2.009999990463257,
02RH066,2003-08-12,7.699999809265137,
02RH066,2003-09-12,2.190000057220459,
02RH066,2003-10-12,2.9200000762939453,
02RH066,2003-11-12,4.960000038146973,
02RH066,2003-12-12,5.010000228881836,E
02RH066,2004-01-12,3.240000009536743,E
02RH066,2004-02-12,1.5399999618530271,E
02RH066,2004-03-12,1.2799999713897705,
02RH066,2004-04-12,4.449999809265137,
02RH066,2004-05-12,37.70000076293945,
02RH066,2004-06-12,7.690000057220459,
02RH066,2004-07-12,7.210000038146973,
02RH066,2004-08-12,3.549999952316284,
02RH066,2004-09-12,26.399999618530277,
02RH066,2004-10-12,4.179999828338623,
02RH066,2004-11-12,3.990000009536743,
02RH066,2004-12-12,3.109999895095825,
02RH066,2005-01-12,2.359999895095825,E
02RH066,2005-02-12,1.7000000476837158,
02RH066,2005-03-12,1.4700000286102295,E
02RH066,2005-04-12,6.0,
02RH066,2005-05-12,50.5,
02RH066,2005-06-12,7.329999923706055,
02RH066,2005-07-12,2.869999885559082,
02RH066,2005-08-12,4.360000133514404,
02RH066,2005-09-12,3.3499999046325684,
02RH066,2005-10-12,4.78000020980835,
02RH066,2005-11-12,8.550000190734863,
02RH066,2005-12-12,5.630000114440918,
02RH066,2006-01-12,2.700000047683716,E
02RH066,2006-02-12,2.0999999046325684,
02RH066,2006-03-12,4.130000114440918,E
02RH066,2006-04-12,6.550000190734863,
02RH066,2006-05-12,41.70000076293945,
02RH066,2006-06-12,27.200000762939453,
02RH066,2006-07-12,18.700000762939453,
02RH066,2006-08-12,4.070000171661377,
02RH066,2006-09-12,2.930000066757202,
02RH066,2006-10-12,6.599999904632568,
02RH066,2006-11-12,14.600000381469728,
02RH066,2006-12-12,5.5,E
02RH066,2007-01-12,4.909999847412109,E
02RH066,2007-02-12,2.140000104904175,
02RH066,2007-03-12,1.7400000095367432,E
02RH066,2007-04-12,2.049999952316284,
02RH066,2007-05-12,35.5,
02RH066,2007-06-12,5.53000020980835,
02RH066,2007-07-12,9.039999961853027,
02RH066,2007-08-12,5.739999771118164,
02RH066,2007-09-12,20.200000762939453,
02RH066,2007-10-12,4.409999847412109,
02RH066,2007-11-12,4.739999771118164,
02RH066,2007-12-12,2.549999952316284,
02RH066,2008-01-12,10.5,
02RH066,2008-02-12,2.7699999809265137,
02RH066,2008-03-12,2.009999990463257,
02RH066,2008-04-12,11.600000381469728,
02RH066,2008-05-12,29.600000381469727,
02RH066,2008-06-12,19.200000762939453,
02RH066,2008-07-12,10.100000381469728,
02RH066,2008-08-12,7.610000133514404,
02RH066,2008-09-12,5.110000133514404,
02RH066,2008-10-12,7.400000095367432,
02RH066,2008-11-12,6.949999809265137,
02RH066,2008-12-12,4.050000190734863,
02RH066,2009-01-12,2.819999933242798,
02RH066,2009-02-12,2.299999952316284,
02RH066,2009-03-12,2.3499999046325684,
02RH066,2009-04-12,5.139999866485596,
02RH066,2009-05-12,20.100000381469727,
02RH066,2009-06-12,7.300000190734863,
02RH066,2009-07-12,6.849999904632568,
02RH066,2009-08-12,6.860000133514404,
02RH066,2009-09-12,2.069999933242798,
02RH066,2009-10-12,7.789999961853027,
02RH066,2009-11-12,4.650000095367432,
02RH066,2009-12-12,3.059999942779541,
02RH066,2010-01-12,1.7899999618530271,
02RH066,2010-02-12,1.919999957084656,
02RH066,2010-03-12,1.590000033378601,
02RH066,2010-04-12,14.100000381469728,
02RH066,2010-05-12,16.899999618530273,
02RH066,2010-06-12,5.619999885559082,
02RH066,2010-07-12,3.630000114440918,
02RH066,2010-08-12,2.359999895095825,
02RH066,2010-09-12,4.429999828338623,
02RH066,2010-10-12,8.859999656677246,
02RH066,2010-11-12,5.809999942779541,
02RH066,2010-12-12,4.989999771118164,
02RH066,2011-01-12,3.609999895095825,
02RH066,2011-02-12,2.369999885559082,
02RH066,2011-03-12,1.7400000095367432,
02RH066,2011-04-12,13.0,
02RH066,2011-05-12,31.5,
02RH066,2011-06-12,10.5,
02RH066,2011-07-12,7.659999847412109,
02RH066,2011-08-12,17.200000762939453,
02RH066,2011-09-12,6.800000190734863,
02RH066,2011-10-12,3.430000066757202,
02RH066,2011-11-12,6.599999904632568,
02RH066,2011-12-12,4.0,
02RH066,2012-01-12,2.3499999046325684,B
02RH066,2012-02-12,1.950000047683716,B
02RH066,2012-03-12,4.429999828338623,B
02RH066,2012-04-12,3.7300000190734863,B
02RH066,2012-05-12,32.599998474121094,
02RH066,2012-06-12,5.599999904632568,
02RH066,2012-07-12,3.2699999809265137,
02RH066,2012-08-12,6.03000020980835,
02RH066,2012-09-12,3.0999999046325684,
02RH066,2012-10-12,4.039999961853027,
02RH066,2012-11-12,3.869999885559082,B
02RH066,2012-12-12,3.059999942779541,B
02RH066,2013-01-12,1.919999957084656,B
02RH066,2013-02-12,2.2300000190734863,B
02RH066,2013-03-12,2.9200000762939453,B
02RH066,2013-04-12,2.4600000381469727,B
02RH066,2013-05-12,36.900001525878906,
02RH066,2013-06-12,11.399999618530272,
02RH066,2013-07-12,3.7799999713897705,
02RH066,2013-08-12,5.0,
02RH066,2013-09-12,4.579999923706055,
02RH066,2013-10-12,3.5299999713897705,
02RH066,2013-11-12,4.269999980926514,
02RH066,2013-12-12,2.509999990463257,B
02RH066,2014-01-12,1.8200000524520876,B
02RH066,2014-02-12,1.5299999713897705,B
02RH066,2014-03-12,1.2799999713897705,B
02RH066,2014-04-12,12.5,B
02RH066,2014-05-12,48.400001525878906,
02RH066,2014-06-12,4.389999866485596,
02RH066,2014-07-12,2.819999933242798,
02RH066,2014-08-12,2.430000066757202,
02RH066,2014-09-12,3.4600000381469727,
02RH066,2014-10-12,6.929999828338623,
02RH066,2014-11-12,5.260000228881836,B
02RH066,2014-12-12,3.0199999809265137,B
02RH066,2015-01-12,2.0799999237060547,B
02RH066,2015-02-12,1.409999966621399,B
02RH066,2015-03-12,1.149999976158142,B
02RH066,2015-04-12,1.649999976158142,B
02RH066,2015-05-12,20.100000381469727,
02RH066,2015-06-12,11.800000190734863,
02RH066,2015-07-12,5.139999866485596,
02RH066,2015-08-12,18.100000381469727,
02RH066,2015-09-12,3.140000104904175,
02RH066,2015-10-12,5.0,
02RH066,2015-11-12,5.360000133514404,
02RH066,2015-12-12,5.099999904632568,B
02RH066,2016-01-12,2.5,B
02RH066,2016-02-12,2.25,B
02RH066,2016-03-12,4.119999885559082,B
02RH066,2016-04-12,6.389999866485596,B
02RH066,2016-05-12,26.0,
02RH066,2016-06-12,37.400001525878906,
02RH066,2016-07-12,9.729999542236328,
02RH066,2016-08-12,4.300000190734863,
02RH066,2016-09-12,3.5199999809265137,
02RH066,2016-10-12,2.5899999141693115,
02RH066,2016-11-12,11.199999809265137,
02RH066,2016-12-12,4.300000190734863,B
02RH066,2017-01-12,2.9800000190734863,B
02RH066,2017-02-12,1.9299999475479128,B
02RH066,2017-03-12,2.8499999046325684,B
02RH066,2017-04-12,13.0,B
02RH066,2017-05-12,28.899999618530277,
02RH066,2017-06-12,4.909999847412109,
02RH066,2017-07-12,7.940000057220459,
02RH066,2017-08-12,4.760000228881836,
02RH066,2017-09-12,7.579999923706055,
02RH066,2017-10-12,3.4100000858306885,
02RH066,2017-11-12,8.380000114440918,B
02RH066,2017-12-12,3.289999961853028,B
02RH066,2018-01-12,4.980000019073486,B
02RH066,2018-02-12,2.009999990463257,B
02RH066,2018-03-12,2.190000057220459,B
02RH066,2018-04-12,1.2300000190734863,B
02RH066,2018-05-12,44.70000076293945,
02RH066,2018-06-12,5.900000095367432,
02RH066,2018-07-12,3.740000009536743,
02RH066,2018-08-12,5.230000019073486,
02RH066,2018-09-12,2.319999933242798,
02RH066,2018-10-12,28.899999618530277,
02RH066,2018-11-12,7.980000019073486,B
02RH066,2018-12-12,2.740000009536743,B
02RH066,2019-01-12,2.539999961853028,B
02RH066,2019-02-12,2.5999999046325684,B
02RH066,2019-03-12,1.3899999856948853,B
02RH066,2019-04-12,2.259999990463257,B
02RH066,2019-05-12,34.79999923706055,
02RH066,2019-06-12,14.899999618530272,
02RH066,2019-07-12,4.900000095367432,
02RH066,2019-08-12,6.039999961853027,
02RH066,2019-09-12,3.4800000190734863,
02RH066,2019-10-12,3.9600000381469727,
02RH066,2019-11-12,5.730000019073486,B
02RH066,2019-12-12,2.75,B
02RH066,2020-01-12,1.7400000095367432,B
02RH066,2020-02-12,1.4900000095367432,B
02RH066,2020-03-12,3.9600000381469727,B
02RH066,2020-04-12,2.8399999141693115,B
02RH066,2020-05-12,8.960000038146973,
02RH066,2020-06-12,9.640000343322754,
02RH066,2020-07-12,5.650000095367432,
02RH066,2020-08-12,5.639999866485596,
02RH066,2020-09-12,7.389999866485596,
02RH066,2020-10-12,12.0,
02RH066,2020-11-12,6.050000190734863,
02RH066,2020-12-12,4.170000076293945,B
02RH066,2021-01-12,3.0299999713897705,B
02RH066,2021-02-12,2.1700000762939453,B
02RH066,2021-03-12,3.3499999046325684,B
02RH066,2021-04-12,21.799999237060547,
02RH066,2021-05-12,11.699999809265137,
02RH066,2021-06-12,3.3499999046325684,
02RH066,2021-07-12,5.440000057220459,
02RH066,2021-08-12,2.289999961853028,
02RH066,2021-09-12,2.299999952316284,
02RH066,2021-10-12,1.899999976158142,
02RH066,2021-11-12,2.940000057220459,
02RH066,2021-12-12,3.470000028610229,B
02RH066,2022-01-12,2.059999942779541,B
02RH066,2022-02-12,1.6399999856948853,B
02RH066,2022-03-12,1.440000057220459,B
02RH066,2022-04-12,3.490000009536743,B
02RH066,2022-05-12,54.79999923706055,
02RH066,2022-06-12,32.79999923706055,
02RH066,2022-07-12,7.25,
02RH066,2022-08-12,3.539999961853028,
02RH066,2022-09-12,2.440000057220459,
02RH066,2022-10-12,3.2799999713897705,
02RH066,2022-11-12,10.5,
02RH066,2022-12-12,3.25,B
02RH066,2023-01-12,3.0899999141693115,B
02RH066,2023-02-12,2.049999952316284,B
02RH066,2023-03-12,1.4299999475479126,B
02RH066,2023-04-12,5.199999809265137,B
02RH066,2023-05-12,13.100000381469728,
02RH066,2023-06-12,6.130000114440918,
02RH066,2023-07-12,46.5,
02RH066,2023-08-12,15.899999618530272,
02RH066,2023-09-12,4.260000228881836,
02RH066,2023-10-12,4.599999904632568,
02RH066,2023-11-12,4.949999809265137,B
02RH066,2023-12-12,4.690000057220459,B
02RH066,2024-01-12,2.369999885559082,B
02RH066,2024-02-12,2.180000066757202,B
02RH066,2024-03-12,3.1700000762939453,B
02RH066,2024-04-12,18.600000381469727,
02RH066,2024-05-12,8.890000343322754,
02RH066,2024-06-12,10.300000190734863,
02RH066,2024-07-12,3.25,
02RH066,2024-08-12,5.960000038146973,
02RH066,2024-09-12,2.4100000858306885,
02RH066,1996-11-13,,
02RH066,1997-02-13,1.7899999618530271,
02RH066,1997-03-13,1.6299999952316284,
02RH066,1997-04-13,6.309999942779541,
02RH066,1997-05-13,33.79999923706055,
02RH066,1997-06-13,18.899999618530277,
02RH066,1997-07-13,4.610000133514404,
02RH066,1997-08-13,2.470000028610229,
02RH066,1997-09-13,3.109999895095825,
02RH066,1997-10-13,5.619999885559082,
02RH066,1997-11-13,5.760000228881836,
02RH066,1997-12-13,2.359999895095825,
02RH066,1998-01-13,1.6699999570846558,
02RH066,1998-02-13,1.2200000286102295,
02RH066,1998-03-13,3.009999990463257,
02RH066,1998-04-13,6.570000171661377,
02RH066,1998-05-13,11.100000381469728,
02RH066,1998-06-13,10.300000190734863,
02RH066,1998-07-13,15.800000190734863,
02RH066,1998-08-13,3.039999961853028,
02RH066,1998-09-13,7.179999828338623,
02RH066,1998-10-13,7.78000020980835,
02RH066,1998-11-13,6.449999809265137,
02RH066,1998-12-13,12.800000190734863,
02RH066,1999-01-13,2.759999990463257,
02RH066,1999-02-13,3.400000095367432,
02RH066,1999-03-13,1.7400000095367432,
02RH066,1999-04-13,7.25,
02RH066,1999-05-13,14.899999618530272,
02RH066,1999-06-13,5.909999847412109,
02RH066,1999-07-13,3.880000114440918,
02RH066,1999-08-13,2.630000114440918,
02RH066,1999-09-13,4.840000152587891,
02RH066,1999-10-13,14.0,
02RH066,1999-11-13,5.679999828338623,
02RH066,1999-12-13,7.679999828338623,
02RH066,2000-01-13,2.859999895095825,
02RH066,2000-02-13,1.5299999713897705,
02RH066,2000-03-13,3.4600000381469727,
02RH066,2000-04-13,5.25,
02RH066,2000-05-13,32.400001525878906,
02RH066,2000-06-13,7.199999809265137,
02RH066,2000-07-13,8.5600004196167,
02RH066,2000-08-13,9.979999542236328,
02RH066,2000-09-13,3.289999961853028,
02RH066,2000-10-13,9.260000228881836,
02RH066,2000-11-13,10.699999809265137,
02RH066,2000-12-13,4.119999885559082,
02RH066,2001-01-13,2.059999942779541,
02RH066,2001-02-13,4.670000076293945,
02RH066,2001-03-13,1.159999966621399,
02RH066,2001-04-13,12.800000190734863,
02RH066,2001-05-13,33.900001525878906,
02RH066,2001-06-13,7.199999809265137,
02RH066,2001-07-13,41.79999923706055,
02RH066,2001-08-13,2.950000047683716,
02RH066,2001-09-13,2.4600000381469727,
02RH066,2001-10-13,6.940000057220459,
02RH066,2001-11-13,4.840000152587891,
02RH066,2001-12-13,16.200000762939453,
02RH066,2002-01-13,2.5,E
02RH066,2002-02-13,1.840000033378601,
02RH066,2002-03-13,2.200000047683716,E
02RH066,2002-04-13,13.0,
02RH066,2002-05-13,11.800000190734863,
02RH066,2002-06-13,8.15999984741211,
02RH066,2002-07-13,3.450000047683716,
02RH066,2002-08-13,2.650000095367432,
02RH066,2002-09-13,7.429999828338623,
02RH066,2002-10-13,2.569999933242798,
02RH066,2002-11-13,12.5,
02RH066,2002-12-13,2.25,E
02RH066,2003-01-13,1.3700000047683716,E
02RH066,2003-02-13,0.7900000214576721,
02RH066,2003-03-13,0.5659999847412109,E
02RH066,2003-04-13,1.440000057220459,
02RH066,2003-05-13,28.899999618530277,
02RH066,2003-06-13,14.199999809265137,
02RH066,2003-07-13,1.8799999952316284,
02RH066,2003-08-13,5.610000133514404,
02RH066,2003-09-13,2.069999933242798,
02RH066,2003-10-13,2.6700000762939453,
02RH066,2003-11-13,4.849999904632568,
02RH066,2003-12-13,6.019999980926514,E
02RH066,2004-01-13,3.109999895095825,E
02RH066,2004-02-13,1.5199999809265137,E
02RH066,2004-03-13,1.2699999809265137,
02RH066,2004-04-13,4.239999771118164,
02RH066,2004-05-13,26.0,
02RH066,2004-06-13,6.829999923706055,
02RH066,2004-07-13,6.28000020980835,
02RH066,2004-08-13,3.609999895095825,
02RH066,2004-09-13,16.200000762939453,
02RH066,2004-10-13,3.920000076293945,
02RH066,2004-11-13,3.920000076293945,
02RH066,2004-12-13,3.0199999809265137,
02RH066,2005-01-13,2.890000104904175,E
02RH066,2005-02-13,1.6799999475479126,
02RH066,2005-03-13,1.4700000286102295,E
02RH066,2005-04-13,5.599999904632568,
02RH066,2005-05-13,30.299999237060547,
02RH066,2005-06-13,23.5,
02RH066,2005-07-13,2.559999942779541,
02RH066,2005-08-13,3.049999952316284,
02RH066,2005-09-13,3.839999914169312,
02RH066,2005-10-13,4.579999923706055,
02RH066,2005-11-13,9.369999885559082,
02RH066,2005-12-13,5.28000020980835,
02RH066,2006-01-13,2.9600000381469727,E
02RH066,2006-02-13,2.0799999237060547,
02RH066,2006-03-13,3.990000009536743,E
02RH066,2006-04-13,17.399999618530273,
02RH066,2006-05-13,43.20000076293945,
02RH066,2006-06-13,22.600000381469727,
02RH066,2006-07-13,13.300000190734863,
02RH066,2006-08-13,4.099999904632568,
02RH066,2006-09-13,2.6700000762939453,
02RH066,2006-10-13,8.229999542236328,
02RH066,2006-11-13,12.100000381469728,
02RH066,2006-12-13,5.360000133514404,E
02RH066,2007-01-13,4.539999961853027,E
02RH066,2007-02-13,2.119999885559082,
02RH066,2007-03-13,1.7400000095367432,E
02RH066,2007-04-13,2.0999999046325684,
02RH066,2007-05-13,24.600000381469727,
02RH066,2007-06-13,5.070000171661377,
02RH066,2007-07-13,10.100000381469728,
02RH066,2007-08-13,5.53000020980835,
02RH066,2007-09-13,23.799999237060547,
02RH066,2007-10-13,11.300000190734863,
02RH066,2007-11-13,4.570000171661377,
02RH066,2007-12-13,2.5299999713897705,
02RH066,2008-01-13,8.899999618530273,
02RH066,2008-02-13,2.75,
02RH066,2008-03-13,1.9800000190734863,
02RH066,2008-04-13,11.5,
02RH066,2008-05-13,29.299999237060547,
02RH066,2008-06-13,14.800000190734863,
02RH066,2008-07-13,12.399999618530272,
02RH066,2008-08-13,8.5600004196167,
02RH066,2008-09-13,4.860000133514404,
02RH066,2008-10-13,6.730000019073486,
02RH066,2008-11-13,6.079999923706055,
02RH066,2008-12-13,3.9800000190734863,
02RH066,2009-01-13,2.789999961853028,
02RH066,2009-02-13,2.289999961853028,
02RH066,2009-03-13,2.319999933242798,
02RH066,2009-04-13,4.599999904632568,
02RH066,2009-05-13,17.200000762939453,
02RH066,2009-06-13,7.96999979019165,
02RH066,2009-07-13,6.889999866485596,
02RH066,2009-08-13,5.230000019073486,
02RH066,2009-09-13,2.049999952316284,
02RH066,2009-10-13,6.579999923706055,
02RH066,2009-11-13,4.210000038146973,
02RH066,2009-12-13,2.9600000381469727,
02RH066,2010-01-13,1.7699999809265137,
02RH066,2010-02-13,1.8899999856948853,
02RH066,2010-03-13,1.600000023841858,
02RH066,2010-04-13,11.800000190734863,
02RH066,2010-05-13,15.100000381469728,
02RH066,2010-06-13,5.050000190734863,
02RH066,2010-07-13,3.150000095367432,
02RH066,2010-08-13,2.1700000762939453,
02RH066,2010-09-13,3.569999933242798,
02RH066,2010-10-13,8.15999984741211,
02RH066,2010-11-13,5.829999923706055,
02RH066,2010-12-13,6.010000228881836,
02RH066,2011-01-13,3.539999961853028,
02RH066,2011-02-13,2.3499999046325684,
02RH066,2011-03-13,2.200000047683716,
02RH066,2011-04-13,15.100000381469728,
02RH066,2011-05-13,36.09999847412109,
02RH066,2011-06-13,10.399999618530272,
02RH066,2011-07-13,8.65999984741211,
02RH066,2011-08-13,17.700000762939453,
02RH066,2011-09-13,6.400000095367432,
02RH066,2011-10-13,3.3499999046325684,
02RH066,2011-11-13,5.670000076293945,
02RH066,2011-12-13,3.829999923706055,
02RH066,2012-01-13,2.3299999237060547,B
02RH066,2012-02-13,1.940000057220459,B
02RH066,2012-03-13,3.859999895095825,B
02RH066,2012-04-13,3.809999942779541,B
02RH066,2012-05-13,24.399999618530277,
02RH066,2012-06-13,7.699999809265137,
02RH066,2012-07-13,3.690000057220459,
02RH066,2012-08-13,6.099999904632568,
02RH066,2012-09-13,2.7300000190734863,
02RH066,2012-10-13,3.849999904632568,
02RH066,2012-11-13,5.159999847412109,B
02RH066,2012-12-13,2.9600000381469727,B
02RH066,2013-01-13,2.640000104904175,B
02RH066,2013-02-13,2.1600000858306885,B
02RH066,2013-03-13,4.590000152587891,B
02RH066,2013-04-13,2.4800000190734863,B
02RH066,2013-05-13,26.100000381469727,
02RH066,2013-06-13,9.720000267028809,
02RH066,2013-07-13,3.4200000762939453,
02RH066,2013-08-13,5.71999979019165,
02RH066,2013-09-13,7.570000171661377,
02RH066,2013-10-13,3.180000066757202,
02RH066,2013-11-13,4.570000171661377,
02RH066,2013-12-13,2.470000028610229,B
02RH066,2014-01-13,2.549999952316284,B
02RH066,2014-02-13,1.5199999809265137,B
02RH066,2014-03-13,1.2799999713897705,B
02RH066,2014-04-13,11.600000381469728,B
02RH066,2014-05-13,35.29999923706055,
02RH066,2014-06-13,7.880000114440918,
02RH066,2014-07-13,2.380000114440918,
02RH066,2014-08-13,2.190000057220459,
02RH066,2014-09-13,3.299999952316284,
02RH066,2014-10-13,6.070000171661377,
02RH066,2014-11-13,5.090000152587891,B
02RH066,2014-12-13,2.950000047683716,B
02RH066,2015-01-13,2.039999961853028,B
02RH066,2015-02-13,1.399999976158142,B
02RH066,2015-03-13,1.149999976158142,B
02RH066,2015-04-13,2.109999895095825,B
02RH066,2015-05-13,26.700000762939453,
02RH066,2015-06-13,9.470000267028809,
02RH066,2015-07-13,5.059999942779541,
02RH066,2015-08-13,18.700000762939453,
02RH066,2015-09-13,3.109999895095825,
02RH066,2015-10-13,5.269999980926514,
02RH066,2015-11-13,5.71999979019165,
02RH066,2015-12-13,5.409999847412109,B
02RH066,2016-01-13,2.4600000381469727,B
02RH066,2016-02-13,2.109999895095825,B
02RH066,2016-03-13,4.519999980926514,B
02RH066,2016-04-13,6.269999980926514,B
02RH066,2016-05-13,38.29999923706055,
02RH066,2016-06-13,51.20000076293945,
02RH066,2016-07-13,7.889999866485596,
02RH066,2016-08-13,3.890000104904175,
02RH066,2016-09-13,3.119999885559082,
02RH066,2016-10-13,2.5299999713897705,
02RH066,2016-11-13,9.9399995803833,
02RH066,2016-12-13,4.199999809265137,B
02RH066,2017-01-13,2.9200000762939453,B
02RH066,2017-02-13,1.909999966621399,B
02RH066,2017-03-13,2.650000095367432,B
02RH066,2017-04-13,16.899999618530273,B
02RH066,2017-05-13,31.600000381469727,
02RH066,2017-06-13,4.730000019073486,
02RH066,2017-07-13,6.130000114440918,
02RH066,2017-08-13,4.739999771118164,
02RH066,2017-09-13,5.909999847412109,
02RH066,2017-10-13,3.1700000762939453,
02RH066,2017-11-13,7.849999904632568,B
02RH066,2017-12-13,3.1700000762939453,B
02RH066,2018-01-13,5.710000038146973,B
02RH066,2018-02-13,1.9800000190734863,B
02RH066,2018-03-13,2.140000104904175,B
02RH066,2018-04-13,1.559999942779541,B
02RH066,2018-05-13,30.799999237060547,
02RH066,2018-06-13,5.46999979019165,
02RH066,2018-07-13,3.240000009536743,
02RH066,2018-08-13,4.010000228881836,
02RH066,2018-09-13,2.119999885559082,
02RH066,2018-10-13,18.700000762939453,
02RH066,2018-11-13,7.269999980926514,B
02RH066,2018-12-13,2.680000066757202,B
02RH066,2019-01-13,2.470000028610229,B
02RH066,2019-02-13,2.470000028610229,B
02RH066,2019-03-13,1.3799999952316284,B
02RH066,2019-04-13,4.119999885559082,B
02RH066,2019-05-13,31.700000762939453,
02RH066,2019-06-13,12.600000381469728,
02RH066,2019-07-13,5.869999885559082,
02RH066,2019-08-13,5.110000133514404,
02RH066,2019-09-13,3.3299999237060547,
02RH066,2019-10-13,3.7899999618530273,
02RH066,2019-11-13,5.480000019073486,B
02RH066,2019-12-13,2.5,B
02RH066,2020-01-13,1.7300000190734863,B
02RH066,2020-02-13,1.4900000095367432,B
02RH066,2020-03-13,3.5299999713897705,B
02RH066,2020-04-13,4.340000152587891,B
02RH066,2020-05-13,8.489999771118164,
02RH066,2020-06-13,9.5600004196167,
02RH066,2020-07-13,8.170000076293945,
02RH066,2020-08-13,4.989999771118164,
02RH066,2020-09-13,5.75,
02RH066,2020-10-13,9.5600004196167,
02RH066,2020-11-13,5.599999904632568,
02RH066,2020-12-13,4.0,B
02RH066,2021-01-13,2.930000066757202,B
02RH066,2021-02-13,2.1600000858306885,B
02RH066,2021-03-13,3.200000047683716,B
02RH066,2021-04-13,20.799999237060547,
02RH066,2021-05-13,10.5,
02RH066,2021-06-13,3.0799999237060547,
02RH066,2021-07-13,4.730000019073486,
02RH066,2021-08-13,2.400000095367432,
02RH066,2021-09-13,3.119999885559082,
02RH066,2021-10-13,1.870000004768372,
02RH066,2021-11-13,3.130000114440918,
02RH066,2021-12-13,3.920000076293945,B
02RH066,2022-01-13,2.0299999713897705,B
02RH066,2022-02-13,1.6299999952316284,B
02RH066,2022-03-13,1.4299999475479126,B
02RH066,2022-04-13,4.110000133514404,B
02RH066,2022-05-13,59.59999847412109,
02RH066,2022-06-13,30.5,
02RH066,2022-07-13,11.699999809265137,
02RH066,2022-08-13,3.2799999713897705,
02RH066,2022-09-13,2.4100000858306885,
02RH066,2022-10-13,3.240000009536743,
02RH066,2022-11-13,12.100000381469728,
02RH066,2022-12-13,3.180000066757202,B
02RH066,2023-01-13,3.039999961853028,B
02RH066,2023-02-13,2.0299999713897705,B
02RH066,2023-03-13,1.409999966621399,B
02RH066,2023-04-13,9.420000076293944,B
02RH066,2023-05-13,15.600000381469728,
02RH066,2023-06-13,5.230000019073486,
02RH066,2023-07-13,26.899999618530277,
02RH066,2023-08-13,18.399999618530277,
02RH066,2023-09-13,4.710000038146973,
02RH066,2023-10-13,8.699999809265137,
02RH066,2023-11-13,4.71999979019165,B
02RH066,2023-12-13,4.25,B
02RH066,2024-01-13,2.3399999141693115,B
02RH066,2024-02-13,2.049999952316284,B
02RH066,2024-03-13,2.950000047683716,B
02RH066,2024-04-13,32.099998474121094,
02RH066,2024-05-13,8.390000343322754,
02RH066,2024-06-13,13.899999618530272,
02RH066,2024-07-13,3.049999952316284,
02RH066,2024-08-13,4.28000020980835,
02RH066,2024-09-13,2.900000095367432,
02RH066,1996-11-14,,
02RH066,1997-02-14,1.7599999904632568,
02RH066,1997-03-14,1.5700000524520874,
02RH066,1997-04-14,5.820000171661377,
02RH066,1997-05-14,33.70000076293945,
02RH066,1997-06-14,20.899999618530277,
02RH066,1997-07-14,4.260000228881836,
02RH066,1997-08-14,2.470000028610229,
02RH066,1997-09-14,2.970000028610229,
02RH066,1997-10-14,5.28000020980835,
02RH066,1997-11-14,8.039999961853027,
02RH066,1997-12-14,2.3399999141693115,
02RH066,1998-01-14,1.649999976158142,
02RH066,1998-02-14,1.2200000286102295,
02RH066,1998-03-14,2.799999952316284,
02RH066,1998-04-14,6.630000114440918,
02RH066,1998-05-14,9.68000030517578,
02RH066,1998-06-14,8.0,
02RH066,1998-07-14,10.600000381469728,
02RH066,1998-08-14,2.6700000762939453,
02RH066,1998-09-14,6.070000171661377,
02RH066,1998-10-14,6.980000019073486,
02RH066,1998-11-14,6.230000019073486,
02RH066,1998-12-14,12.899999618530272,
02RH066,1999-01-14,2.720000028610229,
02RH066,1999-02-14,3.240000009536743,
02RH066,1999-03-14,1.7100000381469729,
02RH066,1999-04-14,7.03000020980835,
02RH066,1999-05-14,12.399999618530272,
02RH066,1999-06-14,5.21999979019165,
02RH066,1999-07-14,3.240000009536743,
02RH066,1999-08-14,3.799999952316284,
02RH066,1999-09-14,3.5,
02RH066,1999-10-14,17.100000381469727,
02RH066,1999-11-14,5.730000019073486,
02RH066,1999-12-14,7.989999771118164,
02RH066,2000-01-14,2.759999990463257,
02RH066,2000-02-14,1.5,
02RH066,2000-03-14,3.2699999809265137,
02RH066,2000-04-14,5.070000171661377,
02RH066,2000-05-14,50.5,
02RH066,2000-06-14,6.53000020980835,
02RH066,2000-07-14,6.340000152587891,
02RH066,2000-08-14,7.170000076293945,
02RH066,2000-09-14,3.509999990463257,
02RH066,2000-10-14,12.5,
02RH066,2000-11-14,9.050000190734863,
02RH066,2000-12-14,3.930000066757202,
02RH066,2001-01-14,2.009999990463257,
02RH066,2001-02-14,3.9700000286102295,
02RH066,2001-03-14,1.190000057220459,
02RH066,2001-04-14,14.899999618530272,
02RH066,2001-05-14,24.100000381469727,
02RH066,2001-06-14,6.349999904632568,
02RH066,2001-07-14,42.70000076293945,
02RH066,2001-08-14,3.180000066757202,
02RH066,2001-09-14,3.0299999713897705,
02RH066,2001-10-14,6.0,
02RH066,2001-11-14,5.090000152587891,
02RH066,2001-12-14,11.899999618530272,
02RH066,2002-01-14,2.4600000381469727,E
02RH066,2002-02-14,1.830000042915344,
02RH066,2002-03-14,2.1700000762939453,E
02RH066,2002-04-14,20.299999237060547,
02RH066,2002-05-14,11.100000381469728,
02RH066,2002-06-14,7.150000095367432,
02RH066,2002-07-14,4.090000152587891,
02RH066,2002-08-14,2.4600000381469727,
02RH066,2002-09-14,6.050000190734863,
02RH066,2002-10-14,2.609999895095825,
02RH066,2002-11-14,7.980000019073486,
02RH066,2002-12-14,2.220000028610229,E
02RH066,2003-01-14,1.340000033378601,E
02RH066,2003-02-14,0.7789999842643738,
02RH066,2003-03-14,0.5600000023841858,E
02RH066,2003-04-14,1.399999976158142,
02RH066,2003-05-14,22.299999237060547,
02RH066,2003-06-14,9.130000114440918,
02RH066,2003-07-14,2.109999895095825,
02RH066,2003-08-14,4.449999809265137,
02RH066,2003-09-14,1.9600000381469729,
02RH066,2003-10-14,2.4800000190734863,
02RH066,2003-11-14,4.800000190734863,
02RH066,2003-12-14,5.170000076293945,E
02RH066,2004-01-14,2.9800000190734863,E
02RH066,2004-02-14,1.5099999904632568,E
02RH066,2004-03-14,1.2599999904632568,
02RH066,2004-04-14,7.260000228881836,
02RH066,2004-05-14,29.399999618530277,
02RH066,2004-06-14,6.610000133514404,
02RH066,2004-07-14,5.599999904632568,
02RH066,2004-08-14,4.869999885559082,
02RH066,2004-09-14,12.399999618530272,
02RH066,2004-10-14,3.650000095367432,
02RH066,2004-11-14,3.7899999618530273,
02RH066,2004-12-14,2.940000057220459,
02RH066,2005-01-14,3.849999904632568,E
02RH066,2005-02-14,1.6699999570846558,
02RH066,2005-03-14,1.4700000286102295,E
02RH066,2005-04-14,5.300000190734863,
02RH066,2005-05-14,19.899999618530277,
02RH066,2005-06-14,20.700000762939453,
02RH066,2005-07-14,2.859999895095825,
02RH066,2005-08-14,2.380000114440918,
02RH066,2005-09-14,3.490000009536743,
02RH066,2005-10-14,4.650000095367432,
02RH066,2005-11-14,12.800000190734863,
02RH066,2005-12-14,4.96999979019165,
02RH066,2006-01-14,3.3299999237060547,E
02RH066,2006-02-14,2.059999942779541,
02RH066,2006-03-14,4.409999847412109,E
02RH066,2006-04-14,21.799999237060547,
02RH066,2006-05-14,38.400001525878906,
02RH066,2006-06-14,14.600000381469728,
02RH066,2006-07-14,9.449999809265137,
02RH066,2006-08-14,3.7799999713897705,
02RH066,2006-09-14,2.5199999809265137,
02RH066,2006-10-14,8.529999732971191,
02RH066,2006-11-14,12.5,
02RH066,2006-12-14,5.239999771118164,E
02RH066,2007-01-14,4.239999771118164,E
02RH066,2007-02-14,2.0999999046325684,
02RH066,2007-03-14,1.7300000190734863,E
02RH066,2007-04-14,2.1600000858306885,
02RH066,2007-05-14,17.899999618530273,
02RH066,2007-06-14,4.639999866485596,
02RH066,2007-07-14,6.96999979019165,
02RH066,2007-08-14,6.039999961853027,
02RH066,2007-09-14,15.699999809265137,
02RH066,2007-10-14,10.300000190734863,
02RH066,2007-11-14,4.429999828338623,
02RH066,2007-12-14,2.5,
02RH066,2008-01-14,7.610000133514404,
02RH066,2008-02-14,2.7300000190734863,
02RH066,2008-03-14,1.950000047683716,
02RH066,2008-04-14,11.399999618530272,
02RH066,2008-05-14,31.299999237060547,
02RH066,2008-06-14,11.399999618530272,
02RH066,2008-07-14,19.299999237060547,
02RH066,2008-08-14,6.940000057220459,
02RH066,2008-09-14,4.5,
02RH066,2008-10-14,6.389999866485596,
02RH066,2008-11-14,6.389999866485596,
02RH066,2008-12-14,3.920000076293945,
02RH066,2009-01-14,2.75,
02RH066,2009-02-14,2.2799999713897705,
02RH066,2009-03-14,2.289999961853028,
02RH066,2009-04-14,4.28000020980835,
02RH066,2009-05-14,18.799999237060547,
02RH066,2009-06-14,6.71999979019165,
02RH066,2009-07-14,7.340000152587891,
02RH066,2009-08-14,4.260000228881836,
02RH066,2009-09-14,2.109999895095825,
02RH066,2009-10-14,5.880000114440918,
02RH066,2009-11-14,4.329999923706055,
02RH066,2009-12-14,2.869999885559082,
02RH066,2010-01-14,1.7599999904632568,
02RH066,2010-02-14,1.8600000143051147,
02RH066,2010-03-14,1.6200000047683716,
02RH066,2010-04-14,10.800000190734863,
02RH066,2010-05-14,14.5,
02RH066,2010-06-14,4.610000133514404,
02RH066,2010-07-14,3.690000057220459,
02RH066,2010-08-14,2.0299999713897705,
02RH066,2010-09-14,3.700000047683716,
02RH066,2010-10-14,7.619999885559082,
02RH066,2010-11-14,5.880000114440918,
02RH066,2010-12-14,8.890000343322754,
02RH066,2011-01-14,3.4800000190734863,
02RH066,2011-02-14,2.319999933242798,
02RH066,2011-03-14,2.009999990463257,
02RH066,2011-04-14,13.199999809265137,
02RH066,2011-05-14,39.29999923706055,
02RH066,2011-06-14,10.0,
02RH066,2011-07-14,7.110000133514404,
02RH066,2011-08-14,12.399999618530272,
02RH066,2011-09-14,6.329999923706055,
02RH066,2011-10-14,3.2699999809265137,
02RH066,2011-11-14,5.369999885559082,
02RH066,2011-12-14,3.680000066757202,
02RH066,2012-01-14,2.309999942779541,B
02RH066,2012-02-14,1.9299999475479128,B
02RH066,2012-03-14,3.470000028610229,B
02RH066,2012-04-14,4.179999828338623,B
02RH066,2012-05-14,21.700000762939453,
02RH066,2012-06-14,12.800000190734863,
02RH066,2012-07-14,9.539999961853027,
02RH066,2012-08-14,4.78000020980835,
02RH066,2012-09-14,2.5,
02RH066,2012-10-14,3.539999961853028,
02RH066,2012-11-14,5.440000057220459,B
02RH066,2012-12-14,2.880000114440918,B
02RH066,2013-01-14,3.819999933242798,B
02RH066,2013-02-14,2.109999895095825,B
02RH066,2013-03-14,8.329999923706055,B
02RH066,2013-04-14,3.0199999809265137,B
02RH066,2013-05-14,19.799999237060547,
02RH066,2013-06-14,8.270000457763672,
02RH066,2013-07-14,2.940000057220459,
02RH066,2013-08-14,14.800000190734863,
02RH066,2013-09-14,9.050000190734863,
02RH066,2013-10-14,3.150000095367432,
02RH066,2013-11-14,4.489999771118164,
02RH066,2013-12-14,2.4200000762939453,B
02RH066,2014-01-14,3.450000047683716,B
02RH066,2014-02-14,1.5099999904632568,B
02RH066,2014-03-14,1.2699999809265137,B
02RH066,2014-04-14,10.800000190734863,B
02RH066,2014-05-14,36.900001525878906,
02RH066,2014-06-14,13.800000190734863,
02RH066,2014-07-14,3.2699999809265137,
02RH066,2014-08-14,2.890000104904175,
02RH066,2014-09-14,3.910000085830689,
02RH066,2014-10-14,5.239999771118164,
02RH066,2014-11-14,4.929999828338623,B
02RH066,2014-12-14,2.890000104904175,B
02RH066,2015-01-14,2.009999990463257,B
02RH066,2015-02-14,1.3899999856948853,B
02RH066,2015-03-14,1.1399999856948853,B
02RH066,2015-04-14,4.369999885559082,B
02RH066,2015-05-14,21.399999618530277,
02RH066,2015-06-14,7.260000228881836,
02RH066,2015-07-14,4.150000095367432,
02RH066,2015-08-14,16.0,
02RH066,2015-09-14,5.369999885559082,
02RH066,2015-10-14,4.840000152587891,
02RH066,2015-11-14,6.650000095367432,
02RH066,2015-12-14,5.239999771118164,B
02RH066,2016-01-14,2.4200000762939453,B
02RH066,2016-02-14,2.009999990463257,B
02RH066,2016-03-14,4.78000020980835,B
02RH066,2016-04-14,6.179999828338623,B
02RH066,2016-05-14,52.29999923706055,
02RH066,2016-06-14,51.20000076293945,
02RH066,2016-07-14,9.09000015258789,
02RH066,2016-08-14,3.940000057220459,
02RH066,2016-09-14,3.809999942779541,
02RH066,2016-10-14,3.1600000858306885,
02RH066,2016-11-14,9.039999961853027,
02RH066,2016-12-14,4.099999904632568,B
02RH066,2017-01-14,2.869999885559082,B
02RH066,2017-02-14,1.8899999856948853,B
02RH066,2017-03-14,2.470000028610229,B
02RH066,2017-04-14,19.799999237060547,B
02RH066,2017-05-14,34.29999923706055,
02RH066,2017-06-14,4.320000171661377,
02RH066,2017-07-14,4.829999923706055,
02RH066,2017-08-14,4.190000057220459,
02RH066,2017-09-14,4.940000057220459,
02RH066,2017-10-14,3.039999961853028,
02RH066,2017-11-14,7.349999904632568,B
02RH066,2017-12-14,3.059999942779541,B
02RH066,2018-01-14,6.03000020980835,B
02RH066,2018-02-14,1.9600000381469729,B
02RH066,2018-03-14,2.0799999237060547,B
02RH066,2018-04-14,1.6699999570846558,B
02RH066,2018-05-14,30.799999237060547,
02RH066,2018-06-14,13.5,
02RH066,2018-07-14,3.0999999046325684,
02RH066,2018-08-14,3.309999942779541,
02RH066,2018-09-14,1.9299999475479128,
02RH066,2018-10-14,13.0,
02RH066,2018-11-14,6.679999828338623,B
02RH066,2018-12-14,2.630000114440918,B
02RH066,2019-01-14,2.400000095367432,B
02RH066,2019-02-14,2.3499999046325684,B
02RH066,2019-03-14,1.3700000047683716,B
02RH066,2019-04-14,8.720000267028809,B
02RH066,2019-05-14,30.799999237060547,
02RH066,2019-06-14,10.600000381469728,
02RH066,2019-07-14,8.369999885559082,
02RH066,2019-08-14,4.010000228881836,
02RH066,2019-09-14,3.309999942779541,
02RH066,2019-10-14,3.640000104904175,
02RH066,2019-11-14,5.230000019073486,B
02RH066,2019-12-14,2.289999961853028,B
02RH066,2020-01-14,1.7200000286102295,B
02RH066,2020-02-14,1.4900000095367432,B
02RH066,2020-03-14,3.1600000858306885,B
02RH066,2020-04-14,7.159999847412109,B
02RH066,2020-05-14,9.0,
02RH066,2020-06-14,8.350000381469727,
02RH066,2020-07-14,7.190000057220459,
02RH066,2020-08-14,4.110000133514404,
02RH066,2020-09-14,7.739999771118164,
02RH066,2020-10-14,8.720000267028809,
02RH066,2020-11-14,5.320000171661377,
02RH066,2020-12-14,3.849999904632568,B
02RH066,2021-01-14,2.8399999141693115,B
02RH066,2021-02-14,2.1600000858306885,B
02RH066,2021-03-14,3.039999961853028,B
02RH066,2021-04-14,17.799999237060547,
02RH066,2021-05-14,9.34000015258789,
02RH066,2021-06-14,2.990000009536743,
02RH066,2021-07-14,4.230000019073486,
02RH066,2021-08-14,4.559999942779541,
02RH066,2021-09-14,2.630000114440918,
02RH066,2021-10-14,1.809999942779541,
02RH066,2021-11-14,3.470000028610229,
02RH066,2021-12-14,3.559999942779541,B
02RH066,2022-01-14,2.009999990463257,B
02RH066,2022-02-14,1.6299999952316284,B
02RH066,2022-03-14,1.4299999475479126,B
02RH066,2022-04-14,4.909999847412109,B
02RH066,2022-05-14,68.4000015258789,
02RH066,2022-06-14,30.799999237060547,
02RH066,2022-07-14,8.149999618530273,
02RH066,2022-08-14,3.0,
02RH066,2022-09-14,10.699999809265137,
02RH066,2022-10-14,4.590000152587891,
02RH066,2022-11-14,8.970000267028809,
02RH066,2022-12-14,3.109999895095825,B
02RH066,2023-01-14,2.990000009536743,B
02RH066,2023-02-14,2.0,B
02RH066,2023-03-14,1.3799999952316284,B
02RH066,2023-04-14,17.899999618530273,B
02RH066,2023-05-14,14.300000190734863,
02RH066,2023-06-14,4.71999979019165,
02RH066,2023-07-14,17.899999618530273,
02RH066,2023-08-14,31.100000381469727,
02RH066,2023-09-14,6.119999885559082,
02RH066,2023-10-14,10.600000381469728,
02RH066,2023-11-14,4.5,B
02RH066,2023-12-14,3.849999904632568,B
02RH066,2024-01-14,2.309999942779541,B
02RH066,2024-02-14,1.940000057220459,B
02RH066,2024-03-14,2.7699999809265137,B
02RH066,2024-04-14,29.0,
02RH066,2024-05-14,9.800000190734863,
02RH066,2024-06-14,9.149999618530272,
02RH066,2024-07-14,3.140000104904175,
02RH066,2024-08-14,3.369999885559082,
02RH066,2024-09-14,2.6600000858306885,
02RH066,1996-11-15,8.300000190734863,
02RH066,1997-02-15,1.7300000190734863,
02RH066,1997-03-15,1.5299999713897705,
02RH066,1997-04-15,5.510000228881836,
02RH066,1997-05-15,33.79999923706055,
02RH066,1997-06-15,16.799999237060547,
02RH066,1997-07-15,3.950000047683716,
02RH066,1997-08-15,2.440000057220459,
02RH066,1997-09-15,2.8299999237060547,
02RH066,1997-10-15,5.159999847412109,
02RH066,1997-11-15,6.650000095367432,
02RH066,1997-12-15,2.3299999237060547,
02RH066,1998-01-15,1.6299999952316284,
02RH066,1998-02-15,1.2100000381469729,
02RH066,1998-03-15,2.640000104904175,
02RH066,1998-04-15,7.179999828338623,
02RH066,1998-05-15,8.720000267028809,
02RH066,1998-06-15,6.0,
02RH066,1998-07-15,8.199999809265137,
02RH066,1998-08-15,2.400000095367432,
02RH066,1998-09-15,6.440000057220459,
02RH066,1998-10-15,6.670000076293945,
02RH066,1998-11-15,6.210000038146973,
02RH066,1998-12-15,14.100000381469728,
02RH066,1999-01-15,2.6600000858306885,
02RH066,1999-02-15,3.0799999237060547,
02RH066,1999-03-15,1.690000057220459,
02RH066,1999-04-15,6.849999904632568,
02RH066,1999-05-15,12.399999618530272,
02RH066,1999-06-15,5.050000190734863,
02RH066,1999-07-15,2.819999933242798,
02RH066,1999-08-15,4.820000171661377,
02RH066,1999-09-15,3.319999933242798,
02RH066,1999-10-15,12.199999809265137,
02RH066,1999-11-15,6.650000095367432,
02RH066,1999-12-15,9.520000457763672,
02RH066,2000-01-15,2.680000066757202,
02RH066,2000-02-15,1.4700000286102295,
02RH066,2000-03-15,3.109999895095825,
02RH066,2000-04-15,5.21999979019165,
02RH066,2000-05-15,51.0,
02RH066,2000-06-15,6.130000114440918,
02RH066,2000-07-15,5.599999904632568,
02RH066,2000-08-15,5.670000076293945,
02RH066,2000-09-15,4.679999828338623,
02RH066,2000-10-15,27.100000381469727,
02RH066,2000-11-15,10.699999809265137,
02RH066,2000-12-15,3.839999914169312,
02RH066,2001-01-15,1.9600000381469729,
02RH066,2001-02-15,3.5199999809265137,
02RH066,2001-03-15,1.2400000095367432,
02RH066,2001-04-15,14.399999618530272,
02RH066,2001-05-15,17.200000762939453,
02RH066,2001-06-15,5.639999866485596,
02RH066,2001-07-15,50.5,
02RH066,2001-08-15,2.789999961853028,
02RH066,2001-09-15,3.0799999237060547,
02RH066,2001-10-15,5.46999979019165,
02RH066,2001-11-15,6.760000228881836,
02RH066,2001-12-15,9.989999771118164,
02RH066,2002-01-15,2.4200000762939453,E
02RH066,2002-02-15,1.8200000524520876,
02RH066,2002-03-15,2.140000104904175,E
02RH066,2002-04-15,19.200000762939453,
02RH066,2002-05-15,10.5,
02RH066,2002-06-15,6.380000114440918,
02RH066,2002-07-15,5.769999980926514,
02RH066,2002-08-15,2.4800000190734863,
02RH066,2002-09-15,4.960000038146973,
02RH066,2002-10-15,2.640000104904175,
02RH066,2002-11-15,6.539999961853027,
02RH066,2002-12-15,2.200000047683716,E
02RH066,2003-01-15,1.309999942779541,E
02RH066,2003-02-15,0.7680000066757202,
02RH066,2003-03-15,0.5550000071525574,E
02RH066,2003-04-15,1.3700000047683716,
02RH066,2003-05-15,19.399999618530277,
02RH066,2003-06-15,9.380000114440918,
02RH066,2003-07-15,2.309999942779541,
02RH066,2003-08-15,3.700000047683716,
02RH066,2003-09-15,1.9299999475479128,
02RH066,2003-10-15,2.539999961853028,
02RH066,2003-11-15,6.139999866485596,
02RH066,2003-12-15,4.440000057220459,E
02RH066,2004-01-15,2.859999895095825,E
02RH066,2004-02-15,1.4900000095367432,E
02RH066,2004-03-15,1.2599999904632568,
02RH066,2004-04-15,7.539999961853027,
02RH066,2004-05-15,71.0999984741211,
02RH066,2004-06-15,9.800000190734863,
02RH066,2004-07-15,5.269999980926514,
02RH066,2004-08-15,5.289999961853027,
02RH066,2004-09-15,8.470000267028809,
02RH066,2004-10-15,3.470000028610229,
02RH066,2004-11-15,3.990000009536743,
02RH066,2004-12-15,2.880000114440918,
02RH066,2005-01-15,4.539999961853027,E
02RH066,2005-02-15,1.649999976158142,
02RH066,2005-03-15,1.4700000286102295,E
02RH066,2005-04-15,5.150000095367432,
02RH066,2005-05-15,17.100000381469727,
02RH066,2005-06-15,17.299999237060547,
02RH066,2005-07-15,3.369999885559082,
02RH066,2005-08-15,2.009999990463257,
02RH066,2005-09-15,2.9100000858306885,
02RH066,2005-10-15,5.760000228881836,
02RH066,2005-11-15,13.600000381469728,
02RH066,2005-12-15,4.71999979019165,
02RH066,2006-01-15,3.9700000286102295,E
02RH066,2006-02-15,2.039999961853028,
02RH066,2006-03-15,5.139999866485596,E
02RH066,2006-04-15,17.5,
02RH066,2006-05-15,32.20000076293945,
02RH066,2006-06-15,10.300000190734863,
02RH066,2006-07-15,7.320000171661377,
02RH066,2006-08-15,3.7300000190734863,
02RH066,2006-09-15,2.390000104904175,
02RH066,2006-10-15,7.28000020980835,
02RH066,2006-11-15,21.399999618530277,
02RH066,2006-12-15,5.119999885559082,E
02RH066,2007-01-15,3.990000009536743,E
02RH066,2007-02-15,2.0799999237060547,
02RH066,2007-03-15,1.7200000286102295,E
02RH066,2007-04-15,2.6700000762939453,
02RH066,2007-05-15,17.600000381469727,
02RH066,2007-06-15,4.289999961853027,
02RH066,2007-07-15,5.380000114440918,
02RH066,2007-08-15,6.920000076293945,
02RH066,2007-09-15,14.0,
02RH066,2007-10-15,8.5,
02RH066,2007-11-15,4.300000190734863,
02RH066,2007-12-15,2.4800000190734863,
02RH066,2008-01-15,6.590000152587891,
02RH066,2008-02-15,2.7100000381469727,
02RH066,2008-03-15,1.9299999475479128,
02RH066,2008-04-15,11.300000190734863,
02RH066,2008-05-15,37.09999847412109,
02RH066,2008-06-15,14.899999618530272,
02RH066,2008-07-15,14.899999618530272,
02RH066,2008-08-15,6.099999904632568,
02RH066,2008-09-15,30.700000762939453,
02RH066,2008-10-15,6.760000228881836,
02RH066,2008-11-15,7.860000133514404,
02RH066,2008-12-15,4.550000190734863,
02RH066,2009-01-15,2.7300000190734863,
02RH066,2009-02-15,2.2699999809265137,
02RH066,2009-03-15,2.2699999809265137,
02RH066,2009-04-15,4.21999979019165,
02RH066,2009-05-15,29.799999237060547,
02RH066,2009-06-15,5.840000152587891,
02RH066,2009-07-15,7.059999942779541,
02RH066,2009-08-15,3.690000057220459,
02RH066,2009-09-15,2.789999961853028,
02RH066,2009-10-15,5.429999828338623,
02RH066,2009-11-15,4.28000020980835,
02RH066,2009-12-15,2.789999961853028,
02RH066,2010-01-15,1.75,
02RH066,2010-02-15,1.840000033378601,
02RH066,2010-03-15,1.659999966621399,
02RH066,2010-04-15,10.300000190734863,
02RH066,2010-05-15,14.5,
02RH066,2010-06-15,4.21999979019165,
02RH066,2010-07-15,3.7200000286102295,
02RH066,2010-08-15,1.919999957084656,
02RH066,2010-09-15,4.550000190734863,
02RH066,2010-10-15,7.53000020980835,
02RH066,2010-11-15,5.75,
02RH066,2010-12-15,7.489999771118164,
02RH066,2011-01-15,3.4200000762939453,
02RH066,2011-02-15,2.289999961853028,
02RH066,2011-03-15,1.870000004768372,
02RH066,2011-04-15,11.300000190734863,
02RH066,2011-05-15,37.900001525878906,
02RH066,2011-06-15,8.579999923706055,
02RH066,2011-07-15,5.699999809265137,
02RH066,2011-08-15,9.920000076293944,
02RH066,2011-09-15,6.489999771118164,
02RH066,2011-10-15,4.730000019073486,
02RH066,2011-11-15,6.179999828338623,
02RH066,2011-12-15,3.5199999809265137,
02RH066,2012-01-15,2.289999961853028,B
02RH066,2012-02-15,1.919999957084656,B
02RH066,2012-03-15,3.2799999713897705,B
02RH066,2012-04-15,4.789999961853027,B
02RH066,2012-05-15,21.700000762939453,
02RH066,2012-06-15,9.640000343322754,
02RH066,2012-07-15,8.279999732971191,
02RH066,2012-08-15,3.940000057220459,
02RH066,2012-09-15,3.440000057220459,
02RH066,2012-10-15,10.699999809265137,
02RH066,2012-11-15,4.739999771118164,B
02RH066,2012-12-15,2.799999952316284,B
02RH066,2013-01-15,5.0,B
02RH066,2013-02-15,2.049999952316284,B
02RH066,2013-03-15,5.519999980926514,B
02RH066,2013-04-15,4.130000114440918,B
02RH066,2013-05-15,15.5,
02RH066,2013-06-15,7.190000057220459,
02RH066,2013-07-15,2.619999885559082,
02RH066,2013-08-15,19.399999618530277,
02RH066,2013-09-15,7.920000076293945,
02RH066,2013-10-15,3.359999895095825,
02RH066,2013-11-15,4.309999942779541,
02RH066,2013-12-15,2.380000114440918,B
02RH066,2014-01-15,2.940000057220459,B
02RH066,2014-02-15,1.5,B
02RH066,2014-03-15,1.2699999809265137,B
02RH066,2014-04-15,17.100000381469727,B
02RH066,2014-05-15,48.29999923706055,
02RH066,2014-06-15,21.0,
02RH066,2014-07-15,3.150000095367432,
02RH066,2014-08-15,4.460000038146973,
02RH066,2014-09-15,4.150000095367432,
02RH066,2014-10-15,6.079999923706055,
02RH066,2014-11-15,4.78000020980835,B
02RH066,2014-12-15,2.8299999237060547,B
02RH066,2015-01-15,1.9800000190734863,B
02RH066,2015-02-15,1.3799999952316284,B
02RH066,2015-03-15,1.1299999952316284,B
02RH066,2015-04-15,8.5,B
02RH066,2015-05-15,15.699999809265137,
02RH066,2015-06-15,5.920000076293945,
02RH066,2015-07-15,3.950000047683716,
02RH066,2015-08-15,11.199999809265137,
02RH066,2015-09-15,9.369999885559082,
02RH066,2015-10-15,4.119999885559082,
02RH066,2015-11-15,5.78000020980835,
02RH066,2015-12-15,4.940000057220459,B
02RH066,2016-01-15,2.380000114440918,B
02RH066,2016-02-15,1.940000057220459,B
02RH066,2016-03-15,4.389999866485596,B
02RH066,2016-04-15,6.159999847412109,B
02RH066,2016-05-15,57.400001525878906,
02RH066,2016-06-15,37.20000076293945,
02RH066,2016-07-15,28.299999237060547,
02RH066,2016-08-15,4.599999904632568,
02RH066,2016-09-15,5.75,
02RH066,2016-10-15,3.299999952316284,
02RH066,2016-11-15,8.930000305175781,
02RH066,2016-12-15,4.010000228881836,B
02RH066,2017-01-15,2.809999942779541,B
02RH066,2017-02-15,1.8799999952316284,B
02RH066,2017-03-15,2.319999933242798,B
02RH066,2017-04-15,21.600000381469727,B
02RH066,2017-05-15,32.29999923706055,
02RH066,2017-06-15,4.159999847412109,
02RH066,2017-07-15,4.059999942779541,
02RH066,2017-08-15,3.5799999237060547,
02RH066,2017-09-15,4.320000171661377,
02RH066,2017-10-15,3.220000028610229,
02RH066,2017-11-15,6.889999866485596,B
02RH066,2017-12-15,2.9600000381469727,B
02RH066,2018-01-15,5.619999885559082,B
02RH066,2018-02-15,1.940000057220459,B
02RH066,2018-03-15,2.0299999713897705,B
02RH066,2018-04-15,1.409999966621399,B
02RH066,2018-05-15,35.0,
02RH066,2018-06-15,16.299999237060547,
02RH066,2018-07-15,3.299999952316284,
02RH066,2018-08-15,2.859999895095825,
02RH066,2018-09-15,1.7699999809265137,
02RH066,2018-10-15,9.81999969482422,
02RH066,2018-11-15,6.440000057220459,B
02RH066,2018-12-15,2.5899999141693115,B
02RH066,2019-01-15,2.3399999141693115,B
02RH066,2019-02-15,2.25,B
02RH066,2019-03-15,1.590000033378601,B
02RH066,2019-04-15,10.5,B
02RH066,2019-05-15,26.700000762939453,
02RH066,2019-06-15,10.100000381469728,
02RH066,2019-07-15,7.989999771118164,
02RH066,2019-08-15,3.2699999809265137,
02RH066,2019-09-15,4.389999866485596,
02RH066,2019-10-15,3.7100000381469727,
02RH066,2019-11-15,4.989999771118164,B
02RH066,2019-12-15,2.2699999809265137,B
02RH066,2020-01-15,1.7100000381469729,B
02RH066,2020-02-15,1.4800000190734863,B
02RH066,2020-03-15,2.8499999046325684,B
02RH066,2020-04-15,9.989999771118164,B
02RH066,2020-05-15,11.600000381469728,
02RH066,2020-06-15,7.050000190734863,
02RH066,2020-07-15,5.409999847412109,
02RH066,2020-08-15,3.509999990463257,
02RH066,2020-09-15,7.809999942779541,
02RH066,2020-10-15,8.4399995803833,
02RH066,2020-11-15,4.96999979019165,
02RH066,2020-12-15,3.700000047683716,B
02RH066,2021-01-15,2.7699999809265137,B
02RH066,2021-02-15,2.150000095367432,B
02RH066,2021-03-15,2.890000104904175,B
02RH066,2021-04-15,15.300000190734863,
02RH066,2021-05-15,8.699999809265137,
02RH066,2021-06-15,3.559999942779541,
02RH066,2021-07-15,4.579999923706055,
02RH066,2021-08-15,4.989999771118164,
02RH066,2021-09-15,5.559999942779541,
02RH066,2021-10-15,1.7999999523162842,
02RH066,2021-11-15,3.559999942779541,
02RH066,2021-12-15,3.25,B
02RH066,2022-01-15,1.9900000095367432,B
02RH066,2022-02-15,1.6200000047683716,B
02RH066,2022-03-15,1.4299999475479126,B
02RH066,2022-04-15,5.920000076293945,B
02RH066,2022-05-15,64.80000305175781,
02RH066,2022-06-15,23.700000762939453,
02RH066,2022-07-15,6.380000114440918,
02RH066,2022-08-15,2.740000009536743,
02RH066,2022-09-15,18.200000762939453,
02RH066,2022-10-15,15.899999618530272,
02RH066,2022-11-15,6.590000152587891,
02RH066,2022-12-15,3.039999961853028,B
02RH066,2023-01-15,2.940000057220459,B
02RH066,2023-02-15,1.9800000190734863,B
02RH066,2023-03-15,1.3600000143051147,B
02RH066,2023-04-15,23.0,B
02RH066,2023-05-15,11.800000190734863,
02RH066,2023-06-15,6.050000190734863,
02RH066,2023-07-15,12.600000381469728,
02RH066,2023-08-15,20.700000762939453,
02RH066,2023-09-15,5.539999961853027,
02RH066,2023-10-15,8.90999984741211,
02RH066,2023-11-15,4.309999942779541,B
02RH066,2023-12-15,3.509999990463257,B
02RH066,2024-01-15,2.2799999713897705,B
02RH066,2024-02-15,1.8600000143051147,B
02RH066,2024-03-15,2.609999895095825,B
02RH066,2024-04-15,20.600000381469727,
02RH066,2024-05-15,12.899999618530272,
02RH066,2024-06-15,7.239999771118164,
02RH066,2024-07-15,2.8499999046325684,
02RH066,2024-08-15,2.8499999046325684,
02RH066,2024-09-15,2.3399999141693115,
02RH066,1996-11-16,,
02RH066,1997-02-16,1.7000000476837158,
02RH066,1997-03-16,1.4800000190734863,
02RH066,1997-04-16,5.400000095367432,
02RH066,1997-05-16,42.79999923706055,
02RH066,1997-06-16,12.800000190734863,
02RH066,1997-07-16,3.740000009536743,
02RH066,1997-08-16,2.759999990463257,
02RH066,1997-09-16,2.9200000762939453,
02RH066,1997-10-16,4.71999979019165,
02RH066,1997-11-16,5.409999847412109,
02RH066,1997-12-16,2.289999961853028,
02RH066,1998-01-16,1.6100000143051147,
02RH066,1998-02-16,1.190000057220459,
02RH066,1998-03-16,2.4100000858306885,
02RH066,1998-04-16,8.1899995803833,
02RH066,1998-05-16,7.949999809265137,
02RH066,1998-06-16,5.5,
02RH066,1998-07-16,7.260000228881836,
02RH066,1998-08-16,2.4100000858306885,
02RH066,1998-09-16,14.300000190734863,
02RH066,1998-10-16,6.590000152587891,
02RH066,1998-11-16,5.570000171661377,
02RH066,1998-12-16,12.300000190734863,
02RH066,1999-01-16,2.619999885559082,
02RH066,1999-02-16,2.9600000381469727,
02RH066,1999-03-16,1.659999966621399,
02RH066,1999-04-16,6.659999847412109,
02RH066,1999-05-16,14.899999618530272,
02RH066,1999-06-16,5.070000171661377,
02RH066,1999-07-16,2.7100000381469727,
02RH066,1999-08-16,3.819999933242798,
02RH066,1999-09-16,3.319999933242798,
02RH066,1999-10-16,11.600000381469728,
02RH066,1999-11-16,5.739999771118164,
02RH066,1999-12-16,12.300000190734863,
02RH066,2000-01-16,2.609999895095825,
02RH066,2000-02-16,1.440000057220459,
02RH066,2000-03-16,2.880000114440918,
02RH066,2000-04-16,4.769999980926514,
02RH066,2000-05-16,38.20000076293945,
02RH066,2000-06-16,6.090000152587891,
02RH066,2000-07-16,6.53000020980835,
02RH066,2000-08-16,8.75,
02RH066,2000-09-16,9.699999809265137,
02RH066,2000-10-16,18.100000381469727,
02RH066,2000-11-16,10.300000190734863,
02RH066,2000-12-16,3.839999914169312,
02RH066,2001-01-16,1.899999976158142,
02RH066,2001-02-16,3.119999885559082,
02RH066,2001-03-16,1.2999999523162842,
02RH066,2001-04-16,11.899999618530272,
02RH066,2001-05-16,14.100000381469728,
02RH066,2001-06-16,5.110000133514404,
02RH066,2001-07-16,40.79999923706055,
02RH066,2001-08-16,2.5299999713897705,
02RH066,2001-09-16,2.799999952316284,
02RH066,2001-10-16,5.71999979019165,
02RH066,2001-11-16,13.600000381469728,
02RH066,2001-12-16,10.399999618530272,
02RH066,2002-01-16,2.380000114440918,E
02RH066,2002-02-16,1.809999942779541,
02RH066,2002-03-16,2.109999895095825,E
02RH066,2002-04-16,23.5,
02RH066,2002-05-16,11.699999809265137,
02RH066,2002-06-16,6.139999866485596,
02RH066,2002-07-16,7.199999809265137,
02RH066,2002-08-16,2.609999895095825,
02RH066,2002-09-16,4.659999847412109,
02RH066,2002-10-16,2.609999895095825,
02RH066,2002-11-16,5.300000190734863,
02RH066,2002-12-16,2.190000057220459,E
02RH066,2003-01-16,1.2899999618530271,E
02RH066,2003-02-16,0.7580000162124634,
02RH066,2003-03-16,0.550000011920929,E
02RH066,2003-04-16,1.340000033378601,
02RH066,2003-05-16,20.399999618530277,
02RH066,2003-06-16,8.989999771118164,
02RH066,2003-07-16,2.009999990463257,
02RH066,2003-08-16,4.010000228881836,
02RH066,2003-09-16,1.899999976158142,
02RH066,2003-10-16,4.949999809265137,
02RH066,2003-11-16,8.5,
02RH066,2003-12-16,3.859999895095825,E
02RH066,2004-01-16,2.759999990463257,E
02RH066,2004-02-16,1.4800000190734863,E
02RH066,2004-03-16,1.25,
02RH066,2004-04-16,6.21999979019165,
02RH066,2004-05-16,70.30000305175781,
02RH066,2004-06-16,15.600000381469728,
02RH066,2004-07-16,6.230000019073486,
02RH066,2004-08-16,4.460000038146973,
02RH066,2004-09-16,7.449999809265137,
02RH066,2004-10-16,4.320000171661377,
02RH066,2004-11-16,3.900000095367432,
02RH066,2004-12-16,2.8299999237060547,
02RH066,2005-01-16,4.199999809265137,E
02RH066,2005-02-16,1.6399999856948853,
02RH066,2005-03-16,1.4700000286102295,E
02RH066,2005-04-16,6.409999847412109,
02RH066,2005-05-16,18.799999237060547,
02RH066,2005-06-16,17.5,
02RH066,2005-07-16,2.799999952316284,
02RH066,2005-08-16,1.7999999523162842,
02RH066,2005-09-16,2.490000009536743,
02RH066,2005-10-16,42.29999923706055,
02RH066,2005-11-16,14.100000381469728,
02RH066,2005-12-16,4.489999771118164,
02RH066,2006-01-16,3.25,E
02RH066,2006-02-16,2.0199999809265137,
02RH066,2006-03-16,4.670000076293945,E
02RH066,2006-04-16,19.299999237060547,
02RH066,2006-05-16,28.200000762939453,
02RH066,2006-06-16,8.25,
02RH066,2006-07-16,6.070000171661377,
02RH066,2006-08-16,3.740000009536743,
02RH066,2006-09-16,2.309999942779541,
02RH066,2006-10-16,6.420000076293945,
02RH066,2006-11-16,24.600000381469727,
02RH066,2006-12-16,5.949999809265137,E
02RH066,2007-01-16,3.7699999809265137,E
02RH066,2007-02-16,2.059999942779541,
02RH066,2007-03-16,1.7100000381469729,E
02RH066,2007-04-16,2.720000028610229,
02RH066,2007-05-16,18.5,
02RH066,2007-06-16,3.990000009536743,
02RH066,2007-07-16,5.079999923706055,
02RH066,2007-08-16,6.210000038146973,
02RH066,2007-09-16,19.5,
02RH066,2007-10-16,7.800000190734863,
02RH066,2007-11-16,4.179999828338623,
02RH066,2007-12-16,2.450000047683716,
02RH066,2008-01-16,5.820000171661377,
02RH066,2008-02-16,2.690000057220459,
02RH066,2008-03-16,1.909999966621399,
02RH066,2008-04-16,11.100000381469728,
02RH066,2008-05-16,35.099998474121094,
02RH066,2008-06-16,23.600000381469727,
02RH066,2008-07-16,11.300000190734863,
02RH066,2008-08-16,5.199999809265137,
02RH066,2008-09-16,34.29999923706055,
02RH066,2008-10-16,6.539999961853027,
02RH066,2008-11-16,31.899999618530277,
02RH066,2008-12-16,5.960000038146973,
02RH066,2009-01-16,2.700000047683716,
02RH066,2009-02-16,2.259999990463257,
02RH066,2009-03-16,2.240000009536743,
02RH066,2009-04-16,4.21999979019165,
02RH066,2009-05-16,26.399999618530277,
02RH066,2009-06-16,6.349999904632568,
02RH066,2009-07-16,6.079999923706055,
02RH066,2009-08-16,3.3499999046325684,
02RH066,2009-09-16,3.180000066757202,
02RH066,2009-10-16,4.889999866485596,
02RH066,2009-11-16,4.28000020980835,
02RH066,2009-12-16,2.7100000381469727,
02RH066,2010-01-16,1.7400000095367432,
02RH066,2010-02-16,1.809999942779541,
02RH066,2010-03-16,1.7100000381469729,
02RH066,2010-04-16,9.920000076293944,
02RH066,2010-05-16,15.399999618530272,
02RH066,2010-06-16,3.9600000381469727,
02RH066,2010-07-16,3.119999885559082,
02RH066,2010-08-16,2.049999952316284,
02RH066,2010-09-16,4.150000095367432,
02RH066,2010-10-16,16.0,
02RH066,2010-11-16,5.940000057220459,
02RH066,2010-12-16,6.5,
02RH066,2011-01-16,3.359999895095825,
02RH066,2011-02-16,2.2699999809265137,
02RH066,2011-03-16,1.7799999713897705,
02RH066,2011-04-16,9.600000381469728,
02RH066,2011-05-16,32.29999923706055,
02RH066,2011-06-16,7.260000228881836,
02RH066,2011-07-16,4.679999828338623,
02RH066,2011-08-16,10.800000190734863,
02RH066,2011-09-16,6.829999923706055,
02RH066,2011-10-16,7.690000057220459,
02RH066,2011-11-16,6.599999904632568,
02RH066,2011-12-16,4.860000133514404,
02RH066,2012-01-16,2.2699999809265137,B
02RH066,2012-02-16,1.919999957084656,B
02RH066,2012-03-16,3.3399999141693115,B
02RH066,2012-04-16,10.699999809265137,
02RH066,2012-05-16,24.0,
02RH066,2012-06-16,6.920000076293945,
02RH066,2012-07-16,6.429999828338623,
02RH066,2012-08-16,4.010000228881836,
02RH066,2012-09-16,6.699999809265137,
02RH066,2012-10-16,15.800000190734863,
02RH066,2012-11-16,4.269999980926514,B
02RH066,2012-12-16,2.720000028610229,B
02RH066,2013-01-16,4.199999809265137,B
02RH066,2013-02-16,2.0,B
02RH066,2013-03-16,3.9700000286102295,B
02RH066,2013-04-16,7.21999979019165,B
02RH066,2013-05-16,13.800000190734863,
02RH066,2013-06-16,6.429999828338623,
02RH066,2013-07-16,2.380000114440918,
02RH066,2013-08-16,12.5,
02RH066,2013-09-16,8.579999923706055,
02RH066,2013-10-16,3.289999961853028,
02RH066,2013-11-16,4.210000038146973,
02RH066,2013-12-16,2.3399999141693115,B
02RH066,2014-01-16,2.5999999046325684,B
02RH066,2014-02-16,1.4900000095367432,B
02RH066,2014-03-16,1.2599999904632568,B
02RH066,2014-04-16,25.100000381469727,B
02RH066,2014-05-16,57.09999847412109,
02RH066,2014-06-16,16.100000381469727,
02RH066,2014-07-16,2.6700000762939453,
02RH066,2014-08-16,3.7899999618530273,
02RH066,2014-09-16,3.799999952316284,
02RH066,2014-10-16,27.200000762939453,
02RH066,2014-11-16,4.630000114440918,B
02RH066,2014-12-16,2.7799999713897705,B
02RH066,2015-01-16,1.950000047683716,B
02RH066,2015-02-16,1.3600000143051147,B
02RH066,2015-03-16,1.1299999952316284,B
02RH066,2015-04-16,7.849999904632568,B
02RH066,2015-05-16,13.600000381469728,
02RH066,2015-06-16,6.599999904632568,
02RH066,2015-07-16,3.829999923706055,
02RH066,2015-08-16,8.220000267028809,
02RH066,2015-09-16,6.800000190734863,
02RH066,2015-10-16,4.139999866485596,
02RH066,2015-11-16,5.53000020980835,
02RH066,2015-12-16,4.710000038146973,B
02RH066,2016-01-16,2.3499999046325684,B
02RH066,2016-02-16,1.909999966621399,B
02RH066,2016-03-16,4.039999961853027,B
02RH066,2016-04-16,7.230000019073486,B
02RH066,2016-05-16,57.70000076293945,
02RH066,2016-06-16,23.700000762939453,
02RH066,2016-07-16,18.600000381469727,
02RH066,2016-08-16,4.21999979019165,
02RH066,2016-09-16,4.889999866485596,
02RH066,2016-10-16,3.069999933242798,
02RH066,2016-11-16,11.0,
02RH066,2016-12-16,3.920000076293945,B
02RH066,2017-01-16,2.759999990463257,B
02RH066,2017-02-16,1.8600000143051147,B
02RH066,2017-03-16,2.1700000762939453,B
02RH066,2017-04-16,22.399999618530277,B
02RH066,2017-05-16,32.20000076293945,
02RH066,2017-06-16,4.329999923706055,
02RH066,2017-07-16,3.5899999141693115,
02RH066,2017-08-16,5.400000095367432,
02RH066,2017-09-16,3.9600000381469727,
02RH066,2017-10-16,5.929999828338623,
02RH066,2017-11-16,6.480000019073486,B
02RH066,2017-12-16,2.869999885559082,B
02RH066,2018-01-16,5.190000057220459,B
02RH066,2018-02-16,1.919999957084656,B
02RH066,2018-03-16,1.9900000095367432,B
02RH066,2018-04-16,1.3300000429153442,B
02RH066,2018-05-16,30.200000762939453,
02RH066,2018-06-16,10.5,
02RH066,2018-07-16,3.1600000858306885,
02RH066,2018-08-16,2.619999885559082,
02RH066,2018-09-16,1.6799999475479126,
02RH066,2018-10-16,10.699999809265137,
02RH066,2018-11-16,6.210000038146973,B
02RH066,2018-12-16,2.539999961853028,B
02RH066,2019-01-16,2.2799999713897705,B
02RH066,2019-02-16,2.1600000858306885,B
02RH066,2019-03-16,2.8499999046325684,B
02RH066,2019-04-16,9.920000076293944,B
02RH066,2019-05-16,25.899999618530277,
02RH066,2019-06-16,12.899999618530272,
02RH066,2019-07-16,6.079999923706055,
02RH066,2019-08-16,2.8299999237060547,
02RH066,2019-09-16,5.170000076293945,
02RH066,2019-10-16,3.549999952316284,
02RH066,2019-11-16,4.760000228881836,B
02RH066,2019-12-16,2.240000009536743,B
02RH066,2020-01-16,1.7000000476837158,B
02RH066,2020-02-16,1.4800000190734863,B
02RH066,2020-03-16,2.5799999237060547,B
02RH066,2020-04-16,7.380000114440918,B
02RH066,2020-05-16,16.200000762939453,
02RH066,2020-06-16,6.130000114440918,
02RH066,2020-07-16,4.090000152587891,
02RH066,2020-08-16,3.069999933242798,
02RH066,2020-09-16,7.059999942779541,
02RH066,2020-10-16,8.9399995803833,
02RH066,2020-11-16,4.849999904632568,
02RH066,2020-12-16,3.569999933242798,B
02RH066,2021-01-16,2.700000047683716,B
02RH066,2021-02-16,2.150000095367432,B
02RH066,2021-03-16,2.740000009536743,B
02RH066,2021-04-16,13.899999618530272,
02RH066,2021-05-16,8.479999542236328,
02RH066,2021-06-16,5.210000038146973,
02RH066,2021-07-16,9.199999809265137,
02RH066,2021-08-16,3.5199999809265137,
02RH066,2021-09-16,8.390000343322754,
02RH066,2021-10-16,1.919999957084656,
02RH066,2021-11-16,3.299999952316284,
02RH066,2021-12-16,3.1700000762939453,B
02RH066,2022-01-16,1.9800000190734863,B
02RH066,2022-02-16,1.6200000047683716,B
02RH066,2022-03-16,1.4199999570846558,B
02RH066,2022-04-16,7.25,B
02RH066,2022-05-16,59.09999847412109,
02RH066,2022-06-16,17.899999618530273,
02RH066,2022-07-16,5.389999866485596,
02RH066,2022-08-16,2.539999961853028,
02RH066,2022-09-16,11.600000381469728,
02RH066,2022-10-16,11.800000190734863,
02RH066,2022-11-16,5.480000019073486,
02RH066,2022-12-16,2.9800000190734863,B
02RH066,2023-01-16,2.890000104904175,B
02RH066,2023-02-16,2.369999885559082,B
02RH066,2023-03-16,1.340000033378601,B
02RH066,2023-04-16,26.799999237060547,B
02RH066,2023-05-16,14.399999618530272,
02RH066,2023-06-16,7.420000076293945,
02RH066,2023-07-16,10.199999809265137,
02RH066,2023-08-16,13.399999618530272,
02RH066,2023-09-16,4.769999980926514,
02RH066,2023-10-16,10.899999618530272,
02RH066,2023-11-16,4.130000114440918,B
02RH066,2023-12-16,3.2100000381469727,B
02RH066,2024-01-16,2.25,B
02RH066,2024-02-16,1.8200000524520876,B
02RH066,2024-03-16,2.4800000190734863,B
02RH066,2024-04-16,16.100000381469727,
02RH066,2024-05-16,12.800000190734863,
02RH066,2024-06-16,6.099999904632568,
02RH066,2024-07-16,2.680000066757202,
02RH066,2024-08-16,2.5799999237060547,
02RH066,2024-09-16,2.130000114440918,
02RH066,1996-11-17,,
02RH066,1997-02-17,1.649999976158142,
02RH066,1997-03-17,1.440000057220459,
02RH066,1997-04-17,5.599999904632568,
02RH066,1997-05-17,58.59999847412109,
02RH066,1997-06-17,12.0,
02RH066,1997-07-17,4.179999828338623,
02RH066,1997-08-17,4.590000152587891,
02RH066,1997-09-17,3.059999942779541,
02RH066,1997-10-17,4.460000038146973,
02RH066,1997-11-17,4.380000114440918,
02RH066,1997-12-17,2.259999990463257,
02RH066,1998-01-17,1.590000033378601,
02RH066,1998-02-17,1.1799999475479126,
02RH066,1998-03-17,2.25,
02RH066,1998-04-17,10.399999618530272,
02RH066,1998-05-17,7.329999923706055,
02RH066,1998-06-17,6.650000095367432,
02RH066,1998-07-17,11.399999618530272,
02RH066,1998-08-17,2.4100000858306885,
02RH066,1998-09-17,11.800000190734863,
02RH066,1998-10-17,6.25,
02RH066,1998-11-17,5.409999847412109,
02RH066,1998-12-17,11.0,
02RH066,1999-01-17,2.5799999237060547,
02RH066,1999-02-17,2.8499999046325684,
02RH066,1999-03-17,1.6399999856948853,
02RH066,1999-04-17,7.96999979019165,
02RH066,1999-05-17,19.600000381469727,
02RH066,1999-06-17,4.659999847412109,
02RH066,1999-07-17,2.809999942779541,
02RH066,1999-08-17,3.200000047683716,
02RH066,1999-09-17,12.0,
02RH066,1999-10-17,13.800000190734863,
02RH066,1999-11-17,6.510000228881836,
02RH066,1999-12-17,11.800000190734863,
02RH066,2000-01-17,2.559999942779541,
02RH066,2000-02-17,1.409999966621399,
02RH066,2000-03-17,2.6600000858306885,
02RH066,2000-04-17,5.059999942779541,
02RH066,2000-05-17,29.5,
02RH066,2000-06-17,5.960000038146973,
02RH066,2000-07-17,5.329999923706055,
02RH066,2000-08-17,14.699999809265137,
02RH066,2000-09-17,8.149999618530273,
02RH066,2000-10-17,12.199999809265137,
02RH066,2000-11-17,8.800000190734863,
02RH066,2000-12-17,4.079999923706055,
02RH066,2001-01-17,1.840000033378601,
02RH066,2001-02-17,2.799999952316284,
02RH066,2001-03-17,1.3300000429153442,
02RH066,2001-04-17,9.489999771118164,
02RH066,2001-05-17,13.100000381469728,
02RH066,2001-06-17,5.920000076293945,
02RH066,2001-07-17,26.0,
02RH066,2001-08-17,2.4600000381469727,
02RH066,2001-09-17,2.609999895095825,
02RH066,2001-10-17,5.53000020980835,
02RH066,2001-11-17,13.0,
02RH066,2001-12-17,8.930000305175781,
02RH066,2002-01-17,2.3399999141693115,E
02RH066,2002-02-17,1.7999999523162842,
02RH066,2002-03-17,2.0899999141693115,E
02RH066,2002-04-17,33.29999923706055,
02RH066,2002-05-17,27.200000762939453,
02RH066,2002-06-17,6.329999923706055,
02RH066,2002-07-17,5.840000152587891,
02RH066,2002-08-17,2.7100000381469727,
02RH066,2002-09-17,3.9700000286102295,
02RH066,2002-10-17,2.900000095367432,
02RH066,2002-11-17,4.980000019073486,
02RH066,2002-12-17,2.1700000762939453,E
02RH066,2003-01-17,1.2599999904632568,E
02RH066,2003-02-17,0.7480000257492065,
02RH066,2003-03-17,0.5440000295639038,E
02RH066,2003-04-17,1.3200000524520874,
02RH066,2003-05-17,21.600000381469727,
02RH066,2003-06-17,7.010000228881836,
02RH066,2003-07-17,2.039999961853028,
02RH066,2003-08-17,7.050000190734863,
02RH066,2003-09-17,1.919999957084656,
02RH066,2003-10-17,6.039999961853027,
02RH066,2003-11-17,7.309999942779541,
02RH066,2003-12-17,3.450000047683716,E
02RH066,2004-01-17,2.6600000858306885,E
02RH066,2004-02-17,1.4700000286102295,E
02RH066,2004-03-17,1.25,
02RH066,2004-04-17,6.599999904632568,
02RH066,2004-05-17,44.09999847412109,
02RH066,2004-06-17,12.399999618530272,
02RH066,2004-07-17,10.800000190734863,
02RH066,2004-08-17,3.700000047683716,
02RH066,2004-09-17,6.53000020980835,
02RH066,2004-10-17,7.789999961853027,
02RH066,2004-11-17,3.660000085830689,
02RH066,2004-12-17,2.7799999713897705,
02RH066,2005-01-17,3.5799999237060547,E
02RH066,2005-02-17,1.6299999952316284,
02RH066,2005-03-17,1.4700000286102295,E
02RH066,2005-04-17,9.479999542236328,
02RH066,2005-05-17,20.600000381469727,
02RH066,2005-06-17,21.200000762939453,
02RH066,2005-07-17,2.430000066757202,
02RH066,2005-08-17,1.840000033378601,
02RH066,2005-09-17,2.359999895095825,
02RH066,2005-10-17,109.0,
02RH066,2005-11-17,21.200000762939453,
02RH066,2005-12-17,4.300000190734863,
02RH066,2006-01-17,3.049999952316284,E
02RH066,2006-02-17,2.0,
02RH066,2006-03-17,4.349999904632568,E
02RH066,2006-04-17,20.700000762939453,
02RH066,2006-05-17,30.600000381469727,
02RH066,2006-06-17,7.25,
02RH066,2006-07-17,5.78000020980835,
02RH066,2006-08-17,3.660000085830689,
02RH066,2006-09-17,2.299999952316284,
02RH066,2006-10-17,5.860000133514404,
02RH066,2006-11-17,33.900001525878906,
02RH066,2006-12-17,5.159999847412109,E
02RH066,2007-01-17,3.5899999141693115,E
02RH066,2007-02-17,2.049999952316284,
02RH066,2007-03-17,1.7000000476837158,E
02RH066,2007-04-17,2.75,
02RH066,2007-05-17,15.300000190734863,
02RH066,2007-06-17,4.239999771118164,
02RH066,2007-07-17,4.679999828338623,
02RH066,2007-08-17,5.820000171661377,
02RH066,2007-09-17,14.699999809265137,
02RH066,2007-10-17,6.949999809265137,
02RH066,2007-11-17,4.070000171661377,
02RH066,2007-12-17,2.430000066757202,
02RH066,2008-01-17,5.300000190734863,
02RH066,2008-02-17,2.6700000762939453,
02RH066,2008-03-17,1.8799999952316284,
02RH066,2008-04-17,12.100000381469728,
02RH066,2008-05-17,28.299999237060547,
02RH066,2008-06-17,25.399999618530277,
02RH066,2008-07-17,9.100000381469728,
02RH066,2008-08-17,5.0,
02RH066,2008-09-17,21.0,
02RH066,2008-10-17,6.019999980926514,
02RH066,2008-11-17,29.600000381469727,
02RH066,2008-12-17,5.389999866485596,
02RH066,2009-01-17,2.6700000762939453,
02RH066,2009-02-17,2.259999990463257,
02RH066,2009-03-17,2.220000028610229,
02RH066,2009-04-17,4.289999961853027,
02RH066,2009-05-17,21.200000762939453,
02RH066,2009-06-17,5.289999961853027,
02RH066,2009-07-17,6.079999923706055,
02RH066,2009-08-17,3.2699999809265137,
02RH066,2009-09-17,2.799999952316284,
02RH066,2009-10-17,5.349999904632568,
02RH066,2009-11-17,4.210000038146973,
02RH066,2009-12-17,2.640000104904175,
02RH066,2010-01-17,1.7300000190734863,
02RH066,2010-02-17,1.7899999618530271,
02RH066,2010-03-17,1.7599999904632568,
02RH066,2010-04-17,9.420000076293944,
02RH066,2010-05-17,16.700000762939453,
02RH066,2010-06-17,3.829999923706055,
02RH066,2010-07-17,2.759999990463257,
02RH066,2010-08-17,2.25,
02RH066,2010-09-17,3.7799999713897705,
02RH066,2010-10-17,18.0,
02RH066,2010-11-17,6.289999961853027,
02RH066,2010-12-17,5.800000190734863,
02RH066,2011-01-17,3.309999942779541,
02RH066,2011-02-17,2.240000009536743,
02RH066,2011-03-17,1.7400000095367432,
02RH066,2011-04-17,8.170000076293945,
02RH066,2011-05-17,25.0,
02RH066,2011-06-17,7.039999961853027,
02RH066,2011-07-17,4.28000020980835,
02RH066,2011-08-17,9.239999771118164,
02RH066,2011-09-17,7.289999961853027,
02RH066,2011-10-17,7.360000133514404,
02RH066,2011-11-17,5.989999771118164,
02RH066,2011-12-17,4.440000057220459,
02RH066,2012-01-17,2.25,B
02RH066,2012-02-17,1.909999966621399,B
02RH066,2012-03-17,5.019999980926514,B
02RH066,2012-04-17,27.0,
02RH066,2012-05-17,27.700000762939453,
02RH066,2012-06-17,5.550000190734863,
02RH066,2012-07-17,5.079999923706055,
02RH066,2012-08-17,3.7100000381469727,
02RH066,2012-09-17,5.289999961853027,
02RH066,2012-10-17,11.300000190734863,
02RH066,2012-11-17,3.9600000381469727,B
02RH066,2012-12-17,2.6600000858306885,B
02RH066,2013-01-17,3.609999895095825,B
02RH066,2013-02-17,1.9900000095367432,B
02RH066,2013-03-17,3.059999942779541,B
02RH066,2013-04-17,13.199999809265137,B
02RH066,2013-05-17,15.199999809265137,
02RH066,2013-06-17,6.460000038146973,
02RH066,2013-07-17,3.109999895095825,
02RH066,2013-08-17,9.489999771118164,
02RH066,2013-09-17,7.670000076293945,
02RH066,2013-10-17,3.380000114440918,
02RH066,2013-11-17,5.369999885559082,
02RH066,2013-12-17,2.299999952316284,B
02RH066,2014-01-17,2.380000114440918,B
02RH066,2014-02-17,1.4700000286102295,B
02RH066,2014-03-17,1.2599999904632568,B
02RH066,2014-04-17,24.799999237060547,B
02RH066,2014-05-17,62.59999847412109,
02RH066,2014-06-17,10.899999618530272,
02RH066,2014-07-17,2.259999990463257,
02RH066,2014-08-17,3.920000076293945,
02RH066,2014-09-17,3.509999990463257,
02RH066,2014-10-17,32.29999923706055,
02RH066,2014-11-17,4.489999771118164,B
02RH066,2014-12-17,2.720000028610229,B
02RH066,2015-01-17,1.9299999475479128,B
02RH066,2015-02-17,1.350000023841858,B
02RH066,2015-03-17,1.1200000047683716,B
02RH066,2015-04-17,7.239999771118164,B
02RH066,2015-05-17,13.300000190734863,
02RH066,2015-06-17,10.899999618530272,
02RH066,2015-07-17,3.359999895095825,
02RH066,2015-08-17,6.460000038146973,
02RH066,2015-09-17,4.929999828338623,
02RH066,2015-10-17,4.050000190734863,
02RH066,2015-11-17,4.929999828338623,
02RH066,2015-12-17,4.539999961853027,B
02RH066,2016-01-17,2.319999933242798,B
02RH066,2016-02-17,2.109999895095825,B
02RH066,2016-03-17,3.740000009536743,B
02RH066,2016-04-17,8.579999923706055,B
02RH066,2016-05-17,36.79999923706055,
02RH066,2016-06-17,16.799999237060547,
02RH066,2016-07-17,11.899999618530272,
02RH066,2016-08-17,5.710000038146973,
02RH066,2016-09-17,4.0,
02RH066,2016-10-17,3.009999990463257,
02RH066,2016-11-17,22.399999618530277,
02RH066,2016-12-17,3.839999914169312,B
02RH066,2017-01-17,2.7100000381469727,B
02RH066,2017-02-17,1.850000023841858,B
02RH066,2017-03-17,2.039999961853028,B
02RH066,2017-04-17,22.299999237060547,B
02RH066,2017-05-17,33.400001525878906,
02RH066,2017-06-17,5.260000228881836,
02RH066,2017-07-17,3.5999999046325684,
02RH066,2017-08-17,5.769999980926514,
02RH066,2017-09-17,3.759999990463257,
02RH066,2017-10-17,6.400000095367432,
02RH066,2017-11-17,6.110000133514404,B
02RH066,2017-12-17,2.789999961853028,B
02RH066,2018-01-17,4.769999980926514,B
02RH066,2018-02-17,1.899999976158142,B
02RH066,2018-03-17,1.950000047683716,B
02RH066,2018-04-17,1.3300000429153442,B
02RH066,2018-05-17,25.399999618530277,
02RH066,2018-06-17,7.949999809265137,
02RH066,2018-07-17,2.880000114440918,
02RH066,2018-08-17,2.549999952316284,
02RH066,2018-09-17,1.6200000047683716,
02RH066,2018-10-17,10.600000381469728,
02RH066,2018-11-17,5.989999771118164,B
02RH066,2018-12-17,2.509999990463257,B
02RH066,2019-01-17,2.2300000190734863,B
02RH066,2019-02-17,2.069999933242798,B
02RH066,2019-03-17,4.449999809265137,B
02RH066,2019-04-17,9.270000457763672,B
02RH066,2019-05-17,27.799999237060547,
02RH066,2019-06-17,14.5,
02RH066,2019-07-17,5.659999847412109,
02RH066,2019-08-17,2.539999961853028,
02RH066,2019-09-17,5.369999885559082,
02RH066,2019-10-17,4.03000020980835,
02RH066,2019-11-17,4.53000020980835,B
02RH066,2019-12-17,2.2100000381469727,B
02RH066,2020-01-17,1.6799999475479126,B
02RH066,2020-02-17,1.4700000286102295,B
02RH066,2020-03-17,2.3399999141693115,B
02RH066,2020-04-17,5.800000190734863,B
02RH066,2020-05-17,25.399999618530277,
02RH066,2020-06-17,5.460000038146973,
02RH066,2020-07-17,4.889999866485596,
02RH066,2020-08-17,2.7799999713897705,
02RH066,2020-09-17,22.399999618530277,
02RH066,2020-10-17,11.699999809265137,
02RH066,2020-11-17,4.789999961853027,
02RH066,2020-12-17,3.450000047683716,B
02RH066,2021-01-17,2.640000104904175,B
02RH066,2021-02-17,2.150000095367432,B
02RH066,2021-03-17,2.609999895095825,B
02RH066,2021-04-17,11.399999618530272,
02RH066,2021-05-17,8.329999923706055,
02RH066,2021-06-17,7.699999809265137,
02RH066,2021-07-17,9.40999984741211,
02RH066,2021-08-17,2.720000028610229,
02RH066,2021-09-17,5.210000038146973,
02RH066,2021-10-17,3.509999990463257,
02RH066,2021-11-17,2.9200000762939453,
02RH066,2021-12-17,4.119999885559082,B
02RH066,2022-01-17,1.9600000381469729,B
02RH066,2022-02-17,1.690000057220459,B
02RH066,2022-03-17,1.4199999570846558,B
02RH066,2022-04-17,6.679999828338623,B
02RH066,2022-05-17,65.4000015258789,
02RH066,2022-06-17,17.399999618530273,
02RH066,2022-07-17,4.75,
02RH066,2022-08-17,2.3499999046325684,
02RH066,2022-09-17,7.610000133514404,
02RH066,2022-10-17,7.800000190734863,
02RH066,2022-11-17,4.630000114440918,B
02RH066,2022-12-17,2.9200000762939453,B
02RH066,2023-01-17,2.8499999046325684,B
02RH066,2023-02-17,2.890000104904175,B
02RH066,2023-03-17,1.3200000524520874,B
02RH066,2023-04-17,34.70000076293945,B
02RH066,2023-05-17,13.199999809265137,
02RH066,2023-06-17,7.159999847412109,
02RH066,2023-07-17,15.199999809265137,
02RH066,2023-08-17,9.390000343322754,
02RH066,2023-09-17,4.210000038146973,
02RH066,2023-10-17,9.369999885559082,
02RH066,2023-11-17,4.650000095367432,B
02RH066,2023-12-17,2.970000028610229,B
02RH066,2024-01-17,2.220000028610229,B
02RH066,2024-02-17,1.7899999618530271,B
02RH066,2024-03-17,2.359999895095825,B
02RH066,2024-04-17,11.899999618530272,
02RH066,2024-05-17,10.800000190734863,
02RH066,2024-06-17,5.179999828338623,
02RH066,2024-07-17,2.930000066757202,
02RH066,2024-08-17,2.369999885559082,
02RH066,2024-09-17,1.9800000190734863,
02RH066,1996-11-18,,
02RH066,1997-02-18,1.6299999952316284,
02RH066,1997-03-18,1.409999966621399,
02RH066,1997-04-18,5.980000019073486,
02RH066,1997-05-18,41.0,
02RH066,1997-06-18,13.199999809265137,
02RH066,1997-07-18,5.420000076293945,
02RH066,1997-08-18,5.579999923706055,
02RH066,1997-09-18,2.9100000858306885,
02RH066,1997-10-18,4.300000190734863,
02RH066,1997-11-18,3.740000009536743,
02RH066,1997-12-18,2.220000028610229,
02RH066,1998-01-18,1.5700000524520874,
02RH066,1998-02-18,1.1699999570846558,
02RH066,1998-03-18,2.119999885559082,
02RH066,1998-04-18,17.799999237060547,
02RH066,1998-05-18,7.28000020980835,
02RH066,1998-06-18,7.599999904632568,
02RH066,1998-07-18,26.100000381469727,
02RH066,1998-08-18,2.440000057220459,
02RH066,1998-09-18,8.84000015258789,
02RH066,1998-10-18,6.050000190734863,
02RH066,1998-11-18,5.079999923706055,
02RH066,1998-12-18,10.399999618530272,
02RH066,1999-01-18,2.549999952316284,
02RH066,1999-02-18,2.6700000762939453,
02RH066,1999-03-18,1.6200000047683716,
02RH066,1999-04-18,8.949999809265137,
02RH066,1999-05-18,23.200000762939453,
02RH066,1999-06-18,4.230000019073486,
02RH066,1999-07-18,2.9200000762939453,
02RH066,1999-08-18,4.570000171661377,
02RH066,1999-09-18,31.700000762939453,
02RH066,1999-10-18,11.5,
02RH066,1999-11-18,6.739999771118164,
02RH066,1999-12-18,13.5,
02RH066,2000-01-18,2.509999990463257,
02RH066,2000-02-18,1.399999976158142,
02RH066,2000-03-18,2.5,
02RH066,2000-04-18,4.789999961853027,
02RH066,2000-05-18,31.0,
02RH066,2000-06-18,5.619999885559082,
02RH066,2000-07-18,4.550000190734863,
02RH066,2000-08-18,10.5,
02RH066,2000-09-18,7.039999961853027,
02RH066,2000-10-18,9.729999542236328,
02RH066,2000-11-18,7.510000228881836,
02RH066,2000-12-18,5.53000020980835,
02RH066,2001-01-18,1.7899999618530271,
02RH066,2001-02-18,2.5199999809265137,
02RH066,2001-03-18,1.3799999952316284,
02RH066,2001-04-18,7.96999979019165,
02RH066,2001-05-18,12.199999809265137,
02RH066,2001-06-18,5.730000019073486,
02RH066,2001-07-18,17.399999618530273,
02RH066,2001-08-18,2.640000104904175,
02RH066,2001-09-18,2.470000028610229,
02RH066,2001-10-18,5.769999980926514,
02RH066,2001-11-18,9.329999923706056,
02RH066,2001-12-18,8.289999961853027,
02RH066,2002-01-18,2.309999942779541,E
02RH066,2002-02-18,1.7799999713897705,
02RH066,2002-03-18,2.069999933242798,E
02RH066,2002-04-18,42.59999847412109,
02RH066,2002-05-18,26.100000381469727,
02RH066,2002-06-18,6.949999809265137,
02RH066,2002-07-18,5.920000076293945,
02RH066,2002-08-18,2.630000114440918,
02RH066,2002-09-18,3.380000114440918,
02RH066,2002-10-18,3.2300000190734863,
02RH066,2002-11-18,4.679999828338623,
02RH066,2002-12-18,2.150000095367432,E
02RH066,2003-01-18,1.2300000190734863,E
02RH066,2003-02-18,0.7390000224113464,
02RH066,2003-03-18,0.5389999747276306,E
02RH066,2003-04-18,1.2899999618530271,
02RH066,2003-05-18,22.799999237060547,
02RH066,2003-06-18,5.690000057220459,
02RH066,2003-07-18,4.010000228881836,
02RH066,2003-08-18,6.139999866485596,
02RH066,2003-09-18,1.899999976158142,
02RH066,2003-10-18,4.730000019073486,
02RH066,2003-11-18,6.570000171661377,
02RH066,2003-12-18,3.7300000190734863,E
02RH066,2004-01-18,2.569999933242798,E
02RH066,2004-02-18,1.4600000381469729,E
02RH066,2004-03-18,1.2400000095367432,
02RH066,2004-04-18,6.099999904632568,
02RH066,2004-05-18,45.09999847412109,
02RH066,2004-06-18,8.930000305175781,
02RH066,2004-07-18,8.859999656677246,
02RH066,2004-08-18,3.200000047683716,
02RH066,2004-09-18,5.949999809265137,
02RH066,2004-10-18,6.929999828338623,
02RH066,2004-11-18,3.549999952316284,
02RH066,2004-12-18,2.7300000190734863,
02RH066,2005-01-18,2.970000028610229,E
02RH066,2005-02-18,1.6100000143051147,
02RH066,2005-03-18,1.4800000190734863,E
02RH066,2005-04-18,11.5,
02RH066,2005-05-18,21.200000762939453,
02RH066,2005-06-18,23.399999618530277,
02RH066,2005-07-18,2.1700000762939453,
02RH066,2005-08-18,1.8200000524520876,
02RH066,2005-09-18,2.430000066757202,
02RH066,2005-10-18,73.30000305175781,
02RH066,2005-11-18,15.800000190734863,
02RH066,2005-12-18,4.139999866485596,
02RH066,2006-01-18,2.970000028610229,E
02RH066,2006-02-18,1.9800000190734863,
02RH066,2006-03-18,4.119999885559082,E
02RH066,2006-04-18,19.200000762939453,
02RH066,2006-05-18,29.399999618530277,
02RH066,2006-06-18,6.78000020980835,
02RH066,2006-07-18,6.820000171661377,
02RH066,2006-08-18,3.3499999046325684,
02RH066,2006-09-18,3.470000028610229,
02RH066,2006-10-18,5.880000114440918,
02RH066,2006-11-18,41.70000076293945,
02RH066,2006-12-18,5.039999961853027,E
02RH066,2007-01-18,3.430000066757202,E
02RH066,2007-02-18,2.0299999713897705,
02RH066,2007-03-18,1.7000000476837158,E
02RH066,2007-04-18,3.150000095367432,
02RH066,2007-05-18,12.899999618530272,
02RH066,2007-06-18,4.960000038146973,
02RH066,2007-07-18,4.320000171661377,
02RH066,2007-08-18,5.690000057220459,
02RH066,2007-09-18,10.399999618530272,
02RH066,2007-10-18,6.050000190734863,
02RH066,2007-11-18,3.9600000381469727,
02RH066,2007-12-18,2.400000095367432,
02RH066,2008-01-18,5.010000228881836,
02RH066,2008-02-18,3.150000095367432,
02RH066,2008-03-18,1.8600000143051147,
02RH066,2008-04-18,16.100000381469727,
02RH066,2008-05-18,25.899999618530277,
02RH066,2008-06-18,29.0,
02RH066,2008-07-18,7.71999979019165,
02RH066,2008-08-18,4.679999828338623,
02RH066,2008-09-18,14.100000381469728,
02RH066,2008-10-18,5.630000114440918,
02RH066,2008-11-18,19.799999237060547,
02RH066,2008-12-18,4.940000057220459,
02RH066,2009-01-18,2.650000095367432,
02RH066,2009-02-18,2.25,
02RH066,2009-03-18,2.200000047683716,
02RH066,2009-04-18,4.429999828338623,
02RH066,2009-05-18,19.399999618530277,
02RH066,2009-06-18,4.730000019073486,
02RH066,2009-07-18,7.610000133514404,
02RH066,2009-08-18,4.21999979019165,
02RH066,2009-09-18,2.9100000858306885,
02RH066,2009-10-18,4.800000190734863,
02RH066,2009-11-18,3.910000085830689,
02RH066,2009-12-18,2.569999933242798,
02RH066,2010-01-18,1.7200000286102295,
02RH066,2010-02-18,1.7699999809265137,
02RH066,2010-03-18,1.7999999523162842,
02RH066,2010-04-18,9.359999656677246,
02RH066,2010-05-18,18.899999618530277,
02RH066,2010-06-18,3.640000104904175,
02RH066,2010-07-18,3.900000095367432,
02RH066,2010-08-18,2.240000009536743,
02RH066,2010-09-18,3.3299999237060547,
02RH066,2010-10-18,16.799999237060547,
02RH066,2010-11-18,10.199999809265137,
02RH066,2010-12-18,5.320000171661377,
02RH066,2011-01-18,3.259999990463257,
02RH066,2011-02-18,3.0199999809265137,
02RH066,2011-03-18,1.919999957084656,
02RH066,2011-04-18,8.079999923706055,
02RH066,2011-05-18,23.600000381469727,
02RH066,2011-06-18,10.5,
02RH066,2011-07-18,6.349999904632568,
02RH066,2011-08-18,6.940000057220459,
02RH066,2011-09-18,6.5,
02RH066,2011-10-18,6.489999771118164,
02RH066,2011-11-18,5.190000057220459,
02RH066,2011-12-18,4.110000133514404,
02RH066,2012-01-18,2.240000009536743,B
02RH066,2012-02-18,1.899999976158142,B
02RH066,2012-03-18,7.389999866485596,B
02RH066,2012-04-18,23.899999618530277,
02RH066,2012-05-18,22.100000381469727,
02RH066,2012-06-18,4.789999961853027,
02RH066,2012-07-18,4.699999809265137,
02RH066,2012-08-18,3.539999961853028,
02RH066,2012-09-18,4.099999904632568,
02RH066,2012-10-18,7.929999828338623,
02RH066,2012-11-18,3.75,B
02RH066,2012-12-18,2.5899999141693115,B
02RH066,2013-01-18,3.180000066757202,B
02RH066,2013-02-18,1.9800000190734863,B
02RH066,2013-03-18,2.509999990463257,B
02RH066,2013-04-18,13.800000190734863,B
02RH066,2013-05-18,13.0,
02RH066,2013-06-18,7.559999942779541,
02RH066,2013-07-18,6.340000152587891,
02RH066,2013-08-18,6.71999979019165,
02RH066,2013-09-18,5.820000171661377,
02RH066,2013-10-18,4.019999980926514,
02RH066,2013-11-18,6.909999847412109,
02RH066,2013-12-18,2.259999990463257,B
02RH066,2014-01-18,2.240000009536743,B
02RH066,2014-02-18,1.4600000381469729,B
02RH066,2014-03-18,1.25,B
02RH066,2014-04-18,22.600000381469727,B
02RH066,2014-05-18,55.5,
02RH066,2014-06-18,8.630000114440918,
02RH066,2014-07-18,2.109999895095825,
02RH066,2014-08-18,4.159999847412109,
02RH066,2014-09-18,3.369999885559082,
02RH066,2014-10-18,29.399999618530277,
02RH066,2014-11-18,4.360000133514404,B
02RH066,2014-12-18,2.6700000762939453,B
02RH066,2015-01-18,1.899999976158142,B
02RH066,2015-02-18,1.340000033378601,B
02RH066,2015-03-18,1.1100000143051147,B
02RH066,2015-04-18,6.670000076293945,B
02RH066,2015-05-18,13.0,
02RH066,2015-06-18,8.34000015258789,
02RH066,2015-07-18,3.25,
02RH066,2015-08-18,5.820000171661377,
02RH066,2015-09-18,3.819999933242798,
02RH066,2015-10-18,3.900000095367432,
02RH066,2015-11-18,4.53000020980835,
02RH066,2015-12-18,4.389999866485596,B
02RH066,2016-01-18,2.289999961853028,B
02RH066,2016-02-18,2.289999961853028,B
02RH066,2016-03-18,3.4800000190734863,B
02RH066,2016-04-18,9.800000190734863,B
02RH066,2016-05-18,27.5,
02RH066,2016-06-18,13.199999809265137,
02RH066,2016-07-18,8.979999542236328,
02RH066,2016-08-18,7.690000057220459,
02RH066,2016-09-18,6.360000133514404,
02RH066,2016-10-18,3.0999999046325684,
02RH066,2016-11-18,19.799999237060547,
02RH066,2016-12-18,3.7699999809265137,B
02RH066,2017-01-18,2.6700000762939453,B
02RH066,2017-02-18,1.830000042915344,B
02RH066,2017-03-18,1.9900000095367432,B
02RH066,2017-04-18,19.5,B
02RH066,2017-05-18,35.70000076293945,
02RH066,2017-06-18,5.309999942779541,
02RH066,2017-07-18,4.289999961853027,
02RH066,2017-08-18,4.320000171661377,
02RH066,2017-09-18,3.559999942779541,
02RH066,2017-10-18,5.679999828338623,
02RH066,2017-11-18,5.78000020980835,B
02RH066,2017-12-18,2.7100000381469727,B
02RH066,2018-01-18,4.400000095367432,B
02RH066,2018-02-18,1.8899999856948853,B
02RH066,2018-03-18,1.909999966621399,B
02RH066,2018-04-18,1.3700000047683716,B
02RH066,2018-05-18,20.600000381469727,
02RH066,2018-06-18,11.899999618530272,
02RH066,2018-07-18,3.069999933242798,
02RH066,2018-08-18,3.0999999046325684,
02RH066,2018-09-18,2.4800000190734863,
02RH066,2018-10-18,9.5,
02RH066,2018-11-18,5.769999980926514,B
02RH066,2018-12-18,2.470000028610229,B
02RH066,2019-01-18,2.180000066757202,B
02RH066,2019-02-18,2.0,B
02RH066,2019-03-18,4.71999979019165,B
02RH066,2019-04-18,8.720000267028809,B
02RH066,2019-05-18,30.600000381469727,
02RH066,2019-06-18,11.399999618530272,
02RH066,2019-07-18,5.119999885559082,
02RH066,2019-08-18,2.819999933242798,
02RH066,2019-09-18,4.670000076293945,
02RH066,2019-10-18,9.859999656677246,
02RH066,2019-11-18,4.320000171661377,B
02RH066,2019-12-18,2.190000057220459,B
02RH066,2020-01-18,1.6699999570846558,B
02RH066,2020-02-18,1.4700000286102295,B
02RH066,2020-03-18,2.119999885559082,B
02RH066,2020-04-18,4.730000019073486,B
02RH066,2020-05-18,25.899999618530277,
02RH066,2020-06-18,4.989999771118164,
02RH066,2020-07-18,9.829999923706056,
02RH066,2020-08-18,2.75,
02RH066,2020-09-18,17.5,
02RH066,2020-10-18,10.899999618530272,
02RH066,2020-11-18,4.460000038146973,
02RH066,2020-12-18,3.3299999237060547,B
02RH066,2021-01-18,2.5799999237060547,B
02RH066,2021-02-18,2.140000104904175,B
02RH066,2021-03-18,2.490000009536743,B
02RH066,2021-04-18,9.56999969482422,
02RH066,2021-05-18,8.539999961853027,
02RH066,2021-06-18,8.359999656677246,
02RH066,2021-07-18,6.199999809265137,
02RH066,2021-08-18,2.299999952316284,
02RH066,2021-09-18,4.0,
02RH066,2021-10-18,6.300000190734863,
02RH066,2021-11-18,3.3499999046325684,
02RH066,2021-12-18,4.260000228881836,B
02RH066,2022-01-18,1.940000057220459,B
02RH066,2022-02-18,1.7899999618530271,B
02RH066,2022-03-18,1.5700000524520874,B
02RH066,2022-04-18,6.239999771118164,B
02RH066,2022-05-18,58.59999847412109,
02RH066,2022-06-18,24.100000381469727,
02RH066,2022-07-18,4.329999923706055,
02RH066,2022-08-18,2.289999961853028,
02RH066,2022-09-18,5.75,
02RH066,2022-10-18,5.989999771118164,
02RH066,2022-11-18,4.340000152587891,B
02RH066,2022-12-18,2.869999885559082,B
02RH066,2023-01-18,2.809999942779541,B
02RH066,2023-02-18,2.7799999713897705,B
02RH066,2023-03-18,1.309999942779541,B
02RH066,2023-04-18,44.59999847412109,
02RH066,2023-05-18,10.300000190734863,
02RH066,2023-06-18,6.699999809265137,
02RH066,2023-07-18,11.899999618530272,
02RH066,2023-08-18,7.53000020980835,
02RH066,2023-09-18,3.940000057220459,
02RH066,2023-10-18,7.360000133514404,
02RH066,2023-11-18,7.739999771118164,B
02RH066,2023-12-18,4.920000076293945,B
02RH066,2024-01-18,2.190000057220459,B
02RH066,2024-02-18,1.7599999904632568,B
02RH066,2024-03-18,2.259999990463257,B
02RH066,2024-04-18,9.5,
02RH066,2024-05-18,10.800000190734863,
02RH066,2024-06-18,4.769999980926514,
02RH066,2024-07-18,4.010000228881836,
02RH066,2024-08-18,2.2100000381469727,
02RH066,2024-09-18,2.309999942779541,
02RH066,1996-11-19,,
02RH066,1997-02-19,1.590000033378601,
02RH066,1997-03-19,1.3700000047683716,
02RH066,1997-04-19,6.480000019073486,
02RH066,1997-05-19,31.899999618530277,
02RH066,1997-06-19,15.0,
02RH066,1997-07-19,6.389999866485596,
02RH066,1997-08-19,5.929999828338623,
02RH066,1997-09-19,2.809999942779541,
02RH066,1997-10-19,4.139999866485596,
02RH066,1997-11-19,3.5999999046325684,
02RH066,1997-12-19,2.200000047683716,
02RH066,1998-01-19,1.559999942779541,
02RH066,1998-02-19,1.159999966621399,
02RH066,1998-03-19,1.9900000095367432,
02RH066,1998-04-19,21.100000381469727,
02RH066,1998-05-19,7.389999866485596,
02RH066,1998-06-19,8.630000114440918,
02RH066,1998-07-19,14.199999809265137,
02RH066,1998-08-19,2.5199999809265137,
02RH066,1998-09-19,10.399999618530272,
02RH066,1998-10-19,5.980000019073486,
02RH066,1998-11-19,5.179999828338623,
02RH066,1998-12-19,9.600000381469728,
02RH066,1999-01-19,2.5199999809265137,
02RH066,1999-02-19,2.539999961853028,
02RH066,1999-03-19,1.600000023841858,
02RH066,1999-04-19,9.460000038146973,
02RH066,1999-05-19,24.799999237060547,
02RH066,1999-06-19,3.930000066757202,
02RH066,1999-07-19,3.0899999141693115,
02RH066,1999-08-19,5.059999942779541,
02RH066,1999-09-19,19.100000381469727,
02RH066,1999-10-19,8.970000267028809,
02RH066,1999-11-19,7.71999979019165,
02RH066,1999-12-19,20.299999237060547,
02RH066,2000-01-19,2.4600000381469727,
02RH066,2000-02-19,1.3700000047683716,
02RH066,2000-03-19,2.289999961853028,
02RH066,2000-04-19,4.360000133514404,
02RH066,2000-05-19,34.900001525878906,
02RH066,2000-06-19,5.349999904632568,
02RH066,2000-07-19,5.119999885559082,
02RH066,2000-08-19,7.980000019073486,
02RH066,2000-09-19,6.440000057220459,
02RH066,2000-10-19,10.899999618530272,
02RH066,2000-11-19,7.5,
02RH066,2000-12-19,7.269999980926514,
02RH066,2001-01-19,1.7300000190734863,
02RH066,2001-02-19,2.220000028610229,
02RH066,2001-03-19,1.440000057220459,
02RH066,2001-04-19,6.860000133514404,
02RH066,2001-05-19,11.699999809265137,
02RH066,2001-06-19,5.010000228881836,
02RH066,2001-07-19,12.300000190734863,
02RH066,2001-08-19,2.859999895095825,
02RH066,2001-09-19,2.319999933242798,
02RH066,2001-10-19,5.570000171661377,
02RH066,2001-11-19,8.369999885559082,
02RH066,2001-12-19,7.400000095367432,
02RH066,2002-01-19,2.2799999713897705,E
02RH066,2002-02-19,1.7699999809265137,
02RH066,2002-03-19,2.049999952316284,E
02RH066,2002-04-19,48.79999923706055,
02RH066,2002-05-19,19.700000762939453,
02RH066,2002-06-19,7.159999847412109,
02RH066,2002-07-19,4.96999979019165,
02RH066,2002-08-19,2.640000104904175,
02RH066,2002-09-19,2.990000009536743,
02RH066,2002-10-19,3.2300000190734863,
02RH066,2002-11-19,4.429999828338623,
02RH066,2002-12-19,2.130000114440918,E
02RH066,2003-01-19,1.2100000381469729,E
02RH066,2003-02-19,0.7289999723434448,
02RH066,2003-03-19,0.5339999794960022,E
02RH066,2003-04-19,2.2300000190734863,
02RH066,2003-05-19,24.200000762939453,
02RH066,2003-06-19,5.320000171661377,
02RH066,2003-07-19,3.690000057220459,
02RH066,2003-08-19,4.619999885559082,
02RH066,2003-09-19,1.8600000143051147,
02RH066,2003-10-19,3.900000095367432,
02RH066,2003-11-19,5.96999979019165,
02RH066,2003-12-19,3.930000066757202,E
02RH066,2004-01-19,2.4800000190734863,E
02RH066,2004-02-19,1.440000057220459,E
02RH066,2004-03-19,1.2400000095367432,
02RH066,2004-04-19,15.600000381469728,
02RH066,2004-05-19,70.0,
02RH066,2004-06-19,9.979999542236328,
02RH066,2004-07-19,6.909999847412109,
02RH066,2004-08-19,3.0999999046325684,
02RH066,2004-09-19,5.53000020980835,
02RH066,2004-10-19,5.989999771118164,
02RH066,2004-11-19,4.099999904632568,
02RH066,2004-12-19,2.690000057220459,
02RH066,2005-01-19,2.5299999713897705,E
02RH066,2005-02-19,1.600000023841858,
02RH066,2005-03-19,1.4800000190734863,E
02RH066,2005-04-19,10.5,
02RH066,2005-05-19,19.100000381469727,
02RH066,2005-06-19,18.0,
02RH066,2005-07-19,2.0899999141693115,
02RH066,2005-08-19,1.830000042915344,
02RH066,2005-09-19,2.509999990463257,
02RH066,2005-10-19,44.70000076293945,
02RH066,2005-11-19,12.899999618530272,
02RH066,2005-12-19,4.0,
02RH066,2006-01-19,3.799999952316284,E
02RH066,2006-02-19,1.9600000381469729,
02RH066,2006-03-19,3.930000066757202,E
02RH066,2006-04-19,22.700000762939453,
02RH066,2006-05-19,23.100000381469727,
02RH066,2006-06-19,6.880000114440918,
02RH066,2006-07-19,6.539999961853027,
02RH066,2006-08-19,3.0899999141693115,
02RH066,2006-09-19,13.300000190734863,
02RH066,2006-10-19,6.190000057220459,
02RH066,2006-11-19,30.0,
02RH066,2006-12-19,4.929999828338623,E
02RH066,2007-01-19,3.289999961853028,E
02RH066,2007-02-19,2.009999990463257,
02RH066,2007-03-19,1.690000057220459,E
02RH066,2007-04-19,5.130000114440918,
02RH066,2007-05-19,12.600000381469728,
02RH066,2007-06-19,4.420000076293945,
02RH066,2007-07-19,4.659999847412109,
02RH066,2007-08-19,6.329999923706055,
02RH066,2007-09-19,7.769999980926514,
02RH066,2007-10-19,5.610000133514404,
02RH066,2007-11-19,3.859999895095825,
02RH066,2007-12-19,2.380000114440918,
02RH066,2008-01-19,4.769999980926514,
02RH066,2008-02-19,3.950000047683716,
02RH066,2008-03-19,1.840000033378601,
02RH066,2008-04-19,22.600000381469727,
02RH066,2008-05-19,25.399999618530277,
02RH066,2008-06-19,26.600000381469727,
02RH066,2008-07-19,7.050000190734863,
02RH066,2008-08-19,6.5,
02RH066,2008-09-19,10.100000381469728,
02RH066,2008-10-19,5.300000190734863,
02RH066,2008-11-19,14.0,
02RH066,2008-12-19,4.579999923706055,
02RH066,2009-01-19,2.619999885559082,
02RH066,2009-02-19,2.240000009536743,
02RH066,2009-03-19,2.180000066757202,
02RH066,2009-04-19,4.650000095367432,
02RH066,2009-05-19,15.199999809265137,
02RH066,2009-06-19,4.340000152587891,
02RH066,2009-07-19,10.100000381469728,
02RH066,2009-08-19,9.25,
02RH066,2009-09-19,4.679999828338623,
02RH066,2009-10-19,4.389999866485596,
02RH066,2009-11-19,3.839999914169312,
02RH066,2009-12-19,2.509999990463257,
02RH066,2010-01-19,1.7100000381469729,
02RH066,2010-02-19,1.7599999904632568,
02RH066,2010-03-19,1.7799999713897705,
02RH066,2010-04-19,9.600000381469728,
02RH066,2010-05-19,21.899999618530277,
02RH066,2010-06-19,3.450000047683716,
02RH066,2010-07-19,4.519999980926514,
02RH066,2010-08-19,2.0799999237060547,
02RH066,2010-09-19,3.140000104904175,
02RH066,2010-10-19,13.800000190734863,
02RH066,2010-11-19,8.569999694824219,
02RH066,2010-12-19,5.010000228881836,
02RH066,2011-01-19,3.2100000381469727,
02RH066,2011-02-19,4.110000133514404,
02RH066,2011-03-19,2.200000047683716,
02RH066,2011-04-19,7.420000076293945,
02RH066,2011-05-19,36.5,
02RH066,2011-06-19,9.800000190734863,
02RH066,2011-07-19,6.320000171661377,
02RH066,2011-08-19,5.71999979019165,
02RH066,2011-09-19,5.71999979019165,
02RH066,2011-10-19,6.139999866485596,
02RH066,2011-11-19,4.760000228881836,
02RH066,2011-12-19,3.839999914169312,
02RH066,2012-01-19,2.220000028610229,B
02RH066,2012-02-19,1.8899999856948853,B
02RH066,2012-03-19,10.899999618530272,B
02RH066,2012-04-19,17.200000762939453,
02RH066,2012-05-19,16.899999618530273,
02RH066,2012-06-19,4.420000076293945,
02RH066,2012-07-19,4.639999866485596,
02RH066,2012-08-19,3.299999952316284,
02RH066,2012-09-19,3.650000095367432,
02RH066,2012-10-19,6.170000076293945,
02RH066,2012-11-19,3.5999999046325684,B
02RH066,2012-12-19,2.539999961853028,B
02RH066,2013-01-19,2.8499999046325684,B
02RH066,2013-02-19,1.9600000381469729,B
02RH066,2013-03-19,2.1700000762939453,B
02RH066,2013-04-19,25.200000762939453,B
02RH066,2013-05-19,11.0,
02RH066,2013-06-19,7.369999885559082,
02RH066,2013-07-19,6.110000133514404,
02RH066,2013-08-19,5.139999866485596,
02RH066,2013-09-19,4.610000133514404,
02RH066,2013-10-19,4.599999904632568,
02RH066,2013-11-19,11.399999618530272,
02RH066,2013-12-19,2.2300000190734863,B
02RH066,2014-01-19,2.140000104904175,B
02RH066,2014-02-19,1.4500000476837158,B
02RH066,2014-03-19,1.2400000095367432,B
02RH066,2014-04-19,19.899999618530277,B
02RH066,2014-05-19,38.09999847412109,
02RH066,2014-06-19,8.520000457763672,
02RH066,2014-07-19,1.909999966621399,
02RH066,2014-08-19,4.360000133514404,
02RH066,2014-09-19,3.299999952316284,
02RH066,2014-10-19,21.700000762939453,
02RH066,2014-11-19,4.239999771118164,B
02RH066,2014-12-19,2.619999885559082,B
02RH066,2015-01-19,1.870000004768372,B
02RH066,2015-02-19,1.3300000429153442,B
02RH066,2015-03-19,1.1100000143051147,B
02RH066,2015-04-19,6.139999866485596,B
02RH066,2015-05-19,13.399999618530272,
02RH066,2015-06-19,6.960000038146973,
02RH066,2015-07-19,4.46999979019165,
02RH066,2015-08-19,5.769999980926514,
02RH066,2015-09-19,3.190000057220459,
02RH066,2015-10-19,3.430000066757202,
02RH066,2015-11-19,4.789999961853027,
02RH066,2015-12-19,4.230000019073486,B
02RH066,2016-01-19,2.259999990463257,B
02RH066,2016-02-19,2.190000057220459,B
02RH066,2016-03-19,3.259999990463257,B
02RH066,2016-04-19,9.93000030517578,B
02RH066,2016-05-19,26.700000762939453,
02RH066,2016-06-19,11.300000190734863,
02RH066,2016-07-19,8.670000076293945,
02RH066,2016-08-19,6.010000228881836,
02RH066,2016-09-19,8.619999885559082,
02RH066,2016-10-19,4.639999866485596,
02RH066,2016-11-19,15.199999809265137,
02RH066,2016-12-19,3.690000057220459,B
02RH066,2017-01-19,2.619999885559082,B
02RH066,2017-02-19,1.8200000524520876,B
02RH066,2017-03-19,1.9299999475479128,B
02RH066,2017-04-19,16.799999237060547,B
02RH066,2017-05-19,56.5,
02RH066,2017-06-19,14.600000381469728,
02RH066,2017-07-19,3.640000104904175,
02RH066,2017-08-19,3.549999952316284,
02RH066,2017-09-19,3.569999933242798,
02RH066,2017-10-19,5.28000020980835,
02RH066,2017-11-19,5.480000019073486,B
02RH066,2017-12-19,2.640000104904175,B
02RH066,2018-01-19,4.090000152587891,B
02RH066,2018-02-19,1.870000004768372,B
02RH066,2018-03-19,1.870000004768372,B
02RH066,2018-04-19,1.3899999856948853,B
02RH066,2018-05-19,17.700000762939453,
02RH066,2018-06-19,18.0,
02RH066,2018-07-19,2.819999933242798,
02RH066,2018-08-19,3.009999990463257,
02RH066,2018-09-19,3.440000057220459,
02RH066,2018-10-19,7.860000133514404,
02RH066,2018-11-19,5.570000171661377,B
02RH066,2018-12-19,2.440000057220459,B
02RH066,2019-01-19,2.140000104904175,B
02RH066,2019-02-19,1.9299999475479128,B
02RH066,2019-03-19,4.409999847412109,B
02RH066,2019-04-19,12.699999809265137,B
02RH066,2019-05-19,28.799999237060547,
02RH066,2019-06-19,9.079999923706056,
02RH066,2019-07-19,4.369999885559082,
02RH066,2019-08-19,2.8499999046325684,
02RH066,2019-09-19,3.799999952316284,
02RH066,2019-10-19,15.300000190734863,
02RH066,2019-11-19,4.119999885559082,B
02RH066,2019-12-19,2.1600000858306885,B
02RH066,2020-01-19,1.659999966621399,B
02RH066,2020-02-19,1.4700000286102295,B
02RH066,2020-03-19,1.9299999475479128,B
02RH066,2020-04-19,4.300000190734863,B
02RH066,2020-05-19,25.600000381469727,
02RH066,2020-06-19,4.570000171661377,
02RH066,2020-07-19,7.269999980926514,
02RH066,2020-08-19,3.7100000381469727,
02RH066,2020-09-19,11.600000381469728,
02RH066,2020-10-19,9.420000076293944,
02RH066,2020-11-19,4.309999942779541,B
02RH066,2020-12-19,3.220000028610229,B
02RH066,2021-01-19,2.5299999713897705,B
02RH066,2021-02-19,2.140000104904175,B
02RH066,2021-03-19,2.400000095367432,B
02RH066,2021-04-19,8.710000038146973,
02RH066,2021-05-19,8.399999618530273,
02RH066,2021-06-19,6.699999809265137,
02RH066,2021-07-19,4.909999847412109,
02RH066,2021-08-19,2.0999999046325684,
02RH066,2021-09-19,3.859999895095825,
02RH066,2021-10-19,10.199999809265137,
02RH066,2021-11-19,5.739999771118164,
02RH066,2021-12-19,3.829999923706055,B
02RH066,2022-01-19,1.919999957084656,B
02RH066,2022-02-19,1.6699999570846558,B
02RH066,2022-03-19,1.7000000476837158,B
02RH066,2022-04-19,5.889999866485596,B
02RH066,2022-05-19,46.0,
02RH066,2022-06-19,23.799999237060547,
02RH066,2022-07-19,4.389999866485596,
02RH066,2022-08-19,2.789999961853028,
02RH066,2022-09-19,4.760000228881836,
02RH066,2022-10-19,5.409999847412109,
02RH066,2022-11-19,4.110000133514404,B
02RH066,2022-12-19,2.809999942779541,B
02RH066,2023-01-19,2.7699999809265137,B
02RH066,2023-02-19,2.680000066757202,B
02RH066,2023-03-19,1.2899999618530271,B
02RH066,2023-04-19,35.599998474121094,
02RH066,2023-05-19,8.319999694824219,
02RH066,2023-06-19,5.650000095367432,
02RH066,2023-07-19,9.4399995803833,
02RH066,2023-08-19,29.200000762939453,
02RH066,2023-09-19,5.369999885559082,
02RH066,2023-10-19,6.130000114440918,
02RH066,2023-11-19,6.300000190734863,B
02RH066,2023-12-19,20.200000762939453,B
02RH066,2024-01-19,2.1700000762939453,B
02RH066,2024-02-19,1.7300000190734863,B
02RH066,2024-03-19,2.1700000762939453,B
02RH066,2024-04-19,9.989999771118164,
02RH066,2024-05-19,10.800000190734863,
02RH066,2024-06-19,8.729999542236328,
02RH066,2024-07-19,3.630000114440918,
02RH066,2024-08-19,2.690000057220459,
02RH066,2024-09-19,1.9600000381469729,
02RH066,1996-11-20,,
02RH066,1997-02-20,1.5700000524520874,
02RH066,1997-03-20,1.350000023841858,
02RH066,1997-04-20,8.15999984741211,
02RH066,1997-05-20,37.5,
02RH066,1997-06-20,15.399999618530272,
02RH066,1997-07-20,9.460000038146973,
02RH066,1997-08-20,4.929999828338623,
02RH066,1997-09-20,3.440000057220459,
02RH066,1997-10-20,3.9600000381469727,
02RH066,1997-11-20,3.759999990463257,
02RH066,1997-12-20,2.1700000762939453,
02RH066,1998-01-20,1.5399999618530271,
02RH066,1998-02-20,1.149999976158142,
02RH066,1998-03-20,1.919999957084656,
02RH066,1998-04-20,19.899999618530277,
02RH066,1998-05-20,6.75,
02RH066,1998-06-20,7.78000020980835,
02RH066,1998-07-20,11.800000190734863,
02RH066,1998-08-20,2.359999895095825,
02RH066,1998-09-20,13.699999809265137,
02RH066,1998-10-20,6.539999961853027,
02RH066,1998-11-20,5.230000019073486,
02RH066,1998-12-20,8.880000114440918,
02RH066,1999-01-20,2.490000009536743,
02RH066,1999-02-20,2.400000095367432,
02RH066,1999-03-20,1.5800000429153442,
02RH066,1999-04-20,8.520000457763672,
02RH066,1999-05-20,29.5,
02RH066,1999-06-20,3.609999895095825,
02RH066,1999-07-20,2.940000057220459,
02RH066,1999-08-20,3.9800000190734863,
02RH066,1999-09-20,10.699999809265137,
02RH066,1999-10-20,7.71999979019165,
02RH066,1999-11-20,8.050000190734863,
02RH066,1999-12-20,19.200000762939453,
02RH066,2000-01-20,2.4100000858306885,
02RH066,2000-02-20,1.350000023841858,
02RH066,2000-03-20,2.119999885559082,
02RH066,2000-04-20,4.349999904632568,
02RH066,2000-05-20,26.299999237060547,
02RH066,2000-06-20,5.099999904632568,
02RH066,2000-07-20,5.360000133514404,
02RH066,2000-08-20,11.800000190734863,
02RH066,2000-09-20,5.650000095367432,
02RH066,2000-10-20,11.199999809265137,
02RH066,2000-11-20,7.46999979019165,
02RH066,2000-12-20,7.869999885559082,
02RH066,2001-01-20,1.690000057220459,
02RH066,2001-02-20,2.0199999809265137,
02RH066,2001-03-20,1.5199999809265137,
02RH066,2001-04-20,7.610000133514404,
02RH066,2001-05-20,10.899999618530272,
02RH066,2001-06-20,5.070000171661377,
02RH066,2001-07-20,9.40999984741211,
02RH066,2001-08-20,2.789999961853028,
02RH066,2001-09-20,2.259999990463257,
02RH066,2001-10-20,6.130000114440918,
02RH066,2001-11-20,10.800000190734863,
02RH066,2001-12-20,6.619999885559082,
02RH066,2002-01-20,2.25,E
02RH066,2002-02-20,1.7599999904632568,
02RH066,2002-03-20,2.0299999713897705,E
02RH066,2002-04-20,57.900001525878906,
02RH066,2002-05-20,17.600000381469727,
02RH066,2002-06-20,6.269999980926514,
02RH066,2002-07-20,3.9700000286102295,
02RH066,2002-08-20,2.7300000190734863,
02RH066,2002-09-20,2.740000009536743,
02RH066,2002-10-20,3.009999990463257,
02RH066,2002-11-20,4.190000057220459,
02RH066,2002-12-20,2.3399999141693115,E
02RH066,2003-01-20,1.1799999475479126,E
02RH066,2003-02-20,0.7200000286102295,
02RH066,2003-03-20,0.5289999842643738,E
02RH066,2003-04-20,3.619999885559082,
02RH066,2003-05-20,24.700000762939453,
02RH066,2003-06-20,5.28000020980835,
02RH066,2003-07-20,3.5799999237060547,
02RH066,2003-08-20,3.849999904632568,
02RH066,2003-09-20,1.7999999523162842,
02RH066,2003-10-20,3.380000114440918,
02RH066,2003-11-20,23.200000762939453,
02RH066,2003-12-20,3.700000047683716,E
02RH066,2004-01-20,2.400000095367432,E
02RH066,2004-02-20,1.4299999475479126,E
02RH066,2004-03-20,1.2400000095367432,
02RH066,2004-04-20,46.20000076293945,
02RH066,2004-05-20,43.70000076293945,
02RH066,2004-06-20,10.600000381469728,
02RH066,2004-07-20,6.860000133514404,
02RH066,2004-08-20,3.3499999046325684,
02RH066,2004-09-20,5.159999847412109,
02RH066,2004-10-20,5.139999866485596,
02RH066,2004-11-20,4.21999979019165,
02RH066,2004-12-20,2.640000104904175,
02RH066,2005-01-20,2.3399999141693115,E
02RH066,2005-02-20,1.590000033378601,
02RH066,2005-03-20,1.4800000190734863,E
02RH066,2005-04-20,16.399999618530273,
02RH066,2005-05-20,18.299999237060547,
02RH066,2005-06-20,12.899999618530272,
02RH066,2005-07-20,2.059999942779541,
02RH066,2005-08-20,1.75,
02RH066,2005-09-20,2.650000095367432,
02RH066,2005-10-20,31.700000762939453,
02RH066,2005-11-20,11.0,
02RH066,2005-12-20,3.880000114440918,
02RH066,2006-01-20,3.630000114440918,E
02RH066,2006-02-20,1.950000047683716,
02RH066,2006-03-20,3.75,E
02RH066,2006-04-20,26.700000762939453,
02RH066,2006-05-20,22.899999618530277,
02RH066,2006-06-20,12.899999618530272,
02RH066,2006-07-20,5.340000152587891,
02RH066,2006-08-20,3.039999961853028,
02RH066,2006-09-20,14.0,
02RH066,2006-10-20,8.979999542236328,
02RH066,2006-11-20,19.700000762939453,
02RH066,2006-12-20,4.829999923706055,E
02RH066,2007-01-20,3.1700000762939453,E
02RH066,2007-02-20,2.0,
02RH066,2007-03-20,1.6799999475479126,E
02RH066,2007-04-20,5.989999771118164,
02RH066,2007-05-20,15.0,
02RH066,2007-06-20,4.769999980926514,
02RH066,2007-07-20,6.260000228881836,
02RH066,2007-08-20,5.639999866485596,
02RH066,2007-09-20,6.300000190734863,
02RH066,2007-10-20,11.800000190734863,
02RH066,2007-11-20,3.75,
02RH066,2007-12-20,2.3499999046325684,
02RH066,2008-01-20,4.570000171661377,
02RH066,2008-02-20,3.5999999046325684,
02RH066,2008-03-20,1.8200000524520876,
02RH066,2008-04-20,22.5,
02RH066,2008-05-20,26.5,
02RH066,2008-06-20,21.399999618530277,
02RH066,2008-07-20,6.5,
02RH066,2008-08-20,7.46999979019165,
02RH066,2008-09-20,8.079999923706055,
02RH066,2008-10-20,5.070000171661377,
02RH066,2008-11-20,10.300000190734863,
02RH066,2008-12-20,4.289999961853027,
02RH066,2009-01-20,2.5999999046325684,
02RH066,2009-02-20,2.2300000190734863,
02RH066,2009-03-20,2.1700000762939453,
02RH066,2009-04-20,4.960000038146973,
02RH066,2009-05-20,14.600000381469728,
02RH066,2009-06-20,4.210000038146973,
02RH066,2009-07-20,7.710000038146973,
02RH066,2009-08-20,6.159999847412109,
02RH066,2009-09-20,4.639999866485596,
02RH066,2009-10-20,4.489999771118164,
02RH066,2009-11-20,3.7899999618530273,
02RH066,2009-12-20,2.450000047683716,
02RH066,2010-01-20,1.690000057220459,
02RH066,2010-02-20,1.7400000095367432,
02RH066,2010-03-20,1.75,
02RH066,2010-04-20,13.800000190734863,
02RH066,2010-05-20,23.600000381469727,
02RH066,2010-06-20,3.3499999046325684,
02RH066,2010-07-20,4.230000019073486,
02RH066,2010-08-20,2.069999933242798,
02RH066,2010-09-20,2.9600000381469727,
02RH066,2010-10-20,11.100000381469728,
02RH066,2010-11-20,7.349999904632568,
02RH066,2010-12-20,4.840000152587891,
02RH066,2011-01-20,3.1600000858306885,
02RH066,2011-02-20,5.090000152587891,
02RH066,2011-03-20,2.039999961853028,
02RH066,2011-04-20,6.639999866485596,
02RH066,2011-05-20,45.59999847412109,
02RH066,2011-06-20,8.079999923706055,
02RH066,2011-07-20,4.989999771118164,
02RH066,2011-08-20,5.119999885559082,
02RH066,2011-09-20,5.440000057220459,
02RH066,2011-10-20,5.550000190734863,
02RH066,2011-11-20,5.0,
02RH066,2011-12-20,3.630000114440918,
02RH066,2012-01-20,2.2100000381469727,B
02RH066,2012-02-20,1.8899999856948853,B
02RH066,2012-03-20,16.600000381469727,B
02RH066,2012-04-20,13.199999809265137,
02RH066,2012-05-20,14.899999618530272,
02RH066,2012-06-20,4.489999771118164,
02RH066,2012-07-20,4.269999980926514,
02RH066,2012-08-20,2.990000009536743,
02RH066,2012-09-20,3.609999895095825,
02RH066,2012-10-20,6.849999904632568,
02RH066,2012-11-20,3.470000028610229,B
02RH066,2012-12-20,2.490000009536743,B
02RH066,2013-01-20,2.5999999046325684,B
02RH066,2013-02-20,1.950000047683716,B
02RH066,2013-03-20,1.9600000381469729,B
02RH066,2013-04-20,46.400001525878906,
02RH066,2013-05-20,10.899999618530272,
02RH066,2013-06-20,6.190000057220459,
02RH066,2013-07-20,6.210000038146973,
02RH066,2013-08-20,4.5,
02RH066,2013-09-20,3.9800000190734863,
02RH066,2013-10-20,4.53000020980835,
02RH066,2013-11-20,8.880000114440918,B
02RH066,2013-12-20,2.190000057220459,B
02RH066,2014-01-20,2.069999933242798,B
02RH066,2014-02-20,1.440000057220459,B
02RH066,2014-03-20,1.2400000095367432,B
02RH066,2014-04-20,17.600000381469727,B
02RH066,2014-05-20,27.0,
02RH066,2014-06-20,7.28000020980835,
02RH066,2014-07-20,1.7599999904632568,
02RH066,2014-08-20,3.5299999713897705,
02RH066,2014-09-20,3.069999933242798,
02RH066,2014-10-20,15.899999618530272,
02RH066,2014-11-20,4.130000114440918,B
02RH066,2014-12-20,2.569999933242798,B
02RH066,2015-01-20,1.840000033378601,B
02RH066,2015-02-20,1.3200000524520874,B
02RH066,2015-03-20,1.100000023841858,B
02RH066,2015-04-20,5.659999847412109,B
02RH066,2015-05-20,24.600000381469727,
02RH066,2015-06-20,6.460000038146973,
02RH066,2015-07-20,14.600000381469728,
02RH066,2015-08-20,5.840000152587891,
02RH066,2015-09-20,2.990000009536743,
02RH066,2015-10-20,3.400000095367432,
02RH066,2015-11-20,7.010000228881836,
02RH066,2015-12-20,4.960000038146973,B
02RH066,2016-01-20,2.2300000190734863,B
02RH066,2016-02-20,2.109999895095825,B
02RH066,2016-03-20,3.0799999237060547,B
02RH066,2016-04-20,10.899999618530272,B
02RH066,2016-05-20,27.200000762939453,
02RH066,2016-06-20,11.100000381469728,
02RH066,2016-07-20,7.960000038146973,
02RH066,2016-08-20,4.670000076293945,
02RH066,2016-09-20,7.489999771118164,
02RH066,2016-10-20,4.489999771118164,
02RH066,2016-11-20,12.899999618530272,
02RH066,2016-12-20,3.630000114440918,B
02RH066,2017-01-20,2.5799999237060547,B
02RH066,2017-02-20,1.7999999523162842,B
02RH066,2017-03-20,1.8799999952316284,B
02RH066,2017-04-20,19.0,B
02RH066,2017-05-20,49.0,
02RH066,2017-06-20,15.899999618530272,
02RH066,2017-07-20,3.309999942779541,
02RH066,2017-08-20,4.079999923706055,
02RH066,2017-09-20,3.799999952316284,
02RH066,2017-10-20,4.659999847412109,
02RH066,2017-11-20,5.21999979019165,B
02RH066,2017-12-20,2.569999933242798,B
02RH066,2018-01-20,3.880000114440918,B
02RH066,2018-02-20,1.850000023841858,B
02RH066,2018-03-20,1.840000033378601,B
02RH066,2018-04-20,1.6200000047683716,B
02RH066,2018-05-20,22.899999618530277,
02RH066,2018-06-20,13.199999809265137,
02RH066,2018-07-20,2.450000047683716,
02RH066,2018-08-20,2.5799999237060547,
02RH066,2018-09-20,3.119999885559082,
02RH066,2018-10-20,12.600000381469728,
02RH066,2018-11-20,5.369999885559082,B
02RH066,2018-12-20,2.4200000762939453,B
02RH066,2019-01-20,2.0999999046325684,B
02RH066,2019-02-20,1.870000004768372,B
02RH066,2019-03-20,4.119999885559082,B
02RH066,2019-04-20,18.200000762939453,B
02RH066,2019-05-20,39.29999923706055,
02RH066,2019-06-20,9.779999732971191,
02RH066,2019-07-20,3.910000085830689,
02RH066,2019-08-20,2.7799999713897705,
02RH066,2019-09-20,3.180000066757202,
02RH066,2019-10-20,12.300000190734863,
02RH066,2019-11-20,3.940000057220459,B
02RH066,2019-12-20,2.140000104904175,B
02RH066,2020-01-20,1.649999976158142,B
02RH066,2020-02-20,1.4600000381469729,B
02RH066,2020-03-20,2.940000057220459,B
02RH066,2020-04-20,3.9700000286102295,B
02RH066,2020-05-20,28.5,
02RH066,2020-06-20,4.159999847412109,
02RH066,2020-07-20,5.889999866485596,
02RH066,2020-08-20,5.179999828338623,
02RH066,2020-09-20,8.59000015258789,
02RH066,2020-10-20,15.899999618530272,
02RH066,2020-11-20,4.5,B
02RH066,2020-12-20,3.119999885559082,B
02RH066,2021-01-20,2.490000009536743,B
02RH066,2021-02-20,2.130000114440918,B
02RH066,2021-03-20,2.539999961853028,B
02RH066,2021-04-20,8.819999694824219,
02RH066,2021-05-20,7.559999942779541,
02RH066,2021-06-20,6.289999961853027,
02RH066,2021-07-20,4.119999885559082,
02RH066,2021-08-20,1.950000047683716,
02RH066,2021-09-20,3.240000009536743,
02RH066,2021-10-20,14.199999809265137,
02RH066,2021-11-20,4.710000038146973,B
02RH066,2021-12-20,3.490000009536743,B
02RH066,2022-01-20,1.899999976158142,B
02RH066,2022-02-20,1.590000033378601,B
02RH066,2022-03-20,1.7699999809265137,B
02RH066,2022-04-20,5.610000133514404,B
02RH066,2022-05-20,33.0,
02RH066,2022-06-20,16.600000381469727,
02RH066,2022-07-20,6.949999809265137,
02RH066,2022-08-20,2.619999885559082,
02RH066,2022-09-20,4.139999866485596,
02RH066,2022-10-20,5.159999847412109,
02RH066,2022-11-20,3.920000076293945,B
02RH066,2022-12-20,2.7699999809265137,B
02RH066,2023-01-20,2.740000009536743,B
02RH066,2023-02-20,2.5799999237060547,B
02RH066,2023-03-20,1.2699999809265137,B
02RH066,2023-04-20,25.5,
02RH066,2023-05-20,8.180000305175781,
02RH066,2023-06-20,4.829999923706055,
02RH066,2023-07-20,9.0600004196167,
02RH066,2023-08-20,30.0,
02RH066,2023-09-20,12.199999809265137,
02RH066,2023-10-20,5.489999771118164,
02RH066,2023-11-20,5.289999961853027,B
02RH066,2023-12-20,14.100000381469728,B
02RH066,2024-01-20,2.140000104904175,B
02RH066,2024-02-20,1.7100000381469729,B
02RH066,2024-03-20,2.0999999046325684,B
02RH066,2024-04-20,13.600000381469728,
02RH066,2024-05-20,9.539999961853027,
02RH066,2024-06-20,7.639999866485596,
02RH066,2024-07-20,3.0799999237060547,
02RH066,2024-08-20,4.139999866485596,
02RH066,2024-09-20,1.830000042915344,
02RH066,1996-11-21,,
02RH066,1997-02-21,1.5399999618530271,
02RH066,1997-03-21,1.309999942779541,
02RH066,1997-04-21,12.300000190734863,
02RH066,1997-05-21,44.20000076293945,
02RH066,1997-06-21,11.800000190734863,
02RH066,1997-07-21,7.409999847412109,
02RH066,1997-08-21,3.849999904632568,
02RH066,1997-09-21,6.619999885559082,
02RH066,1997-10-21,3.809999942779541,
02RH066,1997-11-21,3.5999999046325684,
02RH066,1997-12-21,2.150000095367432,
02RH066,1998-01-21,1.5299999713897705,
02RH066,1998-02-21,1.1399999856948853,
02RH066,1998-03-21,1.7899999618530271,
02RH066,1998-04-21,18.0,
02RH066,1998-05-21,6.889999866485596,
02RH066,1998-06-21,6.360000133514404,
02RH066,1998-07-21,12.199999809265137,
02RH066,1998-08-21,2.289999961853028,
02RH066,1998-09-21,13.699999809265137,
02RH066,1998-10-21,8.130000114440918,
02RH066,1998-11-21,5.03000020980835,
02RH066,1998-12-21,8.15999984741211,
02RH066,1999-01-21,2.4600000381469727,
02RH066,1999-02-21,2.2799999713897705,
02RH066,1999-03-21,1.5499999523162842,
02RH066,1999-04-21,8.489999771118164,
02RH066,1999-05-21,23.299999237060547,
02RH066,1999-06-21,3.369999885559082,
02RH066,1999-07-21,2.690000057220459,
02RH066,1999-08-21,3.1600000858306885,
02RH066,1999-09-21,12.600000381469728,
02RH066,1999-10-21,7.070000171661377,
02RH066,1999-11-21,10.800000190734863,
02RH066,1999-12-21,20.100000381469727,
02RH066,2000-01-21,2.3499999046325684,
02RH066,2000-02-21,1.3200000524520874,
02RH066,2000-03-21,1.8899999856948853,
02RH066,2000-04-21,4.309999942779541,
02RH066,2000-05-21,22.600000381469727,
02RH066,2000-06-21,4.840000152587891,
02RH066,2000-07-21,4.739999771118164,
02RH066,2000-08-21,12.5,
02RH066,2000-09-21,4.78000020980835,
02RH066,2000-10-21,15.699999809265137,
02RH066,2000-11-21,6.269999980926514,
02RH066,2000-12-21,7.909999847412109,
02RH066,2001-01-21,1.659999966621399,
02RH066,2001-02-21,1.850000023841858,
02RH066,2001-03-21,1.649999976158142,
02RH066,2001-04-21,9.56999969482422,
02RH066,2001-05-21,9.729999542236328,
02RH066,2001-06-21,4.550000190734863,
02RH066,2001-07-21,7.550000190734863,
02RH066,2001-08-21,3.309999942779541,
02RH066,2001-09-21,2.4200000762939453,
02RH066,2001-10-21,6.300000190734863,
02RH066,2001-11-21,9.84000015258789,
02RH066,2001-12-21,6.269999980926514,
02RH066,2002-01-21,2.220000028610229,E
02RH066,2002-02-21,1.940000057220459,
02RH066,2002-03-21,2.009999990463257,E
02RH066,2002-04-21,34.20000076293945,
02RH066,2002-05-21,15.5,
02RH066,2002-06-21,5.480000019073486,
02RH066,2002-07-21,3.4200000762939453,
02RH066,2002-08-21,2.4800000190734863,
02RH066,2002-09-21,3.200000047683716,
02RH066,2002-10-21,2.75,
02RH066,2002-11-21,3.9800000190734863,
02RH066,2002-12-21,2.559999942779541,E
02RH066,2003-01-21,1.159999966621399,E
02RH066,2003-02-21,0.7110000252723694,
02RH066,2003-03-21,0.5270000100135803,E
02RH066,2003-04-21,4.989999771118164,
02RH066,2003-05-21,24.399999618530277,
02RH066,2003-06-21,4.559999942779541,
02RH066,2003-07-21,3.809999942779541,
02RH066,2003-08-21,4.449999809265137,
02RH066,2003-09-21,1.7400000095367432,
02RH066,2003-10-21,3.0199999809265137,
02RH066,2003-11-21,21.799999237060547,
02RH066,2003-12-21,3.5299999713897705,E
02RH066,2004-01-21,2.3299999237060547,E
02RH066,2004-02-21,1.4199999570846558,E
02RH066,2004-03-21,1.2300000190734863,
02RH066,2004-04-21,28.0,
02RH066,2004-05-21,35.900001525878906,
02RH066,2004-06-21,13.300000190734863,
02RH066,2004-07-21,6.199999809265137,
02RH066,2004-08-21,3.0799999237060547,
02RH066,2004-09-21,4.829999923706055,
02RH066,2004-10-21,4.480000019073486,
02RH066,2004-11-21,3.950000047683716,
02RH066,2004-12-21,2.5899999141693115,
02RH066,2005-01-21,2.289999961853028,E
02RH066,2005-02-21,1.5800000429153442,
02RH066,2005-03-21,1.4800000190734863,E
02RH066,2005-04-21,15.800000190734863,
02RH066,2005-05-21,18.799999237060547,
02RH066,2005-06-21,10.0,
02RH066,2005-07-21,2.069999933242798,
02RH066,2005-08-21,1.850000023841858,
02RH066,2005-09-21,6.5,
02RH066,2005-10-21,24.100000381469727,
02RH066,2005-11-21,10.199999809265137,
02RH066,2005-12-21,3.7799999713897705,
02RH066,2006-01-21,3.4600000381469727,E
02RH066,2006-02-21,1.9299999475479128,
02RH066,2006-03-21,3.549999952316284,E
02RH066,2006-04-21,26.299999237060547,
02RH066,2006-05-21,28.899999618530277,
02RH066,2006-06-21,11.100000381469728,
02RH066,2006-07-21,5.730000019073486,
02RH066,2006-08-21,2.9200000762939453,
02RH066,2006-09-21,10.800000190734863,
02RH066,2006-10-21,23.600000381469727,
02RH066,2006-11-21,14.600000381469728,
02RH066,2006-12-21,4.730000019073486,E
02RH066,2007-01-21,3.059999942779541,E
02RH066,2007-02-21,1.9800000190734863,
02RH066,2007-03-21,1.6799999475479126,E
02RH066,2007-04-21,6.940000057220459,
02RH066,2007-05-21,18.899999618530277,
02RH066,2007-06-21,5.460000038146973,
02RH066,2007-07-21,8.350000381469727,
02RH066,2007-08-21,4.78000020980835,
02RH066,2007-09-21,5.489999771118164,
02RH066,2007-10-21,14.899999618530272,
02RH066,2007-11-21,3.630000114440918,
02RH066,2007-12-21,2.3299999237060547,
02RH066,2008-01-21,4.380000114440918,
02RH066,2008-02-21,3.3299999237060547,
02RH066,2008-03-21,1.809999942779541,
02RH066,2008-04-21,24.399999618530277,
02RH066,2008-05-21,23.700000762939453,
02RH066,2008-06-21,17.799999237060547,
02RH066,2008-07-21,5.940000057220459,
02RH066,2008-08-21,5.869999885559082,
02RH066,2008-09-21,9.449999809265137,
02RH066,2008-10-21,5.769999980926514,
02RH066,2008-11-21,8.319999694824219,
02RH066,2008-12-21,4.059999942779541,
02RH066,2009-01-21,2.5799999237060547,
02RH066,2009-02-21,2.220000028610229,
02RH066,2009-03-21,2.1600000858306885,
02RH066,2009-04-21,5.389999866485596,
02RH066,2009-05-21,13.399999618530272,
02RH066,2009-06-21,4.340000152587891,
02RH066,2009-07-21,6.199999809265137,
02RH066,2009-08-21,4.949999809265137,
02RH066,2009-09-21,3.75,
02RH066,2009-10-21,4.570000171661377,
02RH066,2009-11-21,6.889999866485596,
02RH066,2009-12-21,2.400000095367432,
02RH066,2010-01-21,1.6799999475479126,
02RH066,2010-02-21,1.7300000190734863,
02RH066,2010-03-21,1.7200000286102295,
02RH066,2010-04-21,16.0,
02RH066,2010-05-21,23.200000762939453,
02RH066,2010-06-21,3.3499999046325684,
02RH066,2010-07-21,3.4600000381469727,
02RH066,2010-08-21,1.9600000381469729,
02RH066,2010-09-21,2.8499999046325684,
02RH066,2010-10-21,9.68000030517578,
02RH066,2010-11-21,6.869999885559082,
02RH066,2010-12-21,4.699999809265137,
02RH066,2011-01-21,3.109999895095825,
02RH066,2011-02-21,4.389999866485596,
02RH066,2011-03-21,1.919999957084656,
02RH066,2011-04-21,5.889999866485596,
02RH066,2011-05-21,49.70000076293945,
02RH066,2011-06-21,6.630000114440918,
02RH066,2011-07-21,8.109999656677246,
02RH066,2011-08-21,5.849999904632568,
02RH066,2011-09-21,5.449999809265137,
02RH066,2011-10-21,5.440000057220459,
02RH066,2011-11-21,5.050000190734863,
02RH066,2011-12-21,3.450000047683716,
02RH066,2012-01-21,2.190000057220459,B
02RH066,2012-02-21,1.8799999952316284,B
02RH066,2012-03-21,26.700000762939453,B
02RH066,2012-04-21,12.399999618530272,
02RH066,2012-05-21,14.399999618530272,
02RH066,2012-06-21,4.170000076293945,
02RH066,2012-07-21,3.7799999713897705,
02RH066,2012-08-21,2.859999895095825,
02RH066,2012-09-21,3.470000028610229,
02RH066,2012-10-21,7.579999923706055,
02RH066,2012-11-21,3.3399999141693115,B
02RH066,2012-12-21,2.440000057220459,B
02RH066,2013-01-21,2.4100000858306885,B
02RH066,2013-02-21,1.940000057220459,B
02RH066,2013-03-21,1.830000042915344,B
02RH066,2013-04-21,28.200000762939453,
02RH066,2013-05-21,11.600000381469728,
02RH066,2013-06-21,5.480000019073486,
02RH066,2013-07-21,5.949999809265137,
02RH066,2013-08-21,4.260000228881836,
02RH066,2013-09-21,3.5999999046325684,
02RH066,2013-10-21,4.739999771118164,
02RH066,2013-11-21,6.960000038146973,B
02RH066,2013-12-21,2.1600000858306885,B
02RH066,2014-01-21,2.0,B
02RH066,2014-02-21,1.4299999475479126,B
02RH066,2014-03-21,1.2300000190734863,B
02RH066,2014-04-21,16.399999618530273,B
02RH066,2014-05-21,21.200000762939453,
02RH066,2014-06-21,6.150000095367432,
02RH066,2014-07-21,2.069999933242798,
02RH066,2014-08-21,2.7699999809265137,
02RH066,2014-09-21,3.660000085830689,
02RH066,2014-10-21,12.100000381469728,
02RH066,2014-11-21,4.03000020980835,B
02RH066,2014-12-21,2.5199999809265137,B
02RH066,2015-01-21,1.8200000524520876,B
02RH066,2015-02-21,1.309999942779541,B
02RH066,2015-03-21,1.100000023841858,B
02RH066,2015-04-21,5.230000019073486,B
02RH066,2015-05-21,20.600000381469727,
02RH066,2015-06-21,5.579999923706055,
02RH066,2015-07-21,13.600000381469728,
02RH066,2015-08-21,4.690000057220459,
02RH066,2015-09-21,2.8499999046325684,
02RH066,2015-10-21,3.650000095367432,
02RH066,2015-11-21,7.949999809265137,
02RH066,2015-12-21,5.909999847412109,B
02RH066,2016-01-21,2.200000047683716,B
02RH066,2016-02-21,2.049999952316284,B
02RH066,2016-03-21,2.940000057220459,B
02RH066,2016-04-21,12.5,B
02RH066,2016-05-21,33.0,
02RH066,2016-06-21,9.90999984741211,
02RH066,2016-07-21,6.820000171661377,
02RH066,2016-08-21,3.839999914169312,
02RH066,2016-09-21,6.21999979019165,
02RH066,2016-10-21,5.170000076293945,
02RH066,2016-11-21,13.5,
02RH066,2016-12-21,3.559999942779541,B
02RH066,2017-01-21,2.5299999713897705,B
02RH066,2017-02-21,1.7899999618530271,B
02RH066,2017-03-21,1.840000033378601,B
02RH066,2017-04-21,16.799999237060547,B
02RH066,2017-05-21,29.700000762939453,
02RH066,2017-06-21,12.199999809265137,
02RH066,2017-07-21,3.5,
02RH066,2017-08-21,4.449999809265137,
02RH066,2017-09-21,4.320000171661377,
02RH066,2017-10-21,4.159999847412109,
02RH066,2017-11-21,4.96999979019165,B
02RH066,2017-12-21,2.509999990463257,B
02RH066,2018-01-21,3.680000066757202,B
02RH066,2018-02-21,2.890000104904175,B
02RH066,2018-03-21,1.809999942779541,B
02RH066,2018-04-21,1.950000047683716,B
02RH066,2018-05-21,26.799999237060547,
02RH066,2018-06-21,9.899999618530272,
02RH066,2018-07-21,2.190000057220459,
02RH066,2018-08-21,2.2300000190734863,
02RH066,2018-09-21,2.7799999713897705,
02RH066,2018-10-21,17.100000381469727,
02RH066,2018-11-21,5.179999828338623,B
02RH066,2018-12-21,3.609999895095825,B
02RH066,2019-01-21,2.059999942779541,B
02RH066,2019-02-21,1.8200000524520876,B
02RH066,2019-03-21,3.859999895095825,B
02RH066,2019-04-21,25.899999618530277,B
02RH066,2019-05-21,66.19999694824219,
02RH066,2019-06-21,9.729999542236328,
02RH066,2019-07-21,3.680000066757202,
02RH066,2019-08-21,2.25,
02RH066,2019-09-21,2.819999933242798,
02RH066,2019-10-21,8.890000343322754,
02RH066,2019-11-21,3.7699999809265137,B
02RH066,2019-12-21,2.109999895095825,B
02RH066,2020-01-21,1.6399999856948853,B
02RH066,2020-02-21,1.4600000381469729,B
02RH066,2020-03-21,4.090000152587891,B
02RH066,2020-04-21,3.7200000286102295,B
02RH066,2020-05-21,38.29999923706055,
02RH066,2020-06-21,3.839999914169312,
02RH066,2020-07-21,4.869999885559082,
02RH066,2020-08-21,5.130000114440918,
02RH066,2020-09-21,6.96999979019165,
02RH066,2020-10-21,20.799999237060547,
02RH066,2020-11-21,5.510000228881836,B
02RH066,2020-12-21,3.0199999809265137,B
02RH066,2021-01-21,2.450000047683716,B
02RH066,2021-02-21,2.130000114440918,B
02RH066,2021-03-21,2.7100000381469727,B
02RH066,2021-04-21,8.819999694824219,
02RH066,2021-05-21,7.210000038146973,
02RH066,2021-06-21,5.53000020980835,
02RH066,2021-07-21,3.680000066757202,
02RH066,2021-08-21,1.840000033378601,
02RH066,2021-09-21,2.6700000762939453,
02RH066,2021-10-21,11.600000381469728,
02RH066,2021-11-21,3.900000095367432,B
02RH066,2021-12-21,3.220000028610229,B
02RH066,2022-01-21,1.8899999856948853,B
02RH066,2022-02-21,1.5800000429153442,B
02RH066,2022-03-21,1.6699999570846558,B
02RH066,2022-04-21,5.380000114440918,B
02RH066,2022-05-21,34.0,
02RH066,2022-06-21,12.800000190734863,
02RH066,2022-07-21,6.78000020980835,
02RH066,2022-08-21,2.4100000858306885,
02RH066,2022-09-21,3.7799999713897705,
02RH066,2022-10-21,4.880000114440918,
02RH066,2022-11-21,3.7699999809265137,B
02RH066,2022-12-21,2.720000028610229,B
02RH066,2023-01-21,2.700000047683716,B
02RH066,2023-02-21,2.490000009536743,B
02RH066,2023-03-21,1.2599999904632568,B
02RH066,2023-04-21,18.399999618530277,
02RH066,2023-05-21,23.399999618530277,
02RH066,2023-06-21,4.210000038146973,
02RH066,2023-07-21,7.579999923706055,
02RH066,2023-08-21,18.100000381469727,
02RH066,2023-09-21,9.899999618530272,
02RH066,2023-10-21,5.150000095367432,
02RH066,2023-11-21,4.880000114440918,B
02RH066,2023-12-21,10.199999809265137,B
02RH066,2024-01-21,2.119999885559082,B
02RH066,2024-02-21,1.690000057220459,B
02RH066,2024-03-21,2.0299999713897705,B
02RH066,2024-04-21,13.600000381469728,
02RH066,2024-05-21,8.279999732971191,
02RH066,2024-06-21,5.619999885559082,
02RH066,2024-07-21,2.809999942779541,
02RH066,2024-08-21,4.340000152587891,
02RH066,2024-09-21,1.7599999904632568,
02RH066,1996-11-22,,
02RH066,1997-02-22,1.5199999809265137,
02RH066,1997-03-22,1.2899999618530271,
02RH066,1997-04-22,14.699999809265137,
02RH066,1997-05-22,53.29999923706055,
02RH066,1997-06-22,10.0,
02RH066,1997-07-22,5.46999979019165,
02RH066,1997-08-22,4.179999828338623,
02RH066,1997-09-22,7.920000076293945,
02RH066,1997-10-22,3.7100000381469727,
02RH066,1997-11-22,3.299999952316284,
02RH066,1997-12-22,2.109999895095825,
02RH066,1998-01-22,1.5099999904632568,
02RH066,1998-02-22,1.1299999952316284,
02RH066,1998-03-22,1.7100000381469729,
02RH066,1998-04-22,16.399999618530273,
02RH066,1998-05-22,7.800000190734863,
02RH066,1998-06-22,5.289999961853027,
02RH066,1998-07-22,9.149999618530272,
02RH066,1998-08-22,2.259999990463257,
02RH066,1998-09-22,19.5,
02RH066,1998-10-22,8.34000015258789,
02RH066,1998-11-22,5.159999847412109,
02RH066,1998-12-22,7.5,
02RH066,1999-01-22,2.440000057220459,
02RH066,1999-02-22,2.1600000858306885,
02RH066,1999-03-22,1.5399999618530271,
02RH066,1999-04-22,8.380000114440918,
02RH066,1999-05-22,15.699999809265137,
02RH066,1999-06-22,3.200000047683716,
02RH066,1999-07-22,3.400000095367432,
02RH066,1999-08-22,2.6600000858306885,
02RH066,1999-09-22,12.300000190734863,
02RH066,1999-10-22,6.590000152587891,
02RH066,1999-11-22,9.880000114440918,
02RH066,1999-12-22,14.600000381469728,
02RH066,2000-01-22,2.319999933242798,
02RH066,2000-02-22,1.2999999523162842,
02RH066,2000-03-22,2.2300000190734863,
02RH066,2000-04-22,4.619999885559082,
02RH066,2000-05-22,24.799999237060547,
02RH066,2000-06-22,5.03000020980835,
02RH066,2000-07-22,6.610000133514404,
02RH066,2000-08-22,8.819999694824219,
02RH066,2000-09-22,7.300000190734863,
02RH066,2000-10-22,22.299999237060547,
02RH066,2000-11-22,5.949999809265137,
02RH066,2000-12-22,7.25,
02RH066,2001-01-22,1.6399999856948853,
02RH066,2001-02-22,1.75,
02RH066,2001-03-22,1.7599999904632568,
02RH066,2001-04-22,19.0,
02RH066,2001-05-22,8.859999656677246,
02RH066,2001-06-22,4.230000019073486,
02RH066,2001-07-22,8.850000381469727,
02RH066,2001-08-22,5.059999942779541,
02RH066,2001-09-22,2.859999895095825,
02RH066,2001-10-22,6.210000038146973,
02RH066,2001-11-22,8.390000343322754,
02RH066,2001-12-22,5.699999809265137,
02RH066,2002-01-22,2.190000057220459,E
02RH066,2002-02-22,2.1700000762939453,
02RH066,2002-03-22,1.9900000095367432,E
02RH066,2002-04-22,21.5,
02RH066,2002-05-22,14.100000381469728,
02RH066,2002-06-22,5.519999980926514,
02RH066,2002-07-22,3.490000009536743,
02RH066,2002-08-22,2.2799999713897705,
02RH066,2002-09-22,4.320000171661377,
02RH066,2002-10-22,2.619999885559082,
02RH066,2002-11-22,3.799999952316284,
02RH066,2002-12-22,2.4800000190734863,E
02RH066,2003-01-22,1.1399999856948853,E
02RH066,2003-02-22,0.7020000219345093,
02RH066,2003-03-22,0.5440000295639038,E
02RH066,2003-04-22,16.299999237060547,
02RH066,2003-05-22,18.600000381469727,
02RH066,2003-06-22,3.880000114440918,
02RH066,2003-07-22,4.130000114440918,
02RH066,2003-08-22,5.860000133514404,
02RH066,2003-09-22,1.6799999475479126,
02RH066,2003-10-22,2.7699999809265137,
02RH066,2003-11-22,17.0,
02RH066,2003-12-22,3.400000095367432,E
02RH066,2004-01-22,2.259999990463257,E
02RH066,2004-02-22,1.409999966621399,E
02RH066,2004-03-22,1.2300000190734863,
02RH066,2004-04-22,31.5,
02RH066,2004-05-22,29.5,
02RH066,2004-06-22,15.0,
02RH066,2004-07-22,5.739999771118164,
02RH066,2004-08-22,2.759999990463257,
02RH066,2004-09-22,4.760000228881836,
02RH066,2004-10-22,4.070000171661377,
02RH066,2004-11-22,3.7699999809265137,
02RH066,2004-12-22,2.539999961853028,
02RH066,2005-01-22,2.25,E
02RH066,2005-02-22,1.5700000524520874,
02RH066,2005-03-22,1.4800000190734863,E
02RH066,2005-04-22,10.100000381469728,
02RH066,2005-05-22,19.799999237060547,
02RH066,2005-06-22,10.100000381469728,
02RH066,2005-07-22,2.0799999237060547,
02RH066,2005-08-22,2.289999961853028,
02RH066,2005-09-22,9.050000190734863,
02RH066,2005-10-22,19.700000762939453,
02RH066,2005-11-22,9.56999969482422,
02RH066,2005-12-22,3.670000076293945,
02RH066,2006-01-22,3.289999961853028,E
02RH066,2006-02-22,1.909999966621399,
02RH066,2006-03-22,3.5,E
02RH066,2006-04-22,24.600000381469727,
02RH066,2006-05-22,26.5,
02RH066,2006-06-22,8.859999656677246,
02RH066,2006-07-22,5.980000019073486,
02RH066,2006-08-22,2.720000028610229,
02RH066,2006-09-22,8.020000457763672,
02RH066,2006-10-22,18.100000381469727,
02RH066,2006-11-22,13.300000190734863,
02RH066,2006-12-22,4.639999866485596,E
02RH066,2007-01-22,2.950000047683716,E
02RH066,2007-02-22,1.9600000381469729,
02RH066,2007-03-22,1.6699999570846558,E
02RH066,2007-04-22,7.980000019073486,
02RH066,2007-05-22,16.899999618530273,
02RH066,2007-06-22,4.96999979019165,
02RH066,2007-07-22,7.889999866485596,
02RH066,2007-08-22,4.179999828338623,
02RH066,2007-09-22,5.179999828338623,
02RH066,2007-10-22,11.899999618530272,
02RH066,2007-11-22,3.509999990463257,
02RH066,2007-12-22,2.299999952316284,
02RH066,2008-01-22,4.210000038146973,
02RH066,2008-02-22,3.109999895095825,
02RH066,2008-03-22,1.7899999618530271,
02RH066,2008-04-22,30.600000381469727,
02RH066,2008-05-22,22.299999237060547,
02RH066,2008-06-22,20.0,
02RH066,2008-07-22,5.570000171661377,
02RH066,2008-08-22,4.710000038146973,
02RH066,2008-09-22,8.399999618530273,
02RH066,2008-10-22,6.949999809265137,
02RH066,2008-11-22,7.860000133514404,
02RH066,2008-12-22,3.880000114440918,
02RH066,2009-01-22,2.559999942779541,
02RH066,2009-02-22,2.220000028610229,
02RH066,2009-03-22,2.150000095367432,
02RH066,2009-04-22,5.960000038146973,
02RH066,2009-05-22,18.399999618530277,
02RH066,2009-06-22,4.679999828338623,
02RH066,2009-07-22,5.360000133514404,
02RH066,2009-08-22,4.300000190734863,
02RH066,2009-09-22,3.2100000381469727,
02RH066,2009-10-22,4.409999847412109,
02RH066,2009-11-22,6.989999771118164,
02RH066,2009-12-22,2.3399999141693115,
02RH066,2010-01-22,1.6699999570846558,
02RH066,2010-02-22,1.7100000381469729,
02RH066,2010-03-22,1.7000000476837158,
02RH066,2010-04-22,14.300000190734863,
02RH066,2010-05-22,18.600000381469727,
02RH066,2010-06-22,3.0999999046325684,
02RH066,2010-07-22,3.650000095367432,
02RH066,2010-08-22,1.850000023841858,
02RH066,2010-09-22,4.300000190734863,
02RH066,2010-10-22,10.199999809265137,
02RH066,2010-11-22,6.519999980926514,
02RH066,2010-12-22,4.579999923706055,
02RH066,2011-01-22,3.069999933242798,
02RH066,2011-02-22,3.849999904632568,
02RH066,2011-03-22,1.830000042915344,
02RH066,2011-04-22,5.28000020980835,
02RH066,2011-05-22,42.70000076293945,
02RH066,2011-06-22,5.710000038146973,
02RH066,2011-07-22,12.199999809265137,
02RH066,2011-08-22,12.100000381469728,
02RH066,2011-09-22,5.199999809265137,
02RH066,2011-10-22,5.300000190734863,
02RH066,2011-11-22,4.650000095367432,
02RH066,2011-12-22,3.319999933242798,
02RH066,2012-01-22,2.1700000762939453,B
02RH066,2012-02-22,1.8799999952316284,B
02RH066,2012-03-22,46.20000076293945,B
02RH066,2012-04-22,11.0,
02RH066,2012-05-22,14.399999618530272,
02RH066,2012-06-22,3.890000104904175,
02RH066,2012-07-22,3.369999885559082,
02RH066,2012-08-22,2.700000047683716,
02RH066,2012-09-22,3.140000104904175,
02RH066,2012-10-22,9.25,
02RH066,2012-11-22,3.259999990463257,B
02RH066,2012-12-22,2.400000095367432,B
02RH066,2013-01-22,2.2699999809265137,B
02RH066,2013-02-22,1.9299999475479128,B
02RH066,2013-03-22,1.7599999904632568,B
02RH066,2013-04-22,20.600000381469727,
02RH066,2013-05-22,10.300000190734863,
02RH066,2013-06-22,4.980000019073486,
02RH066,2013-07-22,4.659999847412109,
02RH066,2013-08-22,3.819999933242798,
02RH066,2013-09-22,3.7899999618530273,
02RH066,2013-10-22,5.440000057220459,
02RH066,2013-11-22,5.769999980926514,B
02RH066,2013-12-22,2.130000114440918,B
02RH066,2014-01-22,1.9299999475479128,B
02RH066,2014-02-22,1.4199999570846558,B
02RH066,2014-03-22,1.2300000190734863,B
02RH066,2014-04-22,18.799999237060547,B
02RH066,2014-05-22,18.799999237060547,
02RH066,2014-06-22,5.360000133514404,
02RH066,2014-07-22,1.7999999523162842,
02RH066,2014-08-22,2.2699999809265137,
02RH066,2014-09-22,11.0,
02RH066,2014-10-22,9.760000228881836,
02RH066,2014-11-22,3.940000057220459,B
02RH066,2014-12-22,2.4800000190734863,B
02RH066,2015-01-22,1.7899999618530271,B
02RH066,2015-02-22,1.2999999523162842,B
02RH066,2015-03-22,1.090000033378601,B
02RH066,2015-04-22,6.860000133514404,B
02RH066,2015-05-22,15.899999618530272,
02RH066,2015-06-22,4.900000095367432,
02RH066,2015-07-22,12.800000190734863,
02RH066,2015-08-22,4.170000076293945,
02RH066,2015-09-22,2.6700000762939453,
02RH066,2015-10-22,3.740000009536743,
02RH066,2015-11-22,6.579999923706055,
02RH066,2015-12-22,6.46999979019165,B
02RH066,2016-01-22,2.1700000762939453,B
02RH066,2016-02-22,2.0,B
02RH066,2016-03-22,2.8299999237060547,B
02RH066,2016-04-22,14.800000190734863,B
02RH066,2016-05-22,35.79999923706055,
02RH066,2016-06-22,9.640000343322754,
02RH066,2016-07-22,18.5,
02RH066,2016-08-22,3.660000085830689,
02RH066,2016-09-22,4.989999771118164,
02RH066,2016-10-22,16.299999237060547,
02RH066,2016-11-22,13.100000381469728,
02RH066,2016-12-22,3.5,B
02RH066,2017-01-22,2.490000009536743,B
02RH066,2017-02-22,2.2100000381469727,B
02RH066,2017-03-22,1.7899999618530271,B
02RH066,2017-04-22,14.800000190734863,B
02RH066,2017-05-22,22.100000381469727,
02RH066,2017-06-22,9.380000114440918,
02RH066,2017-07-22,5.179999828338623,
02RH066,2017-08-22,3.880000114440918,
02RH066,2017-09-22,3.819999933242798,
02RH066,2017-10-22,3.759999990463257,
02RH066,2017-11-22,4.730000019073486,B
02RH066,2017-12-22,2.450000047683716,B
02RH066,2018-01-22,3.509999990463257,B
02RH066,2018-02-22,4.909999847412109,B
02RH066,2018-03-22,1.7799999713897705,B
02RH066,2018-04-22,2.4100000858306885,B
02RH066,2018-05-22,25.200000762939453,
02RH066,2018-06-22,7.78000020980835,
02RH066,2018-07-22,2.039999961853028,
02RH066,2018-08-22,2.0799999237060547,
02RH066,2018-09-22,4.610000133514404,
02RH066,2018-10-22,12.300000190734863,
02RH066,2018-11-22,4.989999771118164,B
02RH066,2018-12-22,6.420000076293945,B
02RH066,2019-01-22,2.0299999713897705,B
02RH066,2019-02-22,1.7699999809265137,B
02RH066,2019-03-22,3.630000114440918,B
02RH066,2019-04-22,37.59999847412109,B
02RH066,2019-05-22,55.79999923706055,
02RH066,2019-06-22,8.0600004196167,
02RH066,2019-07-22,3.630000114440918,
02RH066,2019-08-22,2.220000028610229,
02RH066,2019-09-22,2.6600000858306885,
02RH066,2019-10-22,7.340000152587891,
02RH066,2019-11-22,3.890000104904175,B
02RH066,2019-12-22,2.0899999141693115,B
02RH066,2020-01-22,1.6299999952316284,B
02RH066,2020-02-22,1.4500000476837158,B
02RH066,2020-03-22,3.700000047683716,B
02RH066,2020-04-22,3.559999942779541,B
02RH066,2020-05-22,49.29999923706055,
02RH066,2020-06-22,3.559999942779541,
02RH066,2020-07-22,4.130000114440918,
02RH066,2020-08-22,4.090000152587891,
02RH066,2020-09-22,6.0,
02RH066,2020-10-22,17.700000762939453,
02RH066,2020-11-22,5.380000114440918,B
02RH066,2020-12-22,2.930000066757202,B
02RH066,2021-01-22,2.4100000858306885,B
02RH066,2021-02-22,2.130000114440918,B
02RH066,2021-03-22,3.180000066757202,B
02RH066,2021-04-22,7.78000020980835,
02RH066,2021-05-22,7.880000114440918,
02RH066,2021-06-22,10.699999809265137,
02RH066,2021-07-22,3.650000095367432,
02RH066,2021-08-22,1.7400000095367432,
02RH066,2021-09-22,2.359999895095825,
02RH066,2021-10-22,9.8100004196167,
02RH066,2021-11-22,3.640000104904175,B
02RH066,2021-12-22,2.9800000190734863,B
02RH066,2022-01-22,1.870000004768372,B
02RH066,2022-02-22,1.5700000524520874,B
02RH066,2022-03-22,1.600000023841858,B
02RH066,2022-04-22,5.179999828338623,B
02RH066,2022-05-22,44.70000076293945,
02RH066,2022-06-22,10.600000381469728,
02RH066,2022-07-22,12.0,
02RH066,2022-08-22,2.7799999713897705,
02RH066,2022-09-22,4.579999923706055,
02RH066,2022-10-22,4.440000057220459,
02RH066,2022-11-22,3.650000095367432,B
02RH066,2022-12-22,2.680000066757202,B
02RH066,2023-01-22,2.6600000858306885,B
02RH066,2023-02-22,2.4100000858306885,B
02RH066,2023-03-22,1.2400000095367432,B
02RH066,2023-04-22,17.700000762939453,
02RH066,2023-05-22,32.900001525878906,
02RH066,2023-06-22,3.660000085830689,
02RH066,2023-07-22,7.380000114440918,
02RH066,2023-08-22,12.5,
02RH066,2023-09-22,6.929999828338623,
02RH066,2023-10-22,6.690000057220459,
02RH066,2023-11-22,4.539999961853027,B
02RH066,2023-12-22,8.010000228881836,B
02RH066,2024-01-22,2.0999999046325684,B
02RH066,2024-02-22,1.6699999570846558,B
02RH066,2024-03-22,1.9700000286102293,B
02RH066,2024-04-22,10.600000381469728,
02RH066,2024-05-22,7.289999961853027,
02RH066,2024-06-22,4.599999904632568,
02RH066,2024-07-22,2.640000104904175,
02RH066,2024-08-22,4.349999904632568,
02RH066,2024-09-22,1.649999976158142,
02RH066,1996-11-23,,
02RH066,1997-02-23,1.5099999904632568,
02RH066,1997-03-23,1.2699999809265137,
02RH066,1997-04-23,15.600000381469728,
02RH066,1997-05-23,56.59999847412109,
02RH066,1997-06-23,9.380000114440918,
02RH066,1997-07-23,4.650000095367432,
02RH066,1997-08-23,6.539999961853027,
02RH066,1997-09-23,8.59000015258789,
02RH066,1997-10-23,3.619999885559082,
02RH066,1997-11-23,3.009999990463257,
02RH066,1997-12-23,2.0999999046325684,
02RH066,1998-01-23,1.5,
02RH066,1998-02-23,1.1200000047683716,
02RH066,1998-03-23,1.6299999952316284,
02RH066,1998-04-23,18.299999237060547,
02RH066,1998-05-23,8.130000114440918,
02RH066,1998-06-23,4.46999979019165,
02RH066,1998-07-23,7.119999885559082,
02RH066,1998-08-23,2.1700000762939453,
02RH066,1998-09-23,15.100000381469728,
02RH066,1998-10-23,7.440000057220459,
02RH066,1998-11-23,5.050000190734863,
02RH066,1998-12-23,6.980000019073486,
02RH066,1999-01-23,2.630000114440918,
02RH066,1999-02-23,2.119999885559082,
02RH066,1999-03-23,1.5299999713897705,
02RH066,1999-04-23,6.380000114440918,
02RH066,1999-05-23,12.600000381469728,
02RH066,1999-06-23,3.0299999713897705,
02RH066,1999-07-23,4.130000114440918,
02RH066,1999-08-23,2.2699999809265137,
02RH066,1999-09-23,9.949999809265137,
02RH066,1999-10-23,8.489999771118164,
02RH066,1999-11-23,19.200000762939453,
02RH066,1999-12-23,11.399999618530272,
02RH066,2000-01-23,2.2799999713897705,
02RH066,2000-02-23,1.5,
02RH066,2000-03-23,2.6700000762939453,
02RH066,2000-04-23,5.519999980926514,
02RH066,2000-05-23,27.299999237060547,
02RH066,2000-06-23,8.0600004196167,
02RH066,2000-07-23,12.399999618530272,
02RH066,2000-08-23,7.110000133514404,
02RH066,2000-09-23,7.980000019073486,
02RH066,2000-10-23,15.600000381469728,
02RH066,2000-11-23,5.429999828338623,
02RH066,2000-12-23,6.199999809265137,
02RH066,2001-01-23,1.6100000143051147,
02RH066,2001-02-23,1.7400000095367432,
02RH066,2001-03-23,1.7300000190734863,
02RH066,2001-04-23,27.200000762939453,
02RH066,2001-05-23,7.96999979019165,
02RH066,2001-06-23,5.130000114440918,
02RH066,2001-07-23,11.300000190734863,
02RH066,2001-08-23,3.859999895095825,
02RH066,2001-09-23,2.900000095367432,
02RH066,2001-10-23,5.900000095367432,
02RH066,2001-11-23,6.960000038146973,
02RH066,2001-12-23,5.269999980926514,
02RH066,2002-01-23,2.1700000762939453,E
02RH066,2002-02-23,2.4100000858306885,
02RH066,2002-03-23,1.9800000190734863,E
02RH066,2002-04-23,15.100000381469728,
02RH066,2002-05-23,15.0,
02RH066,2002-06-23,5.320000171661377,
02RH066,2002-07-23,20.600000381469727,
02RH066,2002-08-23,2.309999942779541,
02RH066,2002-09-23,5.53000020980835,
02RH066,2002-10-23,2.640000104904175,
02RH066,2002-11-23,3.630000114440918,
02RH066,2002-12-23,2.400000095367432,E
02RH066,2003-01-23,1.1100000143051147,E
02RH066,2003-02-23,0.6940000057220459,
02RH066,2003-03-23,0.5820000171661377,E
02RH066,2003-04-23,20.0,
02RH066,2003-05-23,13.600000381469728,
02RH066,2003-06-23,3.400000095367432,
02RH066,2003-07-23,4.809999942779541,
02RH066,2003-08-23,5.03000020980835,
02RH066,2003-09-23,1.7400000095367432,
02RH066,2003-10-23,2.759999990463257,
02RH066,2003-11-23,13.399999618530272,
02RH066,2003-12-23,3.2799999713897705,E
02RH066,2004-01-23,2.200000047683716,E
02RH066,2004-02-23,1.399999976158142,E
02RH066,2004-03-23,1.2300000190734863,
02RH066,2004-04-23,30.700000762939453,
02RH066,2004-05-23,21.799999237060547,
02RH066,2004-06-23,31.0,
02RH066,2004-07-23,14.199999809265137,
02RH066,2004-08-23,2.819999933242798,
02RH066,2004-09-23,4.710000038146973,
02RH066,2004-10-23,3.890000104904175,
02RH066,2004-11-23,3.660000085830689,
02RH066,2004-12-23,2.470000028610229,
02RH066,2005-01-23,2.2100000381469727,E
02RH066,2005-02-23,1.559999942779541,
02RH066,2005-03-23,1.4900000095367432,E
02RH066,2005-04-23,10.899999618530272,
02RH066,2005-05-23,21.0,
02RH066,2005-06-23,8.680000305175781,
02RH066,2005-07-23,2.049999952316284,
02RH066,2005-08-23,3.0,
02RH066,2005-09-23,26.299999237060547,
02RH066,2005-10-23,18.299999237060547,
02RH066,2005-11-23,7.75,
02RH066,2005-12-23,3.569999933242798,
02RH066,2006-01-23,3.119999885559082,E
02RH066,2006-02-23,1.899999976158142,
02RH066,2006-03-23,3.470000028610229,E
02RH066,2006-04-23,25.799999237060547,
02RH066,2006-05-23,22.799999237060547,
02RH066,2006-06-23,8.3100004196167,
02RH066,2006-07-23,5.130000114440918,
02RH066,2006-08-23,2.5999999046325684,
02RH066,2006-09-23,6.260000228881836,
02RH066,2006-10-23,12.699999809265137,
02RH066,2006-11-23,11.199999809265137,
02RH066,2006-12-23,4.550000190734863,E
02RH066,2007-01-23,2.8499999046325684,E
02RH066,2007-02-23,1.950000047683716,
02RH066,2007-03-23,2.5,E
02RH066,2007-04-23,16.299999237060547,
02RH066,2007-05-23,14.399999618530272,
02RH066,2007-06-23,5.539999961853027,
02RH066,2007-07-23,5.690000057220459,
02RH066,2007-08-23,3.7899999618530273,
02RH066,2007-09-23,5.800000190734863,
02RH066,2007-10-23,9.6899995803833,
02RH066,2007-11-23,3.430000066757202,
02RH066,2007-12-23,2.2799999713897705,
02RH066,2008-01-23,4.059999942779541,
02RH066,2008-02-23,2.930000066757202,
02RH066,2008-03-23,1.7799999713897705,
02RH066,2008-04-23,38.59999847412109,
02RH066,2008-05-23,23.0,
02RH066,2008-06-23,16.600000381469727,
02RH066,2008-07-23,5.610000133514404,
02RH066,2008-08-23,4.03000020980835,
02RH066,2008-09-23,6.980000019073486,
02RH066,2008-10-23,5.75,
02RH066,2008-11-23,7.449999809265137,
02RH066,2008-12-23,3.7300000190734863,
02RH066,2009-01-23,2.539999961853028,
02RH066,2009-02-23,2.2100000381469727,
02RH066,2009-03-23,2.140000104904175,
02RH066,2009-04-23,16.399999618530273,
02RH066,2009-05-23,18.600000381469727,
02RH066,2009-06-23,4.21999979019165,
02RH066,2009-07-23,4.71999979019165,
02RH066,2009-08-23,3.839999914169312,
02RH066,2009-09-23,3.0999999046325684,
02RH066,2009-10-23,4.269999980926514,
02RH066,2009-11-23,5.400000095367432,
02RH066,2009-12-23,2.299999952316284,
02RH066,2010-01-23,1.659999966621399,
02RH066,2010-02-23,1.7000000476837158,
02RH066,2010-03-23,1.6699999570846558,
02RH066,2010-04-23,13.399999618530272,
02RH066,2010-05-23,17.799999237060547,
02RH066,2010-06-23,2.970000028610229,
02RH066,2010-07-23,3.509999990463257,
02RH066,2010-08-23,1.7400000095367432,
02RH066,2010-09-23,4.989999771118164,
02RH066,2010-10-23,9.449999809265137,
02RH066,2010-11-23,6.260000228881836,
02RH066,2010-12-23,4.480000019073486,
02RH066,2011-01-23,3.0299999713897705,
02RH066,2011-02-23,3.430000066757202,
02RH066,2011-03-23,1.7699999809265137,
02RH066,2011-04-23,5.239999771118164,
02RH066,2011-05-23,38.900001525878906,
02RH066,2011-06-23,5.119999885559082,
02RH066,2011-07-23,10.100000381469728,
02RH066,2011-08-23,14.199999809265137,
02RH066,2011-09-23,5.449999809265137,
02RH066,2011-10-23,5.260000228881836,
02RH066,2011-11-23,4.360000133514404,
02RH066,2011-12-23,3.200000047683716,
02RH066,2012-01-23,2.1600000858306885,B
02RH066,2012-02-23,1.870000004768372,B
02RH066,2012-03-23,31.399999618530277,B
02RH066,2012-04-23,9.619999885559082,
02RH066,2012-05-23,14.600000381469728,
02RH066,2012-06-23,3.670000076293945,
02RH066,2012-07-23,3.059999942779541,
02RH066,2012-08-23,2.7100000381469727,
02RH066,2012-09-23,2.930000066757202,
02RH066,2012-10-23,10.100000381469728,
02RH066,2012-11-23,3.2799999713897705,B
02RH066,2012-12-23,2.359999895095825,B
02RH066,2013-01-23,2.1600000858306885,B
02RH066,2013-02-23,1.919999957084656,B
02RH066,2013-03-23,1.7100000381469729,B
02RH066,2013-04-23,17.299999237060547,
02RH066,2013-05-23,19.399999618530277,
02RH066,2013-06-23,4.650000095367432,
02RH066,2013-07-23,3.640000104904175,
02RH066,2013-08-23,3.359999895095825,
02RH066,2013-09-23,5.079999923706055,
02RH066,2013-10-23,6.25,
02RH066,2013-11-23,4.980000019073486,B
02RH066,2013-12-23,2.0999999046325684,B
02RH066,2014-01-23,1.909999966621399,B
02RH066,2014-02-23,1.4199999570846558,B
02RH066,2014-03-23,1.2200000286102295,B
02RH066,2014-04-23,21.100000381469727,B
02RH066,2014-05-23,17.600000381469727,
02RH066,2014-06-23,4.71999979019165,
02RH066,2014-07-23,1.5700000524520874,
02RH066,2014-08-23,1.9700000286102293,
02RH066,2014-09-23,13.0,
02RH066,2014-10-23,8.510000228881836,
02RH066,2014-11-23,4.340000152587891,B
02RH066,2014-12-23,2.430000066757202,B
02RH066,2015-01-23,1.7599999904632568,B
02RH066,2015-02-23,1.2899999618530271,B
02RH066,2015-03-23,1.0800000429153442,B
02RH066,2015-04-23,8.6899995803833,B
02RH066,2015-05-23,13.899999618530272,
02RH066,2015-06-23,4.460000038146973,
02RH066,2015-07-23,12.899999618530272,
02RH066,2015-08-23,3.7200000286102295,
02RH066,2015-09-23,2.4600000381469727,
02RH066,2015-10-23,5.269999980926514,
02RH066,2015-11-23,5.320000171661377,
02RH066,2015-12-23,5.78000020980835,B
02RH066,2016-01-23,2.140000104904175,B
02RH066,2016-02-23,1.950000047683716,B
02RH066,2016-03-23,2.7699999809265137,B
02RH066,2016-04-23,17.5,B
02RH066,2016-05-23,33.79999923706055,
02RH066,2016-06-23,8.619999885559082,
02RH066,2016-07-23,22.100000381469727,
02RH066,2016-08-23,3.829999923706055,
02RH066,2016-09-23,4.71999979019165,
02RH066,2016-10-23,36.20000076293945,
02RH066,2016-11-23,10.5,
02RH066,2016-12-23,3.440000057220459,B
02RH066,2017-01-23,2.450000047683716,B
02RH066,2017-02-23,2.75,B
02RH066,2017-03-23,1.7599999904632568,B
02RH066,2017-04-23,16.0,B
02RH066,2017-05-23,22.799999237060547,
02RH066,2017-06-23,7.079999923706055,
02RH066,2017-07-23,4.820000171661377,
02RH066,2017-08-23,4.050000190734863,
02RH066,2017-09-23,3.309999942779541,
02RH066,2017-10-23,3.450000047683716,
02RH066,2017-11-23,4.510000228881836,B
02RH066,2017-12-23,2.390000104904175,B
02RH066,2018-01-23,3.3499999046325684,B
02RH066,2018-02-23,4.539999961853027,B
02RH066,2018-03-23,1.7599999904632568,B
02RH066,2018-04-23,3.039999961853028,B
02RH066,2018-05-23,38.0,
02RH066,2018-06-23,6.449999809265137,
02RH066,2018-07-23,2.0299999713897705,
02RH066,2018-08-23,2.559999942779541,
02RH066,2018-09-23,4.679999828338623,
02RH066,2018-10-23,9.579999923706056,
02RH066,2018-11-23,4.820000171661377,B
02RH066,2018-12-23,13.100000381469728,B
02RH066,2019-01-23,1.9900000095367432,B
02RH066,2019-02-23,1.7300000190734863,B
02RH066,2019-03-23,3.4200000762939453,B
02RH066,2019-04-23,31.200000762939453,B
02RH066,2019-05-23,41.400001525878906,
02RH066,2019-06-23,6.71999979019165,
02RH066,2019-07-23,3.299999952316284,
02RH066,2019-08-23,2.109999895095825,
02RH066,2019-09-23,18.100000381469727,
02RH066,2019-10-23,7.159999847412109,
02RH066,2019-11-23,4.010000228881836,B
02RH066,2019-12-23,2.069999933242798,B
02RH066,2020-01-23,1.6200000047683716,B
02RH066,2020-02-23,1.4500000476837158,B
02RH066,2020-03-23,3.3299999237060547,B
02RH066,2020-04-23,3.4800000190734863,B
02RH066,2020-05-23,45.59999847412109,
02RH066,2020-06-23,3.4100000858306885,
02RH066,2020-07-23,3.75,
02RH066,2020-08-23,3.359999895095825,
02RH066,2020-09-23,5.46999979019165,
02RH066,2020-10-23,16.100000381469727,
02RH066,2020-11-23,4.71999979019165,B
02RH066,2020-12-23,2.8499999046325684,B
02RH066,2021-01-23,2.380000114440918,B
02RH066,2021-02-23,2.119999885559082,B
02RH066,2021-03-23,3.839999914169312,B
02RH066,2021-04-23,6.789999961853027,
02RH066,2021-05-23,15.899999618530272,
02RH066,2021-06-23,8.989999771118164,
02RH066,2021-07-23,3.700000047683716,
02RH066,2021-08-23,2.0,
02RH066,2021-09-23,3.1600000858306885,
02RH066,2021-10-23,10.199999809265137,
02RH066,2021-11-23,3.4200000762939453,B
02RH066,2021-12-23,2.7699999809265137,B
02RH066,2022-01-23,1.8600000143051147,B
02RH066,2022-02-23,1.559999942779541,B
02RH066,2022-03-23,1.5399999618530271,B
02RH066,2022-04-23,5.349999904632568,B
02RH066,2022-05-23,40.20000076293945,
02RH066,2022-06-23,17.899999618530273,
02RH066,2022-07-23,11.100000381469728,
02RH066,2022-08-23,4.070000171661377,
02RH066,2022-09-23,6.800000190734863,
02RH066,2022-10-23,4.050000190734863,
02RH066,2022-11-23,3.539999961853028,B
02RH066,2022-12-23,2.640000104904175,B
02RH066,2023-01-23,2.619999885559082,B
02RH066,2023-02-23,2.3299999237060547,B
02RH066,2023-03-23,1.2699999809265137,B
02RH066,2023-04-23,29.299999237060547,
02RH066,2023-05-23,21.299999237060547,
02RH066,2023-06-23,3.2799999713897705,
02RH066,2023-07-23,10.899999618530272,
02RH066,2023-08-23,9.550000190734863,
02RH066,2023-09-23,5.670000076293945,
02RH066,2023-10-23,7.739999771118164,
02RH066,2023-11-23,4.25,B
02RH066,2023-12-23,6.46999979019165,B
02RH066,2024-01-23,2.069999933242798,B
02RH066,2024-02-23,1.659999966621399,B
02RH066,2024-03-23,1.919999957084656,B
02RH066,2024-04-23,8.75,
02RH066,2024-05-23,7.170000076293945,
02RH066,2024-06-23,4.179999828338623,
02RH066,2024-07-23,2.569999933242798,
02RH066,2024-08-23,4.559999942779541,
02RH066,2024-09-23,1.5800000429153442,
02RH066,1996-11-24,,
02RH066,1997-02-24,1.5,
02RH066,1997-03-24,1.25,
02RH066,1997-04-24,16.600000381469727,
02RH066,1997-05-24,44.70000076293945,
02RH066,1997-06-24,8.069999694824219,
02RH066,1997-07-24,4.010000228881836,
02RH066,1997-08-24,5.940000057220459,
02RH066,1997-09-24,9.119999885559082,
02RH066,1997-10-24,3.4600000381469727,
02RH066,1997-11-24,3.130000114440918,
02RH066,1997-12-24,2.069999933242798,
02RH066,1998-01-24,1.4800000190734863,
02RH066,1998-02-24,1.1100000143051147,
02RH066,1998-03-24,1.6200000047683716,
02RH066,1998-04-24,22.700000762939453,
02RH066,1998-05-24,11.899999618530272,
02RH066,1998-06-24,3.9600000381469727,
02RH066,1998-07-24,6.559999942779541,
02RH066,1998-08-24,2.8399999141693115,
02RH066,1998-09-24,11.300000190734863,
02RH066,1998-10-24,7.150000095367432,
02RH066,1998-11-24,6.269999980926514,
02RH066,1998-12-24,6.409999847412109,
02RH066,1999-01-24,4.110000133514404,
02RH066,1999-02-24,2.0799999237060547,
02RH066,1999-03-24,1.5199999809265137,
02RH066,1999-04-24,5.230000019073486,
02RH066,1999-05-24,11.100000381469728,
02RH066,1999-06-24,2.9100000858306885,
02RH066,1999-07-24,3.859999895095825,
02RH066,1999-08-24,2.069999933242798,
02RH066,1999-09-24,7.989999771118164,
02RH066,1999-10-24,8.220000267028809,
02RH066,1999-11-24,23.200000762939453,
02RH066,1999-12-24,9.68000030517578,
02RH066,2000-01-24,2.2100000381469727,
02RH066,2000-02-24,2.2699999809265137,
02RH066,2000-03-24,3.1700000762939453,
02RH066,2000-04-24,5.380000114440918,
02RH066,2000-05-24,26.600000381469727,
02RH066,2000-06-24,8.359999656677246,
02RH066,2000-07-24,11.0,
02RH066,2000-08-24,16.200000762939453,
02RH066,2000-09-24,6.519999980926514,
02RH066,2000-10-24,11.800000190734863,
02RH066,2000-11-24,4.929999828338623,
02RH066,2000-12-24,5.5,
02RH066,2001-01-24,1.590000033378601,
02RH066,2001-02-24,1.6799999475479126,
02RH066,2001-03-24,1.7000000476837158,
02RH066,2001-04-24,34.20000076293945,
02RH066,2001-05-24,7.070000171661377,
02RH066,2001-06-24,4.840000152587891,
02RH066,2001-07-24,13.600000381469728,
02RH066,2001-08-24,3.670000076293945,
02RH066,2001-09-24,2.890000104904175,
02RH066,2001-10-24,9.579999923706056,
02RH066,2001-11-24,6.320000171661377,
02RH066,2001-12-24,4.960000038146973,
02RH066,2002-01-24,2.140000104904175,E
02RH066,2002-02-24,2.3499999046325684,
02RH066,2002-03-24,1.9600000381469729,E
02RH066,2002-04-24,11.899999618530272,
02RH066,2002-05-24,20.899999618530277,
02RH066,2002-06-24,8.020000457763672,
02RH066,2002-07-24,17.899999618530273,
02RH066,2002-08-24,2.200000047683716,
02RH066,2002-09-24,8.489999771118164,
02RH066,2002-10-24,2.640000104904175,
02RH066,2002-11-24,3.4800000190734863,
02RH066,2002-12-24,2.3299999237060547,E
02RH066,2003-01-24,1.090000033378601,E
02RH066,2003-02-24,0.6859999895095825,
02RH066,2003-03-24,0.6439999938011169,E
02RH066,2003-04-24,16.700000762939453,
02RH066,2003-05-24,11.0,
02RH066,2003-06-24,3.0299999713897705,
02RH066,2003-07-24,4.460000038146973,
02RH066,2003-08-24,6.449999809265137,
02RH066,2003-09-24,2.130000114440918,
02RH066,2003-10-24,2.700000047683716,
02RH066,2003-11-24,10.0,
02RH066,2003-12-24,3.2799999713897705,E
02RH066,2004-01-24,2.140000104904175,E
02RH066,2004-02-24,1.3899999856948853,E
02RH066,2004-03-24,1.2300000190734863,
02RH066,2004-04-24,21.5,
02RH066,2004-05-24,18.399999618530277,
02RH066,2004-06-24,25.299999237060547,
02RH066,2004-07-24,14.399999618530272,
02RH066,2004-08-24,3.240000009536743,
02RH066,2004-09-24,4.489999771118164,
02RH066,2004-10-24,3.7300000190734863,
02RH066,2004-11-24,3.680000066757202,
02RH066,2004-12-24,2.720000028610229,
02RH066,2005-01-24,2.1700000762939453,E
02RH066,2005-02-24,1.5499999523162842,
02RH066,2005-03-24,1.4900000095367432,E
02RH066,2005-04-24,10.100000381469728,
02RH066,2005-05-24,23.200000762939453,
02RH066,2005-06-24,7.340000152587891,
02RH066,2005-07-24,1.899999976158142,
02RH066,2005-08-24,3.539999961853028,
02RH066,2005-09-24,19.399999618530277,
02RH066,2005-10-24,16.700000762939453,
02RH066,2005-11-24,11.100000381469728,
02RH066,2005-12-24,3.4800000190734863,
02RH066,2006-01-24,2.940000057220459,E
02RH066,2006-02-24,1.8799999952316284,
02RH066,2006-03-24,3.4600000381469727,E
02RH066,2006-04-24,29.299999237060547,
02RH066,2006-05-24,29.299999237060547,
02RH066,2006-06-24,7.449999809265137,
02RH066,2006-07-24,4.699999809265137,
02RH066,2006-08-24,2.630000114440918,
02RH066,2006-09-24,12.5,
02RH066,2006-10-24,12.300000190734863,
02RH066,2006-11-24,8.869999885559082,
02RH066,2006-12-24,5.389999866485596,E
02RH066,2007-01-24,2.75,E
02RH066,2007-02-24,1.9299999475479128,
02RH066,2007-03-24,2.190000057220459,E
02RH066,2007-04-24,28.799999237060547,
02RH066,2007-05-24,15.100000381469728,
02RH066,2007-06-24,6.590000152587891,
02RH066,2007-07-24,4.400000095367432,
02RH066,2007-08-24,5.639999866485596,
02RH066,2007-09-24,5.539999961853027,
02RH066,2007-10-24,14.399999618530272,
02RH066,2007-11-24,3.3499999046325684,
02RH066,2007-12-24,3.700000047683716,
02RH066,2008-01-24,3.920000076293945,
02RH066,2008-02-24,2.799999952316284,
02RH066,2008-03-24,1.7599999904632568,
02RH066,2008-04-24,54.70000076293945,
02RH066,2008-05-24,24.200000762939453,
02RH066,2008-06-24,13.699999809265137,
02RH066,2008-07-24,5.5,
02RH066,2008-08-24,3.680000066757202,
02RH066,2008-09-24,6.119999885559082,
02RH066,2008-10-24,5.650000095367432,
02RH066,2008-11-24,7.079999923706055,
02RH066,2008-12-24,3.619999885559082,
02RH066,2009-01-24,2.5199999809265137,
02RH066,2009-02-24,2.200000047683716,
02RH066,2009-03-24,2.130000114440918,
02RH066,2009-04-24,19.799999237060547,
02RH066,2009-05-24,14.300000190734863,
02RH066,2009-06-24,3.7899999618530273,
02RH066,2009-07-24,4.179999828338623,
02RH066,2009-08-24,3.619999885559082,
02RH066,2009-09-24,3.0,
02RH066,2009-10-24,4.400000095367432,
02RH066,2009-11-24,5.079999923706055,
02RH066,2009-12-24,2.25,
02RH066,2010-01-24,1.649999976158142,
02RH066,2010-02-24,1.690000057220459,
02RH066,2010-03-24,1.649999976158142,
02RH066,2010-04-24,13.800000190734863,
02RH066,2010-05-24,19.799999237060547,
02RH066,2010-06-24,3.299999952316284,
02RH066,2010-07-24,3.009999990463257,
02RH066,2010-08-24,1.6299999952316284,
02RH066,2010-09-24,6.429999828338623,
02RH066,2010-10-24,8.34000015258789,
02RH066,2010-11-24,6.070000171661377,
02RH066,2010-12-24,4.400000095367432,
02RH066,2011-01-24,2.9800000190734863,
02RH066,2011-02-24,3.0899999141693115,
02RH066,2011-03-24,1.7200000286102295,
02RH066,2011-04-24,5.340000152587891,
02RH066,2011-05-24,45.29999923706055,
02RH066,2011-06-24,4.940000057220459,
02RH066,2011-07-24,7.71999979019165,
02RH066,2011-08-24,10.300000190734863,
02RH066,2011-09-24,5.119999885559082,
02RH066,2011-10-24,5.059999942779541,
02RH066,2011-11-24,4.159999847412109,
02RH066,2011-12-24,3.109999895095825,
02RH066,2012-01-24,2.150000095367432,B
02RH066,2012-02-24,1.8600000143051147,B
02RH066,2012-03-24,22.0,B
02RH066,2012-04-24,15.100000381469728,
02RH066,2012-05-24,12.300000190734863,
02RH066,2012-06-24,3.440000057220459,
02RH066,2012-07-24,3.950000047683716,
02RH066,2012-08-24,2.5799999237060547,
02RH066,2012-09-24,2.7699999809265137,
02RH066,2012-10-24,7.909999847412109,
02RH066,2012-11-24,3.3399999141693115,B
02RH066,2012-12-24,2.319999933242798,B
02RH066,2013-01-24,2.0799999237060547,B
02RH066,2013-02-24,1.909999966621399,B
02RH066,2013-03-24,1.7699999809265137,B
02RH066,2013-04-24,18.0,
02RH066,2013-05-24,31.399999618530277,
02RH066,2013-06-24,4.400000095367432,
02RH066,2013-07-24,3.4100000858306885,
02RH066,2013-08-24,2.9800000190734863,
02RH066,2013-09-24,5.590000152587891,
02RH066,2013-10-24,5.519999980926514,
02RH066,2013-11-24,4.389999866485596,B
02RH066,2013-12-24,2.069999933242798,B
02RH066,2014-01-24,1.8799999952316284,B
02RH066,2014-02-24,1.409999966621399,B
02RH066,2014-03-24,1.2200000286102295,B
02RH066,2014-04-24,18.5,B
02RH066,2014-05-24,15.800000190734863,
02RH066,2014-06-24,4.179999828338623,
02RH066,2014-07-24,1.5,
02RH066,2014-08-24,1.7599999904632568,
02RH066,2014-09-24,10.399999618530272,
02RH066,2014-10-24,7.730000019073486,
02RH066,2014-11-24,5.130000114440918,B
02RH066,2014-12-24,2.369999885559082,B
02RH066,2015-01-24,1.7400000095367432,B
02RH066,2015-02-24,1.2799999713897705,B
02RH066,2015-03-24,1.0800000429153442,B
02RH066,2015-04-24,8.850000381469727,
02RH066,2015-05-24,12.199999809265137,
02RH066,2015-06-24,6.090000152587891,
02RH066,2015-07-24,10.800000190734863,
02RH066,2015-08-24,3.359999895095825,
02RH066,2015-09-24,2.2799999713897705,
02RH066,2015-10-24,4.730000019073486,
02RH066,2015-11-24,4.53000020980835,
02RH066,2015-12-24,5.579999923706055,B
02RH066,2016-01-24,2.109999895095825,B
02RH066,2016-02-24,1.899999976158142,B
02RH066,2016-03-24,2.740000009536743,B
02RH066,2016-04-24,15.800000190734863,B
02RH066,2016-05-24,31.700000762939453,
02RH066,2016-06-24,8.140000343322754,
02RH066,2016-07-24,15.600000381469728,
02RH066,2016-08-24,3.700000047683716,
02RH066,2016-09-24,5.150000095367432,
02RH066,2016-10-24,25.799999237060547,
02RH066,2016-11-24,9.350000381469728,
02RH066,2016-12-24,3.390000104904175,B
02RH066,2017-01-24,2.4200000762939453,B
02RH066,2017-02-24,3.299999952316284,B
02RH066,2017-03-24,1.7200000286102295,B
02RH066,2017-04-24,17.0,B
02RH066,2017-05-24,22.0,
02RH066,2017-06-24,6.519999980926514,
02RH066,2017-07-24,3.690000057220459,
02RH066,2017-08-24,4.019999980926514,
02RH066,2017-09-24,3.059999942779541,
02RH066,2017-10-24,3.2300000190734863,
02RH066,2017-11-24,4.289999961853027,B
02RH066,2017-12-24,2.3399999141693115,B
02RH066,2018-01-24,3.2100000381469727,B
02RH066,2018-02-24,4.230000019073486,B
02RH066,2018-03-24,1.75,B
02RH066,2018-04-24,5.03000020980835,B
02RH066,2018-05-24,36.5,
02RH066,2018-06-24,5.710000038146973,
02RH066,2018-07-24,2.240000009536743,
02RH066,2018-08-24,2.4600000381469727,
02RH066,2018-09-24,4.039999961853027,
02RH066,2018-10-24,7.800000190734863,
02RH066,2018-11-24,4.650000095367432,B
02RH066,2018-12-24,10.100000381469728,B
02RH066,2019-01-24,1.9600000381469729,B
02RH066,2019-02-24,1.690000057220459,B
02RH066,2019-03-24,3.2300000190734863,B
02RH066,2019-04-24,26.299999237060547,B
02RH066,2019-05-24,38.29999923706055,
02RH066,2019-06-24,5.909999847412109,
02RH066,2019-07-24,3.059999942779541,
02RH066,2019-08-24,2.559999942779541,
02RH066,2019-09-24,23.600000381469727,
02RH066,2019-10-24,8.270000457763672,
02RH066,2019-11-24,3.7100000381469727,B
02RH066,2019-12-24,2.049999952316284,B
02RH066,2020-01-24,1.6100000143051147,B
02RH066,2020-02-24,1.4500000476837158,B
02RH066,2020-03-24,3.009999990463257,B
02RH066,2020-04-24,3.4800000190734863,B
02RH066,2020-05-24,37.29999923706055,
02RH066,2020-06-24,3.670000076293945,
02RH066,2020-07-24,3.2799999713897705,
02RH066,2020-08-24,2.880000114440918,
02RH066,2020-09-24,5.179999828338623,
02RH066,2020-10-24,22.299999237060547,
02RH066,2020-11-24,4.460000038146973,B
02RH066,2020-12-24,3.849999904632568,B
02RH066,2021-01-24,2.3499999046325684,B
02RH066,2021-02-24,2.119999885559082,B
02RH066,2021-03-24,4.800000190734863,B
02RH066,2021-04-24,7.929999828338623,
02RH066,2021-05-24,19.700000762939453,
02RH066,2021-06-24,6.460000038146973,
02RH066,2021-07-24,3.5299999713897705,
02RH066,2021-08-24,2.1700000762939453,
02RH066,2021-09-24,3.880000114440918,
02RH066,2021-10-24,7.829999923706055,
02RH066,2021-11-24,3.240000009536743,B
02RH066,2021-12-24,2.5799999237060547,B
02RH066,2022-01-24,1.840000033378601,B
02RH066,2022-02-24,1.5499999523162842,B
02RH066,2022-03-24,1.4800000190734863,B
02RH066,2022-04-24,5.789999961853027,B
02RH066,2022-05-24,29.0,
02RH066,2022-06-24,15.399999618530272,
02RH066,2022-07-24,8.140000343322754,
02RH066,2022-08-24,7.0,
02RH066,2022-09-24,7.610000133514404,
02RH066,2022-10-24,3.809999942779541,
02RH066,2022-11-24,3.4600000381469727,B
02RH066,2022-12-24,2.5999999046325684,B
02RH066,2023-01-24,2.5899999141693115,B
02RH066,2023-02-24,2.25,B
02RH066,2023-03-24,1.309999942779541,B
02RH066,2023-04-24,31.200000762939453,
02RH066,2023-05-24,15.300000190734863,
02RH066,2023-06-24,3.009999990463257,
02RH066,2023-07-24,8.779999732971191,
02RH066,2023-08-24,7.820000171661377,
02RH066,2023-09-24,5.050000190734863,
02RH066,2023-10-24,6.519999980926514,
02RH066,2023-11-24,4.0,B
02RH066,2023-12-24,5.389999866485596,B
02RH066,2024-01-24,2.059999942779541,B
02RH066,2024-02-24,1.6399999856948853,B
02RH066,2024-03-24,1.8799999952316284,B
02RH066,2024-04-24,10.600000381469728,
02RH066,2024-05-24,7.940000057220459,
02RH066,2024-06-24,5.03000020980835,
02RH066,2024-07-24,2.400000095367432,
02RH066,2024-08-24,3.869999885559082,
02RH066,2024-09-24,1.559999942779541,
02RH066,1996-11-25,,
02RH066,1997-02-25,1.4700000286102295,
02RH066,1997-03-25,1.2400000095367432,
02RH066,1997-04-25,15.300000190734863,
02RH066,1997-05-25,61.29999923706055,
02RH066,1997-06-25,7.519999980926514,
02RH066,1997-07-25,3.5299999713897705,
02RH066,1997-08-25,4.929999828338623,
02RH066,1997-09-25,9.739999771118164,
02RH066,1997-10-25,3.440000057220459,
02RH066,1997-11-25,3.0799999237060547,
02RH066,1997-12-25,2.049999952316284,
02RH066,1998-01-25,1.4700000286102295,
02RH066,1998-02-25,1.100000023841858,
02RH066,1998-03-25,1.6200000047683716,
02RH066,1998-04-25,23.700000762939453,
02RH066,1998-05-25,9.81999969482422,
02RH066,1998-06-25,3.640000104904175,
02RH066,1998-07-25,6.260000228881836,
02RH066,1998-08-25,5.130000114440918,
02RH066,1998-09-25,9.130000114440918,
02RH066,1998-10-25,8.479999542236328,
02RH066,1998-11-25,6.110000133514404,
02RH066,1998-12-25,5.909999847412109,
02RH066,1999-01-25,3.869999885559082,
02RH066,1999-02-25,2.009999990463257,
02RH066,1999-03-25,1.5099999904632568,
02RH066,1999-04-25,4.610000133514404,
02RH066,1999-05-25,11.399999618530272,
02RH066,1999-06-25,2.8399999141693115,
02RH066,1999-07-25,3.390000104904175,
02RH066,1999-08-25,1.899999976158142,
02RH066,1999-09-25,6.460000038146973,
02RH066,1999-10-25,6.900000095367432,
02RH066,1999-11-25,28.899999618530277,
02RH066,1999-12-25,7.929999828338623,
02RH066,2000-01-25,2.190000057220459,
02RH066,2000-02-25,1.850000023841858,
02RH066,2000-03-25,3.759999990463257,
02RH066,2000-04-25,5.380000114440918,
02RH066,2000-05-25,26.700000762939453,
02RH066,2000-06-25,7.099999904632568,
02RH066,2000-07-25,7.25,
02RH066,2000-08-25,16.200000762939453,
02RH066,2000-09-25,5.659999847412109,
02RH066,2000-10-25,10.100000381469728,
02RH066,2000-11-25,5.659999847412109,
02RH066,2000-12-25,4.929999828338623,
02RH066,2001-01-25,1.559999942779541,
02RH066,2001-02-25,1.6399999856948853,
02RH066,2001-03-25,1.6799999475479126,
02RH066,2001-04-25,36.70000076293945,
02RH066,2001-05-25,6.300000190734863,
02RH066,2001-06-25,4.090000152587891,
02RH066,2001-07-25,26.399999618530277,
02RH066,2001-08-25,3.200000047683716,
02RH066,2001-09-25,3.150000095367432,
02RH066,2001-10-25,10.899999618530272,
02RH066,2001-11-25,6.53000020980835,
02RH066,2001-12-25,4.679999828338623,
02RH066,2002-01-25,2.119999885559082,E
02RH066,2002-02-25,2.289999961853028,
02RH066,2002-03-25,1.940000057220459,E
02RH066,2002-04-25,11.199999809265137,
02RH066,2002-05-25,19.600000381469727,
02RH066,2002-06-25,7.5,
02RH066,2002-07-25,10.699999809265137,
02RH066,2002-08-25,2.039999961853028,
02RH066,2002-09-25,6.239999771118164,
02RH066,2002-10-25,2.7100000381469727,
02RH066,2002-11-25,3.3399999141693115,
02RH066,2002-12-25,2.259999990463257,E
02RH066,2003-01-25,1.0700000524520874,E
02RH066,2003-02-25,0.6779999732971191,
02RH066,2003-03-25,0.7360000014305115,E
02RH066,2003-04-25,12.5,
02RH066,2003-05-25,10.300000190734863,
02RH066,2003-06-25,2.740000009536743,
02RH066,2003-07-25,5.380000114440918,
02RH066,2003-08-25,6.320000171661377,
02RH066,2003-09-25,2.680000066757202,
02RH066,2003-10-25,2.759999990463257,
02RH066,2003-11-25,9.550000190734863,
02RH066,2003-12-25,3.7799999713897705,E
02RH066,2004-01-25,2.0799999237060547,E
02RH066,2004-02-25,1.3799999952316284,E
02RH066,2004-03-25,1.3700000047683716,
02RH066,2004-04-25,16.299999237060547,
02RH066,2004-05-25,16.200000762939453,
02RH066,2004-06-25,24.399999618530277,
02RH066,2004-07-25,9.40999984741211,
02RH066,2004-08-25,3.1600000858306885,
02RH066,2004-09-25,4.190000057220459,
02RH066,2004-10-25,3.5899999141693115,
02RH066,2004-11-25,4.389999866485596,
02RH066,2004-12-25,3.490000009536743,
02RH066,2005-01-25,2.140000104904175,E
02RH066,2005-02-25,1.5399999618530271,
02RH066,2005-03-25,1.5,E
02RH066,2005-04-25,13.600000381469728,
02RH066,2005-05-25,23.600000381469727,
02RH066,2005-06-25,6.639999866485596,
02RH066,2005-07-25,1.8799999952316284,
02RH066,2005-08-25,2.970000028610229,
02RH066,2005-09-25,12.0,
02RH066,2005-10-25,14.5,
02RH066,2005-11-25,12.399999618530272,
02RH066,2005-12-25,3.400000095367432,
02RH066,2006-01-25,2.75,E
02RH066,2006-02-25,1.8600000143051147,
02RH066,2006-03-25,3.470000028610229,E
02RH066,2006-04-25,29.600000381469727,
02RH066,2006-05-25,24.799999237060547,
02RH066,2006-06-25,6.170000076293945,
02RH066,2006-07-25,5.119999885559082,
02RH066,2006-08-25,2.640000104904175,
02RH066,2006-09-25,34.5,
02RH066,2006-10-25,16.700000762939453,
02RH066,2006-11-25,8.149999618530273,
02RH066,2006-12-25,5.079999923706055,E
02RH066,2007-01-25,2.650000095367432,E
02RH066,2007-02-25,1.919999957084656,
02RH066,2007-03-25,1.9900000095367432,E
02RH066,2007-04-25,22.799999237060547,
02RH066,2007-05-25,21.399999618530277,
02RH066,2007-06-25,5.679999828338623,
02RH066,2007-07-25,3.7300000190734863,
02RH066,2007-08-25,8.34000015258789,
02RH066,2007-09-25,5.119999885559082,
02RH066,2007-10-25,11.899999618530272,
02RH066,2007-11-25,3.2699999809265137,
02RH066,2007-12-25,3.470000028610229,
02RH066,2008-01-25,3.7899999618530273,
02RH066,2008-02-25,2.690000057220459,
02RH066,2008-03-25,1.75,
02RH066,2008-04-25,45.400001525878906,
02RH066,2008-05-25,21.100000381469727,
02RH066,2008-06-25,12.399999618530272,
02RH066,2008-07-25,5.929999828338623,
02RH066,2008-08-25,3.7200000286102295,
02RH066,2008-09-25,5.71999979019165,
02RH066,2008-10-25,5.880000114440918,
02RH066,2008-11-25,6.739999771118164,
02RH066,2008-12-25,3.539999961853028,
02RH066,2009-01-25,2.5,
02RH066,2009-02-25,2.190000057220459,
02RH066,2009-03-25,2.119999885559082,
02RH066,2009-04-25,28.200000762939453,
02RH066,2009-05-25,11.699999809265137,
02RH066,2009-06-25,3.7200000286102295,
02RH066,2009-07-25,4.059999942779541,
02RH066,2009-08-25,3.289999961853028,
02RH066,2009-09-25,3.700000047683716,
02RH066,2009-10-25,6.28000020980835,
02RH066,2009-11-25,4.699999809265137,
02RH066,2009-12-25,2.2100000381469727,
02RH066,2010-01-25,1.8899999856948853,
02RH066,2010-02-25,1.6799999475479126,
02RH066,2010-03-25,1.6299999952316284,
02RH066,2010-04-25,17.100000381469727,
02RH066,2010-05-25,21.899999618530277,
02RH066,2010-06-25,3.700000047683716,
02RH066,2010-07-25,3.299999952316284,
02RH066,2010-08-25,1.5399999618530271,
02RH066,2010-09-25,45.29999923706055,
02RH066,2010-10-25,7.940000057220459,
02RH066,2010-11-25,7.289999961853027,
02RH066,2010-12-25,4.320000171661377,
02RH066,2011-01-25,2.940000057220459,
02RH066,2011-02-25,2.8299999237060547,
02RH066,2011-03-25,1.690000057220459,
02RH066,2011-04-25,5.630000114440918,
02RH066,2011-05-25,49.29999923706055,
02RH066,2011-06-25,4.889999866485596,
02RH066,2011-07-25,5.699999809265137,
02RH066,2011-08-25,8.0600004196167,
02RH066,2011-09-25,4.739999771118164,
02RH066,2011-10-25,4.900000095367432,
02RH066,2011-11-25,4.019999980926514,
02RH066,2011-12-25,3.049999952316284,
02RH066,2012-01-25,2.130000114440918,B
02RH066,2012-02-25,1.8600000143051147,B
02RH066,2012-03-25,16.0,B
02RH066,2012-04-25,26.200000762939453,
02RH066,2012-05-25,10.399999618530272,
02RH066,2012-06-25,3.359999895095825,
02RH066,2012-07-25,6.510000228881836,
02RH066,2012-08-25,2.4200000762939453,
02RH066,2012-09-25,2.6600000858306885,
02RH066,2012-10-25,6.269999980926514,
02RH066,2012-11-25,3.140000104904175,B
02RH066,2012-12-25,2.289999961853028,B
02RH066,2013-01-25,2.0199999809265137,B
02RH066,2013-02-25,1.899999976158142,B
02RH066,2013-03-25,1.8799999952316284,B
02RH066,2013-04-25,26.5,
02RH066,2013-05-25,26.299999237060547,
02RH066,2013-06-25,6.389999866485596,
02RH066,2013-07-25,3.7200000286102295,
02RH066,2013-08-25,2.7300000190734863,
02RH066,2013-09-25,5.800000190734863,
02RH066,2013-10-25,4.860000133514404,
02RH066,2013-11-25,3.910000085830689,B
02RH066,2013-12-25,2.039999961853028,B
02RH066,2014-01-25,1.8600000143051147,B
02RH066,2014-02-25,1.399999976158142,B
02RH066,2014-03-25,1.2100000381469729,B
02RH066,2014-04-25,15.199999809265137,B
02RH066,2014-05-25,14.0,
02RH066,2014-06-25,4.489999771118164,
02RH066,2014-07-25,1.5299999713897705,
02RH066,2014-08-25,1.590000033378601,
02RH066,2014-09-25,7.539999961853027,
02RH066,2014-10-25,7.150000095367432,
02RH066,2014-11-25,10.899999618530272,B
02RH066,2014-12-25,3.0,B
02RH066,2015-01-25,1.7200000286102295,B
02RH066,2015-02-25,1.2699999809265137,B
02RH066,2015-03-25,1.0800000429153442,B
02RH066,2015-04-25,8.569999694824219,
02RH066,2015-05-25,11.300000190734863,
02RH066,2015-06-25,6.429999828338623,
02RH066,2015-07-25,9.699999809265137,
02RH066,2015-08-25,3.240000009536743,
02RH066,2015-09-25,2.130000114440918,
02RH066,2015-10-25,5.179999828338623,
02RH066,2015-11-25,6.170000076293945,
02RH066,2015-12-25,9.729999542236328,B
02RH066,2016-01-25,2.0799999237060547,B
02RH066,2016-02-25,2.2100000381469727,B
02RH066,2016-03-25,2.75,B
02RH066,2016-04-25,13.800000190734863,B
02RH066,2016-05-25,32.29999923706055,
02RH066,2016-06-25,7.070000171661377,
02RH066,2016-07-25,11.399999618530272,
02RH066,2016-08-25,3.7799999713897705,
02RH066,2016-09-25,4.789999961853027,
02RH066,2016-10-25,16.600000381469727,
02RH066,2016-11-25,8.270000457763672,
02RH066,2016-12-25,3.3399999141693115,B
02RH066,2017-01-25,2.380000114440918,B
02RH066,2017-02-25,3.670000076293945,B
02RH066,2017-03-25,1.690000057220459,B
02RH066,2017-04-25,15.100000381469728,
02RH066,2017-05-25,19.200000762939453,
02RH066,2017-06-25,6.699999809265137,
02RH066,2017-07-25,3.0899999141693115,
02RH066,2017-08-25,4.099999904632568,
02RH066,2017-09-25,2.9600000381469727,
02RH066,2017-10-25,3.299999952316284,
02RH066,2017-11-25,4.929999828338623,B
02RH066,2017-12-25,2.299999952316284,B
02RH066,2018-01-25,3.0799999237060547,B
02RH066,2018-02-25,3.9600000381469727,B
02RH066,2018-03-25,1.7400000095367432,B
02RH066,2018-04-25,8.229999542236328,B
02RH066,2018-05-25,26.600000381469727,
02RH066,2018-06-25,5.289999961853027,
02RH066,2018-07-25,2.4100000858306885,
02RH066,2018-08-25,2.180000066757202,
02RH066,2018-09-25,3.3399999141693115,
02RH066,2018-10-25,6.880000114440918,
02RH066,2018-11-25,4.489999771118164,B
02RH066,2018-12-25,8.279999732971191,B
02RH066,2019-01-25,1.9299999475479128,B
02RH066,2019-02-25,1.659999966621399,B
02RH066,2019-03-25,3.059999942779541,B
02RH066,2019-04-25,22.700000762939453,B
02RH066,2019-05-25,36.5,
02RH066,2019-06-25,5.480000019073486,
02RH066,2019-07-25,2.9200000762939453,
02RH066,2019-08-25,2.6600000858306885,
02RH066,2019-09-25,19.799999237060547,
02RH066,2019-10-25,8.079999923706055,
02RH066,2019-11-25,3.4800000190734863,B
02RH066,2019-12-25,2.0299999713897705,B
02RH066,2020-01-25,1.600000023841858,B
02RH066,2020-02-25,1.440000057220459,B
02RH066,2020-03-25,2.650000095367432,B
02RH066,2020-04-25,3.609999895095825,B
02RH066,2020-05-25,39.0,
02RH066,2020-06-25,3.799999952316284,
02RH066,2020-07-25,2.869999885559082,
02RH066,2020-08-25,2.809999942779541,
02RH066,2020-09-25,4.869999885559082,
02RH066,2020-10-25,19.700000762939453,
02RH066,2020-11-25,4.239999771118164,B
02RH066,2020-12-25,9.609999656677246,B
02RH066,2021-01-25,2.319999933242798,B
02RH066,2021-02-25,2.109999895095825,B
02RH066,2021-03-25,8.649999618530273,B
02RH066,2021-04-25,8.420000076293945,
02RH066,2021-05-25,13.5,
02RH066,2021-06-25,4.989999771118164,
02RH066,2021-07-25,3.319999933242798,
02RH066,2021-08-25,2.359999895095825,
02RH066,2021-09-25,4.21999979019165,
02RH066,2021-10-25,6.179999828338623,
02RH066,2021-11-25,3.0899999141693115,B
02RH066,2021-12-25,2.549999952316284,B
02RH066,2022-01-25,1.830000042915344,B
02RH066,2022-02-25,1.5399999618530271,B
02RH066,2022-03-25,1.4700000286102295,B
02RH066,2022-04-25,6.460000038146973,B
02RH066,2022-05-25,21.899999618530277,
02RH066,2022-06-25,11.100000381469728,
02RH066,2022-07-25,11.699999809265137,
02RH066,2022-08-25,6.340000152587891,
02RH066,2022-09-25,6.019999980926514,
02RH066,2022-10-25,3.640000104904175,
02RH066,2022-11-25,3.390000104904175,B
02RH066,2022-12-25,2.559999942779541,B
02RH066,2023-01-25,2.549999952316284,B
02RH066,2023-02-25,2.180000066757202,B
02RH066,2023-03-25,1.2999999523162842,B
02RH066,2023-04-25,27.100000381469727,
02RH066,2023-05-25,13.199999809265137,
02RH066,2023-06-25,2.799999952316284,
02RH066,2023-07-25,6.630000114440918,
02RH066,2023-08-25,6.769999980926514,
02RH066,2023-09-25,4.449999809265137,
02RH066,2023-10-25,6.059999942779541,
02RH066,2023-11-25,3.859999895095825,B
02RH066,2023-12-25,4.650000095367432,B
02RH066,2024-01-25,2.039999961853028,B
02RH066,2024-02-25,1.6299999952316284,B
02RH066,2024-03-25,1.840000033378601,B
02RH066,2024-04-25,9.510000228881836,
02RH066,2024-05-25,7.550000190734863,
02RH066,2024-06-25,4.800000190734863,
02RH066,2024-07-25,2.4200000762939453,
02RH066,2024-08-25,3.119999885559082,
02RH066,2024-09-25,1.559999942779541,
02RH066,1996-11-26,,
02RH066,1997-02-26,1.4500000476837158,
02RH066,1997-03-26,1.2300000190734863,
02RH066,1997-04-26,15.100000381469728,
02RH066,1997-05-26,61.29999923706055,
02RH066,1997-06-26,9.020000457763672,
02RH066,1997-07-26,3.200000047683716,
02RH066,1997-08-26,4.059999942779541,
02RH066,1997-09-26,13.0,
02RH066,1997-10-26,3.400000095367432,
02RH066,1997-11-26,3.009999990463257,
02RH066,1997-12-26,2.009999990463257,
02RH066,1998-01-26,1.4500000476837158,
02RH066,1998-02-26,1.1200000047683716,
02RH066,1998-03-26,1.7100000381469729,
02RH066,1998-04-26,16.399999618530273,
02RH066,1998-05-26,7.610000133514404,
02RH066,1998-06-26,3.670000076293945,
02RH066,1998-07-26,5.989999771118164,
02RH066,1998-08-26,6.170000076293945,
02RH066,1998-09-26,8.029999732971191,
02RH066,1998-10-26,8.3100004196167,
02RH066,1998-11-26,5.820000171661377,
02RH066,1998-12-26,5.460000038146973,
02RH066,1999-01-26,3.690000057220459,
02RH066,1999-02-26,2.0299999713897705,
02RH066,1999-03-26,1.5099999904632568,
02RH066,1999-04-26,4.869999885559082,
02RH066,1999-05-26,13.399999618530272,
02RH066,1999-06-26,3.859999895095825,
02RH066,1999-07-26,3.140000104904175,
02RH066,1999-08-26,1.7899999618530271,
02RH066,1999-09-26,5.5,
02RH066,1999-10-26,7.53000020980835,
02RH066,1999-11-26,19.799999237060547,
02RH066,1999-12-26,6.920000076293945,
02RH066,2000-01-26,2.150000095367432,
02RH066,2000-02-26,1.5499999523162842,
02RH066,2000-03-26,4.590000152587891,
02RH066,2000-04-26,5.590000152587891,
02RH066,2000-05-26,33.20000076293945,
02RH066,2000-06-26,7.940000057220459,
02RH066,2000-07-26,5.53000020980835,
02RH066,2000-08-26,12.300000190734863,
02RH066,2000-09-26,5.03000020980835,
02RH066,2000-10-26,9.0,
02RH066,2000-11-26,6.309999942779541,
02RH066,2000-12-26,4.53000020980835,
02RH066,2001-01-26,1.5399999618530271,
02RH066,2001-02-26,1.590000033378601,
02RH066,2001-03-26,1.659999966621399,
02RH066,2001-04-26,26.0,
02RH066,2001-05-26,5.690000057220459,
02RH066,2001-06-26,3.559999942779541,
02RH066,2001-07-26,20.0,
02RH066,2001-08-26,3.0999999046325684,
02RH066,2001-09-26,5.199999809265137,
02RH066,2001-10-26,13.300000190734863,
02RH066,2001-11-26,8.640000343322754,
02RH066,2001-12-26,4.429999828338623,
02RH066,2002-01-26,2.0999999046325684,E
02RH066,2002-02-26,2.25,
02RH066,2002-03-26,1.9299999475479128,E
02RH066,2002-04-26,13.199999809265137,
02RH066,2002-05-26,15.100000381469728,
02RH066,2002-06-26,5.929999828338623,
02RH066,2002-07-26,7.059999942779541,
02RH066,2002-08-26,1.9600000381469729,
02RH066,2002-09-26,4.5,
02RH066,2002-10-26,2.6600000858306885,
02RH066,2002-11-26,3.220000028610229,
02RH066,2002-12-26,2.190000057220459,E
02RH066,2003-01-26,1.0499999523162842,E
02RH066,2003-02-26,0.6700000166893005,
02RH066,2003-03-26,0.8690000176429749,E
02RH066,2003-04-26,11.300000190734863,
02RH066,2003-05-26,11.100000381469728,
02RH066,2003-06-26,2.720000028610229,
02RH066,2003-07-26,4.659999847412109,
02RH066,2003-08-26,5.260000228881836,
02RH066,2003-09-26,3.069999933242798,
02RH066,2003-10-26,2.9200000762939453,
02RH066,2003-11-26,10.5,
02RH066,2003-12-26,5.75,E
02RH066,2004-01-26,2.0299999713897705,E
02RH066,2004-02-26,1.3700000047683716,E
02RH066,2004-03-26,2.890000104904175,
02RH066,2004-04-26,13.300000190734863,
02RH066,2004-05-26,15.399999618530272,
02RH066,2004-06-26,19.799999237060547,
02RH066,2004-07-26,6.880000114440918,
02RH066,2004-08-26,2.869999885559082,
02RH066,2004-09-26,3.910000085830689,
02RH066,2004-10-26,3.549999952316284,
02RH066,2004-11-26,7.21999979019165,
02RH066,2004-12-26,8.649999618530273,
02RH066,2005-01-26,2.0999999046325684,E
02RH066,2005-02-26,1.5299999713897705,
02RH066,2005-03-26,1.5,E
02RH066,2005-04-26,17.799999237060547,
02RH066,2005-05-26,20.600000381469727,
02RH066,2005-06-26,7.190000057220459,
02RH066,2005-07-26,2.4200000762939453,
02RH066,2005-08-26,2.3399999141693115,
02RH066,2005-09-26,25.799999237060547,
02RH066,2005-10-26,13.800000190734863,
02RH066,2005-11-26,14.5,
02RH066,2005-12-26,3.319999933242798,
02RH066,2006-01-26,2.690000057220459,E
02RH066,2006-02-26,1.850000023841858,
02RH066,2006-03-26,3.490000009536743,E
02RH066,2006-04-26,23.799999237060547,
02RH066,2006-05-26,19.700000762939453,
02RH066,2006-06-26,5.369999885559082,
02RH066,2006-07-26,9.93000030517578,
02RH066,2006-08-26,2.569999933242798,
02RH066,2006-09-26,22.799999237060547,
02RH066,2006-10-26,15.600000381469728,
02RH066,2006-11-26,7.539999961853027,
02RH066,2006-12-26,4.46999979019165,E
02RH066,2007-01-26,2.609999895095825,E
02RH066,2007-02-26,1.909999966621399,
02RH066,2007-03-26,1.850000023841858,E
02RH066,2007-04-26,18.100000381469727,
02RH066,2007-05-26,22.700000762939453,
02RH066,2007-06-26,7.449999809265137,
02RH066,2007-07-26,3.309999942779541,
02RH066,2007-08-26,17.0,
02RH066,2007-09-26,4.869999885559082,
02RH066,2007-10-26,9.279999732971191,
02RH066,2007-11-26,3.200000047683716,
02RH066,2007-12-26,3.259999990463257,
02RH066,2008-01-26,3.680000066757202,
02RH066,2008-02-26,2.5999999046325684,
02RH066,2008-03-26,1.7400000095367432,
02RH066,2008-04-26,39.70000076293945,
02RH066,2008-05-26,19.399999618530277,
02RH066,2008-06-26,13.600000381469728,
02RH066,2008-07-26,5.730000019073486,
02RH066,2008-08-26,4.0,
02RH066,2008-09-26,5.210000038146973,
02RH066,2008-10-26,12.0,
02RH066,2008-11-26,6.440000057220459,
02RH066,2008-12-26,3.4800000190734863,
02RH066,2009-01-26,2.490000009536743,
02RH066,2009-02-26,2.180000066757202,
02RH066,2009-03-26,2.119999885559082,
02RH066,2009-04-26,42.79999923706055,
02RH066,2009-05-26,9.869999885559082,
02RH066,2009-06-26,11.0,
02RH066,2009-07-26,4.440000057220459,
02RH066,2009-08-26,3.150000095367432,
02RH066,2009-09-26,3.9700000286102295,
02RH066,2009-10-26,6.889999866485596,
02RH066,2009-11-26,4.739999771118164,
02RH066,2009-12-26,2.1700000762939453,
02RH066,2010-01-26,2.4600000381469727,
02RH066,2010-02-26,1.6699999570846558,
02RH066,2010-03-26,1.6200000047683716,
02RH066,2010-04-26,19.600000381469727,
02RH066,2010-05-26,27.0,
02RH066,2010-06-26,3.509999990463257,
02RH066,2010-07-26,4.300000190734863,
02RH066,2010-08-26,1.6799999475479126,
02RH066,2010-09-26,32.79999923706055,
02RH066,2010-10-26,15.600000381469728,
02RH066,2010-11-26,6.630000114440918,
02RH066,2010-12-26,4.260000228881836,
02RH066,2011-01-26,2.900000095367432,
02RH066,2011-02-26,2.619999885559082,
02RH066,2011-03-26,1.6699999570846558,
02RH066,2011-04-26,6.170000076293945,
02RH066,2011-05-26,37.0,
02RH066,2011-06-26,4.929999828338623,
02RH066,2011-07-26,4.869999885559082,
02RH066,2011-08-26,11.100000381469728,
02RH066,2011-09-26,4.46999979019165,
02RH066,2011-10-26,5.949999809265137,
02RH066,2011-11-26,3.930000066757202,
02RH066,2011-12-26,2.990000009536743,
02RH066,2012-01-26,2.119999885559082,B
02RH066,2012-02-26,1.850000023841858,B
02RH066,2012-03-26,12.0,B
02RH066,2012-04-26,22.200000762939453,
02RH066,2012-05-26,10.600000381469728,
02RH066,2012-06-26,4.230000019073486,
02RH066,2012-07-26,5.480000019073486,
02RH066,2012-08-26,2.25,
02RH066,2012-09-26,2.680000066757202,
02RH066,2012-10-26,5.449999809265137,
02RH066,2012-11-26,3.0,B
02RH066,2012-12-26,2.259999990463257,B
02RH066,2013-01-26,1.9800000190734863,B
02RH066,2013-02-26,1.8899999856948853,B
02RH066,2013-03-26,1.7799999713897705,B
02RH066,2013-04-26,20.700000762939453,
02RH066,2013-05-26,26.5,
02RH066,2013-06-26,5.96999979019165,
02RH066,2013-07-26,3.359999895095825,
02RH066,2013-08-26,2.5899999141693115,
02RH066,2013-09-26,5.269999980926514,
02RH066,2013-10-26,4.409999847412109,
02RH066,2013-11-26,3.660000085830689,B
02RH066,2013-12-26,2.009999990463257,B
02RH066,2014-01-26,1.830000042915344,B
02RH066,2014-02-26,1.3899999856948853,B
02RH066,2014-03-26,1.2100000381469729,B
02RH066,2014-04-26,12.199999809265137,B
02RH066,2014-05-26,15.0,
02RH066,2014-06-26,4.570000171661377,
02RH066,2014-07-26,1.6200000047683716,
02RH066,2014-08-26,1.4500000476837158,
02RH066,2014-09-26,5.769999980926514,
02RH066,2014-10-26,7.309999942779541,
02RH066,2014-11-26,10.300000190734863,B
02RH066,2014-12-26,3.049999952316284,B
02RH066,2015-01-26,1.690000057220459,B
02RH066,2015-02-26,1.2699999809265137,B
02RH066,2015-03-26,1.0700000524520874,B
02RH066,2015-04-26,11.800000190734863,
02RH066,2015-05-26,11.5,
02RH066,2015-06-26,5.300000190734863,
02RH066,2015-07-26,8.680000305175781,
02RH066,2015-08-26,4.21999979019165,
02RH066,2015-09-26,2.069999933242798,
02RH066,2015-10-26,8.119999885559082,
02RH066,2015-11-26,5.889999866485596,
02RH066,2015-12-26,7.21999979019165,B
02RH066,2016-01-26,2.049999952316284,B
02RH066,2016-02-26,2.390000104904175,B
02RH066,2016-03-26,2.859999895095825,B
02RH066,2016-04-26,11.800000190734863,B
02RH066,2016-05-26,32.599998474121094,
02RH066,2016-06-26,7.090000152587891,
02RH066,2016-07-26,16.600000381469727,
02RH066,2016-08-26,3.859999895095825,
02RH066,2016-09-26,4.199999809265137,
02RH066,2016-10-26,11.899999618530272,
02RH066,2016-11-26,7.590000152587891,
02RH066,2016-12-26,3.289999961853028,B
02RH066,2017-01-26,2.3399999141693115,B
02RH066,2017-02-26,4.059999942779541,B
02RH066,2017-03-26,1.649999976158142,B
02RH066,2017-04-26,21.5,
02RH066,2017-05-26,17.700000762939453,
02RH066,2017-06-26,5.699999809265137,
02RH066,2017-07-26,2.690000057220459,
02RH066,2017-08-26,3.990000009536743,
02RH066,2017-09-26,2.809999942779541,
02RH066,2017-10-26,4.489999771118164,
02RH066,2017-11-26,4.550000190734863,B
02RH066,2017-12-26,2.25,B
02RH066,2018-01-26,2.9600000381469727,B
02RH066,2018-02-26,3.7300000190734863,B
02RH066,2018-03-26,1.7400000095367432,B
02RH066,2018-04-26,13.300000190734863,B
02RH066,2018-05-26,25.5,
02RH066,2018-06-26,4.760000228881836,
02RH066,2018-07-26,4.119999885559082,
02RH066,2018-08-26,1.9600000381469729,
02RH066,2018-09-26,4.199999809265137,
02RH066,2018-10-26,6.289999961853027,
02RH066,2018-11-26,4.340000152587891,B
02RH066,2018-12-26,7.130000114440918,B
02RH066,2019-01-26,1.919999957084656,B
02RH066,2019-02-26,1.6299999952316284,B
02RH066,2019-03-26,2.900000095367432,B
02RH066,2019-04-26,26.0,B
02RH066,2019-05-26,34.20000076293945,
02RH066,2019-06-26,5.519999980926514,
02RH066,2019-07-26,2.740000009536743,
02RH066,2019-08-26,2.3399999141693115,
02RH066,2019-09-26,13.800000190734863,
02RH066,2019-10-26,7.119999885559082,
02RH066,2019-11-26,3.4800000190734863,B
02RH066,2019-12-26,2.009999990463257,B
02RH066,2020-01-26,1.590000033378601,B
02RH066,2020-02-26,1.440000057220459,B
02RH066,2020-03-26,2.369999885559082,B
02RH066,2020-04-26,3.940000057220459,B
02RH066,2020-05-26,45.400001525878906,
02RH066,2020-06-26,3.650000095367432,
02RH066,2020-07-26,3.900000095367432,
02RH066,2020-08-26,4.670000076293945,
02RH066,2020-09-26,4.539999961853027,
02RH066,2020-10-26,14.699999809265137,
02RH066,2020-11-26,4.570000171661377,B
02RH066,2020-12-26,25.899999618530277,B
02RH066,2021-01-26,2.299999952316284,B
02RH066,2021-02-26,2.109999895095825,B
02RH066,2021-03-26,15.800000190734863,B
02RH066,2021-04-26,10.300000190734863,
02RH066,2021-05-26,15.800000190734863,
02RH066,2021-06-26,4.340000152587891,
02RH066,2021-07-26,3.759999990463257,
02RH066,2021-08-26,2.25,
02RH066,2021-09-26,4.179999828338623,
02RH066,2021-10-26,5.28000020980835,
02RH066,2021-11-26,2.950000047683716,B
02RH066,2021-12-26,2.509999990463257,B
02RH066,2022-01-26,1.809999942779541,B
02RH066,2022-02-26,1.5299999713897705,B
02RH066,2022-03-26,1.4600000381469729,B
02RH066,2022-04-26,15.600000381469728,B
02RH066,2022-05-26,22.0,
02RH066,2022-06-26,9.109999656677246,
02RH066,2022-07-26,10.5,
02RH066,2022-08-26,4.699999809265137,
02RH066,2022-09-26,4.96999979019165,
02RH066,2022-10-26,3.559999942779541,
02RH066,2022-11-26,3.3299999237060547,B
02RH066,2022-12-26,2.5299999713897705,B
02RH066,2023-01-26,2.5199999809265137,B
02RH066,2023-02-26,2.119999885559082,B
02RH066,2023-03-26,1.2899999618530271,B
02RH066,2023-04-26,26.700000762939453,
02RH066,2023-05-26,11.0,
02RH066,2023-06-26,2.5999999046325684,
02RH066,2023-07-26,5.710000038146973,
02RH066,2023-08-26,6.460000038146973,
02RH066,2023-09-26,4.070000171661377,
02RH066,2023-10-26,6.849999904632568,
02RH066,2023-11-26,3.7300000190734863,B
02RH066,2023-12-26,4.28000020980835,B
02RH066,2024-01-26,2.0199999809265137,B
02RH066,2024-02-26,1.6200000047683716,B
02RH066,2024-03-26,1.809999942779541,B
02RH066,2024-04-26,8.8100004196167,
02RH066,2024-05-26,6.570000171661377,
02RH066,2024-06-26,4.659999847412109,
02RH066,2024-07-26,2.809999942779541,
02RH066,2024-08-26,2.7100000381469727,
02RH066,2024-09-26,2.3499999046325684,
02RH066,1996-11-27,,
02RH066,1997-02-27,1.440000057220459,
02RH066,1997-03-27,1.2300000190734863,
02RH066,1997-04-27,14.399999618530272,
02RH066,1997-05-27,46.59999847412109,
02RH066,1997-06-27,10.399999618530272,
02RH066,1997-07-27,3.190000057220459,
02RH066,1997-08-27,3.450000047683716,
02RH066,1997-09-27,11.5,
02RH066,1997-10-27,3.25,
02RH066,1997-11-27,2.970000028610229,
02RH066,1997-12-27,1.9800000190734863,
02RH066,1998-01-27,1.4299999475479126,
02RH066,1998-02-27,1.2999999523162842,
02RH066,1998-03-27,1.9800000190734863,
02RH066,1998-04-27,13.399999618530272,
02RH066,1998-05-27,6.309999942779541,
02RH066,1998-06-27,3.490000009536743,
02RH066,1998-07-27,5.159999847412109,
02RH066,1998-08-27,8.5600004196167,
02RH066,1998-09-27,8.649999618530273,
02RH066,1998-10-27,7.050000190734863,
02RH066,1998-11-27,5.489999771118164,
02RH066,1998-12-27,5.139999866485596,
02RH066,1999-01-27,3.539999961853028,
02RH066,1999-02-27,2.0799999237060547,
02RH066,1999-03-27,1.5299999713897705,
02RH066,1999-04-27,5.590000152587891,
02RH066,1999-05-27,11.699999809265137,
02RH066,1999-06-27,3.9800000190734863,
02RH066,1999-07-27,3.0899999141693115,
02RH066,1999-08-27,1.7100000381469729,
02RH066,1999-09-27,4.789999961853027,
02RH066,1999-10-27,6.929999828338623,
02RH066,1999-11-27,20.200000762939453,
02RH066,1999-12-27,6.28000020980835,
02RH066,2000-01-27,2.109999895095825,
02RH066,2000-02-27,1.7400000095367432,
02RH066,2000-03-27,5.75,
02RH066,2000-04-27,6.409999847412109,
02RH066,2000-05-27,49.59999847412109,
02RH066,2000-06-27,6.840000152587891,
02RH066,2000-07-27,4.519999980926514,
02RH066,2000-08-27,8.930000305175781,
02RH066,2000-09-27,4.659999847412109,
02RH066,2000-10-27,8.3100004196167,
02RH066,2000-11-27,5.639999866485596,
02RH066,2000-12-27,4.230000019073486,
02RH066,2001-01-27,1.5199999809265137,
02RH066,2001-02-27,1.559999942779541,
02RH066,2001-03-27,1.6299999952316284,
02RH066,2001-04-27,27.200000762939453,
02RH066,2001-05-27,5.880000114440918,
02RH066,2001-06-27,3.119999885559082,
02RH066,2001-07-27,13.0,
02RH066,2001-08-27,6.369999885559082,
02RH066,2001-09-27,5.679999828338623,
02RH066,2001-10-27,11.600000381469728,
02RH066,2001-11-27,8.979999542236328,
02RH066,2001-12-27,4.210000038146973,
02RH066,2002-01-27,2.0799999237060547,E
02RH066,2002-02-27,2.220000028610229,
02RH066,2002-03-27,1.909999966621399,E
02RH066,2002-04-27,11.699999809265137,
02RH066,2002-05-27,14.0,
02RH066,2002-06-27,5.659999847412109,
02RH066,2002-07-27,5.579999923706055,
02RH066,2002-08-27,1.8899999856948853,
02RH066,2002-09-27,3.5799999237060547,
02RH066,2002-10-27,2.740000009536743,
02RH066,2002-11-27,3.0999999046325684,
02RH066,2002-12-27,2.130000114440918,E
02RH066,2003-01-27,1.0299999713897705,E
02RH066,2003-02-27,0.6620000004768372,
02RH066,2003-03-27,1.059999942779541,E
02RH066,2003-04-27,14.300000190734863,
02RH066,2003-05-27,10.399999618530272,
02RH066,2003-06-27,2.630000114440918,
02RH066,2003-07-27,4.559999942779541,
02RH066,2003-08-27,4.71999979019165,
02RH066,2003-09-27,2.9100000858306885,
02RH066,2003-10-27,5.190000057220459,
02RH066,2003-11-27,7.929999828338623,
02RH066,2003-12-27,4.650000095367432,E
02RH066,2004-01-27,1.9800000190734863,E
02RH066,2004-02-27,1.3600000143051147,E
02RH066,2004-03-27,15.800000190734863,
02RH066,2004-04-27,13.0,
02RH066,2004-05-27,16.399999618530273,
02RH066,2004-06-27,14.800000190734863,
02RH066,2004-07-27,5.590000152587891,
02RH066,2004-08-27,2.7100000381469727,
02RH066,2004-09-27,3.759999990463257,
02RH066,2004-10-27,3.490000009536743,
02RH066,2004-11-27,8.140000343322754,
02RH066,2004-12-27,8.029999732971191,
02RH066,2005-01-27,2.069999933242798,E
02RH066,2005-02-27,1.5299999713897705,
02RH066,2005-03-27,1.5,E
02RH066,2005-04-27,19.200000762939453,
02RH066,2005-05-27,17.899999618530273,
02RH066,2005-06-27,5.929999828338623,
02RH066,2005-07-27,2.5799999237060547,
02RH066,2005-08-27,1.9299999475479128,
02RH066,2005-09-27,39.09999847412109,
02RH066,2005-10-27,12.600000381469728,
02RH066,2005-11-27,18.100000381469727,
02RH066,2005-12-27,3.25,
02RH066,2006-01-27,2.640000104904175,E
02RH066,2006-02-27,1.830000042915344,
02RH066,2006-03-27,3.539999961853028,E
02RH066,2006-04-27,18.600000381469727,
02RH066,2006-05-27,18.200000762939453,
02RH066,2006-06-27,5.110000133514404,
02RH066,2006-07-27,11.300000190734863,
02RH066,2006-08-27,2.5199999809265137,
02RH066,2006-09-27,17.399999618530273,
02RH066,2006-10-27,11.800000190734863,
02RH066,2006-11-27,7.03000020980835,
02RH066,2006-12-27,4.320000171661377,E
02RH066,2007-01-27,2.5799999237060547,E
02RH066,2007-02-27,1.8899999856948853,
02RH066,2007-03-27,1.7599999904632568,E
02RH066,2007-04-27,16.200000762939453,
02RH066,2007-05-27,18.200000762939453,
02RH066,2007-06-27,7.420000076293945,
02RH066,2007-07-27,3.0,
02RH066,2007-08-27,14.600000381469728,
02RH066,2007-09-27,4.920000076293945,
02RH066,2007-10-27,8.619999885559082,
02RH066,2007-11-27,3.140000104904175,
02RH066,2007-12-27,3.059999942779541,
02RH066,2008-01-27,3.5799999237060547,
02RH066,2008-02-27,2.5299999713897705,
02RH066,2008-03-27,1.7300000190734863,
02RH066,2008-04-27,41.70000076293945,
02RH066,2008-05-27,20.5,
02RH066,2008-06-27,19.700000762939453,
02RH066,2008-07-27,5.050000190734863,
02RH066,2008-08-27,3.9600000381469727,
02RH066,2008-09-27,4.940000057220459,
02RH066,2008-10-27,13.800000190734863,
02RH066,2008-11-27,6.159999847412109,
02RH066,2008-12-27,3.440000057220459,
02RH066,2009-01-27,2.470000028610229,
02RH066,2009-02-27,2.1700000762939453,
02RH066,2009-03-27,2.0999999046325684,
02RH066,2009-04-27,29.200000762939453,
02RH066,2009-05-27,8.369999885559082,
02RH066,2009-06-27,14.100000381469728,
02RH066,2009-07-27,6.5,
02RH066,2009-08-27,2.9100000858306885,
02RH066,2009-09-27,3.549999952316284,
02RH066,2009-10-27,5.75,
02RH066,2009-11-27,4.71999979019165,
02RH066,2009-12-27,2.140000104904175,
02RH066,2010-01-27,4.690000057220459,
02RH066,2010-02-27,1.659999966621399,
02RH066,2010-03-27,1.6100000143051147,
02RH066,2010-04-27,16.299999237060547,
02RH066,2010-05-27,20.0,
02RH066,2010-06-27,3.25,
02RH066,2010-07-27,6.579999923706055,
02RH066,2010-08-27,2.0999999046325684,
02RH066,2010-09-27,19.899999618530277,
02RH066,2010-10-27,22.899999618530277,
02RH066,2010-11-27,6.190000057220459,
02RH066,2010-12-27,4.199999809265137,
02RH066,2011-01-27,2.869999885559082,
02RH066,2011-02-27,2.450000047683716,
02RH066,2011-03-27,1.659999966621399,
02RH066,2011-04-27,7.099999904632568,
02RH066,2011-05-27,37.900001525878906,
02RH066,2011-06-27,5.5,
02RH066,2011-07-27,5.25,
02RH066,2011-08-27,8.890000343322754,
02RH066,2011-09-27,4.199999809265137,
02RH066,2011-10-27,5.659999847412109,
02RH066,2011-11-27,3.859999895095825,
02RH066,2011-12-27,2.930000066757202,
02RH066,2012-01-27,2.109999895095825,B
02RH066,2012-02-27,1.850000023841858,B
02RH066,2012-03-27,9.399999618530272,B
02RH066,2012-04-27,19.200000762939453,
02RH066,2012-05-27,12.399999618530272,
02RH066,2012-06-27,15.0,
02RH066,2012-07-27,4.25,
02RH066,2012-08-27,2.0999999046325684,
02RH066,2012-09-27,2.890000104904175,
02RH066,2012-10-27,4.989999771118164,
02RH066,2012-11-27,2.900000095367432,B
02RH066,2012-12-27,2.2300000190734863,B
02RH066,2013-01-27,1.940000057220459,B
02RH066,2013-02-27,1.8899999856948853,B
02RH066,2013-03-27,1.7300000190734863,B
02RH066,2013-04-27,17.600000381469727,
02RH066,2013-05-27,29.799999237060547,
02RH066,2013-06-27,8.210000038146973,
02RH066,2013-07-27,2.859999895095825,
02RH066,2013-08-27,2.650000095367432,
02RH066,2013-09-27,4.639999866485596,
02RH066,2013-10-27,4.150000095367432,
02RH066,2013-11-27,3.450000047683716,B
02RH066,2013-12-27,1.9900000095367432,B
02RH066,2014-01-27,1.809999942779541,B
02RH066,2014-02-27,1.3799999952316284,B
02RH066,2014-03-27,1.2000000476837158,B
02RH066,2014-04-27,10.199999809265137,B
02RH066,2014-05-27,15.199999809265137,
02RH066,2014-06-27,3.9700000286102295,
02RH066,2014-07-27,1.850000023841858,
02RH066,2014-08-27,1.7799999713897705,
02RH066,2014-09-27,4.739999771118164,
02RH066,2014-10-27,9.229999542236328,
02RH066,2014-11-27,7.659999847412109,B
02RH066,2014-12-27,3.0199999809265137,B
02RH066,2015-01-27,1.6699999570846558,B
02RH066,2015-02-27,1.2599999904632568,B
02RH066,2015-03-27,1.0700000524520874,B
02RH066,2015-04-27,13.899999618530272,
02RH066,2015-05-27,13.5,
02RH066,2015-06-27,4.510000228881836,
02RH066,2015-07-27,11.399999618530272,
02RH066,2015-08-27,4.599999904632568,
02RH066,2015-09-27,2.009999990463257,
02RH066,2015-10-27,6.329999923706055,
02RH066,2015-11-27,8.210000038146973,
02RH066,2015-12-27,5.650000095367432,B
02RH066,2016-01-27,2.0199999809265137,B
02RH066,2016-02-27,2.3299999237060547,B
02RH066,2016-03-27,2.9600000381469727,B
02RH066,2016-04-27,10.0,B
02RH066,2016-05-27,29.799999237060547,
02RH066,2016-06-27,7.199999809265137,
02RH066,2016-07-27,16.299999237060547,
02RH066,2016-08-27,3.680000066757202,
02RH066,2016-09-27,3.829999923706055,
02RH066,2016-10-27,9.229999542236328,
02RH066,2016-11-27,7.199999809265137,
02RH066,2016-12-27,3.240000009536743,B
02RH066,2017-01-27,2.299999952316284,B
02RH066,2017-02-27,4.25,B
02RH066,2017-03-27,1.6299999952316284,B
02RH066,2017-04-27,36.5,
02RH066,2017-05-27,16.5,
02RH066,2017-06-27,4.860000133514404,
02RH066,2017-07-27,2.5199999809265137,
02RH066,2017-08-27,3.5299999713897705,
02RH066,2017-09-27,2.8399999141693115,
02RH066,2017-10-27,19.0,
02RH066,2017-11-27,4.210000038146973,B
02RH066,2017-12-27,2.2100000381469727,B
02RH066,2018-01-27,2.8499999046325684,B
02RH066,2018-02-27,3.5299999713897705,B
02RH066,2018-03-27,1.9600000381469729,B
02RH066,2018-04-27,21.399999618530277,B
02RH066,2018-05-27,23.600000381469727,
02RH066,2018-06-27,4.289999961853027,
02RH066,2018-07-27,4.579999923706055,
02RH066,2018-08-27,1.840000033378601,
02RH066,2018-09-27,6.480000019073486,
02RH066,2018-10-27,6.659999847412109,
02RH066,2018-11-27,4.190000057220459,B
02RH066,2018-12-27,6.260000228881836,B
02RH066,2019-01-27,1.899999976158142,B
02RH066,2019-02-27,1.600000023841858,B
02RH066,2019-03-27,2.759999990463257,B
02RH066,2019-04-27,29.200000762939453,B
02RH066,2019-05-27,36.0,
02RH066,2019-06-27,7.130000114440918,
02RH066,2019-07-27,2.509999990463257,
02RH066,2019-08-27,2.0299999713897705,
02RH066,2019-09-27,13.800000190734863,
02RH066,2019-10-27,6.260000228881836,
02RH066,2019-11-27,3.740000009536743,B
02RH066,2019-12-27,1.9900000095367432,B
02RH066,2020-01-27,1.5800000429153442,B
02RH066,2020-02-27,1.440000057220459,B
02RH066,2020-03-27,3.190000057220459,B
02RH066,2020-04-27,4.360000133514404,B
02RH066,2020-05-27,54.79999923706055,
02RH066,2020-06-27,3.7899999618530273,
02RH066,2020-07-27,5.28000020980835,
02RH066,2020-08-27,5.960000038146973,
02RH066,2020-09-27,4.170000076293945,
02RH066,2020-10-27,12.0,
02RH066,2020-11-27,4.429999828338623,B
02RH066,2020-12-27,15.199999809265137,B
02RH066,2021-01-27,2.2799999713897705,B
02RH066,2021-02-27,2.109999895095825,B
02RH066,2021-03-27,11.800000190734863,B
02RH066,2021-04-27,9.970000267028809,
02RH066,2021-05-27,20.0,
02RH066,2021-06-27,9.859999656677246,
02RH066,2021-07-27,6.050000190734863,
02RH066,2021-08-27,1.899999976158142,
02RH066,2021-09-27,3.650000095367432,
02RH066,2021-10-27,4.679999828338623,
02RH066,2021-11-27,2.8299999237060547,B
02RH066,2021-12-27,2.4800000190734863,B
02RH066,2022-01-27,1.7999999523162842,B
02RH066,2022-02-27,1.5199999809265137,B
02RH066,2022-03-27,1.4500000476837158,B
02RH066,2022-04-27,23.5,B
02RH066,2022-05-27,60.70000076293945,
02RH066,2022-06-27,9.06999969482422,
02RH066,2022-07-27,8.130000114440918,
02RH066,2022-08-27,4.139999866485596,
02RH066,2022-09-27,4.75,
02RH066,2022-10-27,3.990000009536743,
02RH066,2022-11-27,3.2699999809265137,B
02RH066,2022-12-27,2.5,B
02RH066,2023-01-27,2.490000009536743,B
02RH066,2023-02-27,2.049999952316284,B
02RH066,2023-03-27,1.2799999713897705,B
02RH066,2023-04-27,23.799999237060547,
02RH066,2023-05-27,9.239999771118164,
02RH066,2023-06-27,2.609999895095825,
02RH066,2023-07-27,5.460000038146973,
02RH066,2023-08-27,6.980000019073486,
02RH066,2023-09-27,3.809999942779541,
02RH066,2023-10-27,8.619999885559082,
02RH066,2023-11-27,3.5999999046325684,B
02RH066,2023-12-27,4.039999961853027,B
02RH066,2024-01-27,2.0,B
02RH066,2024-02-27,1.6100000143051147,B
02RH066,2024-03-27,1.7799999713897705,B
02RH066,2024-04-27,7.820000171661377,
02RH066,2024-05-27,5.75,
02RH066,2024-06-27,5.570000171661377,
02RH066,2024-07-27,2.559999942779541,
02RH066,2024-08-27,2.4200000762939453,
02RH066,2024-09-27,5.369999885559082,
02RH066,1996-11-28,,
02RH066,1997-02-28,1.4199999570846558,
02RH066,1997-03-28,1.2799999713897705,
02RH066,1997-04-28,14.100000381469728,
02RH066,1997-05-28,42.59999847412109,
02RH066,1997-06-28,9.0,
02RH066,1997-07-28,3.1600000858306885,
02RH066,1997-08-28,3.390000104904175,
02RH066,1997-09-28,9.350000381469728,
02RH066,1997-10-28,3.7699999809265137,
02RH066,1997-11-28,2.9200000762939453,
02RH066,1997-12-28,1.9700000286102293,
02RH066,1998-01-28,1.4199999570846558,
02RH066,1998-02-28,1.4900000095367432,
02RH066,1998-03-28,2.390000104904175,
02RH066,1998-04-28,11.5,
02RH066,1998-05-28,5.570000171661377,
02RH066,1998-06-28,3.259999990463257,
02RH066,1998-07-28,4.679999828338623,
02RH066,1998-08-28,8.359999656677246,
02RH066,1998-09-28,12.399999618530272,
02RH066,1998-10-28,8.819999694824219,
02RH066,1998-11-28,5.360000133514404,
02RH066,1998-12-28,4.849999904632568,
02RH066,1999-01-28,3.3399999141693115,
02RH066,1999-02-28,2.039999961853028,
02RH066,1999-03-28,2.299999952316284,
02RH066,1999-04-28,7.130000114440918,
02RH066,1999-05-28,9.5,
02RH066,1999-06-28,3.5,
02RH066,1999-07-28,3.1600000858306885,
02RH066,1999-08-28,1.6100000143051147,
02RH066,1999-09-28,4.260000228881836,
02RH066,1999-10-28,8.0,
02RH066,1999-11-28,20.399999618530277,
02RH066,1999-12-28,5.78000020980835,
02RH066,2000-01-28,2.0899999141693115,
02RH066,2000-02-28,2.4100000858306885,
02RH066,2000-03-28,6.78000020980835,
02RH066,2000-04-28,7.119999885559082,
02RH066,2000-05-28,38.20000076293945,
02RH066,2000-06-28,5.630000114440918,
02RH066,2000-07-28,3.869999885559082,
02RH066,2000-08-28,6.889999866485596,
02RH066,2000-09-28,5.239999771118164,
02RH066,2000-10-28,8.960000038146973,
02RH066,2000-11-28,5.309999942779541,
02RH066,2000-12-28,4.0,
02RH066,2001-01-28,1.5099999904632568,
02RH066,2001-02-28,1.5199999809265137,
02RH066,2001-03-28,1.600000023841858,
02RH066,2001-04-28,21.299999237060547,
02RH066,2001-05-28,5.75,
02RH066,2001-06-28,2.789999961853028,
02RH066,2001-07-28,9.40999984741211,
02RH066,2001-08-28,5.210000038146973,
02RH066,2001-09-28,4.940000057220459,
02RH066,2001-10-28,9.609999656677246,
02RH066,2001-11-28,7.139999866485596,
02RH066,2001-12-28,4.010000228881836,
02RH066,2002-01-28,2.059999942779541,E
02RH066,2002-02-28,2.190000057220459,
02RH066,2002-03-28,1.899999976158142,E
02RH066,2002-04-28,9.279999732971191,
02RH066,2002-05-28,13.5,
02RH066,2002-06-28,5.579999923706055,
02RH066,2002-07-28,5.03000020980835,
02RH066,2002-08-28,1.8600000143051147,
02RH066,2002-09-28,3.200000047683716,
02RH066,2002-10-28,2.630000114440918,
02RH066,2002-11-28,3.0,
02RH066,2002-12-28,2.069999933242798,E
02RH066,2003-01-28,1.0199999809265137,E
02RH066,2003-02-28,0.6549999713897705,
02RH066,2003-03-28,1.3300000429153442,E
02RH066,2003-04-28,16.299999237060547,
02RH066,2003-05-28,9.119999885559082,
02RH066,2003-06-28,2.9600000381469727,
02RH066,2003-07-28,9.989999771118164,
02RH066,2003-08-28,5.070000171661377,
02RH066,2003-09-28,2.630000114440918,
02RH066,2003-10-28,14.5,
02RH066,2003-11-28,6.96999979019165,
02RH066,2003-12-28,4.340000152587891,E
02RH066,2004-01-28,1.940000057220459,E
02RH066,2004-02-28,1.350000023841858,E
02RH066,2004-03-28,17.5,
02RH066,2004-04-28,14.100000381469728,
02RH066,2004-05-28,23.299999237060547,
02RH066,2004-06-28,15.600000381469728,
02RH066,2004-07-28,4.869999885559082,
02RH066,2004-08-28,3.569999933242798,
02RH066,2004-09-28,3.670000076293945,
02RH066,2004-10-28,3.390000104904175,
02RH066,2004-11-28,6.71999979019165,
02RH066,2004-12-28,7.389999866485596,
02RH066,2005-01-28,2.039999961853028,E
02RH066,2005-02-28,1.5199999809265137,
02RH066,2005-03-28,1.5099999904632568,E
02RH066,2005-04-28,24.600000381469727,
02RH066,2005-05-28,17.299999237060547,
02RH066,2005-06-28,5.010000228881836,
02RH066,2005-07-28,2.240000009536743,
02RH066,2005-08-28,1.7000000476837158,
02RH066,2005-09-28,24.0,
02RH066,2005-10-28,11.100000381469728,
02RH066,2005-11-28,19.399999618530277,
02RH066,2005-12-28,3.180000066757202,
02RH066,2006-01-28,2.5999999046325684,E
02RH066,2006-02-28,1.8200000524520876,
02RH066,2006-03-28,3.609999895095825,E
02RH066,2006-04-28,15.100000381469728,
02RH066,2006-05-28,15.899999618530272,
02RH066,2006-06-28,6.320000171661377,
02RH066,2006-07-28,13.300000190734863,
02RH066,2006-08-28,2.680000066757202,
02RH066,2006-09-28,12.899999618530272,
02RH066,2006-10-28,10.0,
02RH066,2006-11-28,6.599999904632568,
02RH066,2006-12-28,4.199999809265137,E
02RH066,2007-01-28,2.539999961853028,E
02RH066,2007-02-28,1.8799999952316284,
02RH066,2007-03-28,2.039999961853028,E
02RH066,2007-04-28,20.799999237060547,
02RH066,2007-05-28,15.5,
02RH066,2007-06-28,11.100000381469728,
02RH066,2007-07-28,3.009999990463257,
02RH066,2007-08-28,9.5600004196167,
02RH066,2007-09-28,6.570000171661377,
02RH066,2007-10-28,20.0,
02RH066,2007-11-28,3.0799999237060547,
02RH066,2007-12-28,2.880000114440918,
02RH066,2008-01-28,3.4800000190734863,
02RH066,2008-02-28,2.470000028610229,
02RH066,2008-03-28,1.7200000286102295,
02RH066,2008-04-28,45.5,
02RH066,2008-05-28,19.600000381469727,
02RH066,2008-06-28,16.600000381469727,
02RH066,2008-07-28,4.679999828338623,
02RH066,2008-08-28,3.650000095367432,
02RH066,2008-09-28,5.420000076293945,
02RH066,2008-10-28,11.0,
02RH066,2008-11-28,5.920000076293945,
02RH066,2008-12-28,4.769999980926514,
02RH066,2009-01-28,2.4600000381469727,
02RH066,2009-02-28,4.559999942779541,
02RH066,2009-03-28,2.1600000858306885,
02RH066,2009-04-28,41.20000076293945,
02RH066,2009-05-28,7.699999809265137,
02RH066,2009-06-28,12.0,
02RH066,2009-07-28,6.260000228881836,
02RH066,2009-08-28,2.799999952316284,
02RH066,2009-09-28,5.619999885559082,
02RH066,2009-10-28,5.179999828338623,
02RH066,2009-11-28,6.420000076293945,
02RH066,2009-12-28,2.0999999046325684,
02RH066,2010-01-28,4.25,
02RH066,2010-02-28,1.659999966621399,
02RH066,2010-03-28,1.6100000143051147,
02RH066,2010-04-28,13.300000190734863,
02RH066,2010-05-28,14.100000381469728,
02RH066,2010-06-28,3.259999990463257,
02RH066,2010-07-28,5.070000171661377,
02RH066,2010-08-28,2.390000104904175,
02RH066,2010-09-28,23.700000762939453,
02RH066,2010-10-28,21.299999237060547,
02RH066,2010-11-28,5.900000095367432,
02RH066,2010-12-28,4.150000095367432,
02RH066,2011-01-28,2.8299999237060547,
02RH066,2011-02-28,2.309999942779541,
02RH066,2011-03-28,1.649999976158142,
02RH066,2011-04-28,17.600000381469727,
02RH066,2011-05-28,31.299999237060547,
02RH066,2011-06-28,4.840000152587891,
02RH066,2011-07-28,5.050000190734863,
02RH066,2011-08-28,7.440000057220459,
02RH066,2011-09-28,3.9700000286102295,
02RH066,2011-10-28,5.25,
02RH066,2011-11-28,5.090000152587891,
02RH066,2011-12-28,2.869999885559082,
02RH066,2012-01-28,2.0899999141693115,B
02RH066,2012-02-28,1.840000033378601,B
02RH066,2012-03-28,7.690000057220459,B
02RH066,2012-04-28,13.5,
02RH066,2012-05-28,9.93000030517578,
02RH066,2012-06-28,14.5,
02RH066,2012-07-28,3.5199999809265137,
02RH066,2012-08-28,2.3399999141693115,
02RH066,2012-09-28,2.990000009536743,
02RH066,2012-10-28,4.769999980926514,
02RH066,2012-11-28,2.8299999237060547,B
02RH066,2012-12-28,2.200000047683716,B
02RH066,2013-01-28,1.909999966621399,B
02RH066,2013-02-28,1.8799999952316284,B
02RH066,2013-03-28,1.7100000381469729,B
02RH066,2013-04-28,17.200000762939453,
02RH066,2013-05-28,26.0,
02RH066,2013-06-28,8.3100004196167,
02RH066,2013-07-28,2.5299999713897705,
02RH066,2013-08-28,2.900000095367432,
02RH066,2013-09-28,4.099999904632568,
02RH066,2013-10-28,4.159999847412109,
02RH066,2013-11-28,3.2799999713897705,B
02RH066,2013-12-28,1.9600000381469729,B
02RH066,2014-01-28,1.7899999618530271,B
02RH066,2014-02-28,1.3700000047683716,B
02RH066,2014-03-28,1.2000000476837158,B
02RH066,2014-04-28,9.9399995803833,B
02RH066,2014-05-28,12.300000190734863,
02RH066,2014-06-28,3.400000095367432,
02RH066,2014-07-28,3.539999961853028,
02RH066,2014-08-28,2.0799999237060547,
02RH066,2014-09-28,4.079999923706055,
02RH066,2014-10-28,10.5,
02RH066,2014-11-28,6.199999809265137,B
02RH066,2014-12-28,2.9200000762939453,B
02RH066,2015-01-28,1.649999976158142,B
02RH066,2015-02-28,1.25,B
02RH066,2015-03-28,1.0700000524520874,B
02RH066,2015-04-28,15.800000190734863,
02RH066,2015-05-28,23.5,
02RH066,2015-06-28,3.900000095367432,
02RH066,2015-07-28,10.199999809265137,
02RH066,2015-08-28,5.230000019073486,
02RH066,2015-09-28,1.899999976158142,
02RH066,2015-10-28,4.900000095367432,
02RH066,2015-11-28,18.5,
02RH066,2015-12-28,5.150000095367432,B
02RH066,2016-01-28,1.9900000095367432,B
02RH066,2016-02-28,2.2699999809265137,B
02RH066,2016-03-28,3.0799999237060547,B
02RH066,2016-04-28,8.5600004196167,B
02RH066,2016-05-28,28.399999618530277,
02RH066,2016-06-28,12.899999618530272,
02RH066,2016-07-28,15.600000381469728,
02RH066,2016-08-28,3.4100000858306885,
02RH066,2016-09-28,3.759999990463257,
02RH066,2016-10-28,7.860000133514404,
02RH066,2016-11-28,6.760000228881836,
02RH066,2016-12-28,3.200000047683716,B
02RH066,2017-01-28,2.2699999809265137,B
02RH066,2017-02-28,4.309999942779541,B
02RH066,2017-03-28,1.600000023841858,B
02RH066,2017-04-28,55.5,
02RH066,2017-05-28,14.199999809265137,
02RH066,2017-06-28,4.53000020980835,
02RH066,2017-07-28,2.869999885559082,
02RH066,2017-08-28,2.950000047683716,
02RH066,2017-09-28,5.28000020980835,
02RH066,2017-10-28,22.5,
02RH066,2017-11-28,3.910000085830689,B
02RH066,2017-12-28,2.1700000762939453,B
02RH066,2018-01-28,2.759999990463257,B
02RH066,2018-02-28,3.3499999046325684,B
02RH066,2018-03-28,2.009999990463257,B
02RH066,2018-04-28,28.299999237060547,B
02RH066,2018-05-28,24.899999618530277,
02RH066,2018-06-28,3.950000047683716,
02RH066,2018-07-28,3.9800000190734863,
02RH066,2018-08-28,1.7300000190734863,
02RH066,2018-09-28,5.690000057220459,
02RH066,2018-10-28,6.800000190734863,
02RH066,2018-11-28,4.050000190734863,B
02RH066,2018-12-28,5.440000057220459,B
02RH066,2019-01-28,1.8799999952316284,B
02RH066,2019-02-28,1.5800000429153442,B
02RH066,2019-03-28,2.640000104904175,B
02RH066,2019-04-28,27.0,B
02RH066,2019-05-28,28.799999237060547,
02RH066,2019-06-28,17.799999237060547,
02RH066,2019-07-28,2.400000095367432,
02RH066,2019-08-28,1.870000004768372,
02RH066,2019-09-28,13.0,
02RH066,2019-10-28,6.070000171661377,
02RH066,2019-11-28,3.390000104904175,B
02RH066,2019-12-28,1.9700000286102293,B
02RH066,2020-01-28,1.5700000524520874,B
02RH066,2020-02-28,1.4299999475479126,B
02RH066,2020-03-28,3.049999952316284,B
02RH066,2020-04-28,5.159999847412109,B
02RH066,2020-05-28,69.69999694824219,
02RH066,2020-06-28,5.420000076293945,
02RH066,2020-07-28,4.579999923706055,
02RH066,2020-08-28,4.739999771118164,
02RH066,2020-09-28,3.940000057220459,
02RH066,2020-10-28,9.949999809265137,
02RH066,2020-11-28,4.28000020980835,B
02RH066,2020-12-28,10.399999618530272,B
02RH066,2021-01-28,2.259999990463257,B
02RH066,2021-02-28,2.0999999046325684,B
02RH066,2021-03-28,9.039999961853027,B
02RH066,2021-04-28,10.5,
02RH066,2021-05-28,15.699999809265137,
02RH066,2021-06-28,38.400001525878906,
02RH066,2021-07-28,5.739999771118164,
02RH066,2021-08-28,1.7000000476837158,
02RH066,2021-09-28,3.369999885559082,
02RH066,2021-10-28,4.210000038146973,
02RH066,2021-11-28,3.049999952316284,B
02RH066,2021-12-28,2.450000047683716,B
02RH066,2022-01-28,1.7899999618530271,B
02RH066,2022-02-28,1.5099999904632568,B
02RH066,2022-03-28,1.4500000476837158,B
02RH066,2022-04-28,19.200000762939453,B
02RH066,2022-05-28,103.0,
02RH066,2022-06-28,9.239999771118164,
02RH066,2022-07-28,6.239999771118164,
02RH066,2022-08-28,3.559999942779541,
02RH066,2022-09-28,6.300000190734863,
02RH066,2022-10-28,4.460000038146973,
02RH066,2022-11-28,3.2100000381469727,B
02RH066,2022-12-28,2.4800000190734863,B
02RH066,2023-01-28,2.450000047683716,B
02RH066,2023-02-28,1.9900000095367432,B
02RH066,2023-03-28,1.2699999809265137,B
02RH066,2023-04-28,20.299999237060547,
02RH066,2023-05-28,8.210000038146973,
02RH066,2023-06-28,4.619999885559082,
02RH066,2023-07-28,6.190000057220459,
02RH066,2023-08-28,6.0,
02RH066,2023-09-28,3.619999885559082,
02RH066,2023-10-28,15.199999809265137,
02RH066,2023-11-28,3.470000028610229,B
02RH066,2023-12-28,3.849999904632568,B
02RH066,2024-01-28,1.9900000095367432,B
02RH066,2024-02-28,2.0299999713897705,B
02RH066,2024-03-28,3.75,B
02RH066,2024-04-28,9.479999542236328,
02RH066,2024-05-28,5.579999923706055,
02RH066,2024-06-28,11.899999618530272,
02RH066,2024-07-28,2.2799999713897705,
02RH066,2024-08-28,3.4100000858306885,
02RH066,2024-09-28,5.639999866485596,
02RH066,1996-11-29,,
02RH066,1997-03-29,1.7999999523162842,
02RH066,1997-04-29,13.5,
02RH066,1997-05-29,45.400001525878906,
02RH066,1997-06-29,7.389999866485596,
02RH066,1997-07-29,3.759999990463257,
02RH066,1997-08-29,4.119999885559082,
02RH066,1997-09-29,7.619999885559082,
02RH066,1997-10-29,3.7200000286102295,
02RH066,1997-11-29,2.880000114440918,
02RH066,1997-12-29,1.950000047683716,
02RH066,1998-01-29,1.409999966621399,
02RH066,1998-03-29,3.509999990463257,
02RH066,1998-04-29,11.300000190734863,
02RH066,1998-05-29,5.159999847412109,
02RH066,1998-06-29,3.049999952316284,
02RH066,1998-07-29,4.900000095367432,
02RH066,1998-08-29,6.429999828338623,
02RH066,1998-09-29,13.199999809265137,
02RH066,1998-10-29,17.700000762939453,
02RH066,1998-11-29,5.679999828338623,
02RH066,1998-12-29,4.659999847412109,
02RH066,1999-01-29,3.2100000381469727,
02RH066,1999-03-29,3.400000095367432,
02RH066,1999-04-29,9.550000190734863,
02RH066,1999-05-29,7.949999809265137,
02RH066,1999-06-29,3.2699999809265137,
02RH066,1999-07-29,2.9200000762939453,
02RH066,1999-08-29,1.4700000286102295,
02RH066,1999-09-29,3.829999923706055,
02RH066,1999-10-29,7.460000038146973,
02RH066,1999-11-29,15.300000190734863,
02RH066,1999-12-29,5.389999866485596,
02RH066,2000-01-29,2.039999961853028,
02RH066,2000-02-29,4.210000038146973,
02RH066,2000-03-29,7.78000020980835,
02RH066,2000-04-29,9.970000267028809,
02RH066,2000-05-29,27.700000762939453,
02RH066,2000-06-29,5.099999904632568,
02RH066,2000-07-29,3.910000085830689,
02RH066,2000-08-29,5.710000038146973,
02RH066,2000-09-29,4.96999979019165,
02RH066,2000-10-29,8.399999618530273,
02RH066,2000-11-29,5.170000076293945,
02RH066,2000-12-29,3.809999942779541,
02RH066,2001-01-29,1.4900000095367432,
02RH066,2001-03-29,1.5700000524520874,
02RH066,2001-04-29,16.399999618530273,
02RH066,2001-05-29,21.700000762939453,
02RH066,2001-06-29,2.630000114440918,
02RH066,2001-07-29,7.630000114440918,
02RH066,2001-08-29,4.559999942779541,
02RH066,2001-09-29,3.910000085830689,
02RH066,2001-10-29,7.739999771118164,
02RH066,2001-11-29,7.46999979019165,
02RH066,2001-12-29,3.829999923706055,
02RH066,2002-01-29,2.039999961853028,E
02RH066,2002-03-29,1.8799999952316284,E
02RH066,2002-04-29,8.279999732971191,
02RH066,2002-05-29,13.699999809265137,
02RH066,2002-06-29,4.829999923706055,
02RH066,2002-07-29,4.809999942779541,
02RH066,2002-08-29,1.7999999523162842,
02RH066,2002-09-29,2.9600000381469727,
02RH066,2002-10-29,2.380000114440918,
02RH066,2002-11-29,2.9100000858306885,
02RH066,2002-12-29,2.009999990463257,E
02RH066,2003-01-29,0.9980000257492064,E
02RH066,2003-03-29,1.7200000286102295,E
02RH066,2003-04-29,19.0,
02RH066,2003-05-29,8.5,
02RH066,2003-06-29,3.119999885559082,
02RH066,2003-07-29,10.300000190734863,
02RH066,2003-08-29,4.630000114440918,
02RH066,2003-09-29,3.990000009536743,
02RH066,2003-10-29,14.199999809265137,
02RH066,2003-11-29,7.179999828338623,
02RH066,2003-12-29,4.230000019073486,E
02RH066,2004-01-29,1.899999976158142,E
02RH066,2004-02-29,1.3300000429153442,E
02RH066,2004-03-29,14.899999618530272,
02RH066,2004-04-29,14.0,
02RH066,2004-05-29,40.59999847412109,
02RH066,2004-06-29,14.300000190734863,
02RH066,2004-07-29,4.53000020980835,
02RH066,2004-08-29,4.0,
02RH066,2004-09-29,3.799999952316284,
02RH066,2004-10-29,3.2300000190734863,
02RH066,2004-11-29,5.050000190734863,
02RH066,2004-12-29,6.75,
02RH066,2005-01-29,2.0,E
02RH066,2005-03-29,1.6699999570846558,E
02RH066,2005-04-29,19.200000762939453,
02RH066,2005-05-29,16.200000762939453,
02RH066,2005-06-29,4.5,
02RH066,2005-07-29,2.0799999237060547,
02RH066,2005-08-29,1.6100000143051147,
02RH066,2005-09-29,15.300000190734863,
02RH066,2005-10-29,10.199999809265137,
02RH066,2005-11-29,15.600000381469728,
02RH066,2005-12-29,3.119999885559082,
02RH066,2006-01-29,2.549999952316284,E
02RH066,2006-03-29,3.7100000381469727,E
02RH066,2006-04-29,13.100000381469728,
02RH066,2006-05-29,13.600000381469728,
02RH066,2006-06-29,6.659999847412109,
02RH066,2006-07-29,10.199999809265137,
02RH066,2006-08-29,2.819999933242798,
02RH066,2006-09-29,10.699999809265137,
02RH066,2006-10-29,12.600000381469728,
02RH066,2006-11-29,6.25,
02RH066,2006-12-29,4.110000133514404,E
02RH066,2007-01-29,2.509999990463257,E
02RH066,2007-03-29,1.899999976158142,E
02RH066,2007-04-29,19.299999237060547,
02RH066,2007-05-29,17.899999618530273,
02RH066,2007-06-29,10.100000381469728,
02RH066,2007-07-29,3.5899999141693115,
02RH066,2007-08-29,6.869999885559082,
02RH066,2007-09-29,9.729999542236328,
02RH066,2007-10-29,17.799999237060547,
02RH066,2007-11-29,3.0299999713897705,
02RH066,2007-12-29,2.7100000381469727,
02RH066,2008-01-29,3.400000095367432,
02RH066,2008-02-29,2.4200000762939453,
02RH066,2008-03-29,1.7100000381469729,
02RH066,2008-04-29,56.20000076293945,
02RH066,2008-05-29,19.899999618530277,
02RH066,2008-06-29,15.0,
02RH066,2008-07-29,4.929999828338623,
02RH066,2008-08-29,3.4800000190734863,
02RH066,2008-09-29,6.480000019073486,
02RH066,2008-10-29,15.199999809265137,
02RH066,2008-11-29,5.690000057220459,
02RH066,2008-12-29,6.300000190734863,
02RH066,2009-01-29,2.440000057220459,
02RH066,2009-03-29,2.25,
02RH066,2009-04-29,36.70000076293945,
02RH066,2009-05-29,10.0,
02RH066,2009-06-29,10.300000190734863,
02RH066,2009-07-29,5.130000114440918,
02RH066,2009-08-29,2.720000028610229,
02RH066,2009-09-29,7.880000114440918,
02RH066,2009-10-29,4.760000228881836,
02RH066,2009-11-29,5.920000076293945,
02RH066,2009-12-29,2.069999933242798,
02RH066,2010-01-29,3.859999895095825,
02RH066,2010-03-29,1.6200000047683716,
02RH066,2010-04-29,12.100000381469728,
02RH066,2010-05-29,10.800000190734863,
02RH066,2010-06-29,3.630000114440918,
02RH066,2010-07-29,4.53000020980835,
02RH066,2010-08-29,2.2100000381469727,
02RH066,2010-09-29,45.59999847412109,
02RH066,2010-10-29,17.0,
02RH066,2010-11-29,5.730000019073486,
02RH066,2010-12-29,4.099999904632568,
02RH066,2011-01-29,2.789999961853028,
02RH066,2011-03-29,1.649999976158142,
02RH066,2011-04-29,31.700000762939453,
02RH066,2011-05-29,31.899999618530277,
02RH066,2011-06-29,5.099999904632568,
02RH066,2011-07-29,4.400000095367432,
02RH066,2011-08-29,61.400001525878906,
02RH066,2011-09-29,3.869999885559082,
02RH066,2011-10-29,4.829999923706055,
02RH066,2011-11-29,7.0,
02RH066,2011-12-29,2.819999933242798,
02RH066,2012-01-29,2.0799999237060547,B
02RH066,2012-02-29,1.840000033378601,B
02RH066,2012-03-29,6.579999923706055,B
02RH066,2012-04-29,11.399999618530272,
02RH066,2012-05-29,9.399999618530272,
02RH066,2012-06-29,10.0,
02RH066,2012-07-29,3.069999933242798,
02RH066,2012-08-29,2.640000104904175,
02RH066,2012-09-29,2.880000114440918,
02RH066,2012-10-29,4.559999942779541,
02RH066,2012-11-29,2.7699999809265137,B
02RH066,2012-12-29,2.180000066757202,B
02RH066,2013-01-29,1.8799999952316284,B
02RH066,2013-03-29,1.7799999713897705,B
02RH066,2013-04-29,19.399999618530277,
02RH066,2013-05-29,22.700000762939453,
02RH066,2013-06-29,18.5,
02RH066,2013-07-29,2.359999895095825,
02RH066,2013-08-29,3.289999961853028,
02RH066,2013-09-29,3.640000104904175,
02RH066,2013-10-29,3.839999914169312,
02RH066,2013-11-29,3.130000114440918,B
02RH066,2013-12-29,1.940000057220459,B
02RH066,2014-01-29,1.7699999809265137,B
02RH066,2014-03-29,1.190000057220459,B
02RH066,2014-04-29,9.779999732971191,B
02RH066,2014-05-29,9.68000030517578,
02RH066,2014-06-29,3.0199999809265137,
02RH066,2014-07-29,12.300000190734863,
02RH066,2014-08-29,2.490000009536743,
02RH066,2014-09-29,4.050000190734863,
02RH066,2014-10-29,9.479999542236328,
02RH066,2014-11-29,5.329999923706055,B
02RH066,2014-12-29,2.8299999237060547,B
02RH066,2015-01-29,1.6299999952316284,B
02RH066,2015-03-29,1.059999942779541,B
02RH066,2015-04-29,19.200000762939453,
02RH066,2015-05-29,24.200000762939453,
02RH066,2015-06-29,4.860000133514404,
02RH066,2015-07-29,7.360000133514404,
02RH066,2015-08-29,4.449999809265137,
02RH066,2015-09-29,2.5999999046325684,
02RH066,2015-10-29,6.119999885559082,
02RH066,2015-11-29,14.800000190734863,B
02RH066,2015-12-29,4.670000076293945,B
02RH066,2016-01-29,1.950000047683716,B
02RH066,2016-02-29,2.220000028610229,B
02RH066,2016-03-29,3.2699999809265137,B
02RH066,2016-04-29,7.449999809265137,B
02RH066,2016-05-29,25.799999237060547,
02RH066,2016-06-29,14.399999618530272,
02RH066,2016-07-29,12.0,
02RH066,2016-08-29,3.609999895095825,
02RH066,2016-09-29,3.509999990463257,
02RH066,2016-10-29,7.360000133514404,
02RH066,2016-11-29,6.210000038146973,
02RH066,2016-12-29,3.150000095367432,B
02RH066,2017-01-29,2.240000009536743,B
02RH066,2017-03-29,1.5800000429153442,B
02RH066,2017-04-29,71.4000015258789,
02RH066,2017-05-29,12.800000190734863,
02RH066,2017-06-29,4.53000020980835,
02RH066,2017-07-29,2.9200000762939453,
02RH066,2017-08-29,2.5799999237060547,
02RH066,2017-09-29,5.710000038146973,
02RH066,2017-10-29,14.600000381469728,
02RH066,2017-11-29,4.789999961853027,B
02RH066,2017-12-29,2.140000104904175,B
02RH066,2018-01-29,2.6700000762939453,B
02RH066,2018-03-29,1.9900000095367432,B
02RH066,2018-04-29,30.200000762939453,B
02RH066,2018-05-29,29.600000381469727,
02RH066,2018-06-29,3.75,
02RH066,2018-07-29,3.200000047683716,
02RH066,2018-08-29,1.75,
02RH066,2018-09-29,5.010000228881836,
02RH066,2018-10-29,5.610000133514404,
02RH066,2018-11-29,3.920000076293945,B
02RH066,2018-12-29,5.050000190734863,B
02RH066,2019-01-29,1.870000004768372,B
02RH066,2019-03-29,2.5299999713897705,B
02RH066,2019-04-29,20.600000381469727,
02RH066,2019-05-29,22.600000381469727,
02RH066,2019-06-29,15.800000190734863,
02RH066,2019-07-29,2.7799999713897705,
02RH066,2019-08-29,2.140000104904175,
02RH066,2019-09-29,14.899999618530272,
02RH066,2019-10-29,6.179999828338623,
02RH066,2019-11-29,3.2300000190734863,B
02RH066,2019-12-29,1.950000047683716,B
02RH066,2020-01-29,1.5700000524520874,B
02RH066,2020-02-29,1.4299999475479126,B
02RH066,2020-03-29,2.930000066757202,B
02RH066,2020-04-29,7.210000038146973,B
02RH066,2020-05-29,65.5999984741211,
02RH066,2020-06-29,10.399999618530272,
02RH066,2020-07-29,4.409999847412109,
02RH066,2020-08-29,3.7699999809265137,
02RH066,2020-09-29,3.7799999713897705,
02RH066,2020-10-29,9.15999984741211,
02RH066,2020-11-29,4.119999885559082,B
02RH066,2020-12-29,7.800000190734863,B
02RH066,2021-01-29,2.240000009536743,B
02RH066,2021-03-29,9.949999809265137,B
02RH066,2021-04-29,10.399999618530272,
02RH066,2021-05-29,11.399999618530272,
02RH066,2021-06-29,25.899999618530277,
02RH066,2021-07-29,4.150000095367432,
02RH066,2021-08-29,1.600000023841858,
02RH066,2021-09-29,3.180000066757202,
02RH066,2021-10-29,3.890000104904175,
02RH066,2021-11-29,2.990000009536743,B
02RH066,2021-12-29,2.4200000762939453,B
02RH066,2022-01-29,1.7699999809265137,B
02RH066,2022-03-29,1.440000057220459,B
02RH066,2022-04-29,15.5,B
02RH066,2022-05-29,66.69999694824219,
02RH066,2022-06-29,8.449999809265137,
02RH066,2022-07-29,5.320000171661377,
02RH066,2022-08-29,3.059999942779541,
02RH066,2022-09-29,7.159999847412109,
02RH066,2022-10-29,4.110000133514404,
02RH066,2022-11-29,3.150000095367432,B
02RH066,2022-12-29,2.4600000381469727,B
02RH066,2023-01-29,2.4200000762939453,B
02RH066,2023-03-29,1.2599999904632568,B
02RH066,2023-04-29,22.0,
02RH066,2023-05-29,7.460000038146973,
02RH066,2023-06-29,6.920000076293945,
02RH066,2023-07-29,6.480000019073486,
02RH066,2023-08-29,5.28000020980835,
02RH066,2023-09-29,3.440000057220459,
02RH066,2023-10-29,15.5,
02RH066,2023-11-29,3.359999895095825,B
02RH066,2023-12-29,3.660000085830689,B
02RH066,2024-01-29,1.9700000286102293,B
02RH066,2024-02-29,2.819999933242798,B
02RH066,2024-03-29,3.7300000190734863,B
02RH066,2024-04-29,14.300000190734863,
02RH066,2024-05-29,7.079999923706055,
02RH066,2024-06-29,8.529999732971191,
02RH066,2024-07-29,1.9900000095367432,
02RH066,2024-08-29,3.9800000190734863,
02RH066,2024-09-29,4.409999847412109,
02RH066,1996-11-30,,
02RH066,1997-03-30,3.190000057220459,
02RH066,1997-04-30,15.600000381469728,
02RH066,1997-05-30,48.5,
02RH066,1997-06-30,7.489999771118164,
02RH066,1997-07-30,3.7100000381469727,
02RH066,1997-08-30,5.320000171661377,
02RH066,1997-09-30,8.75,
02RH066,1997-10-30,3.569999933242798,
02RH066,1997-11-30,2.8499999046325684,
02RH066,1997-12-30,1.9299999475479128,
02RH066,1998-01-30,1.399999976158142,
02RH066,1998-03-30,5.590000152587891,
02RH066,1998-04-30,13.100000381469728,
02RH066,1998-05-30,5.050000190734863,
02RH066,1998-06-30,4.400000095367432,
02RH066,1998-07-30,6.099999904632568,
02RH066,1998-08-30,7.179999828338623,
02RH066,1998-09-30,12.100000381469728,
02RH066,1998-10-30,15.300000190734863,
02RH066,1998-11-30,6.289999961853027,
02RH066,1998-12-30,4.440000057220459,
02RH066,1999-01-30,3.059999942779541,
02RH066,1999-03-30,7.010000228881836,
02RH066,1999-04-30,12.399999618530272,
02RH066,1999-05-30,6.820000171661377,
02RH066,1999-06-30,3.049999952316284,
02RH066,1999-07-30,2.759999990463257,
02RH066,1999-08-30,1.5099999904632568,
02RH066,1999-09-30,3.569999933242798,
02RH066,1999-10-30,5.570000171661377,
02RH066,1999-11-30,12.0,
02RH066,1999-12-30,5.079999923706055,
02RH066,2000-01-30,1.9900000095367432,
02RH066,2000-03-30,8.819999694824219,
02RH066,2000-04-30,9.199999809265137,
02RH066,2000-05-30,21.299999237060547,
02RH066,2000-06-30,5.670000076293945,
02RH066,2000-07-30,3.75,
02RH066,2000-08-30,5.199999809265137,
02RH066,2000-09-30,4.519999980926514,
02RH066,2000-10-30,7.739999771118164,
02RH066,2000-11-30,4.980000019073486,
02RH066,2000-12-30,3.619999885559082,
02RH066,2001-01-30,1.4800000190734863,
02RH066,2001-03-30,1.5499999523162842,
02RH066,2001-04-30,15.399999618530272,
02RH066,2001-05-30,32.0,
02RH066,2001-06-30,2.8299999237060547,
02RH066,2001-07-30,6.289999961853027,
02RH066,2001-08-30,3.869999885559082,
02RH066,2001-09-30,3.289999961853028,
02RH066,2001-10-30,6.679999828338623,
02RH066,2001-11-30,9.270000457763672,
02RH066,2001-12-30,3.670000076293945,
02RH066,2002-01-30,2.0199999809265137,E
02RH066,2002-03-30,2.140000104904175,E
02RH066,2002-04-30,7.550000190734863,
02RH066,2002-05-30,16.399999618530273,
02RH066,2002-06-30,4.21999979019165,
02RH066,2002-07-30,4.78000020980835,
02RH066,2002-08-30,1.690000057220459,
02RH066,2002-09-30,2.8299999237060547,
02RH066,2002-10-30,2.720000028610229,
02RH066,2002-11-30,2.8299999237060547,
02RH066,2002-12-30,1.950000047683716,E
02RH066,2003-01-30,0.9810000061988832,E
02RH066,2003-03-30,2.289999961853028,E
02RH066,2003-04-30,16.5,
02RH066,2003-05-30,8.520000457763672,
02RH066,2003-06-30,3.180000066757202,
02RH066,2003-07-30,8.9399995803833,
02RH066,2003-08-30,4.199999809265137,
02RH066,2003-09-30,4.78000020980835,
02RH066,2003-10-30,17.399999618530273,
02RH066,2003-11-30,6.960000038146973,
02RH066,2003-12-30,6.159999847412109,E
02RH066,2004-01-30,1.8600000143051147,E
02RH066,2004-03-30,12.899999618530272,
02RH066,2004-04-30,28.0,
02RH066,2004-05-30,25.5,
02RH066,2004-06-30,17.600000381469727,
02RH066,2004-07-30,5.389999866485596,
02RH066,2004-08-30,7.139999866485596,
02RH066,2004-09-30,3.660000085830689,
02RH066,2004-10-30,3.069999933242798,
02RH066,2004-11-30,4.269999980926514,
02RH066,2004-12-30,6.139999866485596,
02RH066,2005-01-30,1.9800000190734863,E
02RH066,2005-03-30,1.950000047683716,E
02RH066,2005-04-30,16.5,
02RH066,2005-05-30,15.899999618530272,
02RH066,2005-06-30,4.199999809265137,
02RH066,2005-07-30,2.109999895095825,
02RH066,2005-08-30,2.650000095367432,
02RH066,2005-09-30,13.0,
02RH066,2005-10-30,10.199999809265137,
02RH066,2005-11-30,34.70000076293945,
02RH066,2005-12-30,3.069999933242798,
02RH066,2006-01-30,2.509999990463257,E
02RH066,2006-03-30,3.819999933242798,E
02RH066,2006-04-30,13.300000190734863,
02RH066,2006-05-30,12.100000381469728,
02RH066,2006-06-30,8.670000076293945,
02RH066,2006-07-30,7.329999923706055,
02RH066,2006-08-30,2.7699999809265137,
02RH066,2006-09-30,19.100000381469727,
02RH066,2006-10-30,13.100000381469728,
02RH066,2006-11-30,9.06999969482422,
02RH066,2006-12-30,4.03000020980835,E
02RH066,2007-01-30,2.4800000190734863,E
02RH066,2007-03-30,1.7999999523162842,E
02RH066,2007-04-30,23.100000381469727,
02RH066,2007-05-30,16.100000381469727,
02RH066,2007-06-30,8.020000457763672,
02RH066,2007-07-30,3.5799999237060547,
02RH066,2007-08-30,7.090000152587891,
02RH066,2007-09-30,7.840000152587891,
02RH066,2007-10-30,13.100000381469728,
02RH066,2007-11-30,2.9800000190734863,
02RH066,2007-12-30,2.569999933242798,
02RH066,2008-01-30,3.319999933242798,
02RH066,2008-03-30,1.7100000381469729,
02RH066,2008-04-30,55.29999923706055,
02RH066,2008-05-30,18.799999237060547,
02RH066,2008-06-30,24.399999618530277,
02RH066,2008-07-30,5.670000076293945,
02RH066,2008-08-30,3.3399999141693115,
02RH066,2008-09-30,6.510000228881836,
02RH066,2008-10-30,14.600000381469728,
02RH066,2008-11-30,5.489999771118164,
02RH066,2008-12-30,5.610000133514404,
02RH066,2009-01-30,2.430000066757202,
02RH066,2009-03-30,2.369999885559082,
02RH066,2009-04-30,26.399999618530277,
02RH066,2009-05-30,17.700000762939453,
02RH066,2009-06-30,10.5,
02RH066,2009-07-30,4.940000057220459,
02RH066,2009-08-30,2.970000028610229,
02RH066,2009-09-30,6.059999942779541,
02RH066,2009-10-30,4.710000038146973,
02RH066,2009-11-30,5.460000038146973,
02RH066,2009-12-30,2.039999961853028,
02RH066,2010-01-30,3.509999990463257,
02RH066,2010-03-30,1.7400000095367432,
02RH066,2010-04-30,10.800000190734863,
02RH066,2010-05-30,8.829999923706055,
02RH066,2010-06-30,4.409999847412109,
02RH066,2010-07-30,4.679999828338623,
02RH066,2010-08-30,1.8899999856948853,
02RH066,2010-09-30,36.79999923706055,
02RH066,2010-10-30,14.0,
02RH066,2010-11-30,5.619999885559082,
02RH066,2010-12-30,4.059999942779541,
02RH066,2011-01-30,2.759999990463257,
02RH066,2011-03-30,1.649999976158142,
02RH066,2011-04-30,29.100000381469727,
02RH066,2011-05-30,36.59999847412109,
02RH066,2011-06-30,6.809999942779541,
02RH066,2011-07-30,5.389999866485596,
02RH066,2011-08-30,48.29999923706055,
02RH066,2011-09-30,5.190000057220459,
02RH066,2011-10-30,4.550000190734863,
02RH066,2011-11-30,12.300000190734863,
02RH066,2011-12-30,2.7699999809265137,
02RH066,2012-01-30,2.069999933242798,B
02RH066,2012-03-30,5.989999771118164,B
02RH066,2012-04-30,9.68000030517578,
02RH066,2012-05-30,12.100000381469728,
02RH066,2012-06-30,11.699999809265137,
02RH066,2012-07-30,2.759999990463257,
02RH066,2012-08-30,3.009999990463257,
02RH066,2012-09-30,2.759999990463257,
02RH066,2012-10-30,4.650000095367432,
02RH066,2012-11-30,2.7300000190734863,B
02RH066,2012-12-30,2.1600000858306885,B
02RH066,2013-01-30,2.2699999809265137,B
02RH066,2013-03-30,1.8600000143051147,B
02RH066,2013-04-30,24.200000762939453,
02RH066,2013-05-30,22.600000381469727,
02RH066,2013-06-30,19.100000381469727,
02RH066,2013-07-30,2.400000095367432,
02RH066,2013-08-30,3.3499999046325684,
02RH066,2013-09-30,3.2799999713897705,
02RH066,2013-10-30,3.549999952316284,
02RH066,2013-11-30,3.009999990463257,B
02RH066,2013-12-30,1.919999957084656,B
02RH066,2014-01-30,1.75,B
02RH066,2014-03-30,1.1699999570846558,B
02RH066,2014-04-30,12.699999809265137,
02RH066,2014-05-30,8.789999961853027,
02RH066,2014-06-30,2.7799999713897705,
02RH066,2014-07-30,13.800000190734863,
02RH066,2014-08-30,2.359999895095825,
02RH066,2014-09-30,6.590000152587891,
02RH066,2014-10-30,8.369999885559082,
02RH066,2014-11-30,4.78000020980835,B
02RH066,2014-12-30,2.75,B
02RH066,2015-01-30,1.6100000143051147,B
02RH066,2015-03-30,1.059999942779541,B
02RH066,2015-04-30,19.0,
02RH066,2015-05-30,16.600000381469727,
02RH066,2015-06-30,5.789999961853027,
02RH066,2015-07-30,6.070000171661377,
02RH066,2015-08-30,3.829999923706055,
02RH066,2015-09-30,4.110000133514404,
02RH066,2015-10-30,9.390000343322754,
02RH066,2015-11-30,11.5,B
02RH066,2015-12-30,4.329999923706055,B
02RH066,2016-01-30,1.919999957084656,B
02RH066,2016-03-30,3.609999895095825,B
02RH066,2016-04-30,6.710000038146973,B
02RH066,2016-05-30,51.09999847412109,
02RH066,2016-06-30,17.399999618530273,
02RH066,2016-07-30,9.420000076293944,
02RH066,2016-08-30,3.839999914169312,
02RH066,2016-09-30,3.240000009536743,
02RH066,2016-10-30,7.679999828338623,
02RH066,2016-11-30,6.269999980926514,
02RH066,2016-12-30,3.109999895095825,B
02RH066,2017-01-30,2.2100000381469727,B
02RH066,2017-03-30,1.559999942779541,B
02RH066,2017-04-30,53.59999847412109,
02RH066,2017-05-30,11.800000190734863,
02RH066,2017-06-30,4.230000019073486,
02RH066,2017-07-30,2.6600000858306885,
02RH066,2017-08-30,2.319999933242798,
02RH066,2017-09-30,4.590000152587891,
02RH066,2017-10-30,14.199999809265137,
02RH066,2017-11-30,4.510000228881836,B
02RH066,2017-12-30,2.0999999046325684,B
02RH066,2018-01-30,2.5899999141693115,B
02RH066,2018-03-30,2.009999990463257,B
02RH066,2018-04-30,29.600000381469727,B
02RH066,2018-05-30,24.200000762939453,
02RH066,2018-06-30,3.5899999141693115,
02RH066,2018-07-30,2.680000066757202,
02RH066,2018-08-30,1.9600000381469729,
02RH066,2018-09-30,4.860000133514404,
02RH066,2018-10-30,5.460000038146973,
02RH066,2018-11-30,3.7899999618530273,B
02RH066,2018-12-30,4.710000038146973,B
02RH066,2019-01-30,1.850000023841858,B
02RH066,2019-03-30,2.430000066757202,B
02RH066,2019-04-30,16.700000762939453,
02RH066,2019-05-30,23.600000381469727,
02RH066,2019-06-30,23.600000381469727,
02RH066,2019-07-30,2.700000047683716,
02RH066,2019-08-30,2.0999999046325684,
02RH066,2019-09-30,11.699999809265137,
02RH066,2019-10-30,6.019999980926514,
02RH066,2019-11-30,3.0899999141693115,B
02RH066,2019-12-30,1.9299999475479128,B
02RH066,2020-01-30,1.559999942779541,B
02RH066,2020-03-30,2.819999933242798,B
02RH066,2020-04-30,11.800000190734863,
02RH066,2020-05-30,63.09999847412109,
02RH066,2020-06-30,7.630000114440918,
02RH066,2020-07-30,6.21999979019165,
02RH066,2020-08-30,10.300000190734863,
02RH066,2020-09-30,11.600000381469728,
02RH066,2020-10-30,8.220000267028809,
02RH066,2020-11-30,3.9800000190734863,B
02RH066,2020-12-30,6.929999828338623,B
02RH066,2021-01-30,2.2300000190734863,B
02RH066,2021-03-30,8.710000038146973,B
02RH066,2021-04-30,10.800000190734863,
02RH066,2021-05-30,8.84000015258789,
02RH066,2021-06-30,22.299999237060547,
02RH066,2021-07-30,4.170000076293945,
02RH066,2021-08-30,1.5800000429153442,
02RH066,2021-09-30,3.140000104904175,
02RH066,2021-10-30,3.619999885559082,
02RH066,2021-11-30,2.930000066757202,B
02RH066,2021-12-30,2.390000104904175,B
02RH066,2022-01-30,1.7599999904632568,B
02RH066,2022-03-30,1.440000057220459,B
02RH066,2022-04-30,13.600000381469728,
02RH066,2022-05-30,37.400001525878906,
02RH066,2022-06-30,12.300000190734863,
02RH066,2022-07-30,5.340000152587891,
02RH066,2022-08-30,4.369999885559082,
02RH066,2022-09-30,6.869999885559082,
02RH066,2022-10-30,3.680000066757202,
02RH066,2022-11-30,3.0799999237060547,B
02RH066,2022-12-30,2.759999990463257,B
02RH066,2023-01-30,2.390000104904175,B
02RH066,2023-03-30,1.2599999904632568,B
02RH066,2023-04-30,26.600000381469727,
02RH066,2023-05-30,6.789999961853027,
02RH066,2023-06-30,9.3100004196167,
02RH066,2023-07-30,5.610000133514404,
02RH066,2023-08-30,4.960000038146973,
02RH066,2023-09-30,3.289999961853028,
02RH066,2023-10-30,11.5,
02RH066,2023-11-30,3.25,B
02RH066,2023-12-30,3.660000085830689,B
02RH066,2024-01-30,1.9600000381469729,B
02RH066,2024-03-30,3.490000009536743,B
02RH066,2024-04-30,12.600000381469728,
02RH066,2024-05-30,8.0,
02RH066,2024-06-30,7.610000133514404,
02RH066,2024-07-30,1.8200000524520876,
02RH066,2024-08-30,3.240000009536743,
02RH066,2024-09-30,3.549999952316284,
02RH066,1997-03-31,2.549999952316284,
02RH066,1997-05-31,56.29999923706055,
02RH066,1997-07-31,3.299999952316284,
02RH066,1997-08-31,6.659999847412109,
02RH066,1997-10-31,3.380000114440918,
02RH066,1997-12-31,1.909999966621399,
02RH066,1998-01-31,1.3899999856948853,
02RH066,1998-03-31,9.949999809265137,
02RH066,1998-05-31,5.190000057220459,
02RH066,1998-07-31,6.010000228881836,
02RH066,1998-08-31,7.730000019073486,
02RH066,1998-10-31,14.399999618530272,
02RH066,1998-12-31,4.260000228881836,
02RH066,1999-01-31,2.9800000190734863,
02RH066,1999-03-31,5.539999961853027,
02RH066,1999-05-31,6.079999923706055,
02RH066,1999-07-31,2.880000114440918,
02RH066,1999-08-31,1.4900000095367432,
02RH066,1999-10-31,8.25,
02RH066,1999-12-31,4.840000152587891,
02RH066,2000-01-31,1.950000047683716,
02RH066,2000-03-31,7.519999980926514,
02RH066,2000-05-31,20.0,
02RH066,2000-07-31,3.4600000381469727,
02RH066,2000-08-31,4.829999923706055,
02RH066,2000-10-31,7.190000057220459,
02RH066,2000-12-31,3.5,
02RH066,2001-01-31,1.4600000381469729,
02RH066,2001-03-31,1.5299999713897705,
02RH066,2001-05-31,21.899999618530277,
02RH066,2001-07-31,5.409999847412109,
02RH066,2001-08-31,3.380000114440918,
02RH066,2001-10-31,5.869999885559082,
02RH066,2001-12-31,3.5299999713897705,
02RH066,2002-01-31,2.009999990463257,E
02RH066,2002-03-31,2.549999952316284,E
02RH066,2002-05-31,20.899999618530277,
02RH066,2002-07-31,4.440000057220459,
02RH066,2002-08-31,1.590000033378601,
02RH066,2002-10-31,2.950000047683716,
02RH066,2002-12-31,1.899999976158142,E
02RH066,2003-01-31,0.9639999866485596,E
02RH066,2003-03-31,3.119999885559082,E
02RH066,2003-05-31,10.800000190734863,
02RH066,2003-07-31,9.739999771118164,
02RH066,2003-08-31,3.7799999713897705,
02RH066,2003-10-31,13.199999809265137,
02RH066,2003-12-31,9.989999771118164,E
02RH066,2004-01-31,1.830000042915344,E
02RH066,2004-03-31,11.300000190734863,
02RH066,2004-05-31,16.899999618530273,
02RH066,2004-07-31,5.449999809265137,
02RH066,2004-08-31,7.869999885559082,
02RH066,2004-10-31,3.75,
02RH066,2004-12-31,5.550000190734863,
02RH066,2005-01-31,1.950000047683716,E
02RH066,2005-03-31,2.369999885559082,E
02RH066,2005-05-31,15.0,
02RH066,2005-07-31,1.9600000381469729,
02RH066,2005-08-31,11.100000381469728,
02RH066,2005-10-31,15.100000381469728,
02RH066,2005-12-31,3.0199999809265137,
02RH066,2006-01-31,2.470000028610229,E
02RH066,2006-03-31,3.9600000381469727,E
02RH066,2006-05-31,11.300000190734863,
02RH066,2006-07-31,5.71999979019165,
02RH066,2006-08-31,2.9600000381469727,
02RH066,2006-10-31,11.0,
02RH066,2006-12-31,3.9700000286102295,E
02RH066,2007-01-31,2.450000047683716,E
02RH066,2007-03-31,1.7300000190734863,E
02RH066,2007-05-31,13.300000190734863,
02RH066,2007-07-31,3.200000047683716,
02RH066,2007-08-31,7.929999828338623,
02RH066,2007-10-31,10.300000190734863,
02RH066,2007-12-31,2.450000047683716,
02RH066,2008-01-31,3.25,
02RH066,2008-03-31,1.7300000190734863,
02RH066,2008-05-31,15.5,
02RH066,2008-07-31,5.170000076293945,
02RH066,2008-08-31,3.9700000286102295,
02RH066,2008-10-31,11.199999809265137,
02RH066,2008-12-31,5.050000190734863,
02RH066,2009-01-31,2.4200000762939453,
02RH066,2009-03-31,2.559999942779541,
02RH066,2009-05-31,20.0,
02RH066,2009-07-31,5.409999847412109,
02RH066,2009-08-31,3.049999952316284,
02RH066,2009-10-31,7.260000228881836,
02RH066,2009-12-31,2.009999990463257,
02RH066,2010-01-31,3.2100000381469727,
02RH066,2010-03-31,2.0199999809265137,
02RH066,2010-05-31,7.449999809265137,
02RH066,2010-07-31,4.300000190734863,
02RH066,2010-08-31,1.7100000381469729,
02RH066,2010-10-31,11.399999618530272,
02RH066,2010-12-31,4.010000228881836,
02RH066,2011-01-31,2.7300000190734863,
02RH066,2011-03-31,1.659999966621399,
02RH066,2011-05-31,29.0,
02RH066,2011-07-31,4.769999980926514,
02RH066,2011-08-31,28.100000381469727,
02RH066,2011-10-31,4.260000228881836,
02RH066,2011-12-31,2.7300000190734863,
02RH066,2012-01-31,2.059999942779541,B
02RH066,2012-03-31,5.5,B
02RH066,2012-05-31,15.300000190734863,
02RH066,2012-07-31,2.559999942779541,
02RH066,2012-08-31,10.800000190734863,
02RH066,2012-10-31,5.889999866485596,
02RH066,2012-12-31,2.140000104904175,B
02RH066,2013-01-31,3.559999942779541,B
02RH066,2013-03-31,2.0,B
02RH066,2013-05-31,24.200000762939453,
02RH066,2013-07-31,2.8299999237060547,
02RH066,2013-08-31,3.2300000190734863,
02RH066,2013-10-31,3.470000028610229,
02RH066,2013-12-31,1.899999976158142,B
02RH066,2014-01-31,1.7300000190734863,B
02RH066,2014-03-31,1.159999966621399,B
02RH066,2014-05-31,10.199999809265137,
02RH066,2014-07-31,7.840000152587891,
02RH066,2014-08-31,2.9100000858306885,
02RH066,2014-10-31,7.460000038146973,
02RH066,2014-12-31,2.6700000762939453,B
02RH066,2015-01-31,1.590000033378601,B
02RH066,2015-03-31,1.059999942779541,B
02RH066,2015-05-31,18.299999237060547,
02RH066,2015-07-31,6.650000095367432,
02RH066,2015-08-31,3.3399999141693115,
02RH066,2015-10-31,7.389999866485596,
02RH066,2015-12-31,4.110000133514404,B
02RH066,2016-01-31,1.8799999952316284,B
02RH066,2016-03-31,4.199999809265137,B
02RH066,2016-05-31,58.0,
02RH066,2016-07-31,8.350000381469727,
02RH066,2016-08-31,3.660000085830689,
02RH066,2016-10-31,7.349999904632568,
02RH066,2016-12-31,3.069999933242798,B
02RH066,2017-01-31,2.190000057220459,B
02RH066,2017-03-31,1.5399999618530271,B
02RH066,2017-05-31,11.399999618530272,
02RH066,2017-07-31,2.390000104904175,
02RH066,2017-08-31,2.930000066757202,
02RH066,2017-10-31,15.399999618530272,
02RH066,2017-12-31,2.069999933242798,B
02RH066,2018-01-31,2.5199999809265137,B
02RH066,2018-03-31,1.899999976158142,B
02RH066,2018-05-31,18.600000381469727,
02RH066,2018-07-31,2.2799999713897705,
02RH066,2018-08-31,1.9600000381469729,
02RH066,2018-10-31,5.119999885559082,
02RH066,2018-12-31,4.409999847412109,B
02RH066,2019-01-31,1.830000042915344,B
02RH066,2019-03-31,2.400000095367432,B
02RH066,2019-05-31,41.59999847412109,
02RH066,2019-07-31,2.8399999141693115,
02RH066,2019-08-31,2.119999885559082,
02RH066,2019-10-31,7.880000114440918,
02RH066,2019-12-31,1.919999957084656,B
02RH066,2020-01-31,1.5499999523162842,B
02RH066,2020-03-31,2.720000028610229,B
02RH066,2020-05-31,57.0,
02RH066,2020-07-31,6.340000152587891,
02RH066,2020-08-31,14.899999618530272,
02RH066,2020-10-31,9.470000267028809,
02RH066,2020-12-31,6.230000019073486,B
02RH066,2021-01-31,2.220000028610229,B
02RH066,2021-03-31,10.0,B
02RH066,2021-05-31,7.53000020980835,
02RH066,2021-07-31,5.539999961853027,
02RH066,2021-08-31,1.5199999809265137,
02RH066,2021-10-31,3.900000095367432,
02RH066,2021-12-31,2.359999895095825,B
02RH066,2022-01-31,1.75,B
02RH066,2022-03-31,1.5299999713897705,B
02RH066,2022-05-31,27.799999237060547,
02RH066,2022-07-31,5.880000114440918,
02RH066,2022-08-31,12.699999809265137,
02RH066,2022-10-31,3.4600000381469727,
02RH066,2022-12-31,3.25,B
02RH066,2023-01-31,2.359999895095825,B
02RH066,2023-03-31,1.25,B
02RH066,2023-05-31,6.039999961853027,
02RH066,2023-07-31,5.239999771118164,
02RH066,2023-08-31,5.559999942779541,
02RH066,2023-10-31,9.119999885559082,
02RH066,2023-12-31,3.650000095367432,B
02RH066,2024-01-31,1.950000047683716,B
02RH066,2024-03-31,3.289999961853028,B
02RH066,2024-05-31,6.539999961853027,
02RH066,2024-07-31,1.8600000143051147,
02RH066,2024-08-31,2.7100000381469727,
