STATION_NUMBER,DATUM_ID_FROM,DATUM_ID_TO,CONVERSION_FACTOR
05CC007,10,35,909.4359741210938
05CC007,10,605,909.5040283203124
