STATION_NUMBER,DATUM_ID_FROM,DATUM_ID_TO,CONVERSION_FACTOR
08KB001,10,35,566.8270263671875
08KB001,10,605,567.322021484375
