STATION_NUMBER,date,flow_cms,quality_symbol
02RH072,2008-10-01,,
02RH072,2008-11-01,8.100000381469727,
02RH072,2008-12-01,6.760000228881836,
02RH072,2009-01-01,13.899999618530272,
02RH072,2009-02-01,22.100000381469727,
02RH072,2009-03-01,21.5,
02RH072,2009-04-01,22.799999237060547,
02RH072,2009-05-01,34.0,
02RH072,2009-06-01,46.0,
02RH072,2009-07-01,12.699999809265137,
02RH072,2009-08-01,12.800000190734863,
02RH072,2009-09-01,10.800000190734863,
02RH072,2009-10-01,24.799999237060547,
02RH072,2009-11-01,22.0,
02RH072,2009-12-01,17.399999618530273,
02RH072,2010-01-01,17.899999618530273,
02RH072,2010-02-01,20.700000762939453,
02RH072,2010-03-01,20.299999237060547,
02RH072,2010-04-01,17.700000762939453,
02RH072,2010-05-01,26.200000762939453,
02RH072,2010-06-01,24.399999618530277,
02RH072,2010-07-01,10.100000381469728,
02RH072,2010-08-01,10.300000190734863,
02RH072,2010-09-01,9.960000038146973,
02RH072,2010-10-01,150.0,
02RH072,2010-11-01,34.5,
02RH072,2010-12-01,26.5,
02RH072,2011-01-01,17.899999618530273,
02RH072,2011-02-01,24.399999618530277,
02RH072,2011-03-01,22.299999237060547,
02RH072,2011-04-01,19.600000381469727,
02RH072,2011-05-01,43.5,
02RH072,2011-06-01,56.09999847412109,
02RH072,2011-07-01,17.899999618530273,
02RH072,2011-08-01,27.399999618530277,
02RH072,2011-09-01,67.69999694824219,
02RH072,2011-10-01,27.0,
02RH072,2011-11-01,17.299999237060547,
02RH072,2011-12-01,17.799999237060547,
02RH072,2012-01-01,14.699999809265137,
02RH072,2012-02-01,13.0,
02RH072,2012-03-01,16.799999237060547,
02RH072,2012-04-01,27.700000762939453,
02RH072,2012-05-01,27.399999618530277,
02RH072,2012-06-01,39.400001525878906,
02RH072,2012-07-01,24.799999237060547,
02RH072,2012-08-01,10.199999809265137,
02RH072,2012-09-01,9.859999656677246,
02RH072,2012-10-01,22.799999237060547,
02RH072,2012-11-01,25.299999237060547,
02RH072,2012-12-01,13.699999809265137,
02RH072,2013-01-01,14.0,
02RH072,2013-02-01,13.399999618530272,
02RH072,2013-03-01,21.799999237060547,
02RH072,2013-04-01,21.600000381469727,
02RH072,2013-05-01,28.5,
02RH072,2013-06-01,123.0,
02RH072,2013-07-01,27.899999618530277,
02RH072,2013-08-01,10.199999809265137,
02RH072,2013-09-01,10.199999809265137,
02RH072,2013-10-01,27.200000762939453,
02RH072,2013-11-01,27.600000381469727,
02RH072,2013-12-01,14.5,
02RH072,2014-01-01,14.5,
02RH072,2014-02-01,22.700000762939453,
02RH072,2014-03-01,22.799999237060547,
02RH072,2014-04-01,15.0,
02RH072,2014-05-01,30.899999618530277,
02RH072,2014-06-01,32.5,
02RH072,2014-07-01,14.600000381469728,
02RH072,2014-08-01,25.600000381469727,
02RH072,2014-09-01,10.800000190734863,
02RH072,2014-10-01,27.200000762939453,
02RH072,2014-11-01,30.200000762939453,
02RH072,2014-12-01,23.5,
02RH072,2015-01-01,19.5,
02RH072,2015-02-01,15.199999809265137,
02RH072,2015-03-01,14.300000190734863,
02RH072,2015-04-01,11.699999809265137,
02RH072,2015-05-01,29.600000381469727,
02RH072,2015-06-01,38.79999923706055,
02RH072,2015-07-01,28.399999618530277,
02RH072,2015-08-01,28.799999237060547,
02RH072,2015-09-01,15.800000190734863,
02RH072,2015-10-01,14.699999809265137,
02RH072,2015-11-01,22.799999237060547,
02RH072,2015-12-01,27.299999237060547,
02RH072,2016-01-01,23.799999237060547,
02RH072,2016-02-01,23.0,
02RH072,2016-03-01,24.5,
02RH072,2016-04-01,24.0,
02RH072,2016-05-01,24.5,
02RH072,2016-06-01,157.0,
02RH072,2016-07-01,86.9000015258789,
02RH072,2016-08-01,32.79999923706055,
02RH072,2016-09-01,13.300000190734863,
02RH072,2016-10-01,23.799999237060547,
02RH072,2016-11-01,26.700000762939453,
02RH072,2016-12-01,25.200000762939453,
02RH072,2017-01-01,21.899999618530277,
02RH072,2017-02-01,20.399999618530277,
02RH072,2017-03-01,18.5,
02RH072,2017-04-01,16.399999618530273,
02RH072,2017-05-01,228.0,
02RH072,2017-06-01,38.20000076293945,
02RH072,2017-07-01,21.299999237060547,
02RH072,2017-08-01,10.199999809265137,
02RH072,2017-09-01,13.199999809265137,
02RH072,2017-10-01,25.200000762939453,
02RH072,2017-11-01,48.29999923706055,
02RH072,2017-12-01,15.899999618530272,
02RH072,2018-01-01,15.0,
02RH072,2018-02-01,19.5,
02RH072,2018-03-01,21.299999237060547,
02RH072,2018-04-01,25.299999237060547,
02RH072,2018-05-01,34.5,
02RH072,2018-06-01,48.900001525878906,
02RH072,2018-07-01,12.600000381469728,
02RH072,2018-08-01,19.600000381469727,
02RH072,2018-09-01,9.760000228881836,
02RH072,2018-10-01,13.699999809265137,
02RH072,2018-11-01,23.399999618530277,
02RH072,2018-12-01,15.800000190734863,
02RH072,2019-01-01,18.5,
02RH072,2019-02-01,18.5,
02RH072,2019-03-01,18.200000762939453,
02RH072,2019-04-01,17.5,
02RH072,2019-05-01,30.399999618530277,
02RH072,2019-06-01,120.0,
02RH072,2019-07-01,26.799999237060547,
02RH072,2019-08-01,9.31999969482422,
02RH072,2019-09-01,9.670000076293944,
02RH072,2019-10-01,56.70000076293945,
02RH072,2019-11-01,65.0,
02RH072,2019-12-01,22.700000762939453,
02RH072,2020-01-01,17.799999237060547,
02RH072,2020-02-01,19.600000381469727,
02RH072,2020-03-01,18.0,
02RH072,2020-04-01,24.600000381469727,
02RH072,2020-05-01,30.100000381469727,
02RH072,2020-06-01,173.0,
02RH072,2020-07-01,23.600000381469727,
02RH072,2020-08-01,14.600000381469728,
02RH072,2020-09-01,26.200000762939453,
02RH072,2020-10-01,41.20000076293945,
02RH072,2020-11-01,28.5,
02RH072,2020-12-01,19.200000762939453,
02RH072,2021-01-01,23.799999237060547,
02RH072,2021-02-01,23.0,
02RH072,2021-03-01,22.899999618530277,
02RH072,2021-04-01,30.899999618530277,
02RH072,2021-05-01,8.5600004196167,
02RH072,2021-06-01,28.600000381469727,
02RH072,2021-07-01,52.09999847412109,
02RH072,2021-08-01,10.300000190734863,
02RH072,2021-09-01,9.699999809265137,
02RH072,2021-10-01,14.300000190734863,
02RH072,2021-11-01,14.699999809265137,
02RH072,2021-12-01,17.200000762939453,
02RH072,2022-01-01,18.100000381469727,
02RH072,2022-02-01,18.0,
02RH072,2022-03-01,18.5,
02RH072,2022-04-01,14.100000381469728,
02RH072,2022-05-01,32.0,
02RH072,2022-06-01,125.0,
02RH072,2022-07-01,39.09999847412109,
02RH072,2022-08-01,22.899999618530277,
02RH072,2022-09-01,35.099998474121094,
02RH072,2022-10-01,29.5,
02RH072,2022-11-01,14.5,
02RH072,2022-12-01,14.5,
02RH072,2023-01-01,14.300000190734863,
02RH072,2023-02-01,25.100000381469727,
02RH072,2023-03-01,16.299999237060547,
02RH072,2023-04-01,24.200000762939453,
02RH072,2023-05-01,33.79999923706055,
02RH072,2023-06-01,23.0,
02RH072,2023-07-01,20.200000762939453,
02RH072,2023-08-01,14.199999809265137,
02RH072,2023-09-01,17.5,
02RH072,2023-10-01,27.299999237060547,
02RH072,2023-11-01,16.100000381469727,
02RH072,2023-12-01,16.700000762939453,
02RH072,2024-01-01,25.5,
02RH072,2024-02-01,22.0,
02RH072,2024-03-01,22.100000381469727,
02RH072,2024-04-01,21.399999618530277,
02RH072,2024-05-01,14.0,
02RH072,2024-06-01,10.399999618530272,
02RH072,2024-07-01,9.890000343322754,
02RH072,2024-08-01,10.100000381469728,
02RH072,2024-09-01,10.100000381469728,
02RH072,2008-10-02,,
02RH072,2008-11-02,7.130000114440918,
02RH072,2008-12-02,6.880000114440918,
02RH072,2009-01-02,13.899999618530272,
02RH072,2009-02-02,21.899999618530277,
02RH072,2009-03-02,21.799999237060547,
02RH072,2009-04-02,22.700000762939453,
02RH072,2009-05-02,39.59999847412109,
02RH072,2009-06-02,46.0,
02RH072,2009-07-02,18.399999618530277,
02RH072,2009-08-02,12.800000190734863,
02RH072,2009-09-02,9.550000190734863,
02RH072,2009-10-02,25.100000381469727,
02RH072,2009-11-02,22.200000762939453,
02RH072,2009-12-02,17.100000381469727,
02RH072,2010-01-02,17.899999618530273,
02RH072,2010-02-02,23.299999237060547,
02RH072,2010-03-02,26.600000381469727,
02RH072,2010-04-02,17.100000381469727,
02RH072,2010-05-02,26.299999237060547,
02RH072,2010-06-02,22.5,
02RH072,2010-07-02,10.100000381469728,
02RH072,2010-08-02,10.300000190734863,
02RH072,2010-09-02,10.100000381469728,
02RH072,2010-10-02,150.0,
02RH072,2010-11-02,29.5,
02RH072,2010-12-02,28.399999618530277,
02RH072,2011-01-02,17.899999618530273,
02RH072,2011-02-02,24.299999237060547,
02RH072,2011-03-02,22.299999237060547,
02RH072,2011-04-02,19.5,
02RH072,2011-05-02,45.79999923706055,
02RH072,2011-06-02,55.70000076293945,
02RH072,2011-07-02,26.200000762939453,
02RH072,2011-08-02,24.700000762939453,
02RH072,2011-09-02,47.09999847412109,
02RH072,2011-10-02,26.899999618530277,
02RH072,2011-11-02,17.200000762939453,
02RH072,2011-12-02,17.799999237060547,
02RH072,2012-01-02,14.600000381469728,
02RH072,2012-02-02,13.199999809265137,
02RH072,2012-03-02,16.700000762939453,
02RH072,2012-04-02,26.899999618530277,
02RH072,2012-05-02,23.700000762939453,
02RH072,2012-06-02,39.400001525878906,
02RH072,2012-07-02,27.399999618530277,
02RH072,2012-08-02,10.199999809265137,
02RH072,2012-09-02,9.84000015258789,
02RH072,2012-10-02,22.700000762939453,
02RH072,2012-11-02,25.299999237060547,
02RH072,2012-12-02,13.699999809265137,
02RH072,2013-01-02,13.899999618530272,
02RH072,2013-02-02,13.5,
02RH072,2013-03-02,21.799999237060547,
02RH072,2013-04-02,19.0,
02RH072,2013-05-02,28.399999618530277,
02RH072,2013-06-02,201.0,
02RH072,2013-07-02,27.5,
02RH072,2013-08-02,10.199999809265137,
02RH072,2013-09-02,10.199999809265137,
02RH072,2013-10-02,27.5,
02RH072,2013-11-02,27.700000762939453,
02RH072,2013-12-02,14.5,
02RH072,2014-01-02,14.600000381469728,
02RH072,2014-02-02,22.600000381469727,
02RH072,2014-03-02,22.399999618530277,
02RH072,2014-04-02,14.899999618530272,
02RH072,2014-05-02,43.29999923706055,
02RH072,2014-06-02,30.799999237060547,
02RH072,2014-07-02,14.600000381469728,
02RH072,2014-08-02,23.899999618530277,
02RH072,2014-09-02,10.800000190734863,
02RH072,2014-10-02,27.100000381469727,
02RH072,2014-11-02,30.200000762939453,
02RH072,2014-12-02,23.5,
02RH072,2015-01-02,19.399999618530277,
02RH072,2015-02-02,15.199999809265137,
02RH072,2015-03-02,14.699999809265137,
02RH072,2015-04-02,10.5,
02RH072,2015-05-02,30.700000762939453,
02RH072,2015-06-02,39.09999847412109,
02RH072,2015-07-02,28.200000762939453,
02RH072,2015-08-02,28.799999237060547,
02RH072,2015-09-02,15.800000190734863,
02RH072,2015-10-02,14.800000190734863,
02RH072,2015-11-02,22.799999237060547,
02RH072,2015-12-02,27.399999618530277,
02RH072,2016-01-02,23.799999237060547,
02RH072,2016-02-02,22.899999618530277,
02RH072,2016-03-02,24.700000762939453,
02RH072,2016-04-02,24.799999237060547,
02RH072,2016-05-02,24.799999237060547,
02RH072,2016-06-02,155.0,
02RH072,2016-07-02,65.19999694824219,
02RH072,2016-08-02,27.5,
02RH072,2016-09-02,11.399999618530272,
02RH072,2016-10-02,23.799999237060547,
02RH072,2016-11-02,38.29999923706055,
02RH072,2016-12-02,25.100000381469727,
02RH072,2017-01-02,21.799999237060547,
02RH072,2017-02-02,19.799999237060547,
02RH072,2017-03-02,18.5,
02RH072,2017-04-02,11.699999809265137,
02RH072,2017-05-02,239.0,
02RH072,2017-06-02,41.20000076293945,
02RH072,2017-07-02,25.600000381469727,
02RH072,2017-08-02,10.199999809265137,
02RH072,2017-09-02,15.600000381469728,
02RH072,2017-10-02,25.200000762939453,
02RH072,2017-11-02,92.9000015258789,
02RH072,2017-12-02,15.899999618530272,
02RH072,2018-01-02,15.0,
02RH072,2018-02-02,19.299999237060547,
02RH072,2018-03-02,21.100000381469727,
02RH072,2018-04-02,25.5,
02RH072,2018-05-02,48.09999847412109,
02RH072,2018-06-02,42.70000076293945,
02RH072,2018-07-02,10.600000381469728,
02RH072,2018-08-02,15.699999809265137,
02RH072,2018-09-02,17.600000381469727,
02RH072,2018-10-02,13.699999809265137,
02RH072,2018-11-02,23.399999618530277,
02RH072,2018-12-02,15.800000190734863,
02RH072,2019-01-02,18.5,
02RH072,2019-02-02,19.5,
02RH072,2019-03-02,18.399999618530277,
02RH072,2019-04-02,18.0,
02RH072,2019-05-02,30.899999618530277,
02RH072,2019-06-02,120.0,
02RH072,2019-07-02,26.799999237060547,
02RH072,2019-08-02,9.869999885559082,
02RH072,2019-09-02,9.65999984741211,
02RH072,2019-10-02,30.100000381469727,
02RH072,2019-11-02,92.0999984741211,
02RH072,2019-12-02,22.600000381469727,
02RH072,2020-01-02,17.799999237060547,
02RH072,2020-02-02,19.5,
02RH072,2020-03-02,18.299999237060547,
02RH072,2020-04-02,24.799999237060547,
02RH072,2020-05-02,38.09999847412109,
02RH072,2020-06-02,125.0,
02RH072,2020-07-02,18.0,
02RH072,2020-08-02,14.600000381469728,
02RH072,2020-09-02,27.799999237060547,
02RH072,2020-10-02,61.79999923706055,
02RH072,2020-11-02,28.5,
02RH072,2020-12-02,23.0,
02RH072,2021-01-02,23.799999237060547,
02RH072,2021-02-02,22.799999237060547,
02RH072,2021-03-02,22.799999237060547,
02RH072,2021-04-02,30.799999237060547,
02RH072,2021-05-02,8.6899995803833,
02RH072,2021-06-02,27.299999237060547,
02RH072,2021-07-02,35.20000076293945,
02RH072,2021-08-02,12.5,
02RH072,2021-09-02,9.68000030517578,
02RH072,2021-10-02,14.199999809265137,
02RH072,2021-11-02,14.699999809265137,
02RH072,2021-12-02,18.5,
02RH072,2022-01-02,18.100000381469727,
02RH072,2022-02-02,17.799999237060547,
02RH072,2022-03-02,18.399999618530277,
02RH072,2022-04-02,14.199999809265137,
02RH072,2022-05-02,31.399999618530277,
02RH072,2022-06-02,81.19999694824219,
02RH072,2022-07-02,40.70000076293945,
02RH072,2022-08-02,22.899999618530277,
02RH072,2022-09-02,40.5,
02RH072,2022-10-02,25.600000381469727,
02RH072,2022-11-02,15.399999618530272,
02RH072,2022-12-02,14.5,
02RH072,2023-01-02,14.399999618530272,
02RH072,2023-02-02,24.799999237060547,
02RH072,2023-03-02,20.0,
02RH072,2023-04-02,23.799999237060547,
02RH072,2023-05-02,34.400001525878906,
02RH072,2023-06-02,23.100000381469727,
02RH072,2023-07-02,23.799999237060547,
02RH072,2023-08-02,14.199999809265137,
02RH072,2023-09-02,14.699999809265137,
02RH072,2023-10-02,23.899999618530277,
02RH072,2023-11-02,17.899999618530273,
02RH072,2023-12-02,21.700000762939453,
02RH072,2024-01-02,25.399999618530277,
02RH072,2024-02-02,21.899999618530277,
02RH072,2024-03-02,22.0,
02RH072,2024-04-02,16.0,
02RH072,2024-05-02,14.100000381469728,
02RH072,2024-06-02,10.300000190734863,
02RH072,2024-07-02,9.850000381469728,
02RH072,2024-08-02,10.100000381469728,
02RH072,2024-09-02,10.0,
02RH072,2008-10-03,,
02RH072,2008-11-03,6.429999828338623,
02RH072,2008-12-03,6.659999847412109,
02RH072,2009-01-03,13.899999618530272,
02RH072,2009-02-03,21.799999237060547,
02RH072,2009-03-03,21.899999618530277,
02RH072,2009-04-03,23.200000762939453,
02RH072,2009-05-03,40.5,
02RH072,2009-06-03,38.29999923706055,
02RH072,2009-07-03,24.0,
02RH072,2009-08-03,12.800000190734863,
02RH072,2009-09-03,9.539999961853027,
02RH072,2009-10-03,25.399999618530277,
02RH072,2009-11-03,22.299999237060547,
02RH072,2009-12-03,17.200000762939453,
02RH072,2010-01-03,17.799999237060547,
02RH072,2010-02-03,18.899999618530277,
02RH072,2010-03-03,20.600000381469727,
02RH072,2010-04-03,16.299999237060547,
02RH072,2010-05-03,33.70000076293945,
02RH072,2010-06-03,22.100000381469727,
02RH072,2010-07-03,10.100000381469728,
02RH072,2010-08-03,10.300000190734863,
02RH072,2010-09-03,10.100000381469728,
02RH072,2010-10-03,122.0,
02RH072,2010-11-03,24.700000762939453,
02RH072,2010-12-03,28.0,
02RH072,2011-01-03,17.899999618530273,
02RH072,2011-02-03,24.100000381469727,
02RH072,2011-03-03,22.0,
02RH072,2011-04-03,18.899999618530277,
02RH072,2011-05-03,58.29999923706055,
02RH072,2011-06-03,45.70000076293945,
02RH072,2011-07-03,26.100000381469727,
02RH072,2011-08-03,16.600000381469727,
02RH072,2011-09-03,31.700000762939453,
02RH072,2011-10-03,26.799999237060547,
02RH072,2011-11-03,15.300000190734863,
02RH072,2011-12-03,17.700000762939453,
02RH072,2012-01-03,14.600000381469728,
02RH072,2012-02-03,13.199999809265137,
02RH072,2012-03-03,16.5,
02RH072,2012-04-03,26.299999237060547,
02RH072,2012-05-03,22.600000381469727,
02RH072,2012-06-03,39.400001525878906,
02RH072,2012-07-03,27.399999618530277,
02RH072,2012-08-03,10.100000381469728,
02RH072,2012-09-03,9.8100004196167,
02RH072,2012-10-03,22.600000381469727,
02RH072,2012-11-03,25.399999618530277,
02RH072,2012-12-03,13.600000381469728,
02RH072,2013-01-03,13.899999618530272,
02RH072,2013-02-03,13.5,
02RH072,2013-03-03,21.5,
02RH072,2013-04-03,13.399999618530272,
02RH072,2013-05-03,27.799999237060547,
02RH072,2013-06-03,302.0,
02RH072,2013-07-03,26.600000381469727,
02RH072,2013-08-03,10.199999809265137,
02RH072,2013-09-03,10.199999809265137,
02RH072,2013-10-03,28.0,
02RH072,2013-11-03,27.899999618530277,
02RH072,2013-12-03,14.699999809265137,
02RH072,2014-01-03,19.0,
02RH072,2014-02-03,22.399999618530277,
02RH072,2014-03-03,22.200000762939453,
02RH072,2014-04-03,14.399999618530272,
02RH072,2014-05-03,65.69999694824219,
02RH072,2014-06-03,25.100000381469727,
02RH072,2014-07-03,14.600000381469728,
02RH072,2014-08-03,23.899999618530277,
02RH072,2014-09-03,10.899999618530272,
02RH072,2014-10-03,27.0,
02RH072,2014-11-03,30.100000381469727,
02RH072,2014-12-03,23.5,
02RH072,2015-01-03,19.399999618530277,
02RH072,2015-02-03,15.100000381469728,
02RH072,2015-03-03,14.899999618530272,
02RH072,2015-04-03,10.800000190734863,
02RH072,2015-05-03,31.899999618530277,
02RH072,2015-06-03,39.09999847412109,
02RH072,2015-07-03,28.200000762939453,
02RH072,2015-08-03,28.799999237060547,
02RH072,2015-09-03,15.800000190734863,
02RH072,2015-10-03,14.899999618530272,
02RH072,2015-11-03,24.600000381469727,
02RH072,2015-12-03,27.399999618530277,
02RH072,2016-01-03,23.700000762939453,
02RH072,2016-02-03,22.799999237060547,
02RH072,2016-03-03,24.399999618530277,
02RH072,2016-04-03,29.399999618530277,
02RH072,2016-05-03,25.299999237060547,
02RH072,2016-06-03,115.0,
02RH072,2016-07-03,30.600000381469727,
02RH072,2016-08-03,23.399999618530277,
02RH072,2016-09-03,10.899999618530272,
02RH072,2016-10-03,20.600000381469727,
02RH072,2016-11-03,69.0,
02RH072,2016-12-03,25.100000381469727,
02RH072,2017-01-03,21.799999237060547,
02RH072,2017-02-03,19.799999237060547,
02RH072,2017-03-03,18.700000762939453,
02RH072,2017-04-03,11.5,
02RH072,2017-05-03,241.0,
02RH072,2017-06-03,41.20000076293945,
02RH072,2017-07-03,19.899999618530277,
02RH072,2017-08-03,10.199999809265137,
02RH072,2017-09-03,15.699999809265137,
02RH072,2017-10-03,25.200000762939453,
02RH072,2017-11-03,118.0,
02RH072,2017-12-03,15.800000190734863,
02RH072,2018-01-03,14.899999618530272,
02RH072,2018-02-03,19.200000762939453,
02RH072,2018-03-03,20.899999618530277,
02RH072,2018-04-03,25.100000381469727,
02RH072,2018-05-03,92.4000015258789,
02RH072,2018-06-03,37.79999923706055,
02RH072,2018-07-03,10.5,
02RH072,2018-08-03,15.0,
02RH072,2018-09-03,9.739999771118164,
02RH072,2018-10-03,13.600000381469728,
02RH072,2018-11-03,23.5,
02RH072,2018-12-03,15.800000190734863,
02RH072,2019-01-03,18.5,
02RH072,2019-02-03,19.399999618530277,
02RH072,2019-03-03,18.299999237060547,
02RH072,2019-04-03,18.0,
02RH072,2019-05-03,29.799999237060547,
02RH072,2019-06-03,123.0,
02RH072,2019-07-03,26.799999237060547,
02RH072,2019-08-03,9.890000343322754,
02RH072,2019-09-03,9.739999771118164,
02RH072,2019-10-03,27.299999237060547,
02RH072,2019-11-03,108.0,
02RH072,2019-12-03,20.700000762939453,
02RH072,2020-01-03,18.100000381469727,
02RH072,2020-02-03,18.100000381469727,
02RH072,2020-03-03,18.5,
02RH072,2020-04-03,21.799999237060547,
02RH072,2020-05-03,44.5,
02RH072,2020-06-03,72.4000015258789,
02RH072,2020-07-03,14.300000190734863,
02RH072,2020-08-03,19.799999237060547,
02RH072,2020-09-03,28.0,
02RH072,2020-10-03,64.69999694824219,
02RH072,2020-11-03,25.899999618530277,
02RH072,2020-12-03,25.0,
02RH072,2021-01-03,23.799999237060547,
02RH072,2021-02-03,22.600000381469727,
02RH072,2021-03-03,22.899999618530277,
02RH072,2021-04-03,30.899999618530277,
02RH072,2021-05-03,8.859999656677246,
02RH072,2021-06-03,25.700000762939453,
02RH072,2021-07-03,35.29999923706055,
02RH072,2021-08-03,14.100000381469728,
02RH072,2021-09-03,9.649999618530272,
02RH072,2021-10-03,14.199999809265137,
02RH072,2021-11-03,16.399999618530273,
02RH072,2021-12-03,18.399999618530277,
02RH072,2022-01-03,18.100000381469727,
02RH072,2022-02-03,17.899999618530273,
02RH072,2022-03-03,18.200000762939453,
02RH072,2022-04-03,14.0,
02RH072,2022-05-03,31.100000381469727,
02RH072,2022-06-03,95.5,
02RH072,2022-07-03,40.70000076293945,
02RH072,2022-08-03,22.899999618530277,
02RH072,2022-09-03,40.400001525878906,
02RH072,2022-10-03,25.600000381469727,
02RH072,2022-11-03,14.399999618530272,
02RH072,2022-12-03,14.5,
02RH072,2023-01-03,14.399999618530272,
02RH072,2023-02-03,25.100000381469727,
02RH072,2023-03-03,17.600000381469727,
02RH072,2023-04-03,24.600000381469727,
02RH072,2023-05-03,35.099998474121094,
02RH072,2023-06-03,23.299999237060547,
02RH072,2023-07-03,23.799999237060547,
02RH072,2023-08-03,14.199999809265137,
02RH072,2023-09-03,14.399999618530272,
02RH072,2023-10-03,23.600000381469727,
02RH072,2023-11-03,15.399999618530272,
02RH072,2023-12-03,21.600000381469727,
02RH072,2024-01-03,24.600000381469727,
02RH072,2024-02-03,21.799999237060547,
02RH072,2024-03-03,21.799999237060547,
02RH072,2024-04-03,14.399999618530272,
02RH072,2024-05-03,14.100000381469728,
02RH072,2024-06-03,10.399999618530272,
02RH072,2024-07-03,9.829999923706056,
02RH072,2024-08-03,10.199999809265137,
02RH072,2024-09-03,9.970000267028809,
02RH072,2008-10-04,,
02RH072,2008-11-04,6.170000076293945,
02RH072,2008-12-04,6.940000057220459,
02RH072,2009-01-04,13.899999618530272,
02RH072,2009-02-04,21.700000762939453,
02RH072,2009-03-04,21.700000762939453,
02RH072,2009-04-04,24.399999618530277,
02RH072,2009-05-04,39.79999923706055,
02RH072,2009-06-04,28.399999618530277,
02RH072,2009-07-04,26.200000762939453,
02RH072,2009-08-04,12.800000190734863,
02RH072,2009-09-04,9.529999732971191,
02RH072,2009-10-04,25.399999618530277,
02RH072,2009-11-04,22.299999237060547,
02RH072,2009-12-04,17.100000381469727,
02RH072,2010-01-04,17.700000762939453,
02RH072,2010-02-04,22.799999237060547,
02RH072,2010-03-04,25.899999618530277,
02RH072,2010-04-04,21.299999237060547,
02RH072,2010-05-04,82.80000305175781,
02RH072,2010-06-04,22.100000381469727,
02RH072,2010-07-04,10.100000381469728,
02RH072,2010-08-04,10.300000190734863,
02RH072,2010-09-04,18.600000381469727,
02RH072,2010-10-04,121.0,
02RH072,2010-11-04,29.0,
02RH072,2010-12-04,28.100000381469727,
02RH072,2011-01-04,17.899999618530273,
02RH072,2011-02-04,18.200000762939453,
02RH072,2011-03-04,22.0,
02RH072,2011-04-04,18.100000381469727,
02RH072,2011-05-04,92.8000030517578,
02RH072,2011-06-04,39.400001525878906,
02RH072,2011-07-04,26.100000381469727,
02RH072,2011-08-04,12.899999618530272,
02RH072,2011-09-04,30.799999237060547,
02RH072,2011-10-04,21.200000762939453,
02RH072,2011-11-04,17.100000381469727,
02RH072,2011-12-04,18.200000762939453,
02RH072,2012-01-04,14.600000381469728,
02RH072,2012-02-04,13.199999809265137,
02RH072,2012-03-04,16.100000381469727,
02RH072,2012-04-04,26.200000762939453,
02RH072,2012-05-04,21.700000762939453,
02RH072,2012-06-04,34.0,
02RH072,2012-07-04,27.399999618530277,
02RH072,2012-08-04,10.100000381469728,
02RH072,2012-09-04,9.789999961853027,
02RH072,2012-10-04,22.700000762939453,
02RH072,2012-11-04,25.399999618530277,
02RH072,2012-12-04,13.699999809265137,
02RH072,2013-01-04,13.800000190734863,
02RH072,2013-02-04,13.5,
02RH072,2013-03-04,21.399999618530277,
02RH072,2013-04-04,16.5,
02RH072,2013-05-04,27.600000381469727,
02RH072,2013-06-04,328.0,
02RH072,2013-07-04,19.5,
02RH072,2013-08-04,10.199999809265137,
02RH072,2013-09-04,10.199999809265137,
02RH072,2013-10-04,24.5,
02RH072,2013-11-04,28.0,
02RH072,2013-12-04,14.800000190734863,
02RH072,2014-01-04,19.399999618530277,
02RH072,2014-02-04,22.399999618530277,
02RH072,2014-03-04,22.700000762939453,
02RH072,2014-04-04,14.5,
02RH072,2014-05-04,75.5,
02RH072,2014-06-04,30.600000381469727,
02RH072,2014-07-04,14.800000190734863,
02RH072,2014-08-04,18.299999237060547,
02RH072,2014-09-04,21.100000381469727,
02RH072,2014-10-04,27.0,
02RH072,2014-11-04,30.0,
02RH072,2014-12-04,23.799999237060547,
02RH072,2015-01-04,19.399999618530277,
02RH072,2015-02-04,15.0,
02RH072,2015-03-04,14.800000190734863,
02RH072,2015-04-04,10.600000381469728,
02RH072,2015-05-04,30.899999618530277,
02RH072,2015-06-04,32.099998474121094,
02RH072,2015-07-04,28.200000762939453,
02RH072,2015-08-04,28.799999237060547,
02RH072,2015-09-04,15.800000190734863,
02RH072,2015-10-04,14.899999618530272,
02RH072,2015-11-04,28.100000381469727,
02RH072,2015-12-04,27.399999618530277,
02RH072,2016-01-04,23.600000381469727,
02RH072,2016-02-04,23.399999618530277,
02RH072,2016-03-04,24.100000381469727,
02RH072,2016-04-04,36.900001525878906,
02RH072,2016-05-04,25.200000762939453,
02RH072,2016-06-04,81.30000305175781,
02RH072,2016-07-04,30.799999237060547,
02RH072,2016-08-04,23.200000762939453,
02RH072,2016-09-04,10.800000190734863,
02RH072,2016-10-04,15.0,
02RH072,2016-11-04,83.5999984741211,
02RH072,2016-12-04,25.100000381469727,
02RH072,2017-01-04,21.799999237060547,
02RH072,2017-02-04,19.700000762939453,
02RH072,2017-03-04,19.0,
02RH072,2017-04-04,13.0,
02RH072,2017-05-04,243.0,
02RH072,2017-06-04,36.79999923706055,
02RH072,2017-07-04,16.5,
02RH072,2017-08-04,10.100000381469728,
02RH072,2017-09-04,21.299999237060547,
02RH072,2017-10-04,25.100000381469727,
02RH072,2017-11-04,135.0,
02RH072,2017-12-04,15.800000190734863,
02RH072,2018-01-04,14.800000190734863,
02RH072,2018-02-04,19.200000762939453,
02RH072,2018-03-04,20.899999618530277,
02RH072,2018-04-04,24.899999618530277,
02RH072,2018-05-04,119.0,
02RH072,2018-06-04,33.599998474121094,
02RH072,2018-07-04,12.899999618530272,
02RH072,2018-08-04,15.100000381469728,
02RH072,2018-09-04,9.640000343322754,
02RH072,2018-10-04,13.600000381469728,
02RH072,2018-11-04,23.5,
02RH072,2018-12-04,16.799999237060547,
02RH072,2019-01-04,18.399999618530277,
02RH072,2019-02-04,19.200000762939453,
02RH072,2019-03-04,18.200000762939453,
02RH072,2019-04-04,17.799999237060547,
02RH072,2019-05-04,29.200000762939453,
02RH072,2019-06-04,125.0,
02RH072,2019-07-04,26.700000762939453,
02RH072,2019-08-04,9.81999969482422,
02RH072,2019-09-04,9.899999618530272,
02RH072,2019-10-04,27.299999237060547,
02RH072,2019-11-04,122.0,
02RH072,2019-12-04,18.5,
02RH072,2020-01-04,18.399999618530277,
02RH072,2020-02-04,14.699999809265137,
02RH072,2020-03-04,18.399999618530277,
02RH072,2020-04-04,18.399999618530277,
02RH072,2020-05-04,49.900001525878906,
02RH072,2020-06-04,61.400001525878906,
02RH072,2020-07-04,14.300000190734863,
02RH072,2020-08-04,24.799999237060547,
02RH072,2020-09-04,26.5,
02RH072,2020-10-04,59.0,
02RH072,2020-11-04,17.0,
02RH072,2020-12-04,27.299999237060547,
02RH072,2021-01-04,23.799999237060547,
02RH072,2021-02-04,22.399999618530277,
02RH072,2021-03-04,23.299999237060547,
02RH072,2021-04-04,30.899999618530277,
02RH072,2021-05-04,8.920000076293945,
02RH072,2021-06-04,25.899999618530277,
02RH072,2021-07-04,35.29999923706055,
02RH072,2021-08-04,14.100000381469728,
02RH072,2021-09-04,9.640000343322754,
02RH072,2021-10-04,14.199999809265137,
02RH072,2021-11-04,14.899999618530272,
02RH072,2021-12-04,18.399999618530277,
02RH072,2022-01-04,18.0,
02RH072,2022-02-04,18.100000381469727,
02RH072,2022-03-04,18.100000381469727,
02RH072,2022-04-04,13.899999618530272,
02RH072,2022-05-04,37.29999923706055,
02RH072,2022-06-04,122.0,
02RH072,2022-07-04,40.59999847412109,
02RH072,2022-08-04,20.0,
02RH072,2022-09-04,32.20000076293945,
02RH072,2022-10-04,25.399999618530277,
02RH072,2022-11-04,14.399999618530272,
02RH072,2022-12-04,14.5,
02RH072,2023-01-04,14.399999618530272,
02RH072,2023-02-04,25.600000381469727,
02RH072,2023-03-04,14.100000381469728,
02RH072,2023-04-04,24.600000381469727,
02RH072,2023-05-04,35.599998474121094,
02RH072,2023-06-04,23.299999237060547,
02RH072,2023-07-04,23.700000762939453,
02RH072,2023-08-04,14.199999809265137,
02RH072,2023-09-04,14.399999618530272,
02RH072,2023-10-04,23.0,
02RH072,2023-11-04,15.399999618530272,
02RH072,2023-12-04,22.899999618530277,
02RH072,2024-01-04,23.5,
02RH072,2024-02-04,21.600000381469727,
02RH072,2024-03-04,21.799999237060547,
02RH072,2024-04-04,14.300000190734863,
02RH072,2024-05-04,14.0,
02RH072,2024-06-04,10.300000190734863,
02RH072,2024-07-04,9.779999732971191,
02RH072,2024-08-04,10.199999809265137,
02RH072,2024-09-04,9.949999809265137,
02RH072,2008-10-05,,
02RH072,2008-11-05,5.960000038146973,
02RH072,2008-12-05,6.5,
02RH072,2009-01-05,13.399999618530272,
02RH072,2009-02-05,21.700000762939453,
02RH072,2009-03-05,21.5,
02RH072,2009-04-05,26.700000762939453,
02RH072,2009-05-05,39.400001525878906,
02RH072,2009-06-05,26.899999618530277,
02RH072,2009-07-05,50.70000076293945,
02RH072,2009-08-05,16.100000381469727,
02RH072,2009-09-05,9.529999732971191,
02RH072,2009-10-05,25.799999237060547,
02RH072,2009-11-05,22.299999237060547,
02RH072,2009-12-05,17.100000381469727,
02RH072,2010-01-05,17.600000381469727,
02RH072,2010-02-05,22.899999618530277,
02RH072,2010-03-05,26.100000381469727,
02RH072,2010-04-05,32.5,
02RH072,2010-05-05,114.0,
02RH072,2010-06-05,22.299999237060547,
02RH072,2010-07-05,10.100000381469728,
02RH072,2010-08-05,10.300000190734863,
02RH072,2010-09-05,10.199999809265137,
02RH072,2010-10-05,73.69999694824219,
02RH072,2010-11-05,29.200000762939453,
02RH072,2010-12-05,28.0,
02RH072,2011-01-05,17.899999618530273,
02RH072,2011-02-05,13.600000381469728,
02RH072,2011-03-05,22.100000381469727,
02RH072,2011-04-05,16.600000381469727,
02RH072,2011-05-05,108.0,
02RH072,2011-06-05,39.5,
02RH072,2011-07-05,26.100000381469727,
02RH072,2011-08-05,12.899999618530272,
02RH072,2011-09-05,29.5,
02RH072,2011-10-05,22.100000381469727,
02RH072,2011-11-05,16.899999618530273,
02RH072,2011-12-05,17.700000762939453,
02RH072,2012-01-05,14.600000381469728,
02RH072,2012-02-05,13.100000381469728,
02RH072,2012-03-05,16.5,
02RH072,2012-04-05,19.5,
02RH072,2012-05-05,28.200000762939453,
02RH072,2012-06-05,29.100000381469727,
02RH072,2012-07-05,25.5,
02RH072,2012-08-05,10.100000381469728,
02RH072,2012-09-05,9.760000228881836,
02RH072,2012-10-05,22.799999237060547,
02RH072,2012-11-05,25.5,
02RH072,2012-12-05,13.699999809265137,
02RH072,2013-01-05,13.699999809265137,
02RH072,2013-02-05,16.100000381469727,
02RH072,2013-03-05,21.299999237060547,
02RH072,2013-04-05,10.899999618530272,
02RH072,2013-05-05,28.0,
02RH072,2013-06-05,305.0,
02RH072,2013-07-05,13.199999809265137,
02RH072,2013-08-05,10.199999809265137,
02RH072,2013-09-05,10.199999809265137,
02RH072,2013-10-05,22.5,
02RH072,2013-11-05,28.100000381469727,
02RH072,2013-12-05,14.800000190734863,
02RH072,2014-01-05,14.600000381469728,
02RH072,2014-02-05,22.5,
02RH072,2014-03-05,22.700000762939453,
02RH072,2014-04-05,14.600000381469728,
02RH072,2014-05-05,75.19999694824219,
02RH072,2014-06-05,27.799999237060547,
02RH072,2014-07-05,15.0,
02RH072,2014-08-05,14.600000381469728,
02RH072,2014-09-05,27.5,
02RH072,2014-10-05,27.0,
02RH072,2014-11-05,30.0,
02RH072,2014-12-05,23.700000762939453,
02RH072,2015-01-05,19.299999237060547,
02RH072,2015-02-05,14.899999618530272,
02RH072,2015-03-05,14.600000381469728,
02RH072,2015-04-05,10.5,
02RH072,2015-05-05,31.5,
02RH072,2015-06-05,27.899999618530277,
02RH072,2015-07-05,28.200000762939453,
02RH072,2015-08-05,28.799999237060547,
02RH072,2015-09-05,15.800000190734863,
02RH072,2015-10-05,14.800000190734863,
02RH072,2015-11-05,28.100000381469727,
02RH072,2015-12-05,27.299999237060547,
02RH072,2016-01-05,19.399999618530277,
02RH072,2016-02-05,23.700000762939453,
02RH072,2016-03-05,23.899999618530277,
02RH072,2016-04-05,25.299999237060547,
02RH072,2016-05-05,24.600000381469727,
02RH072,2016-06-05,90.0,
02RH072,2016-07-05,37.20000076293945,
02RH072,2016-08-05,23.200000762939453,
02RH072,2016-09-05,10.800000190734863,
02RH072,2016-10-05,14.600000381469728,
02RH072,2016-11-05,83.5999984741211,
02RH072,2016-12-05,25.0,
02RH072,2017-01-05,21.700000762939453,
02RH072,2017-02-05,19.600000381469727,
02RH072,2017-03-05,18.899999618530277,
02RH072,2017-04-05,14.100000381469728,
02RH072,2017-05-05,242.0,
02RH072,2017-06-05,39.0,
02RH072,2017-07-05,16.5,
02RH072,2017-08-05,10.100000381469728,
02RH072,2017-09-05,25.799999237060547,
02RH072,2017-10-05,25.100000381469727,
02RH072,2017-11-05,145.0,
02RH072,2017-12-05,15.800000190734863,
02RH072,2018-01-05,18.700000762939453,
02RH072,2018-02-05,19.5,
02RH072,2018-03-05,21.200000762939453,
02RH072,2018-04-05,24.5,
02RH072,2018-05-05,125.0,
02RH072,2018-06-05,32.599998474121094,
02RH072,2018-07-05,14.699999809265137,
02RH072,2018-08-05,18.0,
02RH072,2018-09-05,9.619999885559082,
02RH072,2018-10-05,13.699999809265137,
02RH072,2018-11-05,24.600000381469727,
02RH072,2018-12-05,17.5,
02RH072,2019-01-05,18.399999618530277,
02RH072,2019-02-05,20.899999618530277,
02RH072,2019-03-05,18.0,
02RH072,2019-04-05,18.700000762939453,
02RH072,2019-05-05,29.899999618530277,
02RH072,2019-06-05,125.0,
02RH072,2019-07-05,25.399999618530277,
02RH072,2019-08-05,9.81999969482422,
02RH072,2019-09-05,9.84000015258789,
02RH072,2019-10-05,27.200000762939453,
02RH072,2019-11-05,87.5999984741211,
02RH072,2019-12-05,18.5,
02RH072,2020-01-05,18.399999618530277,
02RH072,2020-02-05,14.600000381469728,
02RH072,2020-03-05,18.299999237060547,
02RH072,2020-04-05,18.700000762939453,
02RH072,2020-05-05,51.900001525878906,
02RH072,2020-06-05,57.79999923706055,
02RH072,2020-07-05,14.300000190734863,
02RH072,2020-08-05,54.400001525878906,
02RH072,2020-09-05,25.100000381469727,
02RH072,2020-10-05,47.0,
02RH072,2020-11-05,25.399999618530277,
02RH072,2020-12-05,27.299999237060547,
02RH072,2021-01-05,23.700000762939453,
02RH072,2021-02-05,22.799999237060547,
02RH072,2021-03-05,23.100000381469727,
02RH072,2021-04-05,30.799999237060547,
02RH072,2021-05-05,9.050000190734863,
02RH072,2021-06-05,23.700000762939453,
02RH072,2021-07-05,30.399999618530277,
02RH072,2021-08-05,11.800000190734863,
02RH072,2021-09-05,9.649999618530272,
02RH072,2021-10-05,14.199999809265137,
02RH072,2021-11-05,14.899999618530272,
02RH072,2021-12-05,18.399999618530277,
02RH072,2022-01-05,17.899999618530273,
02RH072,2022-02-05,18.0,
02RH072,2022-03-05,17.899999618530273,
02RH072,2022-04-05,14.100000381469728,
02RH072,2022-05-05,54.900001525878906,
02RH072,2022-06-05,113.0,
02RH072,2022-07-05,32.29999923706055,
02RH072,2022-08-05,14.5,
02RH072,2022-09-05,24.299999237060547,
02RH072,2022-10-05,25.200000762939453,
02RH072,2022-11-05,14.399999618530272,
02RH072,2022-12-05,14.5,
02RH072,2023-01-05,14.5,
02RH072,2023-02-05,25.100000381469727,
02RH072,2023-03-05,14.0,
02RH072,2023-04-05,24.600000381469727,
02RH072,2023-05-05,32.0,
02RH072,2023-06-05,13.399999618530272,
02RH072,2023-07-05,18.0,
02RH072,2023-08-05,14.199999809265137,
02RH072,2023-09-05,14.399999618530272,
02RH072,2023-10-05,22.899999618530277,
02RH072,2023-11-05,15.5,
02RH072,2023-12-05,20.799999237060547,
02RH072,2024-01-05,23.299999237060547,
02RH072,2024-02-05,21.5,
02RH072,2024-03-05,21.799999237060547,
02RH072,2024-04-05,14.300000190734863,
02RH072,2024-05-05,13.800000190734863,
02RH072,2024-06-05,10.300000190734863,
02RH072,2024-07-05,12.0,
02RH072,2024-08-05,10.100000381469728,
02RH072,2024-09-05,9.670000076293944,
02RH072,2008-10-06,,
02RH072,2008-11-06,6.239999771118164,
02RH072,2008-12-06,6.269999980926514,
02RH072,2009-01-06,12.899999618530272,
02RH072,2009-02-06,21.899999618530277,
02RH072,2009-03-06,21.799999237060547,
02RH072,2009-04-06,26.5,
02RH072,2009-05-06,42.59999847412109,
02RH072,2009-06-06,26.899999618530277,
02RH072,2009-07-06,62.09999847412109,
02RH072,2009-08-06,22.200000762939453,
02RH072,2009-09-06,9.529999732971191,
02RH072,2009-10-06,26.5,
02RH072,2009-11-06,22.399999618530277,
02RH072,2009-12-06,17.0,
02RH072,2010-01-06,17.600000381469727,
02RH072,2010-02-06,23.0,
02RH072,2010-03-06,26.100000381469727,
02RH072,2010-04-06,29.399999618530277,
02RH072,2010-05-06,144.0,
02RH072,2010-06-06,22.200000762939453,
02RH072,2010-07-06,10.100000381469728,
02RH072,2010-08-06,10.300000190734863,
02RH072,2010-09-06,10.100000381469728,
02RH072,2010-10-06,49.20000076293945,
02RH072,2010-11-06,29.200000762939453,
02RH072,2010-12-06,23.100000381469727,
02RH072,2011-01-06,17.799999237060547,
02RH072,2011-02-06,13.5,
02RH072,2011-03-06,22.0,
02RH072,2011-04-06,16.0,
02RH072,2011-05-06,114.0,
02RH072,2011-06-06,39.59999847412109,
02RH072,2011-07-06,26.0,
02RH072,2011-08-06,18.0,
02RH072,2011-09-06,29.100000381469727,
02RH072,2011-10-06,21.200000762939453,
02RH072,2011-11-06,16.600000381469727,
02RH072,2011-12-06,21.799999237060547,
02RH072,2012-01-06,14.600000381469728,
02RH072,2012-02-06,13.300000190734863,
02RH072,2012-03-06,17.0,
02RH072,2012-04-06,13.100000381469728,
02RH072,2012-05-06,28.299999237060547,
02RH072,2012-06-06,29.100000381469727,
02RH072,2012-07-06,21.600000381469727,
02RH072,2012-08-06,10.100000381469728,
02RH072,2012-09-06,9.739999771118164,
02RH072,2012-10-06,23.0,
02RH072,2012-11-06,25.600000381469727,
02RH072,2012-12-06,13.800000190734863,
02RH072,2013-01-06,13.600000381469728,
02RH072,2013-02-06,22.200000762939453,
02RH072,2013-03-06,21.299999237060547,
02RH072,2013-04-06,13.0,
02RH072,2013-05-06,27.799999237060547,
02RH072,2013-06-06,264.0,
02RH072,2013-07-06,13.199999809265137,
02RH072,2013-08-06,10.199999809265137,
02RH072,2013-09-06,10.199999809265137,
02RH072,2013-10-06,22.399999618530277,
02RH072,2013-11-06,27.799999237060547,
02RH072,2013-12-06,14.800000190734863,
02RH072,2014-01-06,14.699999809265137,
02RH072,2014-02-06,22.600000381469727,
02RH072,2014-03-06,22.299999237060547,
02RH072,2014-04-06,14.100000381469728,
02RH072,2014-05-06,73.4000015258789,
02RH072,2014-06-06,26.399999618530277,
02RH072,2014-07-06,14.899999618530272,
02RH072,2014-08-06,14.600000381469728,
02RH072,2014-09-06,27.799999237060547,
02RH072,2014-10-06,26.899999618530277,
02RH072,2014-11-06,30.0,
02RH072,2014-12-06,23.600000381469727,
02RH072,2015-01-06,19.299999237060547,
02RH072,2015-02-06,14.899999618530272,
02RH072,2015-03-06,14.699999809265137,
02RH072,2015-04-06,10.300000190734863,
02RH072,2015-05-06,30.799999237060547,
02RH072,2015-06-06,28.0,
02RH072,2015-07-06,28.200000762939453,
02RH072,2015-08-06,28.799999237060547,
02RH072,2015-09-06,15.800000190734863,
02RH072,2015-10-06,14.800000190734863,
02RH072,2015-11-06,28.100000381469727,
02RH072,2015-12-06,27.299999237060547,
02RH072,2016-01-06,15.899999618530272,
02RH072,2016-02-06,23.5,
02RH072,2016-03-06,23.600000381469727,
02RH072,2016-04-06,25.299999237060547,
02RH072,2016-05-06,24.5,
02RH072,2016-06-06,109.0,
02RH072,2016-07-06,66.0999984741211,
02RH072,2016-08-06,23.100000381469727,
02RH072,2016-09-06,10.800000190734863,
02RH072,2016-10-06,14.600000381469728,
02RH072,2016-11-06,77.4000015258789,
02RH072,2016-12-06,25.0,
02RH072,2017-01-06,21.600000381469727,
02RH072,2017-02-06,19.5,
02RH072,2017-03-06,18.799999237060547,
02RH072,2017-04-06,16.299999237060547,
02RH072,2017-05-06,224.0,
02RH072,2017-06-06,30.799999237060547,
02RH072,2017-07-06,20.700000762939453,
02RH072,2017-08-06,19.5,
02RH072,2017-09-06,27.5,
02RH072,2017-10-06,22.600000381469727,
02RH072,2017-11-06,145.0,
02RH072,2017-12-06,15.800000190734863,
02RH072,2018-01-06,23.299999237060547,
02RH072,2018-02-06,19.700000762939453,
02RH072,2018-03-06,21.0,
02RH072,2018-04-06,25.0,
02RH072,2018-05-06,132.0,
02RH072,2018-06-06,29.299999237060547,
02RH072,2018-07-06,22.299999237060547,
02RH072,2018-08-06,53.20000076293945,
02RH072,2018-09-06,9.609999656677246,
02RH072,2018-10-06,13.899999618530272,
02RH072,2018-11-06,25.600000381469727,
02RH072,2018-12-06,17.5,
02RH072,2019-01-06,18.399999618530277,
02RH072,2019-02-06,24.899999618530277,
02RH072,2019-03-06,17.799999237060547,
02RH072,2019-04-06,17.899999618530273,
02RH072,2019-05-06,52.0,
02RH072,2019-06-06,85.80000305175781,
02RH072,2019-07-06,23.100000381469727,
02RH072,2019-08-06,9.779999732971191,
02RH072,2019-09-06,12.0,
02RH072,2019-10-06,27.200000762939453,
02RH072,2019-11-06,17.299999237060547,
02RH072,2019-12-06,18.399999618530277,
02RH072,2020-01-06,18.399999618530277,
02RH072,2020-02-06,14.5,
02RH072,2020-03-06,18.100000381469727,
02RH072,2020-04-06,21.299999237060547,
02RH072,2020-05-06,51.0,
02RH072,2020-06-06,49.79999923706055,
02RH072,2020-07-06,14.199999809265137,
02RH072,2020-08-06,77.80000305175781,
02RH072,2020-09-06,25.0,
02RH072,2020-10-06,41.20000076293945,
02RH072,2020-11-06,25.700000762939453,
02RH072,2020-12-06,27.299999237060547,
02RH072,2021-01-06,23.700000762939453,
02RH072,2021-02-06,23.100000381469727,
02RH072,2021-03-06,22.799999237060547,
02RH072,2021-04-06,30.700000762939453,
02RH072,2021-05-06,11.100000381469728,
02RH072,2021-06-06,23.700000762939453,
02RH072,2021-07-06,27.299999237060547,
02RH072,2021-08-06,10.300000190734863,
02RH072,2021-09-06,9.640000343322754,
02RH072,2021-10-06,14.100000381469728,
02RH072,2021-11-06,14.899999618530272,
02RH072,2021-12-06,18.399999618530277,
02RH072,2022-01-06,17.799999237060547,
02RH072,2022-02-06,19.899999618530277,
02RH072,2022-03-06,17.799999237060547,
02RH072,2022-04-06,14.199999809265137,
02RH072,2022-05-06,61.400001525878906,
02RH072,2022-06-06,43.79999923706055,
02RH072,2022-07-06,26.100000381469727,
02RH072,2022-08-06,14.5,
02RH072,2022-09-06,20.200000762939453,
02RH072,2022-10-06,24.399999618530277,
02RH072,2022-11-06,14.300000190734863,
02RH072,2022-12-06,16.5,
02RH072,2023-01-06,14.5,
02RH072,2023-02-06,24.799999237060547,
02RH072,2023-03-06,14.0,
02RH072,2023-04-06,23.899999618530277,
02RH072,2023-05-06,27.600000381469727,
02RH072,2023-06-06,10.5,
02RH072,2023-07-06,14.100000381469728,
02RH072,2023-08-06,14.199999809265137,
02RH072,2023-09-06,14.399999618530272,
02RH072,2023-10-06,22.799999237060547,
02RH072,2023-11-06,14.899999618530272,
02RH072,2023-12-06,14.399999618530272,
02RH072,2024-01-06,25.399999618530277,
02RH072,2024-02-06,21.799999237060547,
02RH072,2024-03-06,21.799999237060547,
02RH072,2024-04-06,14.199999809265137,
02RH072,2024-05-06,13.5,
02RH072,2024-06-06,10.300000190734863,
02RH072,2024-07-06,14.0,
02RH072,2024-08-06,10.100000381469728,
02RH072,2024-09-06,10.0,
02RH072,2008-10-07,5.800000190734863,
02RH072,2008-11-07,5.940000057220459,
02RH072,2008-12-07,7.119999885559082,
02RH072,2009-01-07,17.299999237060547,
02RH072,2009-02-07,22.399999618530277,
02RH072,2009-03-07,22.399999618530277,
02RH072,2009-04-07,25.200000762939453,
02RH072,2009-05-07,47.400001525878906,
02RH072,2009-06-07,26.899999618530277,
02RH072,2009-07-07,50.09999847412109,
02RH072,2009-08-07,22.0,
02RH072,2009-09-07,9.520000457763672,
02RH072,2009-10-07,27.200000762939453,
02RH072,2009-11-07,22.299999237060547,
02RH072,2009-12-07,17.0,
02RH072,2010-01-07,17.799999237060547,
02RH072,2010-02-07,22.799999237060547,
02RH072,2010-03-07,25.600000381469727,
02RH072,2010-04-07,26.100000381469727,
02RH072,2010-05-07,148.0,
02RH072,2010-06-07,22.299999237060547,
02RH072,2010-07-07,10.100000381469728,
02RH072,2010-08-07,10.300000190734863,
02RH072,2010-09-07,10.100000381469728,
02RH072,2010-10-07,41.20000076293945,
02RH072,2010-11-07,29.200000762939453,
02RH072,2010-12-07,27.100000381469727,
02RH072,2011-01-07,17.799999237060547,
02RH072,2011-02-07,13.5,
02RH072,2011-03-07,22.0,
02RH072,2011-04-07,20.700000762939453,
02RH072,2011-05-07,113.0,
02RH072,2011-06-07,37.79999923706055,
02RH072,2011-07-07,26.0,
02RH072,2011-08-07,28.0,
02RH072,2011-09-07,29.100000381469727,
02RH072,2011-10-07,23.299999237060547,
02RH072,2011-11-07,16.299999237060547,
02RH072,2011-12-07,24.399999618530277,
02RH072,2012-01-07,14.5,
02RH072,2012-02-07,18.0,
02RH072,2012-03-07,16.700000762939453,
02RH072,2012-04-07,13.100000381469728,
02RH072,2012-05-07,28.299999237060547,
02RH072,2012-06-07,29.0,
02RH072,2012-07-07,21.600000381469727,
02RH072,2012-08-07,10.100000381469728,
02RH072,2012-09-07,9.880000114440918,
02RH072,2012-10-07,23.0,
02RH072,2012-11-07,25.5,
02RH072,2012-12-07,13.800000190734863,
02RH072,2013-01-07,13.899999618530272,
02RH072,2013-02-07,21.600000381469727,
02RH072,2013-03-07,21.299999237060547,
02RH072,2013-04-07,10.399999618530272,
02RH072,2013-05-07,26.5,
02RH072,2013-06-07,150.0,
02RH072,2013-07-07,13.199999809265137,
02RH072,2013-08-07,10.199999809265137,
02RH072,2013-09-07,10.199999809265137,
02RH072,2013-10-07,22.399999618530277,
02RH072,2013-11-07,27.299999237060547,
02RH072,2013-12-07,14.800000190734863,
02RH072,2014-01-07,14.800000190734863,
02RH072,2014-02-07,22.600000381469727,
02RH072,2014-03-07,19.700000762939453,
02RH072,2014-04-07,14.399999618530272,
02RH072,2014-05-07,74.19999694824219,
02RH072,2014-06-07,26.299999237060547,
02RH072,2014-07-07,12.600000381469728,
02RH072,2014-08-07,14.600000381469728,
02RH072,2014-09-07,27.700000762939453,
02RH072,2014-10-07,26.799999237060547,
02RH072,2014-11-07,30.0,
02RH072,2014-12-07,23.5,
02RH072,2015-01-07,19.200000762939453,
02RH072,2015-02-07,14.800000190734863,
02RH072,2015-03-07,14.800000190734863,
02RH072,2015-04-07,17.299999237060547,
02RH072,2015-05-07,30.5,
02RH072,2015-06-07,27.899999618530277,
02RH072,2015-07-07,28.100000381469727,
02RH072,2015-08-07,28.799999237060547,
02RH072,2015-09-07,15.800000190734863,
02RH072,2015-10-07,14.800000190734863,
02RH072,2015-11-07,28.200000762939453,
02RH072,2015-12-07,27.200000762939453,
02RH072,2016-01-07,15.899999618530272,
02RH072,2016-02-07,23.399999618530277,
02RH072,2016-03-07,24.100000381469727,
02RH072,2016-04-07,25.399999618530277,
02RH072,2016-05-07,24.399999618530277,
02RH072,2016-06-07,87.30000305175781,
02RH072,2016-07-07,72.0,
02RH072,2016-08-07,31.299999237060547,
02RH072,2016-09-07,13.699999809265137,
02RH072,2016-10-07,14.600000381469728,
02RH072,2016-11-07,42.59999847412109,
02RH072,2016-12-07,22.899999618530277,
02RH072,2017-01-07,21.600000381469727,
02RH072,2017-02-07,19.5,
02RH072,2017-03-07,18.600000381469727,
02RH072,2017-04-07,21.100000381469727,
02RH072,2017-05-07,199.0,
02RH072,2017-06-07,42.0,
02RH072,2017-07-07,28.200000762939453,
02RH072,2017-08-07,9.949999809265137,
02RH072,2017-09-07,30.600000381469727,
02RH072,2017-10-07,20.600000381469727,
02RH072,2017-11-07,136.0,
02RH072,2017-12-07,15.800000190734863,
02RH072,2018-01-07,23.200000762939453,
02RH072,2018-02-07,19.600000381469727,
02RH072,2018-03-07,20.799999237060547,
02RH072,2018-04-07,25.0,
02RH072,2018-05-07,146.0,
02RH072,2018-06-07,35.400001525878906,
02RH072,2018-07-07,28.100000381469727,
02RH072,2018-08-07,68.80000305175781,
02RH072,2018-09-07,9.619999885559082,
02RH072,2018-10-07,13.800000190734863,
02RH072,2018-11-07,25.600000381469727,
02RH072,2018-12-07,17.899999618530273,
02RH072,2019-01-07,18.399999618530277,
02RH072,2019-02-07,17.600000381469727,
02RH072,2019-03-07,18.100000381469727,
02RH072,2019-04-07,17.5,
02RH072,2019-05-07,54.70000076293945,
02RH072,2019-06-07,43.20000076293945,
02RH072,2019-07-07,23.100000381469727,
02RH072,2019-08-07,9.760000228881836,
02RH072,2019-09-07,14.199999809265137,
02RH072,2019-10-07,27.0,
02RH072,2019-11-07,25.0,
02RH072,2019-12-07,18.399999618530277,
02RH072,2020-01-07,18.299999237060547,
02RH072,2020-02-07,14.399999618530272,
02RH072,2020-03-07,18.0,
02RH072,2020-04-07,22.700000762939453,
02RH072,2020-05-07,51.20000076293945,
02RH072,2020-06-07,40.0,
02RH072,2020-07-07,14.399999618530272,
02RH072,2020-08-07,57.59999847412109,
02RH072,2020-09-07,25.0,
02RH072,2020-10-07,41.20000076293945,
02RH072,2020-11-07,26.200000762939453,
02RH072,2020-12-07,25.5,
02RH072,2021-01-07,23.600000381469727,
02RH072,2021-02-07,23.0,
02RH072,2021-03-07,22.5,
02RH072,2021-04-07,29.700000762939453,
02RH072,2021-05-07,15.600000381469728,
02RH072,2021-06-07,23.600000381469727,
02RH072,2021-07-07,27.399999618530277,
02RH072,2021-08-07,10.199999809265137,
02RH072,2021-09-07,9.609999656677246,
02RH072,2021-10-07,14.0,
02RH072,2021-11-07,14.899999618530272,
02RH072,2021-12-07,18.299999237060547,
02RH072,2022-01-07,17.799999237060547,
02RH072,2022-02-07,18.5,
02RH072,2022-03-07,18.100000381469727,
02RH072,2022-04-07,18.299999237060547,
02RH072,2022-05-07,62.20000076293945,
02RH072,2022-06-07,89.4000015258789,
02RH072,2022-07-07,27.700000762939453,
02RH072,2022-08-07,14.5,
02RH072,2022-09-07,15.0,
02RH072,2022-10-07,23.799999237060547,
02RH072,2022-11-07,14.399999618530272,
02RH072,2022-12-07,17.600000381469727,
02RH072,2023-01-07,14.5,
02RH072,2023-02-07,21.399999618530277,
02RH072,2023-03-07,16.0,
02RH072,2023-04-07,21.899999618530277,
02RH072,2023-05-07,28.0,
02RH072,2023-06-07,10.5,
02RH072,2023-07-07,14.0,
02RH072,2023-08-07,17.100000381469727,
02RH072,2023-09-07,14.399999618530272,
02RH072,2023-10-07,22.700000762939453,
02RH072,2023-11-07,18.100000381469727,
02RH072,2023-12-07,14.399999618530272,
02RH072,2024-01-07,26.600000381469727,
02RH072,2024-02-07,22.399999618530277,
02RH072,2024-03-07,22.0,
02RH072,2024-04-07,14.199999809265137,
02RH072,2024-05-07,14.0,
02RH072,2024-06-07,10.199999809265137,
02RH072,2024-07-07,13.899999618530272,
02RH072,2024-08-07,10.0,
02RH072,2024-09-07,9.989999771118164,
02RH072,2008-10-08,5.099999904632568,
02RH072,2008-11-08,5.619999885559082,
02RH072,2008-12-08,6.860000133514404,
02RH072,2009-01-08,24.5,
02RH072,2009-02-08,22.299999237060547,
02RH072,2009-03-08,18.799999237060547,
02RH072,2009-04-08,25.299999237060547,
02RH072,2009-05-08,55.0,
02RH072,2009-06-08,26.799999237060547,
02RH072,2009-07-08,42.29999923706055,
02RH072,2009-08-08,22.0,
02RH072,2009-09-08,9.5,
02RH072,2009-10-08,27.299999237060547,
02RH072,2009-11-08,22.299999237060547,
02RH072,2009-12-08,17.0,
02RH072,2010-01-08,18.0,
02RH072,2010-02-08,22.700000762939453,
02RH072,2010-03-08,20.100000381469727,
02RH072,2010-04-08,26.299999237060547,
02RH072,2010-05-08,148.0,
02RH072,2010-06-08,22.200000762939453,
02RH072,2010-07-08,10.0,
02RH072,2010-08-08,10.300000190734863,
02RH072,2010-09-08,10.199999809265137,
02RH072,2010-10-08,42.29999923706055,
02RH072,2010-11-08,29.200000762939453,
02RH072,2010-12-08,27.299999237060547,
02RH072,2011-01-08,17.700000762939453,
02RH072,2011-02-08,13.399999618530272,
02RH072,2011-03-08,22.200000762939453,
02RH072,2011-04-08,25.100000381469727,
02RH072,2011-05-08,95.0,
02RH072,2011-06-08,34.400001525878906,
02RH072,2011-07-08,23.0,
02RH072,2011-08-08,22.700000762939453,
02RH072,2011-09-08,29.0,
02RH072,2011-10-08,27.200000762939453,
02RH072,2011-11-08,16.600000381469727,
02RH072,2011-12-08,24.0,
02RH072,2012-01-08,14.5,
02RH072,2012-02-08,21.799999237060547,
02RH072,2012-03-08,16.899999618530273,
02RH072,2012-04-08,13.100000381469728,
02RH072,2012-05-08,22.399999618530277,
02RH072,2012-06-08,25.200000762939453,
02RH072,2012-07-08,21.5,
02RH072,2012-08-08,10.100000381469728,
02RH072,2012-09-08,10.300000190734863,
02RH072,2012-10-08,22.899999618530277,
02RH072,2012-11-08,21.700000762939453,
02RH072,2012-12-08,13.800000190734863,
02RH072,2013-01-08,13.800000190734863,
02RH072,2013-02-08,21.600000381469727,
02RH072,2013-03-08,18.799999237060547,
02RH072,2013-04-08,10.199999809265137,
02RH072,2013-05-08,25.5,
02RH072,2013-06-08,56.59999847412109,
02RH072,2013-07-08,13.199999809265137,
02RH072,2013-08-08,10.300000190734863,
02RH072,2013-09-08,10.199999809265137,
02RH072,2013-10-08,22.299999237060547,
02RH072,2013-11-08,27.299999237060547,
02RH072,2013-12-08,14.800000190734863,
02RH072,2014-01-08,14.800000190734863,
02RH072,2014-02-08,23.0,
02RH072,2014-03-08,18.399999618530277,
02RH072,2014-04-08,14.5,
02RH072,2014-05-08,74.0,
02RH072,2014-06-08,26.200000762939453,
02RH072,2014-07-08,11.100000381469728,
02RH072,2014-08-08,14.699999809265137,
02RH072,2014-09-08,27.899999618530277,
02RH072,2014-10-08,26.799999237060547,
02RH072,2014-11-08,30.0,
02RH072,2014-12-08,18.5,
02RH072,2015-01-08,19.200000762939453,
02RH072,2015-02-08,14.800000190734863,
02RH072,2015-03-08,14.600000381469728,
02RH072,2015-04-08,22.899999618530277,
02RH072,2015-05-08,30.200000762939453,
02RH072,2015-06-08,27.899999618530277,
02RH072,2015-07-08,28.100000381469727,
02RH072,2015-08-08,28.899999618530277,
02RH072,2015-09-08,15.800000190734863,
02RH072,2015-10-08,14.800000190734863,
02RH072,2015-11-08,28.200000762939453,
02RH072,2015-12-08,27.200000762939453,
02RH072,2016-01-08,15.800000190734863,
02RH072,2016-02-08,23.299999237060547,
02RH072,2016-03-08,24.399999618530277,
02RH072,2016-04-08,25.299999237060547,
02RH072,2016-05-08,25.899999618530277,
02RH072,2016-06-08,65.9000015258789,
02RH072,2016-07-08,57.900001525878906,
02RH072,2016-08-08,22.799999237060547,
02RH072,2016-09-08,17.299999237060547,
02RH072,2016-10-08,14.899999618530272,
02RH072,2016-11-08,30.5,
02RH072,2016-12-08,21.399999618530277,
02RH072,2017-01-08,21.5,
02RH072,2017-02-08,19.399999618530277,
02RH072,2017-03-08,18.5,
02RH072,2017-04-08,18.700000762939453,
02RH072,2017-05-08,202.0,
02RH072,2017-06-08,35.900001525878906,
02RH072,2017-07-08,30.100000381469727,
02RH072,2017-08-08,9.81999969482422,
02RH072,2017-09-08,34.79999923706055,
02RH072,2017-10-08,20.5,
02RH072,2017-11-08,114.0,
02RH072,2017-12-08,15.800000190734863,
02RH072,2018-01-08,21.899999618530277,
02RH072,2018-02-08,19.5,
02RH072,2018-03-08,20.600000381469727,
02RH072,2018-04-08,24.399999618530277,
02RH072,2018-05-08,156.0,
02RH072,2018-06-08,32.099998474121094,
02RH072,2018-07-08,28.0,
02RH072,2018-08-08,24.200000762939453,
02RH072,2018-09-08,9.65999984741211,
02RH072,2018-10-08,13.800000190734863,
02RH072,2018-11-08,61.20000076293945,
02RH072,2018-12-08,18.299999237060547,
02RH072,2019-01-08,16.600000381469727,
02RH072,2019-02-08,18.299999237060547,
02RH072,2019-03-08,18.600000381469727,
02RH072,2019-04-08,17.5,
02RH072,2019-05-08,130.0,
02RH072,2019-06-08,39.900001525878906,
02RH072,2019-07-08,23.0,
02RH072,2019-08-08,9.8100004196167,
02RH072,2019-09-08,14.199999809265137,
02RH072,2019-10-08,26.799999237060547,
02RH072,2019-11-08,27.100000381469727,
02RH072,2019-12-08,18.399999618530277,
02RH072,2020-01-08,18.299999237060547,
02RH072,2020-02-08,14.300000190734863,
02RH072,2020-03-08,17.799999237060547,
02RH072,2020-04-08,24.0,
02RH072,2020-05-08,51.79999923706055,
02RH072,2020-06-08,41.70000076293945,
02RH072,2020-07-08,14.800000190734863,
02RH072,2020-08-08,42.0,
02RH072,2020-09-08,18.700000762939453,
02RH072,2020-10-08,41.20000076293945,
02RH072,2020-11-08,26.200000762939453,
02RH072,2020-12-08,26.0,
02RH072,2021-01-08,23.600000381469727,
02RH072,2021-02-08,22.799999237060547,
02RH072,2021-03-08,23.0,
02RH072,2021-04-08,29.299999237060547,
02RH072,2021-05-08,19.700000762939453,
02RH072,2021-06-08,19.799999237060547,
02RH072,2021-07-08,27.299999237060547,
02RH072,2021-08-08,10.300000190734863,
02RH072,2021-09-08,9.600000381469728,
02RH072,2021-10-08,14.0,
02RH072,2021-11-08,12.0,
02RH072,2021-12-08,18.299999237060547,
02RH072,2022-01-08,17.700000762939453,
02RH072,2022-02-08,18.399999618530277,
02RH072,2022-03-08,18.299999237060547,
02RH072,2022-04-08,25.200000762939453,
02RH072,2022-05-08,62.59999847412109,
02RH072,2022-06-08,77.0999984741211,
02RH072,2022-07-08,30.0,
02RH072,2022-08-08,14.5,
02RH072,2022-09-08,14.899999618530272,
02RH072,2022-10-08,23.700000762939453,
02RH072,2022-11-08,14.399999618530272,
02RH072,2022-12-08,12.0,
02RH072,2023-01-08,14.5,
02RH072,2023-02-08,18.200000762939453,
02RH072,2023-03-08,19.700000762939453,
02RH072,2023-04-08,21.399999618530277,
02RH072,2023-05-08,27.600000381469727,
02RH072,2023-06-08,17.700000762939453,
02RH072,2023-07-08,14.0,
02RH072,2023-08-08,26.100000381469727,
02RH072,2023-09-08,24.399999618530277,
02RH072,2023-10-08,22.700000762939453,
02RH072,2023-11-08,23.5,
02RH072,2023-12-08,14.399999618530272,
02RH072,2024-01-08,24.700000762939453,
02RH072,2024-02-08,22.299999237060547,
02RH072,2024-03-08,22.5,
02RH072,2024-04-08,17.399999618530273,
02RH072,2024-05-08,14.600000381469728,
02RH072,2024-06-08,10.199999809265137,
02RH072,2024-07-08,11.600000381469728,
02RH072,2024-08-08,10.199999809265137,
02RH072,2024-09-08,10.0,
02RH072,2008-10-09,4.730000019073486,
02RH072,2008-11-09,5.989999771118164,
02RH072,2008-12-09,8.680000305175781,
02RH072,2009-01-09,24.899999618530277,
02RH072,2009-02-09,19.200000762939453,
02RH072,2009-03-09,12.100000381469728,
02RH072,2009-04-09,25.899999618530277,
02RH072,2009-05-09,73.19999694824219,
02RH072,2009-06-09,24.5,
02RH072,2009-07-09,33.599998474121094,
02RH072,2009-08-09,22.0,
02RH072,2009-09-09,9.5,
02RH072,2009-10-09,28.0,
02RH072,2009-11-09,22.200000762939453,
02RH072,2009-12-09,11.399999618530272,
02RH072,2010-01-09,20.299999237060547,
02RH072,2010-02-09,22.799999237060547,
02RH072,2010-03-09,25.799999237060547,
02RH072,2010-04-09,25.799999237060547,
02RH072,2010-05-09,145.0,
02RH072,2010-06-09,22.200000762939453,
02RH072,2010-07-09,10.0,
02RH072,2010-08-09,10.300000190734863,
02RH072,2010-09-09,10.199999809265137,
02RH072,2010-10-09,38.09999847412109,
02RH072,2010-11-09,29.200000762939453,
02RH072,2010-12-09,27.299999237060547,
02RH072,2011-01-09,17.799999237060547,
02RH072,2011-02-09,13.5,
02RH072,2011-03-09,22.100000381469727,
02RH072,2011-04-09,24.299999237060547,
02RH072,2011-05-09,77.69999694824219,
02RH072,2011-06-09,36.59999847412109,
02RH072,2011-07-09,14.199999809265137,
02RH072,2011-08-09,39.70000076293945,
02RH072,2011-09-09,28.899999618530277,
02RH072,2011-10-09,26.100000381469727,
02RH072,2011-11-09,16.899999618530273,
02RH072,2011-12-09,24.0,
02RH072,2012-01-09,14.199999809265137,
02RH072,2012-02-09,21.700000762939453,
02RH072,2012-03-09,17.299999237060547,
02RH072,2012-04-09,13.100000381469728,
02RH072,2012-05-09,28.399999618530277,
02RH072,2012-06-09,22.0,
02RH072,2012-07-09,21.399999618530277,
02RH072,2012-08-09,10.100000381469728,
02RH072,2012-09-09,10.199999809265137,
02RH072,2012-10-09,20.100000381469727,
02RH072,2012-11-09,25.299999237060547,
02RH072,2012-12-09,13.899999618530272,
02RH072,2013-01-09,13.300000190734863,
02RH072,2013-02-09,21.600000381469727,
02RH072,2013-03-09,12.899999618530272,
02RH072,2013-04-09,10.100000381469728,
02RH072,2013-05-09,25.200000762939453,
02RH072,2013-06-09,39.29999923706055,
02RH072,2013-07-09,13.100000381469728,
02RH072,2013-08-09,10.300000190734863,
02RH072,2013-09-09,10.199999809265137,
02RH072,2013-10-09,22.5,
02RH072,2013-11-09,27.399999618530277,
02RH072,2013-12-09,14.800000190734863,
02RH072,2014-01-09,14.699999809265137,
02RH072,2014-02-09,22.799999237060547,
02RH072,2014-03-09,18.0,
02RH072,2014-04-09,15.199999809265137,
02RH072,2014-05-09,72.9000015258789,
02RH072,2014-06-09,25.100000381469727,
02RH072,2014-07-09,11.100000381469728,
02RH072,2014-08-09,14.800000190734863,
02RH072,2014-09-09,28.200000762939453,
02RH072,2014-10-09,26.799999237060547,
02RH072,2014-11-09,29.899999618530277,
02RH072,2014-12-09,14.800000190734863,
02RH072,2015-01-09,19.100000381469727,
02RH072,2015-02-09,14.699999809265137,
02RH072,2015-03-09,14.5,
02RH072,2015-04-09,23.0,
02RH072,2015-05-09,30.299999237060547,
02RH072,2015-06-09,25.899999618530277,
02RH072,2015-07-09,26.5,
02RH072,2015-08-09,31.899999618530277,
02RH072,2015-09-09,15.899999618530272,
02RH072,2015-10-09,14.800000190734863,
02RH072,2015-11-09,28.200000762939453,
02RH072,2015-12-09,27.100000381469727,
02RH072,2016-01-09,15.800000190734863,
02RH072,2016-02-09,23.200000762939453,
02RH072,2016-03-09,24.100000381469727,
02RH072,2016-04-09,25.100000381469727,
02RH072,2016-05-09,31.600000381469727,
02RH072,2016-06-09,82.5999984741211,
02RH072,2016-07-09,47.0,
02RH072,2016-08-09,22.899999618530277,
02RH072,2016-09-09,10.699999809265137,
02RH072,2016-10-09,14.899999618530272,
02RH072,2016-11-09,30.5,
02RH072,2016-12-09,21.399999618530277,
02RH072,2017-01-09,21.399999618530277,
02RH072,2017-02-09,19.299999237060547,
02RH072,2017-03-09,18.299999237060547,
02RH072,2017-04-09,17.299999237060547,
02RH072,2017-05-09,205.0,
02RH072,2017-06-09,30.100000381469727,
02RH072,2017-07-09,30.0,
02RH072,2017-08-09,9.75,
02RH072,2017-09-09,46.900001525878906,
02RH072,2017-10-09,21.299999237060547,
02RH072,2017-11-09,86.5,
02RH072,2017-12-09,15.800000190734863,
02RH072,2018-01-09,20.5,
02RH072,2018-02-09,19.399999618530277,
02RH072,2018-03-09,20.700000762939453,
02RH072,2018-04-09,26.0,
02RH072,2018-05-09,153.0,
02RH072,2018-06-09,31.299999237060547,
02RH072,2018-07-09,28.0,
02RH072,2018-08-09,24.200000762939453,
02RH072,2018-09-09,9.6899995803833,
02RH072,2018-10-09,13.899999618530272,
02RH072,2018-11-09,68.19999694824219,
02RH072,2018-12-09,18.299999237060547,
02RH072,2019-01-09,14.300000190734863,
02RH072,2019-02-09,18.399999618530277,
02RH072,2019-03-09,18.399999618530277,
02RH072,2019-04-09,13.399999618530272,
02RH072,2019-05-09,146.0,
02RH072,2019-06-09,39.900001525878906,
02RH072,2019-07-09,20.5,
02RH072,2019-08-09,9.75,
02RH072,2019-09-09,11.399999618530272,
02RH072,2019-10-09,26.700000762939453,
02RH072,2019-11-09,31.100000381469727,
02RH072,2019-12-09,18.299999237060547,
02RH072,2020-01-09,18.200000762939453,
02RH072,2020-02-09,14.300000190734863,
02RH072,2020-03-09,18.200000762939453,
02RH072,2020-04-09,26.0,
02RH072,2020-05-09,51.20000076293945,
02RH072,2020-06-09,42.79999923706055,
02RH072,2020-07-09,14.800000190734863,
02RH072,2020-08-09,33.79999923706055,
02RH072,2020-09-09,16.0,
02RH072,2020-10-09,41.29999923706055,
02RH072,2020-11-09,26.200000762939453,
02RH072,2020-12-09,21.899999618530277,
02RH072,2021-01-09,23.5,
02RH072,2021-02-09,18.799999237060547,
02RH072,2021-03-09,23.200000762939453,
02RH072,2021-04-09,26.399999618530277,
02RH072,2021-05-09,19.799999237060547,
02RH072,2021-06-09,23.5,
02RH072,2021-07-09,27.299999237060547,
02RH072,2021-08-09,9.630000114440918,
02RH072,2021-09-09,9.5600004196167,
02RH072,2021-10-09,14.0,
02RH072,2021-11-09,9.699999809265137,
02RH072,2021-12-09,18.299999237060547,
02RH072,2022-01-09,17.600000381469727,
02RH072,2022-02-09,18.399999618530277,
02RH072,2022-03-09,18.100000381469727,
02RH072,2022-04-09,27.700000762939453,
02RH072,2022-05-09,98.9000015258789,
02RH072,2022-06-09,104.0,
02RH072,2022-07-09,30.0,
02RH072,2022-08-09,14.5,
02RH072,2022-09-09,14.899999618530272,
02RH072,2022-10-09,23.700000762939453,
02RH072,2022-11-09,14.399999618530272,
02RH072,2022-12-09,14.199999809265137,
02RH072,2023-01-09,15.399999618530272,
02RH072,2023-02-09,18.100000381469727,
02RH072,2023-03-09,19.600000381469727,
02RH072,2023-04-09,21.600000381469727,
02RH072,2023-05-09,27.600000381469727,
02RH072,2023-06-09,17.5,
02RH072,2023-07-09,13.899999618530272,
02RH072,2023-08-09,28.200000762939453,
02RH072,2023-09-09,89.69999694824219,
02RH072,2023-10-09,22.600000381469727,
02RH072,2023-11-09,20.899999618530277,
02RH072,2023-12-09,14.399999618530272,
02RH072,2024-01-09,23.100000381469727,
02RH072,2024-02-09,22.200000762939453,
02RH072,2024-03-09,22.299999237060547,
02RH072,2024-04-09,22.700000762939453,
02RH072,2024-05-09,14.399999618530272,
02RH072,2024-06-09,10.300000190734863,
02RH072,2024-07-09,10.0,
02RH072,2024-08-09,10.600000381469728,
02RH072,2024-09-09,10.100000381469728,
02RH072,2008-10-10,4.460000038146973,
02RH072,2008-11-10,6.670000076293945,
02RH072,2008-12-10,8.430000305175781,
02RH072,2009-01-10,25.100000381469727,
02RH072,2009-02-10,13.399999618530272,
02RH072,2009-03-10,12.199999809265137,
02RH072,2009-04-10,26.799999237060547,
02RH072,2009-05-10,74.30000305175781,
02RH072,2009-06-10,19.799999237060547,
02RH072,2009-07-10,29.299999237060547,
02RH072,2009-08-10,22.799999237060547,
02RH072,2009-09-10,9.470000267028809,
02RH072,2009-10-10,28.5,
02RH072,2009-11-10,22.200000762939453,
02RH072,2009-12-10,14.199999809265137,
02RH072,2010-01-10,17.799999237060547,
02RH072,2010-02-10,18.5,
02RH072,2010-03-10,20.0,
02RH072,2010-04-10,25.799999237060547,
02RH072,2010-05-10,119.0,
02RH072,2010-06-10,22.100000381469727,
02RH072,2010-07-10,10.0,
02RH072,2010-08-10,10.300000190734863,
02RH072,2010-09-10,10.199999809265137,
02RH072,2010-10-10,33.20000076293945,
02RH072,2010-11-10,28.399999618530277,
02RH072,2010-12-10,26.100000381469727,
02RH072,2011-01-10,17.700000762939453,
02RH072,2011-02-10,13.399999618530272,
02RH072,2011-03-10,22.100000381469727,
02RH072,2011-04-10,21.799999237060547,
02RH072,2011-05-10,59.900001525878906,
02RH072,2011-06-10,42.29999923706055,
02RH072,2011-07-10,12.800000190734863,
02RH072,2011-08-10,41.59999847412109,
02RH072,2011-09-10,28.899999618530277,
02RH072,2011-10-10,25.200000762939453,
02RH072,2011-11-10,16.600000381469727,
02RH072,2011-12-10,23.899999618530277,
02RH072,2012-01-10,13.699999809265137,
02RH072,2012-02-10,21.600000381469727,
02RH072,2012-03-10,17.5,
02RH072,2012-04-10,13.100000381469728,
02RH072,2012-05-10,47.59999847412109,
02RH072,2012-06-10,21.899999618530277,
02RH072,2012-07-10,21.399999618530277,
02RH072,2012-08-10,10.100000381469728,
02RH072,2012-09-10,10.300000190734863,
02RH072,2012-10-10,13.699999809265137,
02RH072,2012-11-10,25.5,
02RH072,2012-12-10,13.699999809265137,
02RH072,2013-01-10,13.199999809265137,
02RH072,2013-02-10,21.5,
02RH072,2013-03-10,12.699999809265137,
02RH072,2013-04-10,10.300000190734863,
02RH072,2013-05-10,25.200000762939453,
02RH072,2013-06-10,39.400001525878906,
02RH072,2013-07-10,13.199999809265137,
02RH072,2013-08-10,10.300000190734863,
02RH072,2013-09-10,10.199999809265137,
02RH072,2013-10-10,22.700000762939453,
02RH072,2013-11-10,27.399999618530277,
02RH072,2013-12-10,14.800000190734863,
02RH072,2014-01-10,14.699999809265137,
02RH072,2014-02-10,22.700000762939453,
02RH072,2014-03-10,18.299999237060547,
02RH072,2014-04-10,16.299999237060547,
02RH072,2014-05-10,73.5999984741211,
02RH072,2014-06-10,18.5,
02RH072,2014-07-10,11.100000381469728,
02RH072,2014-08-10,23.200000762939453,
02RH072,2014-09-10,28.200000762939453,
02RH072,2014-10-10,26.799999237060547,
02RH072,2014-11-10,29.799999237060547,
02RH072,2014-12-10,14.800000190734863,
02RH072,2015-01-10,19.200000762939453,
02RH072,2015-02-10,14.600000381469728,
02RH072,2015-03-10,14.800000190734863,
02RH072,2015-04-10,23.700000762939453,
02RH072,2015-05-10,30.899999618530277,
02RH072,2015-06-10,22.299999237060547,
02RH072,2015-07-10,23.399999618530277,
02RH072,2015-08-10,30.200000762939453,
02RH072,2015-09-10,15.800000190734863,
02RH072,2015-10-10,14.699999809265137,
02RH072,2015-11-10,28.200000762939453,
02RH072,2015-12-10,27.100000381469727,
02RH072,2016-01-10,15.800000190734863,
02RH072,2016-02-10,23.299999237060547,
02RH072,2016-03-10,23.799999237060547,
02RH072,2016-04-10,24.799999237060547,
02RH072,2016-05-10,57.400001525878906,
02RH072,2016-06-10,127.0,
02RH072,2016-07-10,30.0,
02RH072,2016-08-10,22.799999237060547,
02RH072,2016-09-10,10.699999809265137,
02RH072,2016-10-10,14.899999618530272,
02RH072,2016-11-10,30.600000381469727,
02RH072,2016-12-10,21.399999618530277,
02RH072,2017-01-10,21.200000762939453,
02RH072,2017-02-10,19.299999237060547,
02RH072,2017-03-10,18.600000381469727,
02RH072,2017-04-10,18.200000762939453,
02RH072,2017-05-10,172.0,
02RH072,2017-06-10,25.600000381469727,
02RH072,2017-07-10,21.299999237060547,
02RH072,2017-08-10,9.720000267028809,
02RH072,2017-09-10,63.400001525878906,
02RH072,2017-10-10,24.899999618530277,
02RH072,2017-11-10,80.80000305175781,
02RH072,2017-12-10,15.800000190734863,
02RH072,2018-01-10,20.399999618530277,
02RH072,2018-02-10,19.299999237060547,
02RH072,2018-03-10,21.200000762939453,
02RH072,2018-04-10,24.299999237060547,
02RH072,2018-05-10,151.0,
02RH072,2018-06-10,31.200000762939453,
02RH072,2018-07-10,23.799999237060547,
02RH072,2018-08-10,25.799999237060547,
02RH072,2018-09-10,9.710000038146973,
02RH072,2018-10-10,14.0,
02RH072,2018-11-10,31.399999618530277,
02RH072,2018-12-10,18.200000762939453,
02RH072,2019-01-10,14.300000190734863,
02RH072,2019-02-10,18.200000762939453,
02RH072,2019-03-10,18.299999237060547,
02RH072,2019-04-10,9.90999984741211,
02RH072,2019-05-10,139.0,
02RH072,2019-06-10,39.79999923706055,
02RH072,2019-07-10,14.899999618530272,
02RH072,2019-08-10,9.770000457763672,
02RH072,2019-09-10,10.100000381469728,
02RH072,2019-10-10,26.600000381469727,
02RH072,2019-11-10,31.0,
02RH072,2019-12-10,15.600000381469728,
02RH072,2020-01-10,18.100000381469727,
02RH072,2020-02-10,14.100000381469728,
02RH072,2020-03-10,18.100000381469727,
02RH072,2020-04-10,27.399999618530277,
02RH072,2020-05-10,51.59999847412109,
02RH072,2020-06-10,34.099998474121094,
02RH072,2020-07-10,14.699999809265137,
02RH072,2020-08-10,26.799999237060547,
02RH072,2020-09-10,21.600000381469727,
02RH072,2020-10-10,41.29999923706055,
02RH072,2020-11-10,24.799999237060547,
02RH072,2020-12-10,18.200000762939453,
02RH072,2021-01-10,23.399999618530277,
02RH072,2021-02-10,23.200000762939453,
02RH072,2021-03-10,22.799999237060547,
02RH072,2021-04-10,20.600000381469727,
02RH072,2021-05-10,19.799999237060547,
02RH072,2021-06-10,23.5,
02RH072,2021-07-10,27.200000762939453,
02RH072,2021-08-10,9.300000190734863,
02RH072,2021-09-10,9.550000190734863,
02RH072,2021-10-10,13.899999618530272,
02RH072,2021-11-10,9.729999542236328,
02RH072,2021-12-10,18.299999237060547,
02RH072,2022-01-10,19.799999237060547,
02RH072,2022-02-10,18.399999618530277,
02RH072,2022-03-10,18.0,
02RH072,2022-04-10,25.299999237060547,
02RH072,2022-05-10,150.0,
02RH072,2022-06-10,180.0,
02RH072,2022-07-10,30.0,
02RH072,2022-08-10,14.5,
02RH072,2022-09-10,14.899999618530272,
02RH072,2022-10-10,23.600000381469727,
02RH072,2022-11-10,14.300000190734863,
02RH072,2022-12-10,18.799999237060547,
02RH072,2023-01-10,18.299999237060547,
02RH072,2023-02-10,18.100000381469727,
02RH072,2023-03-10,19.600000381469727,
02RH072,2023-04-10,20.5,
02RH072,2023-05-10,27.700000762939453,
02RH072,2023-06-10,14.199999809265137,
02RH072,2023-07-10,18.799999237060547,
02RH072,2023-08-10,28.299999237060547,
02RH072,2023-09-10,51.20000076293945,
02RH072,2023-10-10,22.600000381469727,
02RH072,2023-11-10,14.300000190734863,
02RH072,2023-12-10,14.399999618530272,
02RH072,2024-01-10,23.0,
02RH072,2024-02-10,22.0,
02RH072,2024-03-10,22.200000762939453,
02RH072,2024-04-10,22.200000762939453,
02RH072,2024-05-10,14.600000381469728,
02RH072,2024-06-10,10.300000190734863,
02RH072,2024-07-10,10.100000381469728,
02RH072,2024-08-10,10.600000381469728,
02RH072,2024-09-10,10.100000381469728,
02RH072,2008-10-11,4.539999961853027,
02RH072,2008-11-11,6.510000228881836,
02RH072,2008-12-11,6.909999847412109,
02RH072,2009-01-11,25.100000381469727,
02RH072,2009-02-11,12.600000381469728,
02RH072,2009-03-11,10.600000381469728,
02RH072,2009-04-11,27.200000762939453,
02RH072,2009-05-11,74.0999984741211,
02RH072,2009-06-11,13.0,
02RH072,2009-07-11,27.700000762939453,
02RH072,2009-08-11,24.200000762939453,
02RH072,2009-09-11,9.449999809265137,
02RH072,2009-10-11,28.600000381469727,
02RH072,2009-11-11,17.0,
02RH072,2009-12-11,17.799999237060547,
02RH072,2010-01-11,15.399999618530272,
02RH072,2010-02-11,18.299999237060547,
02RH072,2010-03-11,20.299999237060547,
02RH072,2010-04-11,26.200000762939453,
02RH072,2010-05-11,72.0,
02RH072,2010-06-11,22.100000381469727,
02RH072,2010-07-11,10.0,
02RH072,2010-08-11,10.300000190734863,
02RH072,2010-09-11,10.199999809265137,
02RH072,2010-10-11,29.5,
02RH072,2010-11-11,27.700000762939453,
02RH072,2010-12-11,23.399999618530277,
02RH072,2011-01-11,21.0,
02RH072,2011-02-11,13.399999618530272,
02RH072,2011-03-11,22.0,
02RH072,2011-04-11,23.600000381469727,
02RH072,2011-05-11,47.900001525878906,
02RH072,2011-06-11,53.59999847412109,
02RH072,2011-07-11,18.5,
02RH072,2011-08-11,35.0,
02RH072,2011-09-11,28.799999237060547,
02RH072,2011-10-11,19.5,
02RH072,2011-11-11,16.899999618530273,
02RH072,2011-12-11,23.799999237060547,
02RH072,2012-01-11,13.5,
02RH072,2012-02-11,21.600000381469727,
02RH072,2012-03-11,17.399999618530273,
02RH072,2012-04-11,13.100000381469728,
02RH072,2012-05-11,70.0,
02RH072,2012-06-11,21.899999618530277,
02RH072,2012-07-11,21.399999618530277,
02RH072,2012-08-11,10.100000381469728,
02RH072,2012-09-11,10.199999809265137,
02RH072,2012-10-11,13.399999618530272,
02RH072,2012-11-11,25.399999618530277,
02RH072,2012-12-11,13.600000381469728,
02RH072,2013-01-11,13.199999809265137,
02RH072,2013-02-11,21.299999237060547,
02RH072,2013-03-11,13.0,
02RH072,2013-04-11,10.199999809265137,
02RH072,2013-05-11,25.600000381469727,
02RH072,2013-06-11,20.5,
02RH072,2013-07-11,13.100000381469728,
02RH072,2013-08-11,21.600000381469727,
02RH072,2013-09-11,10.300000190734863,
02RH072,2013-10-11,19.700000762939453,
02RH072,2013-11-11,27.399999618530277,
02RH072,2013-12-11,14.800000190734863,
02RH072,2014-01-11,14.699999809265137,
02RH072,2014-02-11,22.5,
02RH072,2014-03-11,18.5,
02RH072,2014-04-11,14.800000190734863,
02RH072,2014-05-11,75.69999694824219,
02RH072,2014-06-11,14.5,
02RH072,2014-07-11,11.399999618530272,
02RH072,2014-08-11,12.800000190734863,
02RH072,2014-09-11,28.100000381469727,
02RH072,2014-10-11,26.799999237060547,
02RH072,2014-11-11,29.700000762939453,
02RH072,2014-12-11,14.800000190734863,
02RH072,2015-01-11,19.100000381469727,
02RH072,2015-02-11,14.5,
02RH072,2015-03-11,14.800000190734863,
02RH072,2015-04-11,22.399999618530277,
02RH072,2015-05-11,30.5,
02RH072,2015-06-11,25.799999237060547,
02RH072,2015-07-11,23.299999237060547,
02RH072,2015-08-11,30.100000381469727,
02RH072,2015-09-11,15.800000190734863,
02RH072,2015-10-11,14.800000190734863,
02RH072,2015-11-11,28.200000762939453,
02RH072,2015-12-11,27.0,
02RH072,2016-01-11,15.800000190734863,
02RH072,2016-02-11,23.799999237060547,
02RH072,2016-03-11,23.700000762939453,
02RH072,2016-04-11,24.399999618530277,
02RH072,2016-05-11,93.5999984741211,
02RH072,2016-06-11,156.0,
02RH072,2016-07-11,40.70000076293945,
02RH072,2016-08-11,22.799999237060547,
02RH072,2016-09-11,10.699999809265137,
02RH072,2016-10-11,14.899999618530272,
02RH072,2016-11-11,41.09999847412109,
02RH072,2016-12-11,21.399999618530277,
02RH072,2017-01-11,21.0,
02RH072,2017-02-11,19.200000762939453,
02RH072,2017-03-11,18.899999618530277,
02RH072,2017-04-11,22.399999618530277,
02RH072,2017-05-11,96.0,
02RH072,2017-06-11,25.399999618530277,
02RH072,2017-07-11,16.0,
02RH072,2017-08-11,9.75,
02RH072,2017-09-11,61.29999923706055,
02RH072,2017-10-11,24.899999618530277,
02RH072,2017-11-11,64.30000305175781,
02RH072,2017-12-11,15.800000190734863,
02RH072,2018-01-11,22.399999618530277,
02RH072,2018-02-11,19.200000762939453,
02RH072,2018-03-11,21.0,
02RH072,2018-04-11,24.100000381469727,
02RH072,2018-05-11,180.0,
02RH072,2018-06-11,29.700000762939453,
02RH072,2018-07-11,16.200000762939453,
02RH072,2018-08-11,24.0,
02RH072,2018-09-11,9.699999809265137,
02RH072,2018-10-11,14.600000381469728,
02RH072,2018-11-11,31.5,
02RH072,2018-12-11,18.200000762939453,
02RH072,2019-01-11,15.399999618530272,
02RH072,2019-02-11,18.100000381469727,
02RH072,2019-03-11,18.100000381469727,
02RH072,2019-04-11,9.8100004196167,
02RH072,2019-05-11,121.0,
02RH072,2019-06-11,39.900001525878906,
02RH072,2019-07-11,14.899999618530272,
02RH072,2019-08-11,9.8100004196167,
02RH072,2019-09-11,10.100000381469728,
02RH072,2019-10-11,26.600000381469727,
02RH072,2019-11-11,27.5,
02RH072,2019-12-11,18.399999618530277,
02RH072,2020-01-11,18.100000381469727,
02RH072,2020-02-11,14.0,
02RH072,2020-03-11,18.0,
02RH072,2020-04-11,25.799999237060547,
02RH072,2020-05-11,51.79999923706055,
02RH072,2020-06-11,33.099998474121094,
02RH072,2020-07-11,14.199999809265137,
02RH072,2020-08-11,25.799999237060547,
02RH072,2020-09-11,25.299999237060547,
02RH072,2020-10-11,41.29999923706055,
02RH072,2020-11-11,23.100000381469727,
02RH072,2020-12-11,14.600000381469728,
02RH072,2021-01-11,23.299999237060547,
02RH072,2021-02-11,23.0,
02RH072,2021-03-11,22.600000381469727,
02RH072,2021-04-11,21.299999237060547,
02RH072,2021-05-11,19.899999618530277,
02RH072,2021-06-11,20.299999237060547,
02RH072,2021-07-11,27.100000381469727,
02RH072,2021-08-11,9.4399995803833,
02RH072,2021-09-11,9.529999732971191,
02RH072,2021-10-11,13.899999618530272,
02RH072,2021-11-11,12.600000381469728,
02RH072,2021-12-11,18.299999237060547,
02RH072,2022-01-11,24.100000381469727,
02RH072,2022-02-11,18.399999618530277,
02RH072,2022-03-11,17.799999237060547,
02RH072,2022-04-11,23.200000762939453,
02RH072,2022-05-11,143.0,
02RH072,2022-06-11,238.0,
02RH072,2022-07-11,28.5,
02RH072,2022-08-11,14.5,
02RH072,2022-09-11,14.899999618530272,
02RH072,2022-10-11,18.799999237060547,
02RH072,2022-11-11,14.300000190734863,
02RH072,2022-12-11,18.799999237060547,
02RH072,2023-01-11,23.600000381469727,
02RH072,2023-02-11,18.0,
02RH072,2023-03-11,19.600000381469727,
02RH072,2023-04-11,15.5,
02RH072,2023-05-11,27.0,
02RH072,2023-06-11,14.199999809265137,
02RH072,2023-07-11,68.9000015258789,
02RH072,2023-08-11,28.5,
02RH072,2023-09-11,24.799999237060547,
02RH072,2023-10-11,23.0,
02RH072,2023-11-11,14.300000190734863,
02RH072,2023-12-11,14.399999618530272,
02RH072,2024-01-11,23.0,
02RH072,2024-02-11,21.899999618530277,
02RH072,2024-03-11,22.0,
02RH072,2024-04-11,23.100000381469727,
02RH072,2024-05-11,14.399999618530272,
02RH072,2024-06-11,10.5,
02RH072,2024-07-11,10.100000381469728,
02RH072,2024-08-11,10.600000381469728,
02RH072,2024-09-11,10.100000381469728,
02RH072,2008-10-12,4.690000057220459,
02RH072,2008-11-12,6.0,
02RH072,2008-12-12,6.960000038146973,
02RH072,2009-01-12,25.0,
02RH072,2009-02-12,12.199999809265137,
02RH072,2009-03-12,12.100000381469728,
02RH072,2009-04-12,28.799999237060547,
02RH072,2009-05-12,73.9000015258789,
02RH072,2009-06-12,16.899999618530273,
02RH072,2009-07-12,27.700000762939453,
02RH072,2009-08-12,25.600000381469727,
02RH072,2009-09-12,9.43000030517578,
02RH072,2009-10-12,28.700000762939453,
02RH072,2009-11-12,24.600000381469727,
02RH072,2009-12-12,17.799999237060547,
02RH072,2010-01-12,13.699999809265137,
02RH072,2010-02-12,19.0,
02RH072,2010-03-12,26.200000762939453,
02RH072,2010-04-12,26.0,
02RH072,2010-05-12,45.59999847412109,
02RH072,2010-06-12,22.100000381469727,
02RH072,2010-07-12,10.100000381469728,
02RH072,2010-08-12,10.300000190734863,
02RH072,2010-09-12,10.199999809265137,
02RH072,2010-10-12,29.600000381469727,
02RH072,2010-11-12,27.600000381469727,
02RH072,2010-12-12,23.399999618530277,
02RH072,2011-01-12,25.0,
02RH072,2011-02-12,13.300000190734863,
02RH072,2011-03-12,22.0,
02RH072,2011-04-12,26.899999618530277,
02RH072,2011-05-12,42.5,
02RH072,2011-06-12,38.0,
02RH072,2011-07-12,26.0,
02RH072,2011-08-12,48.5,
02RH072,2011-09-12,27.600000381469727,
02RH072,2011-10-12,19.899999618530277,
02RH072,2011-11-12,17.100000381469727,
02RH072,2011-12-12,20.799999237060547,
02RH072,2012-01-12,13.399999618530272,
02RH072,2012-02-12,21.399999618530277,
02RH072,2012-03-12,22.0,
02RH072,2012-04-12,13.199999809265137,
02RH072,2012-05-12,70.5999984741211,
02RH072,2012-06-12,21.799999237060547,
02RH072,2012-07-12,16.700000762939453,
02RH072,2012-08-12,15.300000190734863,
02RH072,2012-09-12,10.199999809265137,
02RH072,2012-10-12,17.399999618530273,
02RH072,2012-11-12,25.200000762939453,
02RH072,2012-12-12,13.600000381469728,
02RH072,2013-01-12,13.199999809265137,
02RH072,2013-02-12,21.299999237060547,
02RH072,2013-03-12,17.5,
02RH072,2013-04-12,9.9399995803833,
02RH072,2013-05-12,26.100000381469727,
02RH072,2013-06-12,15.600000381469728,
02RH072,2013-07-12,13.199999809265137,
02RH072,2013-08-12,12.0,
02RH072,2013-09-12,10.300000190734863,
02RH072,2013-10-12,14.5,
02RH072,2013-11-12,27.399999618530277,
02RH072,2013-12-12,14.800000190734863,
02RH072,2014-01-12,14.600000381469728,
02RH072,2014-02-12,22.700000762939453,
02RH072,2014-03-12,18.200000762939453,
02RH072,2014-04-12,15.0,
02RH072,2014-05-12,102.0,
02RH072,2014-06-12,14.5,
02RH072,2014-07-12,11.0,
02RH072,2014-08-12,10.899999618530272,
02RH072,2014-09-12,26.600000381469727,
02RH072,2014-10-12,26.799999237060547,
02RH072,2014-11-12,29.700000762939453,
02RH072,2014-12-12,14.800000190734863,
02RH072,2015-01-12,18.899999618530277,
02RH072,2015-02-12,14.399999618530272,
02RH072,2015-03-12,14.600000381469728,
02RH072,2015-04-12,20.899999618530277,
02RH072,2015-05-12,30.399999618530277,
02RH072,2015-06-12,28.799999237060547,
02RH072,2015-07-12,23.299999237060547,
02RH072,2015-08-12,50.29999923706055,
02RH072,2015-09-12,15.800000190734863,
02RH072,2015-10-12,14.699999809265137,
02RH072,2015-11-12,28.100000381469727,
02RH072,2015-12-12,27.0,
02RH072,2016-01-12,15.699999809265137,
02RH072,2016-02-12,23.700000762939453,
02RH072,2016-03-12,24.600000381469727,
02RH072,2016-04-12,24.0,
02RH072,2016-05-12,122.0,
02RH072,2016-06-12,156.0,
02RH072,2016-07-12,39.79999923706055,
02RH072,2016-08-12,18.899999618530277,
02RH072,2016-09-12,10.600000381469728,
02RH072,2016-10-12,15.5,
02RH072,2016-11-12,54.79999923706055,
02RH072,2016-12-12,21.399999618530277,
02RH072,2017-01-12,20.899999618530277,
02RH072,2017-02-12,19.0,
02RH072,2017-03-12,18.700000762939453,
02RH072,2017-04-12,21.700000762939453,
02RH072,2017-05-12,57.59999847412109,
02RH072,2017-06-12,20.700000762939453,
02RH072,2017-07-12,22.0,
02RH072,2017-08-12,9.729999542236328,
02RH072,2017-09-12,35.400001525878906,
02RH072,2017-10-12,24.899999618530277,
02RH072,2017-11-12,32.5,
02RH072,2017-12-12,15.800000190734863,
02RH072,2018-01-12,23.700000762939453,
02RH072,2018-02-12,16.5,
02RH072,2018-03-12,20.700000762939453,
02RH072,2018-04-12,16.799999237060547,
02RH072,2018-05-12,205.0,
02RH072,2018-06-12,27.600000381469727,
02RH072,2018-07-12,16.100000381469727,
02RH072,2018-08-12,22.0,
02RH072,2018-09-12,9.670000076293944,
02RH072,2018-10-12,18.799999237060547,
02RH072,2018-11-12,30.200000762939453,
02RH072,2018-12-12,18.200000762939453,
02RH072,2019-01-12,18.299999237060547,
02RH072,2019-02-12,18.0,
02RH072,2019-03-12,18.0,
02RH072,2019-04-12,11.600000381469728,
02RH072,2019-05-12,123.0,
02RH072,2019-06-12,35.099998474121094,
02RH072,2019-07-12,14.899999618530272,
02RH072,2019-08-12,9.8100004196167,
02RH072,2019-09-12,12.0,
02RH072,2019-10-12,26.5,
02RH072,2019-11-12,25.299999237060547,
02RH072,2019-12-12,18.299999237060547,
02RH072,2020-01-12,18.0,
02RH072,2020-02-12,13.899999618530272,
02RH072,2020-03-12,17.799999237060547,
02RH072,2020-04-12,25.100000381469727,
02RH072,2020-05-12,51.29999923706055,
02RH072,2020-06-12,34.0,
02RH072,2020-07-12,14.300000190734863,
02RH072,2020-08-12,25.100000381469727,
02RH072,2020-09-12,23.399999618530277,
02RH072,2020-10-12,41.29999923706055,
02RH072,2020-11-12,23.0,
02RH072,2020-12-12,14.600000381469728,
02RH072,2021-01-12,23.200000762939453,
02RH072,2021-02-12,23.100000381469727,
02RH072,2021-03-12,22.899999618530277,
02RH072,2021-04-12,21.0,
02RH072,2021-05-12,13.800000190734863,
02RH072,2021-06-12,14.300000190734863,
02RH072,2021-07-12,24.799999237060547,
02RH072,2021-08-12,9.43000030517578,
02RH072,2021-09-12,9.529999732971191,
02RH072,2021-10-12,12.0,
02RH072,2021-11-12,14.600000381469728,
02RH072,2021-12-12,18.200000762939453,
02RH072,2022-01-12,22.200000762939453,
02RH072,2022-02-12,18.299999237060547,
02RH072,2022-03-12,17.799999237060547,
02RH072,2022-04-12,25.799999237060547,
02RH072,2022-05-12,145.0,
02RH072,2022-06-12,243.0,
02RH072,2022-07-12,25.399999618530277,
02RH072,2022-08-12,14.5,
02RH072,2022-09-12,14.800000190734863,
02RH072,2022-10-12,15.199999809265137,
02RH072,2022-11-12,14.399999618530272,
02RH072,2022-12-12,15.0,
02RH072,2023-01-12,24.100000381469727,
02RH072,2023-02-12,17.899999618530273,
02RH072,2023-03-12,19.5,
02RH072,2023-04-12,14.300000190734863,
02RH072,2023-05-12,24.799999237060547,
02RH072,2023-06-12,14.199999809265137,
02RH072,2023-07-12,152.0,
02RH072,2023-08-12,47.29999923706055,
02RH072,2023-09-12,23.200000762939453,
02RH072,2023-10-12,23.200000762939453,
02RH072,2023-11-12,14.399999618530272,
02RH072,2023-12-12,14.399999618530272,
02RH072,2024-01-12,23.100000381469727,
02RH072,2024-02-12,22.0,
02RH072,2024-03-12,21.799999237060547,
02RH072,2024-04-12,24.0,
02RH072,2024-05-12,13.5,
02RH072,2024-06-12,10.600000381469728,
02RH072,2024-07-12,10.100000381469728,
02RH072,2024-08-12,10.600000381469728,
02RH072,2024-09-12,10.0,
02RH072,2008-10-13,4.389999866485596,
02RH072,2008-11-13,5.489999771118164,
02RH072,2008-12-13,6.659999847412109,
02RH072,2009-01-13,24.899999618530277,
02RH072,2009-02-13,12.199999809265137,
02RH072,2009-03-13,12.100000381469728,
02RH072,2009-04-13,28.0,
02RH072,2009-05-13,61.09999847412109,
02RH072,2009-06-13,20.700000762939453,
02RH072,2009-07-13,27.700000762939453,
02RH072,2009-08-13,24.5,
02RH072,2009-09-13,9.420000076293944,
02RH072,2009-10-13,28.700000762939453,
02RH072,2009-11-13,13.100000381469728,
02RH072,2009-12-13,17.799999237060547,
02RH072,2010-01-13,13.600000381469728,
02RH072,2010-02-13,25.600000381469727,
02RH072,2010-03-13,26.0,
02RH072,2010-04-13,25.899999618530277,
02RH072,2010-05-13,39.400001525878906,
02RH072,2010-06-13,22.100000381469727,
02RH072,2010-07-13,10.399999618530272,
02RH072,2010-08-13,10.300000190734863,
02RH072,2010-09-13,10.300000190734863,
02RH072,2010-10-13,29.5,
02RH072,2010-11-13,27.5,
02RH072,2010-12-13,23.100000381469727,
02RH072,2011-01-13,25.299999237060547,
02RH072,2011-02-13,13.199999809265137,
02RH072,2011-03-13,21.700000762939453,
02RH072,2011-04-13,29.0,
02RH072,2011-05-13,55.400001525878906,
02RH072,2011-06-13,31.600000381469727,
02RH072,2011-07-13,25.899999618530277,
02RH072,2011-08-13,56.29999923706055,
02RH072,2011-09-13,26.399999618530277,
02RH072,2011-10-13,23.0,
02RH072,2011-11-13,17.299999237060547,
02RH072,2011-12-13,13.800000190734863,
02RH072,2012-01-13,16.299999237060547,
02RH072,2012-02-13,21.200000762939453,
02RH072,2012-03-13,25.200000762939453,
02RH072,2012-04-13,16.399999618530273,
02RH072,2012-05-13,70.80000305175781,
02RH072,2012-06-13,19.700000762939453,
02RH072,2012-07-13,13.0,
02RH072,2012-08-13,10.199999809265137,
02RH072,2012-09-13,10.199999809265137,
02RH072,2012-10-13,21.299999237060547,
02RH072,2012-11-13,25.200000762939453,
02RH072,2012-12-13,13.600000381469728,
02RH072,2013-01-13,13.100000381469728,
02RH072,2013-02-13,21.399999618530277,
02RH072,2013-03-13,21.5,
02RH072,2013-04-13,10.199999809265137,
02RH072,2013-05-13,32.29999923706055,
02RH072,2013-06-13,32.5,
02RH072,2013-07-13,13.399999618530272,
02RH072,2013-08-13,18.299999237060547,
02RH072,2013-09-13,11.300000190734863,
02RH072,2013-10-13,14.5,
02RH072,2013-11-13,27.299999237060547,
02RH072,2013-12-13,14.800000190734863,
02RH072,2014-01-13,14.699999809265137,
02RH072,2014-02-13,22.899999618530277,
02RH072,2014-03-13,17.799999237060547,
02RH072,2014-04-13,14.5,
02RH072,2014-05-13,126.0,
02RH072,2014-06-13,18.299999237060547,
02RH072,2014-07-13,11.0,
02RH072,2014-08-13,10.699999809265137,
02RH072,2014-09-13,19.200000762939453,
02RH072,2014-10-13,26.799999237060547,
02RH072,2014-11-13,28.5,
02RH072,2014-12-13,14.800000190734863,
02RH072,2015-01-13,19.100000381469727,
02RH072,2015-02-13,14.800000190734863,
02RH072,2015-03-13,14.600000381469728,
02RH072,2015-04-13,19.5,
02RH072,2015-05-13,30.5,
02RH072,2015-06-13,28.799999237060547,
02RH072,2015-07-13,18.600000381469727,
02RH072,2015-08-13,96.8000030517578,
02RH072,2015-09-13,15.800000190734863,
02RH072,2015-10-13,14.699999809265137,
02RH072,2015-11-13,28.200000762939453,
02RH072,2015-12-13,26.899999618530277,
02RH072,2016-01-13,15.699999809265137,
02RH072,2016-02-13,23.600000381469727,
02RH072,2016-03-13,24.299999237060547,
02RH072,2016-04-13,24.0,
02RH072,2016-05-13,157.0,
02RH072,2016-06-13,164.0,
02RH072,2016-07-13,27.700000762939453,
02RH072,2016-08-13,15.199999809265137,
02RH072,2016-09-13,10.399999618530272,
02RH072,2016-10-13,15.699999809265137,
02RH072,2016-11-13,30.600000381469727,
02RH072,2016-12-13,21.399999618530277,
02RH072,2017-01-13,20.799999237060547,
02RH072,2017-02-13,18.899999618530277,
02RH072,2017-03-13,18.5,
02RH072,2017-04-13,19.600000381469727,
02RH072,2017-05-13,52.70000076293945,
02RH072,2017-06-13,10.199999809265137,
02RH072,2017-07-13,22.100000381469727,
02RH072,2017-08-13,9.710000038146973,
02RH072,2017-09-13,26.200000762939453,
02RH072,2017-10-13,23.100000381469727,
02RH072,2017-11-13,28.5,
02RH072,2017-12-13,15.800000190734863,
02RH072,2018-01-13,20.600000381469727,
02RH072,2018-02-13,9.600000381469728,
02RH072,2018-03-13,20.799999237060547,
02RH072,2018-04-13,11.199999809265137,
02RH072,2018-05-13,205.0,
02RH072,2018-06-13,28.399999618530277,
02RH072,2018-07-13,15.699999809265137,
02RH072,2018-08-13,20.700000762939453,
02RH072,2018-09-13,11.399999618530272,
02RH072,2018-10-13,22.100000381469727,
02RH072,2018-11-13,25.899999618530277,
02RH072,2018-12-13,18.100000381469727,
02RH072,2019-01-13,18.200000762939453,
02RH072,2019-02-13,17.899999618530273,
02RH072,2019-03-13,18.200000762939453,
02RH072,2019-04-13,13.899999618530272,
02RH072,2019-05-13,124.0,
02RH072,2019-06-13,30.0,
02RH072,2019-07-13,14.899999618530272,
02RH072,2019-08-13,9.81999969482422,
02RH072,2019-09-13,12.100000381469728,
02RH072,2019-10-13,26.399999618530277,
02RH072,2019-11-13,25.299999237060547,
02RH072,2019-12-13,18.299999237060547,
02RH072,2020-01-13,18.0,
02RH072,2020-02-13,15.199999809265137,
02RH072,2020-03-13,18.100000381469727,
02RH072,2020-04-13,22.899999618530277,
02RH072,2020-05-13,50.59999847412109,
02RH072,2020-06-13,29.799999237060547,
02RH072,2020-07-13,19.0,
02RH072,2020-08-13,25.100000381469727,
02RH072,2020-09-13,23.299999237060547,
02RH072,2020-10-13,41.29999923706055,
02RH072,2020-11-13,19.399999618530277,
02RH072,2020-12-13,14.600000381469728,
02RH072,2021-01-13,23.100000381469727,
02RH072,2021-02-13,23.299999237060547,
02RH072,2021-03-13,22.899999618530277,
02RH072,2021-04-13,20.5,
02RH072,2021-05-13,13.0,
02RH072,2021-06-13,14.199999809265137,
02RH072,2021-07-13,20.600000381469727,
02RH072,2021-08-13,9.40999984741211,
02RH072,2021-09-13,9.510000228881836,
02RH072,2021-10-13,17.200000762939453,
02RH072,2021-11-13,14.600000381469728,
02RH072,2021-12-13,18.200000762939453,
02RH072,2022-01-13,18.200000762939453,
02RH072,2022-02-13,18.200000762939453,
02RH072,2022-03-13,17.600000381469727,
02RH072,2022-04-13,26.799999237060547,
02RH072,2022-05-13,148.0,
02RH072,2022-06-13,242.0,
02RH072,2022-07-13,25.299999237060547,
02RH072,2022-08-13,14.5,
02RH072,2022-09-13,14.800000190734863,
02RH072,2022-10-13,15.199999809265137,
02RH072,2022-11-13,14.5,
02RH072,2022-12-13,13.5,
02RH072,2023-01-13,25.399999618530277,
02RH072,2023-02-13,17.899999618530273,
02RH072,2023-03-13,19.700000762939453,
02RH072,2023-04-13,21.399999618530277,
02RH072,2023-05-13,23.5,
02RH072,2023-06-13,14.199999809265137,
02RH072,2023-07-13,128.0,
02RH072,2023-08-13,105.0,
02RH072,2023-09-13,25.700000762939453,
02RH072,2023-10-13,23.100000381469727,
02RH072,2023-11-13,14.399999618530272,
02RH072,2023-12-13,14.399999618530272,
02RH072,2024-01-13,23.0,
02RH072,2024-02-13,21.899999618530277,
02RH072,2024-03-13,21.5,
02RH072,2024-04-13,24.0,
02RH072,2024-05-13,13.899999618530272,
02RH072,2024-06-13,10.699999809265137,
02RH072,2024-07-13,10.0,
02RH072,2024-08-13,10.600000381469728,
02RH072,2024-09-13,10.0,
02RH072,2008-10-14,4.269999980926514,
02RH072,2008-11-14,5.329999923706055,
02RH072,2008-12-14,6.150000095367432,
02RH072,2009-01-14,25.100000381469727,
02RH072,2009-02-14,12.399999618530272,
02RH072,2009-03-14,12.199999809265137,
02RH072,2009-04-14,27.899999618530277,
02RH072,2009-05-14,39.09999847412109,
02RH072,2009-06-14,20.600000381469727,
02RH072,2009-07-14,27.600000381469727,
02RH072,2009-08-14,22.5,
02RH072,2009-09-14,9.40999984741211,
02RH072,2009-10-14,27.899999618530277,
02RH072,2009-11-14,13.100000381469728,
02RH072,2009-12-14,17.700000762939453,
02RH072,2010-01-14,13.5,
02RH072,2010-02-14,25.200000762939453,
02RH072,2010-03-14,25.200000762939453,
02RH072,2010-04-14,26.100000381469727,
02RH072,2010-05-14,36.59999847412109,
02RH072,2010-06-14,15.899999618530272,
02RH072,2010-07-14,10.300000190734863,
02RH072,2010-08-14,10.199999809265137,
02RH072,2010-09-14,10.300000190734863,
02RH072,2010-10-14,29.399999618530277,
02RH072,2010-11-14,27.5,
02RH072,2010-12-14,23.0,
02RH072,2011-01-14,25.200000762939453,
02RH072,2011-02-14,13.199999809265137,
02RH072,2011-03-14,22.0,
02RH072,2011-04-14,30.0,
02RH072,2011-05-14,70.4000015258789,
02RH072,2011-06-14,28.700000762939453,
02RH072,2011-07-14,17.299999237060547,
02RH072,2011-08-14,52.400001525878906,
02RH072,2011-09-14,25.399999618530277,
02RH072,2011-10-14,22.600000381469727,
02RH072,2011-11-14,17.200000762939453,
02RH072,2011-12-14,17.5,
02RH072,2012-01-14,22.399999618530277,
02RH072,2012-02-14,21.5,
02RH072,2012-03-14,25.299999237060547,
02RH072,2012-04-14,21.5,
02RH072,2012-05-14,64.0,
02RH072,2012-06-14,13.5,
02RH072,2012-07-14,13.0,
02RH072,2012-08-14,10.300000190734863,
02RH072,2012-09-14,10.300000190734863,
02RH072,2012-10-14,21.200000762939453,
02RH072,2012-11-14,25.200000762939453,
02RH072,2012-12-14,13.600000381469728,
02RH072,2013-01-14,13.199999809265137,
02RH072,2013-02-14,21.299999237060547,
02RH072,2013-03-14,21.200000762939453,
02RH072,2013-04-14,9.949999809265137,
02RH072,2013-05-14,38.59999847412109,
02RH072,2013-06-14,34.599998474121094,
02RH072,2013-07-14,13.399999618530272,
02RH072,2013-08-14,29.100000381469727,
02RH072,2013-09-14,13.100000381469728,
02RH072,2013-10-14,14.5,
02RH072,2013-11-14,27.200000762939453,
02RH072,2013-12-14,14.800000190734863,
02RH072,2014-01-14,17.799999237060547,
02RH072,2014-02-14,22.799999237060547,
02RH072,2014-03-14,14.300000190734863,
02RH072,2014-04-14,17.799999237060547,
02RH072,2014-05-14,106.0,
02RH072,2014-06-14,25.399999618530277,
02RH072,2014-07-14,12.800000190734863,
02RH072,2014-08-14,10.800000190734863,
02RH072,2014-09-14,15.5,
02RH072,2014-10-14,27.0,
02RH072,2014-11-14,26.200000762939453,
02RH072,2014-12-14,14.800000190734863,
02RH072,2015-01-14,19.299999237060547,
02RH072,2015-02-14,15.399999618530272,
02RH072,2015-03-14,14.399999618530272,
02RH072,2015-04-14,23.399999618530277,
02RH072,2015-05-14,30.200000762939453,
02RH072,2015-06-14,28.799999237060547,
02RH072,2015-07-14,14.899999618530272,
02RH072,2015-08-14,98.5999984741211,
02RH072,2015-09-14,15.899999618530272,
02RH072,2015-10-14,14.800000190734863,
02RH072,2015-11-14,28.100000381469727,
02RH072,2015-12-14,26.899999618530277,
02RH072,2016-01-14,15.699999809265137,
02RH072,2016-02-14,23.399999618530277,
02RH072,2016-03-14,24.0,
02RH072,2016-04-14,24.299999237060547,
02RH072,2016-05-14,162.0,
02RH072,2016-06-14,155.0,
02RH072,2016-07-14,34.29999923706055,
02RH072,2016-08-14,15.199999809265137,
02RH072,2016-09-14,10.5,
02RH072,2016-10-14,15.399999618530272,
02RH072,2016-11-14,30.600000381469727,
02RH072,2016-12-14,21.399999618530277,
02RH072,2017-01-14,20.799999237060547,
02RH072,2017-02-14,18.700000762939453,
02RH072,2017-03-14,20.100000381469727,
02RH072,2017-04-14,22.0,
02RH072,2017-05-14,53.20000076293945,
02RH072,2017-06-14,12.199999809265137,
02RH072,2017-07-14,15.899999618530272,
02RH072,2017-08-14,9.710000038146973,
02RH072,2017-09-14,22.200000762939453,
02RH072,2017-10-14,22.399999618530277,
02RH072,2017-11-14,26.700000762939453,
02RH072,2017-12-14,15.699999809265137,
02RH072,2018-01-14,20.700000762939453,
02RH072,2018-02-14,12.699999809265137,
02RH072,2018-03-14,21.200000762939453,
02RH072,2018-04-14,14.100000381469728,
02RH072,2018-05-14,128.0,
02RH072,2018-06-14,29.5,
02RH072,2018-07-14,14.5,
02RH072,2018-08-14,14.699999809265137,
02RH072,2018-09-14,9.609999656677246,
02RH072,2018-10-14,51.5,
02RH072,2018-11-14,25.5,
02RH072,2018-12-14,18.200000762939453,
02RH072,2019-01-14,18.100000381469727,
02RH072,2019-02-14,17.799999237060547,
02RH072,2019-03-14,17.5,
02RH072,2019-04-14,13.800000190734863,
02RH072,2019-05-14,125.0,
02RH072,2019-06-14,31.299999237060547,
02RH072,2019-07-14,20.600000381469727,
02RH072,2019-08-14,9.859999656677246,
02RH072,2019-09-14,10.0,
02RH072,2019-10-14,26.299999237060547,
02RH072,2019-11-14,25.299999237060547,
02RH072,2019-12-14,18.299999237060547,
02RH072,2020-01-14,17.899999618530273,
02RH072,2020-02-14,19.0,
02RH072,2020-03-14,18.200000762939453,
02RH072,2020-04-14,22.600000381469727,
02RH072,2020-05-14,50.5,
02RH072,2020-06-14,29.799999237060547,
02RH072,2020-07-14,23.899999618530277,
02RH072,2020-08-14,24.299999237060547,
02RH072,2020-09-14,23.399999618530277,
02RH072,2020-10-14,41.400001525878906,
02RH072,2020-11-14,14.0,
02RH072,2020-12-14,14.600000381469728,
02RH072,2021-01-14,23.0,
02RH072,2021-02-14,23.100000381469727,
02RH072,2021-03-14,22.700000762939453,
02RH072,2021-04-14,20.600000381469727,
02RH072,2021-05-14,16.100000381469727,
02RH072,2021-06-14,14.199999809265137,
02RH072,2021-07-14,16.5,
02RH072,2021-08-14,9.460000038146973,
02RH072,2021-09-14,9.520000457763672,
02RH072,2021-10-14,16.799999237060547,
02RH072,2021-11-14,14.600000381469728,
02RH072,2021-12-14,18.299999237060547,
02RH072,2022-01-14,18.200000762939453,
02RH072,2022-02-14,18.0,
02RH072,2022-03-14,14.300000190734863,
02RH072,2022-04-14,23.899999618530277,
02RH072,2022-05-14,174.0,
02RH072,2022-06-14,241.0,
02RH072,2022-07-14,25.200000762939453,
02RH072,2022-08-14,14.5,
02RH072,2022-09-14,28.200000762939453,
02RH072,2022-10-14,15.300000190734863,
02RH072,2022-11-14,14.5,
02RH072,2022-12-14,14.5,
02RH072,2023-01-14,25.200000762939453,
02RH072,2023-02-14,17.799999237060547,
02RH072,2023-03-14,20.0,
02RH072,2023-04-14,20.5,
02RH072,2023-05-14,23.600000381469727,
02RH072,2023-06-14,14.199999809265137,
02RH072,2023-07-14,93.9000015258789,
02RH072,2023-08-14,150.0,
02RH072,2023-09-14,26.899999618530277,
02RH072,2023-10-14,23.100000381469727,
02RH072,2023-11-14,14.399999618530272,
02RH072,2023-12-14,14.399999618530272,
02RH072,2024-01-14,22.899999618530277,
02RH072,2024-02-14,21.799999237060547,
02RH072,2024-03-14,21.299999237060547,
02RH072,2024-04-14,24.0,
02RH072,2024-05-14,14.100000381469728,
02RH072,2024-06-14,10.5,
02RH072,2024-07-14,9.989999771118164,
02RH072,2024-08-14,10.600000381469728,
02RH072,2024-09-14,10.0,
02RH072,2008-10-15,4.260000228881836,
02RH072,2008-11-15,5.840000152587891,
02RH072,2008-12-15,7.949999809265137,
02RH072,2009-01-15,25.299999237060547,
02RH072,2009-02-15,12.300000190734863,
02RH072,2009-03-15,12.100000381469728,
02RH072,2009-04-15,28.399999618530277,
02RH072,2009-05-15,33.70000076293945,
02RH072,2009-06-15,21.299999237060547,
02RH072,2009-07-15,24.899999618530277,
02RH072,2009-08-15,22.399999618530277,
02RH072,2009-09-15,9.399999618530272,
02RH072,2009-10-15,27.0,
02RH072,2009-11-15,13.100000381469728,
02RH072,2009-12-15,17.799999237060547,
02RH072,2010-01-15,13.399999618530272,
02RH072,2010-02-15,25.899999618530277,
02RH072,2010-03-15,20.200000762939453,
02RH072,2010-04-15,26.100000381469727,
02RH072,2010-05-15,31.399999618530277,
02RH072,2010-06-15,13.100000381469728,
02RH072,2010-07-15,10.300000190734863,
02RH072,2010-08-15,10.199999809265137,
02RH072,2010-09-15,10.199999809265137,
02RH072,2010-10-15,29.299999237060547,
02RH072,2010-11-15,27.399999618530277,
02RH072,2010-12-15,22.700000762939453,
02RH072,2011-01-15,25.100000381469727,
02RH072,2011-02-15,13.199999809265137,
02RH072,2011-03-15,22.0,
02RH072,2011-04-15,29.700000762939453,
02RH072,2011-05-15,71.19999694824219,
02RH072,2011-06-15,26.399999618530277,
02RH072,2011-07-15,19.200000762939453,
02RH072,2011-08-15,39.59999847412109,
02RH072,2011-09-15,25.399999618530277,
02RH072,2011-10-15,23.0,
02RH072,2011-11-15,17.200000762939453,
02RH072,2011-12-15,24.200000762939453,
02RH072,2012-01-15,22.299999237060547,
02RH072,2012-02-15,21.5,
02RH072,2012-03-15,25.399999618530277,
02RH072,2012-04-15,21.399999618530277,
02RH072,2012-05-15,59.20000076293945,
02RH072,2012-06-15,15.600000381469728,
02RH072,2012-07-15,13.0,
02RH072,2012-08-15,10.399999618530272,
02RH072,2012-09-15,10.399999618530272,
02RH072,2012-10-15,21.600000381469727,
02RH072,2012-11-15,25.100000381469727,
02RH072,2012-12-15,13.600000381469728,
02RH072,2013-01-15,13.399999618530272,
02RH072,2013-02-15,21.299999237060547,
02RH072,2013-03-15,21.299999237060547,
02RH072,2013-04-15,11.5,
02RH072,2013-05-15,46.09999847412109,
02RH072,2013-06-15,34.599998474121094,
02RH072,2013-07-15,13.399999618530272,
02RH072,2013-08-15,49.400001525878906,
02RH072,2013-09-15,13.199999809265137,
02RH072,2013-10-15,14.5,
02RH072,2013-11-15,27.100000381469727,
02RH072,2013-12-15,14.800000190734863,
02RH072,2014-01-15,19.700000762939453,
02RH072,2014-02-15,22.899999618530277,
02RH072,2014-03-15,11.899999618530272,
02RH072,2014-04-15,21.799999237060547,
02RH072,2014-05-15,84.0,
02RH072,2014-06-15,35.70000076293945,
02RH072,2014-07-15,14.600000381469728,
02RH072,2014-08-15,10.699999809265137,
02RH072,2014-09-15,15.5,
02RH072,2014-10-15,33.099998474121094,
02RH072,2014-11-15,26.100000381469727,
02RH072,2014-12-15,17.100000381469727,
02RH072,2015-01-15,19.200000762939453,
02RH072,2015-02-15,15.300000190734863,
02RH072,2015-03-15,14.100000381469728,
02RH072,2015-04-15,28.299999237060547,
02RH072,2015-05-15,27.700000762939453,
02RH072,2015-06-15,28.799999237060547,
02RH072,2015-07-15,14.800000190734863,
02RH072,2015-08-15,43.20000076293945,
02RH072,2015-09-15,15.899999618530272,
02RH072,2015-10-15,14.800000190734863,
02RH072,2015-11-15,28.100000381469727,
02RH072,2015-12-15,26.899999618530277,
02RH072,2016-01-15,15.699999809265137,
02RH072,2016-02-15,23.200000762939453,
02RH072,2016-03-15,23.799999237060547,
02RH072,2016-04-15,24.600000381469727,
02RH072,2016-05-15,163.0,
02RH072,2016-06-15,119.0,
02RH072,2016-07-15,105.0,
02RH072,2016-08-15,16.799999237060547,
02RH072,2016-09-15,10.699999809265137,
02RH072,2016-10-15,15.199999809265137,
02RH072,2016-11-15,30.5,
02RH072,2016-12-15,21.299999237060547,
02RH072,2017-01-15,20.700000762939453,
02RH072,2017-02-15,18.600000381469727,
02RH072,2017-03-15,21.399999618530277,
02RH072,2017-04-15,24.799999237060547,
02RH072,2017-05-15,52.79999923706055,
02RH072,2017-06-15,17.0,
02RH072,2017-07-15,15.899999618530272,
02RH072,2017-08-15,9.760000228881836,
02RH072,2017-09-15,16.399999618530273,
02RH072,2017-10-15,24.799999237060547,
02RH072,2017-11-15,26.399999618530277,
02RH072,2017-12-15,15.699999809265137,
02RH072,2018-01-15,20.700000762939453,
02RH072,2018-02-15,20.0,
02RH072,2018-03-15,20.899999618530277,
02RH072,2018-04-15,12.800000190734863,
02RH072,2018-05-15,61.900001525878906,
02RH072,2018-06-15,29.5,
02RH072,2018-07-15,11.699999809265137,
02RH072,2018-08-15,14.699999809265137,
02RH072,2018-09-15,9.539999961853027,
02RH072,2018-10-15,73.4000015258789,
02RH072,2018-11-15,23.700000762939453,
02RH072,2018-12-15,18.200000762939453,
02RH072,2019-01-15,18.0,
02RH072,2019-02-15,17.700000762939453,
02RH072,2019-03-15,18.899999618530277,
02RH072,2019-04-15,20.799999237060547,
02RH072,2019-05-15,99.1999969482422,
02RH072,2019-06-15,31.299999237060547,
02RH072,2019-07-15,24.799999237060547,
02RH072,2019-08-15,9.970000267028809,
02RH072,2019-09-15,10.0,
02RH072,2019-10-15,26.799999237060547,
02RH072,2019-11-15,25.299999237060547,
02RH072,2019-12-15,18.299999237060547,
02RH072,2020-01-15,17.799999237060547,
02RH072,2020-02-15,18.799999237060547,
02RH072,2020-03-15,18.0,
02RH072,2020-04-15,22.899999618530277,
02RH072,2020-05-15,50.09999847412109,
02RH072,2020-06-15,28.200000762939453,
02RH072,2020-07-15,24.200000762939453,
02RH072,2020-08-15,23.100000381469727,
02RH072,2020-09-15,24.399999618530277,
02RH072,2020-10-15,36.20000076293945,
02RH072,2020-11-15,14.0,
02RH072,2020-12-15,17.600000381469727,
02RH072,2021-01-15,22.899999618530277,
02RH072,2021-02-15,23.0,
02RH072,2021-03-15,23.100000381469727,
02RH072,2021-04-15,20.899999618530277,
02RH072,2021-05-15,22.100000381469727,
02RH072,2021-06-15,14.300000190734863,
02RH072,2021-07-15,14.800000190734863,
02RH072,2021-08-15,9.449999809265137,
02RH072,2021-09-15,9.510000228881836,
02RH072,2021-10-15,18.200000762939453,
02RH072,2021-11-15,14.600000381469728,
02RH072,2021-12-15,18.299999237060547,
02RH072,2022-01-15,18.299999237060547,
02RH072,2022-02-15,17.799999237060547,
02RH072,2022-03-15,11.800000190734863,
02RH072,2022-04-15,24.100000381469727,
02RH072,2022-05-15,208.0,
02RH072,2022-06-15,188.0,
02RH072,2022-07-15,25.100000381469727,
02RH072,2022-08-15,15.0,
02RH072,2022-09-15,43.59999847412109,
02RH072,2022-10-15,15.300000190734863,
02RH072,2022-11-15,14.600000381469728,
02RH072,2022-12-15,14.5,
02RH072,2023-01-15,25.100000381469727,
02RH072,2023-02-15,17.799999237060547,
02RH072,2023-03-15,20.100000381469727,
02RH072,2023-04-15,15.699999809265137,
02RH072,2023-05-15,23.700000762939453,
02RH072,2023-06-15,12.0,
02RH072,2023-07-15,78.4000015258789,
02RH072,2023-08-15,118.0,
02RH072,2023-09-15,24.700000762939453,
02RH072,2023-10-15,23.100000381469727,
02RH072,2023-11-15,14.399999618530272,
02RH072,2023-12-15,16.899999618530273,
02RH072,2024-01-15,22.799999237060547,
02RH072,2024-02-15,21.600000381469727,
02RH072,2024-03-15,21.799999237060547,
02RH072,2024-04-15,23.5,
02RH072,2024-05-15,14.199999809265137,
02RH072,2024-06-15,10.5,
02RH072,2024-07-15,9.970000267028809,
02RH072,2024-08-15,10.600000381469728,
02RH072,2024-09-15,9.9399995803833,
02RH072,2008-10-16,4.449999809265137,
02RH072,2008-11-16,16.200000762939453,
02RH072,2008-12-16,8.460000038146973,
02RH072,2009-01-16,25.5,
02RH072,2009-02-16,17.600000381469727,
02RH072,2009-03-16,12.100000381469728,
02RH072,2009-04-16,28.600000381469727,
02RH072,2009-05-16,29.799999237060547,
02RH072,2009-06-16,16.0,
02RH072,2009-07-16,22.399999618530277,
02RH072,2009-08-16,22.399999618530277,
02RH072,2009-09-16,9.390000343322754,
02RH072,2009-10-16,26.0,
02RH072,2009-11-16,13.100000381469728,
02RH072,2009-12-16,17.799999237060547,
02RH072,2010-01-16,13.300000190734863,
02RH072,2010-02-16,21.0,
02RH072,2010-03-16,26.299999237060547,
02RH072,2010-04-16,25.799999237060547,
02RH072,2010-05-16,31.5,
02RH072,2010-06-16,11.600000381469728,
02RH072,2010-07-16,10.300000190734863,
02RH072,2010-08-16,10.300000190734863,
02RH072,2010-09-16,10.199999809265137,
02RH072,2010-10-16,29.399999618530277,
02RH072,2010-11-16,27.299999237060547,
02RH072,2010-12-16,22.5,
02RH072,2011-01-16,25.0,
02RH072,2011-02-16,13.300000190734863,
02RH072,2011-03-16,21.899999618530277,
02RH072,2011-04-16,29.899999618530277,
02RH072,2011-05-16,75.5,
02RH072,2011-06-16,25.899999618530277,
02RH072,2011-07-16,25.899999618530277,
02RH072,2011-08-16,31.5,
02RH072,2011-09-16,25.5,
02RH072,2011-10-16,22.5,
02RH072,2011-11-16,17.5,
02RH072,2011-12-16,24.399999618530277,
02RH072,2012-01-16,22.100000381469727,
02RH072,2012-02-16,21.299999237060547,
02RH072,2012-03-16,27.200000762939453,
02RH072,2012-04-16,21.399999618530277,
02RH072,2012-05-16,59.29999923706055,
02RH072,2012-06-16,20.0,
02RH072,2012-07-16,13.199999809265137,
02RH072,2012-08-16,10.399999618530272,
02RH072,2012-09-16,10.300000190734863,
02RH072,2012-10-16,21.700000762939453,
02RH072,2012-11-16,24.200000762939453,
02RH072,2012-12-16,13.600000381469728,
02RH072,2013-01-16,13.399999618530272,
02RH072,2013-02-16,21.299999237060547,
02RH072,2013-03-16,21.600000381469727,
02RH072,2013-04-16,16.899999618530273,
02RH072,2013-05-16,50.59999847412109,
02RH072,2013-06-16,34.400001525878906,
02RH072,2013-07-16,13.300000190734863,
02RH072,2013-08-16,41.09999847412109,
02RH072,2013-09-16,19.899999618530277,
02RH072,2013-10-16,14.5,
02RH072,2013-11-16,27.0,
02RH072,2013-12-16,14.699999809265137,
02RH072,2014-01-16,15.100000381469728,
02RH072,2014-02-16,22.700000762939453,
02RH072,2014-03-16,11.800000190734863,
02RH072,2014-04-16,24.600000381469727,
02RH072,2014-05-16,105.0,
02RH072,2014-06-16,45.59999847412109,
02RH072,2014-07-16,14.600000381469728,
02RH072,2014-08-16,10.800000190734863,
02RH072,2014-09-16,15.399999618530272,
02RH072,2014-10-16,51.29999923706055,
02RH072,2014-11-16,26.0,
02RH072,2014-12-16,19.600000381469727,
02RH072,2015-01-16,17.600000381469727,
02RH072,2015-02-16,15.199999809265137,
02RH072,2015-03-16,14.5,
02RH072,2015-04-16,32.5,
02RH072,2015-05-16,23.399999618530277,
02RH072,2015-06-16,26.100000381469727,
02RH072,2015-07-16,14.800000190734863,
02RH072,2015-08-16,34.29999923706055,
02RH072,2015-09-16,15.899999618530272,
02RH072,2015-10-16,14.800000190734863,
02RH072,2015-11-16,28.0,
02RH072,2015-12-16,25.399999618530277,
02RH072,2016-01-16,15.699999809265137,
02RH072,2016-02-16,23.200000762939453,
02RH072,2016-03-16,24.200000762939453,
02RH072,2016-04-16,24.0,
02RH072,2016-05-16,146.0,
02RH072,2016-06-16,62.20000076293945,
02RH072,2016-07-16,119.0,
02RH072,2016-08-16,17.899999618530273,
02RH072,2016-09-16,15.399999618530272,
02RH072,2016-10-16,15.199999809265137,
02RH072,2016-11-16,30.600000381469727,
02RH072,2016-12-16,21.399999618530277,
02RH072,2017-01-16,21.200000762939453,
02RH072,2017-02-16,18.700000762939453,
02RH072,2017-03-16,21.399999618530277,
02RH072,2017-04-16,27.700000762939453,
02RH072,2017-05-16,57.79999923706055,
02RH072,2017-06-16,16.5,
02RH072,2017-07-16,15.899999618530272,
02RH072,2017-08-16,9.770000457763672,
02RH072,2017-09-16,16.100000381469727,
02RH072,2017-10-16,24.899999618530277,
02RH072,2017-11-16,26.399999618530277,
02RH072,2017-12-16,15.699999809265137,
02RH072,2018-01-16,20.600000381469727,
02RH072,2018-02-16,26.899999618530277,
02RH072,2018-03-16,21.200000762939453,
02RH072,2018-04-16,10.600000381469728,
02RH072,2018-05-16,62.5,
02RH072,2018-06-16,29.5,
02RH072,2018-07-16,10.800000190734863,
02RH072,2018-08-16,14.600000381469728,
02RH072,2018-09-16,9.529999732971191,
02RH072,2018-10-16,47.79999923706055,
02RH072,2018-11-16,23.0,
02RH072,2018-12-16,18.200000762939453,
02RH072,2019-01-16,18.0,
02RH072,2019-02-16,17.700000762939453,
02RH072,2019-03-16,19.899999618530277,
02RH072,2019-04-16,28.100000381469727,
02RH072,2019-05-16,68.69999694824219,
02RH072,2019-06-16,31.299999237060547,
02RH072,2019-07-16,20.5,
02RH072,2019-08-16,9.90999984741211,
02RH072,2019-09-16,12.800000190734863,
02RH072,2019-10-16,27.200000762939453,
02RH072,2019-11-16,25.200000762939453,
02RH072,2019-12-16,18.299999237060547,
02RH072,2020-01-16,17.700000762939453,
02RH072,2020-02-16,18.600000381469727,
02RH072,2020-03-16,18.299999237060547,
02RH072,2020-04-16,25.5,
02RH072,2020-05-16,50.09999847412109,
02RH072,2020-06-16,23.299999237060547,
02RH072,2020-07-16,23.600000381469727,
02RH072,2020-08-16,23.100000381469727,
02RH072,2020-09-16,26.399999618530277,
02RH072,2020-10-16,30.299999237060547,
02RH072,2020-11-16,21.0,
02RH072,2020-12-16,23.100000381469727,
02RH072,2021-01-16,22.899999618530277,
02RH072,2021-02-16,22.899999618530277,
02RH072,2021-03-16,23.100000381469727,
02RH072,2021-04-16,18.5,
02RH072,2021-05-16,22.100000381469727,
02RH072,2021-06-16,14.399999618530272,
02RH072,2021-07-16,17.100000381469727,
02RH072,2021-08-16,10.800000190734863,
02RH072,2021-09-16,9.5,
02RH072,2021-10-16,18.100000381469727,
02RH072,2021-11-16,14.600000381469728,
02RH072,2021-12-16,18.200000762939453,
02RH072,2022-01-16,19.399999618530277,
02RH072,2022-02-16,18.0,
02RH072,2022-03-16,17.899999618530273,
02RH072,2022-04-16,25.700000762939453,
02RH072,2022-05-16,212.0,
02RH072,2022-06-16,115.0,
02RH072,2022-07-16,24.799999237060547,
02RH072,2022-08-16,15.300000190734863,
02RH072,2022-09-16,33.20000076293945,
02RH072,2022-10-16,15.399999618530272,
02RH072,2022-11-16,14.600000381469728,
02RH072,2022-12-16,14.5,
02RH072,2023-01-16,25.0,
02RH072,2023-02-16,17.799999237060547,
02RH072,2023-03-16,20.100000381469727,
02RH072,2023-04-16,16.700000762939453,
02RH072,2023-05-16,23.899999618530277,
02RH072,2023-06-16,12.800000190734863,
02RH072,2023-07-16,50.900001525878906,
02RH072,2023-08-16,66.4000015258789,
02RH072,2023-09-16,23.200000762939453,
02RH072,2023-10-16,23.100000381469727,
02RH072,2023-11-16,14.399999618530272,
02RH072,2023-12-16,23.5,
02RH072,2024-01-16,22.700000762939453,
02RH072,2024-02-16,21.799999237060547,
02RH072,2024-03-16,22.0,
02RH072,2024-04-16,23.899999618530277,
02RH072,2024-05-16,14.199999809265137,
02RH072,2024-06-16,10.5,
02RH072,2024-07-16,9.960000038146973,
02RH072,2024-08-16,10.600000381469728,
02RH072,2024-09-16,10.199999809265137,
02RH072,2008-10-17,4.260000228881836,
02RH072,2008-11-17,26.600000381469727,
02RH072,2008-12-17,16.899999618530273,
02RH072,2009-01-17,25.600000381469727,
02RH072,2009-02-17,21.600000381469727,
02RH072,2009-03-17,14.600000381469728,
02RH072,2009-04-17,28.899999618530277,
02RH072,2009-05-17,29.399999618530277,
02RH072,2009-06-17,12.800000190734863,
02RH072,2009-07-17,22.399999618530277,
02RH072,2009-08-17,16.799999237060547,
02RH072,2009-09-17,9.380000114440918,
02RH072,2009-10-17,24.799999237060547,
02RH072,2009-11-17,15.800000190734863,
02RH072,2009-12-17,17.700000762939453,
02RH072,2010-01-17,15.800000190734863,
02RH072,2010-02-17,21.899999618530277,
02RH072,2010-03-17,26.399999618530277,
02RH072,2010-04-17,25.899999618530277,
02RH072,2010-05-17,31.5,
02RH072,2010-06-17,10.600000381469728,
02RH072,2010-07-17,10.300000190734863,
02RH072,2010-08-17,10.199999809265137,
02RH072,2010-09-17,10.300000190734863,
02RH072,2010-10-17,33.099998474121094,
02RH072,2010-11-17,27.399999618530277,
02RH072,2010-12-17,22.5,
02RH072,2011-01-17,24.899999618530277,
02RH072,2011-02-17,13.300000190734863,
02RH072,2011-03-17,22.0,
02RH072,2011-04-17,30.299999237060547,
02RH072,2011-05-17,83.80000305175781,
02RH072,2011-06-17,26.100000381469727,
02RH072,2011-07-17,25.899999618530277,
02RH072,2011-08-17,28.299999237060547,
02RH072,2011-09-17,25.5,
02RH072,2011-10-17,22.5,
02RH072,2011-11-17,17.700000762939453,
02RH072,2011-12-17,24.399999618530277,
02RH072,2012-01-17,21.899999618530277,
02RH072,2012-02-17,21.399999618530277,
02RH072,2012-03-17,29.200000762939453,
02RH072,2012-04-17,21.299999237060547,
02RH072,2012-05-17,59.59999847412109,
02RH072,2012-06-17,20.0,
02RH072,2012-07-17,13.199999809265137,
02RH072,2012-08-17,10.5,
02RH072,2012-09-17,10.399999618530272,
02RH072,2012-10-17,21.799999237060547,
02RH072,2012-11-17,22.399999618530277,
02RH072,2012-12-17,13.5,
02RH072,2013-01-17,13.399999618530272,
02RH072,2013-02-17,21.0,
02RH072,2013-03-17,21.299999237060547,
02RH072,2013-04-17,20.299999237060547,
02RH072,2013-05-17,50.400001525878906,
02RH072,2013-06-17,30.899999618530277,
02RH072,2013-07-17,11.300000190734863,
02RH072,2013-08-17,30.0,
02RH072,2013-09-17,25.600000381469727,
02RH072,2013-10-17,14.5,
02RH072,2013-11-17,26.899999618530277,
02RH072,2013-12-17,14.699999809265137,
02RH072,2014-01-17,15.100000381469728,
02RH072,2014-02-17,17.600000381469727,
02RH072,2014-03-17,13.100000381469728,
02RH072,2014-04-17,31.200000762939453,
02RH072,2014-05-17,149.0,
02RH072,2014-06-17,43.20000076293945,
02RH072,2014-07-17,15.300000190734863,
02RH072,2014-08-17,10.800000190734863,
02RH072,2014-09-17,15.5,
02RH072,2014-10-17,125.0,
02RH072,2014-11-17,23.399999618530277,
02RH072,2014-12-17,19.5,
02RH072,2015-01-17,14.899999618530272,
02RH072,2015-02-17,15.100000381469728,
02RH072,2015-03-17,14.699999809265137,
02RH072,2015-04-17,30.299999237060547,
02RH072,2015-05-17,23.5,
02RH072,2015-06-17,20.5,
02RH072,2015-07-17,14.800000190734863,
02RH072,2015-08-17,29.200000762939453,
02RH072,2015-09-17,22.299999237060547,
02RH072,2015-10-17,14.800000190734863,
02RH072,2015-11-17,27.399999618530277,
02RH072,2015-12-17,23.299999237060547,
02RH072,2016-01-17,15.600000381469728,
02RH072,2016-02-17,23.799999237060547,
02RH072,2016-03-17,24.5,
02RH072,2016-04-17,23.299999237060547,
02RH072,2016-05-17,129.0,
02RH072,2016-06-17,38.29999923706055,
02RH072,2016-07-17,83.4000015258789,
02RH072,2016-08-17,18.200000762939453,
02RH072,2016-09-17,11.100000381469728,
02RH072,2016-10-17,15.199999809265137,
02RH072,2016-11-17,55.70000076293945,
02RH072,2016-12-17,21.299999237060547,
02RH072,2017-01-17,21.899999618530277,
02RH072,2017-02-17,19.100000381469727,
02RH072,2017-03-17,21.600000381469727,
02RH072,2017-04-17,30.700000762939453,
02RH072,2017-05-17,70.9000015258789,
02RH072,2017-06-17,16.399999618530273,
02RH072,2017-07-17,15.899999618530272,
02RH072,2017-08-17,9.779999732971191,
02RH072,2017-09-17,16.100000381469727,
02RH072,2017-10-17,24.799999237060547,
02RH072,2017-11-17,26.399999618530277,
02RH072,2017-12-17,15.600000381469728,
02RH072,2018-01-17,20.5,
02RH072,2018-02-17,26.600000381469727,
02RH072,2018-03-17,21.200000762939453,
02RH072,2018-04-17,10.5,
02RH072,2018-05-17,56.59999847412109,
02RH072,2018-06-17,29.600000381469727,
02RH072,2018-07-17,10.100000381469728,
02RH072,2018-08-17,13.300000190734863,
02RH072,2018-09-17,9.510000228881836,
02RH072,2018-10-17,25.399999618530277,
02RH072,2018-11-17,23.299999237060547,
02RH072,2018-12-17,18.200000762939453,
02RH072,2019-01-17,17.899999618530273,
02RH072,2019-02-17,17.600000381469727,
02RH072,2019-03-17,19.700000762939453,
02RH072,2019-04-17,28.600000381469727,
02RH072,2019-05-17,62.29999923706055,
02RH072,2019-06-17,42.0,
02RH072,2019-07-17,14.399999618530272,
02RH072,2019-08-17,9.84000015258789,
02RH072,2019-09-17,14.600000381469728,
02RH072,2019-10-17,27.200000762939453,
02RH072,2019-11-17,25.200000762939453,
02RH072,2019-12-17,18.299999237060547,
02RH072,2020-01-17,17.799999237060547,
02RH072,2020-02-17,16.700000762939453,
02RH072,2020-03-17,18.299999237060547,
02RH072,2020-04-17,27.200000762939453,
02RH072,2020-05-17,50.70000076293945,
02RH072,2020-06-17,14.899999618530272,
02RH072,2020-07-17,23.899999618530277,
02RH072,2020-08-17,18.100000381469727,
02RH072,2020-09-17,31.799999237060547,
02RH072,2020-10-17,36.70000076293945,
02RH072,2020-11-17,23.0,
02RH072,2020-12-17,23.299999237060547,
02RH072,2021-01-17,22.799999237060547,
02RH072,2021-02-17,22.799999237060547,
02RH072,2021-03-17,22.799999237060547,
02RH072,2021-04-17,14.100000381469728,
02RH072,2021-05-17,19.600000381469727,
02RH072,2021-06-17,14.399999618530272,
02RH072,2021-07-17,22.600000381469727,
02RH072,2021-08-17,11.899999618530272,
02RH072,2021-09-17,11.199999809265137,
02RH072,2021-10-17,10.0,
02RH072,2021-11-17,14.600000381469728,
02RH072,2021-12-17,18.200000762939453,
02RH072,2022-01-17,23.5,
02RH072,2022-02-17,18.200000762939453,
02RH072,2022-03-17,18.100000381469727,
02RH072,2022-04-17,27.200000762939453,
02RH072,2022-05-17,215.0,
02RH072,2022-06-17,80.4000015258789,
02RH072,2022-07-17,25.0,
02RH072,2022-08-17,13.5,
02RH072,2022-09-17,27.799999237060547,
02RH072,2022-10-17,18.299999237060547,
02RH072,2022-11-17,14.699999809265137,
02RH072,2022-12-17,14.5,
02RH072,2023-01-17,24.700000762939453,
02RH072,2023-02-17,17.899999618530273,
02RH072,2023-03-17,20.399999618530277,
02RH072,2023-04-17,15.899999618530272,
02RH072,2023-05-17,24.0,
02RH072,2023-06-17,14.0,
02RH072,2023-07-17,35.20000076293945,
02RH072,2023-08-17,59.09999847412109,
02RH072,2023-09-17,23.200000762939453,
02RH072,2023-10-17,24.899999618530277,
02RH072,2023-11-17,14.399999618530272,
02RH072,2023-12-17,26.700000762939453,
02RH072,2024-01-17,22.600000381469727,
02RH072,2024-02-17,22.399999618530277,
02RH072,2024-03-17,21.600000381469727,
02RH072,2024-04-17,23.100000381469727,
02RH072,2024-05-17,14.399999618530272,
02RH072,2024-06-17,10.5,
02RH072,2024-07-17,9.9399995803833,
02RH072,2024-08-17,10.600000381469728,
02RH072,2024-09-17,10.300000190734863,
02RH072,2008-10-18,4.110000133514404,
02RH072,2008-11-18,18.799999237060547,
02RH072,2008-12-18,17.799999237060547,
02RH072,2009-01-18,25.399999618530277,
02RH072,2009-02-18,21.799999237060547,
02RH072,2009-03-18,21.200000762939453,
02RH072,2009-04-18,29.299999237060547,
02RH072,2009-05-18,29.5,
02RH072,2009-06-18,12.800000190734863,
02RH072,2009-07-18,22.5,
02RH072,2009-08-18,12.899999618530272,
02RH072,2009-09-18,9.390000343322754,
02RH072,2009-10-18,24.700000762939453,
02RH072,2009-11-18,16.700000762939453,
02RH072,2009-12-18,17.600000381469727,
02RH072,2010-01-18,17.899999618530273,
02RH072,2010-02-18,21.200000762939453,
02RH072,2010-03-18,21.0,
02RH072,2010-04-18,26.0,
02RH072,2010-05-18,31.5,
02RH072,2010-06-18,10.399999618530272,
02RH072,2010-07-18,10.300000190734863,
02RH072,2010-08-18,10.199999809265137,
02RH072,2010-09-18,10.300000190734863,
02RH072,2010-10-18,38.5,
02RH072,2010-11-18,27.399999618530277,
02RH072,2010-12-18,22.5,
02RH072,2011-01-18,24.700000762939453,
02RH072,2011-02-18,17.299999237060547,
02RH072,2011-03-18,22.200000762939453,
02RH072,2011-04-18,30.600000381469727,
02RH072,2011-05-18,83.5999984741211,
02RH072,2011-06-18,26.5,
02RH072,2011-07-18,20.700000762939453,
02RH072,2011-08-18,28.299999237060547,
02RH072,2011-09-18,25.399999618530277,
02RH072,2011-10-18,22.700000762939453,
02RH072,2011-11-18,17.700000762939453,
02RH072,2011-12-18,24.200000762939453,
02RH072,2012-01-18,21.899999618530277,
02RH072,2012-02-18,21.600000381469727,
02RH072,2012-03-18,28.100000381469727,
02RH072,2012-04-18,21.600000381469727,
02RH072,2012-05-18,59.79999923706055,
02RH072,2012-06-18,20.799999237060547,
02RH072,2012-07-18,13.199999809265137,
02RH072,2012-08-18,10.5,
02RH072,2012-09-18,10.300000190734863,
02RH072,2012-10-18,21.700000762939453,
02RH072,2012-11-18,22.299999237060547,
02RH072,2012-12-18,13.5,
02RH072,2013-01-18,13.399999618530272,
02RH072,2013-02-18,21.200000762939453,
02RH072,2013-03-18,21.299999237060547,
02RH072,2013-04-18,24.100000381469727,
02RH072,2013-05-18,50.20000076293945,
02RH072,2013-06-18,28.799999237060547,
02RH072,2013-07-18,10.100000381469728,
02RH072,2013-08-18,27.399999618530277,
02RH072,2013-09-18,26.399999618530277,
02RH072,2013-10-18,14.600000381469728,
02RH072,2013-11-18,27.600000381469727,
02RH072,2013-12-18,14.699999809265137,
02RH072,2014-01-18,15.100000381469728,
02RH072,2014-02-18,14.5,
02RH072,2014-03-18,14.300000190734863,
02RH072,2014-04-18,38.59999847412109,
02RH072,2014-05-18,158.0,
02RH072,2014-06-18,33.900001525878906,
02RH072,2014-07-18,15.800000190734863,
02RH072,2014-08-18,10.800000190734863,
02RH072,2014-09-18,15.5,
02RH072,2014-10-18,163.0,
02RH072,2014-11-18,15.699999809265137,
02RH072,2014-12-18,19.5,
02RH072,2015-01-18,14.800000190734863,
02RH072,2015-02-18,15.0,
02RH072,2015-03-18,14.600000381469728,
02RH072,2015-04-18,27.700000762939453,
02RH072,2015-05-18,23.399999618530277,
02RH072,2015-06-18,23.600000381469727,
02RH072,2015-07-18,14.800000190734863,
02RH072,2015-08-18,27.200000762939453,
02RH072,2015-09-18,26.700000762939453,
02RH072,2015-10-18,14.800000190734863,
02RH072,2015-11-18,26.899999618530277,
02RH072,2015-12-18,23.299999237060547,
02RH072,2016-01-18,15.600000381469728,
02RH072,2016-02-18,25.0,
02RH072,2016-03-18,24.600000381469727,
02RH072,2016-04-18,24.200000762939453,
02RH072,2016-05-18,113.0,
02RH072,2016-06-18,38.20000076293945,
02RH072,2016-07-18,41.400001525878906,
02RH072,2016-08-18,18.100000381469727,
02RH072,2016-09-18,11.100000381469728,
02RH072,2016-10-18,15.199999809265137,
02RH072,2016-11-18,82.0,
02RH072,2016-12-18,21.200000762939453,
02RH072,2017-01-18,22.100000381469727,
02RH072,2017-02-18,18.899999618530277,
02RH072,2017-03-18,21.899999618530277,
02RH072,2017-04-18,25.299999237060547,
02RH072,2017-05-18,96.9000015258789,
02RH072,2017-06-18,16.399999618530273,
02RH072,2017-07-18,15.800000190734863,
02RH072,2017-08-18,9.789999961853027,
02RH072,2017-09-18,16.100000381469727,
02RH072,2017-10-18,24.799999237060547,
02RH072,2017-11-18,26.399999618530277,
02RH072,2017-12-18,15.600000381469728,
02RH072,2018-01-18,20.5,
02RH072,2018-02-18,26.399999618530277,
02RH072,2018-03-18,20.899999618530277,
02RH072,2018-04-18,15.100000381469728,
02RH072,2018-05-18,46.70000076293945,
02RH072,2018-06-18,31.799999237060547,
02RH072,2018-07-18,10.199999809265137,
02RH072,2018-08-18,12.100000381469728,
02RH072,2018-09-18,9.619999885559082,
02RH072,2018-10-18,25.5,
02RH072,2018-11-18,23.299999237060547,
02RH072,2018-12-18,18.200000762939453,
02RH072,2019-01-18,17.799999237060547,
02RH072,2019-02-18,17.899999618530273,
02RH072,2019-03-18,20.299999237060547,
02RH072,2019-04-18,28.899999618530277,
02RH072,2019-05-18,62.70000076293945,
02RH072,2019-06-18,48.5,
02RH072,2019-07-18,14.199999809265137,
02RH072,2019-08-18,9.779999732971191,
02RH072,2019-09-18,14.600000381469728,
02RH072,2019-10-18,27.0,
02RH072,2019-11-18,25.200000762939453,
02RH072,2019-12-18,18.299999237060547,
02RH072,2020-01-18,18.200000762939453,
02RH072,2020-02-18,15.800000190734863,
02RH072,2020-03-18,17.899999618530273,
02RH072,2020-04-18,26.200000762939453,
02RH072,2020-05-18,51.59999847412109,
02RH072,2020-06-18,23.100000381469727,
02RH072,2020-07-18,24.299999237060547,
02RH072,2020-08-18,14.800000190734863,
02RH072,2020-09-18,48.70000076293945,
02RH072,2020-10-18,40.29999923706055,
02RH072,2020-11-18,23.0,
02RH072,2020-12-18,23.100000381469727,
02RH072,2021-01-18,18.100000381469727,
02RH072,2021-02-18,23.0,
02RH072,2021-03-18,22.5,
02RH072,2021-04-18,14.199999809265137,
02RH072,2021-05-18,14.899999618530272,
02RH072,2021-06-18,17.5,
02RH072,2021-07-18,22.600000381469727,
02RH072,2021-08-18,11.300000190734863,
02RH072,2021-09-18,14.100000381469728,
02RH072,2021-10-18,10.0,
02RH072,2021-11-18,14.600000381469728,
02RH072,2021-12-18,18.299999237060547,
02RH072,2022-01-18,20.0,
02RH072,2022-02-18,18.200000762939453,
02RH072,2022-03-18,17.899999618530273,
02RH072,2022-04-18,28.200000762939453,
02RH072,2022-05-18,206.0,
02RH072,2022-06-18,80.4000015258789,
02RH072,2022-07-18,24.899999618530277,
02RH072,2022-08-18,10.5,
02RH072,2022-09-18,27.799999237060547,
02RH072,2022-10-18,17.700000762939453,
02RH072,2022-11-18,14.699999809265137,
02RH072,2022-12-18,14.5,
02RH072,2023-01-18,24.5,
02RH072,2023-02-18,18.399999618530277,
02RH072,2023-03-18,20.799999237060547,
02RH072,2023-04-18,15.199999809265137,
02RH072,2023-05-18,23.5,
02RH072,2023-06-18,14.0,
02RH072,2023-07-18,50.20000076293945,
02RH072,2023-08-18,59.5,
02RH072,2023-09-18,24.600000381469727,
02RH072,2023-10-18,23.200000762939453,
02RH072,2023-11-18,14.399999618530272,
02RH072,2023-12-18,30.799999237060547,
02RH072,2024-01-18,22.399999618530277,
02RH072,2024-02-18,22.200000762939453,
02RH072,2024-03-18,21.700000762939453,
02RH072,2024-04-18,22.899999618530277,
02RH072,2024-05-18,14.399999618530272,
02RH072,2024-06-18,10.699999809265137,
02RH072,2024-07-18,10.0,
02RH072,2024-08-18,10.600000381469728,
02RH072,2024-09-18,10.300000190734863,
02RH072,2008-10-19,3.940000057220459,
02RH072,2008-11-19,12.199999809265137,
02RH072,2008-12-19,18.600000381469727,
02RH072,2009-01-19,25.100000381469727,
02RH072,2009-02-19,21.899999618530277,
02RH072,2009-03-19,21.399999618530277,
02RH072,2009-04-19,29.0,
02RH072,2009-05-19,29.299999237060547,
02RH072,2009-06-19,12.800000190734863,
02RH072,2009-07-19,22.5,
02RH072,2009-08-19,15.699999809265137,
02RH072,2009-09-19,9.380000114440918,
02RH072,2009-10-19,24.700000762939453,
02RH072,2009-11-19,13.100000381469728,
02RH072,2009-12-19,17.600000381469727,
02RH072,2010-01-19,17.700000762939453,
02RH072,2010-02-19,26.600000381469727,
02RH072,2010-03-19,26.5,
02RH072,2010-04-19,25.799999237060547,
02RH072,2010-05-19,34.29999923706055,
02RH072,2010-06-19,10.399999618530272,
02RH072,2010-07-19,10.399999618530272,
02RH072,2010-08-19,10.199999809265137,
02RH072,2010-09-19,10.199999809265137,
02RH072,2010-10-19,33.0,
02RH072,2010-11-19,27.399999618530277,
02RH072,2010-12-19,22.5,
02RH072,2011-01-19,24.600000381469727,
02RH072,2011-02-19,21.700000762939453,
02RH072,2011-03-19,22.200000762939453,
02RH072,2011-04-19,29.899999618530277,
02RH072,2011-05-19,79.9000015258789,
02RH072,2011-06-19,26.5,
02RH072,2011-07-19,20.799999237060547,
02RH072,2011-08-19,26.100000381469727,
02RH072,2011-09-19,25.399999618530277,
02RH072,2011-10-19,22.799999237060547,
02RH072,2011-11-19,17.700000762939453,
02RH072,2011-12-19,24.0,
02RH072,2012-01-19,21.700000762939453,
02RH072,2012-02-19,21.299999237060547,
02RH072,2012-03-19,27.5,
02RH072,2012-04-19,25.100000381469727,
02RH072,2012-05-19,59.900001525878906,
02RH072,2012-06-19,21.299999237060547,
02RH072,2012-07-19,13.199999809265137,
02RH072,2012-08-19,10.5,
02RH072,2012-09-19,15.399999618530272,
02RH072,2012-10-19,21.700000762939453,
02RH072,2012-11-19,22.200000762939453,
02RH072,2012-12-19,13.399999618530272,
02RH072,2013-01-19,13.199999809265137,
02RH072,2013-02-19,21.299999237060547,
02RH072,2013-03-19,21.100000381469727,
02RH072,2013-04-19,32.79999923706055,
02RH072,2013-05-19,36.59999847412109,
02RH072,2013-06-19,25.600000381469727,
02RH072,2013-07-19,11.100000381469728,
02RH072,2013-08-19,18.700000762939453,
02RH072,2013-09-19,26.600000381469727,
02RH072,2013-10-19,14.600000381469728,
02RH072,2013-11-19,28.100000381469727,
02RH072,2013-12-19,14.600000381469728,
02RH072,2014-01-19,15.100000381469728,
02RH072,2014-02-19,14.399999618530272,
02RH072,2014-03-19,14.600000381469728,
02RH072,2014-04-19,44.20000076293945,
02RH072,2014-05-19,160.0,
02RH072,2014-06-19,30.399999618530277,
02RH072,2014-07-19,15.800000190734863,
02RH072,2014-08-19,10.699999809265137,
02RH072,2014-09-19,13.199999809265137,
02RH072,2014-10-19,156.0,
02RH072,2014-11-19,14.199999809265137,
02RH072,2014-12-19,19.399999618530277,
02RH072,2015-01-19,14.800000190734863,
02RH072,2015-02-19,14.800000190734863,
02RH072,2015-03-19,14.399999618530272,
02RH072,2015-04-19,29.200000762939453,
02RH072,2015-05-19,23.5,
02RH072,2015-06-19,23.600000381469727,
02RH072,2015-07-19,18.899999618530277,
02RH072,2015-08-19,27.200000762939453,
02RH072,2015-09-19,26.899999618530277,
02RH072,2015-10-19,14.899999618530272,
02RH072,2015-11-19,26.799999237060547,
02RH072,2015-12-19,23.200000762939453,
02RH072,2016-01-19,15.5,
02RH072,2016-02-19,25.100000381469727,
02RH072,2016-03-19,24.5,
02RH072,2016-04-19,25.600000381469727,
02RH072,2016-05-19,103.0,
02RH072,2016-06-19,35.70000076293945,
02RH072,2016-07-19,27.0,
02RH072,2016-08-19,20.799999237060547,
02RH072,2016-09-19,17.200000762939453,
02RH072,2016-10-19,18.600000381469727,
02RH072,2016-11-19,82.0,
02RH072,2016-12-19,21.200000762939453,
02RH072,2017-01-19,22.0,
02RH072,2017-02-19,18.700000762939453,
02RH072,2017-03-19,21.600000381469727,
02RH072,2017-04-19,21.700000762939453,
02RH072,2017-05-19,136.0,
02RH072,2017-06-19,19.600000381469727,
02RH072,2017-07-19,15.800000190734863,
02RH072,2017-08-19,9.850000381469728,
02RH072,2017-09-19,16.100000381469727,
02RH072,2017-10-19,24.799999237060547,
02RH072,2017-11-19,26.299999237060547,
02RH072,2017-12-19,15.5,
02RH072,2018-01-19,20.5,
02RH072,2018-02-19,22.5,
02RH072,2018-03-19,18.899999618530277,
02RH072,2018-04-19,19.0,
02RH072,2018-05-19,43.09999847412109,
02RH072,2018-06-19,33.70000076293945,
02RH072,2018-07-19,10.100000381469728,
02RH072,2018-08-19,12.100000381469728,
02RH072,2018-09-19,9.5600004196167,
02RH072,2018-10-19,25.399999618530277,
02RH072,2018-11-19,23.200000762939453,
02RH072,2018-12-19,18.100000381469727,
02RH072,2019-01-19,17.700000762939453,
02RH072,2019-02-19,18.200000762939453,
02RH072,2019-03-19,20.5,
02RH072,2019-04-19,28.200000762939453,
02RH072,2019-05-19,63.09999847412109,
02RH072,2019-06-19,28.700000762939453,
02RH072,2019-07-19,14.199999809265137,
02RH072,2019-08-19,9.760000228881836,
02RH072,2019-09-19,13.300000190734863,
02RH072,2019-10-19,27.0,
02RH072,2019-11-19,25.200000762939453,
02RH072,2019-12-19,18.299999237060547,
02RH072,2020-01-19,18.0,
02RH072,2020-02-19,17.899999618530273,
02RH072,2020-03-19,18.100000381469727,
02RH072,2020-04-19,25.100000381469727,
02RH072,2020-05-19,51.20000076293945,
02RH072,2020-06-19,23.100000381469727,
02RH072,2020-07-19,24.399999618530277,
02RH072,2020-08-19,14.800000190734863,
02RH072,2020-09-19,48.09999847412109,
02RH072,2020-10-19,40.20000076293945,
02RH072,2020-11-19,22.899999618530277,
02RH072,2020-12-19,22.899999618530277,
02RH072,2021-01-19,23.399999618530277,
02RH072,2021-02-19,23.0,
02RH072,2021-03-19,18.600000381469727,
02RH072,2021-04-19,14.199999809265137,
02RH072,2021-05-19,15.899999618530272,
02RH072,2021-06-19,23.5,
02RH072,2021-07-19,22.100000381469727,
02RH072,2021-08-19,9.710000038146973,
02RH072,2021-09-19,14.100000381469728,
02RH072,2021-10-19,10.100000381469728,
02RH072,2021-11-19,14.600000381469728,
02RH072,2021-12-19,18.399999618530277,
02RH072,2022-01-19,18.100000381469727,
02RH072,2022-02-19,18.0,
02RH072,2022-03-19,17.899999618530273,
02RH072,2022-04-19,25.5,
02RH072,2022-05-19,202.0,
02RH072,2022-06-19,80.5999984741211,
02RH072,2022-07-19,24.299999237060547,
02RH072,2022-08-19,10.5,
02RH072,2022-09-19,24.899999618530277,
02RH072,2022-10-19,18.799999237060547,
02RH072,2022-11-19,14.699999809265137,
02RH072,2022-12-19,14.5,
02RH072,2023-01-19,24.399999618530277,
02RH072,2023-02-19,18.299999237060547,
02RH072,2023-03-19,20.600000381469727,
02RH072,2023-04-19,38.59999847412109,
02RH072,2023-05-19,23.200000762939453,
02RH072,2023-06-19,14.0,
02RH072,2023-07-19,48.0,
02RH072,2023-08-19,101.0,
02RH072,2023-09-19,26.899999618530277,
02RH072,2023-10-19,23.200000762939453,
02RH072,2023-11-19,17.899999618530273,
02RH072,2023-12-19,29.5,
02RH072,2024-01-19,22.299999237060547,
02RH072,2024-02-19,22.0,
02RH072,2024-03-19,22.100000381469727,
02RH072,2024-04-19,24.0,
02RH072,2024-05-19,14.5,
02RH072,2024-06-19,10.699999809265137,
02RH072,2024-07-19,10.100000381469728,
02RH072,2024-08-19,10.600000381469728,
02RH072,2024-09-19,10.300000190734863,
02RH072,2008-10-20,3.75,
02RH072,2008-11-20,9.06999969482422,
02RH072,2008-12-20,18.700000762939453,
02RH072,2009-01-20,24.899999618530277,
02RH072,2009-02-20,21.799999237060547,
02RH072,2009-03-20,21.600000381469727,
02RH072,2009-04-20,29.100000381469727,
02RH072,2009-05-20,29.100000381469727,
02RH072,2009-06-20,17.5,
02RH072,2009-07-20,25.899999618530277,
02RH072,2009-08-20,23.899999618530277,
02RH072,2009-09-20,9.380000114440918,
02RH072,2009-10-20,24.600000381469727,
02RH072,2009-11-20,13.100000381469728,
02RH072,2009-12-20,17.5,
02RH072,2010-01-20,17.600000381469727,
02RH072,2010-02-20,26.299999237060547,
02RH072,2010-03-20,26.0,
02RH072,2010-04-20,26.100000381469727,
02RH072,2010-05-20,39.79999923706055,
02RH072,2010-06-20,14.399999618530272,
02RH072,2010-07-20,10.399999618530272,
02RH072,2010-08-20,10.199999809265137,
02RH072,2010-09-20,14.199999809265137,
02RH072,2010-10-20,27.700000762939453,
02RH072,2010-11-20,27.399999618530277,
02RH072,2010-12-20,22.399999618530277,
02RH072,2011-01-20,24.5,
02RH072,2011-02-20,21.399999618530277,
02RH072,2011-03-20,21.700000762939453,
02RH072,2011-04-20,29.100000381469727,
02RH072,2011-05-20,88.30000305175781,
02RH072,2011-06-20,26.5,
02RH072,2011-07-20,17.100000381469727,
02RH072,2011-08-20,23.799999237060547,
02RH072,2011-09-20,25.399999618530277,
02RH072,2011-10-20,22.5,
02RH072,2011-11-20,17.600000381469727,
02RH072,2011-12-20,23.799999237060547,
02RH072,2012-01-20,21.600000381469727,
02RH072,2012-02-20,21.600000381469727,
02RH072,2012-03-20,28.0,
02RH072,2012-04-20,28.0,
02RH072,2012-05-20,43.0,
02RH072,2012-06-20,21.600000381469727,
02RH072,2012-07-20,13.600000381469728,
02RH072,2012-08-20,10.5,
02RH072,2012-09-20,16.0,
02RH072,2012-10-20,21.799999237060547,
02RH072,2012-11-20,22.200000762939453,
02RH072,2012-12-20,13.399999618530272,
02RH072,2013-01-20,13.199999809265137,
02RH072,2013-02-20,21.299999237060547,
02RH072,2013-03-20,21.399999618530277,
02RH072,2013-04-20,40.400001525878906,
02RH072,2013-05-20,26.799999237060547,
02RH072,2013-06-20,17.299999237060547,
02RH072,2013-07-20,13.100000381469728,
02RH072,2013-08-20,13.100000381469728,
02RH072,2013-09-20,26.5,
02RH072,2013-10-20,14.600000381469728,
02RH072,2013-11-20,28.200000762939453,
02RH072,2013-12-20,14.600000381469728,
02RH072,2014-01-20,15.100000381469728,
02RH072,2014-02-20,14.399999618530272,
02RH072,2014-03-20,14.399999618530272,
02RH072,2014-04-20,47.0,
02RH072,2014-05-20,145.0,
02RH072,2014-06-20,30.399999618530277,
02RH072,2014-07-20,15.699999809265137,
02RH072,2014-08-20,10.699999809265137,
02RH072,2014-09-20,11.199999809265137,
02RH072,2014-10-20,120.0,
02RH072,2014-11-20,15.199999809265137,
02RH072,2014-12-20,19.399999618530277,
02RH072,2015-01-20,14.800000190734863,
02RH072,2015-02-20,14.800000190734863,
02RH072,2015-03-20,14.899999618530272,
02RH072,2015-04-20,29.200000762939453,
02RH072,2015-05-20,16.799999237060547,
02RH072,2015-06-20,23.600000381469727,
02RH072,2015-07-20,35.099998474121094,
02RH072,2015-08-20,27.200000762939453,
02RH072,2015-09-20,26.799999237060547,
02RH072,2015-10-20,15.0,
02RH072,2015-11-20,26.799999237060547,
02RH072,2015-12-20,23.200000762939453,
02RH072,2016-01-20,15.5,
02RH072,2016-02-20,24.899999618530277,
02RH072,2016-03-20,24.100000381469727,
02RH072,2016-04-20,25.5,
02RH072,2016-05-20,89.80000305175781,
02RH072,2016-06-20,29.5,
02RH072,2016-07-20,26.200000762939453,
02RH072,2016-08-20,24.899999618530277,
02RH072,2016-09-20,22.899999618530277,
02RH072,2016-10-20,37.400001525878906,
02RH072,2016-11-20,81.9000015258789,
02RH072,2016-12-20,21.100000381469727,
02RH072,2017-01-20,21.799999237060547,
02RH072,2017-02-20,18.600000381469727,
02RH072,2017-03-20,20.700000762939453,
02RH072,2017-04-20,21.299999237060547,
02RH072,2017-05-20,137.0,
02RH072,2017-06-20,32.79999923706055,
02RH072,2017-07-20,15.800000190734863,
02RH072,2017-08-20,9.850000381469728,
02RH072,2017-09-20,16.0,
02RH072,2017-10-20,22.799999237060547,
02RH072,2017-11-20,26.0,
02RH072,2017-12-20,15.5,
02RH072,2018-01-20,20.600000381469727,
02RH072,2018-02-20,19.5,
02RH072,2018-03-20,14.399999618530272,
02RH072,2018-04-20,19.200000762939453,
02RH072,2018-05-20,47.0,
02RH072,2018-06-20,33.70000076293945,
02RH072,2018-07-20,10.100000381469728,
02RH072,2018-08-20,12.0,
02RH072,2018-09-20,9.550000190734863,
02RH072,2018-10-20,25.5,
02RH072,2018-11-20,23.200000762939453,
02RH072,2018-12-20,18.100000381469727,
02RH072,2019-01-20,17.600000381469727,
02RH072,2019-02-20,18.100000381469727,
02RH072,2019-03-20,20.200000762939453,
02RH072,2019-04-20,28.100000381469727,
02RH072,2019-05-20,80.9000015258789,
02RH072,2019-06-20,35.70000076293945,
02RH072,2019-07-20,14.199999809265137,
02RH072,2019-08-20,9.729999542236328,
02RH072,2019-09-20,12.199999809265137,
02RH072,2019-10-20,27.100000381469727,
02RH072,2019-11-20,25.100000381469727,
02RH072,2019-12-20,18.200000762939453,
02RH072,2020-01-20,17.799999237060547,
02RH072,2020-02-20,17.700000762939453,
02RH072,2020-03-20,18.200000762939453,
02RH072,2020-04-20,23.399999618530277,
02RH072,2020-05-20,51.59999847412109,
02RH072,2020-06-20,23.100000381469727,
02RH072,2020-07-20,24.399999618530277,
02RH072,2020-08-20,14.800000190734863,
02RH072,2020-09-20,33.5,
02RH072,2020-10-20,57.20000076293945,
02RH072,2020-11-20,19.5,
02RH072,2020-12-20,22.700000762939453,
02RH072,2021-01-20,23.299999237060547,
02RH072,2021-02-20,23.100000381469727,
02RH072,2021-03-20,14.399999618530272,
02RH072,2021-04-20,14.300000190734863,
02RH072,2021-05-20,15.300000190734863,
02RH072,2021-06-20,23.399999618530277,
02RH072,2021-07-20,18.700000762939453,
02RH072,2021-08-20,9.520000457763672,
02RH072,2021-09-20,14.0,
02RH072,2021-10-20,12.600000381469728,
02RH072,2021-11-20,14.699999809265137,
02RH072,2021-12-20,18.399999618530277,
02RH072,2022-01-20,17.899999618530273,
02RH072,2022-02-20,17.899999618530273,
02RH072,2022-03-20,17.600000381469727,
02RH072,2022-04-20,19.600000381469727,
02RH072,2022-05-20,202.0,
02RH072,2022-06-20,53.900001525878906,
02RH072,2022-07-20,23.100000381469727,
02RH072,2022-08-20,10.399999618530272,
02RH072,2022-09-20,23.200000762939453,
02RH072,2022-10-20,23.5,
02RH072,2022-11-20,14.699999809265137,
02RH072,2022-12-20,14.399999618530272,
02RH072,2023-01-20,24.5,
02RH072,2023-02-20,19.799999237060547,
02RH072,2023-03-20,20.399999618530277,
02RH072,2023-04-20,51.0,
02RH072,2023-05-20,23.0,
02RH072,2023-06-20,11.800000190734863,
02RH072,2023-07-20,30.5,
02RH072,2023-08-20,159.0,
02RH072,2023-09-20,25.899999618530277,
02RH072,2023-10-20,23.100000381469727,
02RH072,2023-11-20,23.299999237060547,
02RH072,2023-12-20,30.899999618530277,
02RH072,2024-01-20,22.100000381469727,
02RH072,2024-02-20,21.799999237060547,
02RH072,2024-03-20,22.5,
02RH072,2024-04-20,24.299999237060547,
02RH072,2024-05-20,14.600000381469728,
02RH072,2024-06-20,10.699999809265137,
02RH072,2024-07-20,10.100000381469728,
02RH072,2024-08-20,10.699999809265137,
02RH072,2024-09-20,10.300000190734863,
02RH072,2008-10-21,3.880000114440918,
02RH072,2008-11-21,7.590000152587891,
02RH072,2008-12-21,18.799999237060547,
02RH072,2009-01-21,25.0,
02RH072,2009-02-21,21.5,
02RH072,2009-03-21,21.399999618530277,
02RH072,2009-04-21,29.399999618530277,
02RH072,2009-05-21,29.200000762939453,
02RH072,2009-06-21,24.100000381469727,
02RH072,2009-07-21,28.0,
02RH072,2009-08-21,25.399999618530277,
02RH072,2009-09-21,9.369999885559082,
02RH072,2009-10-21,24.5,
02RH072,2009-11-21,13.199999809265137,
02RH072,2009-12-21,17.5,
02RH072,2010-01-21,17.5,
02RH072,2010-02-21,26.0,
02RH072,2010-03-21,24.200000762939453,
02RH072,2010-04-21,26.299999237060547,
02RH072,2010-05-21,33.70000076293945,
02RH072,2010-06-21,10.300000190734863,
02RH072,2010-07-21,10.399999618530272,
02RH072,2010-08-21,10.199999809265137,
02RH072,2010-09-21,16.799999237060547,
02RH072,2010-10-21,29.700000762939453,
02RH072,2010-11-21,27.399999618530277,
02RH072,2010-12-21,22.399999618530277,
02RH072,2011-01-21,25.100000381469727,
02RH072,2011-02-21,21.799999237060547,
02RH072,2011-03-21,20.5,
02RH072,2011-04-21,23.899999618530277,
02RH072,2011-05-21,94.8000030517578,
02RH072,2011-06-21,22.600000381469727,
02RH072,2011-07-21,18.899999618530277,
02RH072,2011-08-21,28.299999237060547,
02RH072,2011-09-21,25.299999237060547,
02RH072,2011-10-21,23.299999237060547,
02RH072,2011-11-21,17.399999618530273,
02RH072,2011-12-21,23.899999618530277,
02RH072,2012-01-21,21.399999618530277,
02RH072,2012-02-21,21.799999237060547,
02RH072,2012-03-21,28.700000762939453,
02RH072,2012-04-21,29.5,
02RH072,2012-05-21,27.799999237060547,
02RH072,2012-06-21,22.0,
02RH072,2012-07-21,13.800000190734863,
02RH072,2012-08-21,10.399999618530272,
02RH072,2012-09-21,26.799999237060547,
02RH072,2012-10-21,21.799999237060547,
02RH072,2012-11-21,17.399999618530273,
02RH072,2012-12-21,13.600000381469728,
02RH072,2013-01-21,13.800000190734863,
02RH072,2013-02-21,21.299999237060547,
02RH072,2013-03-21,21.200000762939453,
02RH072,2013-04-21,31.0,
02RH072,2013-05-21,26.799999237060547,
02RH072,2013-06-21,13.600000381469728,
02RH072,2013-07-21,13.199999809265137,
02RH072,2013-08-21,13.100000381469728,
02RH072,2013-09-21,26.399999618530277,
02RH072,2013-10-21,14.699999809265137,
02RH072,2013-11-21,28.100000381469727,
02RH072,2013-12-21,14.600000381469728,
02RH072,2014-01-21,15.0,
02RH072,2014-02-21,14.899999618530272,
02RH072,2014-03-21,14.399999618530272,
02RH072,2014-04-21,47.70000076293945,
02RH072,2014-05-21,92.3000030517578,
02RH072,2014-06-21,30.299999237060547,
02RH072,2014-07-21,14.5,
02RH072,2014-08-21,10.699999809265137,
02RH072,2014-09-21,20.899999618530277,
02RH072,2014-10-21,101.0,
02RH072,2014-11-21,15.199999809265137,
02RH072,2014-12-21,19.299999237060547,
02RH072,2015-01-21,14.800000190734863,
02RH072,2015-02-21,14.600000381469728,
02RH072,2015-03-21,15.100000381469728,
02RH072,2015-04-21,29.600000381469727,
02RH072,2015-05-21,14.300000190734863,
02RH072,2015-06-21,23.5,
02RH072,2015-07-21,80.80000305175781,
02RH072,2015-08-21,27.100000381469727,
02RH072,2015-09-21,26.700000762939453,
02RH072,2015-10-21,15.0,
02RH072,2015-11-21,26.799999237060547,
02RH072,2015-12-21,23.200000762939453,
02RH072,2016-01-21,15.399999618530272,
02RH072,2016-02-21,24.799999237060547,
02RH072,2016-03-21,23.700000762939453,
02RH072,2016-04-21,25.0,
02RH072,2016-05-21,61.20000076293945,
02RH072,2016-06-21,17.799999237060547,
02RH072,2016-07-21,26.200000762939453,
02RH072,2016-08-21,24.899999618530277,
02RH072,2016-09-21,23.200000762939453,
02RH072,2016-10-21,47.400001525878906,
02RH072,2016-11-21,64.30000305175781,
02RH072,2016-12-21,21.299999237060547,
02RH072,2017-01-21,21.700000762939453,
02RH072,2017-02-21,18.399999618530277,
02RH072,2017-03-21,19.0,
02RH072,2017-04-21,21.0,
02RH072,2017-05-21,117.0,
02RH072,2017-06-21,41.400001525878906,
02RH072,2017-07-21,15.800000190734863,
02RH072,2017-08-21,9.81999969482422,
02RH072,2017-09-21,16.0,
02RH072,2017-10-21,20.200000762939453,
02RH072,2017-11-21,25.600000381469727,
02RH072,2017-12-21,15.5,
02RH072,2018-01-21,20.5,
02RH072,2018-02-21,19.299999237060547,
02RH072,2018-03-21,14.199999809265137,
02RH072,2018-04-21,19.799999237060547,
02RH072,2018-05-21,51.09999847412109,
02RH072,2018-06-21,32.20000076293945,
02RH072,2018-07-21,10.0,
02RH072,2018-08-21,12.0,
02RH072,2018-09-21,12.300000190734863,
02RH072,2018-10-21,25.5,
02RH072,2018-11-21,23.200000762939453,
02RH072,2018-12-21,18.100000381469727,
02RH072,2019-01-21,17.399999618530273,
02RH072,2019-02-21,17.899999618530273,
02RH072,2019-03-21,21.399999618530277,
02RH072,2019-04-21,31.200000762939453,
02RH072,2019-05-21,133.0,
02RH072,2019-06-21,31.5,
02RH072,2019-07-21,14.199999809265137,
02RH072,2019-08-21,9.739999771118164,
02RH072,2019-09-21,12.199999809265137,
02RH072,2019-10-21,26.200000762939453,
02RH072,2019-11-21,25.0,
02RH072,2019-12-21,18.200000762939453,
02RH072,2020-01-21,17.600000381469727,
02RH072,2020-02-21,18.100000381469727,
02RH072,2020-03-21,18.0,
02RH072,2020-04-21,23.0,
02RH072,2020-05-21,51.70000076293945,
02RH072,2020-06-21,23.0,
02RH072,2020-07-21,24.5,
02RH072,2020-08-21,15.5,
02RH072,2020-09-21,26.600000381469727,
02RH072,2020-10-21,82.19999694824219,
02RH072,2020-11-21,13.899999618530272,
02RH072,2020-12-21,22.799999237060547,
02RH072,2021-01-21,23.200000762939453,
02RH072,2021-02-21,22.899999618530277,
02RH072,2021-03-21,14.399999618530272,
02RH072,2021-04-21,14.399999618530272,
02RH072,2021-05-21,14.399999618530272,
02RH072,2021-06-21,23.399999618530277,
02RH072,2021-07-21,14.399999618530272,
02RH072,2021-08-21,9.229999542236328,
02RH072,2021-09-21,11.399999618530272,
02RH072,2021-10-21,14.199999809265137,
02RH072,2021-11-21,14.699999809265137,
02RH072,2021-12-21,18.399999618530277,
02RH072,2022-01-21,20.5,
02RH072,2022-02-21,17.799999237060547,
02RH072,2022-03-21,17.899999618530273,
02RH072,2022-04-21,19.0,
02RH072,2022-05-21,170.0,
02RH072,2022-06-21,27.5,
02RH072,2022-07-21,23.100000381469727,
02RH072,2022-08-21,10.399999618530272,
02RH072,2022-09-21,23.899999618530277,
02RH072,2022-10-21,21.0,
02RH072,2022-11-21,14.699999809265137,
02RH072,2022-12-21,15.899999618530272,
02RH072,2023-01-21,25.0,
02RH072,2023-02-21,20.100000381469727,
02RH072,2023-03-21,20.200000762939453,
02RH072,2023-04-21,43.70000076293945,
02RH072,2023-05-21,24.399999618530277,
02RH072,2023-06-21,10.399999618530272,
02RH072,2023-07-21,30.5,
02RH072,2023-08-21,118.0,
02RH072,2023-09-21,25.299999237060547,
02RH072,2023-10-21,23.100000381469727,
02RH072,2023-11-21,23.299999237060547,
02RH072,2023-12-21,31.100000381469727,
02RH072,2024-01-21,22.0,
02RH072,2024-02-21,22.0,
02RH072,2024-03-21,23.399999618530277,
02RH072,2024-04-21,24.700000762939453,
02RH072,2024-05-21,14.600000381469728,
02RH072,2024-06-21,11.300000190734863,
02RH072,2024-07-21,10.100000381469728,
02RH072,2024-08-21,10.800000190734863,
02RH072,2024-09-21,10.199999809265137,
02RH072,2008-10-22,5.320000171661377,
02RH072,2008-11-22,6.659999847412109,
02RH072,2008-12-22,18.600000381469727,
02RH072,2009-01-22,25.100000381469727,
02RH072,2009-02-22,21.399999618530277,
02RH072,2009-03-22,21.0,
02RH072,2009-04-22,22.899999618530277,
02RH072,2009-05-22,29.0,
02RH072,2009-06-22,13.199999809265137,
02RH072,2009-07-22,27.5,
02RH072,2009-08-22,18.5,
02RH072,2009-09-22,16.899999618530273,
02RH072,2009-10-22,24.100000381469727,
02RH072,2009-11-22,13.199999809265137,
02RH072,2009-12-22,17.5,
02RH072,2010-01-22,17.399999618530273,
02RH072,2010-02-22,20.799999237060547,
02RH072,2010-03-22,18.299999237060547,
02RH072,2010-04-22,26.600000381469727,
02RH072,2010-05-22,29.899999618530277,
02RH072,2010-06-22,9.890000343322754,
02RH072,2010-07-22,10.399999618530272,
02RH072,2010-08-22,10.100000381469728,
02RH072,2010-09-22,16.700000762939453,
02RH072,2010-10-22,29.899999618530277,
02RH072,2010-11-22,27.299999237060547,
02RH072,2010-12-22,22.399999618530277,
02RH072,2011-01-22,25.600000381469727,
02RH072,2011-02-22,22.100000381469727,
02RH072,2011-03-22,19.600000381469727,
02RH072,2011-04-22,28.899999618530277,
02RH072,2011-05-22,104.0,
02RH072,2011-06-22,26.799999237060547,
02RH072,2011-07-22,27.5,
02RH072,2011-08-22,33.29999923706055,
02RH072,2011-09-22,26.299999237060547,
02RH072,2011-10-22,23.5,
02RH072,2011-11-22,16.700000762939453,
02RH072,2011-12-22,24.899999618530277,
02RH072,2012-01-22,21.200000762939453,
02RH072,2012-02-22,21.700000762939453,
02RH072,2012-03-22,29.600000381469727,
02RH072,2012-04-22,29.799999237060547,
02RH072,2012-05-22,28.0,
02RH072,2012-06-22,17.0,
02RH072,2012-07-22,13.699999809265137,
02RH072,2012-08-22,10.399999618530272,
02RH072,2012-09-22,30.600000381469727,
02RH072,2012-10-22,21.799999237060547,
02RH072,2012-11-22,13.300000190734863,
02RH072,2012-12-22,13.800000190734863,
02RH072,2013-01-22,13.800000190734863,
02RH072,2013-02-22,21.5,
02RH072,2013-03-22,19.200000762939453,
02RH072,2013-04-22,28.799999237060547,
02RH072,2013-05-22,26.799999237060547,
02RH072,2013-06-22,13.600000381469728,
02RH072,2013-07-22,13.199999809265137,
02RH072,2013-08-22,13.199999809265137,
02RH072,2013-09-22,26.399999618530277,
02RH072,2013-10-22,14.699999809265137,
02RH072,2013-11-22,28.100000381469727,
02RH072,2013-12-22,14.600000381469728,
02RH072,2014-01-22,15.0,
02RH072,2014-02-22,15.100000381469728,
02RH072,2014-03-22,14.800000190734863,
02RH072,2014-04-22,38.70000076293945,
02RH072,2014-05-22,46.0,
02RH072,2014-06-22,29.200000762939453,
02RH072,2014-07-22,11.600000381469728,
02RH072,2014-08-22,10.699999809265137,
02RH072,2014-09-22,27.899999618530277,
02RH072,2014-10-22,77.69999694824219,
02RH072,2014-11-22,15.199999809265137,
02RH072,2014-12-22,19.299999237060547,
02RH072,2015-01-22,14.800000190734863,
02RH072,2015-02-22,14.5,
02RH072,2015-03-22,14.899999618530272,
02RH072,2015-04-22,29.399999618530277,
02RH072,2015-05-22,14.800000190734863,
02RH072,2015-06-22,20.0,
02RH072,2015-07-22,56.29999923706055,
02RH072,2015-08-22,27.100000381469727,
02RH072,2015-09-22,25.899999618530277,
02RH072,2015-10-22,15.0,
02RH072,2015-11-22,26.799999237060547,
02RH072,2015-12-22,23.100000381469727,
02RH072,2016-01-22,15.399999618530272,
02RH072,2016-02-22,24.399999618530277,
02RH072,2016-03-22,24.0,
02RH072,2016-04-22,25.200000762939453,
02RH072,2016-05-22,61.79999923706055,
02RH072,2016-06-22,26.899999618530277,
02RH072,2016-07-22,40.0,
02RH072,2016-08-22,23.5,
02RH072,2016-09-22,24.200000762939453,
02RH072,2016-10-22,49.400001525878906,
02RH072,2016-11-22,56.20000076293945,
02RH072,2016-12-22,21.600000381469727,
02RH072,2017-01-22,21.600000381469727,
02RH072,2017-02-22,18.299999237060547,
02RH072,2017-03-22,18.799999237060547,
02RH072,2017-04-22,21.299999237060547,
02RH072,2017-05-22,99.4000015258789,
02RH072,2017-06-22,41.29999923706055,
02RH072,2017-07-22,15.800000190734863,
02RH072,2017-08-22,9.880000114440918,
02RH072,2017-09-22,21.200000762939453,
02RH072,2017-10-22,21.100000381469727,
02RH072,2017-11-22,21.899999618530277,
02RH072,2017-12-22,15.5,
02RH072,2018-01-22,20.600000381469727,
02RH072,2018-02-22,19.100000381469727,
02RH072,2018-03-22,16.899999618530273,
02RH072,2018-04-22,19.399999618530277,
02RH072,2018-05-22,51.20000076293945,
02RH072,2018-06-22,30.0,
02RH072,2018-07-22,10.0,
02RH072,2018-08-22,11.0,
02RH072,2018-09-22,13.899999618530272,
02RH072,2018-10-22,25.299999237060547,
02RH072,2018-11-22,23.100000381469727,
02RH072,2018-12-22,18.100000381469727,
02RH072,2019-01-22,17.700000762939453,
02RH072,2019-02-22,17.799999237060547,
02RH072,2019-03-22,24.299999237060547,
02RH072,2019-04-22,36.0,
02RH072,2019-05-22,150.0,
02RH072,2019-06-22,28.700000762939453,
02RH072,2019-07-22,13.699999809265137,
02RH072,2019-08-22,9.729999542236328,
02RH072,2019-09-22,16.0,
02RH072,2019-10-22,25.5,
02RH072,2019-11-22,25.100000381469727,
02RH072,2019-12-22,18.200000762939453,
02RH072,2020-01-22,17.399999618530273,
02RH072,2020-02-22,18.299999237060547,
02RH072,2020-03-22,17.700000762939453,
02RH072,2020-04-22,19.200000762939453,
02RH072,2020-05-22,55.20000076293945,
02RH072,2020-06-22,18.0,
02RH072,2020-07-22,17.700000762939453,
02RH072,2020-08-22,15.399999618530272,
02RH072,2020-09-22,26.5,
02RH072,2020-10-22,86.19999694824219,
02RH072,2020-11-22,13.899999618530272,
02RH072,2020-12-22,23.299999237060547,
02RH072,2021-01-22,23.0,
02RH072,2021-02-22,23.100000381469727,
02RH072,2021-03-22,16.100000381469727,
02RH072,2021-04-22,14.399999618530272,
02RH072,2021-05-22,14.100000381469728,
02RH072,2021-06-22,23.399999618530277,
02RH072,2021-07-22,14.199999809265137,
02RH072,2021-08-22,9.170000076293944,
02RH072,2021-09-22,15.0,
02RH072,2021-10-22,14.300000190734863,
02RH072,2021-11-22,14.699999809265137,
02RH072,2021-12-22,18.399999618530277,
02RH072,2022-01-22,22.5,
02RH072,2022-02-22,17.799999237060547,
02RH072,2022-03-22,17.899999618530273,
02RH072,2022-04-22,30.299999237060547,
02RH072,2022-05-22,149.0,
02RH072,2022-06-22,32.900001525878906,
02RH072,2022-07-22,23.0,
02RH072,2022-08-22,10.399999618530272,
02RH072,2022-09-22,24.600000381469727,
02RH072,2022-10-22,15.199999809265137,
02RH072,2022-11-22,14.699999809265137,
02RH072,2022-12-22,16.600000381469727,
02RH072,2023-01-22,24.799999237060547,
02RH072,2023-02-22,20.5,
02RH072,2023-03-22,20.0,
02RH072,2023-04-22,35.70000076293945,
02RH072,2023-05-22,33.70000076293945,
02RH072,2023-06-22,10.399999618530272,
02RH072,2023-07-22,30.5,
02RH072,2023-08-22,62.400001525878906,
02RH072,2023-09-22,24.299999237060547,
02RH072,2023-10-22,23.100000381469727,
02RH072,2023-11-22,23.299999237060547,
02RH072,2023-12-22,30.399999618530277,
02RH072,2024-01-22,22.100000381469727,
02RH072,2024-02-22,22.0,
02RH072,2024-03-22,22.799999237060547,
02RH072,2024-04-22,24.700000762939453,
02RH072,2024-05-22,14.399999618530272,
02RH072,2024-06-22,10.699999809265137,
02RH072,2024-07-22,10.100000381469728,
02RH072,2024-08-22,10.399999618530272,
02RH072,2024-09-22,10.199999809265137,
02RH072,2008-10-23,5.639999866485596,
02RH072,2008-11-23,6.010000228881836,
02RH072,2008-12-23,18.600000381469727,
02RH072,2009-01-23,25.200000762939453,
02RH072,2009-02-23,21.5,
02RH072,2009-03-23,21.299999237060547,
02RH072,2009-04-23,31.399999618530277,
02RH072,2009-05-23,28.700000762939453,
02RH072,2009-06-23,13.199999809265137,
02RH072,2009-07-23,27.399999618530277,
02RH072,2009-08-23,12.800000190734863,
02RH072,2009-09-23,25.600000381469727,
02RH072,2009-10-23,21.899999618530277,
02RH072,2009-11-23,13.199999809265137,
02RH072,2009-12-23,17.700000762939453,
02RH072,2010-01-23,17.200000762939453,
02RH072,2010-02-23,20.799999237060547,
02RH072,2010-03-23,24.600000381469727,
02RH072,2010-04-23,26.700000762939453,
02RH072,2010-05-23,29.799999237060547,
02RH072,2010-06-23,10.100000381469728,
02RH072,2010-07-23,10.300000190734863,
02RH072,2010-08-23,10.100000381469728,
02RH072,2010-09-23,21.299999237060547,
02RH072,2010-10-23,29.899999618530277,
02RH072,2010-11-23,27.299999237060547,
02RH072,2010-12-23,20.700000762939453,
02RH072,2011-01-23,25.5,
02RH072,2011-02-23,22.0,
02RH072,2011-03-23,19.200000762939453,
02RH072,2011-04-23,28.200000762939453,
02RH072,2011-05-23,111.0,
02RH072,2011-06-23,24.399999618530277,
02RH072,2011-07-23,31.899999618530277,
02RH072,2011-08-23,37.0,
02RH072,2011-09-23,27.5,
02RH072,2011-10-23,23.5,
02RH072,2011-11-23,16.299999237060547,
02RH072,2011-12-23,24.799999237060547,
02RH072,2012-01-23,21.600000381469727,
02RH072,2012-02-23,21.5,
02RH072,2012-03-23,29.299999237060547,
02RH072,2012-04-23,29.200000762939453,
02RH072,2012-05-23,28.100000381469727,
02RH072,2012-06-23,13.399999618530272,
02RH072,2012-07-23,13.699999809265137,
02RH072,2012-08-23,10.399999618530272,
02RH072,2012-09-23,23.200000762939453,
02RH072,2012-10-23,24.200000762939453,
02RH072,2012-11-23,13.5,
02RH072,2012-12-23,13.800000190734863,
02RH072,2013-01-23,17.399999618530273,
02RH072,2013-02-23,22.0,
02RH072,2013-03-23,17.0,
02RH072,2013-04-23,28.100000381469727,
02RH072,2013-05-23,34.20000076293945,
02RH072,2013-06-23,13.600000381469728,
02RH072,2013-07-23,13.100000381469728,
02RH072,2013-08-23,13.300000190734863,
02RH072,2013-09-23,26.299999237060547,
02RH072,2013-10-23,14.0,
02RH072,2013-11-23,28.200000762939453,
02RH072,2013-12-23,14.5,
02RH072,2014-01-23,14.899999618530272,
02RH072,2014-02-23,15.0,
02RH072,2014-03-23,14.600000381469728,
02RH072,2014-04-23,32.0,
02RH072,2014-05-23,30.299999237060547,
02RH072,2014-06-23,25.700000762939453,
02RH072,2014-07-23,11.199999809265137,
02RH072,2014-08-23,10.699999809265137,
02RH072,2014-09-23,27.299999237060547,
02RH072,2014-10-23,61.900001525878906,
02RH072,2014-11-23,15.100000381469728,
02RH072,2014-12-23,19.299999237060547,
02RH072,2015-01-23,14.699999809265137,
02RH072,2015-02-23,14.600000381469728,
02RH072,2015-03-23,14.800000190734863,
02RH072,2015-04-23,30.600000381469727,
02RH072,2015-05-23,14.899999618530272,
02RH072,2015-06-23,15.300000190734863,
02RH072,2015-07-23,28.899999618530277,
02RH072,2015-08-23,27.100000381469727,
02RH072,2015-09-23,25.399999618530277,
02RH072,2015-10-23,15.0,
02RH072,2015-11-23,26.799999237060547,
02RH072,2015-12-23,23.299999237060547,
02RH072,2016-01-23,15.300000190734863,
02RH072,2016-02-23,24.299999237060547,
02RH072,2016-03-23,25.0,
02RH072,2016-04-23,25.5,
02RH072,2016-05-23,62.5,
02RH072,2016-06-23,26.799999237060547,
02RH072,2016-07-23,109.0,
02RH072,2016-08-23,18.799999237060547,
02RH072,2016-09-23,24.700000762939453,
02RH072,2016-10-23,41.5,
02RH072,2016-11-23,60.09999847412109,
02RH072,2016-12-23,21.600000381469727,
02RH072,2017-01-23,21.700000762939453,
02RH072,2017-02-23,18.299999237060547,
02RH072,2017-03-23,18.399999618530277,
02RH072,2017-04-23,21.899999618530277,
02RH072,2017-05-23,76.80000305175781,
02RH072,2017-06-23,36.59999847412109,
02RH072,2017-07-23,15.800000190734863,
02RH072,2017-08-23,15.699999809265137,
02RH072,2017-09-23,25.600000381469727,
02RH072,2017-10-23,24.600000381469727,
02RH072,2017-11-23,25.299999237060547,
02RH072,2017-12-23,15.5,
02RH072,2018-01-23,20.5,
02RH072,2018-02-23,19.0,
02RH072,2018-03-23,21.100000381469727,
02RH072,2018-04-23,23.100000381469727,
02RH072,2018-05-23,71.80000305175781,
02RH072,2018-06-23,29.299999237060547,
02RH072,2018-07-23,10.199999809265137,
02RH072,2018-08-23,10.199999809265137,
02RH072,2018-09-23,13.800000190734863,
02RH072,2018-10-23,24.5,
02RH072,2018-11-23,23.0,
02RH072,2018-12-23,18.200000762939453,
02RH072,2019-01-23,21.299999237060547,
02RH072,2019-02-23,17.700000762939453,
02RH072,2019-03-23,23.899999618530277,
02RH072,2019-04-23,36.400001525878906,
02RH072,2019-05-23,152.0,
02RH072,2019-06-23,26.799999237060547,
02RH072,2019-07-23,13.899999618530272,
02RH072,2019-08-23,9.75,
02RH072,2019-09-23,24.600000381469727,
02RH072,2019-10-23,25.600000381469727,
02RH072,2019-11-23,25.100000381469727,
02RH072,2019-12-23,18.100000381469727,
02RH072,2020-01-23,17.700000762939453,
02RH072,2020-02-23,18.200000762939453,
02RH072,2020-03-23,17.5,
02RH072,2020-04-23,20.5,
02RH072,2020-05-23,75.19999694824219,
02RH072,2020-06-23,14.100000381469728,
02RH072,2020-07-23,13.600000381469728,
02RH072,2020-08-23,15.300000190734863,
02RH072,2020-09-23,26.399999618530277,
02RH072,2020-10-23,80.5999984741211,
02RH072,2020-11-23,13.899999618530272,
02RH072,2020-12-23,23.200000762939453,
02RH072,2021-01-23,22.899999618530277,
02RH072,2021-02-23,23.200000762939453,
02RH072,2021-03-23,20.0,
02RH072,2021-04-23,14.5,
02RH072,2021-05-23,18.0,
02RH072,2021-06-23,23.600000381469727,
02RH072,2021-07-23,14.100000381469728,
02RH072,2021-08-23,9.380000114440918,
02RH072,2021-09-23,23.799999237060547,
02RH072,2021-10-23,14.5,
02RH072,2021-11-23,14.800000190734863,
02RH072,2021-12-23,18.399999618530277,
02RH072,2022-01-23,18.0,
02RH072,2022-02-23,18.0,
02RH072,2022-03-23,17.600000381469727,
02RH072,2022-04-23,30.600000381469727,
02RH072,2022-05-23,150.0,
02RH072,2022-06-23,52.5,
02RH072,2022-07-23,23.0,
02RH072,2022-08-23,10.399999618530272,
02RH072,2022-09-23,25.299999237060547,
02RH072,2022-10-23,15.199999809265137,
02RH072,2022-11-23,14.600000381469728,
02RH072,2022-12-23,14.600000381469728,
02RH072,2023-01-23,24.399999618530277,
02RH072,2023-02-23,25.399999618530277,
02RH072,2023-03-23,20.200000762939453,
02RH072,2023-04-23,36.400001525878906,
02RH072,2023-05-23,42.0,
02RH072,2023-06-23,10.399999618530272,
02RH072,2023-07-23,30.399999618530277,
02RH072,2023-08-23,41.29999923706055,
02RH072,2023-09-23,23.0,
02RH072,2023-10-23,23.100000381469727,
02RH072,2023-11-23,20.700000762939453,
02RH072,2023-12-23,27.200000762939453,
02RH072,2024-01-23,22.200000762939453,
02RH072,2024-02-23,22.0,
02RH072,2024-03-23,22.200000762939453,
02RH072,2024-04-23,24.799999237060547,
02RH072,2024-05-23,14.199999809265137,
02RH072,2024-06-23,10.699999809265137,
02RH072,2024-07-23,10.100000381469728,
02RH072,2024-08-23,10.199999809265137,
02RH072,2024-09-23,10.199999809265137,
02RH072,2008-10-24,5.21999979019165,
02RH072,2008-11-24,6.159999847412109,
02RH072,2008-12-24,16.600000381469727,
02RH072,2009-01-24,25.299999237060547,
02RH072,2009-02-24,21.5,
02RH072,2009-03-24,21.100000381469727,
02RH072,2009-04-24,31.100000381469727,
02RH072,2009-05-24,28.700000762939453,
02RH072,2009-06-24,13.100000381469728,
02RH072,2009-07-24,24.700000762939453,
02RH072,2009-08-24,12.800000190734863,
02RH072,2009-09-24,25.299999237060547,
02RH072,2009-10-24,21.600000381469727,
02RH072,2009-11-24,13.199999809265137,
02RH072,2009-12-24,18.200000762939453,
02RH072,2010-01-24,17.100000381469727,
02RH072,2010-02-24,20.600000381469727,
02RH072,2010-03-24,21.600000381469727,
02RH072,2010-04-24,26.799999237060547,
02RH072,2010-05-24,29.700000762939453,
02RH072,2010-06-24,10.100000381469728,
02RH072,2010-07-24,10.300000190734863,
02RH072,2010-08-24,10.100000381469728,
02RH072,2010-09-24,25.899999618530277,
02RH072,2010-10-24,29.799999237060547,
02RH072,2010-11-24,27.399999618530277,
02RH072,2010-12-24,18.100000381469727,
02RH072,2011-01-24,25.299999237060547,
02RH072,2011-02-24,22.200000762939453,
02RH072,2011-03-24,19.200000762939453,
02RH072,2011-04-24,28.0,
02RH072,2011-05-24,110.0,
02RH072,2011-06-24,22.100000381469727,
02RH072,2011-07-24,34.5,
02RH072,2011-08-24,29.5,
02RH072,2011-09-24,27.399999618530277,
02RH072,2011-10-24,23.5,
02RH072,2011-11-24,16.600000381469727,
02RH072,2011-12-24,24.700000762939453,
02RH072,2012-01-24,22.0,
02RH072,2012-02-24,21.399999618530277,
02RH072,2012-03-24,28.200000762939453,
02RH072,2012-04-24,28.0,
02RH072,2012-05-24,32.20000076293945,
02RH072,2012-06-24,11.699999809265137,
02RH072,2012-07-24,13.699999809265137,
02RH072,2012-08-24,10.399999618530272,
02RH072,2012-09-24,23.100000381469727,
02RH072,2012-10-24,25.399999618530277,
02RH072,2012-11-24,13.899999618530272,
02RH072,2012-12-24,13.800000190734863,
02RH072,2013-01-24,13.800000190734863,
02RH072,2013-02-24,21.799999237060547,
02RH072,2013-03-24,16.600000381469727,
02RH072,2013-04-24,28.0,
02RH072,2013-05-24,63.0,
02RH072,2013-06-24,13.600000381469728,
02RH072,2013-07-24,12.199999809265137,
02RH072,2013-08-24,13.300000190734863,
02RH072,2013-09-24,26.299999237060547,
02RH072,2013-10-24,14.800000190734863,
02RH072,2013-11-24,28.100000381469727,
02RH072,2013-12-24,14.5,
02RH072,2014-01-24,14.800000190734863,
02RH072,2014-02-24,15.0,
02RH072,2014-03-24,14.399999618530272,
02RH072,2014-04-24,30.299999237060547,
02RH072,2014-05-24,30.399999618530277,
02RH072,2014-06-24,23.899999618530277,
02RH072,2014-07-24,11.199999809265137,
02RH072,2014-08-24,10.699999809265137,
02RH072,2014-09-24,22.700000762939453,
02RH072,2014-10-24,49.70000076293945,
02RH072,2014-11-24,15.100000381469728,
02RH072,2014-12-24,19.299999237060547,
02RH072,2015-01-24,14.600000381469728,
02RH072,2015-02-24,14.600000381469728,
02RH072,2015-03-24,14.600000381469728,
02RH072,2015-04-24,30.799999237060547,
02RH072,2015-05-24,15.100000381469728,
02RH072,2015-06-24,15.300000190734863,
02RH072,2015-07-24,28.899999618530277,
02RH072,2015-08-24,20.299999237060547,
02RH072,2015-09-24,25.399999618530277,
02RH072,2015-10-24,15.0,
02RH072,2015-11-24,26.700000762939453,
02RH072,2015-12-24,23.899999618530277,
02RH072,2016-01-24,15.300000190734863,
02RH072,2016-02-24,24.200000762939453,
02RH072,2016-03-24,24.799999237060547,
02RH072,2016-04-24,27.5,
02RH072,2016-05-24,63.0,
02RH072,2016-06-24,23.100000381469727,
02RH072,2016-07-24,90.0,
02RH072,2016-08-24,15.199999809265137,
02RH072,2016-09-24,24.700000762939453,
02RH072,2016-10-24,29.799999237060547,
02RH072,2016-11-24,42.09999847412109,
02RH072,2016-12-24,21.5,
02RH072,2017-01-24,21.799999237060547,
02RH072,2017-02-24,18.600000381469727,
02RH072,2017-03-24,18.600000381469727,
02RH072,2017-04-24,28.600000381469727,
02RH072,2017-05-24,59.79999923706055,
02RH072,2017-06-24,32.400001525878906,
02RH072,2017-07-24,15.800000190734863,
02RH072,2017-08-24,20.200000762939453,
02RH072,2017-09-24,25.600000381469727,
02RH072,2017-10-24,24.600000381469727,
02RH072,2017-11-24,25.200000762939453,
02RH072,2017-12-24,15.399999618530272,
02RH072,2018-01-24,20.399999618530277,
02RH072,2018-02-24,18.899999618530277,
02RH072,2018-03-24,21.0,
02RH072,2018-04-24,25.600000381469727,
02RH072,2018-05-24,111.0,
02RH072,2018-06-24,28.0,
02RH072,2018-07-24,13.699999809265137,
02RH072,2018-08-24,10.199999809265137,
02RH072,2018-09-24,13.800000190734863,
02RH072,2018-10-24,18.5,
02RH072,2018-11-24,22.899999618530277,
02RH072,2018-12-24,18.299999237060547,
02RH072,2019-01-24,24.200000762939453,
02RH072,2019-02-24,17.600000381469727,
02RH072,2019-03-24,23.5,
02RH072,2019-04-24,35.5,
02RH072,2019-05-24,158.0,
02RH072,2019-06-24,23.5,
02RH072,2019-07-24,13.899999618530272,
02RH072,2019-08-24,9.720000267028809,
02RH072,2019-09-24,68.9000015258789,
02RH072,2019-10-24,25.5,
02RH072,2019-11-24,25.100000381469727,
02RH072,2019-12-24,18.100000381469727,
02RH072,2020-01-24,18.0,
02RH072,2020-02-24,18.100000381469727,
02RH072,2020-03-24,17.700000762939453,
02RH072,2020-04-24,17.200000762939453,
02RH072,2020-05-24,89.4000015258789,
02RH072,2020-06-24,14.100000381469728,
02RH072,2020-07-24,13.899999618530272,
02RH072,2020-08-24,14.699999809265137,
02RH072,2020-09-24,27.600000381469727,
02RH072,2020-10-24,100.0,
02RH072,2020-11-24,13.899999618530272,
02RH072,2020-12-24,23.100000381469727,
02RH072,2021-01-24,22.799999237060547,
02RH072,2021-02-24,23.0,
02RH072,2021-03-24,21.600000381469727,
02RH072,2021-04-24,14.600000381469728,
02RH072,2021-05-24,25.899999618530277,
02RH072,2021-06-24,23.799999237060547,
02RH072,2021-07-24,14.0,
02RH072,2021-08-24,9.779999732971191,
02RH072,2021-09-24,23.5,
02RH072,2021-10-24,14.600000381469728,
02RH072,2021-11-24,14.800000190734863,
02RH072,2021-12-24,18.399999618530277,
02RH072,2022-01-24,18.0,
02RH072,2022-02-24,18.299999237060547,
02RH072,2022-03-24,17.5,
02RH072,2022-04-24,30.700000762939453,
02RH072,2022-05-24,151.0,
02RH072,2022-06-24,69.0999984741211,
02RH072,2022-07-24,23.100000381469727,
02RH072,2022-08-24,11.899999618530272,
02RH072,2022-09-24,25.700000762939453,
02RH072,2022-10-24,15.199999809265137,
02RH072,2022-11-24,14.600000381469728,
02RH072,2022-12-24,14.600000381469728,
02RH072,2023-01-24,24.600000381469727,
02RH072,2023-02-24,19.600000381469727,
02RH072,2023-03-24,20.200000762939453,
02RH072,2023-04-24,37.5,
02RH072,2023-05-24,48.59999847412109,
02RH072,2023-06-24,10.399999618530272,
02RH072,2023-07-24,26.399999618530277,
02RH072,2023-08-24,25.299999237060547,
02RH072,2023-09-24,23.0,
02RH072,2023-10-24,23.100000381469727,
02RH072,2023-11-24,14.100000381469728,
02RH072,2023-12-24,25.700000762939453,
02RH072,2024-01-24,22.0,
02RH072,2024-02-24,22.399999618530277,
02RH072,2024-03-24,21.700000762939453,
02RH072,2024-04-24,23.0,
02RH072,2024-05-24,14.300000190734863,
02RH072,2024-06-24,10.600000381469728,
02RH072,2024-07-24,10.100000381469728,
02RH072,2024-08-24,10.100000381469728,
02RH072,2024-09-24,10.100000381469728,
02RH072,2008-10-25,5.079999923706055,
02RH072,2008-11-25,6.260000228881836,
02RH072,2008-12-25,14.5,
02RH072,2009-01-25,25.200000762939453,
02RH072,2009-02-25,21.5,
02RH072,2009-03-25,21.399999618530277,
02RH072,2009-04-25,30.200000762939453,
02RH072,2009-05-25,28.700000762939453,
02RH072,2009-06-25,16.399999618530273,
02RH072,2009-07-25,22.600000381469727,
02RH072,2009-08-25,12.800000190734863,
02RH072,2009-09-25,25.0,
02RH072,2009-10-25,21.600000381469727,
02RH072,2009-11-25,13.199999809265137,
02RH072,2009-12-25,18.100000381469727,
02RH072,2010-01-25,17.299999237060547,
02RH072,2010-02-25,20.5,
02RH072,2010-03-25,26.200000762939453,
02RH072,2010-04-25,26.899999618530277,
02RH072,2010-05-25,29.899999618530277,
02RH072,2010-06-25,10.100000381469728,
02RH072,2010-07-25,10.399999618530272,
02RH072,2010-08-25,10.100000381469728,
02RH072,2010-09-25,44.79999923706055,
02RH072,2010-10-25,29.899999618530277,
02RH072,2010-11-25,26.200000762939453,
02RH072,2010-12-25,18.100000381469727,
02RH072,2011-01-25,25.0,
02RH072,2011-02-25,22.299999237060547,
02RH072,2011-03-25,19.200000762939453,
02RH072,2011-04-25,28.299999237060547,
02RH072,2011-05-25,131.0,
02RH072,2011-06-25,17.299999237060547,
02RH072,2011-07-25,34.5,
02RH072,2011-08-25,33.29999923706055,
02RH072,2011-09-25,27.299999237060547,
02RH072,2011-10-25,23.0,
02RH072,2011-11-25,17.0,
02RH072,2011-12-25,24.600000381469727,
02RH072,2012-01-25,21.899999618530277,
02RH072,2012-02-25,21.5,
02RH072,2012-03-25,29.0,
02RH072,2012-04-25,28.600000381469727,
02RH072,2012-05-25,35.5,
02RH072,2012-06-25,10.199999809265137,
02RH072,2012-07-25,13.699999809265137,
02RH072,2012-08-25,10.300000190734863,
02RH072,2012-09-25,23.0,
02RH072,2012-10-25,25.100000381469727,
02RH072,2012-11-25,13.899999618530272,
02RH072,2012-12-25,13.800000190734863,
02RH072,2013-01-25,13.699999809265137,
02RH072,2013-02-25,21.5,
02RH072,2013-03-25,16.600000381469727,
02RH072,2013-04-25,27.799999237060547,
02RH072,2013-05-25,94.4000015258789,
02RH072,2013-06-25,13.600000381469728,
02RH072,2013-07-25,10.800000190734863,
02RH072,2013-08-25,13.300000190734863,
02RH072,2013-09-25,26.200000762939453,
02RH072,2013-10-25,14.899999618530272,
02RH072,2013-11-25,25.100000381469727,
02RH072,2013-12-25,14.5,
02RH072,2014-01-25,14.699999809265137,
02RH072,2014-02-25,14.899999618530272,
02RH072,2014-03-25,14.699999809265137,
02RH072,2014-04-25,30.600000381469727,
02RH072,2014-05-25,30.399999618530277,
02RH072,2014-06-25,23.899999618530277,
02RH072,2014-07-25,11.199999809265137,
02RH072,2014-08-25,10.699999809265137,
02RH072,2014-09-25,27.200000762939453,
02RH072,2014-10-25,30.799999237060547,
02RH072,2014-11-25,15.199999809265137,
02RH072,2014-12-25,19.299999237060547,
02RH072,2015-01-25,14.600000381469728,
02RH072,2015-02-25,14.399999618530272,
02RH072,2015-03-25,14.699999809265137,
02RH072,2015-04-25,30.700000762939453,
02RH072,2015-05-25,15.199999809265137,
02RH072,2015-06-25,15.300000190734863,
02RH072,2015-07-25,29.0,
02RH072,2015-08-25,15.800000190734863,
02RH072,2015-09-25,21.5,
02RH072,2015-10-25,15.0,
02RH072,2015-11-25,26.700000762939453,
02RH072,2015-12-25,23.899999618530277,
02RH072,2016-01-25,15.199999809265137,
02RH072,2016-02-25,24.200000762939453,
02RH072,2016-03-25,25.0,
02RH072,2016-04-25,26.0,
02RH072,2016-05-25,66.0999984741211,
02RH072,2016-06-25,23.100000381469727,
02RH072,2016-07-25,58.400001525878906,
02RH072,2016-08-25,15.199999809265137,
02RH072,2016-09-25,24.700000762939453,
02RH072,2016-10-25,30.200000762939453,
02RH072,2016-11-25,30.100000381469727,
02RH072,2016-12-25,21.5,
02RH072,2017-01-25,21.700000762939453,
02RH072,2017-02-25,18.799999237060547,
02RH072,2017-03-25,19.100000381469727,
02RH072,2017-04-25,40.400001525878906,
02RH072,2017-05-25,53.900001525878906,
02RH072,2017-06-25,29.5,
02RH072,2017-07-25,15.699999809265137,
02RH072,2017-08-25,10.199999809265137,
02RH072,2017-09-25,25.5,
02RH072,2017-10-25,22.700000762939453,
02RH072,2017-11-25,25.100000381469727,
02RH072,2017-12-25,15.300000190734863,
02RH072,2018-01-25,20.399999618530277,
02RH072,2018-02-25,18.799999237060547,
02RH072,2018-03-25,20.5,
02RH072,2018-04-25,28.100000381469727,
02RH072,2018-05-25,105.0,
02RH072,2018-06-25,27.899999618530277,
02RH072,2018-07-25,16.0,
02RH072,2018-08-25,10.199999809265137,
02RH072,2018-09-25,13.699999809265137,
02RH072,2018-10-25,24.200000762939453,
02RH072,2018-11-25,22.799999237060547,
02RH072,2018-12-25,18.399999618530277,
02RH072,2019-01-25,24.0,
02RH072,2019-02-25,17.899999618530273,
02RH072,2019-03-25,23.799999237060547,
02RH072,2019-04-25,45.5,
02RH072,2019-05-25,165.0,
02RH072,2019-06-25,23.5,
02RH072,2019-07-25,13.800000190734863,
02RH072,2019-08-25,9.710000038146973,
02RH072,2019-09-25,121.0,
02RH072,2019-10-25,25.399999618530277,
02RH072,2019-11-25,24.0,
02RH072,2019-12-25,18.0,
02RH072,2020-01-25,18.100000381469727,
02RH072,2020-02-25,18.0,
02RH072,2020-03-25,18.200000762939453,
02RH072,2020-04-25,16.100000381469727,
02RH072,2020-05-25,90.5,
02RH072,2020-06-25,14.0,
02RH072,2020-07-25,14.699999809265137,
02RH072,2020-08-25,14.399999618530272,
02RH072,2020-09-25,28.600000381469727,
02RH072,2020-10-25,112.0,
02RH072,2020-11-25,13.899999618530272,
02RH072,2020-12-25,23.0,
02RH072,2021-01-25,22.600000381469727,
02RH072,2021-02-25,23.299999237060547,
02RH072,2021-03-25,24.0,
02RH072,2021-04-25,14.699999809265137,
02RH072,2021-05-25,30.5,
02RH072,2021-06-25,23.899999618530277,
02RH072,2021-07-25,14.0,
02RH072,2021-08-25,9.739999771118164,
02RH072,2021-09-25,23.399999618530277,
02RH072,2021-10-25,14.699999809265137,
02RH072,2021-11-25,14.699999809265137,
02RH072,2021-12-25,18.399999618530277,
02RH072,2022-01-25,17.799999237060547,
02RH072,2022-02-25,18.100000381469727,
02RH072,2022-03-25,16.399999618530273,
02RH072,2022-04-25,30.899999618530277,
02RH072,2022-05-25,173.0,
02RH072,2022-06-25,55.59999847412109,
02RH072,2022-07-25,25.299999237060547,
02RH072,2022-08-25,15.199999809265137,
02RH072,2022-09-25,25.399999618530277,
02RH072,2022-10-25,15.100000381469728,
02RH072,2022-11-25,14.600000381469728,
02RH072,2022-12-25,14.5,
02RH072,2023-01-25,25.200000762939453,
02RH072,2023-02-25,14.199999809265137,
02RH072,2023-03-25,20.299999237060547,
02RH072,2023-04-25,38.5,
02RH072,2023-05-25,38.29999923706055,
02RH072,2023-06-25,10.399999618530272,
02RH072,2023-07-25,20.0,
02RH072,2023-08-25,25.200000762939453,
02RH072,2023-09-25,23.0,
02RH072,2023-10-25,23.200000762939453,
02RH072,2023-11-25,14.100000381469728,
02RH072,2023-12-25,25.700000762939453,
02RH072,2024-01-25,22.200000762939453,
02RH072,2024-02-25,22.100000381469727,
02RH072,2024-03-25,22.799999237060547,
02RH072,2024-04-25,18.200000762939453,
02RH072,2024-05-25,14.399999618530272,
02RH072,2024-06-25,10.5,
02RH072,2024-07-25,10.100000381469728,
02RH072,2024-08-25,10.100000381469728,
02RH072,2024-09-25,10.100000381469728,
02RH072,2008-10-26,6.03000020980835,
02RH072,2008-11-26,7.190000057220459,
02RH072,2008-12-26,15.699999809265137,
02RH072,2009-01-26,25.0,
02RH072,2009-02-26,21.5,
02RH072,2009-03-26,21.299999237060547,
02RH072,2009-04-26,34.099998474121094,
02RH072,2009-05-26,28.799999237060547,
02RH072,2009-06-26,22.600000381469727,
02RH072,2009-07-26,17.799999237060547,
02RH072,2009-08-26,12.800000190734863,
02RH072,2009-09-26,24.899999618530277,
02RH072,2009-10-26,21.600000381469727,
02RH072,2009-11-26,13.300000190734863,
02RH072,2009-12-26,18.100000381469727,
02RH072,2010-01-26,17.399999618530273,
02RH072,2010-02-26,21.0,
02RH072,2010-03-26,25.600000381469727,
02RH072,2010-04-26,26.799999237060547,
02RH072,2010-05-26,29.799999237060547,
02RH072,2010-06-26,10.100000381469728,
02RH072,2010-07-26,10.399999618530272,
02RH072,2010-08-26,10.100000381469728,
02RH072,2010-09-26,64.0,
02RH072,2010-10-26,36.900001525878906,
02RH072,2010-11-26,25.200000762939453,
02RH072,2010-12-26,18.0,
02RH072,2011-01-26,25.700000762939453,
02RH072,2011-02-26,22.299999237060547,
02RH072,2011-03-26,19.0,
02RH072,2011-04-26,29.5,
02RH072,2011-05-26,142.0,
02RH072,2011-06-26,13.100000381469728,
02RH072,2011-07-26,23.799999237060547,
02RH072,2011-08-26,38.900001525878906,
02RH072,2011-09-26,27.200000762939453,
02RH072,2011-10-26,21.0,
02RH072,2011-11-26,17.200000762939453,
02RH072,2011-12-26,24.399999618530277,
02RH072,2012-01-26,21.700000762939453,
02RH072,2012-02-26,21.200000762939453,
02RH072,2012-03-26,29.5,
02RH072,2012-04-26,35.900001525878906,
02RH072,2012-05-26,28.299999237060547,
02RH072,2012-06-26,10.199999809265137,
02RH072,2012-07-26,11.699999809265137,
02RH072,2012-08-26,10.300000190734863,
02RH072,2012-09-26,23.0,
02RH072,2012-10-26,25.200000762939453,
02RH072,2012-11-26,13.899999618530272,
02RH072,2012-12-26,13.800000190734863,
02RH072,2013-01-26,13.600000381469728,
02RH072,2013-02-26,21.200000762939453,
02RH072,2013-03-26,16.700000762939453,
02RH072,2013-04-26,27.899999618530277,
02RH072,2013-05-26,94.6999969482422,
02RH072,2013-06-26,13.600000381469728,
02RH072,2013-07-26,10.300000190734863,
02RH072,2013-08-26,13.300000190734863,
02RH072,2013-09-26,26.299999237060547,
02RH072,2013-10-26,15.0,
02RH072,2013-11-26,18.299999237060547,
02RH072,2013-12-26,14.5,
02RH072,2014-01-26,14.699999809265137,
02RH072,2014-02-26,14.800000190734863,
02RH072,2014-03-26,14.800000190734863,
02RH072,2014-04-26,30.899999618530277,
02RH072,2014-05-26,30.5,
02RH072,2014-06-26,17.799999237060547,
02RH072,2014-07-26,11.199999809265137,
02RH072,2014-08-26,10.699999809265137,
02RH072,2014-09-26,27.200000762939453,
02RH072,2014-10-26,30.799999237060547,
02RH072,2014-11-26,15.300000190734863,
02RH072,2014-12-26,19.200000762939453,
02RH072,2015-01-26,14.600000381469728,
02RH072,2015-02-26,14.5,
02RH072,2015-03-26,14.800000190734863,
02RH072,2015-04-26,32.29999923706055,
02RH072,2015-05-26,15.199999809265137,
02RH072,2015-06-26,15.300000190734863,
02RH072,2015-07-26,32.70000076293945,
02RH072,2015-08-26,15.800000190734863,
02RH072,2015-09-26,14.0,
02RH072,2015-10-26,15.100000381469728,
02RH072,2015-11-26,26.600000381469727,
02RH072,2015-12-26,24.0,
02RH072,2016-01-26,15.199999809265137,
02RH072,2016-02-26,24.399999618530277,
02RH072,2016-03-26,24.200000762939453,
02RH072,2016-04-26,25.0,
02RH072,2016-05-26,82.0999984741211,
02RH072,2016-06-26,23.100000381469727,
02RH072,2016-07-26,58.400001525878906,
02RH072,2016-08-26,15.199999809265137,
02RH072,2016-09-26,24.600000381469727,
02RH072,2016-10-26,30.399999618530277,
02RH072,2016-11-26,30.100000381469727,
02RH072,2016-12-26,21.5,
02RH072,2017-01-26,21.600000381469727,
02RH072,2017-02-26,18.700000762939453,
02RH072,2017-03-26,18.700000762939453,
02RH072,2017-04-26,40.400001525878906,
02RH072,2017-05-26,39.5,
02RH072,2017-06-26,29.5,
02RH072,2017-07-26,13.399999618530272,
02RH072,2017-08-26,10.199999809265137,
02RH072,2017-09-26,25.399999618530277,
02RH072,2017-10-26,26.200000762939453,
02RH072,2017-11-26,25.100000381469727,
02RH072,2017-12-26,15.300000190734863,
02RH072,2018-01-26,20.299999237060547,
02RH072,2018-02-26,19.200000762939453,
02RH072,2018-03-26,17.0,
02RH072,2018-04-26,30.399999618530277,
02RH072,2018-05-26,69.0999984741211,
02RH072,2018-06-26,21.0,
02RH072,2018-07-26,19.5,
02RH072,2018-08-26,10.199999809265137,
02RH072,2018-09-26,13.699999809265137,
02RH072,2018-10-26,23.799999237060547,
02RH072,2018-11-26,22.799999237060547,
02RH072,2018-12-26,18.399999618530277,
02RH072,2019-01-26,23.899999618530277,
02RH072,2019-02-26,18.200000762939453,
02RH072,2019-03-26,23.700000762939453,
02RH072,2019-04-26,50.70000076293945,
02RH072,2019-05-26,113.0,
02RH072,2019-06-26,23.399999618530277,
02RH072,2019-07-26,11.300000190734863,
02RH072,2019-08-26,9.6899995803833,
02RH072,2019-09-26,121.0,
02RH072,2019-10-26,25.399999618530277,
02RH072,2019-11-26,23.100000381469727,
02RH072,2019-12-26,18.0,
02RH072,2020-01-26,18.0,
02RH072,2020-02-26,17.899999618530273,
02RH072,2020-03-26,21.299999237060547,
02RH072,2020-04-26,16.700000762939453,
02RH072,2020-05-26,105.0,
02RH072,2020-06-26,14.0,
02RH072,2020-07-26,14.699999809265137,
02RH072,2020-08-26,14.399999618530272,
02RH072,2020-09-26,28.5,
02RH072,2020-10-26,71.4000015258789,
02RH072,2020-11-26,13.899999618530272,
02RH072,2020-12-26,23.200000762939453,
02RH072,2021-01-26,22.5,
02RH072,2021-02-26,23.200000762939453,
02RH072,2021-03-26,25.700000762939453,
02RH072,2021-04-26,14.800000190734863,
02RH072,2021-05-26,43.70000076293945,
02RH072,2021-06-26,24.0,
02RH072,2021-07-26,14.0,
02RH072,2021-08-26,9.710000038146973,
02RH072,2021-09-26,23.399999618530277,
02RH072,2021-10-26,14.699999809265137,
02RH072,2021-11-26,14.5,
02RH072,2021-12-26,18.299999237060547,
02RH072,2022-01-26,18.0,
02RH072,2022-02-26,18.0,
02RH072,2022-03-26,14.300000190734863,
02RH072,2022-04-26,31.0,
02RH072,2022-05-26,214.0,
02RH072,2022-06-26,37.29999923706055,
02RH072,2022-07-26,31.100000381469727,
02RH072,2022-08-26,15.199999809265137,
02RH072,2022-09-26,25.600000381469727,
02RH072,2022-10-26,15.0,
02RH072,2022-11-26,14.5,
02RH072,2022-12-26,14.5,
02RH072,2023-01-26,25.0,
02RH072,2023-02-26,14.100000381469728,
02RH072,2023-03-26,20.100000381469727,
02RH072,2023-04-26,39.400001525878906,
02RH072,2023-05-26,26.399999618530277,
02RH072,2023-06-26,10.399999618530272,
02RH072,2023-07-26,13.899999618530272,
02RH072,2023-08-26,25.299999237060547,
02RH072,2023-09-26,23.0,
02RH072,2023-10-26,23.200000762939453,
02RH072,2023-11-26,14.100000381469728,
02RH072,2023-12-26,25.700000762939453,
02RH072,2024-01-26,22.299999237060547,
02RH072,2024-02-26,22.399999618530277,
02RH072,2024-03-26,23.0,
02RH072,2024-04-26,14.300000190734863,
02RH072,2024-05-26,14.399999618530272,
02RH072,2024-06-26,10.399999618530272,
02RH072,2024-07-26,10.0,
02RH072,2024-08-26,10.199999809265137,
02RH072,2024-09-26,15.300000190734863,
02RH072,2008-10-27,10.600000381469728,
02RH072,2008-11-27,7.429999828338623,
02RH072,2008-12-27,19.200000762939453,
02RH072,2009-01-27,25.0,
02RH072,2009-02-27,21.700000762939453,
02RH072,2009-03-27,21.100000381469727,
02RH072,2009-04-27,32.599998474121094,
02RH072,2009-05-27,28.700000762939453,
02RH072,2009-06-27,22.100000381469727,
02RH072,2009-07-27,12.800000190734863,
02RH072,2009-08-27,12.800000190734863,
02RH072,2009-09-27,24.799999237060547,
02RH072,2009-10-27,21.700000762939453,
02RH072,2009-11-27,13.300000190734863,
02RH072,2009-12-27,18.100000381469727,
02RH072,2010-01-27,17.399999618530273,
02RH072,2010-02-27,26.600000381469727,
02RH072,2010-03-27,20.600000381469727,
02RH072,2010-04-27,26.600000381469727,
02RH072,2010-05-27,29.700000762939453,
02RH072,2010-06-27,10.100000381469728,
02RH072,2010-07-27,10.300000190734863,
02RH072,2010-08-27,10.100000381469728,
02RH072,2010-09-27,56.20000076293945,
02RH072,2010-10-27,49.70000076293945,
02RH072,2010-11-27,25.399999618530277,
02RH072,2010-12-27,18.0,
02RH072,2011-01-27,25.399999618530277,
02RH072,2011-02-27,22.100000381469727,
02RH072,2011-03-27,18.200000762939453,
02RH072,2011-04-27,29.799999237060547,
02RH072,2011-05-27,142.0,
02RH072,2011-06-27,13.100000381469728,
02RH072,2011-07-27,21.200000762939453,
02RH072,2011-08-27,45.29999923706055,
02RH072,2011-09-27,27.200000762939453,
02RH072,2011-10-27,17.399999618530273,
02RH072,2011-11-27,17.100000381469727,
02RH072,2011-12-27,24.200000762939453,
02RH072,2012-01-27,21.600000381469727,
02RH072,2012-02-27,21.5,
02RH072,2012-03-27,28.100000381469727,
02RH072,2012-04-27,51.70000076293945,
02RH072,2012-05-27,28.299999237060547,
02RH072,2012-06-27,15.0,
02RH072,2012-07-27,10.300000190734863,
02RH072,2012-08-27,10.199999809265137,
02RH072,2012-09-27,22.899999618530277,
02RH072,2012-10-27,25.5,
02RH072,2012-11-27,13.899999618530272,
02RH072,2012-12-27,13.800000190734863,
02RH072,2013-01-27,13.600000381469728,
02RH072,2013-02-27,21.799999237060547,
02RH072,2013-03-27,20.200000762939453,
02RH072,2013-04-27,27.799999237060547,
02RH072,2013-05-27,101.0,
02RH072,2013-06-27,18.899999618530277,
02RH072,2013-07-27,10.300000190734863,
02RH072,2013-08-27,11.5,
02RH072,2013-09-27,27.200000762939453,
02RH072,2013-10-27,15.0,
02RH072,2013-11-27,14.199999809265137,
02RH072,2013-12-27,14.399999618530272,
02RH072,2014-01-27,14.600000381469728,
02RH072,2014-02-27,14.699999809265137,
02RH072,2014-03-27,14.399999618530272,
02RH072,2014-04-27,30.600000381469727,
02RH072,2014-05-27,30.5,
02RH072,2014-06-27,14.5,
02RH072,2014-07-27,11.199999809265137,
02RH072,2014-08-27,10.699999809265137,
02RH072,2014-09-27,27.200000762939453,
02RH072,2014-10-27,30.399999618530277,
02RH072,2014-11-27,15.399999618530272,
02RH072,2014-12-27,19.200000762939453,
02RH072,2015-01-27,14.600000381469728,
02RH072,2015-02-27,14.600000381469728,
02RH072,2015-03-27,14.899999618530272,
02RH072,2015-04-27,31.100000381469727,
02RH072,2015-05-27,21.700000762939453,
02RH072,2015-06-27,15.300000190734863,
02RH072,2015-07-27,51.5,
02RH072,2015-08-27,15.800000190734863,
02RH072,2015-09-27,13.899999618530272,
02RH072,2015-10-27,15.100000381469728,
02RH072,2015-11-27,26.700000762939453,
02RH072,2015-12-27,24.0,
02RH072,2016-01-27,15.199999809265137,
02RH072,2016-02-27,24.600000381469727,
02RH072,2016-03-27,23.5,
02RH072,2016-04-27,24.5,
02RH072,2016-05-27,127.0,
02RH072,2016-06-27,23.0,
02RH072,2016-07-27,39.59999847412109,
02RH072,2016-08-27,15.199999809265137,
02RH072,2016-09-27,24.600000381469727,
02RH072,2016-10-27,28.799999237060547,
02RH072,2016-11-27,30.0,
02RH072,2016-12-27,21.399999618530277,
02RH072,2017-01-27,21.799999237060547,
02RH072,2017-02-27,18.600000381469727,
02RH072,2017-03-27,21.0,
02RH072,2017-04-27,60.79999923706055,
02RH072,2017-05-27,33.20000076293945,
02RH072,2017-06-27,29.399999618530277,
02RH072,2017-07-27,11.600000381469728,
02RH072,2017-08-27,10.199999809265137,
02RH072,2017-09-27,25.399999618530277,
02RH072,2017-10-27,26.299999237060547,
02RH072,2017-11-27,22.0,
02RH072,2017-12-27,15.300000190734863,
02RH072,2018-01-27,20.200000762939453,
02RH072,2018-02-27,20.200000762939453,
02RH072,2018-03-27,18.299999237060547,
02RH072,2018-04-27,30.700000762939453,
02RH072,2018-05-27,60.09999847412109,
02RH072,2018-06-27,15.100000381469728,
02RH072,2018-07-27,27.0,
02RH072,2018-08-27,10.100000381469728,
02RH072,2018-09-27,13.699999809265137,
02RH072,2018-10-27,23.799999237060547,
02RH072,2018-11-27,22.799999237060547,
02RH072,2018-12-27,18.399999618530277,
02RH072,2019-01-27,23.799999237060547,
02RH072,2019-02-27,18.0,
02RH072,2019-03-27,23.0,
02RH072,2019-04-27,50.29999923706055,
02RH072,2019-05-27,111.0,
02RH072,2019-06-27,23.600000381469727,
02RH072,2019-07-27,9.640000343322754,
02RH072,2019-08-27,9.670000076293944,
02RH072,2019-09-27,95.0999984741211,
02RH072,2019-10-27,25.399999618530277,
02RH072,2019-11-27,23.0,
02RH072,2019-12-27,18.0,
02RH072,2020-01-27,17.899999618530273,
02RH072,2020-02-27,17.799999237060547,
02RH072,2020-03-27,23.200000762939453,
02RH072,2020-04-27,20.299999237060547,
02RH072,2020-05-27,133.0,
02RH072,2020-06-27,14.0,
02RH072,2020-07-27,14.699999809265137,
02RH072,2020-08-27,14.399999618530272,
02RH072,2020-09-27,27.5,
02RH072,2020-10-27,55.400001525878906,
02RH072,2020-11-27,14.300000190734863,
02RH072,2020-12-27,23.5,
02RH072,2021-01-27,22.899999618530277,
02RH072,2021-02-27,23.399999618530277,
02RH072,2021-03-27,26.200000762939453,
02RH072,2021-04-27,14.800000190734863,
02RH072,2021-05-27,69.30000305175781,
02RH072,2021-06-27,26.899999618530277,
02RH072,2021-07-27,14.0,
02RH072,2021-08-27,9.729999542236328,
02RH072,2021-09-27,21.200000762939453,
02RH072,2021-10-27,14.800000190734863,
02RH072,2021-11-27,14.300000190734863,
02RH072,2021-12-27,18.299999237060547,
02RH072,2022-01-27,20.0,
02RH072,2022-02-27,17.799999237060547,
02RH072,2022-03-27,14.199999809265137,
02RH072,2022-04-27,31.100000381469727,
02RH072,2022-05-27,213.0,
02RH072,2022-06-27,30.399999618530277,
02RH072,2022-07-27,41.70000076293945,
02RH072,2022-08-27,15.199999809265137,
02RH072,2022-09-27,27.600000381469727,
02RH072,2022-10-27,15.100000381469728,
02RH072,2022-11-27,14.5,
02RH072,2022-12-27,14.5,
02RH072,2023-01-27,24.899999618530277,
02RH072,2023-02-27,14.100000381469728,
02RH072,2023-03-27,21.899999618530277,
02RH072,2023-04-27,40.0,
02RH072,2023-05-27,26.100000381469727,
02RH072,2023-06-27,10.399999618530272,
02RH072,2023-07-27,15.300000190734863,
02RH072,2023-08-27,25.200000762939453,
02RH072,2023-09-27,24.799999237060547,
02RH072,2023-10-27,19.399999618530277,
02RH072,2023-11-27,14.100000381469728,
02RH072,2023-12-27,25.700000762939453,
02RH072,2024-01-27,22.100000381469727,
02RH072,2024-02-27,22.5,
02RH072,2024-03-27,22.799999237060547,
02RH072,2024-04-27,14.399999618530272,
02RH072,2024-05-27,12.5,
02RH072,2024-06-27,10.5,
02RH072,2024-07-27,10.0,
02RH072,2024-08-27,10.100000381469728,
02RH072,2024-09-27,15.600000381469728,
02RH072,2008-10-28,8.470000267028809,
02RH072,2008-11-28,7.329999923706055,
02RH072,2008-12-28,19.299999237060547,
02RH072,2009-01-28,24.399999618530277,
02RH072,2009-02-28,21.700000762939453,
02RH072,2009-03-28,20.899999618530277,
02RH072,2009-04-28,30.700000762939453,
02RH072,2009-05-28,28.700000762939453,
02RH072,2009-06-28,19.399999618530277,
02RH072,2009-07-28,15.600000381469728,
02RH072,2009-08-28,11.699999809265137,
02RH072,2009-09-28,24.799999237060547,
02RH072,2009-10-28,21.700000762939453,
02RH072,2009-11-28,13.600000381469728,
02RH072,2009-12-28,18.0,
02RH072,2010-01-28,17.600000381469727,
02RH072,2010-02-28,26.399999618530277,
02RH072,2010-03-28,17.200000762939453,
02RH072,2010-04-28,26.799999237060547,
02RH072,2010-05-28,29.700000762939453,
02RH072,2010-06-28,10.100000381469728,
02RH072,2010-07-28,10.300000190734863,
02RH072,2010-08-28,16.799999237060547,
02RH072,2010-09-28,68.5999984741211,
02RH072,2010-10-28,56.0,
02RH072,2010-11-28,25.399999618530277,
02RH072,2010-12-28,18.0,
02RH072,2011-01-28,24.399999618530277,
02RH072,2011-02-28,22.100000381469727,
02RH072,2011-03-28,21.0,
02RH072,2011-04-28,31.700000762939453,
02RH072,2011-05-28,136.0,
02RH072,2011-06-28,13.100000381469728,
02RH072,2011-07-28,27.200000762939453,
02RH072,2011-08-28,60.70000076293945,
02RH072,2011-09-28,27.100000381469727,
02RH072,2011-10-28,17.100000381469727,
02RH072,2011-11-28,17.299999237060547,
02RH072,2011-12-28,19.200000762939453,
02RH072,2012-01-28,21.5,
02RH072,2012-02-28,21.600000381469727,
02RH072,2012-03-28,27.799999237060547,
02RH072,2012-04-28,42.79999923706055,
02RH072,2012-05-28,34.79999923706055,
02RH072,2012-06-28,21.5,
02RH072,2012-07-28,10.300000190734863,
02RH072,2012-08-28,10.300000190734863,
02RH072,2012-09-28,22.899999618530277,
02RH072,2012-10-28,25.399999618530277,
02RH072,2012-11-28,13.800000190734863,
02RH072,2012-12-28,13.800000190734863,
02RH072,2013-01-28,13.5,
02RH072,2013-02-28,22.0,
02RH072,2013-03-28,25.299999237060547,
02RH072,2013-04-28,28.0,
02RH072,2013-05-28,110.0,
02RH072,2013-06-28,25.200000762939453,
02RH072,2013-07-28,10.199999809265137,
02RH072,2013-08-28,10.199999809265137,
02RH072,2013-09-28,27.600000381469727,
02RH072,2013-10-28,14.699999809265137,
02RH072,2013-11-28,14.600000381469728,
02RH072,2013-12-28,14.399999618530272,
02RH072,2014-01-28,14.600000381469728,
02RH072,2014-02-28,19.399999618530277,
02RH072,2014-03-28,14.600000381469728,
02RH072,2014-04-28,29.299999237060547,
02RH072,2014-05-28,30.600000381469727,
02RH072,2014-06-28,14.600000381469728,
02RH072,2014-07-28,11.199999809265137,
02RH072,2014-08-28,10.699999809265137,
02RH072,2014-09-28,27.200000762939453,
02RH072,2014-10-28,30.200000762939453,
02RH072,2014-11-28,17.600000381469727,
02RH072,2014-12-28,19.200000762939453,
02RH072,2015-01-28,14.399999618530272,
02RH072,2015-02-28,14.399999618530272,
02RH072,2015-03-28,14.899999618530272,
02RH072,2015-04-28,30.0,
02RH072,2015-05-28,33.29999923706055,
02RH072,2015-06-28,15.300000190734863,
02RH072,2015-07-28,72.9000015258789,
02RH072,2015-08-28,15.800000190734863,
02RH072,2015-09-28,14.399999618530272,
02RH072,2015-10-28,15.399999618530272,
02RH072,2015-11-28,26.899999618530277,
02RH072,2015-12-28,24.0,
02RH072,2016-01-28,15.100000381469728,
02RH072,2016-02-28,24.299999237060547,
02RH072,2016-03-28,22.700000762939453,
02RH072,2016-04-28,24.200000762939453,
02RH072,2016-05-28,142.0,
02RH072,2016-06-28,27.600000381469727,
02RH072,2016-07-28,55.70000076293945,
02RH072,2016-08-28,15.199999809265137,
02RH072,2016-09-28,24.5,
02RH072,2016-10-28,26.600000381469727,
02RH072,2016-11-28,28.100000381469727,
02RH072,2016-12-28,21.799999237060547,
02RH072,2017-01-28,21.799999237060547,
02RH072,2017-02-28,18.5,
02RH072,2017-03-28,23.0,
02RH072,2017-04-28,129.0,
02RH072,2017-05-28,33.29999923706055,
02RH072,2017-06-28,20.799999237060547,
02RH072,2017-07-28,10.800000190734863,
02RH072,2017-08-28,10.199999809265137,
02RH072,2017-09-28,25.399999618530277,
02RH072,2017-10-28,26.200000762939453,
02RH072,2017-11-28,21.899999618530277,
02RH072,2017-12-28,15.199999809265137,
02RH072,2018-01-28,20.0,
02RH072,2018-02-28,21.399999618530277,
02RH072,2018-03-28,24.299999237060547,
02RH072,2018-04-28,31.799999237060547,
02RH072,2018-05-28,65.19999694824219,
02RH072,2018-06-28,15.0,
02RH072,2018-07-28,25.0,
02RH072,2018-08-28,10.100000381469728,
02RH072,2018-09-28,13.699999809265137,
02RH072,2018-10-28,23.799999237060547,
02RH072,2018-11-28,22.799999237060547,
02RH072,2018-12-28,18.399999618530277,
02RH072,2019-01-28,24.0,
02RH072,2019-02-28,17.799999237060547,
02RH072,2019-03-28,23.0,
02RH072,2019-04-28,52.5,
02RH072,2019-05-28,68.30000305175781,
02RH072,2019-06-28,23.5,
02RH072,2019-07-28,9.670000076293944,
02RH072,2019-08-28,9.710000038146973,
02RH072,2019-09-28,80.30000305175781,
02RH072,2019-10-28,25.399999618530277,
02RH072,2019-11-28,23.0,
02RH072,2019-12-28,17.899999618530273,
02RH072,2020-01-28,17.899999618530273,
02RH072,2020-02-28,18.0,
02RH072,2020-03-28,23.200000762939453,
02RH072,2020-04-28,22.299999237060547,
02RH072,2020-05-28,175.0,
02RH072,2020-06-28,14.0,
02RH072,2020-07-28,14.800000190734863,
02RH072,2020-08-28,14.399999618530272,
02RH072,2020-09-28,25.899999618530277,
02RH072,2020-10-28,46.09999847412109,
02RH072,2020-11-28,13.899999618530272,
02RH072,2020-12-28,23.600000381469727,
02RH072,2021-01-28,24.200000762939453,
02RH072,2021-02-28,23.0,
02RH072,2021-03-28,26.5,
02RH072,2021-04-28,14.699999809265137,
02RH072,2021-05-28,52.900001525878906,
02RH072,2021-06-28,94.4000015258789,
02RH072,2021-07-28,14.0,
02RH072,2021-08-28,9.729999542236328,
02RH072,2021-09-28,14.300000190734863,
02RH072,2021-10-28,14.600000381469728,
02RH072,2021-11-28,14.300000190734863,
02RH072,2021-12-28,18.299999237060547,
02RH072,2022-01-28,21.399999618530277,
02RH072,2022-02-28,18.0,
02RH072,2022-03-28,14.0,
02RH072,2022-04-28,31.100000381469727,
02RH072,2022-05-28,216.0,
02RH072,2022-06-28,29.5,
02RH072,2022-07-28,39.09999847412109,
02RH072,2022-08-28,15.199999809265137,
02RH072,2022-09-28,27.399999618530277,
02RH072,2022-10-28,14.899999618530272,
02RH072,2022-11-28,14.5,
02RH072,2022-12-28,14.399999618530272,
02RH072,2023-01-28,24.700000762939453,
02RH072,2023-02-28,14.0,
02RH072,2023-03-28,25.700000762939453,
02RH072,2023-04-28,36.79999923706055,
02RH072,2023-05-28,25.600000381469727,
02RH072,2023-06-28,11.100000381469728,
02RH072,2023-07-28,26.200000762939453,
02RH072,2023-08-28,24.0,
02RH072,2023-09-28,24.899999618530277,
02RH072,2023-10-28,14.699999809265137,
02RH072,2023-11-28,14.100000381469728,
02RH072,2023-12-28,25.700000762939453,
02RH072,2024-01-28,21.899999618530277,
02RH072,2024-02-28,22.299999237060547,
02RH072,2024-03-28,23.100000381469727,
02RH072,2024-04-28,14.5,
02RH072,2024-05-28,10.600000381469728,
02RH072,2024-06-28,10.100000381469728,
02RH072,2024-07-28,9.9399995803833,
02RH072,2024-08-28,10.199999809265137,
02RH072,2024-09-28,17.299999237060547,
02RH072,2008-10-29,9.600000381469728,
02RH072,2008-11-29,7.050000190734863,
02RH072,2008-12-29,19.5,
02RH072,2009-01-29,22.399999618530277,
02RH072,2009-03-29,19.799999237060547,
02RH072,2009-04-29,30.100000381469727,
02RH072,2009-05-29,32.400001525878906,
02RH072,2009-06-29,12.899999618530272,
02RH072,2009-07-29,22.0,
02RH072,2009-08-29,9.510000228881836,
02RH072,2009-09-29,24.700000762939453,
02RH072,2009-10-29,22.0,
02RH072,2009-11-29,13.600000381469728,
02RH072,2009-12-29,18.100000381469727,
02RH072,2010-01-29,17.899999618530273,
02RH072,2010-03-29,18.399999618530277,
02RH072,2010-04-29,26.600000381469727,
02RH072,2010-05-29,28.799999237060547,
02RH072,2010-06-29,10.100000381469728,
02RH072,2010-07-29,10.399999618530272,
02RH072,2010-08-29,14.300000190734863,
02RH072,2010-09-29,132.0,
02RH072,2010-10-29,49.5,
02RH072,2010-11-29,25.399999618530277,
02RH072,2010-12-29,18.0,
02RH072,2011-01-29,24.200000762939453,
02RH072,2011-03-29,25.299999237060547,
02RH072,2011-04-29,36.0,
02RH072,2011-05-29,105.0,
02RH072,2011-06-29,13.199999809265137,
02RH072,2011-07-29,27.5,
02RH072,2011-08-29,106.0,
02RH072,2011-09-29,27.0,
02RH072,2011-10-29,17.200000762939453,
02RH072,2011-11-29,17.399999618530273,
02RH072,2011-12-29,14.600000381469728,
02RH072,2012-01-29,21.399999618530277,
02RH072,2012-02-29,18.899999618530277,
02RH072,2012-03-29,27.799999237060547,
02RH072,2012-04-29,27.600000381469727,
02RH072,2012-05-29,39.5,
02RH072,2012-06-29,21.600000381469727,
02RH072,2012-07-29,10.300000190734863,
02RH072,2012-08-29,10.300000190734863,
02RH072,2012-09-29,23.0,
02RH072,2012-10-29,25.299999237060547,
02RH072,2012-11-29,13.800000190734863,
02RH072,2012-12-29,14.100000381469728,
02RH072,2013-01-29,13.399999618530272,
02RH072,2013-03-29,25.799999237060547,
02RH072,2013-04-29,28.399999618530277,
02RH072,2013-05-29,92.1999969482422,
02RH072,2013-06-29,28.0,
02RH072,2013-07-29,10.199999809265137,
02RH072,2013-08-29,10.199999809265137,
02RH072,2013-09-29,27.5,
02RH072,2013-10-29,14.5,
02RH072,2013-11-29,14.600000381469728,
02RH072,2013-12-29,14.399999618530272,
02RH072,2014-01-29,14.5,
02RH072,2014-03-29,14.800000190734863,
02RH072,2014-04-29,30.299999237060547,
02RH072,2014-05-29,30.799999237060547,
02RH072,2014-06-29,14.600000381469728,
02RH072,2014-07-29,11.300000190734863,
02RH072,2014-08-29,10.699999809265137,
02RH072,2014-09-29,27.200000762939453,
02RH072,2014-10-29,30.200000762939453,
02RH072,2014-11-29,23.5,
02RH072,2014-12-29,19.100000381469727,
02RH072,2015-01-29,14.399999618530272,
02RH072,2015-03-29,14.600000381469728,
02RH072,2015-04-29,31.0,
02RH072,2015-05-29,55.900001525878906,
02RH072,2015-06-29,15.399999618530272,
02RH072,2015-07-29,45.5,
02RH072,2015-08-29,15.800000190734863,
02RH072,2015-09-29,14.800000190734863,
02RH072,2015-10-29,19.600000381469727,
02RH072,2015-11-29,27.100000381469727,
02RH072,2015-12-29,24.0,
02RH072,2016-01-29,20.100000381469727,
02RH072,2016-02-29,24.0,
02RH072,2016-03-29,23.5,
02RH072,2016-04-29,24.299999237060547,
02RH072,2016-05-29,141.0,
02RH072,2016-06-29,39.900001525878906,
02RH072,2016-07-29,81.80000305175781,
02RH072,2016-08-29,15.199999809265137,
02RH072,2016-09-29,24.100000381469727,
02RH072,2016-10-29,26.700000762939453,
02RH072,2016-11-29,26.700000762939453,
02RH072,2016-12-29,22.0,
02RH072,2017-01-29,21.700000762939453,
02RH072,2017-03-29,23.0,
02RH072,2017-04-29,153.0,
02RH072,2017-05-29,33.29999923706055,
02RH072,2017-06-29,19.600000381469727,
02RH072,2017-07-29,10.300000190734863,
02RH072,2017-08-29,11.5,
02RH072,2017-09-29,25.399999618530277,
02RH072,2017-10-29,26.399999618530277,
02RH072,2017-11-29,20.700000762939453,
02RH072,2017-12-29,15.199999809265137,
02RH072,2018-01-29,19.899999618530277,
02RH072,2018-03-29,25.200000762939453,
02RH072,2018-04-29,35.599998474121094,
02RH072,2018-05-29,84.69999694824219,
02RH072,2018-06-29,15.0,
02RH072,2018-07-29,25.0,
02RH072,2018-08-29,10.199999809265137,
02RH072,2018-09-29,13.699999809265137,
02RH072,2018-10-29,23.700000762939453,
02RH072,2018-11-29,21.0,
02RH072,2018-12-29,18.5,
02RH072,2019-01-29,24.600000381469727,
02RH072,2019-03-29,20.399999618530277,
02RH072,2019-04-29,46.70000076293945,
02RH072,2019-05-29,61.29999923706055,
02RH072,2019-06-29,23.5,
02RH072,2019-07-29,9.630000114440918,
02RH072,2019-08-29,9.68000030517578,
02RH072,2019-09-29,80.30000305175781,
02RH072,2019-10-29,25.299999237060547,
02RH072,2019-11-29,22.899999618530277,
02RH072,2019-12-29,17.899999618530273,
02RH072,2020-01-29,17.799999237060547,
02RH072,2020-02-29,18.100000381469727,
02RH072,2020-03-29,22.5,
02RH072,2020-04-29,25.200000762939453,
02RH072,2020-05-29,222.0,
02RH072,2020-06-29,19.899999618530277,
02RH072,2020-07-29,16.200000762939453,
02RH072,2020-08-29,14.399999618530272,
02RH072,2020-09-29,26.399999618530277,
02RH072,2020-10-29,45.70000076293945,
02RH072,2020-11-29,13.899999618530272,
02RH072,2020-12-29,23.799999237060547,
02RH072,2021-01-29,24.299999237060547,
02RH072,2021-03-29,29.200000762939453,
02RH072,2021-04-29,14.300000190734863,
02RH072,2021-05-29,37.29999923706055,
02RH072,2021-06-29,160.0,
02RH072,2021-07-29,12.600000381469728,
02RH072,2021-08-29,9.699999809265137,
02RH072,2021-09-29,14.300000190734863,
02RH072,2021-10-29,14.600000381469728,
02RH072,2021-11-29,14.300000190734863,
02RH072,2021-12-29,18.200000762939453,
02RH072,2022-01-29,18.299999237060547,
02RH072,2022-03-29,14.100000381469728,
02RH072,2022-04-29,30.799999237060547,
02RH072,2022-05-29,220.0,
02RH072,2022-06-29,30.100000381469727,
02RH072,2022-07-29,24.700000762939453,
02RH072,2022-08-29,12.399999618530272,
02RH072,2022-09-29,27.700000762939453,
02RH072,2022-10-29,14.600000381469728,
02RH072,2022-11-29,14.600000381469728,
02RH072,2022-12-29,14.399999618530272,
02RH072,2023-01-29,24.600000381469727,
02RH072,2023-03-29,25.200000762939453,
02RH072,2023-04-29,32.900001525878906,
02RH072,2023-05-29,25.299999237060547,
02RH072,2023-06-29,13.5,
02RH072,2023-07-29,24.600000381469727,
02RH072,2023-08-29,23.399999618530277,
02RH072,2023-09-29,25.399999618530277,
02RH072,2023-10-29,14.899999618530272,
02RH072,2023-11-29,14.100000381469728,
02RH072,2023-12-29,25.600000381469727,
02RH072,2024-01-29,22.100000381469727,
02RH072,2024-02-29,22.100000381469727,
02RH072,2024-03-29,23.200000762939453,
02RH072,2024-04-29,14.300000190734863,
02RH072,2024-05-29,12.0,
02RH072,2024-06-29,9.859999656677246,
02RH072,2024-07-29,10.300000190734863,
02RH072,2024-08-29,10.199999809265137,
02RH072,2024-09-29,16.299999237060547,
02RH072,2008-10-30,12.899999618530272,
02RH072,2008-11-30,6.659999847412109,
02RH072,2008-12-30,20.100000381469727,
02RH072,2009-01-30,22.299999237060547,
02RH072,2009-03-30,20.399999618530277,
02RH072,2009-04-30,30.200000762939453,
02RH072,2009-05-30,32.900001525878906,
02RH072,2009-06-30,12.699999809265137,
02RH072,2009-07-30,16.600000381469727,
02RH072,2009-08-30,9.520000457763672,
02RH072,2009-09-30,24.700000762939453,
02RH072,2009-10-30,22.0,
02RH072,2009-11-30,14.800000190734863,
02RH072,2009-12-30,18.0,
02RH072,2010-01-30,17.5,
02RH072,2010-03-30,18.799999237060547,
02RH072,2010-04-30,26.100000381469727,
02RH072,2010-05-30,25.600000381469727,
02RH072,2010-06-30,10.100000381469728,
02RH072,2010-07-30,10.300000190734863,
02RH072,2010-08-30,10.100000381469728,
02RH072,2010-09-30,145.0,
02RH072,2010-10-30,42.59999847412109,
02RH072,2010-11-30,25.299999237060547,
02RH072,2010-12-30,17.899999618530273,
02RH072,2011-01-30,24.100000381469727,
02RH072,2011-03-30,25.5,
02RH072,2011-04-30,40.900001525878906,
02RH072,2011-05-30,86.80000305175781,
02RH072,2011-06-30,13.199999809265137,
02RH072,2011-07-30,27.399999618530277,
02RH072,2011-08-30,142.0,
02RH072,2011-09-30,27.100000381469727,
02RH072,2011-10-30,17.299999237060547,
02RH072,2011-11-30,17.600000381469727,
02RH072,2011-12-30,14.600000381469728,
02RH072,2012-01-30,21.200000762939453,
02RH072,2012-03-30,27.799999237060547,
02RH072,2012-04-30,27.5,
02RH072,2012-05-30,39.5,
02RH072,2012-06-30,21.799999237060547,
02RH072,2012-07-30,10.199999809265137,
02RH072,2012-08-30,10.600000381469728,
02RH072,2012-09-30,22.899999618530277,
02RH072,2012-10-30,25.299999237060547,
02RH072,2012-11-30,13.800000190734863,
02RH072,2012-12-30,14.0,
02RH072,2013-01-30,13.5,
02RH072,2013-03-30,25.100000381469727,
02RH072,2013-04-30,29.0,
02RH072,2013-05-30,50.70000076293945,
02RH072,2013-06-30,27.899999618530277,
02RH072,2013-07-30,10.300000190734863,
02RH072,2013-08-30,10.199999809265137,
02RH072,2013-09-30,27.299999237060547,
02RH072,2013-10-30,14.5,
02RH072,2013-11-30,16.299999237060547,
02RH072,2013-12-30,14.5,
02RH072,2014-01-30,14.5,
02RH072,2014-03-30,14.399999618530272,
02RH072,2014-04-30,30.799999237060547,
02RH072,2014-05-30,32.5,
02RH072,2014-06-30,14.600000381469728,
02RH072,2014-07-30,18.399999618530277,
02RH072,2014-08-30,10.800000190734863,
02RH072,2014-09-30,27.200000762939453,
02RH072,2014-10-30,30.299999237060547,
02RH072,2014-11-30,23.399999618530277,
02RH072,2014-12-30,19.399999618530277,
02RH072,2015-01-30,14.699999809265137,
02RH072,2015-03-30,14.600000381469728,
02RH072,2015-04-30,29.899999618530277,
02RH072,2015-05-30,86.69999694824219,
02RH072,2015-06-30,19.600000381469727,
02RH072,2015-07-30,28.899999618530277,
02RH072,2015-08-30,15.800000190734863,
02RH072,2015-09-30,14.699999809265137,
02RH072,2015-10-30,24.0,
02RH072,2015-11-30,27.200000762939453,
02RH072,2015-12-30,23.899999618530277,
02RH072,2016-01-30,23.299999237060547,
02RH072,2016-03-30,24.100000381469727,
02RH072,2016-04-30,24.399999618530277,
02RH072,2016-05-30,145.0,
02RH072,2016-06-30,64.0999984741211,
02RH072,2016-07-30,64.4000015258789,
02RH072,2016-08-30,15.199999809265137,
02RH072,2016-09-30,23.799999237060547,
02RH072,2016-10-30,26.700000762939453,
02RH072,2016-11-30,25.899999618530277,
02RH072,2016-12-30,22.0,
02RH072,2017-01-30,21.600000381469727,
02RH072,2017-03-30,23.5,
02RH072,2017-04-30,174.0,
02RH072,2017-05-30,33.400001525878906,
02RH072,2017-06-30,16.5,
02RH072,2017-07-30,10.199999809265137,
02RH072,2017-08-30,13.0,
02RH072,2017-09-30,25.299999237060547,
02RH072,2017-10-30,39.29999923706055,
02RH072,2017-11-30,16.0,
02RH072,2017-12-30,15.100000381469728,
02RH072,2018-01-30,19.899999618530277,
02RH072,2018-03-30,25.5,
02RH072,2018-04-30,34.79999923706055,
02RH072,2018-05-30,84.69999694824219,
02RH072,2018-06-30,15.0,
02RH072,2018-07-30,24.899999618530277,
02RH072,2018-08-30,9.960000038146973,
02RH072,2018-09-30,13.699999809265137,
02RH072,2018-10-30,23.600000381469727,
02RH072,2018-11-30,15.399999618530272,
02RH072,2018-12-30,18.5,
02RH072,2019-01-30,24.299999237060547,
02RH072,2019-03-30,18.0,
02RH072,2019-04-30,34.599998474121094,
02RH072,2019-05-30,66.5,
02RH072,2019-06-30,24.600000381469727,
02RH072,2019-07-30,9.739999771118164,
02RH072,2019-08-30,9.65999984741211,
02RH072,2019-09-30,73.80000305175781,
02RH072,2019-10-30,25.200000762939453,
02RH072,2019-11-30,22.799999237060547,
02RH072,2019-12-30,17.899999618530273,
02RH072,2020-01-30,17.700000762939453,
02RH072,2020-03-30,23.899999618530277,
02RH072,2020-04-30,29.0,
02RH072,2020-05-30,219.0,
02RH072,2020-06-30,23.600000381469727,
02RH072,2020-07-30,15.199999809265137,
02RH072,2020-08-30,19.799999237060547,
02RH072,2020-09-30,27.100000381469727,
02RH072,2020-10-30,37.0,
02RH072,2020-11-30,13.899999618530272,
02RH072,2020-12-30,23.799999237060547,
02RH072,2021-01-30,23.399999618530277,
02RH072,2021-03-30,30.899999618530277,
02RH072,2021-04-30,12.100000381469728,
02RH072,2021-05-30,29.700000762939453,
02RH072,2021-06-30,153.0,
02RH072,2021-07-30,10.300000190734863,
02RH072,2021-08-30,9.640000343322754,
02RH072,2021-09-30,14.300000190734863,
02RH072,2021-10-30,14.600000381469728,
02RH072,2021-11-30,14.300000190734863,
02RH072,2021-12-30,18.200000762939453,
02RH072,2022-01-30,18.100000381469727,
02RH072,2022-03-30,14.300000190734863,
02RH072,2022-04-30,31.200000762939453,
02RH072,2022-05-30,223.0,
02RH072,2022-06-30,36.0,
02RH072,2022-07-30,23.100000381469727,
02RH072,2022-08-30,14.899999618530272,
02RH072,2022-09-30,27.600000381469727,
02RH072,2022-10-30,14.5,
02RH072,2022-11-30,14.5,
02RH072,2022-12-30,14.300000190734863,
02RH072,2023-01-30,24.399999618530277,
02RH072,2023-03-30,24.899999618530277,
02RH072,2023-04-30,33.400001525878906,
02RH072,2023-05-30,25.100000381469727,
02RH072,2023-06-30,15.0,
02RH072,2023-07-30,18.5,
02RH072,2023-08-30,21.200000762939453,
02RH072,2023-09-30,26.700000762939453,
02RH072,2023-10-30,14.699999809265137,
02RH072,2023-11-30,14.100000381469728,
02RH072,2023-12-30,25.600000381469727,
02RH072,2024-01-30,22.200000762939453,
02RH072,2024-03-30,22.600000381469727,
02RH072,2024-04-30,13.800000190734863,
02RH072,2024-05-30,11.800000190734863,
02RH072,2024-06-30,9.93000030517578,
02RH072,2024-07-30,11.0,
02RH072,2024-08-30,10.100000381469728,
02RH072,2024-09-30,10.100000381469728,
02RH072,2008-10-31,9.93000030517578,
02RH072,2008-12-31,20.399999618530277,
02RH072,2009-01-31,22.200000762939453,
02RH072,2009-03-31,21.700000762939453,
02RH072,2009-05-31,36.59999847412109,
02RH072,2009-07-31,12.800000190734863,
02RH072,2009-08-31,10.5,
02RH072,2009-10-31,22.0,
02RH072,2009-12-31,18.0,
02RH072,2010-01-31,17.399999618530273,
02RH072,2010-03-31,17.5,
02RH072,2010-05-31,25.600000381469727,
02RH072,2010-07-31,10.300000190734863,
02RH072,2010-08-31,10.0,
02RH072,2010-10-31,40.29999923706055,
02RH072,2010-12-31,17.899999618530273,
02RH072,2011-01-31,24.100000381469727,
02RH072,2011-03-31,22.399999618530277,
02RH072,2011-05-31,67.0,
02RH072,2011-07-31,27.299999237060547,
02RH072,2011-08-31,116.0,
02RH072,2011-10-31,17.5,
02RH072,2011-12-31,14.5,
02RH072,2012-01-31,18.600000381469727,
02RH072,2012-03-31,27.799999237060547,
02RH072,2012-05-31,39.5,
02RH072,2012-07-31,10.199999809265137,
02RH072,2012-08-31,10.199999809265137,
02RH072,2012-10-31,25.200000762939453,
02RH072,2012-12-31,14.0,
02RH072,2013-01-31,13.5,
02RH072,2013-03-31,24.200000762939453,
02RH072,2013-05-31,66.69999694824219,
02RH072,2013-07-31,10.199999809265137,
02RH072,2013-08-31,10.199999809265137,
02RH072,2013-10-31,21.600000381469727,
02RH072,2013-12-31,14.600000381469728,
02RH072,2014-01-31,19.399999618530277,
02RH072,2014-03-31,14.5,
02RH072,2014-05-31,35.599998474121094,
02RH072,2014-07-31,25.200000762939453,
02RH072,2014-08-31,10.899999618530272,
02RH072,2014-10-31,30.200000762939453,
02RH072,2014-12-31,19.600000381469727,
02RH072,2015-01-31,15.300000190734863,
02RH072,2015-03-31,14.399999618530272,
02RH072,2015-05-31,68.5,
02RH072,2015-07-31,28.899999618530277,
02RH072,2015-08-31,15.800000190734863,
02RH072,2015-10-31,22.700000762939453,
02RH072,2015-12-31,23.799999237060547,
02RH072,2016-01-31,23.100000381469727,
02RH072,2016-03-31,23.600000381469727,
02RH072,2016-05-31,152.0,
02RH072,2016-07-31,53.20000076293945,
02RH072,2016-08-31,15.100000381469728,
02RH072,2016-10-31,26.700000762939453,
02RH072,2016-12-31,21.899999618530277,
02RH072,2017-01-31,21.399999618530277,
02RH072,2017-03-31,20.5,
02RH072,2017-05-31,33.29999923706055,
02RH072,2017-07-31,10.199999809265137,
02RH072,2017-08-31,10.199999809265137,
02RH072,2017-10-31,44.0,
02RH072,2017-12-31,15.100000381469728,
02RH072,2018-01-31,19.700000762939453,
02RH072,2018-03-31,25.200000762939453,
02RH072,2018-05-31,68.0,
02RH072,2018-07-31,24.899999618530277,
02RH072,2018-08-31,9.90999984741211,
02RH072,2018-10-31,23.5,
02RH072,2018-12-31,18.399999618530277,
02RH072,2019-01-31,21.899999618530277,
02RH072,2019-03-31,17.799999237060547,
02RH072,2019-05-31,96.4000015258789,
02RH072,2019-07-31,9.4399995803833,
02RH072,2019-08-31,9.6899995803833,
02RH072,2019-10-31,36.29999923706055,
02RH072,2019-12-31,17.899999618530273,
02RH072,2020-01-31,18.799999237060547,
02RH072,2020-03-31,24.600000381469727,
02RH072,2020-05-31,204.0,
02RH072,2020-07-31,16.200000762939453,
02RH072,2020-08-31,24.5,
02RH072,2020-10-31,28.600000381469727,
02RH072,2020-12-31,23.799999237060547,
02RH072,2021-01-31,23.299999237060547,
02RH072,2021-03-31,31.100000381469727,
02RH072,2021-05-31,30.200000762939453,
02RH072,2021-07-31,10.199999809265137,
02RH072,2021-08-31,9.65999984741211,
02RH072,2021-10-31,14.699999809265137,
02RH072,2021-12-31,18.200000762939453,
02RH072,2022-01-31,18.0,
02RH072,2022-03-31,14.100000381469728,
02RH072,2022-05-31,200.0,
02RH072,2022-07-31,22.799999237060547,
02RH072,2022-08-31,24.0,
02RH072,2022-10-31,14.5,
02RH072,2022-12-31,14.300000190734863,
02RH072,2023-01-31,24.700000762939453,
02RH072,2023-03-31,24.5,
02RH072,2023-05-31,24.100000381469727,
02RH072,2023-07-31,14.300000190734863,
02RH072,2023-08-31,18.799999237060547,
02RH072,2023-10-31,11.699999809265137,
02RH072,2023-12-31,25.600000381469727,
02RH072,2024-01-31,22.100000381469727,
02RH072,2024-03-31,22.0,
02RH072,2024-05-31,10.5,
02RH072,2024-07-31,10.699999809265137,
02RH072,2024-08-31,10.100000381469728,
