STATION_NUMBER,DATUM_ID_FROM,DATUM_ID_TO,CONVERSION_FACTOR
10MA003,10,35,930.2930297851562
10MA003,10,605,930.4320068359376
