STATION_NUMBER,DATUM_ID_FROM,DATUM_ID_TO,CONVERSION_FACTOR
10AA005,10,35,767.1099853515625
10AA005,10,605,767.1929931640625
