STATION_NUMBER,date,flow_cms,quality_symbol
02OH013,2012-07-01,,
02OH013,2012-08-01,0.6710000038146973,
02OH013,2012-09-01,0.386000007390976,
02OH013,2012-10-01,10.600000381469728,
02OH013,2012-11-01,9.829999923706056,
02OH013,2012-12-01,2.880000114440918,B
02OH013,2013-01-01,7.340000152587891,B
02OH013,2013-02-01,15.100000381469728,B
02OH013,2013-03-01,9.329999923706056,B
02OH013,2013-04-01,26.0,
02OH013,2013-05-01,4.46999979019165,
02OH013,2013-06-01,7.360000133514404,
02OH013,2013-07-01,4.829999923706055,
02OH013,2013-08-01,1.309999942779541,
02OH013,2013-09-01,0.5619999766349792,
02OH013,2013-10-01,2.289999961853028,
02OH013,2013-11-01,29.399999618530277,
02OH013,2013-12-01,14.699999809265137,
02OH013,2014-01-01,2.609999895095825,B
02OH013,2014-02-01,3.039999961853028,B
02OH013,2014-03-01,2.5299999713897705,B
02OH013,2014-04-01,63.400001525878906,B
02OH013,2014-05-01,54.79999923706055,
02OH013,2014-06-01,6.820000171661377,
02OH013,2014-07-01,9.609999656677246,
02OH013,2014-08-01,4.409999847412109,
02OH013,2014-09-01,1.940000057220459,
02OH013,2014-10-01,0.6299999952316284,
02OH013,2014-11-01,3.900000095367432,
02OH013,2014-12-01,6.519999980926514,
02OH013,2015-01-01,6.880000114440918,B
02OH013,2015-02-01,1.7000000476837158,B
02OH013,2015-03-01,0.9639999866485596,B
02OH013,2015-04-01,10.399999618530272,B
02OH013,2015-05-01,7.650000095367432,
02OH013,2015-06-01,23.0,
02OH013,2015-07-01,8.220000267028809,
02OH013,2015-08-01,6.579999923706055,
02OH013,2015-09-01,0.6430000066757202,
02OH013,2015-10-01,19.700000762939453,
02OH013,2015-11-01,8.0600004196167,
02OH013,2015-12-01,5.159999847412109,
02OH013,2016-01-01,9.579999923706056,B
02OH013,2016-02-01,10.399999618530272,B
02OH013,2016-03-01,17.700000762939453,B
02OH013,2016-04-01,37.900001525878906,
02OH013,2016-05-01,4.110000133514404,
02OH013,2016-06-01,1.1799999475479126,
02OH013,2016-07-01,0.5759999752044678,
02OH013,2016-08-01,0.4970000088214874,
02OH013,2016-09-01,3.119999885559082,
02OH013,2016-10-01,0.8330000042915344,
02OH013,2016-11-01,11.0,
02OH013,2016-12-01,40.09999847412109,
02OH013,2017-01-01,8.4399995803833,B
02OH013,2017-02-01,4.5,B
02OH013,2017-03-01,43.70000076293945,
02OH013,2017-04-01,30.299999237060547,
02OH013,2017-05-01,22.299999237060547,
02OH013,2017-06-01,3.150000095367432,
02OH013,2017-07-01,10.199999809265137,
02OH013,2017-08-01,2.220000028610229,
02OH013,2017-09-01,1.600000023841858,
02OH013,2017-10-01,0.6269999742507935,
02OH013,2017-11-01,6.46999979019165,
02OH013,2017-12-01,12.0,
02OH013,2018-01-01,1.8200000524520876,B
02OH013,2018-02-01,8.220000267028809,B
02OH013,2018-03-01,28.0,B
02OH013,2018-04-01,35.599998474121094,
02OH013,2018-05-01,50.400001525878906,
02OH013,2018-06-01,2.25,
02OH013,2018-07-01,1.2200000286102295,
02OH013,2018-08-01,0.2840000092983246,
02OH013,2018-09-01,0.4359999895095825,
02OH013,2018-10-01,0.5320000052452087,
02OH013,2018-11-01,6.300000190734863,
02OH013,2018-12-01,14.899999618530272,
02OH013,2019-01-01,39.0,
02OH013,2019-02-01,9.140000343322754,B
02OH013,2019-03-01,5.380000114440918,B
02OH013,2019-04-01,55.09999847412109,B
02OH013,2019-05-01,14.899999618530272,
02OH013,2019-06-01,5.909999847412109,
02OH013,2019-07-01,2.4600000381469727,
02OH013,2019-08-01,0.8700000047683716,
02OH013,2019-09-01,0.19900000095367432,
02OH013,2019-10-01,5.360000133514404,
02OH013,2019-11-01,136.0,
02OH013,2019-12-01,16.5,
02OH013,2020-01-01,9.270000457763672,
02OH013,2020-02-01,6.360000133514404,B
02OH013,2020-03-01,10.300000190734863,B
02OH013,2020-04-01,22.0,
02OH013,2020-05-01,3.2799999713897705,
02OH013,2020-06-01,1.809999942779541,
02OH013,2020-07-01,0.26499998569488525,
02OH013,2020-08-01,0.239999994635582,
02OH013,2020-09-01,1.4500000476837158,
02OH013,2020-10-01,9.6899995803833,
02OH013,2020-11-01,4.059999942779541,
02OH013,2020-12-01,10.199999809265137,
02OH013,2021-01-01,4.269999980926514,B
02OH013,2021-02-01,1.690000057220459,B
02OH013,2021-03-01,8.960000038146973,B
02OH013,2021-04-01,12.800000190734863,
02OH013,2021-05-01,54.79999923706055,
02OH013,2021-06-01,0.9300000071525574,
02OH013,2021-07-01,0.5400000214576721,
02OH013,2021-08-01,0.2070000022649765,
02OH013,2021-09-01,0.11500000208616255,
02OH013,2021-10-01,0.15800000727176666,
02OH013,2021-11-01,39.400001525878906,
02OH013,2021-12-01,5.53000020980835,
02OH013,2022-01-01,2.9200000762939453,B
02OH013,2022-02-01,1.5299999713897705,B
02OH013,2022-03-01,11.5,B
02OH013,2022-04-01,31.5,
02OH013,2022-05-01,8.420000076293945,
02OH013,2022-06-01,8.859999656677246,
02OH013,2022-07-01,9.779999732971191,
02OH013,2022-08-01,0.8999999761581421,
02OH013,2022-09-01,5.039999961853027,
02OH013,2022-10-01,4.349999904632568,
02OH013,2022-11-01,3.509999990463257,
02OH013,2022-12-01,21.600000381469727,
02OH013,2023-01-01,51.0,B
02OH013,2023-02-01,5.409999847412109,B
02OH013,2023-03-01,5.269999980926514,B
02OH013,2023-04-01,23.0,
02OH013,2023-05-01,9.40999984741211,
02OH013,2023-06-01,0.8529999852180481,
02OH013,2023-07-01,1.8600000143051147,
02OH013,2023-08-01,4.619999885559082,
02OH013,2023-09-01,7.789999961853027,
02OH013,2023-10-01,1.6699999570846558,
02OH013,2023-11-01,14.199999809265137,
02OH013,2023-12-01,12.899999618530272,
02OH013,2024-01-01,11.899999618530272,
02OH013,2024-02-01,6.510000228881836,B
02OH013,2024-03-01,6.539999961853027,B
02OH013,2024-04-01,9.329999923706056,
02OH013,2024-05-01,11.300000190734863,
02OH013,2024-06-01,1.5499999523162842,
02OH013,2024-07-01,26.799999237060547,
02OH013,2024-08-01,1.559999942779541,
02OH013,2024-09-01,6.039999961853027,
02OH013,2024-10-01,1.3600000143051147,
02OH013,2024-11-01,2.390000104904175,
02OH013,2024-12-01,5.679999828338623,
02OH013,2025-01-01,24.0,B
02OH013,2025-02-01,1.940000057220459,B
02OH013,2025-03-01,3.039999961853028,B
02OH013,2025-04-01,39.09999847412109,
02OH013,2025-05-01,14.899999618530272,
02OH013,2025-06-01,54.70000076293945,
02OH013,2025-07-01,7.539999961853027,
02OH013,2025-08-01,0.5379999876022339,
02OH013,2025-09-01,0.19200000166893005,
02OH013,2012-07-02,,
02OH013,2012-08-02,0.656000018119812,
02OH013,2012-09-02,0.3580000102519989,
02OH013,2012-10-02,15.5,
02OH013,2012-11-02,7.340000152587891,
02OH013,2012-12-02,2.869999885559082,B
02OH013,2013-01-02,7.039999961853027,B
02OH013,2013-02-02,10.5,B
02OH013,2013-03-02,7.260000228881836,B
02OH013,2013-04-02,22.100000381469727,
02OH013,2013-05-02,3.9600000381469727,
02OH013,2013-06-02,13.699999809265137,
02OH013,2013-07-02,3.920000076293945,
02OH013,2013-08-02,2.2300000190734863,
02OH013,2013-09-02,0.8090000152587891,
02OH013,2013-10-02,2.1700000762939453,
02OH013,2013-11-02,25.700000762939453,
02OH013,2013-12-02,9.489999771118164,
02OH013,2014-01-02,2.539999961853028,B
02OH013,2014-02-02,2.8399999141693115,B
02OH013,2014-03-02,2.299999952316284,B
02OH013,2014-04-02,78.80000305175781,B
02OH013,2014-05-02,32.79999923706055,
02OH013,2014-06-02,5.210000038146973,
02OH013,2014-07-02,5.139999866485596,
02OH013,2014-08-02,3.5999999046325684,
02OH013,2014-09-02,1.6399999856948853,
02OH013,2014-10-02,0.6439999938011169,
02OH013,2014-11-02,3.2699999809265137,
02OH013,2014-12-02,6.400000095367432,
02OH013,2015-01-02,5.889999866485596,B
02OH013,2015-02-02,1.6200000047683716,B
02OH013,2015-03-02,0.9509999752044678,B
02OH013,2015-04-02,19.399999618530277,B
02OH013,2015-05-02,6.78000020980835,
02OH013,2015-06-02,33.099998474121094,
02OH013,2015-07-02,22.0,
02OH013,2015-08-02,4.0,
02OH013,2015-09-02,0.5889999866485596,
02OH013,2015-10-02,7.570000171661377,
02OH013,2015-11-02,9.609999656677246,
02OH013,2015-12-02,13.100000381469728,
02OH013,2016-01-02,8.329999923706055,B
02OH013,2016-02-02,19.700000762939453,B
02OH013,2016-03-02,11.800000190734863,B
02OH013,2016-04-02,35.20000076293945,
02OH013,2016-05-02,5.239999771118164,
02OH013,2016-06-02,0.9959999918937684,
02OH013,2016-07-02,0.5090000033378601,
02OH013,2016-08-02,0.44699999690055847,
02OH013,2016-09-02,2.390000104904175,
02OH013,2016-10-02,0.734000027179718,
02OH013,2016-11-02,8.800000190734863,
02OH013,2016-12-02,36.5,
02OH013,2017-01-02,7.239999771118164,B
02OH013,2017-02-02,3.990000009536743,B
02OH013,2017-03-02,69.0,
02OH013,2017-04-02,42.900001525878906,
02OH013,2017-05-02,37.59999847412109,
02OH013,2017-06-02,2.680000066757202,
02OH013,2017-07-02,20.799999237060547,
02OH013,2017-08-02,2.190000057220459,
02OH013,2017-09-02,1.3899999856948853,
02OH013,2017-10-02,0.5740000009536743,
02OH013,2017-11-02,14.100000381469728,
02OH013,2017-12-02,11.300000190734863,
02OH013,2018-01-02,1.7000000476837158,B
02OH013,2018-02-02,7.230000019073486,B
02OH013,2018-03-02,21.0,B
02OH013,2018-04-02,25.600000381469727,
02OH013,2018-05-02,28.5,
02OH013,2018-06-02,2.509999990463257,
02OH013,2018-07-02,1.7200000286102295,
02OH013,2018-08-02,0.2879999876022339,
02OH013,2018-09-02,0.2840000092983246,
02OH013,2018-10-02,0.5389999747276306,
02OH013,2018-11-02,21.899999618530277,
02OH013,2018-12-02,15.699999809265137,
02OH013,2019-01-02,26.899999618530277,
02OH013,2019-02-02,8.109999656677246,B
02OH013,2019-03-02,4.320000171661377,B
02OH013,2019-04-02,45.0,
02OH013,2019-05-02,23.5,
02OH013,2019-06-02,11.100000381469728,
02OH013,2019-07-02,1.940000057220459,
02OH013,2019-08-02,0.4480000138282776,
02OH013,2019-09-02,0.9330000281333924,
02OH013,2019-10-02,49.20000076293945,
02OH013,2019-11-02,108.0,
02OH013,2019-12-02,12.399999618530272,B
02OH013,2020-01-02,8.100000381469727,
02OH013,2020-02-02,5.679999828338623,B
02OH013,2020-03-02,8.979999542236328,B
02OH013,2020-04-02,17.0,
02OH013,2020-05-02,3.220000028610229,
02OH013,2020-06-02,1.5099999904632568,
02OH013,2020-07-02,0.3009999990463257,
02OH013,2020-08-02,0.2029999941587448,
02OH013,2020-09-02,0.9139999747276306,
02OH013,2020-10-02,4.090000152587891,
02OH013,2020-11-02,4.880000114440918,
02OH013,2020-12-02,11.0,
02OH013,2021-01-02,3.5199999809265137,B
02OH013,2021-02-02,1.6699999570846558,B
02OH013,2021-03-02,12.300000190734863,B
02OH013,2021-04-02,13.699999809265137,
02OH013,2021-05-02,32.79999923706055,
02OH013,2021-06-02,0.8700000047683716,
02OH013,2021-07-02,0.4390000104904175,
02OH013,2021-08-02,0.2419999986886978,
02OH013,2021-09-02,0.08799999952316284,
02OH013,2021-10-02,0.23000000417232516,
02OH013,2021-11-02,16.0,
02OH013,2021-12-02,5.590000152587891,
02OH013,2022-01-02,3.869999885559082,B
02OH013,2022-02-02,1.850000023841858,B
02OH013,2022-03-02,10.100000381469728,B
02OH013,2022-04-02,25.200000762939453,
02OH013,2022-05-02,7.429999828338623,
02OH013,2022-06-02,9.81999969482422,
02OH013,2022-07-02,6.71999979019165,
02OH013,2022-08-02,0.7689999938011169,
02OH013,2022-09-02,2.680000066757202,
02OH013,2022-10-02,3.5999999046325684,
02OH013,2022-11-02,3.319999933242798,
02OH013,2022-12-02,14.199999809265137,
02OH013,2023-01-02,42.59999847412109,B
02OH013,2023-02-02,5.230000019073486,B
02OH013,2023-03-02,5.440000057220459,B
02OH013,2023-04-02,34.0,
02OH013,2023-05-02,23.0,
02OH013,2023-06-02,0.7129999995231628,
02OH013,2023-07-02,45.70000076293945,
02OH013,2023-08-02,3.7300000190734863,
02OH013,2023-09-02,4.909999847412109,
02OH013,2023-10-02,1.5399999618530271,
02OH013,2023-11-02,11.0,
02OH013,2023-12-02,23.299999237060547,
02OH013,2024-01-02,10.800000190734863,
02OH013,2024-02-02,7.550000190734863,B
02OH013,2024-03-02,6.03000020980835,B
02OH013,2024-04-02,8.350000381469727,
02OH013,2024-05-02,14.5,
02OH013,2024-06-02,1.350000023841858,
02OH013,2024-07-02,10.5,
02OH013,2024-08-02,2.009999990463257,
02OH013,2024-09-02,6.389999866485596,
02OH013,2024-10-02,1.2400000095367432,
02OH013,2024-11-02,4.239999771118164,
02OH013,2024-12-02,4.679999828338623,
02OH013,2025-01-02,20.600000381469727,B
02OH013,2025-02-02,1.940000057220459,B
02OH013,2025-03-02,2.6600000858306885,B
02OH013,2025-04-02,19.799999237060547,
02OH013,2025-05-02,17.799999237060547,
02OH013,2025-06-02,32.900001525878906,
02OH013,2025-07-02,9.859999656677246,
02OH013,2025-08-02,0.43299999833107,
02OH013,2025-09-02,0.17000000178813934,
02OH013,2012-07-03,,
02OH013,2012-08-03,0.6050000190734863,
02OH013,2012-09-03,0.33799999952316284,
02OH013,2012-10-03,7.96999979019165,
02OH013,2012-11-03,10.5,
02OH013,2012-12-03,21.200000762939453,
02OH013,2013-01-03,6.78000020980835,B
02OH013,2013-02-03,7.650000095367432,B
02OH013,2013-03-03,5.920000076293945,B
02OH013,2013-04-03,12.699999809265137,
02OH013,2013-05-03,3.5299999713897705,
02OH013,2013-06-03,12.5,
02OH013,2013-07-03,4.0,
02OH013,2013-08-03,2.309999942779541,
02OH013,2013-09-03,11.699999809265137,
02OH013,2013-10-03,2.0199999809265137,
02OH013,2013-11-03,16.200000762939453,
02OH013,2013-12-03,8.8100004196167,
02OH013,2014-01-03,2.490000009536743,B
02OH013,2014-02-03,2.6700000762939453,B
02OH013,2014-03-03,2.109999895095825,B
02OH013,2014-04-03,98.3000030517578,B
02OH013,2014-05-03,20.299999237060547,
02OH013,2014-06-03,6.639999866485596,
02OH013,2014-07-03,3.890000104904175,
02OH013,2014-08-03,7.079999923706055,
02OH013,2014-09-03,1.3700000047683716,
02OH013,2014-10-03,0.6510000228881836,
02OH013,2014-11-03,2.9200000762939453,
02OH013,2014-12-03,5.170000076293945,
02OH013,2015-01-03,8.529999732971191,B
02OH013,2015-02-03,1.559999942779541,B
02OH013,2015-03-03,0.944000005722046,B
02OH013,2015-04-03,46.09999847412109,B
02OH013,2015-05-03,5.989999771118164,
02OH013,2015-06-03,18.700000762939453,
02OH013,2015-07-03,10.0,
02OH013,2015-08-03,2.9800000190734863,
02OH013,2015-09-03,0.5479999780654907,
02OH013,2015-10-03,4.0,
02OH013,2015-11-03,8.239999771118164,
02OH013,2015-12-03,41.20000076293945,
02OH013,2016-01-03,7.389999866485596,B
02OH013,2016-02-03,19.0,B
02OH013,2016-03-03,8.779999732971191,B
02OH013,2016-04-03,21.100000381469727,
02OH013,2016-05-03,7.800000190734863,
02OH013,2016-06-03,0.8700000047683716,
02OH013,2016-07-03,0.41999998688697815,
02OH013,2016-08-03,0.4339999854564667,
02OH013,2016-09-03,1.4800000190734863,
02OH013,2016-10-03,0.6880000233650208,
02OH013,2016-11-03,8.729999542236328,
02OH013,2016-12-03,25.100000381469727,
02OH013,2017-01-03,6.289999961853027,B
02OH013,2017-02-03,3.660000085830689,B
02OH013,2017-03-03,31.100000381469727,
02OH013,2017-04-03,46.59999847412109,
02OH013,2017-05-03,24.700000762939453,
02OH013,2017-06-03,2.700000047683716,
02OH013,2017-07-03,12.800000190734863,
02OH013,2017-08-03,2.109999895095825,
02OH013,2017-09-03,1.600000023841858,
02OH013,2017-10-03,0.5529999732971191,
02OH013,2017-11-03,31.0,
02OH013,2017-12-03,8.829999923706055,
02OH013,2018-01-03,1.6100000143051147,B
02OH013,2018-02-03,6.489999771118164,B
02OH013,2018-03-03,15.899999618530272,B
02OH013,2018-04-03,19.299999237060547,
02OH013,2018-05-03,20.299999237060547,
02OH013,2018-06-03,1.9700000286102293,
02OH013,2018-07-03,1.5399999618530271,
02OH013,2018-08-03,0.28299999237060547,
02OH013,2018-09-03,0.2770000100135803,
02OH013,2018-10-03,0.7360000014305115,
02OH013,2018-11-03,36.59999847412109,
02OH013,2018-12-03,46.09999847412109,
02OH013,2019-01-03,18.700000762939453,
02OH013,2019-02-03,7.349999904632568,B
02OH013,2019-03-03,4.050000190734863,B
02OH013,2019-04-03,39.20000076293945,
02OH013,2019-05-03,26.799999237060547,
02OH013,2019-06-03,26.799999237060547,
02OH013,2019-07-03,1.4600000381469729,
02OH013,2019-08-03,0.3269999921321869,
02OH013,2019-09-03,8.479999542236328,
02OH013,2019-10-03,27.899999618530277,
02OH013,2019-11-03,44.0,
02OH013,2019-12-03,9.56999969482422,B
02OH013,2020-01-03,7.739999771118164,
02OH013,2020-02-03,5.179999828338623,B
02OH013,2020-03-03,19.799999237060547,B
02OH013,2020-04-03,41.0,
02OH013,2020-05-03,2.990000009536743,
02OH013,2020-06-03,1.3799999952316284,
02OH013,2020-07-03,0.2939999997615814,
02OH013,2020-08-03,0.1899999976158142,
02OH013,2020-09-03,0.7570000290870667,
02OH013,2020-10-03,3.440000057220459,
02OH013,2020-11-03,5.940000057220459,
02OH013,2020-12-03,7.869999885559082,
02OH013,2021-01-03,3.609999895095825,B
02OH013,2021-02-03,1.809999942779541,B
02OH013,2021-03-03,16.799999237060547,B
02OH013,2021-04-03,10.899999618530272,
02OH013,2021-05-03,16.799999237060547,
02OH013,2021-06-03,0.8259999752044678,
02OH013,2021-07-03,0.4690000116825104,
02OH013,2021-08-03,0.2720000147819519,
02OH013,2021-09-03,0.08500000089406967,
02OH013,2021-10-03,0.5090000033378601,
02OH013,2021-11-03,8.600000381469727,
02OH013,2021-12-03,14.399999618530272,
02OH013,2022-01-03,5.090000152587891,B
02OH013,2022-02-03,2.299999952316284,B
02OH013,2022-03-03,8.880000114440918,B
02OH013,2022-04-03,17.799999237060547,
02OH013,2022-05-03,6.800000190734863,
02OH013,2022-06-03,11.0,
02OH013,2022-07-03,4.96999979019165,
02OH013,2022-08-03,0.7839999794960022,
02OH013,2022-09-03,1.7699999809265137,
02OH013,2022-10-03,3.0799999237060547,
02OH013,2022-11-03,3.0799999237060547,
02OH013,2022-12-03,13.600000381469728,
02OH013,2023-01-03,23.899999618530277,B
02OH013,2023-02-03,5.099999904632568,B
02OH013,2023-03-03,6.239999771118164,B
02OH013,2023-04-03,20.100000381469727,
02OH013,2023-05-03,20.600000381469727,
02OH013,2023-06-03,0.6029999852180481,
02OH013,2023-07-03,40.900001525878906,
02OH013,2023-08-03,3.25,
02OH013,2023-09-03,3.7100000381469727,
02OH013,2023-10-03,1.4600000381469729,
02OH013,2023-11-03,9.369999885559082,
02OH013,2023-12-03,26.100000381469727,
02OH013,2024-01-03,8.90999984741211,
02OH013,2024-02-03,6.579999923706055,B
02OH013,2024-03-03,11.0,B
02OH013,2024-04-03,7.599999904632568,
02OH013,2024-05-03,16.200000762939453,
02OH013,2024-06-03,1.1799999475479126,
02OH013,2024-07-03,6.400000095367432,
02OH013,2024-08-03,1.5299999713897705,
02OH013,2024-09-03,4.320000171661377,
02OH013,2024-10-03,1.1399999856948853,
02OH013,2024-11-03,3.130000114440918,
02OH013,2024-12-03,4.130000114440918,
02OH013,2025-01-03,15.0,B
02OH013,2025-02-03,1.940000057220459,B
02OH013,2025-03-03,2.359999895095825,B
02OH013,2025-04-03,48.5,
02OH013,2025-05-03,19.899999618530277,
02OH013,2025-06-03,15.5,
02OH013,2025-07-03,4.389999866485596,
02OH013,2025-08-03,0.34200000762939453,
02OH013,2025-09-03,0.15600000321865082,
02OH013,2012-07-04,,
02OH013,2012-08-04,0.5329999923706055,
02OH013,2012-09-04,0.3610000014305115,
02OH013,2012-10-04,5.769999980926514,
02OH013,2012-11-04,15.0,
02OH013,2012-12-04,18.200000762939453,
02OH013,2013-01-04,6.539999961853027,B
02OH013,2013-02-04,5.789999961853027,B
02OH013,2013-03-04,5.03000020980835,B
02OH013,2013-04-04,10.0,
02OH013,2013-05-04,3.1700000762939453,
02OH013,2013-06-04,7.489999771118164,
02OH013,2013-07-04,3.430000066757202,
02OH013,2013-08-04,2.3499999046325684,
02OH013,2013-09-04,4.429999828338623,
02OH013,2013-10-04,1.899999976158142,
02OH013,2013-11-04,11.0,
02OH013,2013-12-04,8.369999885559082,
02OH013,2014-01-04,2.450000047683716,B
02OH013,2014-02-04,2.5199999809265137,B
02OH013,2014-03-04,1.950000047683716,B
02OH013,2014-04-04,106.0,B
02OH013,2014-05-04,22.899999618530277,
02OH013,2014-06-04,22.399999618530277,
02OH013,2014-07-04,15.0,
02OH013,2014-08-04,8.890000343322754,
02OH013,2014-09-04,1.5700000524520874,
02OH013,2014-10-04,0.7379999756813049,
02OH013,2014-11-04,2.619999885559082,
02OH013,2014-12-04,7.510000228881836,
02OH013,2015-01-04,16.5,B
02OH013,2015-02-04,1.5,B
02OH013,2015-03-04,0.9470000267028807,B
02OH013,2015-04-04,56.59999847412109,B
02OH013,2015-05-04,5.289999961853027,
02OH013,2015-06-04,10.800000190734863,
02OH013,2015-07-04,6.039999961853027,
02OH013,2015-08-04,2.4800000190734863,
02OH013,2015-09-04,0.4850000143051148,
02OH013,2015-10-04,2.940000057220459,
02OH013,2015-11-04,6.179999828338623,
02OH013,2015-12-04,30.899999618530277,
02OH013,2016-01-04,6.679999828338623,B
02OH013,2016-02-04,26.100000381469727,B
02OH013,2016-03-04,7.300000190734863,B
02OH013,2016-04-04,13.699999809265137,
02OH013,2016-05-04,6.409999847412109,
02OH013,2016-06-04,0.765999972820282,
02OH013,2016-07-04,0.3580000102519989,
02OH013,2016-08-04,0.4059999883174896,
02OH013,2016-09-04,1.1100000143051147,
02OH013,2016-10-04,0.6449999809265137,
02OH013,2016-11-04,19.200000762939453,
02OH013,2016-12-04,20.100000381469727,
02OH013,2017-01-04,12.0,B
02OH013,2017-02-04,3.430000066757202,B
02OH013,2017-03-04,15.399999618530272,B
02OH013,2017-04-04,63.09999847412109,
02OH013,2017-05-04,16.399999618530273,
02OH013,2017-06-04,3.259999990463257,
02OH013,2017-07-04,7.130000114440918,
02OH013,2017-08-04,1.9600000381469729,
02OH013,2017-09-04,6.619999885559082,
02OH013,2017-10-04,0.5630000233650208,
02OH013,2017-11-04,26.600000381469727,
02OH013,2017-12-04,7.429999828338623,
02OH013,2018-01-04,1.5199999809265137,B
02OH013,2018-02-04,5.929999828338623,B
02OH013,2018-03-04,15.100000381469728,B
02OH013,2018-04-04,57.70000076293945,
02OH013,2018-05-04,29.299999237060547,
02OH013,2018-06-04,1.9600000381469729,
02OH013,2018-07-04,1.5800000429153442,
02OH013,2018-08-04,0.2870000004768372,
02OH013,2018-09-04,0.2750000059604645,
02OH013,2018-10-04,1.0099999904632568,
02OH013,2018-11-04,45.0,
02OH013,2018-12-04,52.79999923706055,
02OH013,2019-01-04,15.399999618530272,B
02OH013,2019-02-04,6.789999961853027,B
02OH013,2019-03-04,3.829999923706055,B
02OH013,2019-04-04,37.400001525878906,
02OH013,2019-05-04,31.899999618530277,
02OH013,2019-06-04,12.899999618530272,
02OH013,2019-07-04,1.159999966621399,
02OH013,2019-08-04,0.26899999380111694,
02OH013,2019-09-04,5.820000171661377,
02OH013,2019-10-04,13.5,
02OH013,2019-11-04,22.5,
02OH013,2019-12-04,7.829999923706055,B
02OH013,2020-01-04,11.100000381469728,
02OH013,2020-02-04,5.570000171661377,B
02OH013,2020-03-04,41.5,B
02OH013,2020-04-04,29.799999237060547,
02OH013,2020-05-04,2.7699999809265137,
02OH013,2020-06-04,1.409999966621399,
02OH013,2020-07-04,0.2280000001192093,
02OH013,2020-08-04,0.4320000112056732,
02OH013,2020-09-04,0.5879999995231628,
02OH013,2020-10-04,2.9600000381469727,
02OH013,2020-11-04,5.489999771118164,
02OH013,2020-12-04,6.519999980926514,
02OH013,2021-01-04,3.259999990463257,B
02OH013,2021-02-04,2.0799999237060547,B
02OH013,2021-03-04,12.899999618530272,B
02OH013,2021-04-04,9.800000190734863,
02OH013,2021-05-04,12.399999618530272,
02OH013,2021-06-04,1.0099999904632568,
02OH013,2021-07-04,0.4070000052452088,
02OH013,2021-08-04,0.20600000023841855,
02OH013,2021-09-04,0.08799999952316284,
02OH013,2021-10-04,0.4839999973773956,
02OH013,2021-11-04,5.869999885559082,
02OH013,2021-12-04,8.579999923706055,
02OH013,2022-01-04,4.630000114440918,B
02OH013,2022-02-04,3.140000104904175,B
02OH013,2022-03-04,7.789999961853027,B
02OH013,2022-04-04,14.600000381469728,
02OH013,2022-05-04,7.820000171661377,
02OH013,2022-06-04,9.289999961853027,
02OH013,2022-07-04,3.680000066757202,
02OH013,2022-08-04,0.975000023841858,
02OH013,2022-09-04,1.340000033378601,
02OH013,2022-10-04,2.75,
02OH013,2022-11-04,2.970000028610229,
02OH013,2022-12-04,17.100000381469727,
02OH013,2023-01-04,18.299999237060547,B
02OH013,2023-02-04,4.989999771118164,B
02OH013,2023-03-04,5.650000095367432,B
02OH013,2023-04-04,15.5,
02OH013,2023-05-04,13.399999618530272,
02OH013,2023-06-04,0.515999972820282,
02OH013,2023-07-04,13.300000190734863,
02OH013,2023-08-04,14.300000190734863,
02OH013,2023-09-04,3.0199999809265137,
02OH013,2023-10-04,1.399999976158142,
02OH013,2023-11-04,8.260000228881836,
02OH013,2023-12-04,59.0,
02OH013,2024-01-04,8.550000190734863,
02OH013,2024-02-04,5.800000190734863,B
02OH013,2024-03-04,12.5,
02OH013,2024-04-04,9.81999969482422,
02OH013,2024-05-04,10.699999809265137,
02OH013,2024-06-04,1.0499999523162842,
02OH013,2024-07-04,4.599999904632568,
02OH013,2024-08-04,1.2400000095367432,
02OH013,2024-09-04,3.2799999713897705,
02OH013,2024-10-04,1.0700000524520874,
02OH013,2024-11-04,2.450000047683716,
02OH013,2024-12-04,3.829999923706055,
02OH013,2025-01-04,10.300000190734863,B
02OH013,2025-02-04,2.220000028610229,B
02OH013,2025-03-04,2.180000066757202,B
02OH013,2025-04-04,51.59999847412109,
02OH013,2025-05-04,15.300000190734863,
02OH013,2025-06-04,10.5,
02OH013,2025-07-04,4.619999885559082,
02OH013,2025-08-04,0.28299999237060547,
02OH013,2025-09-04,0.13899999856948853,
02OH013,2012-07-05,,
02OH013,2012-08-05,0.5,
02OH013,2012-09-05,7.239999771118164,
02OH013,2012-10-05,11.600000381469728,
02OH013,2012-11-05,12.0,
02OH013,2012-12-05,26.399999618530277,
02OH013,2013-01-05,6.320000171661377,B
02OH013,2013-02-05,4.840000152587891,B
02OH013,2013-03-05,4.420000076293945,B
02OH013,2013-04-05,10.5,
02OH013,2013-05-05,2.900000095367432,
02OH013,2013-06-05,5.619999885559082,
02OH013,2013-07-05,3.3299999237060547,
02OH013,2013-08-05,2.740000009536743,
02OH013,2013-09-05,2.4200000762939453,
02OH013,2013-10-05,1.9600000381469729,
02OH013,2013-11-05,8.40999984741211,
02OH013,2013-12-05,9.649999618530272,
02OH013,2014-01-05,2.430000066757202,B
02OH013,2014-02-05,2.390000104904175,B
02OH013,2014-03-05,1.830000042915344,B
02OH013,2014-04-05,73.5,B
02OH013,2014-05-05,35.79999923706055,
02OH013,2014-06-05,10.699999809265137,
02OH013,2014-07-05,9.880000114440918,
02OH013,2014-08-05,4.46999979019165,
02OH013,2014-09-05,1.399999976158142,
02OH013,2014-10-05,1.309999942779541,
02OH013,2014-11-05,2.680000066757202,
02OH013,2014-12-05,5.21999979019165,B
02OH013,2015-01-05,24.399999618530277,B
02OH013,2015-02-05,1.4500000476837158,B
02OH013,2015-03-05,0.959999978542328,B
02OH013,2015-04-05,36.29999923706055,B
02OH013,2015-05-05,5.010000228881836,
02OH013,2015-06-05,7.610000133514404,
02OH013,2015-07-05,4.670000076293945,
02OH013,2015-08-05,2.2699999809265137,
02OH013,2015-09-05,0.44200000166893005,
02OH013,2015-10-05,2.450000047683716,
02OH013,2015-11-05,5.269999980926514,
02OH013,2015-12-05,18.200000762939453,
02OH013,2016-01-05,6.130000114440918,B
02OH013,2016-02-05,16.0,B
02OH013,2016-03-05,6.820000171661377,B
02OH013,2016-04-05,10.800000190734863,
02OH013,2016-05-05,5.25,
02OH013,2016-06-05,1.2000000476837158,
02OH013,2016-07-05,0.3580000102519989,
02OH013,2016-08-05,0.37299999594688416,
02OH013,2016-09-05,0.9039999842643738,
02OH013,2016-10-05,0.628000020980835,
02OH013,2016-11-05,15.600000381469728,
02OH013,2016-12-05,15.0,
02OH013,2017-01-05,15.800000190734863,B
02OH013,2017-02-05,3.259999990463257,B
02OH013,2017-03-05,11.699999809265137,B
02OH013,2017-04-05,85.0,
02OH013,2017-05-05,14.600000381469728,
02OH013,2017-06-05,3.259999990463257,
02OH013,2017-07-05,5.039999961853027,
02OH013,2017-08-05,2.2100000381469727,
02OH013,2017-09-05,5.71999979019165,
02OH013,2017-10-05,1.0099999904632568,
02OH013,2017-11-05,13.899999618530272,
02OH013,2017-12-05,7.0,
02OH013,2018-01-05,1.4500000476837158,B
02OH013,2018-02-05,5.5,B
02OH013,2018-03-05,14.600000381469728,B
02OH013,2018-04-05,66.0999984741211,
02OH013,2018-05-05,41.09999847412109,
02OH013,2018-06-05,3.3299999237060547,
02OH013,2018-07-05,1.1299999952316284,
02OH013,2018-08-05,0.3140000104904175,
02OH013,2018-09-05,0.2189999967813492,
02OH013,2018-10-05,0.9399999976158142,
02OH013,2018-11-05,21.200000762939453,
02OH013,2018-12-05,27.299999237060547,
02OH013,2019-01-05,11.699999809265137,B
02OH013,2019-02-05,12.100000381469728,B
02OH013,2019-03-05,3.650000095367432,B
02OH013,2019-04-05,25.399999618530277,
02OH013,2019-05-05,22.0,
02OH013,2019-06-05,8.819999694824219,
02OH013,2019-07-05,0.9660000205039978,
02OH013,2019-08-05,0.193000003695488,
02OH013,2019-09-05,6.349999904632568,
02OH013,2019-10-05,10.600000381469728,
02OH013,2019-11-05,17.799999237060547,
02OH013,2019-12-05,6.75,B
02OH013,2020-01-05,10.399999618530272,
02OH013,2020-02-05,5.099999904632568,B
02OH013,2020-03-05,45.20000076293945,B
02OH013,2020-04-05,19.100000381469727,
02OH013,2020-05-05,2.619999885559082,
02OH013,2020-06-05,1.3200000524520874,
02OH013,2020-07-05,0.17900000512599945,
02OH013,2020-08-05,6.070000171661377,
02OH013,2020-09-05,0.45399999618530273,
02OH013,2020-10-05,2.200000047683716,
02OH013,2020-11-05,8.149999618530273,
02OH013,2020-12-05,7.420000076293945,
02OH013,2021-01-05,2.970000028610229,B
02OH013,2021-02-05,2.039999961853028,B
02OH013,2021-03-05,10.600000381469728,B
02OH013,2021-04-05,8.6899995803833,
02OH013,2021-05-05,10.899999618530272,
02OH013,2021-06-05,1.1699999570846558,
02OH013,2021-07-05,0.3319999873638153,
02OH013,2021-08-05,0.20999999344348907,
02OH013,2021-09-05,0.08399999886751175,
02OH013,2021-10-05,0.4180000126361847,
02OH013,2021-11-05,4.480000019073486,
02OH013,2021-12-05,6.929999828338623,
02OH013,2022-01-05,5.329999923706055,B
02OH013,2022-02-05,2.7300000190734863,B
02OH013,2022-03-05,6.769999980926514,B
02OH013,2022-04-05,12.300000190734863,
02OH013,2022-05-05,12.699999809265137,
02OH013,2022-06-05,6.340000152587891,
02OH013,2022-07-05,2.950000047683716,
02OH013,2022-08-05,0.8240000009536743,
02OH013,2022-09-05,1.2100000381469729,
02OH013,2022-10-05,2.539999961853028,
02OH013,2022-11-05,2.8499999046325684,
02OH013,2022-12-05,11.800000190734863,
02OH013,2023-01-05,47.0,B
02OH013,2023-02-05,5.25,B
02OH013,2023-03-05,5.269999980926514,B
02OH013,2023-04-05,34.20000076293945,
02OH013,2023-05-05,9.979999542236328,
02OH013,2023-06-05,0.4930000007152557,
02OH013,2023-07-05,8.010000228881836,
02OH013,2023-08-05,8.489999771118164,
02OH013,2023-09-05,2.539999961853028,
02OH013,2023-10-05,1.340000033378601,
02OH013,2023-11-05,7.429999828338623,
02OH013,2023-12-05,43.09999847412109,
02OH013,2024-01-05,7.420000076293945,B
02OH013,2024-02-05,5.190000057220459,B
02OH013,2024-03-05,14.0,
02OH013,2024-04-05,14.399999618530272,
02OH013,2024-05-05,11.5,
02OH013,2024-06-05,0.9819999933242798,
02OH013,2024-07-05,3.640000104904175,
02OH013,2024-08-05,1.3700000047683716,
02OH013,2024-09-05,2.680000066757202,
02OH013,2024-10-05,1.0499999523162842,
02OH013,2024-11-05,2.319999933242798,
02OH013,2024-12-05,3.859999895095825,
02OH013,2025-01-05,9.710000038146973,B
02OH013,2025-02-05,1.870000004768372,B
02OH013,2025-03-05,2.1600000858306885,B
02OH013,2025-04-05,25.200000762939453,
02OH013,2025-05-05,11.699999809265137,
02OH013,2025-06-05,7.960000038146973,
02OH013,2025-07-05,3.259999990463257,
02OH013,2025-08-05,0.257999986410141,
02OH013,2025-09-05,,
02OH013,2012-07-06,,
02OH013,2012-08-06,0.7599999904632568,
02OH013,2012-09-06,14.199999809265137,
02OH013,2012-10-06,24.299999237060547,
02OH013,2012-11-06,8.170000076293945,
02OH013,2012-12-06,23.799999237060547,
02OH013,2013-01-06,6.130000114440918,B
02OH013,2013-02-06,4.159999847412109,B
02OH013,2013-03-06,3.990000009536743,B
02OH013,2013-04-06,8.880000114440918,
02OH013,2013-05-06,2.650000095367432,
02OH013,2013-06-06,4.71999979019165,
02OH013,2013-07-06,3.130000114440918,
02OH013,2013-08-06,2.299999952316284,
02OH013,2013-09-06,1.6799999475479126,
02OH013,2013-10-06,2.119999885559082,
02OH013,2013-11-06,7.369999885559082,
02OH013,2013-12-06,24.399999618530277,
02OH013,2014-01-06,3.059999942779541,B
02OH013,2014-02-06,2.2699999809265137,B
02OH013,2014-03-06,1.75,B
02OH013,2014-04-06,68.30000305175781,B
02OH013,2014-05-06,30.600000381469727,
02OH013,2014-06-06,6.570000171661377,
02OH013,2014-07-06,5.670000076293945,
02OH013,2014-08-06,3.660000085830689,
02OH013,2014-09-06,1.2000000476837158,
02OH013,2014-10-06,2.140000104904175,
02OH013,2014-11-06,3.039999961853028,
02OH013,2014-12-06,4.460000038146973,B
02OH013,2015-01-06,17.200000762939453,B
02OH013,2015-02-06,1.399999976158142,B
02OH013,2015-03-06,0.9890000224113464,B
02OH013,2015-04-06,27.200000762939453,
02OH013,2015-05-06,4.75,
02OH013,2015-06-06,11.699999809265137,
02OH013,2015-07-06,3.819999933242798,
02OH013,2015-08-06,2.319999933242798,
02OH013,2015-09-06,0.4000000059604645,
02OH013,2015-10-06,2.0999999046325684,
02OH013,2015-11-06,5.010000228881836,
02OH013,2015-12-06,13.199999809265137,
02OH013,2016-01-06,5.71999979019165,B
02OH013,2016-02-06,11.199999809265137,B
02OH013,2016-03-06,6.769999980926514,B
02OH013,2016-04-06,9.479999542236328,
02OH013,2016-05-06,4.539999961853027,
02OH013,2016-06-06,11.300000190734863,
02OH013,2016-07-06,0.31200000643730164,
02OH013,2016-08-06,0.3639999926090241,
02OH013,2016-09-06,0.75,
02OH013,2016-10-06,0.6060000061988831,
02OH013,2016-11-06,12.300000190734863,
02OH013,2016-12-06,12.300000190734863,
02OH013,2017-01-06,11.600000381469728,B
02OH013,2017-02-06,3.0999999046325684,B
02OH013,2017-03-06,9.670000076293944,B
02OH013,2017-04-06,82.9000015258789,
02OH013,2017-05-06,22.200000762939453,
02OH013,2017-06-06,11.5,
02OH013,2017-07-06,3.940000057220459,
02OH013,2017-08-06,3.660000085830689,
02OH013,2017-09-06,6.329999923706055,
02OH013,2017-10-06,1.059999942779541,
02OH013,2017-11-06,31.5,
02OH013,2017-12-06,20.600000381469727,
02OH013,2018-01-06,1.399999976158142,B
02OH013,2018-02-06,5.159999847412109,B
02OH013,2018-03-06,14.300000190734863,B
02OH013,2018-04-06,29.0,
02OH013,2018-05-06,25.700000762939453,
02OH013,2018-06-06,3.4100000858306885,
02OH013,2018-07-06,0.9380000233650208,
02OH013,2018-08-06,0.2949999868869781,
02OH013,2018-09-06,0.20600000023841855,
02OH013,2018-10-06,0.7929999828338623,
02OH013,2018-11-06,18.299999237060547,
02OH013,2018-12-06,18.299999237060547,
02OH013,2019-01-06,9.079999923706056,B
02OH013,2019-02-06,23.0,B
02OH013,2019-03-06,3.490000009536743,B
02OH013,2019-04-06,26.100000381469727,
02OH013,2019-05-06,16.0,
02OH013,2019-06-06,9.06999969482422,
02OH013,2019-07-06,0.9240000247955322,
02OH013,2019-08-06,0.1599999964237213,
02OH013,2019-09-06,3.0999999046325684,
02OH013,2019-10-06,7.130000114440918,
02OH013,2019-11-06,20.200000762939453,
02OH013,2019-12-06,6.070000171661377,B
02OH013,2020-01-06,8.1899995803833,B
02OH013,2020-02-06,4.809999942779541,B
02OH013,2020-03-06,34.400001525878906,B
02OH013,2020-04-06,16.0,
02OH013,2020-05-06,2.569999933242798,
02OH013,2020-06-06,1.2999999523162842,
02OH013,2020-07-06,0.1509999930858612,
02OH013,2020-08-06,3.0799999237060547,
02OH013,2020-09-06,0.3680000007152557,
02OH013,2020-10-06,1.7300000190734863,
02OH013,2020-11-06,8.369999885559082,
02OH013,2020-12-06,7.269999980926514,
02OH013,2021-01-06,2.75,B
02OH013,2021-02-06,2.180000066757202,B
02OH013,2021-03-06,9.100000381469728,B
02OH013,2021-04-06,7.559999942779541,
02OH013,2021-05-06,,
02OH013,2021-06-06,1.1799999475479126,
02OH013,2021-07-06,0.35499998927116394,
02OH013,2021-08-06,0.20900000631809235,
02OH013,2021-09-06,0.08799999952316284,
02OH013,2021-10-06,0.3849999904632568,
02OH013,2021-11-06,3.880000114440918,
02OH013,2021-12-06,9.43000030517578,
02OH013,2022-01-06,4.389999866485596,B
02OH013,2022-02-06,2.5999999046325684,B
02OH013,2022-03-06,11.5,B
02OH013,2022-04-06,10.800000190734863,
02OH013,2022-05-06,9.170000076293944,
02OH013,2022-06-06,4.809999942779541,
02OH013,2022-07-06,2.970000028610229,
02OH013,2022-08-06,0.6340000033378601,
02OH013,2022-09-06,1.1699999570846558,
02OH013,2022-10-06,2.359999895095825,
02OH013,2022-11-06,2.880000114440918,
02OH013,2022-12-06,10.100000381469728,
02OH013,2023-01-06,42.400001525878906,B
02OH013,2023-02-06,4.949999809265137,B
02OH013,2023-03-06,6.090000152587891,B
02OH013,2023-04-06,92.0,
02OH013,2023-05-06,8.119999885559082,
02OH013,2023-06-06,0.5130000114440918,
02OH013,2023-07-06,5.559999942779541,
02OH013,2023-08-06,4.820000171661377,
02OH013,2023-09-06,2.240000009536743,
02OH013,2023-10-06,1.2200000286102295,
02OH013,2023-11-06,6.789999961853027,
02OH013,2023-12-06,21.600000381469727,
02OH013,2024-01-06,7.199999809265137,B
02OH013,2024-02-06,4.730000019073486,B
02OH013,2024-03-06,19.5,
02OH013,2024-04-06,26.5,
02OH013,2024-05-06,24.0,
02OH013,2024-06-06,1.0800000429153442,
02OH013,2024-07-06,3.009999990463257,
02OH013,2024-08-06,2.359999895095825,
02OH013,2024-09-06,2.3299999237060547,
02OH013,2024-10-06,1.190000057220459,
02OH013,2024-11-06,2.4600000381469727,
02OH013,2024-12-06,4.079999923706055,
02OH013,2025-01-06,9.119999885559082,B
02OH013,2025-02-06,1.840000033378601,B
02OH013,2025-03-06,8.520000457763672,B
02OH013,2025-04-06,23.700000762939453,
02OH013,2025-05-06,9.619999885559082,
02OH013,2025-06-06,6.550000190734863,
02OH013,2025-07-06,2.390000104904175,
02OH013,2025-08-06,0.2290000021457672,
02OH013,2025-09-06,,
02OH013,2012-07-07,,
02OH013,2012-08-07,0.8019999861717224,
02OH013,2012-09-07,4.139999866485596,
02OH013,2012-10-07,32.70000076293945,
02OH013,2012-11-07,6.429999828338623,
02OH013,2012-12-07,13.0,
02OH013,2013-01-07,5.960000038146973,B
02OH013,2013-02-07,3.690000057220459,B
02OH013,2013-03-07,3.680000066757202,B
02OH013,2013-04-07,8.350000381469727,
02OH013,2013-05-07,2.4200000762939453,
02OH013,2013-06-07,5.480000019073486,
02OH013,2013-07-07,3.119999885559082,
02OH013,2013-08-07,1.690000057220459,
02OH013,2013-09-07,1.25,
02OH013,2013-10-07,4.019999980926514,
02OH013,2013-11-07,10.5,
02OH013,2013-12-07,18.899999618530277,
02OH013,2014-01-07,7.139999866485596,B
02OH013,2014-02-07,2.1600000858306885,B
02OH013,2014-03-07,1.690000057220459,B
02OH013,2014-04-07,73.5999984741211,
02OH013,2014-05-07,18.600000381469727,
02OH013,2014-06-07,5.050000190734863,
02OH013,2014-07-07,4.059999942779541,
02OH013,2014-08-07,2.970000028610229,
02OH013,2014-09-07,1.559999942779541,
02OH013,2014-10-07,1.5499999523162842,
02OH013,2014-11-07,4.380000114440918,
02OH013,2014-12-07,4.050000190734863,B
02OH013,2015-01-07,12.600000381469728,B
02OH013,2015-02-07,1.3600000143051147,B
02OH013,2015-03-07,1.0399999618530271,B
02OH013,2015-04-07,19.399999618530277,
02OH013,2015-05-07,4.110000133514404,
02OH013,2015-06-07,8.229999542236328,
02OH013,2015-07-07,3.240000009536743,
02OH013,2015-08-07,2.0199999809265137,
02OH013,2015-09-07,0.38999998569488525,
02OH013,2015-10-07,1.899999976158142,
02OH013,2015-11-07,5.699999809265137,
02OH013,2015-12-07,10.899999618530272,
02OH013,2016-01-07,5.409999847412109,B
02OH013,2016-02-07,8.300000190734863,B
02OH013,2016-03-07,7.010000228881836,B
02OH013,2016-04-07,10.800000190734863,
02OH013,2016-05-07,4.070000171661377,
02OH013,2016-06-07,6.369999885559082,
02OH013,2016-07-07,0.2840000092983246,
02OH013,2016-08-07,0.3109999895095825,
02OH013,2016-09-07,0.6420000195503235,
02OH013,2016-10-07,0.5659999847412109,
02OH013,2016-11-07,10.5,
02OH013,2016-12-07,11.199999809265137,
02OH013,2017-01-07,8.960000038146973,B
02OH013,2017-02-07,2.9200000762939453,B
02OH013,2017-03-07,8.989999771118164,B
02OH013,2017-04-07,137.0,
02OH013,2017-05-07,22.100000381469727,
02OH013,2017-06-07,16.600000381469727,
02OH013,2017-07-07,3.200000047683716,
02OH013,2017-08-07,2.6600000858306885,
02OH013,2017-09-07,12.399999618530272,
02OH013,2017-10-07,0.902999997138977,
02OH013,2017-11-07,28.600000381469727,
02OH013,2017-12-07,16.0,
02OH013,2018-01-07,1.350000023841858,B
02OH013,2018-02-07,4.869999885559082,B
02OH013,2018-03-07,13.199999809265137,B
02OH013,2018-04-07,19.5,
02OH013,2018-05-07,16.200000762939453,
02OH013,2018-06-07,2.7100000381469727,
02OH013,2018-07-07,1.1399999856948853,
02OH013,2018-08-07,0.30799999833106995,
02OH013,2018-09-07,0.23600000143051147,
02OH013,2018-10-07,0.6359999775886536,
02OH013,2018-11-07,20.0,
02OH013,2018-12-07,13.199999809265137,B
02OH013,2019-01-07,7.380000114440918,B
02OH013,2019-02-07,21.200000762939453,B
02OH013,2019-03-07,3.359999895095825,B
02OH013,2019-04-07,28.899999618530277,
02OH013,2019-05-07,13.0,
02OH013,2019-06-07,7.820000171661377,
02OH013,2019-07-07,0.9559999704360962,
02OH013,2019-08-07,0.15800000727176666,
02OH013,2019-09-07,2.0,
02OH013,2019-10-07,9.220000267028809,
02OH013,2019-11-07,16.899999618530273,
02OH013,2019-12-07,5.639999866485596,B
02OH013,2020-01-07,6.800000190734863,B
02OH013,2020-02-07,4.630000114440918,B
02OH013,2020-03-07,26.799999237060547,B
02OH013,2020-04-07,13.300000190734863,
02OH013,2020-05-07,2.450000047683716,
02OH013,2020-06-07,1.5299999713897705,
02OH013,2020-07-07,0.12800000607967377,
02OH013,2020-08-07,1.399999976158142,
02OH013,2020-09-07,0.32499998807907104,
02OH013,2020-10-07,1.600000023841858,
02OH013,2020-11-07,6.590000152587891,
02OH013,2020-12-07,5.650000095367432,
02OH013,2021-01-07,2.559999942779541,B
02OH013,2021-02-07,2.059999942779541,B
02OH013,2021-03-07,8.079999923706055,B
02OH013,2021-04-07,6.71999979019165,
02OH013,2021-05-07,12.5,
02OH013,2021-06-07,0.902999997138977,
02OH013,2021-07-07,0.8389999866485596,
02OH013,2021-08-07,0.20399999618530276,
02OH013,2021-09-07,0.10000000149011612,
02OH013,2021-10-07,0.29600000381469727,
02OH013,2021-11-07,3.559999942779541,
02OH013,2021-12-07,31.700000762939453,
02OH013,2022-01-07,3.7799999713897705,B
02OH013,2022-02-07,2.630000114440918,B
02OH013,2022-03-07,46.0,B
02OH013,2022-04-07,11.399999618530272,
02OH013,2022-05-07,7.170000076293945,
02OH013,2022-06-07,4.03000020980835,
02OH013,2022-07-07,3.0199999809265137,
02OH013,2022-08-07,0.5569999814033508,
02OH013,2022-09-07,1.059999942779541,
02OH013,2022-10-07,2.4200000762939453,
02OH013,2022-11-07,32.20000076293945,
02OH013,2022-12-07,21.100000381469727,
02OH013,2023-01-07,24.799999237060547,B
02OH013,2023-02-07,4.949999809265137,B
02OH013,2023-03-07,5.25,B
02OH013,2023-04-07,50.20000076293945,
02OH013,2023-05-07,6.820000171661377,
02OH013,2023-06-07,0.6129999756813049,
02OH013,2023-07-07,3.9800000190734863,
02OH013,2023-08-07,3.5199999809265137,
02OH013,2023-09-07,2.0799999237060547,
02OH013,2023-10-07,3.259999990463257,
02OH013,2023-11-07,7.269999980926514,
02OH013,2023-12-07,16.200000762939453,
02OH013,2024-01-07,6.920000076293945,B
02OH013,2024-02-07,4.400000095367432,B
02OH013,2024-03-07,48.400001525878906,
02OH013,2024-04-07,27.5,
02OH013,2024-05-07,15.199999809265137,
02OH013,2024-06-07,7.440000057220459,
02OH013,2024-07-07,2.859999895095825,
02OH013,2024-08-07,2.539999961853028,
02OH013,2024-09-07,2.119999885559082,
02OH013,2024-10-07,1.870000004768372,
02OH013,2024-11-07,2.3299999237060547,
02OH013,2024-12-07,4.179999828338623,
02OH013,2025-01-07,8.510000228881836,B
02OH013,2025-02-07,1.809999942779541,B
02OH013,2025-03-07,28.600000381469727,B
02OH013,2025-04-07,19.600000381469727,
02OH013,2025-05-07,8.670000076293945,
02OH013,2025-06-07,5.690000057220459,
02OH013,2025-07-07,2.2100000381469727,
02OH013,2025-08-07,0.2119999974966049,
02OH013,2025-09-07,,
02OH013,2012-07-08,,
02OH013,2012-08-08,0.6010000109672546,
02OH013,2012-09-08,2.3299999237060547,
02OH013,2012-10-08,15.0,
02OH013,2012-11-08,5.639999866485596,
02OH013,2012-12-08,10.199999809265137,
02OH013,2013-01-08,5.809999942779541,B
02OH013,2013-02-08,3.369999885559082,B
02OH013,2013-03-08,3.440000057220459,B
02OH013,2013-04-08,9.369999885559082,
02OH013,2013-05-08,2.119999885559082,
02OH013,2013-06-08,9.229999542236328,
02OH013,2013-07-08,2.890000104904175,
02OH013,2013-08-08,1.5199999809265137,
02OH013,2013-09-08,1.2400000095367432,
02OH013,2013-10-08,19.299999237060547,
02OH013,2013-11-08,17.0,
02OH013,2013-12-08,9.649999618530272,B
02OH013,2014-01-08,10.699999809265137,B
02OH013,2014-02-08,2.069999933242798,B
02OH013,2014-03-08,1.6699999570846558,B
02OH013,2014-04-08,108.0,
02OH013,2014-05-08,13.699999809265137,
02OH013,2014-06-08,4.039999961853027,
02OH013,2014-07-08,3.990000009536743,
02OH013,2014-08-08,3.539999961853028,
02OH013,2014-09-08,1.899999976158142,
02OH013,2014-10-08,1.6100000143051147,
02OH013,2014-11-08,6.610000133514404,
02OH013,2014-12-08,3.859999895095825,B
02OH013,2015-01-08,9.649999618530272,B
02OH013,2015-02-08,1.3200000524520874,B
02OH013,2015-03-08,1.059999942779541,B
02OH013,2015-04-08,21.899999618530277,
02OH013,2015-05-08,3.670000076293945,
02OH013,2015-06-08,7.909999847412109,
02OH013,2015-07-08,3.369999885559082,
02OH013,2015-08-08,1.690000057220459,
02OH013,2015-09-08,0.4810000061988831,
02OH013,2015-10-08,1.6699999570846558,
02OH013,2015-11-08,4.840000152587891,
02OH013,2015-12-08,9.40999984741211,
02OH013,2016-01-08,5.179999828338623,B
02OH013,2016-02-08,6.869999885559082,B
02OH013,2016-03-08,6.909999847412109,B
02OH013,2016-04-08,44.400001525878906,
02OH013,2016-05-08,4.239999771118164,
02OH013,2016-06-08,3.640000104904175,
02OH013,2016-07-08,0.27000001072883606,
02OH013,2016-08-08,0.29600000381469727,
02OH013,2016-09-08,0.5920000076293945,
02OH013,2016-10-08,0.5040000081062317,
02OH013,2016-11-08,8.569999694824219,
02OH013,2016-12-08,11.600000381469728,
02OH013,2017-01-08,7.369999885559082,B
02OH013,2017-02-08,5.949999809265137,B
02OH013,2017-03-08,25.600000381469727,B
02OH013,2017-04-08,98.8000030517578,
02OH013,2017-05-08,24.5,
02OH013,2017-06-08,8.239999771118164,
02OH013,2017-07-08,4.190000057220459,
02OH013,2017-08-08,1.899999976158142,
02OH013,2017-09-08,20.600000381469727,
02OH013,2017-10-08,0.8700000047683716,
02OH013,2017-11-08,14.899999618530272,
02OH013,2017-12-08,10.600000381469728,
02OH013,2018-01-08,1.2999999523162842,B
02OH013,2018-02-08,5.429999828338623,B
02OH013,2018-03-08,11.5,B
02OH013,2018-04-08,16.899999618530273,
02OH013,2018-05-08,12.600000381469728,
02OH013,2018-06-08,2.220000028610229,
02OH013,2018-07-08,0.8769999742507935,
02OH013,2018-08-08,0.5920000076293945,
02OH013,2018-09-08,0.2430000007152557,
02OH013,2018-10-08,0.5460000038146973,
02OH013,2018-11-08,13.0,
02OH013,2018-12-08,9.829999923706056,B
02OH013,2019-01-08,6.489999771118164,B
02OH013,2019-02-08,19.600000381469727,B
02OH013,2019-03-08,3.240000009536743,B
02OH013,2019-04-08,57.59999847412109,
02OH013,2019-05-08,11.899999618530272,
02OH013,2019-06-08,5.440000057220459,
02OH013,2019-07-08,1.059999942779541,
02OH013,2019-08-08,0.7360000014305115,
02OH013,2019-09-08,2.1600000858306885,
02OH013,2019-10-08,18.700000762939453,
02OH013,2019-11-08,17.200000762939453,
02OH013,2019-12-08,7.059999942779541,B
02OH013,2020-01-08,6.170000076293945,B
02OH013,2020-02-08,4.510000228881836,B
02OH013,2020-03-08,22.299999237060547,B
02OH013,2020-04-08,11.100000381469728,
02OH013,2020-05-08,2.4800000190734863,
02OH013,2020-06-08,1.2300000190734863,
02OH013,2020-07-08,0.18400000035762787,
02OH013,2020-08-08,0.7540000081062317,
02OH013,2020-09-08,0.2669999897480011,
02OH013,2020-10-08,2.819999933242798,
02OH013,2020-11-08,5.239999771118164,
02OH013,2020-12-08,4.639999866485596,
02OH013,2021-01-08,2.4100000858306885,B
02OH013,2021-02-08,1.9700000286102293,B
02OH013,2021-03-08,7.309999942779541,B
02OH013,2021-04-08,6.099999904632568,
02OH013,2021-05-08,9.5600004196167,
02OH013,2021-06-08,0.6660000085830688,
02OH013,2021-07-08,0.5659999847412109,
02OH013,2021-08-08,0.16599999368190765,
02OH013,2021-09-08,0.14000000059604645,
02OH013,2021-10-08,0.2770000100135803,
02OH013,2021-11-08,3.220000028610229,
02OH013,2021-12-08,16.399999618530273,
02OH013,2022-01-08,3.369999885559082,B
02OH013,2022-02-08,3.0899999141693115,B
02OH013,2022-03-08,56.900001525878906,B
02OH013,2022-04-08,57.09999847412109,
02OH013,2022-05-08,5.949999809265137,
02OH013,2022-06-08,10.800000190734863,
02OH013,2022-07-08,2.359999895095825,
02OH013,2022-08-08,0.8759999871253967,
02OH013,2022-09-08,0.9399999976158142,
02OH013,2022-10-08,3.559999942779541,
02OH013,2022-11-08,28.600000381469727,
02OH013,2022-12-08,41.0,
02OH013,2023-01-08,17.600000381469727,B
02OH013,2023-02-08,5.300000190734863,B
02OH013,2023-03-08,4.739999771118164,B
02OH013,2023-04-08,25.200000762939453,
02OH013,2023-05-08,5.730000019073486,
02OH013,2023-06-08,0.5889999866485596,
02OH013,2023-07-08,3.400000095367432,
02OH013,2023-08-08,11.300000190734863,
02OH013,2023-09-08,12.699999809265137,
02OH013,2023-10-08,26.600000381469727,
02OH013,2023-11-08,8.789999961853027,
02OH013,2023-12-08,13.600000381469728,
02OH013,2024-01-08,6.630000114440918,B
02OH013,2024-02-08,4.190000057220459,B
02OH013,2024-03-08,25.100000381469727,
02OH013,2024-04-08,23.200000762939453,
02OH013,2024-05-08,11.5,
02OH013,2024-06-08,16.899999618530273,
02OH013,2024-07-08,2.369999885559082,
02OH013,2024-08-08,1.6299999952316284,
02OH013,2024-09-08,3.660000085830689,
02OH013,2024-10-08,2.5899999141693115,
02OH013,2024-11-08,2.109999895095825,
02OH013,2024-12-08,4.199999809265137,
02OH013,2025-01-08,7.909999847412109,B
02OH013,2025-02-08,1.7799999713897705,B
02OH013,2025-03-08,31.799999237060547,B
02OH013,2025-04-08,15.800000190734863,
02OH013,2025-05-08,7.28000020980835,
02OH013,2025-06-08,4.849999904632568,
02OH013,2025-07-08,4.03000020980835,
02OH013,2025-08-08,0.1899999976158142,
02OH013,2025-09-08,,
02OH013,2012-07-09,,
02OH013,2012-08-09,0.5989999771118164,
02OH013,2012-09-09,2.4800000190734863,
02OH013,2012-10-09,8.90999984741211,
02OH013,2012-11-09,5.119999885559082,
02OH013,2012-12-09,9.65999984741211,
02OH013,2013-01-09,5.670000076293945,B
02OH013,2013-02-09,3.1700000762939453,B
02OH013,2013-03-09,3.240000009536743,B
02OH013,2013-04-09,15.899999618530272,
02OH013,2013-05-09,1.9800000190734863,
02OH013,2013-06-09,8.65999984741211,
02OH013,2013-07-09,2.690000057220459,
02OH013,2013-08-09,3.470000028610229,
02OH013,2013-09-09,1.7699999809265137,
02OH013,2013-10-09,9.65999984741211,
02OH013,2013-11-09,10.5,
02OH013,2013-12-09,8.149999618530273,B
02OH013,2014-01-09,9.149999618530272,B
02OH013,2014-02-09,1.9800000190734863,B
02OH013,2014-03-09,1.7200000286102295,B
02OH013,2014-04-09,106.0,
02OH013,2014-05-09,11.199999809265137,
02OH013,2014-06-09,3.2699999809265137,
02OH013,2014-07-09,5.210000038146973,
02OH013,2014-08-09,3.0799999237060547,
02OH013,2014-09-09,1.3200000524520874,
02OH013,2014-10-09,2.819999933242798,
02OH013,2014-11-09,5.210000038146973,
02OH013,2014-12-09,3.7799999713897705,B
02OH013,2015-01-09,7.679999828338623,B
02OH013,2015-02-09,1.2899999618530271,B
02OH013,2015-03-09,1.1699999570846558,B
02OH013,2015-04-09,20.200000762939453,
02OH013,2015-05-09,3.309999942779541,
02OH013,2015-06-09,16.299999237060547,
02OH013,2015-07-09,4.579999923706055,
02OH013,2015-08-09,1.4500000476837158,
02OH013,2015-09-09,0.6389999985694885,
02OH013,2015-10-09,1.7000000476837158,
02OH013,2015-11-09,4.039999961853027,
02OH013,2015-12-09,8.369999885559082,
02OH013,2016-01-09,5.019999980926514,B
02OH013,2016-02-09,5.909999847412109,B
02OH013,2016-03-09,14.600000381469728,B
02OH013,2016-04-09,32.79999923706055,
02OH013,2016-05-09,7.579999923706055,
02OH013,2016-06-09,2.720000028610229,
02OH013,2016-07-09,0.3930000066757202,
02OH013,2016-08-09,0.2879999876022339,
02OH013,2016-09-09,0.7459999918937683,
02OH013,2016-10-09,0.4670000076293945,
02OH013,2016-11-09,7.400000095367432,
02OH013,2016-12-09,10.5,
02OH013,2017-01-09,6.449999809265137,B
02OH013,2017-02-09,12.399999618530272,B
02OH013,2017-03-09,24.600000381469727,B
02OH013,2017-04-09,52.20000076293945,
02OH013,2017-05-09,15.399999618530272,
02OH013,2017-06-09,5.119999885559082,
02OH013,2017-07-09,8.460000038146973,
02OH013,2017-08-09,1.6699999570846558,
02OH013,2017-09-09,11.300000190734863,
02OH013,2017-10-09,3.140000104904175,
02OH013,2017-11-09,10.699999809265137,
02OH013,2017-12-09,8.199999809265137,
02OH013,2018-01-09,1.2699999809265137,B
02OH013,2018-02-09,5.949999809265137,B
02OH013,2018-03-09,10.199999809265137,B
02OH013,2018-04-09,13.600000381469728,
02OH013,2018-05-09,10.5,
02OH013,2018-06-09,1.8600000143051147,
02OH013,2018-07-09,0.6759999990463257,
02OH013,2018-08-09,10.199999809265137,
02OH013,2018-09-09,0.2080000042915344,
02OH013,2018-10-09,0.6240000128746033,
02OH013,2018-11-09,9.109999656677246,
02OH013,2018-12-09,7.78000020980835,B
02OH013,2019-01-09,7.599999904632568,B
02OH013,2019-02-09,14.899999618530272,B
02OH013,2019-03-09,3.130000114440918,B
02OH013,2019-04-09,68.4000015258789,
02OH013,2019-05-09,9.3100004196167,
02OH013,2019-06-09,4.269999980926514,
02OH013,2019-07-09,0.8140000104904175,
02OH013,2019-08-09,2.690000057220459,
02OH013,2019-09-09,2.390000104904175,
02OH013,2019-10-09,10.600000381469728,
02OH013,2019-11-09,14.5,
02OH013,2019-12-09,8.789999961853027,B
02OH013,2020-01-09,7.5,B
02OH013,2020-02-09,4.400000095367432,B
02OH013,2020-03-09,20.700000762939453,B
02OH013,2020-04-09,10.899999618530272,
02OH013,2020-05-09,2.650000095367432,
02OH013,2020-06-09,0.9980000257492064,
02OH013,2020-07-09,0.2800000011920929,
02OH013,2020-08-09,0.5090000033378601,
02OH013,2020-09-09,0.23399999737739563,
02OH013,2020-10-09,3.0199999809265137,
02OH013,2020-11-09,4.449999809265137,
02OH013,2020-12-09,4.199999809265137,
02OH013,2021-01-09,2.2699999809265137,B
02OH013,2021-02-09,1.8899999856948853,B
02OH013,2021-03-09,6.630000114440918,B
02OH013,2021-04-09,5.610000133514404,
02OH013,2021-05-09,7.639999866485596,
02OH013,2021-06-09,0.5569999814033508,
02OH013,2021-07-09,0.975000023841858,
02OH013,2021-08-09,0.16300000250339508,
02OH013,2021-09-09,0.33000001311302185,
02OH013,2021-10-09,0.24699999392032623,
02OH013,2021-11-09,2.859999895095825,
02OH013,2021-12-09,10.600000381469728,
02OH013,2022-01-09,3.059999942779541,B
02OH013,2022-02-09,2.880000114440918,B
02OH013,2022-03-09,43.20000076293945,B
02OH013,2022-04-09,49.5,
02OH013,2022-05-09,5.070000171661377,
02OH013,2022-06-09,14.0,
02OH013,2022-07-09,1.899999976158142,
02OH013,2022-08-09,2.4800000190734863,
02OH013,2022-09-09,0.7929999828338623,
02OH013,2022-10-09,3.299999952316284,
02OH013,2022-11-09,11.300000190734863,
02OH013,2022-12-09,22.600000381469727,
02OH013,2023-01-09,12.199999809265137,B
02OH013,2023-02-09,6.28000020980835,B
02OH013,2023-03-09,4.429999828338623,B
02OH013,2023-04-09,17.5,
02OH013,2023-05-09,4.809999942779541,
02OH013,2023-06-09,0.6389999985694885,
02OH013,2023-07-09,4.53000020980835,
02OH013,2023-08-09,16.200000762939453,
02OH013,2023-09-09,7.610000133514404,
02OH013,2023-10-09,17.600000381469727,
02OH013,2023-11-09,7.440000057220459,
02OH013,2023-12-09,11.699999809265137,
02OH013,2024-01-09,6.369999885559082,B
02OH013,2024-02-09,6.139999866485596,B
02OH013,2024-03-09,16.299999237060547,
02OH013,2024-04-09,17.299999237060547,
02OH013,2024-05-09,13.699999809265137,
02OH013,2024-06-09,18.700000762939453,
02OH013,2024-07-09,1.9900000095367432,
02OH013,2024-08-09,26.299999237060547,
02OH013,2024-09-09,3.559999942779541,
02OH013,2024-10-09,2.1700000762939453,
02OH013,2024-11-09,1.919999957084656,
02OH013,2024-12-09,4.360000133514404,
02OH013,2025-01-09,7.309999942779541,B
02OH013,2025-02-09,1.75,B
02OH013,2025-03-09,23.200000762939453,B
02OH013,2025-04-09,16.200000762939453,
02OH013,2025-05-09,8.550000190734863,
02OH013,2025-06-09,4.179999828338623,
02OH013,2025-07-09,3.2799999713897705,
02OH013,2025-08-09,0.17499999701976776,
02OH013,2025-09-09,,
02OH013,2012-07-10,,
02OH013,2012-08-10,1.0099999904632568,
02OH013,2012-09-10,1.870000004768372,
02OH013,2012-10-10,6.769999980926514,
02OH013,2012-11-10,4.639999866485596,
02OH013,2012-12-10,15.100000381469728,
02OH013,2013-01-10,5.550000190734863,B
02OH013,2013-02-10,3.069999933242798,B
02OH013,2013-03-10,6.260000228881836,B
02OH013,2013-04-10,20.899999618530277,
02OH013,2013-05-10,1.809999942779541,
02OH013,2013-06-10,6.869999885559082,
02OH013,2013-07-10,2.220000028610229,
02OH013,2013-08-10,3.1600000858306885,
02OH013,2013-09-10,1.559999942779541,
02OH013,2013-10-10,5.579999923706055,
02OH013,2013-11-10,8.899999618530273,
02OH013,2013-12-10,7.019999980926514,B
02OH013,2014-01-10,7.429999828338623,B
02OH013,2014-02-10,1.909999966621399,B
02OH013,2014-03-10,1.809999942779541,B
02OH013,2014-04-10,70.0,
02OH013,2014-05-10,14.699999809265137,
02OH013,2014-06-10,2.940000057220459,
02OH013,2014-07-10,4.599999904632568,
02OH013,2014-08-10,2.3299999237060547,
02OH013,2014-09-10,1.0299999713897705,
02OH013,2014-10-10,2.240000009536743,
02OH013,2014-11-10,4.03000020980835,
02OH013,2014-12-10,3.740000009536743,B
02OH013,2015-01-10,6.309999942779541,B
02OH013,2015-02-10,1.2599999904632568,B
02OH013,2015-03-10,1.4299999475479126,B
02OH013,2015-04-10,61.5,
02OH013,2015-05-10,3.0799999237060547,
02OH013,2015-06-10,104.0,
02OH013,2015-07-10,3.25,
02OH013,2015-08-10,1.2799999713897705,
02OH013,2015-09-10,1.340000033378601,
02OH013,2015-10-10,2.470000028610229,
02OH013,2015-11-10,3.680000066757202,
02OH013,2015-12-10,8.010000228881836,
02OH013,2016-01-10,13.199999809265137,B
02OH013,2016-02-10,5.21999979019165,B
02OH013,2016-03-10,37.79999923706055,B
02OH013,2016-04-10,19.5,
02OH013,2016-05-10,5.440000057220459,
02OH013,2016-06-10,2.3499999046325684,
02OH013,2016-07-10,0.6230000257492065,
02OH013,2016-08-10,0.27900001406669617,
02OH013,2016-09-10,0.640999972820282,
02OH013,2016-10-10,0.42800000309944153,
02OH013,2016-11-10,6.510000228881836,
02OH013,2016-12-10,8.210000038146973,
02OH013,2017-01-10,6.019999980926514,B
02OH013,2017-02-10,10.899999618530272,B
02OH013,2017-03-10,13.100000381469728,B
02OH013,2017-04-10,37.59999847412109,
02OH013,2017-05-10,11.800000190734863,
02OH013,2017-06-10,3.7799999713897705,
02OH013,2017-07-10,6.309999942779541,
02OH013,2017-08-10,1.4199999570846558,
02OH013,2017-09-10,7.199999809265137,
02OH013,2017-10-10,18.399999618530277,
02OH013,2017-11-10,8.869999885559082,
02OH013,2017-12-10,7.0,
02OH013,2018-01-10,1.2400000095367432,B
02OH013,2018-02-10,5.400000095367432,B
02OH013,2018-03-10,9.289999961853027,B
02OH013,2018-04-10,11.600000381469728,
02OH013,2018-05-10,9.029999732971191,
02OH013,2018-06-10,1.5199999809265137,
02OH013,2018-07-10,0.546999990940094,
02OH013,2018-08-10,4.670000076293945,
02OH013,2018-09-10,0.2070000022649765,
02OH013,2018-10-10,0.6399999856948853,
02OH013,2018-11-10,15.699999809265137,
02OH013,2018-12-10,6.46999979019165,B
02OH013,2019-01-10,6.849999904632568,B
02OH013,2019-02-10,11.800000190734863,B
02OH013,2019-03-10,3.0299999713897705,B
02OH013,2019-04-10,48.5,
02OH013,2019-05-10,43.0,
02OH013,2019-06-10,3.5899999141693115,
02OH013,2019-07-10,0.6399999856948853,
02OH013,2019-08-10,1.2999999523162842,
02OH013,2019-09-10,1.7400000095367432,
02OH013,2019-10-10,7.050000190734863,
02OH013,2019-11-10,12.699999809265137,
02OH013,2019-12-10,21.0,
02OH013,2020-01-10,11.600000381469728,B
02OH013,2020-02-10,4.25,B
02OH013,2020-03-10,52.0,B
02OH013,2020-04-10,24.100000381469727,
02OH013,2020-05-10,2.369999885559082,
02OH013,2020-06-10,0.8579999804496765,
02OH013,2020-07-10,0.1860000044107437,
02OH013,2020-08-10,0.4070000052452088,
02OH013,2020-09-10,0.2199999988079071,
02OH013,2020-10-10,2.2799999713897705,
02OH013,2020-11-10,4.039999961853027,
02OH013,2020-12-10,4.110000133514404,
02OH013,2021-01-10,2.150000095367432,B
02OH013,2021-02-10,1.830000042915344,B
02OH013,2021-03-10,7.230000019073486,B
02OH013,2021-04-10,4.960000038146973,
02OH013,2021-05-10,6.5,
02OH013,2021-06-10,0.6079999804496765,
02OH013,2021-07-10,0.843999981880188,
02OH013,2021-08-10,0.1449999958276749,
02OH013,2021-09-10,0.28299999237060547,
02OH013,2021-10-10,0.193000003695488,
02OH013,2021-11-10,2.5999999046325684,
02OH013,2021-12-10,8.729999542236328,
02OH013,2022-01-10,3.569999933242798,B
02OH013,2022-02-10,3.359999895095825,B
02OH013,2022-03-10,39.09999847412109,B
02OH013,2022-04-10,55.70000076293945,
02OH013,2022-05-10,4.510000228881836,
02OH013,2022-06-10,20.200000762939453,
02OH013,2022-07-10,1.600000023841858,
02OH013,2022-08-10,2.7100000381469727,
02OH013,2022-09-10,0.6830000281333923,
02OH013,2022-10-10,3.049999952316284,
02OH013,2022-11-10,8.130000114440918,
02OH013,2022-12-10,13.0,B
02OH013,2023-01-10,11.100000381469728,B
02OH013,2023-02-10,14.5,B
02OH013,2023-03-10,4.239999771118164,B
02OH013,2023-04-10,14.5,
02OH013,2023-05-10,4.239999771118164,
02OH013,2023-06-10,0.8399999737739563,
02OH013,2023-07-10,13.800000190734863,
02OH013,2023-08-10,10.199999809265137,
02OH013,2023-09-10,5.619999885559082,
02OH013,2023-10-10,8.1899995803833,
02OH013,2023-11-10,8.869999885559082,
02OH013,2023-12-10,24.5,
02OH013,2024-01-10,13.600000381469728,B
02OH013,2024-02-10,16.399999618530273,
02OH013,2024-03-10,44.29999923706055,
02OH013,2024-04-10,13.399999618530272,
02OH013,2024-05-10,10.0,
02OH013,2024-06-10,16.700000762939453,
02OH013,2024-07-10,3.3399999141693115,
02OH013,2024-08-10,52.70000076293945,
02OH013,2024-09-10,2.740000009536743,
02OH013,2024-10-10,1.9600000381469729,
02OH013,2024-11-10,1.7599999904632568,
02OH013,2024-12-10,3.859999895095825,
02OH013,2025-01-10,6.71999979019165,B
02OH013,2025-02-10,1.7200000286102295,B
02OH013,2025-03-10,15.800000190734863,B
02OH013,2025-04-10,15.199999809265137,
02OH013,2025-05-10,67.4000015258789,
02OH013,2025-06-10,4.269999980926514,
02OH013,2025-07-10,2.3499999046325684,
02OH013,2025-08-10,0.15399999916553497,
02OH013,2025-09-10,,
02OH013,2012-07-11,,
02OH013,2012-08-11,3.0799999237060547,
02OH013,2012-09-11,1.2999999523162842,
02OH013,2012-10-11,8.260000228881836,
02OH013,2012-11-11,4.269999980926514,
02OH013,2012-12-11,38.70000076293945,
02OH013,2013-01-11,5.440000057220459,B
02OH013,2013-02-11,3.069999933242798,B
02OH013,2013-03-11,18.100000381469727,B
02OH013,2013-04-11,17.200000762939453,
02OH013,2013-05-11,2.0999999046325684,
02OH013,2013-06-11,9.59000015258789,
02OH013,2013-07-11,2.990000009536743,
02OH013,2013-08-11,1.9800000190734863,
02OH013,2013-09-11,2.490000009536743,
02OH013,2013-10-11,4.210000038146973,
02OH013,2013-11-11,16.200000762939453,
02OH013,2013-12-11,6.170000076293945,B
02OH013,2014-01-11,9.210000038146973,B
02OH013,2014-02-11,1.850000023841858,B
02OH013,2014-03-11,1.9299999475479128,B
02OH013,2014-04-11,69.4000015258789,
02OH013,2014-05-11,16.100000381469727,
02OH013,2014-06-11,3.430000066757202,
02OH013,2014-07-11,3.049999952316284,
02OH013,2014-08-11,1.8899999856948853,
02OH013,2014-09-11,0.921999990940094,
02OH013,2014-10-11,1.8600000143051147,
02OH013,2014-11-11,3.569999933242798,
02OH013,2014-12-11,4.760000228881836,B
02OH013,2015-01-11,5.349999904632568,B
02OH013,2015-02-11,1.2300000190734863,B
02OH013,2015-03-11,1.840000033378601,B
02OH013,2015-04-11,76.4000015258789,
02OH013,2015-05-11,3.9800000190734863,
02OH013,2015-06-11,49.0,
02OH013,2015-07-11,2.619999885559082,
02OH013,2015-08-11,15.199999809265137,
02OH013,2015-09-11,1.8600000143051147,
02OH013,2015-10-11,2.990000009536743,
02OH013,2015-11-11,3.440000057220459,
02OH013,2015-12-11,8.630000114440918,
02OH013,2016-01-11,30.299999237060547,B
02OH013,2016-02-11,4.679999828338623,B
02OH013,2016-03-11,23.799999237060547,B
02OH013,2016-04-11,19.600000381469727,
02OH013,2016-05-11,4.210000038146973,
02OH013,2016-06-11,2.0899999141693115,
02OH013,2016-07-11,0.6930000185966492,
02OH013,2016-08-11,0.2549999952316284,
02OH013,2016-09-11,1.5299999713897705,
02OH013,2016-10-11,0.4020000100135803,
02OH013,2016-11-11,6.429999828338623,
02OH013,2016-12-11,7.230000019073486,
02OH013,2017-01-11,6.0,B
02OH013,2017-02-11,9.390000343322754,B
02OH013,2017-03-11,8.6899995803833,B
02OH013,2017-04-11,35.20000076293945,
02OH013,2017-05-11,9.729999542236328,
02OH013,2017-06-11,3.0,
02OH013,2017-07-11,9.5,
02OH013,2017-08-11,1.2300000190734863,
02OH013,2017-09-11,5.150000095367432,
02OH013,2017-10-11,7.829999923706055,
02OH013,2017-11-11,6.920000076293945,
02OH013,2017-12-11,5.900000095367432,
02OH013,2018-01-11,2.4800000190734863,B
02OH013,2018-02-11,5.170000076293945,B
02OH013,2018-03-11,8.579999923706055,B
02OH013,2018-04-11,10.800000190734863,
02OH013,2018-05-11,7.170000076293945,
02OH013,2018-06-11,1.2899999618530271,
02OH013,2018-07-11,0.4889999926090241,
02OH013,2018-08-11,1.830000042915344,
02OH013,2018-09-11,0.4160000085830689,
02OH013,2018-10-11,4.059999942779541,
02OH013,2018-11-11,16.899999618530273,
02OH013,2018-12-11,5.599999904632568,B
02OH013,2019-01-11,6.210000038146973,B
02OH013,2019-02-11,9.710000038146973,B
02OH013,2019-03-11,3.25,B
02OH013,2019-04-11,32.29999923706055,
02OH013,2019-05-11,73.4000015258789,
02OH013,2019-06-11,5.929999828338623,
02OH013,2019-07-11,0.5649999976158142,
02OH013,2019-08-11,0.8889999985694885,
02OH013,2019-09-11,2.039999961853028,
02OH013,2019-10-11,5.400000095367432,
02OH013,2019-11-11,14.199999809265137,
02OH013,2019-12-11,19.5,
02OH013,2020-01-11,27.399999618530277,B
02OH013,2020-02-11,5.090000152587891,B
02OH013,2020-03-11,98.3000030517578,
02OH013,2020-04-11,22.600000381469727,
02OH013,2020-05-11,2.200000047683716,
02OH013,2020-06-11,1.3700000047683716,
02OH013,2020-07-11,0.193000003695488,
02OH013,2020-08-11,0.3639999926090241,
02OH013,2020-09-11,0.22100000083446503,
02OH013,2020-10-11,2.380000114440918,
02OH013,2020-11-11,3.799999952316284,
02OH013,2020-12-11,3.740000009536743,
02OH013,2021-01-11,2.039999961853028,B
02OH013,2021-02-11,1.7699999809265137,B
02OH013,2021-03-11,19.5,B
02OH013,2021-04-11,4.389999866485596,
02OH013,2021-05-11,5.730000019073486,
02OH013,2021-06-11,0.5210000276565552,
02OH013,2021-07-11,0.6520000100135803,
02OH013,2021-08-11,0.13899999856948853,
02OH013,2021-09-11,0.1899999976158142,
02OH013,2021-10-11,0.16300000250339508,
02OH013,2021-11-11,2.319999933242798,
02OH013,2021-12-11,11.300000190734863,
02OH013,2022-01-11,3.299999952316284,B
02OH013,2022-02-11,3.920000076293945,B
02OH013,2022-03-11,34.5,B
02OH013,2022-04-11,32.70000076293945,
02OH013,2022-05-11,4.099999904632568,
02OH013,2022-06-11,11.800000190734863,
02OH013,2022-07-11,1.399999976158142,
02OH013,2022-08-11,1.8899999856948853,
02OH013,2022-09-11,0.5950000286102295,
02OH013,2022-10-11,2.9200000762939453,
02OH013,2022-11-11,6.960000038146973,
02OH013,2022-12-11,10.199999809265137,B
02OH013,2023-01-11,9.970000267028809,B
02OH013,2023-02-11,32.5,B
02OH013,2023-03-11,4.139999866485596,B
02OH013,2023-04-11,12.800000190734863,
02OH013,2023-05-11,3.7899999618530273,
02OH013,2023-06-11,0.781000018119812,
02OH013,2023-07-11,115.0,
02OH013,2023-08-11,24.100000381469727,
02OH013,2023-09-11,9.199999809265137,
02OH013,2023-10-11,5.46999979019165,
02OH013,2023-11-11,9.06999969482422,
02OH013,2023-12-11,75.30000305175781,
02OH013,2024-01-11,26.600000381469727,
02OH013,2024-02-11,21.600000381469727,
02OH013,2024-03-11,44.70000076293945,
02OH013,2024-04-11,12.600000381469728,
02OH013,2024-05-11,7.829999923706055,
02OH013,2024-06-11,15.100000381469728,
02OH013,2024-07-11,56.29999923706055,
02OH013,2024-08-11,15.300000190734863,
02OH013,2024-09-11,2.1700000762939453,
02OH013,2024-10-11,1.7000000476837158,
02OH013,2024-11-11,1.919999957084656,
02OH013,2024-12-11,27.600000381469727,
02OH013,2025-01-11,6.159999847412109,B
02OH013,2025-02-11,1.690000057220459,B
02OH013,2025-03-11,14.800000190734863,B
02OH013,2025-04-11,14.300000190734863,
02OH013,2025-05-11,50.70000076293945,
02OH013,2025-06-11,4.800000190734863,
02OH013,2025-07-11,1.8600000143051147,
02OH013,2025-08-11,0.1330000013113022,
02OH013,2025-09-11,,
02OH013,2012-07-12,,
02OH013,2012-08-12,1.7300000190734863,
02OH013,2012-09-12,1.0299999713897705,
02OH013,2012-10-12,7.159999847412109,
02OH013,2012-11-12,4.25,
02OH013,2012-12-12,20.0,
02OH013,2013-01-12,5.340000152587891,B
02OH013,2013-02-12,3.369999885559082,B
02OH013,2013-03-12,50.59999847412109,B
02OH013,2013-04-12,13.300000190734863,
02OH013,2013-05-12,2.470000028610229,
02OH013,2013-06-12,25.600000381469727,
02OH013,2013-07-12,3.400000095367432,
02OH013,2013-08-12,1.399999976158142,
02OH013,2013-09-12,34.099998474121094,
02OH013,2013-10-12,3.839999914169312,
02OH013,2013-11-12,16.100000381469727,
02OH013,2013-12-12,5.5,B
02OH013,2014-01-12,36.70000076293945,B
02OH013,2014-02-12,1.7899999618530271,B
02OH013,2014-03-12,2.049999952316284,B
02OH013,2014-04-12,59.0,
02OH013,2014-05-12,10.600000381469728,
02OH013,2014-06-12,5.539999961853027,
02OH013,2014-07-12,2.440000057220459,
02OH013,2014-08-12,1.6200000047683716,
02OH013,2014-09-12,0.8109999895095825,
02OH013,2014-10-12,1.6799999475479126,
02OH013,2014-11-12,3.4100000858306885,
02OH013,2014-12-12,4.150000095367432,B
02OH013,2015-01-12,4.659999847412109,B
02OH013,2015-02-12,1.2000000476837158,B
02OH013,2015-03-12,3.390000104904175,B
02OH013,2015-04-12,48.09999847412109,
02OH013,2015-05-12,9.050000190734863,
02OH013,2015-06-12,18.899999618530277,
02OH013,2015-07-12,2.3299999237060547,
02OH013,2015-08-12,29.100000381469727,
02OH013,2015-09-12,1.149999976158142,
02OH013,2015-10-12,2.3399999141693115,
02OH013,2015-11-12,3.5,
02OH013,2015-12-12,7.449999809265137,
02OH013,2016-01-12,16.600000381469727,B
02OH013,2016-02-12,4.440000057220459,B
02OH013,2016-03-12,18.0,B
02OH013,2016-04-12,60.5,
02OH013,2016-05-12,3.5899999141693115,
02OH013,2016-06-12,1.899999976158142,
02OH013,2016-07-12,0.5809999704360962,
02OH013,2016-08-12,1.159999966621399,
02OH013,2016-09-12,3.140000104904175,
02OH013,2016-10-12,0.39800000190734863,
02OH013,2016-11-12,7.320000171661377,
02OH013,2016-12-12,7.460000038146973,
02OH013,2017-01-12,10.100000381469728,B
02OH013,2017-02-12,8.149999618530273,B
02OH013,2017-03-12,6.75,B
02OH013,2017-04-12,32.70000076293945,
02OH013,2017-05-12,8.300000190734863,
02OH013,2017-06-12,2.490000009536743,
02OH013,2017-07-12,6.320000171661377,
02OH013,2017-08-12,8.260000228881836,
02OH013,2017-09-12,3.9700000286102295,
02OH013,2017-10-12,4.190000057220459,
02OH013,2017-11-12,5.789999961853027,
02OH013,2017-12-12,5.03000020980835,B
02OH013,2018-01-12,25.299999237060547,B
02OH013,2018-02-12,5.699999809265137,B
02OH013,2018-03-12,8.050000190734863,B
02OH013,2018-04-12,10.800000190734863,
02OH013,2018-05-12,6.039999961853027,
02OH013,2018-06-12,1.100000023841858,
02OH013,2018-07-12,0.44999998807907104,
02OH013,2018-08-12,1.059999942779541,
02OH013,2018-09-12,0.34599998593330383,
02OH013,2018-10-12,10.399999618530272,
02OH013,2018-11-12,10.199999809265137,
02OH013,2018-12-12,4.960000038146973,B
02OH013,2019-01-12,5.659999847412109,B
02OH013,2019-02-12,8.279999732971191,B
02OH013,2019-03-12,3.4800000190734863,B
02OH013,2019-04-12,28.299999237060547,
02OH013,2019-05-12,37.20000076293945,
02OH013,2019-06-12,8.800000190734863,
02OH013,2019-07-12,0.8479999899864197,
02OH013,2019-08-12,0.7720000147819519,
02OH013,2019-09-12,2.990000009536743,
02OH013,2019-10-12,4.429999828338623,
02OH013,2019-11-12,14.0,
02OH013,2019-12-12,11.399999618530272,
02OH013,2020-01-12,111.0,
02OH013,2020-02-12,4.71999979019165,B
02OH013,2020-03-12,61.59999847412109,
02OH013,2020-04-12,15.100000381469728,
02OH013,2020-05-12,2.440000057220459,
02OH013,2020-06-12,2.039999961853028,
02OH013,2020-07-12,0.7049999833106995,
02OH013,2020-08-12,0.39399999380111694,
02OH013,2020-09-12,0.20600000023841855,
02OH013,2020-10-12,3.059999942779541,
02OH013,2020-11-12,3.559999942779541,
02OH013,2020-12-12,3.950000047683716,
02OH013,2021-01-12,1.940000057220459,B
02OH013,2021-02-12,1.7300000190734863,B
02OH013,2021-03-12,69.9000015258789,B
02OH013,2021-04-12,3.910000085830689,
02OH013,2021-05-12,5.639999866485596,
02OH013,2021-06-12,0.421999990940094,
02OH013,2021-07-12,0.5220000147819519,
02OH013,2021-08-12,0.12999999523162842,
02OH013,2021-09-12,0.15299999713897705,
02OH013,2021-10-12,0.16099999845027924,
02OH013,2021-11-12,2.289999961853028,
02OH013,2021-12-12,24.100000381469727,
02OH013,2022-01-12,3.039999961853028,B
02OH013,2022-02-12,4.630000114440918,B
02OH013,2022-03-12,30.700000762939453,B
02OH013,2022-04-12,24.799999237060547,
02OH013,2022-05-12,3.7699999809265137,
02OH013,2022-06-12,7.409999847412109,
02OH013,2022-07-12,1.75,
02OH013,2022-08-12,1.4700000286102295,
02OH013,2022-09-12,0.5360000133514404,
02OH013,2022-10-12,2.549999952316284,
02OH013,2022-11-12,42.59999847412109,
02OH013,2022-12-12,8.5,B
02OH013,2023-01-12,11.899999618530272,B
02OH013,2023-02-12,27.200000762939453,B
02OH013,2023-03-12,4.079999923706055,B
02OH013,2023-04-12,11.5,
02OH013,2023-05-12,3.5,
02OH013,2023-06-12,0.6499999761581421,
02OH013,2023-07-12,91.0999984741211,
02OH013,2023-08-12,11.199999809265137,
02OH013,2023-09-12,7.210000038146973,
02OH013,2023-10-12,4.679999828338623,
02OH013,2023-11-12,7.329999923706055,
02OH013,2023-12-12,50.09999847412109,
02OH013,2024-01-12,16.700000762939453,
02OH013,2024-02-12,14.100000381469728,
02OH013,2024-03-12,24.299999237060547,
02OH013,2024-04-12,19.600000381469727,
02OH013,2024-05-12,6.550000190734863,
02OH013,2024-06-12,8.069999694824219,
02OH013,2024-07-12,22.600000381469727,
02OH013,2024-08-12,8.369999885559082,
02OH013,2024-09-12,1.8899999856948853,
02OH013,2024-10-12,1.6100000143051147,
02OH013,2024-11-12,2.6700000762939453,
02OH013,2024-12-12,80.0999984741211,
02OH013,2025-01-12,5.630000114440918,B
02OH013,2025-02-12,1.6699999570846558,B
02OH013,2025-03-12,39.70000076293945,B
02OH013,2025-04-12,13.399999618530272,
02OH013,2025-05-12,22.299999237060547,
02OH013,2025-06-12,3.9700000286102295,
02OH013,2025-07-12,1.4700000286102295,
02OH013,2025-08-12,0.12399999797344208,
02OH013,2025-09-12,,
02OH013,2012-07-13,,
02OH013,2012-08-13,1.25,
02OH013,2012-09-13,0.8640000224113464,
02OH013,2012-10-13,5.789999961853027,
02OH013,2012-11-13,10.100000381469728,
02OH013,2012-12-13,12.399999618530272,
02OH013,2013-01-13,23.299999237060547,B
02OH013,2013-02-13,3.549999952316284,B
02OH013,2013-03-13,109.0,
02OH013,2013-04-13,22.799999237060547,
02OH013,2013-05-13,2.150000095367432,
02OH013,2013-06-13,16.100000381469727,
02OH013,2013-07-13,2.289999961853028,
02OH013,2013-08-13,1.090000033378601,
02OH013,2013-09-13,40.20000076293945,
02OH013,2013-10-13,3.539999961853028,
02OH013,2013-11-13,11.199999809265137,
02OH013,2013-12-13,4.989999771118164,B
02OH013,2014-01-13,40.29999923706055,B
02OH013,2014-02-13,1.7400000095367432,B
02OH013,2014-03-13,2.130000114440918,B
02OH013,2014-04-13,43.70000076293945,
02OH013,2014-05-13,8.350000381469727,
02OH013,2014-06-13,34.5,
02OH013,2014-07-13,2.240000009536743,
02OH013,2014-08-13,2.4800000190734863,
02OH013,2014-09-13,0.8069999814033508,
02OH013,2014-10-13,1.4800000190734863,
02OH013,2014-11-13,4.340000152587891,
02OH013,2014-12-13,3.740000009536743,B
02OH013,2015-01-13,4.150000095367432,B
02OH013,2015-02-13,1.1799999475479126,B
02OH013,2015-03-13,8.859999656677246,B
02OH013,2015-04-13,41.20000076293945,
02OH013,2015-05-13,10.5,
02OH013,2015-06-13,36.09999847412109,
02OH013,2015-07-13,2.259999990463257,
02OH013,2015-08-13,20.399999618530277,
02OH013,2015-09-13,0.9589999914169312,
02OH013,2015-10-13,1.9900000095367432,
02OH013,2015-11-13,9.779999732971191,
02OH013,2015-12-13,6.369999885559082,
02OH013,2016-01-13,11.899999618530272,B
02OH013,2016-02-13,4.25,B
02OH013,2016-03-13,15.399999618530272,B
02OH013,2016-04-13,44.59999847412109,
02OH013,2016-05-13,3.380000114440918,
02OH013,2016-06-13,1.7899999618530271,
02OH013,2016-07-13,0.5109999775886536,
02OH013,2016-08-13,1.6799999475479126,
02OH013,2016-09-13,1.6299999952316284,
02OH013,2016-10-13,0.4359999895095825,
02OH013,2016-11-13,6.099999904632568,
02OH013,2016-12-13,6.599999904632568,B
02OH013,2017-01-13,20.700000762939453,B
02OH013,2017-02-13,7.260000228881836,B
02OH013,2017-03-13,5.710000038146973,B
02OH013,2017-04-13,24.399999618530277,
02OH013,2017-05-13,7.179999828338623,
02OH013,2017-06-13,2.059999942779541,
02OH013,2017-07-13,5.269999980926514,
02OH013,2017-08-13,37.70000076293945,
02OH013,2017-09-13,3.259999990463257,
02OH013,2017-10-13,3.0299999713897705,
02OH013,2017-11-13,5.389999866485596,
02OH013,2017-12-13,4.369999885559082,B
02OH013,2018-01-13,89.30000305175781,B
02OH013,2018-02-13,7.139999866485596,B
02OH013,2018-03-13,8.779999732971191,B
02OH013,2018-04-13,22.799999237060547,
02OH013,2018-05-13,5.400000095367432,
02OH013,2018-06-13,0.9819999933242798,
02OH013,2018-07-13,0.453000009059906,
02OH013,2018-08-13,0.7170000076293945,
02OH013,2018-09-13,0.3140000104904175,
02OH013,2018-10-13,4.400000095367432,
02OH013,2018-11-13,9.1899995803833,
02OH013,2018-12-13,4.460000038146973,B
02OH013,2019-01-13,5.179999828338623,B
02OH013,2019-02-13,7.300000190734863,B
02OH013,2019-03-13,3.5299999713897705,B
02OH013,2019-04-13,38.900001525878906,
02OH013,2019-05-13,19.299999237060547,
02OH013,2019-06-13,5.260000228881836,
02OH013,2019-07-13,1.0800000429153442,
02OH013,2019-08-13,0.949999988079071,
02OH013,2019-09-13,2.200000047683716,
02OH013,2019-10-13,3.7899999618530273,
02OH013,2019-11-13,14.0,
02OH013,2019-12-13,11.199999809265137,
02OH013,2020-01-13,85.5999984741211,
02OH013,2020-02-13,4.400000095367432,B
02OH013,2020-03-13,67.0,
02OH013,2020-04-13,13.199999809265137,
02OH013,2020-05-13,2.950000047683716,
02OH013,2020-06-13,1.5,
02OH013,2020-07-13,0.5820000171661377,
02OH013,2020-08-13,0.3540000021457672,
02OH013,2020-09-13,0.2179999947547913,
02OH013,2020-10-13,2.9100000858306885,
02OH013,2020-11-13,3.2799999713897705,
02OH013,2020-12-13,6.329999923706055,
02OH013,2021-01-13,1.8600000143051147,B
02OH013,2021-02-13,1.7000000476837158,B
02OH013,2021-03-13,73.0,
02OH013,2021-04-13,3.609999895095825,
02OH013,2021-05-13,5.480000019073486,
02OH013,2021-06-13,0.3470000028610229,
02OH013,2021-07-13,0.4259999990463257,
02OH013,2021-08-13,0.12399999797344208,
02OH013,2021-09-13,0.12099999934434892,
02OH013,2021-10-13,0.15199999511241913,
02OH013,2021-11-13,3.619999885559082,
02OH013,2021-12-13,15.5,
02OH013,2022-01-13,2.869999885559082,B
02OH013,2022-02-13,5.619999885559082,B
02OH013,2022-03-13,25.799999237060547,B
02OH013,2022-04-13,21.299999237060547,
02OH013,2022-05-13,3.4800000190734863,
02OH013,2022-06-13,5.389999866485596,
02OH013,2022-07-13,6.46999979019165,
02OH013,2022-08-13,1.1699999570846558,
02OH013,2022-09-13,0.5609999895095825,
02OH013,2022-10-13,2.490000009536743,
02OH013,2022-11-13,51.0,
02OH013,2022-12-13,7.369999885559082,B
02OH013,2023-01-13,17.600000381469727,B
02OH013,2023-02-13,19.700000762939453,B
02OH013,2023-03-13,4.03000020980835,B
02OH013,2023-04-13,10.0,
02OH013,2023-05-13,3.119999885559082,
02OH013,2023-06-13,1.0299999713897705,
02OH013,2023-07-13,36.900001525878906,
02OH013,2023-08-13,12.800000190734863,
02OH013,2023-09-13,5.960000038146973,
02OH013,2023-10-13,4.570000171661377,
02OH013,2023-11-13,6.420000076293945,
02OH013,2023-12-13,27.600000381469727,
02OH013,2024-01-13,15.699999809265137,
02OH013,2024-02-13,9.90999984741211,
02OH013,2024-03-13,21.200000762939453,
02OH013,2024-04-13,64.80000305175781,
02OH013,2024-05-13,6.139999866485596,
02OH013,2024-06-13,5.480000019073486,
02OH013,2024-07-13,10.5,
02OH013,2024-08-13,7.119999885559082,
02OH013,2024-09-13,1.7599999904632568,
02OH013,2024-10-13,1.3600000143051147,
02OH013,2024-11-13,3.5799999237060547,
02OH013,2024-12-13,43.20000076293945,
02OH013,2025-01-13,5.130000114440918,B
02OH013,2025-02-13,1.6399999856948853,B
02OH013,2025-03-13,29.899999618530277,B
02OH013,2025-04-13,12.899999618530272,
02OH013,2025-05-13,15.0,
02OH013,2025-06-13,3.3299999237060547,
02OH013,2025-07-13,1.4900000095367432,
02OH013,2025-08-13,0.12600000202655792,
02OH013,2025-09-13,,
02OH013,2012-07-14,,
02OH013,2012-08-14,1.059999942779541,
02OH013,2012-09-14,0.7649999856948853,
02OH013,2012-10-14,8.670000076293945,
02OH013,2012-11-14,15.699999809265137,
02OH013,2012-12-14,10.300000190734863,
02OH013,2013-01-14,51.400001525878906,B
02OH013,2013-02-14,3.2699999809265137,B
02OH013,2013-03-14,56.20000076293945,
02OH013,2013-04-14,27.0,
02OH013,2013-05-14,1.840000033378601,
02OH013,2013-06-14,9.520000457763672,
02OH013,2013-07-14,1.8200000524520876,
02OH013,2013-08-14,1.100000023841858,
02OH013,2013-09-14,18.399999618530277,
02OH013,2013-10-14,3.359999895095825,
02OH013,2013-11-14,8.489999771118164,
02OH013,2013-12-14,4.590000152587891,B
02OH013,2014-01-14,43.20000076293945,B
02OH013,2014-02-14,1.7000000476837158,B
02OH013,2014-03-14,2.0899999141693115,B
02OH013,2014-04-14,42.5,
02OH013,2014-05-14,7.320000171661377,
02OH013,2014-06-14,50.900001525878906,
02OH013,2014-07-14,2.619999885559082,
02OH013,2014-08-14,13.600000381469728,
02OH013,2014-09-14,0.9459999799728394,
02OH013,2014-10-14,1.3600000143051147,
02OH013,2014-11-14,4.0,
02OH013,2014-12-14,3.559999942779541,B
02OH013,2015-01-14,3.759999990463257,B
02OH013,2015-02-14,1.149999976158142,B
02OH013,2015-03-14,7.519999980926514,B
02OH013,2015-04-14,49.5,
02OH013,2015-05-14,6.320000171661377,
02OH013,2015-06-14,24.700000762939453,
02OH013,2015-07-14,1.8899999856948853,
02OH013,2015-08-14,10.0,
02OH013,2015-09-14,4.03000020980835,
02OH013,2015-10-14,1.8799999952316284,
02OH013,2015-11-14,23.700000762939453,
02OH013,2015-12-14,6.289999961853027,
02OH013,2016-01-14,9.989999771118164,B
02OH013,2016-02-14,4.110000133514404,B
02OH013,2016-03-14,14.199999809265137,B
02OH013,2016-04-14,23.100000381469727,
02OH013,2016-05-14,3.5899999141693115,
02OH013,2016-06-14,2.900000095367432,
02OH013,2016-07-14,0.5139999985694885,
02OH013,2016-08-14,2.109999895095825,
02OH013,2016-09-14,1.100000023841858,
02OH013,2016-10-14,0.4359999895095825,
02OH013,2016-11-14,5.329999923706055,
02OH013,2016-12-14,5.889999866485596,B
02OH013,2017-01-14,15.0,B
02OH013,2017-02-14,6.75,B
02OH013,2017-03-14,4.920000076293945,B
02OH013,2017-04-14,18.600000381469727,
02OH013,2017-05-14,6.619999885559082,
02OH013,2017-06-14,1.830000042915344,
02OH013,2017-07-14,8.859999656677246,
02OH013,2017-08-14,13.600000381469728,
02OH013,2017-09-14,2.720000028610229,
02OH013,2017-10-14,2.690000057220459,
02OH013,2017-11-14,5.110000133514404,
02OH013,2017-12-14,3.869999885559082,B
02OH013,2018-01-14,61.59999847412109,B
02OH013,2018-02-14,6.389999866485596,B
02OH013,2018-03-14,9.420000076293944,B
02OH013,2018-04-14,25.5,
02OH013,2018-05-14,4.880000114440918,
02OH013,2018-06-14,1.850000023841858,
02OH013,2018-07-14,0.460999995470047,
02OH013,2018-08-14,0.5329999923706055,
02OH013,2018-09-14,0.3610000014305115,
02OH013,2018-10-14,2.559999942779541,
02OH013,2018-11-14,11.699999809265137,
02OH013,2018-12-14,5.820000171661377,B
02OH013,2019-01-14,4.769999980926514,B
02OH013,2019-02-14,6.619999885559082,B
02OH013,2019-03-14,3.490000009536743,B
02OH013,2019-04-14,40.29999923706055,
02OH013,2019-05-14,26.5,
02OH013,2019-06-14,4.119999885559082,
02OH013,2019-07-14,0.8960000276565552,
02OH013,2019-08-14,1.2999999523162842,
02OH013,2019-09-14,1.5800000429153442,
02OH013,2019-10-14,3.3399999141693115,
02OH013,2019-11-14,14.199999809265137,
02OH013,2019-12-14,10.600000381469728,
02OH013,2020-01-14,41.70000076293945,
02OH013,2020-02-14,4.130000114440918,B
02OH013,2020-03-14,75.9000015258789,
02OH013,2020-04-14,16.700000762939453,
02OH013,2020-05-14,2.309999942779541,
02OH013,2020-06-14,1.1100000143051147,
02OH013,2020-07-14,0.3680000007152557,
02OH013,2020-08-14,0.2720000147819519,
02OH013,2020-09-14,0.2750000059604645,
02OH013,2020-10-14,5.03000020980835,
02OH013,2020-11-14,3.109999895095825,
02OH013,2020-12-14,7.619999885559082,
02OH013,2021-01-14,1.8200000524520876,B
02OH013,2021-02-14,1.6699999570846558,B
02OH013,2021-03-14,40.79999923706055,
02OH013,2021-04-14,3.299999952316284,
02OH013,2021-05-14,4.489999771118164,
02OH013,2021-06-14,1.1699999570846558,
02OH013,2021-07-14,0.8109999895095825,
02OH013,2021-08-14,0.12399999797344208,
02OH013,2021-09-14,0.1040000021457672,
02OH013,2021-10-14,0.15700000524520874,
02OH013,2021-11-14,12.399999618530272,
02OH013,2021-12-14,11.300000190734863,
02OH013,2022-01-14,2.720000028610229,B
02OH013,2022-02-14,4.840000152587891,B
02OH013,2022-03-14,22.299999237060547,B
02OH013,2022-04-14,29.600000381469727,
02OH013,2022-05-14,3.240000009536743,
02OH013,2022-06-14,4.150000095367432,
02OH013,2022-07-14,3.650000095367432,
02OH013,2022-08-14,0.9240000247955322,
02OH013,2022-09-14,1.0700000524520874,
02OH013,2022-10-14,30.600000381469727,
02OH013,2022-11-14,23.200000762939453,
02OH013,2022-12-14,6.579999923706055,B
02OH013,2023-01-14,24.200000762939453,B
02OH013,2023-02-14,16.200000762939453,B
02OH013,2023-03-14,4.71999979019165,
02OH013,2023-04-14,8.729999542236328,
02OH013,2023-05-14,2.740000009536743,
02OH013,2023-06-14,1.9600000381469729,
02OH013,2023-07-14,15.199999809265137,
02OH013,2023-08-14,8.970000267028809,
02OH013,2023-09-14,11.800000190734863,
02OH013,2023-10-14,3.990000009536743,
02OH013,2023-11-14,6.0,
02OH013,2023-12-14,19.0,
02OH013,2024-01-14,24.700000762939453,
02OH013,2024-02-14,7.889999866485596,
02OH013,2024-03-14,20.299999237060547,
02OH013,2024-04-14,40.20000076293945,
02OH013,2024-05-14,7.210000038146973,
02OH013,2024-06-14,4.340000152587891,
02OH013,2024-07-14,6.590000152587891,
02OH013,2024-08-14,4.980000019073486,
02OH013,2024-09-14,1.600000023841858,
02OH013,2024-10-14,1.5299999713897705,
02OH013,2024-11-14,2.940000057220459,
02OH013,2024-12-14,14.800000190734863,B
02OH013,2025-01-14,4.71999979019165,B
02OH013,2025-02-14,2.0299999713897705,B
02OH013,2025-03-14,49.59999847412109,B
02OH013,2025-04-14,11.300000190734863,
02OH013,2025-05-14,11.300000190734863,
02OH013,2025-06-14,2.890000104904175,
02OH013,2025-07-14,2.8299999237060547,
02OH013,2025-08-14,0.12300000339746477,
02OH013,2025-09-14,,
02OH013,2012-07-15,,
02OH013,2012-08-15,1.0499999523162842,
02OH013,2012-09-15,0.699999988079071,
02OH013,2012-10-15,14.399999618530272,
02OH013,2012-11-15,8.960000038146973,
02OH013,2012-12-15,8.039999961853027,
02OH013,2013-01-15,20.899999618530277,B
02OH013,2013-02-15,3.049999952316284,B
02OH013,2013-03-15,22.899999618530277,
02OH013,2013-04-15,20.899999618530277,
02OH013,2013-05-15,1.649999976158142,
02OH013,2013-06-15,6.679999828338623,
02OH013,2013-07-15,1.559999942779541,
02OH013,2013-08-15,1.3300000429153442,
02OH013,2013-09-15,13.100000381469728,
02OH013,2013-10-15,3.759999990463257,
02OH013,2013-11-15,7.619999885559082,
02OH013,2013-12-15,4.269999980926514,B
02OH013,2014-01-15,49.400001525878906,B
02OH013,2014-02-15,1.6699999570846558,B
02OH013,2014-03-15,2.009999990463257,B
02OH013,2014-04-15,77.30000305175781,
02OH013,2014-05-15,6.920000076293945,
02OH013,2014-06-15,37.0,
02OH013,2014-07-15,5.800000190734863,
02OH013,2014-08-15,8.140000343322754,
02OH013,2014-09-15,0.9110000133514404,
02OH013,2014-10-15,1.2799999713897705,
02OH013,2014-11-15,3.4100000858306885,
02OH013,2014-12-15,3.369999885559082,B
02OH013,2015-01-15,3.450000047683716,B
02OH013,2015-02-15,1.1299999952316284,B
02OH013,2015-03-15,6.5,B
02OH013,2015-04-15,38.79999923706055,
02OH013,2015-05-15,4.550000190734863,
02OH013,2015-06-15,13.100000381469728,
02OH013,2015-07-15,2.740000009536743,
02OH013,2015-08-15,6.869999885559082,
02OH013,2015-09-15,7.340000152587891,
02OH013,2015-10-15,2.009999990463257,
02OH013,2015-11-15,16.200000762939453,
02OH013,2015-12-15,12.5,
02OH013,2016-01-15,8.800000190734863,B
02OH013,2016-02-15,4.0,B
02OH013,2016-03-15,17.600000381469727,B
02OH013,2016-04-15,16.399999618530273,
02OH013,2016-05-15,5.460000038146973,
02OH013,2016-06-15,3.049999952316284,
02OH013,2016-07-15,0.9160000085830688,
02OH013,2016-08-15,1.9700000286102293,
02OH013,2016-09-15,0.8880000114440918,
02OH013,2016-10-15,0.44200000166893005,
02OH013,2016-11-15,4.75,
02OH013,2016-12-15,5.349999904632568,B
02OH013,2017-01-15,9.920000076293944,B
02OH013,2017-02-15,6.679999828338623,B
02OH013,2017-03-15,4.630000114440918,B
02OH013,2017-04-15,15.399999618530272,
02OH013,2017-05-15,8.119999885559082,
02OH013,2017-06-15,1.2999999523162842,
02OH013,2017-07-15,28.299999237060547,
02OH013,2017-08-15,6.329999923706055,
02OH013,2017-09-15,2.359999895095825,
02OH013,2017-10-15,2.6700000762939453,
02OH013,2017-11-15,4.96999979019165,
02OH013,2017-12-15,3.4800000190734863,B
02OH013,2018-01-15,45.29999923706055,B
02OH013,2018-02-15,5.730000019073486,B
02OH013,2018-03-15,9.31999969482422,B
02OH013,2018-04-15,18.399999618530277,
02OH013,2018-05-15,4.75,
02OH013,2018-06-15,4.789999961853027,
02OH013,2018-07-15,0.4690000116825104,
02OH013,2018-08-15,0.46799999475479126,
02OH013,2018-09-15,0.2980000078678131,
02OH013,2018-10-15,1.940000057220459,
02OH013,2018-11-15,7.199999809265137,
02OH013,2018-12-15,8.09000015258789,B
02OH013,2019-01-15,4.409999847412109,B
02OH013,2019-02-15,6.179999828338623,B
02OH013,2019-03-15,40.59999847412109,B
02OH013,2019-04-15,42.09999847412109,
02OH013,2019-05-15,24.700000762939453,
02OH013,2019-06-15,3.5899999141693115,
02OH013,2019-07-15,0.7269999980926514,
02OH013,2019-08-15,0.8510000109672546,
02OH013,2019-09-15,1.2899999618530271,
02OH013,2019-10-15,2.940000057220459,
02OH013,2019-11-15,12.199999809265137,
02OH013,2019-12-15,19.600000381469727,
02OH013,2020-01-15,22.100000381469727,
02OH013,2020-02-15,3.900000095367432,B
02OH013,2020-03-15,40.09999847412109,
02OH013,2020-04-15,13.100000381469728,
02OH013,2020-05-15,2.5799999237060547,
02OH013,2020-06-15,0.8820000290870667,
02OH013,2020-07-15,0.26499998569488525,
02OH013,2020-08-15,0.2169999927282333,
02OH013,2020-09-15,0.26499998569488525,
02OH013,2020-10-15,4.739999771118164,
02OH013,2020-11-15,2.970000028610229,
02OH013,2020-12-15,5.690000057220459,
02OH013,2021-01-15,1.850000023841858,B
02OH013,2021-02-15,1.6399999856948853,B
02OH013,2021-03-15,24.299999237060547,
02OH013,2021-04-15,3.609999895095825,
02OH013,2021-05-15,3.819999933242798,
02OH013,2021-06-15,1.350000023841858,
02OH013,2021-07-15,1.399999976158142,
02OH013,2021-08-15,0.09399999678134918,
02OH013,2021-09-15,0.1040000021457672,
02OH013,2021-10-15,0.18000000715255737,
02OH013,2021-11-15,10.399999618530272,
02OH013,2021-12-15,8.329999923706055,
02OH013,2022-01-15,2.5799999237060547,B
02OH013,2022-02-15,4.349999904632568,B
02OH013,2022-03-15,24.5,B
02OH013,2022-04-15,38.400001525878906,
02OH013,2022-05-15,3.220000028610229,
02OH013,2022-06-15,3.400000095367432,
02OH013,2022-07-15,3.309999942779541,
02OH013,2022-08-15,0.7350000143051147,
02OH013,2022-09-15,2.569999933242798,
02OH013,2022-10-15,29.299999237060547,
02OH013,2022-11-15,14.399999618530272,
02OH013,2022-12-15,5.980000019073486,B
02OH013,2023-01-15,16.100000381469727,B
02OH013,2023-02-15,17.600000381469727,B
02OH013,2023-03-15,6.110000133514404,
02OH013,2023-04-15,7.159999847412109,
02OH013,2023-05-15,2.5,
02OH013,2023-06-15,1.7100000381469729,
02OH013,2023-07-15,10.300000190734863,
02OH013,2023-08-15,5.880000114440918,
02OH013,2023-09-15,6.949999809265137,
02OH013,2023-10-15,3.700000047683716,
02OH013,2023-11-15,5.579999923706055,
02OH013,2023-12-15,16.399999618530273,
02OH013,2024-01-15,16.899999618530273,B
02OH013,2024-02-15,6.590000152587891,B
02OH013,2024-03-15,23.200000762939453,
02OH013,2024-04-15,25.399999618530277,
02OH013,2024-05-15,8.079999923706055,
02OH013,2024-06-15,3.640000104904175,
02OH013,2024-07-15,5.21999979019165,
02OH013,2024-08-15,3.859999895095825,
02OH013,2024-09-15,1.4299999475479126,
02OH013,2024-10-15,4.900000095367432,
02OH013,2024-11-15,2.680000066757202,
02OH013,2024-12-15,11.300000190734863,B
02OH013,2025-01-15,4.920000076293945,B
02OH013,2025-02-15,1.899999976158142,B
02OH013,2025-03-15,65.5999984741211,B
02OH013,2025-04-15,9.720000267028809,
02OH013,2025-05-15,9.0600004196167,
02OH013,2025-06-15,2.490000009536743,
02OH013,2025-07-15,1.919999957084656,
02OH013,2025-08-15,0.1169999986886978,
02OH013,2025-09-15,,
02OH013,2012-07-16,,
02OH013,2012-08-16,0.8539999723434448,
02OH013,2012-09-16,0.6389999985694885,
02OH013,2012-10-16,10.100000381469728,
02OH013,2012-11-16,6.800000190734863,
02OH013,2012-12-16,6.139999866485596,
02OH013,2013-01-16,11.0,B
02OH013,2013-02-16,2.859999895095825,B
02OH013,2013-03-16,14.800000190734863,
02OH013,2013-04-16,16.799999237060547,
02OH013,2013-05-16,1.7000000476837158,
02OH013,2013-06-16,5.269999980926514,
02OH013,2013-07-16,1.3600000143051147,
02OH013,2013-08-16,1.1299999952316284,
02OH013,2013-09-16,13.699999809265137,
02OH013,2013-10-16,3.660000085830689,
02OH013,2013-11-16,6.860000133514404,
02OH013,2013-12-16,4.010000228881836,B
02OH013,2014-01-16,37.70000076293945,B
02OH013,2014-02-16,1.6399999856948853,B
02OH013,2014-03-16,1.919999957084656,B
02OH013,2014-04-16,98.1999969482422,
02OH013,2014-05-16,6.019999980926514,
02OH013,2014-06-16,17.5,
02OH013,2014-07-16,11.600000381469728,
02OH013,2014-08-16,4.5,
02OH013,2014-09-16,0.8920000195503235,
02OH013,2014-10-16,1.4199999570846558,
02OH013,2014-11-16,2.970000028610229,
02OH013,2014-12-16,3.2100000381469727,B
02OH013,2015-01-16,3.2100000381469727,B
02OH013,2015-02-16,1.1100000143051147,B
02OH013,2015-03-16,5.71999979019165,B
02OH013,2015-04-16,23.700000762939453,
02OH013,2015-05-16,3.7699999809265137,
02OH013,2015-06-16,14.100000381469728,
02OH013,2015-07-16,2.4600000381469727,
02OH013,2015-08-16,4.949999809265137,
02OH013,2015-09-16,3.609999895095825,
02OH013,2015-10-16,3.490000009536743,
02OH013,2015-11-16,9.880000114440918,
02OH013,2015-12-16,19.299999237060547,
02OH013,2016-01-16,11.5,B
02OH013,2016-02-16,3.930000066757202,B
02OH013,2016-03-16,22.899999618530277,B
02OH013,2016-04-16,13.300000190734863,
02OH013,2016-05-16,7.179999828338623,
02OH013,2016-06-16,1.9299999475479128,
02OH013,2016-07-16,0.6499999761581421,
02OH013,2016-08-16,1.2000000476837158,
02OH013,2016-09-16,0.7429999709129333,
02OH013,2016-10-16,1.1200000047683716,
02OH013,2016-11-16,5.429999828338623,
02OH013,2016-12-16,4.929999828338623,B
02OH013,2017-01-16,9.43000030517578,B
02OH013,2017-02-16,6.849999904632568,B
02OH013,2017-03-16,4.400000095367432,B
02OH013,2017-04-16,26.399999618530277,
02OH013,2017-05-16,8.430000305175781,
02OH013,2017-06-16,1.940000057220459,
02OH013,2017-07-16,15.199999809265137,
02OH013,2017-08-16,4.130000114440918,
02OH013,2017-09-16,2.0899999141693115,
02OH013,2017-10-16,2.880000114440918,
02OH013,2017-11-16,4.900000095367432,
02OH013,2017-12-16,3.180000066757202,B
02OH013,2018-01-16,35.0,B
02OH013,2018-02-16,5.5,B
02OH013,2018-03-16,8.130000114440918,B
02OH013,2018-04-16,16.5,
02OH013,2018-05-16,6.239999771118164,
02OH013,2018-06-16,3.0999999046325684,
02OH013,2018-07-16,0.4620000123977661,
02OH013,2018-08-16,0.4230000078678131,
02OH013,2018-09-16,0.2680000066757202,
02OH013,2018-10-16,1.7999999523162842,
02OH013,2018-11-16,5.619999885559082,B
02OH013,2018-12-16,11.5,B
02OH013,2019-01-16,4.110000133514404,B
02OH013,2019-02-16,6.239999771118164,B
02OH013,2019-03-16,125.0,B
02OH013,2019-04-16,35.400001525878906,
02OH013,2019-05-16,16.899999618530273,
02OH013,2019-06-16,3.7300000190734863,
02OH013,2019-07-16,0.5989999771118164,
02OH013,2019-08-16,0.6980000138282776,
02OH013,2019-09-16,1.100000023841858,
02OH013,2019-10-16,2.720000028610229,
02OH013,2019-11-16,12.600000381469728,
02OH013,2019-12-16,12.100000381469728,
02OH013,2020-01-16,15.699999809265137,B
02OH013,2020-02-16,3.700000047683716,B
02OH013,2020-03-16,22.899999618530277,
02OH013,2020-04-16,9.989999771118164,
02OH013,2020-05-16,18.399999618530277,
02OH013,2020-06-16,0.7379999756813049,
02OH013,2020-07-16,0.2179999947547913,
02OH013,2020-08-16,0.17800000309944153,
02OH013,2020-09-16,0.2669999897480011,
02OH013,2020-10-16,4.28000020980835,
02OH013,2020-11-16,3.880000114440918,
02OH013,2020-12-16,4.769999980926514,B
02OH013,2021-01-16,1.9600000381469729,B
02OH013,2021-02-16,1.8200000524520876,B
02OH013,2021-03-16,17.799999237060547,B
02OH013,2021-04-16,12.899999618530272,
02OH013,2021-05-16,3.3399999141693115,
02OH013,2021-06-16,1.2300000190734863,
02OH013,2021-07-16,0.675000011920929,
02OH013,2021-08-16,0.0820000022649765,
02OH013,2021-09-16,0.10700000077486038,
02OH013,2021-10-16,1.919999957084656,
02OH013,2021-11-16,9.520000457763672,
02OH013,2021-12-16,16.0,
02OH013,2022-01-16,2.4600000381469727,B
02OH013,2022-02-16,4.019999980926514,B
02OH013,2022-03-16,28.100000381469727,B
02OH013,2022-04-16,30.5,
02OH013,2022-05-16,4.03000020980835,
02OH013,2022-06-16,3.069999933242798,
02OH013,2022-07-16,2.509999990463257,
02OH013,2022-08-16,0.6039999723434448,
02OH013,2022-09-16,1.690000057220459,
02OH013,2022-10-16,14.199999809265137,
02OH013,2022-11-16,12.300000190734863,
02OH013,2022-12-16,5.449999809265137,B
02OH013,2023-01-16,13.399999618530272,B
02OH013,2023-02-16,41.5,B
02OH013,2023-03-16,5.960000038146973,
02OH013,2023-04-16,6.269999980926514,
02OH013,2023-05-16,2.4200000762939453,
02OH013,2023-06-16,2.900000095367432,
02OH013,2023-07-16,7.610000133514404,
02OH013,2023-08-16,5.889999866485596,
02OH013,2023-09-16,4.989999771118164,
02OH013,2023-10-16,4.050000190734863,
02OH013,2023-11-16,5.260000228881836,
02OH013,2023-12-16,16.899999618530273,
02OH013,2024-01-16,13.199999809265137,B
02OH013,2024-02-16,6.300000190734863,B
02OH013,2024-03-16,23.0,
02OH013,2024-04-16,18.0,
02OH013,2024-05-16,6.599999904632568,
02OH013,2024-06-16,2.7799999713897705,
02OH013,2024-07-16,57.29999923706055,
02OH013,2024-08-16,3.2300000190734863,
02OH013,2024-09-16,1.3200000524520874,
02OH013,2024-10-16,4.909999847412109,
02OH013,2024-11-16,2.430000066757202,
02OH013,2024-12-16,10.5,B
02OH013,2025-01-16,4.309999942779541,B
02OH013,2025-02-16,1.7599999904632568,B
02OH013,2025-03-16,87.9000015258789,B
02OH013,2025-04-16,8.829999923706055,
02OH013,2025-05-16,7.670000076293945,
02OH013,2025-06-16,2.240000009536743,
02OH013,2025-07-16,1.4299999475479126,
02OH013,2025-08-16,0.1040000021457672,
02OH013,2025-09-16,,
02OH013,2012-07-17,,
02OH013,2012-08-17,0.8619999885559082,
02OH013,2012-09-17,0.6340000033378601,
02OH013,2012-10-17,6.920000076293945,
02OH013,2012-11-17,5.659999847412109,
02OH013,2012-12-17,6.920000076293945,
02OH013,2013-01-17,7.440000057220459,B
02OH013,2013-02-17,2.7100000381469727,B
02OH013,2013-03-17,10.5,
02OH013,2013-04-17,22.700000762939453,
02OH013,2013-05-17,1.6399999856948853,
02OH013,2013-06-17,8.010000228881836,
02OH013,2013-07-17,1.3899999856948853,
02OH013,2013-08-17,0.8970000147819519,
02OH013,2013-09-17,14.100000381469728,
02OH013,2013-10-17,4.659999847412109,
02OH013,2013-11-17,6.349999904632568,
02OH013,2013-12-17,3.809999942779541,B
02OH013,2014-01-17,27.899999618530277,B
02OH013,2014-02-17,1.6200000047683716,B
02OH013,2014-03-17,1.840000033378601,B
02OH013,2014-04-17,57.59999847412109,
02OH013,2014-05-17,13.699999809265137,
02OH013,2014-06-17,11.100000381469728,
02OH013,2014-07-17,4.849999904632568,
02OH013,2014-08-17,6.789999961853027,
02OH013,2014-09-17,0.9039999842643738,
02OH013,2014-10-17,3.1600000858306885,
02OH013,2014-11-17,3.059999942779541,
02OH013,2014-12-17,3.220000028610229,B
02OH013,2015-01-17,3.0,B
02OH013,2015-02-17,1.090000033378601,B
02OH013,2015-03-17,5.110000133514404,B
02OH013,2015-04-17,19.0,
02OH013,2015-05-17,3.3399999141693115,
02OH013,2015-06-17,21.600000381469727,
02OH013,2015-07-17,1.8200000524520876,
02OH013,2015-08-17,3.740000009536743,
02OH013,2015-09-17,2.130000114440918,
02OH013,2015-10-17,4.380000114440918,
02OH013,2015-11-17,7.449999809265137,
02OH013,2015-12-17,13.800000190734863,
02OH013,2016-01-17,9.869999885559082,B
02OH013,2016-02-17,11.399999618530272,B
02OH013,2016-03-17,30.399999618530277,B
02OH013,2016-04-17,11.300000190734863,
02OH013,2016-05-17,4.980000019073486,
02OH013,2016-06-17,1.4500000476837158,
02OH013,2016-07-17,0.675000011920929,
02OH013,2016-08-17,3.0,
02OH013,2016-09-17,0.6610000133514404,
02OH013,2016-10-17,1.25,
02OH013,2016-11-17,6.840000152587891,
02OH013,2016-12-17,4.610000133514404,B
02OH013,2017-01-17,6.940000057220459,B
02OH013,2017-02-17,7.21999979019165,B
02OH013,2017-03-17,4.230000019073486,B
02OH013,2017-04-17,46.09999847412109,
02OH013,2017-05-17,6.199999809265137,
02OH013,2017-06-17,2.4100000858306885,
02OH013,2017-07-17,8.90999984741211,
02OH013,2017-08-17,2.9600000381469727,
02OH013,2017-09-17,1.9600000381469729,
02OH013,2017-10-17,2.9600000381469727,
02OH013,2017-11-17,5.170000076293945,
02OH013,2017-12-17,2.950000047683716,B
02OH013,2018-01-17,28.100000381469727,B
02OH013,2018-02-17,7.519999980926514,B
02OH013,2018-03-17,7.420000076293945,B
02OH013,2018-04-17,28.0,
02OH013,2018-05-17,4.829999923706055,
02OH013,2018-06-17,2.059999942779541,
02OH013,2018-07-17,0.828000009059906,
02OH013,2018-08-17,0.40299999713897705,
02OH013,2018-09-17,0.24699999392032623,
02OH013,2018-10-17,1.8799999952316284,
02OH013,2018-11-17,6.079999923706055,B
02OH013,2018-12-17,9.800000190734863,B
02OH013,2019-01-17,3.839999914169312,B
02OH013,2019-02-17,5.769999980926514,B
02OH013,2019-03-17,76.30000305175781,B
02OH013,2019-04-17,24.0,
02OH013,2019-05-17,13.699999809265137,
02OH013,2019-06-17,3.5999999046325684,
02OH013,2019-07-17,0.531000018119812,
02OH013,2019-08-17,0.5460000038146973,
02OH013,2019-09-17,0.9470000267028807,
02OH013,2019-10-17,13.699999809265137,
02OH013,2019-11-17,10.399999618530272,
02OH013,2019-12-17,8.930000305175781,B
02OH013,2020-01-17,12.100000381469728,B
02OH013,2020-02-17,3.5299999713897705,B
02OH013,2020-03-17,20.799999237060547,
02OH013,2020-04-17,8.449999809265137,
02OH013,2020-05-17,10.600000381469728,
02OH013,2020-06-17,0.6179999709129333,
02OH013,2020-07-17,0.20399999618530276,
02OH013,2020-08-17,0.1420000046491623,
02OH013,2020-09-17,0.25,
02OH013,2020-10-17,6.699999809265137,
02OH013,2020-11-17,5.139999866485596,
02OH013,2020-12-17,4.050000190734863,B
02OH013,2021-01-17,3.140000104904175,B
02OH013,2021-02-17,1.7799999713897705,B
02OH013,2021-03-17,14.0,B
02OH013,2021-04-17,28.0,
02OH013,2021-05-17,3.0199999809265137,
02OH013,2021-06-17,0.8109999895095825,
02OH013,2021-07-17,0.460999995470047,
02OH013,2021-08-17,0.06800000369548798,
02OH013,2021-09-17,0.10100000351667404,
02OH013,2021-10-17,8.119999885559082,
02OH013,2021-11-17,7.090000152587891,
02OH013,2021-12-17,22.700000762939453,
02OH013,2022-01-17,2.3499999046325684,B
02OH013,2022-02-17,9.869999885559082,B
02OH013,2022-03-17,32.70000076293945,B
02OH013,2022-04-17,24.399999618530277,
02OH013,2022-05-17,9.670000076293944,
02OH013,2022-06-17,8.34000015258789,
02OH013,2022-07-17,1.8600000143051147,
02OH013,2022-08-17,0.5609999895095825,
02OH013,2022-09-17,1.100000023841858,
02OH013,2022-10-17,9.359999656677246,
02OH013,2022-11-17,14.199999809265137,
02OH013,2022-12-17,5.619999885559082,B
02OH013,2023-01-17,11.300000190734863,B
02OH013,2023-02-17,35.099998474121094,B
02OH013,2023-03-17,7.510000228881836,
02OH013,2023-04-17,7.46999979019165,
02OH013,2023-05-17,2.319999933242798,
02OH013,2023-06-17,17.799999237060547,
02OH013,2023-07-17,10.199999809265137,
02OH013,2023-08-17,10.199999809265137,
02OH013,2023-09-17,4.099999904632568,
02OH013,2023-10-17,4.400000095367432,
02OH013,2023-11-17,5.260000228881836,
02OH013,2023-12-17,16.600000381469727,
02OH013,2024-01-17,10.800000190734863,B
02OH013,2024-02-17,5.96999979019165,B
02OH013,2024-03-17,20.0,
02OH013,2024-04-17,13.399999618530272,
02OH013,2024-05-17,6.03000020980835,
02OH013,2024-06-17,2.3499999046325684,
02OH013,2024-07-17,36.70000076293945,
02OH013,2024-08-17,2.759999990463257,
02OH013,2024-09-17,1.2100000381469729,
02OH013,2024-10-17,4.380000114440918,
02OH013,2024-11-17,2.2300000190734863,
02OH013,2024-12-17,10.399999618530272,B
02OH013,2025-01-17,3.819999933242798,B
02OH013,2025-02-17,1.6100000143051147,B
02OH013,2025-03-17,84.30000305175781,B
02OH013,2025-04-17,9.300000190734863,
02OH013,2025-05-17,21.600000381469727,
02OH013,2025-06-17,2.0799999237060547,
02OH013,2025-07-17,1.1799999475479126,
02OH013,2025-08-17,0.1040000021457672,
02OH013,2025-09-17,,
02OH013,2012-07-18,,
02OH013,2012-08-18,0.8949999809265137,
02OH013,2012-09-18,0.7829999923706055,
02OH013,2012-10-18,5.570000171661377,
02OH013,2012-11-18,4.909999847412109,
02OH013,2012-12-18,13.199999809265137,
02OH013,2013-01-18,6.46999979019165,B
02OH013,2013-02-18,2.5899999141693115,B
02OH013,2013-03-18,9.06999969482422,
02OH013,2013-04-18,16.600000381469727,
02OH013,2013-05-18,1.4600000381469729,
02OH013,2013-06-18,6.550000190734863,
02OH013,2013-07-18,2.5,
02OH013,2013-08-18,0.7559999823570251,
02OH013,2013-09-18,8.029999732971191,
02OH013,2013-10-18,8.569999694824219,
02OH013,2013-11-18,22.5,
02OH013,2013-12-18,3.640000104904175,B
02OH013,2014-01-18,20.200000762939453,B
02OH013,2014-02-18,1.6100000143051147,B
02OH013,2014-03-18,1.7999999523162842,B
02OH013,2014-04-18,39.5,
02OH013,2014-05-18,13.699999809265137,
02OH013,2014-06-18,24.399999618530277,
02OH013,2014-07-18,3.1600000858306885,
02OH013,2014-08-18,9.149999618530272,
02OH013,2014-09-18,0.843999981880188,
02OH013,2014-10-18,3.109999895095825,
02OH013,2014-11-18,7.460000038146973,
02OH013,2014-12-18,6.21999979019165,B
02OH013,2015-01-18,2.819999933242798,B
02OH013,2015-02-18,1.0800000429153442,B
02OH013,2015-03-18,4.630000114440918,B
02OH013,2015-04-18,16.899999618530273,
02OH013,2015-05-18,2.900000095367432,
02OH013,2015-06-18,12.600000381469728,
02OH013,2015-07-18,1.830000042915344,
02OH013,2015-08-18,2.940000057220459,
02OH013,2015-09-18,1.6200000047683716,
02OH013,2015-10-18,5.21999979019165,
02OH013,2015-11-18,6.139999866485596,
02OH013,2015-12-18,41.79999923706055,
02OH013,2016-01-18,8.390000343322754,B
02OH013,2016-02-18,8.15999984741211,B
02OH013,2016-03-18,30.700000762939453,
02OH013,2016-04-18,9.920000076293944,
02OH013,2016-05-18,3.920000076293945,
02OH013,2016-06-18,1.149999976158142,
02OH013,2016-07-18,0.7459999918937683,
02OH013,2016-08-18,2.8299999237060547,
02OH013,2016-09-18,0.6269999742507935,
02OH013,2016-10-18,1.3200000524520874,
02OH013,2016-11-18,6.409999847412109,
02OH013,2016-12-18,4.380000114440918,B
02OH013,2017-01-18,5.789999961853027,B
02OH013,2017-02-18,6.679999828338623,B
02OH013,2017-03-18,4.099999904632568,B
02OH013,2017-04-18,26.399999618530277,
02OH013,2017-05-18,5.03000020980835,
02OH013,2017-06-18,2.049999952316284,
02OH013,2017-07-18,7.619999885559082,
02OH013,2017-08-18,2.990000009536743,
02OH013,2017-09-18,1.850000023841858,
02OH013,2017-10-18,2.5,
02OH013,2017-11-18,4.909999847412109,
02OH013,2017-12-18,2.759999990463257,B
02OH013,2018-01-18,23.200000762939453,B
02OH013,2018-02-18,6.389999866485596,B
02OH013,2018-03-18,6.900000095367432,B
02OH013,2018-04-18,28.700000762939453,
02OH013,2018-05-18,3.890000104904175,
02OH013,2018-06-18,2.430000066757202,
02OH013,2018-07-18,0.8600000143051147,
02OH013,2018-08-18,0.3869999945163727,
02OH013,2018-09-18,0.19900000095367432,
02OH013,2018-10-18,1.690000057220459,
02OH013,2018-11-18,5.460000038146973,B
02OH013,2018-12-18,8.569999694824219,B
02OH013,2019-01-18,3.619999885559082,B
02OH013,2019-02-18,5.340000152587891,B
02OH013,2019-03-18,47.0,B
02OH013,2019-04-18,19.5,
02OH013,2019-05-18,12.0,
02OH013,2019-06-18,2.880000114440918,
02OH013,2019-07-18,0.5149999856948853,
02OH013,2019-08-18,1.100000023841858,
02OH013,2019-09-18,0.8299999833106995,
02OH013,2019-10-18,33.0,
02OH013,2019-11-18,11.0,
02OH013,2019-12-18,7.269999980926514,B
02OH013,2020-01-18,9.729999542236328,B
02OH013,2020-02-18,3.380000114440918,B
02OH013,2020-03-18,21.899999618530277,
02OH013,2020-04-18,7.550000190734863,
02OH013,2020-05-18,6.329999923706055,
02OH013,2020-06-18,0.5339999794960022,
02OH013,2020-07-18,0.2070000022649765,
02OH013,2020-08-18,0.1599999964237213,
02OH013,2020-09-18,0.2440000027418137,
02OH013,2020-10-18,5.760000228881836,
02OH013,2020-11-18,4.360000133514404,
02OH013,2020-12-18,3.549999952316284,B
02OH013,2021-01-18,4.960000038146973,B
02OH013,2021-02-18,1.75,B
02OH013,2021-03-18,14.100000381469728,B
02OH013,2021-04-18,15.899999618530272,
02OH013,2021-05-18,2.720000028610229,
02OH013,2021-06-18,0.574999988079071,
02OH013,2021-07-18,0.3910000026226044,
02OH013,2021-08-18,0.07199999690055847,
02OH013,2021-09-18,0.08500000089406967,
02OH013,2021-10-18,3.359999895095825,
02OH013,2021-11-18,12.899999618530272,
02OH013,2021-12-18,13.899999618530272,
02OH013,2022-01-18,2.25,B
02OH013,2022-02-18,39.79999923706055,B
02OH013,2022-03-18,44.59999847412109,B
02OH013,2022-04-18,17.200000762939453,
02OH013,2022-05-18,14.399999618530272,
02OH013,2022-06-18,6.25,
02OH013,2022-07-18,1.649999976158142,
02OH013,2022-08-18,0.5120000243186951,
02OH013,2022-09-18,1.1100000143051147,
02OH013,2022-10-18,8.359999656677246,
02OH013,2022-11-18,11.899999618530272,
02OH013,2022-12-18,5.789999961853027,B
02OH013,2023-01-18,9.760000228881836,B
02OH013,2023-02-18,22.600000381469727,B
02OH013,2023-03-18,33.20000076293945,
02OH013,2023-04-18,23.100000381469727,
02OH013,2023-05-18,2.0799999237060547,
02OH013,2023-06-18,22.100000381469727,
02OH013,2023-07-18,10.300000190734863,
02OH013,2023-08-18,6.940000057220459,
02OH013,2023-09-18,3.4600000381469727,
02OH013,2023-10-18,3.839999914169312,
02OH013,2023-11-18,18.799999237060547,
02OH013,2023-12-18,75.19999694824219,
02OH013,2024-01-18,9.06999969482422,B
02OH013,2024-02-18,5.630000114440918,B
02OH013,2024-03-18,20.600000381469727,
02OH013,2024-04-18,11.399999618530272,
02OH013,2024-05-18,5.090000152587891,
02OH013,2024-06-18,2.069999933242798,
02OH013,2024-07-18,21.100000381469727,
02OH013,2024-08-18,2.4600000381469727,
02OH013,2024-09-18,1.149999976158142,
02OH013,2024-10-18,3.150000095367432,
02OH013,2024-11-18,2.109999895095825,
02OH013,2024-12-18,13.899999618530272,B
02OH013,2025-01-18,3.289999961853028,B
02OH013,2025-02-18,1.5,B
02OH013,2025-03-18,51.09999847412109,
02OH013,2025-04-18,8.289999961853027,
02OH013,2025-05-18,60.79999923706055,
02OH013,2025-06-18,1.9700000286102293,
02OH013,2025-07-18,1.2599999904632568,
02OH013,2025-08-18,0.10899999737739564,
02OH013,2025-09-18,,
02OH013,2012-07-19,,
02OH013,2012-08-19,0.8659999966621399,
02OH013,2012-09-19,4.050000190734863,
02OH013,2012-10-19,8.260000228881836,
02OH013,2012-11-19,4.420000076293945,
02OH013,2012-12-19,29.5,
02OH013,2013-01-19,5.739999771118164,B
02OH013,2013-02-19,2.490000009536743,B
02OH013,2013-03-19,7.940000057220459,
02OH013,2013-04-19,13.800000190734863,
02OH013,2013-05-19,1.340000033378601,
02OH013,2013-06-19,4.679999828338623,
02OH013,2013-07-19,3.910000085830689,
02OH013,2013-08-19,0.6620000004768372,
02OH013,2013-09-19,5.650000095367432,
02OH013,2013-10-19,9.31999969482422,
02OH013,2013-11-19,23.5,
02OH013,2013-12-19,3.5,B
02OH013,2014-01-19,14.800000190734863,B
02OH013,2014-02-19,1.600000023841858,B
02OH013,2014-03-19,1.7999999523162842,B
02OH013,2014-04-19,40.59999847412109,
02OH013,2014-05-19,8.399999618530273,
02OH013,2014-06-19,18.5,
02OH013,2014-07-19,2.450000047683716,
02OH013,2014-08-19,6.139999866485596,
02OH013,2014-09-19,0.7170000076293945,
02OH013,2014-10-19,4.159999847412109,
02OH013,2014-11-19,6.329999923706055,
02OH013,2014-12-19,8.4399995803833,B
02OH013,2015-01-19,4.960000038146973,B
02OH013,2015-02-19,1.059999942779541,B
02OH013,2015-03-19,4.260000228881836,B
02OH013,2015-04-19,14.0,
02OH013,2015-05-19,3.0199999809265137,
02OH013,2015-06-19,9.56999969482422,
02OH013,2015-07-19,11.800000190734863,
02OH013,2015-08-19,2.4200000762939453,
02OH013,2015-09-19,1.309999942779541,
02OH013,2015-10-19,4.400000095367432,
02OH013,2015-11-19,5.710000038146973,
02OH013,2015-12-19,25.5,
02OH013,2016-01-19,7.449999809265137,B
02OH013,2016-02-19,6.570000171661377,B
02OH013,2016-03-19,18.799999237060547,
02OH013,2016-04-19,14.300000190734863,
02OH013,2016-05-19,3.3399999141693115,
02OH013,2016-06-19,0.9639999866485596,
02OH013,2016-07-19,3.400000095367432,
02OH013,2016-08-19,1.649999976158142,
02OH013,2016-09-19,1.8200000524520876,
02OH013,2016-10-19,1.2699999809265137,
02OH013,2016-11-19,5.519999980926514,
02OH013,2016-12-19,4.210000038146973,B
02OH013,2017-01-19,5.289999961853027,B
02OH013,2017-02-19,6.429999828338623,B
02OH013,2017-03-19,4.019999980926514,B
02OH013,2017-04-19,20.100000381469727,
02OH013,2017-05-19,4.170000076293945,
02OH013,2017-06-19,5.320000171661377,
02OH013,2017-07-19,5.710000038146973,
02OH013,2017-08-19,7.889999866485596,
02OH013,2017-09-19,1.7400000095367432,
02OH013,2017-10-19,2.2100000381469727,
02OH013,2017-11-19,13.5,
02OH013,2017-12-19,2.630000114440918,B
02OH013,2018-01-19,19.399999618530277,B
02OH013,2018-02-19,6.079999923706055,B
02OH013,2018-03-19,6.309999942779541,B
02OH013,2018-04-19,23.799999237060547,
02OH013,2018-05-19,3.470000028610229,
02OH013,2018-06-19,11.600000381469728,
02OH013,2018-07-19,0.4950000047683716,
02OH013,2018-08-19,0.40299999713897705,
02OH013,2018-09-19,0.16699999570846558,
02OH013,2018-10-19,1.5099999904632568,
02OH013,2018-11-19,5.170000076293945,B
02OH013,2018-12-19,7.630000114440918,B
02OH013,2019-01-19,3.4200000762939453,B
02OH013,2019-02-19,4.96999979019165,B
02OH013,2019-03-19,32.0,B
02OH013,2019-04-19,18.399999618530277,
02OH013,2019-05-19,10.399999618530272,
02OH013,2019-06-19,2.4800000190734863,
02OH013,2019-07-19,0.49399998784065247,
02OH013,2019-08-19,1.0199999809265137,
02OH013,2019-09-19,0.7509999871253967,
02OH013,2019-10-19,19.700000762939453,
02OH013,2019-11-19,9.06999969482422,
02OH013,2019-12-19,6.360000133514404,B
02OH013,2020-01-19,8.100000381469727,B
02OH013,2020-02-19,3.240000009536743,B
02OH013,2020-03-19,21.399999618530277,
02OH013,2020-04-19,6.75,
02OH013,2020-05-19,4.5,
02OH013,2020-06-19,0.4560000002384186,
02OH013,2020-07-19,0.1770000010728836,
02OH013,2020-08-19,0.16200000047683716,
02OH013,2020-09-19,0.193000003695488,
02OH013,2020-10-19,4.159999847412109,
02OH013,2020-11-19,3.509999990463257,
02OH013,2020-12-19,3.220000028610229,B
02OH013,2021-01-19,6.5,B
02OH013,2021-02-19,1.7200000286102295,B
02OH013,2021-03-19,17.700000762939453,
02OH013,2021-04-19,10.800000190734863,
02OH013,2021-05-19,2.440000057220459,
02OH013,2021-06-19,0.6930000185966492,
02OH013,2021-07-19,0.367000013589859,
02OH013,2021-08-19,0.08299999684095383,
02OH013,2021-09-19,0.0689999982714653,
02OH013,2021-10-19,2.759999990463257,
02OH013,2021-11-19,27.399999618530277,
02OH013,2021-12-19,10.399999618530272,
02OH013,2022-01-19,2.150000095367432,B
02OH013,2022-02-19,30.299999237060547,B
02OH013,2022-03-19,57.79999923706055,B
02OH013,2022-04-19,29.399999618530277,
02OH013,2022-05-19,8.90999984741211,
02OH013,2022-06-19,9.739999771118164,
02OH013,2022-07-19,5.050000190734863,
02OH013,2022-08-19,0.49399998784065247,
02OH013,2022-09-19,8.0,
02OH013,2022-10-19,9.779999732971191,
02OH013,2022-11-19,9.869999885559082,
02OH013,2022-12-19,5.599999904632568,B
02OH013,2023-01-19,8.630000114440918,B
02OH013,2023-02-19,15.800000190734863,B
02OH013,2023-03-19,27.100000381469727,
02OH013,2023-04-19,15.699999809265137,
02OH013,2023-05-19,1.940000057220459,
02OH013,2023-06-19,8.970000267028809,
02OH013,2023-07-19,9.279999732971191,
02OH013,2023-08-19,7.179999828338623,
02OH013,2023-09-19,4.230000019073486,
02OH013,2023-10-19,3.3399999141693115,
02OH013,2023-11-19,15.800000190734863,
02OH013,2023-12-19,129.0,
02OH013,2024-01-19,7.900000095367432,B
02OH013,2024-02-19,5.289999961853027,B
02OH013,2024-03-19,18.200000762939453,
02OH013,2024-04-19,11.5,
02OH013,2024-05-19,4.300000190734863,
02OH013,2024-06-19,1.7999999523162842,
02OH013,2024-07-19,11.199999809265137,
02OH013,2024-08-19,2.380000114440918,
02OH013,2024-09-19,1.059999942779541,
02OH013,2024-10-19,2.5999999046325684,
02OH013,2024-11-19,2.0199999809265137,
02OH013,2024-12-19,15.300000190734863,B
02OH013,2025-01-19,3.380000114440918,B
02OH013,2025-02-19,1.4500000476837158,B
02OH013,2025-03-19,28.5,
02OH013,2025-04-19,11.800000190734863,
02OH013,2025-05-19,51.70000076293945,
02OH013,2025-06-19,2.5199999809265137,
02OH013,2025-07-19,1.4199999570846558,
02OH013,2025-08-19,0.11800000071525574,
02OH013,2025-09-19,,
02OH013,2012-07-20,,
02OH013,2012-08-20,0.8799999952316284,
02OH013,2012-09-20,5.0,
02OH013,2012-10-20,48.09999847412109,
02OH013,2012-11-20,4.260000228881836,
02OH013,2012-12-20,21.5,
02OH013,2013-01-20,5.21999979019165,B
02OH013,2013-02-20,2.4100000858306885,B
02OH013,2013-03-20,7.460000038146973,
02OH013,2013-04-20,31.600000381469727,
02OH013,2013-05-20,1.5,
02OH013,2013-06-20,3.7200000286102295,
02OH013,2013-07-20,5.840000152587891,
02OH013,2013-08-20,0.5789999961853027,
02OH013,2013-09-20,4.429999828338623,
02OH013,2013-10-20,6.769999980926514,
02OH013,2013-11-20,12.5,
02OH013,2013-12-20,3.390000104904175,B
02OH013,2014-01-20,11.0,B
02OH013,2014-02-20,1.600000023841858,B
02OH013,2014-03-20,1.8799999952316284,B
02OH013,2014-04-20,31.700000762939453,
02OH013,2014-05-20,6.369999885559082,
02OH013,2014-06-20,9.81999969482422,
02OH013,2014-07-20,2.0799999237060547,
02OH013,2014-08-20,4.010000228881836,
02OH013,2014-09-20,0.6790000200271606,
02OH013,2014-10-20,4.369999885559082,
02OH013,2014-11-20,4.309999942779541,
02OH013,2014-12-20,6.329999923706055,B
02OH013,2015-01-20,5.260000228881836,B
02OH013,2015-02-20,1.0499999523162842,B
02OH013,2015-03-20,3.9600000381469727,B
02OH013,2015-04-20,13.399999618530272,
02OH013,2015-05-20,4.420000076293945,
02OH013,2015-06-20,7.639999866485596,
02OH013,2015-07-20,36.0,
02OH013,2015-08-20,2.0,
02OH013,2015-09-20,1.159999966621399,
02OH013,2015-10-20,3.5999999046325684,
02OH013,2015-11-20,21.799999237060547,
02OH013,2015-12-20,15.300000190734863,
02OH013,2016-01-20,6.710000038146973,B
02OH013,2016-02-20,7.300000190734863,B
02OH013,2016-03-20,12.600000381469728,
02OH013,2016-04-20,12.699999809265137,
02OH013,2016-05-20,2.990000009536743,
02OH013,2016-06-20,0.8140000104904175,
02OH013,2016-07-20,1.5,
02OH013,2016-08-20,1.0299999713897705,
02OH013,2016-09-20,6.039999961853027,
02OH013,2016-10-20,1.3899999856948853,
02OH013,2016-11-20,5.400000095367432,
02OH013,2016-12-20,4.099999904632568,B
02OH013,2017-01-20,5.099999904632568,B
02OH013,2017-02-20,11.100000381469728,B
02OH013,2017-03-20,4.119999885559082,B
02OH013,2017-04-20,37.5,
02OH013,2017-05-20,3.740000009536743,
02OH013,2017-06-20,12.800000190734863,
02OH013,2017-07-20,4.409999847412109,
02OH013,2017-08-20,5.309999942779541,
02OH013,2017-09-20,1.590000033378601,
02OH013,2017-10-20,1.9900000095367432,
02OH013,2017-11-20,22.399999618530277,
02OH013,2017-12-20,3.700000047683716,B
02OH013,2018-01-20,16.399999618530273,B
02OH013,2018-02-20,19.0,B
02OH013,2018-03-20,5.860000133514404,B
02OH013,2018-04-20,19.799999237060547,
02OH013,2018-05-20,4.929999828338623,
02OH013,2018-06-20,6.300000190734863,
02OH013,2018-07-20,0.4079999923706055,
02OH013,2018-08-20,0.40400001406669617,
02OH013,2018-09-20,0.16599999368190765,
02OH013,2018-10-20,1.4299999475479126,
02OH013,2018-11-20,5.039999961853027,B
02OH013,2018-12-20,6.869999885559082,B
02OH013,2019-01-20,3.259999990463257,B
02OH013,2019-02-20,4.650000095367432,B
02OH013,2019-03-20,26.299999237060547,B
02OH013,2019-04-20,69.4000015258789,
02OH013,2019-05-20,16.899999618530273,
02OH013,2019-06-20,2.309999942779541,
02OH013,2019-07-20,0.4560000002384186,
02OH013,2019-08-20,0.6150000095367432,
02OH013,2019-09-20,0.7049999833106995,
02OH013,2019-10-20,11.899999618530272,
02OH013,2019-11-20,9.6899995803833,
02OH013,2019-12-20,5.840000152587891,B
02OH013,2020-01-20,6.96999979019165,B
02OH013,2020-02-20,3.130000114440918,B
02OH013,2020-03-20,35.29999923706055,
02OH013,2020-04-20,6.130000114440918,
02OH013,2020-05-20,3.5799999237060547,
02OH013,2020-06-20,0.375,
02OH013,2020-07-20,0.16300000250339508,
02OH013,2020-08-20,0.1340000033378601,
02OH013,2020-09-20,0.17499999701976776,
02OH013,2020-10-20,8.710000038146973,
02OH013,2020-11-20,3.240000009536743,
02OH013,2020-12-20,3.0199999809265137,B
02OH013,2021-01-20,5.460000038146973,B
02OH013,2021-02-20,1.7000000476837158,B
02OH013,2021-03-20,14.399999618530272,
02OH013,2021-04-20,8.40999984741211,
02OH013,2021-05-20,2.180000066757202,
02OH013,2021-06-20,0.6140000224113464,
02OH013,2021-07-20,0.328000009059906,
02OH013,2021-08-20,0.08799999952316284,
02OH013,2021-09-20,0.06800000369548798,
02OH013,2021-10-20,2.369999885559082,
02OH013,2021-11-20,15.199999809265137,
02OH013,2021-12-20,8.539999961853027,B
02OH013,2022-01-20,2.069999933242798,B
02OH013,2022-02-20,25.700000762939453,B
02OH013,2022-03-20,66.19999694824219,
02OH013,2022-04-20,55.29999923706055,
02OH013,2022-05-20,11.699999809265137,
02OH013,2022-06-20,7.0,
02OH013,2022-07-20,4.579999923706055,
02OH013,2022-08-20,0.4839999973773956,
02OH013,2022-09-20,28.200000762939453,
02OH013,2022-10-20,7.550000190734863,
02OH013,2022-11-20,9.140000343322754,
02OH013,2022-12-20,5.409999847412109,B
02OH013,2023-01-20,7.789999961853027,B
02OH013,2023-02-20,18.0,B
02OH013,2023-03-20,16.600000381469727,
02OH013,2023-04-20,10.899999618530272,
02OH013,2023-05-20,1.850000023841858,
02OH013,2023-06-20,4.989999771118164,
02OH013,2023-07-20,5.440000057220459,
02OH013,2023-08-20,16.600000381469727,
02OH013,2023-09-20,14.100000381469728,
02OH013,2023-10-20,3.109999895095825,
02OH013,2023-11-20,10.600000381469728,
02OH013,2023-12-20,66.19999694824219,
02OH013,2024-01-20,7.039999961853027,B
02OH013,2024-02-20,4.96999979019165,B
02OH013,2024-03-20,16.700000762939453,
02OH013,2024-04-20,10.100000381469728,
02OH013,2024-05-20,3.700000047683716,
02OH013,2024-06-20,1.6399999856948853,
02OH013,2024-07-20,6.929999828338623,
02OH013,2024-08-20,7.070000171661377,
02OH013,2024-09-20,1.0,
02OH013,2024-10-20,2.319999933242798,
02OH013,2024-11-20,1.9299999475479128,
02OH013,2024-12-20,10.399999618530272,B
02OH013,2025-01-20,3.309999942779541,B
02OH013,2025-02-20,1.399999976158142,B
02OH013,2025-03-20,23.0,
02OH013,2025-04-20,26.799999237060547,
02OH013,2025-05-20,43.900001525878906,
02OH013,2025-06-20,6.179999828338623,
02OH013,2025-07-20,1.0299999713897705,
02OH013,2025-08-20,0.1169999986886978,
02OH013,2025-09-20,,
02OH013,2012-07-21,,
02OH013,2012-08-21,0.8510000109672546,
02OH013,2012-09-21,2.559999942779541,
02OH013,2012-10-21,30.200000762939453,
02OH013,2012-11-21,4.119999885559082,
02OH013,2012-12-21,21.200000762939453,
02OH013,2013-01-21,4.789999961853027,B
02OH013,2013-02-21,2.3499999046325684,B
02OH013,2013-03-21,6.960000038146973,
02OH013,2013-04-21,22.200000762939453,
02OH013,2013-05-21,1.950000047683716,
02OH013,2013-06-21,3.180000066757202,
02OH013,2013-07-21,3.839999914169312,
02OH013,2013-08-21,0.5,
02OH013,2013-09-21,3.559999942779541,
02OH013,2013-10-21,5.5,
02OH013,2013-11-21,9.0,
02OH013,2013-12-21,3.2799999713897705,B
02OH013,2014-01-21,8.529999732971191,B
02OH013,2014-02-21,2.4600000381469727,B
02OH013,2014-03-21,2.059999942779541,B
02OH013,2014-04-21,22.799999237060547,
02OH013,2014-05-21,5.269999980926514,
02OH013,2014-06-21,6.920000076293945,
02OH013,2014-07-21,1.7799999713897705,
02OH013,2014-08-21,2.990000009536743,
02OH013,2014-09-21,0.652999997138977,
02OH013,2014-10-21,2.8299999237060547,
02OH013,2014-11-21,4.96999979019165,
02OH013,2014-12-21,5.090000152587891,B
02OH013,2015-01-21,4.079999923706055,B
02OH013,2015-02-21,1.0299999713897705,B
02OH013,2015-03-21,3.7300000190734863,B
02OH013,2015-04-21,20.0,
02OH013,2015-05-21,3.4200000762939453,
02OH013,2015-06-21,7.949999809265137,
02OH013,2015-07-21,17.0,
02OH013,2015-08-21,1.9900000095367432,
02OH013,2015-09-21,1.1399999856948853,
02OH013,2015-10-21,3.259999990463257,
02OH013,2015-11-21,18.399999618530277,
02OH013,2015-12-21,12.199999809265137,
02OH013,2016-01-21,6.110000133514404,B
02OH013,2016-02-21,17.299999237060547,B
02OH013,2016-03-21,11.0,
02OH013,2016-04-21,9.510000228881836,
02OH013,2016-05-21,2.740000009536743,
02OH013,2016-06-21,0.7369999885559082,
02OH013,2016-07-21,0.8489999771118164,
02OH013,2016-08-21,0.8610000014305115,
02OH013,2016-09-21,2.650000095367432,
02OH013,2016-10-21,43.79999923706055,
02OH013,2016-11-21,8.640000343322754,
02OH013,2016-12-21,4.039999961853027,B
02OH013,2017-01-21,5.010000228881836,B
02OH013,2017-02-21,11.699999809265137,B
02OH013,2017-03-21,4.159999847412109,B
02OH013,2017-04-21,27.0,
02OH013,2017-05-21,3.319999933242798,
02OH013,2017-06-21,11.199999809265137,
02OH013,2017-07-21,5.199999809265137,
02OH013,2017-08-21,3.309999942779541,
02OH013,2017-09-21,1.4900000095367432,
02OH013,2017-10-21,1.7999999523162842,
02OH013,2017-11-21,11.399999618530272,
02OH013,2017-12-21,3.069999933242798,B
02OH013,2018-01-21,13.800000190734863,B
02OH013,2018-02-21,90.5999984741211,B
02OH013,2018-03-21,5.5,B
02OH013,2018-04-21,18.600000381469727,
02OH013,2018-05-21,7.340000152587891,
02OH013,2018-06-21,3.4200000762939453,
02OH013,2018-07-21,0.37599998712539673,
02OH013,2018-08-21,0.3709999918937683,
02OH013,2018-09-21,0.3370000123977661,
02OH013,2018-10-21,1.659999966621399,
02OH013,2018-11-21,4.389999866485596,B
02OH013,2018-12-21,41.79999923706055,
02OH013,2019-01-21,3.119999885559082,B
02OH013,2019-02-21,4.380000114440918,B
02OH013,2019-03-21,29.399999618530277,B
02OH013,2019-04-21,52.5,
02OH013,2019-05-21,16.200000762939453,
02OH013,2019-06-21,4.369999885559082,
02OH013,2019-07-21,0.3639999926090241,
02OH013,2019-08-21,0.550000011920929,
02OH013,2019-09-21,0.6620000004768372,
02OH013,2019-10-21,8.729999542236328,
02OH013,2019-11-21,10.399999618530272,
02OH013,2019-12-21,5.53000020980835,B
02OH013,2020-01-21,6.170000076293945,B
02OH013,2020-02-21,3.0199999809265137,B
02OH013,2020-03-21,40.400001525878906,
02OH013,2020-04-21,5.550000190734863,
02OH013,2020-05-21,3.049999952316284,
02OH013,2020-06-21,0.32199999690055847,
02OH013,2020-07-21,0.14399999380111694,
02OH013,2020-08-21,0.12099999934434892,
02OH013,2020-09-21,0.1809999942779541,
02OH013,2020-10-21,14.199999809265137,
02OH013,2020-11-21,3.0899999141693115,
02OH013,2020-12-21,3.0199999809265137,B
02OH013,2021-01-21,6.409999847412109,B
02OH013,2021-02-21,1.7000000476837158,B
02OH013,2021-03-21,14.300000190734863,
02OH013,2021-04-21,7.71999979019165,
02OH013,2021-05-21,1.9700000286102293,
02OH013,2021-06-21,2.8299999237060547,
02OH013,2021-07-21,0.5230000019073486,
02OH013,2021-08-21,0.1120000034570694,
02OH013,2021-09-21,0.061000000685453415,
02OH013,2021-10-21,2.0999999046325684,
02OH013,2021-11-21,9.890000343322754,
02OH013,2021-12-21,9.18000030517578,B
02OH013,2022-01-21,1.9900000095367432,B
02OH013,2022-02-21,24.5,B
02OH013,2022-03-21,52.20000076293945,
02OH013,2022-04-21,31.899999618530277,
02OH013,2022-05-21,8.710000038146973,
02OH013,2022-06-21,4.440000057220459,
02OH013,2022-07-21,2.859999895095825,
02OH013,2022-08-21,0.3849999904632568,
02OH013,2022-09-21,16.0,
02OH013,2022-10-21,6.0,
02OH013,2022-11-21,7.670000076293945,
02OH013,2022-12-21,5.28000020980835,B
02OH013,2023-01-21,7.170000076293945,B
02OH013,2023-02-21,18.5,B
02OH013,2023-03-21,17.200000762939453,
02OH013,2023-04-21,8.779999732971191,
02OH013,2023-05-21,2.150000095367432,
02OH013,2023-06-21,3.359999895095825,
02OH013,2023-07-21,5.980000019073486,
02OH013,2023-08-21,10.600000381469728,
02OH013,2023-09-21,8.15999984741211,
02OH013,2023-10-21,19.0,
02OH013,2023-11-21,8.0,
02OH013,2023-12-21,27.600000381469727,
02OH013,2024-01-21,6.389999866485596,B
02OH013,2024-02-21,4.670000076293945,B
02OH013,2024-03-21,15.5,
02OH013,2024-04-21,8.59000015258789,
02OH013,2024-05-21,3.259999990463257,
02OH013,2024-06-21,15.300000190734863,
02OH013,2024-07-21,5.210000038146973,
02OH013,2024-08-21,19.299999237060547,
02OH013,2024-09-21,0.9769999980926514,
02OH013,2024-10-21,2.069999933242798,
02OH013,2024-11-21,1.8600000143051147,
02OH013,2024-12-21,7.900000095367432,B
02OH013,2025-01-21,2.630000114440918,B
02OH013,2025-02-21,1.3899999856948853,B
02OH013,2025-03-21,27.5,
02OH013,2025-04-21,15.899999618530272,
02OH013,2025-05-21,25.399999618530277,
02OH013,2025-06-21,4.440000057220459,
02OH013,2025-07-21,0.8180000185966492,
02OH013,2025-08-21,0.10999999940395357,
02OH013,2025-09-21,,
02OH013,2012-07-22,,
02OH013,2012-08-22,1.600000023841858,
02OH013,2012-09-22,1.7699999809265137,
02OH013,2012-10-22,16.600000381469727,
02OH013,2012-11-22,3.950000047683716,
02OH013,2012-12-22,38.79999923706055,
02OH013,2013-01-22,4.380000114440918,B
02OH013,2013-02-22,2.299999952316284,B
02OH013,2013-03-22,6.199999809265137,
02OH013,2013-04-22,13.5,
02OH013,2013-05-22,3.700000047683716,
02OH013,2013-06-22,2.890000104904175,
02OH013,2013-07-22,2.5799999237060547,
02OH013,2013-08-22,0.4889999926090241,
02OH013,2013-09-22,5.53000020980835,
02OH013,2013-10-22,4.800000190734863,
02OH013,2013-11-22,7.980000019073486,
02OH013,2013-12-22,4.079999923706055,B
02OH013,2014-01-22,7.019999980926514,B
02OH013,2014-02-22,4.840000152587891,B
02OH013,2014-03-22,2.220000028610229,B
02OH013,2014-04-22,19.200000762939453,
02OH013,2014-05-22,6.420000076293945,
02OH013,2014-06-22,5.480000019073486,
02OH013,2014-07-22,1.559999942779541,
02OH013,2014-08-22,2.490000009536743,
02OH013,2014-09-22,0.6489999890327454,
02OH013,2014-10-22,2.450000047683716,
02OH013,2014-11-22,5.119999885559082,
02OH013,2014-12-22,4.360000133514404,B
02OH013,2015-01-22,3.490000009536743,B
02OH013,2015-02-22,1.0199999809265137,B
02OH013,2015-03-22,3.539999961853028,B
02OH013,2015-04-22,22.700000762939453,
02OH013,2015-05-22,2.619999885559082,
02OH013,2015-06-22,23.700000762939453,
02OH013,2015-07-22,35.400001525878906,
02OH013,2015-08-22,2.359999895095825,
02OH013,2015-09-22,1.159999966621399,
02OH013,2015-10-22,3.0799999237060547,
02OH013,2015-11-22,11.199999809265137,
02OH013,2015-12-22,18.5,
02OH013,2016-01-22,5.639999866485596,B
02OH013,2016-02-22,11.699999809265137,B
02OH013,2016-03-22,9.449999809265137,
02OH013,2016-04-22,8.579999923706055,
02OH013,2016-05-22,2.450000047683716,
02OH013,2016-06-22,0.7039999961853027,
02OH013,2016-07-22,0.777999997138977,
02OH013,2016-08-22,6.949999809265137,
02OH013,2016-09-22,1.690000057220459,
02OH013,2016-10-22,37.5,
02OH013,2016-11-22,8.789999961853027,
02OH013,2016-12-22,4.03000020980835,B
02OH013,2017-01-22,5.800000190734863,B
02OH013,2017-02-22,8.119999885559082,B
02OH013,2017-03-22,4.230000019073486,B
02OH013,2017-04-22,22.399999618530277,
02OH013,2017-05-22,3.7699999809265137,
02OH013,2017-06-22,6.320000171661377,
02OH013,2017-07-22,3.9700000286102295,
02OH013,2017-08-22,5.710000038146973,
02OH013,2017-09-22,1.3600000143051147,
02OH013,2017-10-22,1.659999966621399,
02OH013,2017-11-22,10.5,
02OH013,2017-12-22,2.470000028610229,B
02OH013,2018-01-22,11.399999618530272,B
02OH013,2018-02-22,83.30000305175781,B
02OH013,2018-03-22,5.21999979019165,B
02OH013,2018-04-22,16.600000381469727,
02OH013,2018-05-22,4.710000038146973,
02OH013,2018-06-22,2.359999895095825,
02OH013,2018-07-22,0.3389999866485596,
02OH013,2018-08-22,0.36000001430511475,
02OH013,2018-09-22,0.8450000286102295,
02OH013,2018-10-22,1.4500000476837158,
02OH013,2018-11-22,4.03000020980835,B
02OH013,2018-12-22,113.0,
02OH013,2019-01-22,3.009999990463257,B
02OH013,2019-02-22,4.150000095367432,B
02OH013,2019-03-22,48.70000076293945,B
02OH013,2019-04-22,28.600000381469727,
02OH013,2019-05-22,11.199999809265137,
02OH013,2019-06-22,3.5999999046325684,
02OH013,2019-07-22,0.3009999990463257,
02OH013,2019-08-22,0.6600000262260437,
02OH013,2019-09-22,0.6190000176429749,
02OH013,2019-10-22,7.150000095367432,
02OH013,2019-11-22,25.0,
02OH013,2019-12-22,5.940000057220459,B
02OH013,2020-01-22,5.619999885559082,B
02OH013,2020-02-22,2.930000066757202,B
02OH013,2020-03-22,21.0,
02OH013,2020-04-22,5.829999923706055,
02OH013,2020-05-22,2.650000095367432,
02OH013,2020-06-22,0.2709999978542328,
02OH013,2020-07-22,0.11599999666213988,
02OH013,2020-08-22,0.1340000033378601,
02OH013,2020-09-22,0.181999996304512,
02OH013,2020-10-22,14.899999618530272,
02OH013,2020-11-22,2.819999933242798,
02OH013,2020-12-22,2.869999885559082,B
02OH013,2021-01-22,4.539999961853027,B
02OH013,2021-02-22,1.7000000476837158,B
02OH013,2021-03-22,19.5,
02OH013,2021-04-22,9.710000038146973,
02OH013,2021-05-22,1.7999999523162842,
02OH013,2021-06-22,5.03000020980835,
02OH013,2021-07-22,0.4639999866485596,
02OH013,2021-08-22,0.210999995470047,
02OH013,2021-09-22,0.052000001072883606,
02OH013,2021-10-22,3.200000047683716,
02OH013,2021-11-22,8.390000343322754,
02OH013,2021-12-22,7.269999980926514,B
02OH013,2022-01-22,1.919999957084656,B
02OH013,2022-02-22,24.100000381469727,B
02OH013,2022-03-22,31.899999618530277,
02OH013,2022-04-22,22.0,
02OH013,2022-05-22,16.200000762939453,
02OH013,2022-06-22,3.9600000381469727,
02OH013,2022-07-22,2.0899999141693115,
02OH013,2022-08-22,0.32899999618530273,
02OH013,2022-09-22,38.29999923706055,
02OH013,2022-10-22,5.429999828338623,
02OH013,2022-11-22,7.110000133514404,
02OH013,2022-12-22,5.139999866485596,B
02OH013,2023-01-22,6.710000038146973,B
02OH013,2023-02-22,13.199999809265137,B
02OH013,2023-03-22,17.399999618530273,
02OH013,2023-04-22,7.630000114440918,
02OH013,2023-05-22,2.539999961853028,
02OH013,2023-06-22,2.549999952316284,
02OH013,2023-07-22,19.600000381469727,
02OH013,2023-08-22,6.199999809265137,
02OH013,2023-09-22,4.989999771118164,
02OH013,2023-10-22,69.5,
02OH013,2023-11-22,24.600000381469727,
02OH013,2023-12-22,18.399999618530277,
02OH013,2024-01-22,5.860000133514404,B
02OH013,2024-02-22,4.409999847412109,B
02OH013,2024-03-22,11.199999809265137,
02OH013,2024-04-22,7.539999961853027,
02OH013,2024-05-22,3.430000066757202,
02OH013,2024-06-22,10.5,
02OH013,2024-07-22,4.070000171661377,
02OH013,2024-08-22,34.5,
02OH013,2024-09-22,0.9300000071525574,
02OH013,2024-10-22,1.8799999952316284,
02OH013,2024-11-22,1.8200000524520876,
02OH013,2024-12-22,5.789999961853027,B
02OH013,2025-01-22,2.0199999809265137,B
02OH013,2025-02-22,1.3899999856948853,B
02OH013,2025-03-22,27.5,
02OH013,2025-04-22,18.299999237060547,
02OH013,2025-05-22,16.299999237060547,
02OH013,2025-06-22,3.119999885559082,
02OH013,2025-07-22,0.9350000023841858,
02OH013,2025-08-22,0.10199999809265135,
02OH013,2025-09-22,,
02OH013,2012-07-23,,
02OH013,2012-08-23,1.309999942779541,
02OH013,2012-09-23,1.4900000095367432,
02OH013,2012-10-23,11.399999618530272,
02OH013,2012-11-23,3.930000066757202,
02OH013,2012-12-23,19.700000762939453,
02OH013,2013-01-23,4.210000038146973,B
02OH013,2013-02-23,2.25,B
02OH013,2013-03-23,6.110000133514404,
02OH013,2013-04-23,10.699999809265137,
02OH013,2013-05-23,9.960000038146973,
02OH013,2013-06-23,3.359999895095825,
02OH013,2013-07-23,2.009999990463257,
02OH013,2013-08-23,0.5109999775886536,
02OH013,2013-09-23,8.449999809265137,
02OH013,2013-10-23,4.489999771118164,
02OH013,2013-11-23,9.270000457763672,
02OH013,2013-12-23,5.320000171661377,B
02OH013,2014-01-23,6.360000133514404,B
02OH013,2014-02-23,8.630000114440918,B
02OH013,2014-03-23,2.190000057220459,B
02OH013,2014-04-23,23.799999237060547,
02OH013,2014-05-23,14.0,
02OH013,2014-06-23,4.550000190734863,
02OH013,2014-07-23,1.7899999618530271,
02OH013,2014-08-23,2.2799999713897705,
02OH013,2014-09-23,0.6629999876022339,
02OH013,2014-10-23,3.0899999141693115,
02OH013,2014-11-23,3.630000114440918,
02OH013,2014-12-23,3.940000057220459,B
02OH013,2015-01-23,3.119999885559082,B
02OH013,2015-02-23,1.0099999904632568,B
02OH013,2015-03-23,3.390000104904175,B
02OH013,2015-04-23,27.0,
02OH013,2015-05-23,2.1600000858306885,
02OH013,2015-06-23,17.0,
02OH013,2015-07-23,15.800000190734863,
02OH013,2015-08-23,1.8899999856948853,
02OH013,2015-09-23,0.968999981880188,
02OH013,2015-10-23,2.900000095367432,
02OH013,2015-11-23,8.199999809265137,
02OH013,2015-12-23,28.5,
02OH013,2016-01-23,5.269999980926514,B
02OH013,2016-02-23,8.59000015258789,B
02OH013,2016-03-23,9.510000228881836,
02OH013,2016-04-23,13.899999618530272,
02OH013,2016-05-23,2.140000104904175,
02OH013,2016-06-23,0.8519999980926514,
02OH013,2016-07-23,1.25,
02OH013,2016-08-23,4.059999942779541,
02OH013,2016-09-23,1.3799999952316284,
02OH013,2016-10-23,85.5999984741211,
02OH013,2016-11-23,8.59000015258789,
02OH013,2016-12-23,4.480000019073486,B
02OH013,2017-01-23,6.849999904632568,B
02OH013,2017-02-23,24.299999237060547,B
02OH013,2017-03-23,4.409999847412109,B
02OH013,2017-04-23,17.799999237060547,
02OH013,2017-05-23,5.449999809265137,
02OH013,2017-06-23,8.119999885559082,
02OH013,2017-07-23,2.970000028610229,
02OH013,2017-08-23,33.599998474121094,
02OH013,2017-09-23,1.2599999904632568,
02OH013,2017-10-23,1.5499999523162842,
02OH013,2017-11-23,11.5,
02OH013,2017-12-23,2.7100000381469727,B
02OH013,2018-01-23,20.0,B
02OH013,2018-02-23,49.29999923706055,B
02OH013,2018-03-23,5.010000228881836,B
02OH013,2018-04-23,14.0,
02OH013,2018-05-23,4.210000038146973,
02OH013,2018-06-23,1.870000004768372,
02OH013,2018-07-23,0.386000007390976,
02OH013,2018-08-23,0.3499999940395355,
02OH013,2018-09-23,0.5630000233650208,
02OH013,2018-10-23,1.350000023841858,
02OH013,2018-11-23,3.809999942779541,B
02OH013,2018-12-23,86.5999984741211,
02OH013,2019-01-23,2.9100000858306885,B
02OH013,2019-02-23,3.9700000286102295,B
02OH013,2019-03-23,53.59999847412109,B
02OH013,2019-04-23,20.100000381469727,
02OH013,2019-05-23,9.039999961853027,
02OH013,2019-06-23,2.559999942779541,
02OH013,2019-07-23,0.27399998903274536,
02OH013,2019-08-23,0.7149999737739563,
02OH013,2019-09-23,0.5709999799728394,
02OH013,2019-10-23,10.100000381469728,
02OH013,2019-11-23,33.5,
02OH013,2019-12-23,6.349999904632568,B
02OH013,2020-01-23,5.239999771118164,B
02OH013,2020-02-23,2.8499999046325684,B
02OH013,2020-03-23,15.100000381469728,
02OH013,2020-04-23,5.199999809265137,
02OH013,2020-05-23,2.240000009536743,
02OH013,2020-06-23,0.2290000021457672,
02OH013,2020-07-23,0.11299999803304672,
02OH013,2020-08-23,0.12700000405311584,
02OH013,2020-09-23,0.1940000057220459,
02OH013,2020-10-23,9.170000076293944,
02OH013,2020-11-23,3.3299999237060547,
02OH013,2020-12-23,2.7300000190734863,B
02OH013,2021-01-23,3.549999952316284,B
02OH013,2021-02-23,1.9900000095367432,B
02OH013,2021-03-23,24.100000381469727,
02OH013,2021-04-23,10.199999809265137,
02OH013,2021-05-23,1.7200000286102295,
02OH013,2021-06-23,1.6100000143051147,
02OH013,2021-07-23,0.3639999926090241,
02OH013,2021-08-23,0.12700000405311584,
02OH013,2021-09-23,0.04699999839067459,
02OH013,2021-10-23,3.7100000381469727,
02OH013,2021-11-23,7.53000020980835,
02OH013,2021-12-23,6.190000057220459,B
02OH013,2022-01-23,1.8600000143051147,B
02OH013,2022-02-23,31.100000381469727,B
02OH013,2022-03-23,20.5,
02OH013,2022-04-23,17.0,
02OH013,2022-05-23,17.600000381469727,
02OH013,2022-06-23,16.700000762939453,
02OH013,2022-07-23,1.4900000095367432,
02OH013,2022-08-23,3.9600000381469727,
02OH013,2022-09-23,37.20000076293945,
02OH013,2022-10-23,4.769999980926514,
02OH013,2022-11-23,6.570000171661377,
02OH013,2022-12-23,19.200000762939453,B
02OH013,2023-01-23,6.369999885559082,B
02OH013,2023-02-23,8.6899995803833,B
02OH013,2023-03-23,26.200000762939453,
02OH013,2023-04-23,7.989999771118164,
02OH013,2023-05-23,2.119999885559082,
02OH013,2023-06-23,2.109999895095825,
02OH013,2023-07-23,22.700000762939453,
02OH013,2023-08-23,4.449999809265137,
02OH013,2023-09-23,3.859999895095825,
02OH013,2023-10-23,73.4000015258789,
02OH013,2023-11-23,33.79999923706055,
02OH013,2023-12-23,18.0,
02OH013,2024-01-23,5.409999847412109,B
02OH013,2024-02-23,4.710000038146973,B
02OH013,2024-03-23,9.649999618530272,
02OH013,2024-04-23,6.539999961853027,
02OH013,2024-05-23,3.7300000190734863,
02OH013,2024-06-23,18.899999618530277,
02OH013,2024-07-23,3.359999895095825,
02OH013,2024-08-23,24.0,
02OH013,2024-09-23,0.8450000286102295,
02OH013,2024-10-23,1.7400000095367432,
02OH013,2024-11-23,1.7300000190734863,
02OH013,2024-12-23,4.590000152587891,B
02OH013,2025-01-23,2.0,B
02OH013,2025-02-23,1.3899999856948853,B
02OH013,2025-03-23,19.600000381469727,
02OH013,2025-04-23,15.100000381469728,
02OH013,2025-05-23,13.800000190734863,
02OH013,2025-06-23,2.819999933242798,
02OH013,2025-07-23,0.7990000247955322,
02OH013,2025-08-23,0.09799999743700027,
02OH013,2025-09-23,,
02OH013,2012-07-24,13.399999618530272,
02OH013,2012-08-24,0.7879999876022339,
02OH013,2012-09-24,1.399999976158142,
02OH013,2012-10-24,8.670000076293945,
02OH013,2012-11-24,4.449999809265137,
02OH013,2012-12-24,14.699999809265137,
02OH013,2013-01-24,4.070000171661377,B
02OH013,2013-02-24,2.220000028610229,B
02OH013,2013-03-24,5.550000190734863,
02OH013,2013-04-24,9.119999885559082,
02OH013,2013-05-24,32.099998474121094,
02OH013,2013-06-24,3.9600000381469727,
02OH013,2013-07-24,1.7799999713897705,
02OH013,2013-08-24,0.4480000138282776,
02OH013,2013-09-24,5.619999885559082,
02OH013,2013-10-24,4.090000152587891,
02OH013,2013-11-24,8.010000228881836,
02OH013,2013-12-24,4.440000057220459,B
02OH013,2014-01-24,5.78000020980835,B
02OH013,2014-02-24,6.53000020980835,B
02OH013,2014-03-24,2.119999885559082,B
02OH013,2014-04-24,18.399999618530277,
02OH013,2014-05-24,12.899999618530272,
02OH013,2014-06-24,3.9600000381469727,
02OH013,2014-07-24,10.399999618530272,
02OH013,2014-08-24,2.109999895095825,
02OH013,2014-09-24,1.409999966621399,
02OH013,2014-10-24,7.050000190734863,
02OH013,2014-11-24,9.399999618530272,
02OH013,2014-12-24,11.800000190734863,B
02OH013,2015-01-24,2.7799999713897705,B
02OH013,2015-02-24,1.0,B
02OH013,2015-03-24,3.2699999809265137,B
02OH013,2015-04-24,22.0,
02OH013,2015-05-24,1.919999957084656,
02OH013,2015-06-24,12.399999618530272,
02OH013,2015-07-24,8.630000114440918,
02OH013,2015-08-24,1.5199999809265137,
02OH013,2015-09-24,0.8410000205039978,
02OH013,2015-10-24,2.650000095367432,
02OH013,2015-11-24,6.389999866485596,
02OH013,2015-12-24,24.799999237060547,
02OH013,2016-01-24,4.989999771118164,B
02OH013,2016-02-24,10.5,B
02OH013,2016-03-24,10.600000381469728,
02OH013,2016-04-24,10.600000381469728,
02OH013,2016-05-24,1.830000042915344,
02OH013,2016-06-24,0.8500000238418579,
02OH013,2016-07-24,4.670000076293945,
02OH013,2016-08-24,2.0899999141693115,
02OH013,2016-09-24,1.7000000476837158,
02OH013,2016-10-24,55.400001525878906,
02OH013,2016-11-24,8.579999923706055,
02OH013,2016-12-24,4.800000190734863,B
02OH013,2017-01-24,8.529999732971191,B
02OH013,2017-02-24,61.400001525878906,B
02OH013,2017-03-24,4.809999942779541,B
02OH013,2017-04-24,14.0,
02OH013,2017-05-24,4.300000190734863,
02OH013,2017-06-24,23.600000381469727,
02OH013,2017-07-24,2.9200000762939453,
02OH013,2017-08-24,13.899999618530272,
02OH013,2017-09-24,1.2000000476837158,
02OH013,2017-10-24,1.5,
02OH013,2017-11-24,8.890000343322754,
02OH013,2017-12-24,3.049999952316284,B
02OH013,2018-01-24,37.70000076293945,B
02OH013,2018-02-24,34.900001525878906,B
02OH013,2018-03-24,5.25,B
02OH013,2018-04-24,12.600000381469728,
02OH013,2018-05-24,3.7300000190734863,
02OH013,2018-06-24,1.6699999570846558,
02OH013,2018-07-24,0.44200000166893005,
02OH013,2018-08-24,0.3129999935626984,
02OH013,2018-09-24,0.367000013589859,
02OH013,2018-10-24,1.4199999570846558,
02OH013,2018-11-24,3.650000095367432,B
02OH013,2018-12-24,37.59999847412109,
02OH013,2019-01-24,7.159999847412109,B
02OH013,2019-02-24,3.829999923706055,B
02OH013,2019-03-24,32.79999923706055,B
02OH013,2019-04-24,18.799999237060547,
02OH013,2019-05-24,17.399999618530273,
02OH013,2019-06-24,1.9800000190734863,
02OH013,2019-07-24,0.2450000047683716,
02OH013,2019-08-24,0.4889999926090241,
02OH013,2019-09-24,0.6200000047683716,
02OH013,2019-10-24,12.800000190734863,
02OH013,2019-11-24,18.100000381469727,
02OH013,2019-12-24,5.579999923706055,B
02OH013,2020-01-24,4.980000019073486,B
02OH013,2020-02-24,2.7699999809265137,B
02OH013,2020-03-24,13.399999618530272,
02OH013,2020-04-24,4.610000133514404,
02OH013,2020-05-24,1.919999957084656,
02OH013,2020-06-24,0.3470000028610229,
02OH013,2020-07-24,0.10899999737739564,
02OH013,2020-08-24,0.13899999856948853,
02OH013,2020-09-24,0.1809999942779541,
02OH013,2020-10-24,7.309999942779541,
02OH013,2020-11-24,5.679999828338623,
02OH013,2020-12-24,2.930000066757202,B
02OH013,2021-01-24,2.9800000190734863,B
02OH013,2021-02-24,2.289999961853028,B
02OH013,2021-03-24,25.600000381469727,
02OH013,2021-04-24,10.899999618530272,
02OH013,2021-05-24,1.590000033378601,
02OH013,2021-06-24,1.0099999904632568,
02OH013,2021-07-24,0.31700000166893005,
02OH013,2021-08-24,0.0989999994635582,
02OH013,2021-09-24,0.3840000033378601,
02OH013,2021-10-24,2.619999885559082,
02OH013,2021-11-24,5.929999828338623,
02OH013,2021-12-24,5.480000019073486,B
02OH013,2022-01-24,1.809999942779541,B
02OH013,2022-02-24,37.900001525878906,B
02OH013,2022-03-24,41.400001525878906,
02OH013,2022-04-24,13.800000190734863,
02OH013,2022-05-24,9.68000030517578,
02OH013,2022-06-24,25.899999618530277,
02OH013,2022-07-24,1.159999966621399,
02OH013,2022-08-24,3.5799999237060547,
02OH013,2022-09-24,17.100000381469727,
02OH013,2022-10-24,4.389999866485596,
02OH013,2022-11-24,6.159999847412109,
02OH013,2022-12-24,37.70000076293945,B
02OH013,2023-01-24,6.130000114440918,B
02OH013,2023-02-24,7.510000228881836,B
02OH013,2023-03-24,54.5,
02OH013,2023-04-24,25.799999237060547,
02OH013,2023-05-24,1.9299999475479128,
02OH013,2023-06-24,4.75,
02OH013,2023-07-24,10.100000381469728,
02OH013,2023-08-24,3.5199999809265137,
02OH013,2023-09-24,3.2799999713897705,
02OH013,2023-10-24,45.29999923706055,
02OH013,2023-11-24,20.700000762939453,
02OH013,2023-12-24,13.0,
02OH013,2024-01-24,4.989999771118164,B
02OH013,2024-02-24,8.59000015258789,B
02OH013,2024-03-24,9.68000030517578,
02OH013,2024-04-24,7.53000020980835,
02OH013,2024-05-24,3.740000009536743,
02OH013,2024-06-24,44.5,
02OH013,2024-07-24,3.2300000190734863,
02OH013,2024-08-24,11.899999618530272,
02OH013,2024-09-24,0.7979999780654907,
02OH013,2024-10-24,1.7000000476837158,
02OH013,2024-11-24,1.75,
02OH013,2024-12-24,3.880000114440918,B
02OH013,2025-01-24,1.9900000095367432,B
02OH013,2025-02-24,1.4199999570846558,B
02OH013,2025-03-24,14.600000381469728,
02OH013,2025-04-24,10.800000190734863,
02OH013,2025-05-24,17.700000762939453,
02OH013,2025-06-24,2.2300000190734863,
02OH013,2025-07-24,0.6179999709129333,
02OH013,2025-08-24,0.09300000220537186,
02OH013,2025-09-24,,
02OH013,2012-07-25,5.690000057220459,
02OH013,2012-08-25,0.5180000066757202,
02OH013,2012-09-25,1.25,
02OH013,2012-10-25,7.21999979019165,
02OH013,2012-11-25,4.739999771118164,
02OH013,2012-12-25,13.399999618530272,
02OH013,2013-01-25,3.9600000381469727,B
02OH013,2013-02-25,2.190000057220459,B
02OH013,2013-03-25,5.650000095367432,
02OH013,2013-04-25,8.3100004196167,
02OH013,2013-05-25,81.80000305175781,
02OH013,2013-06-25,6.940000057220459,
02OH013,2013-07-25,1.6399999856948853,
02OH013,2013-08-25,0.4429999887943268,
02OH013,2013-09-25,4.199999809265137,
02OH013,2013-10-25,3.539999961853028,
02OH013,2013-11-25,7.130000114440918,
02OH013,2013-12-25,3.819999933242798,B
02OH013,2014-01-25,5.269999980926514,B
02OH013,2014-02-25,5.150000095367432,B
02OH013,2014-03-25,2.039999961853028,B
02OH013,2014-04-25,14.100000381469728,
02OH013,2014-05-25,8.449999809265137,
02OH013,2014-06-25,20.399999618530277,
02OH013,2014-07-25,5.389999866485596,
02OH013,2014-08-25,1.840000033378601,
02OH013,2014-09-25,1.1699999570846558,
02OH013,2014-10-25,6.269999980926514,
02OH013,2014-11-25,14.300000190734863,
02OH013,2014-12-25,94.1999969482422,
02OH013,2015-01-25,2.569999933242798,B
02OH013,2015-02-25,0.9919999837875366,B
02OH013,2015-03-25,3.1700000762939453,B
02OH013,2015-04-25,16.5,
02OH013,2015-05-25,1.7599999904632568,
02OH013,2015-06-25,7.989999771118164,
02OH013,2015-07-25,6.289999961853027,
02OH013,2015-08-25,1.2899999618530271,
02OH013,2015-09-25,0.734000027179718,
02OH013,2015-10-25,3.220000028610229,
02OH013,2015-11-25,5.449999809265137,
02OH013,2015-12-25,18.700000762939453,
02OH013,2016-01-25,4.789999961853027,B
02OH013,2016-02-25,85.0999984741211,B
02OH013,2016-03-25,26.5,
02OH013,2016-04-25,7.909999847412109,
02OH013,2016-05-25,1.6200000047683716,
02OH013,2016-06-25,0.6620000004768372,
02OH013,2016-07-25,2.7300000190734863,
02OH013,2016-08-25,1.3700000047683716,
02OH013,2016-09-25,1.5700000524520874,
02OH013,2016-10-25,24.799999237060547,
02OH013,2016-11-25,9.470000267028809,
02OH013,2016-12-25,5.590000152587891,B
02OH013,2017-01-25,12.100000381469728,
02OH013,2017-02-25,63.900001525878906,
02OH013,2017-03-25,3.569999933242798,B
02OH013,2017-04-25,11.5,
02OH013,2017-05-25,3.380000114440918,
02OH013,2017-06-25,26.399999618530277,
02OH013,2017-07-25,7.349999904632568,
02OH013,2017-08-25,7.25,
02OH013,2017-09-25,1.1100000143051147,
02OH013,2017-10-25,1.559999942779541,
02OH013,2017-11-25,7.920000076293945,
02OH013,2017-12-25,3.4800000190734863,B
02OH013,2018-01-25,32.70000076293945,B
02OH013,2018-02-25,30.700000762939453,B
02OH013,2018-03-25,5.599999904632568,B
02OH013,2018-04-25,12.699999809265137,
02OH013,2018-05-25,3.0999999046325684,
02OH013,2018-06-25,1.7200000286102295,
02OH013,2018-07-25,0.5099999904632568,
02OH013,2018-08-25,0.27900001406669617,
02OH013,2018-09-25,0.25,
02OH013,2018-10-25,1.649999976158142,
02OH013,2018-11-25,4.21999979019165,B
02OH013,2018-12-25,21.5,
02OH013,2019-01-25,45.5,B
02OH013,2019-02-25,7.820000171661377,B
02OH013,2019-03-25,26.299999237060547,B
02OH013,2019-04-25,21.100000381469727,
02OH013,2019-05-25,14.699999809265137,
02OH013,2019-06-25,1.7899999618530271,
02OH013,2019-07-25,0.23000000417232516,
02OH013,2019-08-25,0.38100001215934753,
02OH013,2019-09-25,0.6299999952316284,
02OH013,2019-10-25,8.609999656677246,
02OH013,2019-11-25,14.699999809265137,
02OH013,2019-12-25,4.980000019073486,B
02OH013,2020-01-25,4.820000171661377,B
02OH013,2020-02-25,3.1600000858306885,B
02OH013,2020-03-25,13.300000190734863,
02OH013,2020-04-25,4.239999771118164,
02OH013,2020-05-25,1.7000000476837158,
02OH013,2020-06-25,0.4760000109672546,
02OH013,2020-07-25,0.0989999994635582,
02OH013,2020-08-25,0.3580000102519989,
02OH013,2020-09-25,0.18000000715255737,
02OH013,2020-10-25,7.880000114440918,
02OH013,2020-11-25,4.789999961853027,
02OH013,2020-12-25,4.840000152587891,
02OH013,2021-01-25,2.630000114440918,B
02OH013,2021-02-25,2.390000104904175,B
02OH013,2021-03-25,26.200000762939453,
02OH013,2021-04-25,8.260000228881836,
02OH013,2021-05-25,1.440000057220459,
02OH013,2021-06-25,0.7210000157356262,
02OH013,2021-07-25,0.3540000021457672,
02OH013,2021-08-25,0.07999999821186066,
02OH013,2021-09-25,0.5799999833106995,
02OH013,2021-10-25,1.9800000190734863,
02OH013,2021-11-25,5.019999980926514,
02OH013,2021-12-25,4.880000114440918,B
02OH013,2022-01-25,1.7599999904632568,B
02OH013,2022-02-25,28.700000762939453,B
02OH013,2022-03-25,53.5,
02OH013,2022-04-25,11.699999809265137,
02OH013,2022-05-25,6.699999809265137,
02OH013,2022-06-25,12.399999618530272,
02OH013,2022-07-25,1.3799999952316284,
02OH013,2022-08-25,1.4800000190734863,
02OH013,2022-09-25,8.819999694824219,
02OH013,2022-10-25,4.650000095367432,
02OH013,2022-11-25,6.820000171661377,
02OH013,2022-12-25,24.200000762939453,B
02OH013,2023-01-25,5.949999809265137,B
02OH013,2023-02-25,6.739999771118164,B
02OH013,2023-03-25,34.29999923706055,
02OH013,2023-04-25,27.600000381469727,
02OH013,2023-05-25,2.140000104904175,
02OH013,2023-06-25,9.859999656677246,
02OH013,2023-07-25,6.0,
02OH013,2023-08-25,3.25,
02OH013,2023-09-25,2.8399999141693115,
02OH013,2023-10-25,24.299999237060547,
02OH013,2023-11-25,13.0,
02OH013,2023-12-25,12.300000190734863,
02OH013,2024-01-25,4.570000171661377,B
02OH013,2024-02-25,5.840000152587891,B
02OH013,2024-03-25,9.210000038146973,
02OH013,2024-04-25,9.949999809265137,
02OH013,2024-05-25,2.650000095367432,
02OH013,2024-06-25,21.899999618530277,
02OH013,2024-07-25,2.990000009536743,
02OH013,2024-08-25,7.340000152587891,
02OH013,2024-09-25,0.800000011920929,
02OH013,2024-10-25,1.6799999475479126,
02OH013,2024-11-25,2.309999942779541,
02OH013,2024-12-25,3.450000047683716,B
02OH013,2025-01-25,1.9700000286102293,B
02OH013,2025-02-25,1.4800000190734863,B
02OH013,2025-03-25,13.399999618530272,
02OH013,2025-04-25,8.869999885559082,
02OH013,2025-05-25,17.799999237060547,
02OH013,2025-06-25,1.7799999713897705,
02OH013,2025-07-25,0.5059999823570251,
02OH013,2025-08-25,0.1469999998807907,
02OH013,2025-09-25,,
02OH013,2012-07-26,2.7100000381469727,
02OH013,2012-08-26,0.39899998903274536,
02OH013,2012-09-26,1.149999976158142,
02OH013,2012-10-26,6.320000171661377,
02OH013,2012-11-26,3.700000047683716,
02OH013,2012-12-26,10.100000381469728,B
02OH013,2013-01-26,3.869999885559082,B
02OH013,2013-02-26,2.1600000858306885,B
02OH013,2013-03-26,13.300000190734863,
02OH013,2013-04-26,7.28000020980835,
02OH013,2013-05-26,101.0,
02OH013,2013-06-26,8.300000190734863,
02OH013,2013-07-26,1.5,
02OH013,2013-08-26,0.5699999928474426,
02OH013,2013-09-26,3.4800000190734863,
02OH013,2013-10-26,3.450000047683716,
02OH013,2013-11-26,6.579999923706055,
02OH013,2013-12-26,3.4100000858306885,B
02OH013,2014-01-26,4.820000171661377,B
02OH013,2014-02-26,4.21999979019165,B
02OH013,2014-03-26,1.9700000286102293,B
02OH013,2014-04-26,12.800000190734863,
02OH013,2014-05-26,6.320000171661377,
02OH013,2014-06-26,18.100000381469727,
02OH013,2014-07-26,2.799999952316284,
02OH013,2014-08-26,1.6299999952316284,
02OH013,2014-09-26,0.6779999732971191,
02OH013,2014-10-26,5.829999923706055,
02OH013,2014-11-26,9.619999885559082,
02OH013,2014-12-26,93.5999984741211,
02OH013,2015-01-26,2.390000104904175,B
02OH013,2015-02-26,0.984000027179718,B
02OH013,2015-03-26,9.489999771118164,B
02OH013,2015-04-26,13.600000381469728,
02OH013,2015-05-26,2.130000114440918,
02OH013,2015-06-26,5.920000076293945,
02OH013,2015-07-26,5.440000057220459,
02OH013,2015-08-26,1.1200000047683716,
02OH013,2015-09-26,0.6850000023841858,
02OH013,2015-10-26,4.760000228881836,
02OH013,2015-11-26,5.199999809265137,
02OH013,2015-12-26,13.300000190734863,
02OH013,2016-01-26,4.829999923706055,B
02OH013,2016-02-26,39.0,B
02OH013,2016-03-26,30.899999618530277,
02OH013,2016-04-26,6.730000019073486,
02OH013,2016-05-26,1.4500000476837158,
02OH013,2016-06-26,0.5450000166893005,
02OH013,2016-07-26,1.440000057220459,
02OH013,2016-08-26,1.0399999618530271,
02OH013,2016-09-26,1.1799999475479126,
02OH013,2016-10-26,15.300000190734863,
02OH013,2016-11-26,15.699999809265137,
02OH013,2016-12-26,7.090000152587891,B
02OH013,2017-01-26,8.770000457763672,
02OH013,2017-02-26,115.0,
02OH013,2017-03-26,3.7899999618530273,B
02OH013,2017-04-26,13.600000381469728,
02OH013,2017-05-26,3.539999961853028,
02OH013,2017-06-26,16.899999618530273,
02OH013,2017-07-26,5.75,
02OH013,2017-08-26,4.679999828338623,
02OH013,2017-09-26,1.0,
02OH013,2017-10-26,1.7699999809265137,
02OH013,2017-11-26,9.4399995803833,
02OH013,2017-12-26,3.0999999046325684,B
02OH013,2018-01-26,23.5,B
02OH013,2018-02-26,24.700000762939453,B
02OH013,2018-03-26,6.949999809265137,
02OH013,2018-04-26,62.29999923706055,
02OH013,2018-05-26,3.490000009536743,
02OH013,2018-06-26,1.6299999952316284,
02OH013,2018-07-26,1.090000033378601,
02OH013,2018-08-26,0.27300000190734863,
02OH013,2018-09-26,0.6499999761581421,
02OH013,2018-10-26,1.8200000524520876,
02OH013,2018-11-26,22.0,B
02OH013,2018-12-26,16.100000381469727,B
02OH013,2019-01-26,32.79999923706055,B
02OH013,2019-02-26,6.869999885559082,B
02OH013,2019-03-26,20.600000381469727,B
02OH013,2019-04-26,17.899999618530273,
02OH013,2019-05-26,18.799999237060547,
02OH013,2019-06-26,2.440000057220459,
02OH013,2019-07-26,0.19200000166893005,
02OH013,2019-08-26,0.31200000643730164,
02OH013,2019-09-26,0.9769999980926514,
02OH013,2019-10-26,6.820000171661377,
02OH013,2019-11-26,16.399999618530273,
02OH013,2019-12-26,4.71999979019165,B
02OH013,2020-01-26,8.920000076293945,B
02OH013,2020-02-26,3.7200000286102295,B
02OH013,2020-03-26,13.899999618530272,
02OH013,2020-04-26,3.799999952316284,
02OH013,2020-05-26,1.5399999618530271,
02OH013,2020-06-26,0.3880000114440918,
02OH013,2020-07-26,0.09000000357627869,
02OH013,2020-08-26,1.25,
02OH013,2020-09-26,0.2189999967813492,
02OH013,2020-10-26,6.369999885559082,
02OH013,2020-11-26,4.880000114440918,
02OH013,2020-12-26,10.5,
02OH013,2021-01-26,2.380000114440918,B
02OH013,2021-02-26,2.5,B
02OH013,2021-03-26,27.899999618530277,
02OH013,2021-04-26,7.820000171661377,
02OH013,2021-05-26,1.340000033378601,
02OH013,2021-06-26,0.6660000085830688,
02OH013,2021-07-26,0.3610000014305115,
02OH013,2021-08-26,0.06599999964237213,
02OH013,2021-09-26,0.22599999606609344,
02OH013,2021-10-26,2.039999961853028,
02OH013,2021-11-26,6.090000152587891,
02OH013,2021-12-26,5.28000020980835,B
02OH013,2022-01-26,1.7100000381469729,B
02OH013,2022-02-26,22.700000762939453,B
02OH013,2022-03-26,45.400001525878906,
02OH013,2022-04-26,10.699999809265137,
02OH013,2022-05-26,5.21999979019165,
02OH013,2022-06-26,7.130000114440918,
02OH013,2022-07-26,2.470000028610229,
02OH013,2022-08-26,1.1299999952316284,
02OH013,2022-09-26,6.989999771118164,
02OH013,2022-10-26,4.670000076293945,
02OH013,2022-11-26,12.600000381469728,
02OH013,2022-12-26,19.299999237060547,B
02OH013,2023-01-26,5.829999923706055,B
02OH013,2023-02-26,6.230000019073486,B
02OH013,2023-03-26,29.299999237060547,
02OH013,2023-04-26,18.799999237060547,
02OH013,2023-05-26,2.0,
02OH013,2023-06-26,5.199999809265137,
02OH013,2023-07-26,4.670000076293945,
02OH013,2023-08-26,3.4600000381469727,
02OH013,2023-09-26,2.450000047683716,
02OH013,2023-10-26,18.799999237060547,
02OH013,2023-11-26,9.869999885559082,
02OH013,2023-12-26,12.699999809265137,
02OH013,2024-01-26,7.210000038146973,B
02OH013,2024-02-26,3.880000114440918,B
02OH013,2024-03-26,10.800000190734863,
02OH013,2024-04-26,7.449999809265137,
02OH013,2024-05-26,2.240000009536743,
02OH013,2024-06-26,11.600000381469728,
02OH013,2024-07-26,2.490000009536743,
02OH013,2024-08-26,5.380000114440918,
02OH013,2024-09-26,1.649999976158142,
02OH013,2024-10-26,1.6399999856948853,
02OH013,2024-11-26,2.490000009536743,
02OH013,2024-12-26,3.180000066757202,B
02OH013,2025-01-26,1.9600000381469729,B
02OH013,2025-02-26,1.8600000143051147,B
02OH013,2025-03-26,15.100000381469728,
02OH013,2025-04-26,12.899999618530272,
02OH013,2025-05-26,19.5,
02OH013,2025-06-26,1.4900000095367432,
02OH013,2025-07-26,0.4620000123977661,
02OH013,2025-08-26,0.11800000071525574,
02OH013,2025-09-26,,
02OH013,2012-07-27,1.8899999856948853,
02OH013,2012-08-27,0.35199999809265137,
02OH013,2012-09-27,1.850000023841858,
02OH013,2012-10-27,5.610000133514404,
02OH013,2012-11-27,3.309999942779541,
02OH013,2012-12-27,9.479999542236328,B
02OH013,2013-01-27,3.7799999713897705,B
02OH013,2013-02-27,2.619999885559082,B
02OH013,2013-03-27,22.799999237060547,
02OH013,2013-04-27,6.449999809265137,
02OH013,2013-05-27,64.0,
02OH013,2013-06-27,8.34000015258789,
02OH013,2013-07-27,1.3600000143051147,
02OH013,2013-08-27,0.5720000267028809,
02OH013,2013-09-27,3.240000009536743,
02OH013,2013-10-27,7.519999980926514,
02OH013,2013-11-27,23.899999618530277,
02OH013,2013-12-27,3.240000009536743,B
02OH013,2014-01-27,4.429999828338623,B
02OH013,2014-02-27,3.569999933242798,B
02OH013,2014-03-27,1.940000057220459,B
02OH013,2014-04-27,19.799999237060547,
02OH013,2014-05-27,9.449999809265137,
02OH013,2014-06-27,9.390000343322754,
02OH013,2014-07-27,2.25,
02OH013,2014-08-27,1.440000057220459,
02OH013,2014-09-27,0.5839999914169312,
02OH013,2014-10-27,5.179999828338623,
02OH013,2014-11-27,6.809999942779541,
02OH013,2014-12-27,45.0,
02OH013,2015-01-27,2.2300000190734863,B
02OH013,2015-02-27,0.977999985218048,B
02OH013,2015-03-27,21.799999237060547,B
02OH013,2015-04-27,12.5,
02OH013,2015-05-27,2.2799999713897705,
02OH013,2015-06-27,4.670000076293945,
02OH013,2015-07-27,5.480000019073486,
02OH013,2015-08-27,0.9670000076293944,
02OH013,2015-09-27,0.6729999780654907,
02OH013,2015-10-27,3.890000104904175,
02OH013,2015-11-27,5.320000171661377,
02OH013,2015-12-27,20.700000762939453,
02OH013,2016-01-27,5.300000190734863,B
02OH013,2016-02-27,20.299999237060547,B
02OH013,2016-03-27,19.0,
02OH013,2016-04-27,6.019999980926514,
02OH013,2016-05-27,1.3200000524520874,
02OH013,2016-06-27,0.4959999918937683,
02OH013,2016-07-27,1.0299999713897705,
02OH013,2016-08-27,0.8240000009536743,
02OH013,2016-09-27,1.0700000524520874,
02OH013,2016-10-27,11.199999809265137,
02OH013,2016-11-27,20.299999237060547,
02OH013,2016-12-27,27.299999237060547,B
02OH013,2017-01-27,10.0,
02OH013,2017-02-27,58.0,
02OH013,2017-03-27,3.940000057220459,B
02OH013,2017-04-27,14.5,
02OH013,2017-05-27,3.759999990463257,
02OH013,2017-06-27,9.75,
02OH013,2017-07-27,4.579999923706055,
02OH013,2017-08-27,3.450000047683716,
02OH013,2017-09-27,0.878000020980835,
02OH013,2017-10-27,8.960000038146973,
02OH013,2017-11-27,10.5,
02OH013,2017-12-27,2.7799999713897705,B
02OH013,2018-01-27,17.600000381469727,B
02OH013,2018-02-27,24.100000381469727,B
02OH013,2018-03-27,9.670000076293944,
02OH013,2018-04-27,56.0,
02OH013,2018-05-27,5.5,
02OH013,2018-06-27,1.3300000429153442,
02OH013,2018-07-27,1.690000057220459,
02OH013,2018-08-27,0.39399999380111694,
02OH013,2018-09-27,3.130000114440918,
02OH013,2018-10-27,1.6399999856948853,
02OH013,2018-11-27,31.600000381469727,
02OH013,2018-12-27,15.699999809265137,B
02OH013,2019-01-27,24.5,B
02OH013,2019-02-27,6.110000133514404,B
02OH013,2019-03-27,17.399999618530273,B
02OH013,2019-04-27,48.5,
02OH013,2019-05-27,15.199999809265137,
02OH013,2019-06-27,2.299999952316284,
02OH013,2019-07-27,0.17000000178813934,
02OH013,2019-08-27,0.2619999945163727,
02OH013,2019-09-27,1.7999999523162842,
02OH013,2019-10-27,13.800000190734863,
02OH013,2019-11-27,21.899999618530277,
02OH013,2019-12-27,9.220000267028809,B
02OH013,2020-01-27,15.399999618530272,B
02OH013,2020-02-27,4.329999923706055,B
02OH013,2020-03-27,17.200000762939453,
02OH013,2020-04-27,3.619999885559082,
02OH013,2020-05-27,1.4199999570846558,
02OH013,2020-06-27,0.3160000145435333,
02OH013,2020-07-27,0.10599999874830246,
02OH013,2020-08-27,0.7599999904632568,
02OH013,2020-09-27,0.16599999368190765,
02OH013,2020-10-27,11.0,
02OH013,2020-11-27,8.970000267028809,
02OH013,2020-12-27,9.260000228881836,
02OH013,2021-01-27,2.309999942779541,B
02OH013,2021-02-27,3.4200000762939453,B
02OH013,2021-03-27,41.5,
02OH013,2021-04-27,7.0,
02OH013,2021-05-27,1.2000000476837158,
02OH013,2021-06-27,0.7549999952316284,
02OH013,2021-07-27,0.2840000092983246,
02OH013,2021-08-27,0.054999999701976776,
02OH013,2021-09-27,0.16899999976158142,
02OH013,2021-10-27,2.720000028610229,
02OH013,2021-11-27,13.300000190734863,
02OH013,2021-12-27,4.510000228881836,B
02OH013,2022-01-27,1.6699999570846558,B
02OH013,2022-02-27,18.5,B
02OH013,2022-03-27,29.899999618530277,
02OH013,2022-04-27,11.899999618530272,
02OH013,2022-05-27,6.059999942779541,
02OH013,2022-06-27,36.0,
02OH013,2022-07-27,1.7699999809265137,
02OH013,2022-08-27,0.9049999713897704,
02OH013,2022-09-27,7.929999828338623,
02OH013,2022-10-27,5.039999961853027,
02OH013,2022-11-27,11.100000381469728,
02OH013,2022-12-27,16.799999237060547,B
02OH013,2023-01-27,5.739999771118164,B
02OH013,2023-02-27,5.880000114440918,B
02OH013,2023-03-27,28.0,
02OH013,2023-04-27,14.899999618530272,
02OH013,2023-05-27,1.649999976158142,
02OH013,2023-06-27,3.400000095367432,
02OH013,2023-07-27,5.300000190734863,
02OH013,2023-08-27,3.359999895095825,
02OH013,2023-09-27,2.1600000858306885,
02OH013,2023-10-27,16.299999237060547,
02OH013,2023-11-27,41.59999847412109,
02OH013,2023-12-27,14.800000190734863,
02OH013,2024-01-27,16.899999618530273,B
02OH013,2024-02-27,4.570000171661377,B
02OH013,2024-03-27,26.0,
02OH013,2024-04-27,6.21999979019165,
02OH013,2024-05-27,2.049999952316284,
02OH013,2024-06-27,10.100000381469728,
02OH013,2024-07-27,2.130000114440918,
02OH013,2024-08-27,4.269999980926514,
02OH013,2024-09-27,3.950000047683716,
02OH013,2024-10-27,1.5299999713897705,
02OH013,2024-11-27,7.420000076293945,
02OH013,2024-12-27,2.990000009536743,B
02OH013,2025-01-27,1.940000057220459,B
02OH013,2025-02-27,2.299999952316284,B
02OH013,2025-03-27,15.100000381469728,
02OH013,2025-04-27,40.70000076293945,
02OH013,2025-05-27,13.899999618530272,
02OH013,2025-06-27,1.350000023841858,
02OH013,2025-07-27,0.5630000233650208,
02OH013,2025-08-27,0.10000000149011612,
02OH013,2025-09-27,,
02OH013,2012-07-28,1.399999976158142,
02OH013,2012-08-28,0.39899998903274536,
02OH013,2012-09-28,1.940000057220459,
02OH013,2012-10-28,5.110000133514404,
02OH013,2012-11-28,3.0999999046325684,B
02OH013,2012-12-28,8.949999809265137,B
02OH013,2013-01-28,3.700000047683716,B
02OH013,2013-02-28,3.7799999713897705,B
02OH013,2013-03-28,23.299999237060547,
02OH013,2013-04-28,5.849999904632568,
02OH013,2013-05-28,27.0,
02OH013,2013-06-28,6.909999847412109,
02OH013,2013-07-28,1.309999942779541,
02OH013,2013-08-28,0.6150000095367432,
02OH013,2013-09-28,2.900000095367432,
02OH013,2013-10-28,7.670000076293945,
02OH013,2013-11-28,37.29999923706055,
02OH013,2013-12-28,3.0799999237060547,B
02OH013,2014-01-28,4.079999923706055,B
02OH013,2014-02-28,3.1600000858306885,B
02OH013,2014-03-28,2.25,B
02OH013,2014-04-28,17.899999618530273,
02OH013,2014-05-28,22.299999237060547,
02OH013,2014-06-28,6.090000152587891,
02OH013,2014-07-28,4.409999847412109,
02OH013,2014-08-28,0.975000023841858,
02OH013,2014-09-28,0.593999981880188,
02OH013,2014-10-28,3.9700000286102295,
02OH013,2014-11-28,5.630000114440918,
02OH013,2014-12-28,37.59999847412109,
02OH013,2015-01-28,2.0999999046325684,B
02OH013,2015-02-28,0.972000002861023,B
02OH013,2015-03-28,16.799999237060547,B
02OH013,2015-04-28,13.100000381469728,
02OH013,2015-05-28,2.569999933242798,
02OH013,2015-06-28,4.579999923706055,
02OH013,2015-07-28,5.489999771118164,
02OH013,2015-08-28,0.8740000128746033,
02OH013,2015-09-28,0.6679999828338623,
02OH013,2015-10-28,4.070000171661377,
02OH013,2015-11-28,9.859999656677246,
02OH013,2015-12-28,30.200000762939453,
02OH013,2016-01-28,5.510000228881836,B
02OH013,2016-02-28,14.300000190734863,B
02OH013,2016-03-28,31.5,
02OH013,2016-04-28,5.300000190734863,
02OH013,2016-05-28,1.1699999570846558,
02OH013,2016-06-28,0.4410000145435333,
02OH013,2016-07-28,0.7680000066757202,
02OH013,2016-08-28,0.6729999780654907,
02OH013,2016-09-28,1.1100000143051147,
02OH013,2016-10-28,13.5,
02OH013,2016-11-28,14.800000190734863,
02OH013,2016-12-28,27.299999237060547,B
02OH013,2017-01-28,8.529999732971191,
02OH013,2017-02-28,26.799999237060547,
02OH013,2017-03-28,9.3100004196167,B
02OH013,2017-04-28,11.0,
02OH013,2017-05-28,3.119999885559082,
02OH013,2017-06-28,9.079999923706056,
02OH013,2017-07-28,6.099999904632568,
02OH013,2017-08-28,2.8299999237060547,
02OH013,2017-09-28,0.7699999809265137,
02OH013,2017-10-28,7.110000133514404,
02OH013,2017-11-28,7.599999904632568,
02OH013,2017-12-28,2.5199999809265137,B
02OH013,2018-01-28,13.199999809265137,B
02OH013,2018-02-28,25.100000381469727,B
02OH013,2018-03-28,16.799999237060547,
02OH013,2018-04-28,32.5,
02OH013,2018-05-28,4.119999885559082,
02OH013,2018-06-28,1.2799999713897705,
02OH013,2018-07-28,1.2999999523162842,
02OH013,2018-08-28,0.35499998927116394,
02OH013,2018-09-28,1.899999976158142,
02OH013,2018-10-28,3.180000066757202,
02OH013,2018-11-28,24.399999618530277,
02OH013,2018-12-28,25.0,
02OH013,2019-01-28,19.0,B
02OH013,2019-02-28,5.510000228881836,B
02OH013,2019-03-28,17.399999618530273,B
02OH013,2019-04-28,54.0,
02OH013,2019-05-28,10.399999618530272,
02OH013,2019-06-28,1.75,
02OH013,2019-07-28,0.20000000298023224,
02OH013,2019-08-28,0.24699999392032623,
02OH013,2019-09-28,2.119999885559082,
02OH013,2019-10-28,33.599998474121094,
02OH013,2019-11-28,70.19999694824219,
02OH013,2019-12-28,21.700000762939453,B
02OH013,2020-01-28,16.100000381469727,B
02OH013,2020-02-28,11.399999618530272,B
02OH013,2020-03-28,14.899999618530272,
02OH013,2020-04-28,3.569999933242798,
02OH013,2020-05-28,1.2699999809265137,
02OH013,2020-06-28,0.27399998903274536,
02OH013,2020-07-28,0.11100000143051147,
02OH013,2020-08-28,0.4370000064373016,
02OH013,2020-09-28,0.1379999965429306,
02OH013,2020-10-28,9.25,
02OH013,2020-11-28,8.109999656677246,
02OH013,2020-12-28,7.659999847412109,
02OH013,2021-01-28,2.0999999046325684,B
02OH013,2021-02-28,4.710000038146973,B
02OH013,2021-03-28,30.299999237060547,
02OH013,2021-04-28,5.840000152587891,
02OH013,2021-05-28,1.0700000524520874,
02OH013,2021-06-28,0.5740000009536743,
02OH013,2021-07-28,0.2619999945163727,
02OH013,2021-08-28,0.05400000140070915,
02OH013,2021-09-28,0.2119999974966049,
02OH013,2021-10-28,2.299999952316284,
02OH013,2021-11-28,10.0,
02OH013,2021-12-28,3.849999904632568,B
02OH013,2022-01-28,1.6299999952316284,B
02OH013,2022-02-28,15.5,B
02OH013,2022-03-28,23.100000381469727,
02OH013,2022-04-28,17.100000381469727,
02OH013,2022-05-28,62.400001525878906,
02OH013,2022-06-28,28.399999618530277,
02OH013,2022-07-28,1.309999942779541,
02OH013,2022-08-28,0.7239999771118164,
02OH013,2022-09-28,7.739999771118164,
02OH013,2022-10-28,5.159999847412109,
02OH013,2022-11-28,15.899999618530272,
02OH013,2022-12-28,15.399999618530272,B
02OH013,2023-01-28,5.670000076293945,B
02OH013,2023-02-28,5.639999866485596,B
02OH013,2023-03-28,26.100000381469727,
02OH013,2023-04-28,11.600000381469728,
02OH013,2023-05-28,1.4600000381469729,
02OH013,2023-06-28,2.5799999237060547,
02OH013,2023-07-28,10.800000190734863,
02OH013,2023-08-28,3.119999885559082,
02OH013,2023-09-28,2.009999990463257,
02OH013,2023-10-28,13.800000190734863,
02OH013,2023-11-28,42.79999923706055,
02OH013,2023-12-28,20.700000762939453,
02OH013,2024-01-28,12.699999809265137,B
02OH013,2024-02-28,6.539999961853027,B
02OH013,2024-03-28,31.5,
02OH013,2024-04-28,10.800000190734863,
02OH013,2024-05-28,2.640000104904175,
02OH013,2024-06-28,8.869999885559082,
02OH013,2024-07-28,1.850000023841858,
02OH013,2024-08-28,7.070000171661377,
02OH013,2024-09-28,2.559999942779541,
02OH013,2024-10-28,1.4299999475479126,
02OH013,2024-11-28,6.150000095367432,
02OH013,2024-12-28,2.8399999141693115,B
02OH013,2025-01-28,2.25,B
02OH013,2025-02-28,2.819999933242798,B
02OH013,2025-03-28,12.5,
02OH013,2025-04-28,44.59999847412109,
02OH013,2025-05-28,9.649999618530272,
02OH013,2025-06-28,2.8299999237060547,
02OH013,2025-07-28,3.299999952316284,
02OH013,2025-08-28,0.09399999678134918,
02OH013,2025-09-28,,
02OH013,2012-07-29,1.100000023841858,
02OH013,2012-08-29,0.39899998903274536,
02OH013,2012-09-29,1.7000000476837158,
02OH013,2012-10-29,4.619999885559082,
02OH013,2012-11-29,2.970000028610229,B
02OH013,2012-12-29,8.479999542236328,B
02OH013,2013-01-29,3.609999895095825,B
02OH013,2013-03-29,26.5,
02OH013,2013-04-29,5.340000152587891,
02OH013,2013-05-29,15.5,
02OH013,2013-06-29,9.100000381469728,
02OH013,2013-07-29,1.3300000429153442,
02OH013,2013-08-29,0.5600000023841858,
02OH013,2013-09-29,2.6700000762939453,
02OH013,2013-10-29,6.059999942779541,
02OH013,2013-11-29,20.200000762939453,
02OH013,2013-12-29,2.930000066757202,B
02OH013,2014-01-29,3.7699999809265137,B
02OH013,2014-03-29,6.289999961853027,B
02OH013,2014-04-29,13.600000381469728,
02OH013,2014-05-29,13.5,
02OH013,2014-06-29,4.610000133514404,
02OH013,2014-07-29,22.399999618530277,
02OH013,2014-08-29,0.7049999833106995,
02OH013,2014-09-29,0.5960000157356262,
02OH013,2014-10-29,9.5,
02OH013,2014-11-29,4.329999923706055,
02OH013,2014-12-29,19.399999618530277,B
02OH013,2015-01-29,1.9800000190734863,B
02OH013,2015-03-29,14.100000381469728,B
02OH013,2015-04-29,10.600000381469728,
02OH013,2015-05-29,3.7899999618530273,
02OH013,2015-06-29,6.010000228881836,
02OH013,2015-07-29,5.739999771118164,
02OH013,2015-08-29,0.800000011920929,
02OH013,2015-09-29,0.7979999780654907,
02OH013,2015-10-29,29.0,
02OH013,2015-11-29,9.420000076293944,
02OH013,2015-12-29,12.300000190734863,B
02OH013,2016-01-29,5.210000038146973,B
02OH013,2016-02-29,15.899999618530272,B
02OH013,2016-03-29,74.5,
02OH013,2016-04-29,4.78000020980835,
02OH013,2016-05-29,1.0700000524520874,
02OH013,2016-06-29,0.5649999976158142,
02OH013,2016-07-29,0.6200000047683716,
02OH013,2016-08-29,0.8830000162124634,
02OH013,2016-09-29,1.1399999856948853,
02OH013,2016-10-29,20.700000762939453,
02OH013,2016-11-29,12.699999809265137,
02OH013,2016-12-29,17.399999618530273,B
02OH013,2017-01-29,7.400000095367432,
02OH013,2017-03-29,21.0,B
02OH013,2017-04-29,8.529999732971191,
02OH013,2017-05-29,2.609999895095825,
02OH013,2017-06-29,11.600000381469728,
02OH013,2017-07-29,4.050000190734863,
02OH013,2017-08-29,2.319999933242798,
02OH013,2017-09-29,0.7379999756813049,
02OH013,2017-10-29,4.489999771118164,
02OH013,2017-11-29,11.5,
02OH013,2017-12-29,2.299999952316284,B
02OH013,2018-01-29,14.199999809265137,B
02OH013,2018-03-29,27.0,
02OH013,2018-04-29,34.900001525878906,
02OH013,2018-05-29,3.559999942779541,
02OH013,2018-06-29,1.2699999809265137,
02OH013,2018-07-29,0.7379999756813049,
02OH013,2018-08-29,0.3680000007152557,
02OH013,2018-09-29,1.0399999618530271,
02OH013,2018-10-29,5.75,
02OH013,2018-11-29,20.200000762939453,
02OH013,2018-12-29,63.70000076293945,
02OH013,2019-01-29,15.100000381469728,B
02OH013,2019-03-29,33.70000076293945,B
02OH013,2019-04-29,28.600000381469727,
02OH013,2019-05-29,11.100000381469728,
02OH013,2019-06-29,1.5199999809265137,
02OH013,2019-07-29,0.38100001215934753,
02OH013,2019-08-29,0.2409999966621399,
02OH013,2019-09-29,1.830000042915344,
02OH013,2019-10-29,19.299999237060547,
02OH013,2019-11-29,46.79999923706055,
02OH013,2019-12-29,15.399999618530272,
02OH013,2020-01-29,11.600000381469728,B
02OH013,2020-02-29,12.199999809265137,B
02OH013,2020-03-29,17.0,
02OH013,2020-04-29,3.440000057220459,
02OH013,2020-05-29,1.2100000381469729,
02OH013,2020-06-29,0.29100000858306885,
02OH013,2020-07-29,0.11100000143051147,
02OH013,2020-08-29,0.7020000219345093,
02OH013,2020-09-29,0.1860000044107437,
02OH013,2020-10-29,7.070000171661377,
02OH013,2020-11-29,6.949999809265137,
02OH013,2020-12-29,5.619999885559082,B
02OH013,2021-01-29,1.940000057220459,B
02OH013,2021-03-29,23.299999237060547,
02OH013,2021-04-29,6.639999866485596,
02OH013,2021-05-29,0.9670000076293944,
02OH013,2021-06-29,0.5170000195503235,
02OH013,2021-07-29,0.2460000067949295,
02OH013,2021-08-29,0.08500000089406967,
02OH013,2021-09-29,0.20900000631809235,
02OH013,2021-10-29,1.850000023841858,
02OH013,2021-11-29,7.449999809265137,
02OH013,2021-12-29,3.3299999237060547,B
02OH013,2022-01-29,1.600000023841858,B
02OH013,2022-03-29,16.5,
02OH013,2022-04-29,13.300000190734863,
02OH013,2022-05-29,47.400001525878906,
02OH013,2022-06-29,12.100000381469728,
02OH013,2022-07-29,1.2400000095367432,
02OH013,2022-08-29,0.6190000176429749,
02OH013,2022-09-29,6.590000152587891,
02OH013,2022-10-29,4.28000020980835,
02OH013,2022-11-29,14.5,
02OH013,2022-12-29,14.300000190734863,B
02OH013,2023-01-29,6.730000019073486,B
02OH013,2023-03-29,21.200000762939453,
02OH013,2023-04-29,9.300000190734863,
02OH013,2023-05-29,1.190000057220459,
02OH013,2023-06-29,2.1600000858306885,
02OH013,2023-07-29,7.039999961853027,
02OH013,2023-08-29,2.700000047683716,
02OH013,2023-09-29,1.919999957084656,
02OH013,2023-10-29,10.899999618530272,
02OH013,2023-11-29,19.899999618530277,
02OH013,2023-12-29,19.700000762939453,
02OH013,2024-01-29,10.399999618530272,B
02OH013,2024-02-29,14.399999618530272,B
02OH013,2024-03-29,20.0,
02OH013,2024-04-29,16.0,
02OH013,2024-05-29,3.130000114440918,
02OH013,2024-06-29,8.25,
02OH013,2024-07-29,1.6200000047683716,
02OH013,2024-08-29,8.40999984741211,
02OH013,2024-09-29,1.8600000143051147,
02OH013,2024-10-29,1.409999966621399,
02OH013,2024-11-29,9.239999771118164,
02OH013,2024-12-29,3.950000047683716,B
02OH013,2025-01-29,1.940000057220459,B
02OH013,2025-03-29,10.600000381469728,
02OH013,2025-04-29,23.100000381469727,
02OH013,2025-05-29,7.639999866485596,
02OH013,2025-06-29,4.46999979019165,
02OH013,2025-07-29,2.0199999809265137,
02OH013,2025-08-29,0.10999999940395357,
02OH013,2025-09-29,,
02OH013,2012-07-30,0.9120000004768372,
02OH013,2012-08-30,0.36000001430511475,
02OH013,2012-09-30,2.2799999713897705,
02OH013,2012-10-30,4.809999942779541,
02OH013,2012-11-30,2.900000095367432,B
02OH013,2012-12-30,8.050000190734863,B
02OH013,2013-01-30,8.109999656677246,B
02OH013,2013-03-30,27.399999618530277,
02OH013,2013-04-30,4.880000114440918,
02OH013,2013-05-30,12.399999618530272,
02OH013,2013-06-30,6.989999771118164,
02OH013,2013-07-30,1.3200000524520874,
02OH013,2013-08-30,0.47699999809265137,
02OH013,2013-09-30,2.5999999046325684,
02OH013,2013-10-30,4.96999979019165,
02OH013,2013-11-30,15.600000381469728,
02OH013,2013-12-30,2.809999942779541,B
02OH013,2014-01-30,3.5,B
02OH013,2014-03-30,25.399999618530277,B
02OH013,2014-04-30,13.0,
02OH013,2014-05-30,9.039999961853027,
02OH013,2014-06-30,8.65999984741211,
02OH013,2014-07-30,12.100000381469728,
02OH013,2014-08-30,1.0499999523162842,
02OH013,2014-09-30,0.5889999866485596,
02OH013,2014-10-30,7.639999866485596,
02OH013,2014-11-30,4.510000228881836,
02OH013,2014-12-30,11.399999618530272,B
02OH013,2015-01-30,1.870000004768372,B
02OH013,2015-03-30,12.5,B
02OH013,2015-04-30,8.800000190734863,
02OH013,2015-05-30,3.380000114440918,
02OH013,2015-06-30,5.150000095367432,
02OH013,2015-07-30,4.510000228881836,
02OH013,2015-08-30,0.7559999823570251,
02OH013,2015-09-30,9.020000457763672,
02OH013,2015-10-30,21.5,
02OH013,2015-11-30,6.579999923706055,
02OH013,2015-12-30,12.199999809265137,B
02OH013,2016-01-30,4.840000152587891,B
02OH013,2016-03-30,41.400001525878906,
02OH013,2016-04-30,4.449999809265137,
02OH013,2016-05-30,1.399999976158142,
02OH013,2016-06-30,0.7929999828338623,
02OH013,2016-07-30,0.527999997138977,
02OH013,2016-08-30,1.75,
02OH013,2016-09-30,0.9670000076293944,
02OH013,2016-10-30,24.200000762939453,
02OH013,2016-11-30,25.399999618530277,
02OH013,2016-12-30,11.899999618530272,B
02OH013,2017-01-30,6.599999904632568,B
02OH013,2017-03-30,33.5,B
02OH013,2017-04-30,6.789999961853027,
02OH013,2017-05-30,2.5999999046325684,
02OH013,2017-06-30,11.800000190734863,
02OH013,2017-07-30,2.9600000381469727,
02OH013,2017-08-30,1.9800000190734863,
02OH013,2017-09-30,0.6769999861717224,
02OH013,2017-10-30,7.809999942779541,
02OH013,2017-11-30,13.199999809265137,
02OH013,2017-12-30,2.109999895095825,B
02OH013,2018-01-30,11.5,B
02OH013,2018-03-30,76.0,
02OH013,2018-04-30,73.0,
02OH013,2018-05-30,3.0999999046325684,
02OH013,2018-06-30,1.159999966621399,
02OH013,2018-07-30,0.5699999928474426,
02OH013,2018-08-30,0.7200000286102295,
02OH013,2018-09-30,0.6919999718666077,
02OH013,2018-10-30,5.230000019073486,
02OH013,2018-11-30,17.100000381469727,
02OH013,2018-12-30,45.79999923706055,
02OH013,2019-01-30,12.399999618530272,B
02OH013,2019-03-30,44.59999847412109,B
02OH013,2019-04-30,18.600000381469727,
02OH013,2019-05-30,9.0600004196167,
02OH013,2019-06-30,2.009999990463257,
02OH013,2019-07-30,0.35199999809265137,
02OH013,2019-08-30,0.22599999606609344,
02OH013,2019-09-30,2.640000104904175,
02OH013,2019-10-30,12.800000190734863,
02OH013,2019-11-30,22.700000762939453,
02OH013,2019-12-30,11.100000381469728,
02OH013,2020-01-30,8.960000038146973,B
02OH013,2020-03-30,50.0,
02OH013,2020-04-30,3.1700000762939453,
02OH013,2020-05-30,1.2799999713897705,
02OH013,2020-06-30,0.2919999957084656,
02OH013,2020-07-30,0.2430000007152557,
02OH013,2020-08-30,3.220000028610229,
02OH013,2020-09-30,6.300000190734863,
02OH013,2020-10-30,5.840000152587891,
02OH013,2020-11-30,6.099999904632568,
02OH013,2020-12-30,5.53000020980835,B
02OH013,2021-01-30,1.830000042915344,B
02OH013,2021-03-30,17.100000381469727,
02OH013,2021-04-30,21.600000381469727,
02OH013,2021-05-30,0.9010000228881836,
02OH013,2021-06-30,0.4729999899864197,
02OH013,2021-07-30,0.24899999797344208,
02OH013,2021-08-30,0.16300000250339508,
02OH013,2021-09-30,0.17499999701976776,
02OH013,2021-10-30,1.6200000047683716,
02OH013,2021-11-30,5.849999904632568,
02OH013,2021-12-30,2.950000047683716,B
02OH013,2022-01-30,1.5700000524520874,B
02OH013,2022-03-30,13.800000190734863,
02OH013,2022-04-30,10.100000381469728,
02OH013,2022-05-30,20.700000762939453,
02OH013,2022-06-30,15.5,
02OH013,2022-07-30,1.649999976158142,
02OH013,2022-08-30,1.690000057220459,
02OH013,2022-09-30,5.420000076293945,
02OH013,2022-10-30,3.890000104904175,
02OH013,2022-11-30,11.199999809265137,
02OH013,2022-12-30,14.699999809265137,B
02OH013,2023-01-30,6.119999885559082,B
02OH013,2023-03-30,21.899999618530277,
02OH013,2023-04-30,7.949999809265137,
02OH013,2023-05-30,1.0299999713897705,
02OH013,2023-06-30,2.0799999237060547,
02OH013,2023-07-30,6.239999771118164,
02OH013,2023-08-30,9.75,
02OH013,2023-09-30,1.7999999523162842,
02OH013,2023-10-30,15.800000190734863,
02OH013,2023-11-30,14.399999618530272,
02OH013,2023-12-30,23.100000381469727,
02OH013,2024-01-30,8.800000190734863,B
02OH013,2024-03-30,14.300000190734863,
02OH013,2024-04-30,11.5,
02OH013,2024-05-30,2.2799999713897705,
02OH013,2024-06-30,37.09999847412109,
02OH013,2024-07-30,1.4600000381469729,
02OH013,2024-08-30,4.710000038146973,
02OH013,2024-09-30,1.5800000429153442,
02OH013,2024-10-30,1.600000023841858,
02OH013,2024-11-30,7.96999979019165,
02OH013,2024-12-30,22.5,B
02OH013,2025-01-30,1.940000057220459,B
02OH013,2025-03-30,17.100000381469727,
02OH013,2025-04-30,20.899999618530277,
02OH013,2025-05-30,9.119999885559082,
02OH013,2025-06-30,2.880000114440918,
02OH013,2025-07-30,1.0700000524520874,
02OH013,2025-08-30,0.13699999451637268,
02OH013,2025-09-30,,
02OH013,2012-07-31,0.7620000243186951,
02OH013,2012-08-31,0.375,
02OH013,2012-10-31,9.300000190734863,
02OH013,2012-12-31,7.679999828338623,B
02OH013,2013-01-31,22.399999618530277,B
02OH013,2013-03-31,22.399999618530277,
02OH013,2013-05-31,9.81999969482422,
02OH013,2013-07-31,1.2200000286102295,
02OH013,2013-08-31,0.5339999794960022,
02OH013,2013-10-31,4.909999847412109,
02OH013,2013-12-31,2.700000047683716,B
02OH013,2014-01-31,3.25,B
02OH013,2014-03-31,44.79999923706055,B
02OH013,2014-05-31,9.760000228881836,
02OH013,2014-07-31,5.849999904632568,
02OH013,2014-08-31,1.4600000381469729,
02OH013,2014-10-31,5.070000171661377,
02OH013,2014-12-31,8.300000190734863,B
02OH013,2015-01-31,1.7799999713897705,B
02OH013,2015-03-31,11.399999618530272,B
02OH013,2015-05-31,16.799999237060547,
02OH013,2015-07-31,12.800000190734863,
02OH013,2015-08-31,0.7080000042915344,
02OH013,2015-10-31,11.100000381469728,
02OH013,2015-12-31,11.199999809265137,B
02OH013,2016-01-31,4.789999961853027,B
02OH013,2016-03-31,28.600000381469727,
02OH013,2016-05-31,1.6399999856948853,
02OH013,2016-07-31,0.4869999885559082,
02OH013,2016-08-31,1.5299999713897705,
02OH013,2016-10-31,15.300000190734863,
02OH013,2016-12-31,8.9399995803833,B
02OH013,2017-01-31,5.300000190734863,B
02OH013,2017-03-31,31.600000381469727,
02OH013,2017-05-31,2.789999961853028,
02OH013,2017-07-31,2.440000057220459,
02OH013,2017-08-31,1.7599999904632568,
02OH013,2017-10-31,11.199999809265137,
02OH013,2017-12-31,1.950000047683716,B
02OH013,2018-01-31,9.59000015258789,B
02OH013,2018-03-31,59.79999923706055,
02OH013,2018-05-31,2.450000047683716,
02OH013,2018-07-31,0.382999986410141,
02OH013,2018-08-31,0.5429999828338623,
02OH013,2018-10-31,4.260000228881836,
02OH013,2018-12-31,25.399999618530277,
02OH013,2019-01-31,10.5,B
02OH013,2019-03-31,52.900001525878906,B
02OH013,2019-05-31,7.099999904632568,
02OH013,2019-07-31,0.944000005722046,
02OH013,2019-08-31,0.22200000286102292,
02OH013,2019-10-31,21.399999618530277,
02OH013,2019-12-31,9.850000381469728,
02OH013,2020-01-31,7.369999885559082,B
02OH013,2020-03-31,37.0,
02OH013,2020-05-31,1.870000004768372,
02OH013,2020-07-31,0.25600001215934753,
02OH013,2020-08-31,3.190000057220459,
02OH013,2020-10-31,4.570000171661377,
02OH013,2020-12-31,5.550000190734863,B
02OH013,2021-01-31,1.7400000095367432,B
02OH013,2021-03-31,13.600000381469728,
02OH013,2021-05-31,0.9089999794960022,
02OH013,2021-07-31,0.2240000069141388,
02OH013,2021-08-31,0.16500000655651093,
02OH013,2021-10-31,14.399999618530272,
02OH013,2021-12-31,2.690000057220459,B
02OH013,2022-01-31,1.5499999523162842,B
02OH013,2022-03-31,16.399999618530273,
02OH013,2022-05-31,12.199999809265137,
02OH013,2022-07-31,1.1799999475479126,
02OH013,2022-08-31,10.699999809265137,
02OH013,2022-10-31,3.660000085830689,
02OH013,2022-12-31,34.70000076293945,B
02OH013,2023-01-31,5.690000057220459,B
02OH013,2023-03-31,16.100000381469727,
02OH013,2023-05-31,1.0099999904632568,
02OH013,2023-07-31,5.389999866485596,
02OH013,2023-08-31,18.5,
02OH013,2023-10-31,22.399999618530277,
02OH013,2023-12-31,16.799999237060547,
02OH013,2024-01-31,7.610000133514404,B
02OH013,2024-03-31,11.199999809265137,
02OH013,2024-05-31,1.840000033378601,
02OH013,2024-07-31,1.3600000143051147,
02OH013,2024-08-31,3.569999933242798,
02OH013,2024-10-31,2.190000057220459,
02OH013,2024-12-31,36.79999923706055,B
02OH013,2025-01-31,1.940000057220459,B
02OH013,2025-03-31,54.59999847412109,
02OH013,2025-05-31,9.350000381469728,
02OH013,2025-07-31,0.7360000014305115,
02OH013,2025-08-31,0.18000000715255737,
