STATION_NUMBER,date,flow_cms,quality_symbol
03BF001,1975-05-01,,
03BF001,1975-06-01,120.0,
03BF001,1975-07-01,88.5999984741211,
03BF001,1975-08-01,131.0,
03BF001,1975-09-01,57.5,
03BF001,1975-10-01,59.5,
03BF001,1975-11-01,110.0,
03BF001,1975-12-01,86.4000015258789,
03BF001,1976-01-01,26.299999237060547,E
03BF001,1976-02-01,15.100000381469728,E
03BF001,1976-03-01,10.5,E
03BF001,1976-04-01,18.899999618530277,
03BF001,1976-05-01,453.0,
03BF001,1976-06-01,131.0,
03BF001,1976-07-01,62.59999847412109,
03BF001,1976-08-01,123.0,
03BF001,1976-09-01,39.59999847412109,
03BF001,1976-10-01,98.5,
03BF001,1976-11-01,73.5999984741211,
03BF001,1976-12-01,34.5,
03BF001,1977-01-01,21.399999618530277,E
03BF001,1977-02-01,16.399999618530273,E
03BF001,1977-03-01,15.199999809265137,E
03BF001,1977-04-01,39.59999847412109,E
03BF001,1977-05-01,234.0,E
03BF001,1977-06-01,52.400001525878906,E
03BF001,1977-07-01,68.80000305175781,
03BF001,1977-08-01,45.59999847412109,
03BF001,1977-09-01,292.0,
03BF001,1977-10-01,72.5999984741211,
03BF001,1977-11-01,143.0,
03BF001,1977-12-01,64.0,E
03BF001,1978-01-01,19.799999237060547,E
03BF001,1978-02-01,10.800000190734863,E
03BF001,1978-03-01,7.900000095367432,E
03BF001,1978-04-01,7.099999904632568,E
03BF001,1978-05-01,70.0,E
03BF001,1978-06-01,239.0,E
03BF001,1978-07-01,129.0,
03BF001,1978-08-01,91.5999984741211,
03BF001,1978-09-01,132.0,
03BF001,1978-10-01,93.9000015258789,
03BF001,1978-11-01,138.0,
03BF001,1978-12-01,72.80000305175781,
03BF001,1979-01-01,36.0,E
03BF001,1979-02-01,20.0,E
03BF001,1979-03-01,14.5,E
03BF001,1979-04-01,16.700000762939453,E
03BF001,1979-05-01,390.0,E
03BF001,1979-06-01,210.0,
03BF001,1979-07-01,114.0,
03BF001,1979-08-01,100.0,
03BF001,1979-09-01,139.0,
03BF001,1979-10-01,171.0,
03BF001,1979-11-01,183.0,
03BF001,1979-12-01,131.0,
03BF001,1980-01-01,43.900001525878906,E
03BF001,1980-02-01,23.299999237060547,E
03BF001,1980-03-01,16.5,E
03BF001,1980-04-01,13.899999618530272,E
03BF001,1980-05-01,440.0,E
03BF001,1980-06-01,77.80000305175781,E
03BF001,1980-07-01,100.0,
03BF001,1980-08-01,85.30000305175781,
03BF001,1980-09-01,16.200000762939453,
03BF001,1980-10-01,109.0,
03BF001,1980-11-01,117.0,
03BF001,1980-12-01,39.20000076293945,E
03BF001,1981-01-01,21.5,E
03BF001,1981-02-01,16.200000762939453,E
03BF001,1981-03-01,34.5,E
03BF001,1981-04-01,32.099998474121094,E
03BF001,1981-05-01,259.0,
03BF001,1981-06-01,194.0,
03BF001,1981-07-01,92.8000030517578,
03BF001,1981-08-01,25.799999237060547,
03BF001,1981-09-01,17.600000381469727,
03BF001,1981-10-01,128.0,
03BF001,1981-11-01,91.9000015258789,
03BF001,1981-12-01,47.59999847412109,
03BF001,1982-01-01,22.100000381469727,E
03BF001,1982-02-01,13.300000190734863,E
03BF001,1982-03-01,10.100000381469728,E
03BF001,1982-04-01,11.199999809265137,E
03BF001,1982-05-01,113.0,
03BF001,1982-06-01,112.0,
03BF001,1982-07-01,93.6999969482422,
03BF001,1982-08-01,131.0,
03BF001,1982-09-01,186.0,
03BF001,1982-10-01,95.8000030517578,
03BF001,1982-11-01,125.0,
03BF001,1982-12-01,87.5,E
03BF001,1983-01-01,40.0,E
03BF001,1983-02-01,20.0,E
03BF001,1983-03-01,15.699999809265137,E
03BF001,1983-04-01,13.899999618530272,E
03BF001,1983-05-01,363.0,
03BF001,1983-06-01,261.0,
03BF001,1983-07-01,64.80000305175781,
03BF001,1983-08-01,32.400001525878906,
03BF001,1983-09-01,32.400001525878906,
03BF001,1983-10-01,119.0,
03BF001,1983-11-01,89.4000015258789,
03BF001,1983-12-01,54.0,E
03BF001,1984-01-01,27.0,E
03BF001,1984-02-01,22.100000381469727,E
03BF001,1984-03-01,20.899999618530277,E
03BF001,1984-04-01,18.5,
03BF001,1984-05-01,317.0,E
03BF001,1984-06-01,109.0,
03BF001,1984-07-01,180.0,
03BF001,1984-08-01,75.0,
03BF001,1984-09-01,41.79999923706055,
03BF001,1984-10-01,209.0,
03BF001,1984-11-01,93.6999969482422,
03BF001,1984-12-01,164.0,
03BF001,1985-01-01,109.0,
03BF001,1985-02-01,44.70000076293945,
03BF001,1985-03-01,25.700000762939453,E
03BF001,1985-04-01,20.100000381469727,E
03BF001,1985-05-01,513.0,
03BF001,1985-06-01,160.0,E
03BF001,1985-07-01,94.0999984741211,
03BF001,1985-08-01,138.0,
03BF001,1985-09-01,80.9000015258789,
03BF001,1985-10-01,138.0,
03BF001,1985-11-01,148.0,
03BF001,1985-12-01,67.0,E
03BF001,1986-01-01,35.400001525878906,E
03BF001,1986-02-01,25.299999237060547,E
03BF001,1986-03-01,21.299999237060547,E
03BF001,1986-04-01,20.100000381469727,E
03BF001,1986-05-01,817.0,
03BF001,1986-06-01,308.0,E
03BF001,1986-07-01,124.0,
03BF001,1986-08-01,66.4000015258789,
03BF001,1986-09-01,127.0,
03BF001,1986-10-01,156.0,
03BF001,1986-11-01,78.0,
03BF001,1986-12-01,43.70000076293945,E
03BF001,1987-01-01,25.799999237060547,E
03BF001,1987-02-01,16.700000762939453,E
03BF001,1987-03-01,12.199999809265137,E
03BF001,1987-04-01,11.0,E
03BF001,1987-05-01,200.0,
03BF001,1987-06-01,90.0,E
03BF001,1987-07-01,80.80000305175781,
03BF001,1987-08-01,54.29999923706055,
03BF001,1987-09-01,162.0,
03BF001,1987-10-01,141.0,
03BF001,1987-11-01,119.0,
03BF001,1987-12-01,124.0,
03BF001,1988-01-01,50.79999923706055,
03BF001,1988-02-01,26.799999237060547,E
03BF001,1988-03-01,17.700000762939453,E
03BF001,1988-04-01,16.100000381469727,E
03BF001,1988-05-01,279.0,
03BF001,1988-06-01,142.0,
03BF001,1988-07-01,201.0,
03BF001,1988-08-01,22.299999237060547,
03BF001,1988-09-01,36.20000076293945,
03BF001,1988-10-01,179.0,
03BF001,1988-11-01,96.1999969482422,
03BF001,1988-12-01,105.0,
03BF001,1989-01-01,40.400001525878906,E
03BF001,1989-02-01,19.100000381469727,E
03BF001,1989-03-01,11.0,E
03BF001,1989-04-01,7.840000152587891,E
03BF001,1989-05-01,11.5,E
03BF001,1989-06-01,332.0,
03BF001,1989-07-01,92.0,
03BF001,1989-08-01,38.79999923706055,
03BF001,1989-09-01,20.399999618530277,
03BF001,1989-10-01,152.0,
03BF001,1989-11-01,154.0,
03BF001,1989-12-01,68.5999984741211,E
03BF001,1990-01-01,32.29999923706055,E
03BF001,1990-02-01,20.399999618530277,
03BF001,1990-03-01,15.0,E
03BF001,1990-04-01,12.0,E
03BF001,1990-05-01,781.0,
03BF001,1990-06-01,106.0,
03BF001,1990-07-01,83.0999984741211,
03BF001,1990-08-01,60.400001525878906,
03BF001,1990-09-01,52.70000076293945,
03BF001,1990-10-01,153.0,
03BF001,1990-11-01,169.0,
03BF001,1990-12-01,98.6999969482422,E
03BF001,1991-01-01,47.0,E
03BF001,1991-02-01,26.100000381469727,
03BF001,1991-03-01,17.200000762939453,E
03BF001,1991-04-01,17.299999237060547,E
03BF001,1991-05-01,433.0,
03BF001,1991-06-01,208.0,
03BF001,1991-07-01,91.0,
03BF001,1991-08-01,81.4000015258789,
03BF001,1991-09-01,50.29999923706055,
03BF001,1991-10-01,216.0,
03BF001,1991-11-01,224.0,
03BF001,1991-12-01,67.9000015258789,E
03BF001,1992-01-01,34.0,E
03BF001,1992-02-01,20.100000381469727,E
03BF001,1992-03-01,13.300000190734863,
03BF001,1992-04-01,9.8100004196167,
03BF001,1992-05-01,271.0,
03BF001,1992-06-01,134.0,
03BF001,1992-07-01,42.79999923706055,
03BF001,1992-08-01,59.900001525878906,
03BF001,1992-09-01,140.0,
03BF001,1992-10-01,154.0,
03BF001,1992-11-01,142.0,
03BF001,1992-12-01,71.5,E
03BF001,1993-01-01,39.0,E
03BF001,1993-02-01,22.799999237060547,
03BF001,1993-03-01,15.300000190734863,E
03BF001,1993-04-01,11.699999809265137,
03BF001,1993-05-01,319.0,
03BF001,1993-06-01,210.0,
03BF001,1993-07-01,80.4000015258789,
03BF001,1993-08-01,110.0,
03BF001,1993-09-01,110.0,
03BF001,1993-10-01,154.0,
03BF001,1993-11-01,116.0,
03BF001,1993-12-01,42.09999847412109,E
03BF001,1994-01-01,22.799999237060547,E
03BF001,1994-02-01,14.199999809265137,
03BF001,1994-03-01,10.800000190734863,
03BF001,1994-04-01,9.859999656677246,
03BF001,1994-05-01,62.59999847412109,
03BF001,1994-06-01,135.0,
03BF001,1994-07-01,91.0999984741211,
03BF001,1994-08-01,168.0,
03BF001,1994-09-01,415.0,
03BF001,1994-10-01,192.0,
03BF001,1994-11-01,132.0,
03BF001,1994-12-01,105.0,E
03BF001,1995-01-01,44.5,E
03BF001,1995-02-01,26.5,
03BF001,1995-03-01,21.399999618530277,E
03BF001,1995-04-01,19.799999237060547,
03BF001,1995-05-01,230.0,
03BF001,1995-06-01,144.0,
03BF001,1995-07-01,58.400001525878906,
03BF001,1995-08-01,82.9000015258789,
03BF001,1995-09-01,65.5999984741211,
03BF001,1995-10-01,138.0,
03BF001,1995-11-01,229.0,
03BF001,1995-12-01,74.9000015258789,E
03BF001,1996-01-01,38.0,E
03BF001,1996-02-01,24.100000381469727,E
03BF001,1996-03-01,20.200000762939453,E
03BF001,1996-04-01,18.299999237060547,E
03BF001,1996-05-01,149.0,
03BF001,1996-06-01,268.0,
03BF001,1996-07-01,98.4000015258789,
03BF001,1996-08-01,51.79999923706055,
03BF001,1996-09-01,132.0,
03BF001,1996-10-01,48.70000076293945,
03BF001,1996-11-01,142.0,
03BF001,1996-12-01,79.30000305175781,
03BF001,1997-01-01,42.70000076293945,E
03BF001,1997-02-01,22.799999237060547,
03BF001,1997-03-01,15.600000381469728,E
03BF001,1997-04-01,14.0,
03BF001,1997-05-01,559.0,
03BF001,1997-06-01,164.0,
03BF001,1997-07-01,59.70000076293945,
03BF001,1997-08-01,33.0,
03BF001,1998-04-01,,
03BF001,1998-05-01,140.0,
03BF001,1998-06-01,80.4000015258789,
03BF001,1998-07-01,41.70000076293945,
03BF001,1998-08-01,223.0,
03BF001,1998-09-01,128.0,
03BF001,1998-10-01,118.0,
03BF001,1998-11-01,165.0,
03BF001,1998-12-01,65.80000305175781,
03BF001,1999-01-01,41.20000076293945,
03BF001,1999-02-01,29.299999237060547,
03BF001,1999-03-01,23.700000762939453,
03BF001,1999-04-01,21.700000762939453,
03BF001,1999-05-01,301.0,
03BF001,1999-06-01,189.0,
03BF001,1999-07-01,221.0,
03BF001,1999-08-01,217.0,
03BF001,1999-09-01,65.4000015258789,
03BF001,1999-10-01,158.0,
03BF001,1999-11-01,145.0,
03BF001,1999-12-01,161.0,
03BF001,2000-01-01,41.70000076293945,
03BF001,2000-02-01,26.600000381469727,
03BF001,2000-03-01,24.799999237060547,B
03BF001,2000-04-01,103.0,
03BF001,2000-05-01,327.0,
03BF001,2000-06-01,137.0,
03BF001,2000-07-01,189.0,
03BF001,2000-08-01,37.20000076293945,
03BF001,2000-09-01,72.0999984741211,
03BF001,2000-10-01,187.0,
03BF001,2000-11-01,125.0,
03BF001,2000-12-01,48.70000076293945,
03BF001,2001-01-01,26.899999618530277,
03BF001,2001-02-01,18.600000381469727,
03BF001,2001-03-01,15.300000190734863,
03BF001,2001-04-01,13.300000190734863,
03BF001,2001-05-01,479.0,
03BF001,2001-06-01,65.5,
03BF001,2001-07-01,54.0,
03BF001,2001-08-01,25.600000381469727,
03BF001,2001-09-01,65.4000015258789,
03BF001,2001-10-01,51.5,
03BF001,2001-11-01,129.0,
03BF001,2001-12-01,268.0,
03BF001,2002-01-01,49.79999923706055,
03BF001,2002-02-01,24.399999618530277,
03BF001,2002-03-01,17.299999237060547,
03BF001,2002-04-01,14.800000190734863,
03BF001,2002-05-01,345.0,
03BF001,2002-06-01,211.0,
03BF001,2002-07-01,45.79999923706055,
03BF001,2002-08-01,149.0,
03BF001,2002-09-01,65.30000305175781,
03BF001,2002-10-01,122.0,
03BF001,2002-11-01,134.0,
03BF001,2002-12-01,49.400001525878906,
03BF001,2003-01-01,25.5,
03BF001,2003-02-01,17.299999237060547,
03BF001,2003-03-01,13.699999809265137,
03BF001,2003-04-01,13.199999809265137,
03BF001,2003-05-01,121.0,
03BF001,2003-06-01,100.0,
03BF001,2003-07-01,102.0,
03BF001,2003-08-01,44.79999923706055,
03BF001,2003-09-01,129.0,
03BF001,2003-10-01,126.0,
03BF001,2003-11-01,78.30000305175781,
03BF001,2003-12-01,170.0,
03BF001,2004-01-01,48.5,
03BF001,2004-02-01,24.899999618530277,
03BF001,2004-03-01,18.600000381469727,
03BF001,2004-04-01,17.100000381469727,
03BF001,2004-05-01,51.09999847412109,
03BF001,2005-04-01,,
03BF001,2005-05-01,660.0,
03BF001,2005-06-01,86.30000305175781,
03BF001,2005-07-01,190.0,
03BF001,2005-08-01,69.69999694824219,
03BF001,2005-09-01,56.5,
03BF001,2005-10-01,293.0,
03BF001,2005-11-01,147.0,
03BF001,2006-04-01,,
03BF001,2006-05-01,302.0,
03BF001,2006-06-01,81.69999694824219,
03BF001,2006-07-01,53.900001525878906,
03BF001,2006-08-01,62.29999923706055,
03BF001,2006-09-01,59.59999847412109,
03BF001,2006-10-01,81.30000305175781,
03BF001,2006-11-01,109.0,
03BF001,2008-07-01,,
03BF001,2008-08-01,94.6999969482422,
03BF001,2008-09-01,77.19999694824219,
03BF001,2008-10-01,62.400001525878906,
03BF001,2008-11-01,134.0,
03BF001,2008-12-01,71.0999984741211,
03BF001,2009-01-01,39.400001525878906,
03BF001,2009-02-01,26.700000762939453,
03BF001,2009-03-01,21.600000381469727,
03BF001,2009-04-01,21.600000381469727,
03BF001,2009-05-01,422.0,
03BF001,2009-06-01,206.0,
03BF001,2009-07-01,50.59999847412109,
03BF001,2009-08-01,37.59999847412109,
03BF001,2009-09-01,96.1999969482422,
03BF001,2009-10-01,135.0,
03BF001,2009-11-01,106.0,
03BF001,2009-12-01,79.69999694824219,
03BF001,2010-01-01,33.70000076293945,
03BF001,2010-02-01,23.200000762939453,
03BF001,2010-03-01,18.5,
03BF001,2010-04-01,16.0,
03BF001,2010-05-01,83.5999984741211,
03BF001,2010-06-01,42.900001525878906,
03BF001,2010-07-01,24.600000381469727,
03BF001,2010-08-01,165.0,
03BF001,2010-09-01,71.0999984741211,
03BF001,2010-10-01,61.400001525878906,
03BF001,2010-11-01,85.0,
03BF001,2010-12-01,76.5,
03BF001,2011-01-01,50.0,
03BF001,2011-02-01,28.799999237060547,
03BF001,2011-03-01,17.799999237060547,
03BF001,2011-04-01,14.699999809265137,
03BF001,2011-07-01,,
03BF001,2011-08-01,40.20000076293945,
03BF001,2011-09-01,45.29999923706055,
03BF001,2011-10-01,75.5999984741211,
03BF001,2011-11-01,132.0,
03BF001,2011-12-01,81.0,
03BF001,2012-01-01,39.0,
03BF001,2012-02-01,26.799999237060547,
03BF001,2012-03-01,19.200000762939453,
03BF001,2012-04-01,176.0,
03BF001,2012-05-01,146.0,
03BF001,2012-06-01,186.0,
03BF001,2012-07-01,65.80000305175781,
03BF001,2012-08-01,63.29999923706055,
03BF001,2012-09-01,143.0,
03BF001,2012-10-01,194.0,
03BF001,2012-11-01,175.0,
03BF001,2012-12-01,96.3000030517578,B
03BF001,2013-01-01,48.400001525878906,B
03BF001,2013-02-01,27.5,B
03BF001,2013-03-01,19.399999618530277,B
03BF001,2013-04-01,17.600000381469727,B
03BF001,2013-05-01,881.0,B
03BF001,2013-10-01,,
03BF001,2013-11-01,149.0,
03BF001,2013-12-01,115.0,B
03BF001,2014-01-01,37.59999847412109,B
03BF001,2014-02-01,19.299999237060547,B
03BF001,2014-03-01,12.800000190734863,B
03BF001,2014-04-01,9.630000114440918,B
03BF001,2014-05-01,33.29999923706055,B
03BF001,2014-06-01,170.0,
03BF001,2014-07-01,69.5999984741211,
03BF001,2014-08-01,187.0,
03BF001,2014-09-01,76.9000015258789,
03BF001,2014-10-01,95.8000030517578,
03BF001,2014-11-01,256.0,
03BF001,2014-12-01,85.30000305175781,B
03BF001,2015-01-01,36.79999923706055,B
03BF001,2015-02-01,21.5,B
03BF001,2015-03-01,16.200000762939453,B
03BF001,2015-04-01,14.0,B
03BF001,2015-05-01,1040.0,B
03BF001,2015-06-01,315.0,
03BF001,2015-07-01,83.4000015258789,
03BF001,2015-08-01,157.0,
03BF001,2015-09-01,103.0,
03BF001,2015-10-01,113.0,
03BF001,2015-11-01,186.0,
03BF001,2015-12-01,88.80000305175781,B
03BF001,2016-01-01,58.29999923706055,B
03BF001,2016-02-01,32.70000076293945,B
03BF001,2016-03-01,22.899999618530277,B
03BF001,2016-04-01,18.700000762939453,B
03BF001,2016-05-01,68.69999694824219,B
03BF001,2016-06-01,188.0,
03BF001,2016-07-01,126.0,
03BF001,2016-08-01,84.0,
03BF001,2016-09-01,140.0,
03BF001,2016-10-01,145.0,
03BF001,2016-11-01,150.0,
03BF001,2017-05-01,,
03BF001,2017-06-01,160.0,
03BF001,2017-07-01,88.30000305175781,
03BF001,2017-08-01,33.099998474121094,
03BF001,2017-09-01,92.9000015258789,
03BF001,2017-10-01,106.0,
03BF001,2017-11-01,371.0,
03BF001,2018-05-01,,
03BF001,2018-06-01,356.0,
03BF001,2018-07-01,58.29999923706055,
03BF001,2019-08-01,,
03BF001,2019-09-01,43.900001525878906,
03BF001,2019-10-01,155.0,
03BF001,2019-11-01,118.0,
03BF001,2020-05-01,,
03BF001,2020-06-01,457.0,
03BF001,2020-07-01,117.0,
03BF001,2020-08-01,171.0,
03BF001,2020-09-01,125.0,
03BF001,2020-10-01,445.0,
03BF001,2020-11-01,125.0,
03BF001,2021-04-01,,
03BF001,2021-05-01,172.0,
03BF001,2021-06-01,163.0,
03BF001,2021-07-01,141.0,
03BF001,2021-08-01,80.4000015258789,
03BF001,2021-09-01,89.69999694824219,
03BF001,2021-10-01,227.0,
03BF001,2021-11-01,104.0,
03BF001,2022-05-01,,
03BF001,2022-06-01,138.0,
03BF001,2022-07-01,81.5,
03BF001,2022-08-01,201.0,
03BF001,2022-09-01,36.5,
03BF001,2022-10-01,35.400001525878906,
03BF001,2022-11-01,89.0999984741211,
03BF001,2023-05-01,,
03BF001,2023-06-01,52.70000076293945,
03BF001,2023-07-01,13.399999618530272,
03BF001,1975-05-02,,
03BF001,1975-06-02,132.0,
03BF001,1975-07-02,81.30000305175781,
03BF001,1975-08-02,113.0,
03BF001,1975-09-02,53.0,
03BF001,1975-10-02,54.400001525878906,
03BF001,1975-11-02,106.0,
03BF001,1975-12-02,79.5999984741211,
03BF001,1976-01-02,25.5,E
03BF001,1976-02-02,15.0,E
03BF001,1976-03-02,10.5,E
03BF001,1976-04-02,20.799999237060547,
03BF001,1976-05-02,442.0,
03BF001,1976-06-02,118.0,
03BF001,1976-07-02,56.59999847412109,
03BF001,1976-08-02,136.0,
03BF001,1976-09-02,43.0,
03BF001,1976-10-02,112.0,
03BF001,1976-11-02,72.19999694824219,
03BF001,1976-12-02,34.0,
03BF001,1977-01-02,21.100000381469727,E
03BF001,1977-02-02,16.299999237060547,E
03BF001,1977-03-02,15.199999809265137,E
03BF001,1977-04-02,51.0,E
03BF001,1977-05-02,221.0,E
03BF001,1977-06-02,48.70000076293945,E
03BF001,1977-07-02,93.1999969482422,
03BF001,1977-08-02,45.900001525878906,
03BF001,1977-09-02,283.0,
03BF001,1977-10-02,68.5999984741211,
03BF001,1977-11-02,132.0,
03BF001,1977-12-02,64.0,E
03BF001,1978-01-02,19.200000762939453,E
03BF001,1978-02-02,10.699999809265137,E
03BF001,1978-03-02,7.880000114440918,E
03BF001,1978-04-02,7.130000114440918,E
03BF001,1978-05-02,154.0,E
03BF001,1978-06-02,233.0,E
03BF001,1978-07-02,117.0,
03BF001,1978-08-02,85.69999694824219,
03BF001,1978-09-02,123.0,
03BF001,1978-10-02,88.5,
03BF001,1978-11-02,145.0,
03BF001,1978-12-02,74.5,
03BF001,1979-01-02,35.0,E
03BF001,1979-02-02,19.799999237060547,E
03BF001,1979-03-02,14.399999618530272,E
03BF001,1979-04-02,16.0,E
03BF001,1979-05-02,366.0,
03BF001,1979-06-02,197.0,
03BF001,1979-07-02,105.0,
03BF001,1979-08-02,101.0,
03BF001,1979-09-02,172.0,
03BF001,1979-10-02,164.0,
03BF001,1979-11-02,184.0,
03BF001,1979-12-02,136.0,
03BF001,1980-01-02,42.59999847412109,E
03BF001,1980-02-02,23.0,E
03BF001,1980-03-02,16.399999618530273,E
03BF001,1980-04-02,13.899999618530272,E
03BF001,1980-05-02,517.0,E
03BF001,1980-06-02,70.0,E
03BF001,1980-07-02,95.3000030517578,
03BF001,1980-08-02,94.0999984741211,
03BF001,1980-09-02,15.199999809265137,
03BF001,1980-10-02,139.0,
03BF001,1980-11-02,111.0,
03BF001,1980-12-02,38.20000076293945,E
03BF001,1981-01-02,21.399999618530277,E
03BF001,1981-02-02,16.100000381469727,E
03BF001,1981-03-02,35.70000076293945,E
03BF001,1981-04-02,32.599998474121094,E
03BF001,1981-05-02,270.0,
03BF001,1981-06-02,182.0,
03BF001,1981-07-02,115.0,
03BF001,1981-08-02,23.799999237060547,
03BF001,1981-09-02,21.899999618530277,
03BF001,1981-10-02,126.0,
03BF001,1981-11-02,92.5999984741211,
03BF001,1981-12-02,43.79999923706055,
03BF001,1982-01-02,21.700000762939453,E
03BF001,1982-02-02,13.199999809265137,E
03BF001,1982-03-02,10.0,E
03BF001,1982-04-02,12.100000381469728,E
03BF001,1982-05-02,189.0,
03BF001,1982-06-02,137.0,
03BF001,1982-07-02,90.0,
03BF001,1982-08-02,129.0,
03BF001,1982-09-02,190.0,
03BF001,1982-10-02,116.0,
03BF001,1982-11-02,122.0,
03BF001,1982-12-02,90.0,E
03BF001,1983-01-02,39.0,E
03BF001,1983-02-02,19.899999618530277,E
03BF001,1983-03-02,15.600000381469728,E
03BF001,1983-04-02,13.899999618530272,E
03BF001,1983-05-02,398.0,
03BF001,1983-06-02,243.0,
03BF001,1983-07-02,69.19999694824219,
03BF001,1983-08-02,33.400001525878906,
03BF001,1983-09-02,30.799999237060547,
03BF001,1983-10-02,121.0,
03BF001,1983-11-02,87.4000015258789,
03BF001,1983-12-02,52.0,E
03BF001,1984-01-02,26.700000762939453,E
03BF001,1984-02-02,22.0,E
03BF001,1984-03-02,20.799999237060547,E
03BF001,1984-04-02,18.100000381469727,
03BF001,1984-05-02,305.0,E
03BF001,1984-06-02,107.0,
03BF001,1984-07-02,164.0,
03BF001,1984-08-02,72.0,
03BF001,1984-09-02,36.900001525878906,
03BF001,1984-10-02,198.0,
03BF001,1984-11-02,93.6999969482422,
03BF001,1984-12-02,178.0,
03BF001,1985-01-02,107.0,
03BF001,1985-02-02,44.09999847412109,
03BF001,1985-03-02,25.200000762939453,E
03BF001,1985-04-02,20.0,E
03BF001,1985-05-02,501.0,
03BF001,1985-06-02,180.0,E
03BF001,1985-07-02,86.4000015258789,
03BF001,1985-08-02,126.0,
03BF001,1985-09-02,76.0,
03BF001,1985-10-02,127.0,
03BF001,1985-11-02,137.0,
03BF001,1985-12-02,64.5,E
03BF001,1986-01-02,34.79999923706055,E
03BF001,1986-02-02,25.200000762939453,E
03BF001,1986-03-02,21.200000762939453,E
03BF001,1986-04-02,20.0,E
03BF001,1986-05-02,780.0,
03BF001,1986-06-02,297.0,E
03BF001,1986-07-02,116.0,
03BF001,1986-08-02,61.29999923706055,
03BF001,1986-09-02,136.0,
03BF001,1986-10-02,156.0,
03BF001,1986-11-02,74.80000305175781,
03BF001,1986-12-02,43.0,E
03BF001,1987-01-02,25.5,E
03BF001,1987-02-02,16.5,E
03BF001,1987-03-02,12.100000381469728,E
03BF001,1987-04-02,11.199999809265137,E
03BF001,1987-05-02,187.0,
03BF001,1987-06-02,88.0,E
03BF001,1987-07-02,92.1999969482422,
03BF001,1987-08-02,50.20000076293945,
03BF001,1987-09-02,189.0,
03BF001,1987-10-02,135.0,
03BF001,1987-11-02,108.0,
03BF001,1987-12-02,117.0,
03BF001,1988-01-02,48.59999847412109,
03BF001,1988-02-02,26.399999618530277,E
03BF001,1988-03-02,17.399999618530273,E
03BF001,1988-04-02,16.200000762939453,E
03BF001,1988-05-02,282.0,
03BF001,1988-06-02,130.0,
03BF001,1988-07-02,190.0,
03BF001,1988-08-02,21.899999618530277,
03BF001,1988-09-02,39.59999847412109,
03BF001,1988-10-02,170.0,
03BF001,1988-11-02,97.4000015258789,
03BF001,1988-12-02,99.5999984741211,
03BF001,1989-01-02,39.400001525878906,E
03BF001,1989-02-02,18.5,E
03BF001,1989-03-02,10.800000190734863,E
03BF001,1989-04-02,7.809999942779541,E
03BF001,1989-05-02,24.600000381469727,E
03BF001,1989-06-02,291.0,
03BF001,1989-07-02,85.80000305175781,
03BF001,1989-08-02,38.400001525878906,
03BF001,1989-09-02,20.200000762939453,
03BF001,1989-10-02,144.0,
03BF001,1989-11-02,156.0,
03BF001,1989-12-02,66.0,E
03BF001,1990-01-02,31.899999618530277,E
03BF001,1990-02-02,20.200000762939453,
03BF001,1990-03-02,14.899999618530272,E
03BF001,1990-04-02,11.899999618530272,E
03BF001,1990-05-02,839.0,
03BF001,1990-06-02,99.0999984741211,
03BF001,1990-07-02,74.4000015258789,
03BF001,1990-08-02,79.80000305175781,
03BF001,1990-09-02,60.20000076293945,
03BF001,1990-10-02,147.0,
03BF001,1990-11-02,161.0,
03BF001,1990-12-02,97.9000015258789,E
03BF001,1991-01-02,45.900001525878906,E
03BF001,1991-02-02,25.600000381469727,
03BF001,1991-03-02,17.100000381469727,E
03BF001,1991-04-02,21.600000381469727,E
03BF001,1991-05-02,514.0,
03BF001,1991-06-02,189.0,
03BF001,1991-07-02,87.80000305175781,
03BF001,1991-08-02,75.30000305175781,
03BF001,1991-09-02,56.59999847412109,
03BF001,1991-10-02,210.0,
03BF001,1991-11-02,221.0,
03BF001,1991-12-02,66.19999694824219,E
03BF001,1992-01-02,33.099998474121094,E
03BF001,1992-02-02,19.700000762939453,E
03BF001,1992-03-02,13.100000381469728,
03BF001,1992-04-02,9.770000457763672,
03BF001,1992-05-02,282.0,
03BF001,1992-06-02,124.0,
03BF001,1992-07-02,45.900001525878906,
03BF001,1992-08-02,62.0,
03BF001,1992-09-02,144.0,
03BF001,1992-10-02,150.0,
03BF001,1992-11-02,132.0,
03BF001,1992-12-02,69.9000015258789,E
03BF001,1993-01-02,38.400001525878906,E
03BF001,1993-02-02,22.600000381469727,
03BF001,1993-03-02,15.100000381469728,E
03BF001,1993-04-02,11.699999809265137,
03BF001,1993-05-02,415.0,
03BF001,1993-06-02,206.0,
03BF001,1993-07-02,74.9000015258789,
03BF001,1993-08-02,104.0,
03BF001,1993-09-02,105.0,
03BF001,1993-10-02,151.0,
03BF001,1993-11-02,109.0,
03BF001,1993-12-02,41.20000076293945,E
03BF001,1994-01-02,22.399999618530277,E
03BF001,1994-02-02,14.100000381469728,
03BF001,1994-03-02,10.699999809265137,
03BF001,1994-04-02,9.890000343322754,
03BF001,1994-05-02,63.09999847412109,
03BF001,1994-06-02,132.0,
03BF001,1994-07-02,85.19999694824219,
03BF001,1994-08-02,154.0,
03BF001,1994-09-02,383.0,
03BF001,1994-10-02,219.0,
03BF001,1994-11-02,131.0,
03BF001,1994-12-02,102.0,E
03BF001,1995-01-02,43.59999847412109,E
03BF001,1995-02-02,26.100000381469727,
03BF001,1995-03-02,21.299999237060547,E
03BF001,1995-04-02,19.799999237060547,
03BF001,1995-05-02,328.0,
03BF001,1995-06-02,139.0,
03BF001,1995-07-02,56.59999847412109,
03BF001,1995-08-02,83.69999694824219,
03BF001,1995-09-02,72.80000305175781,
03BF001,1995-10-02,175.0,
03BF001,1995-11-02,214.0,
03BF001,1995-12-02,73.0,E
03BF001,1996-01-02,37.29999923706055,E
03BF001,1996-02-02,23.799999237060547,E
03BF001,1996-03-02,20.100000381469727,E
03BF001,1996-04-02,18.200000762939453,E
03BF001,1996-05-02,149.0,
03BF001,1996-06-02,249.0,
03BF001,1996-07-02,119.0,
03BF001,1996-08-02,47.59999847412109,
03BF001,1996-09-02,135.0,
03BF001,1996-10-02,61.79999923706055,
03BF001,1996-11-02,133.0,
03BF001,1996-12-02,77.4000015258789,
03BF001,1997-01-02,41.59999847412109,E
03BF001,1997-02-02,22.399999618530277,
03BF001,1997-03-02,15.5,E
03BF001,1997-04-02,14.0,
03BF001,1997-05-02,524.0,
03BF001,1997-06-02,151.0,
03BF001,1997-07-02,56.900001525878906,
03BF001,1997-08-02,33.70000076293945,
03BF001,1998-04-02,,
03BF001,1998-05-02,134.0,
03BF001,1998-06-02,99.1999969482422,
03BF001,1998-07-02,38.79999923706055,
03BF001,1998-08-02,208.0,
03BF001,1998-09-02,142.0,
03BF001,1998-10-02,120.0,
03BF001,1998-11-02,154.0,
03BF001,1998-12-02,64.5,
03BF001,1999-01-02,40.70000076293945,
03BF001,1999-02-02,29.0,
03BF001,1999-03-02,23.600000381469727,
03BF001,1999-04-02,21.799999237060547,
03BF001,1999-05-02,420.0,
03BF001,1999-06-02,176.0,
03BF001,1999-07-02,237.0,
03BF001,1999-08-02,224.0,
03BF001,1999-09-02,61.900001525878906,
03BF001,1999-10-02,190.0,
03BF001,1999-11-02,157.0,
03BF001,1999-12-02,153.0,
03BF001,2000-01-02,40.79999923706055,
03BF001,2000-02-02,26.399999618530277,
03BF001,2000-03-02,24.799999237060547,B
03BF001,2000-04-02,121.0,
03BF001,2000-05-02,310.0,
03BF001,2000-06-02,156.0,
03BF001,2000-07-02,179.0,
03BF001,2000-08-02,35.70000076293945,
03BF001,2000-09-02,85.69999694824219,
03BF001,2000-10-02,199.0,
03BF001,2000-11-02,116.0,
03BF001,2000-12-02,47.5,
03BF001,2001-01-02,26.5,
03BF001,2001-02-02,18.5,
03BF001,2001-03-02,15.199999809265137,
03BF001,2001-04-02,13.199999809265137,
03BF001,2001-05-02,618.0,
03BF001,2001-06-02,62.59999847412109,
03BF001,2001-07-02,52.400001525878906,
03BF001,2001-08-02,26.0,
03BF001,2001-09-02,90.9000015258789,
03BF001,2001-10-02,50.09999847412109,
03BF001,2001-11-02,127.0,
03BF001,2001-12-02,226.0,
03BF001,2002-01-02,48.29999923706055,
03BF001,2002-02-02,24.0,
03BF001,2002-03-02,17.200000762939453,
03BF001,2002-04-02,14.800000190734863,
03BF001,2002-05-02,371.0,
03BF001,2002-06-02,224.0,
03BF001,2002-07-02,43.59999847412109,
03BF001,2002-08-02,193.0,
03BF001,2002-09-02,60.59999847412109,
03BF001,2002-10-02,129.0,
03BF001,2002-11-02,123.0,
03BF001,2002-12-02,48.09999847412109,
03BF001,2003-01-02,25.100000381469727,
03BF001,2003-02-02,17.100000381469727,
03BF001,2003-03-02,13.600000381469728,
03BF001,2003-04-02,13.199999809265137,
03BF001,2003-05-02,139.0,
03BF001,2003-06-02,92.4000015258789,
03BF001,2003-07-02,104.0,
03BF001,2003-08-02,43.5,
03BF001,2003-09-02,128.0,
03BF001,2003-10-02,114.0,
03BF001,2003-11-02,74.9000015258789,
03BF001,2003-12-02,148.0,
03BF001,2004-01-02,47.29999923706055,
03BF001,2004-02-02,24.600000381469727,
03BF001,2004-03-02,18.5,
03BF001,2004-04-02,17.399999618530273,
03BF001,2004-05-02,58.29999923706055,
03BF001,2005-04-02,,
03BF001,2005-05-02,606.0,
03BF001,2005-06-02,79.19999694824219,
03BF001,2005-07-02,185.0,
03BF001,2005-08-02,64.5999984741211,
03BF001,2005-09-02,56.400001525878906,
03BF001,2005-10-02,309.0,
03BF001,2005-11-02,139.0,
03BF001,2006-04-02,,
03BF001,2006-05-02,288.0,
03BF001,2006-06-02,79.30000305175781,
03BF001,2006-07-02,51.79999923706055,
03BF001,2006-08-02,57.29999923706055,
03BF001,2006-09-02,55.09999847412109,
03BF001,2006-10-02,77.0999984741211,
03BF001,2006-11-02,118.0,
03BF001,2008-07-02,,
03BF001,2008-08-02,108.0,
03BF001,2008-09-02,73.30000305175781,
03BF001,2008-10-02,61.79999923706055,
03BF001,2008-11-02,130.0,
03BF001,2008-12-02,67.9000015258789,
03BF001,2009-01-02,38.79999923706055,
03BF001,2009-02-02,26.399999618530277,
03BF001,2009-03-02,21.5,
03BF001,2009-04-02,22.100000381469727,
03BF001,2009-05-02,488.0,
03BF001,2009-06-02,190.0,
03BF001,2009-07-02,48.20000076293945,
03BF001,2009-08-02,39.70000076293945,
03BF001,2009-09-02,82.5,
03BF001,2009-10-02,177.0,
03BF001,2009-11-02,120.0,
03BF001,2009-12-02,72.5999984741211,
03BF001,2010-01-02,33.099998474121094,
03BF001,2010-02-02,22.899999618530277,
03BF001,2010-03-02,18.399999618530277,
03BF001,2010-04-02,17.600000381469727,
03BF001,2010-05-02,80.19999694824219,
03BF001,2010-06-02,42.29999923706055,
03BF001,2010-07-02,26.899999618530277,
03BF001,2010-08-02,155.0,
03BF001,2010-09-02,68.69999694824219,
03BF001,2010-10-02,59.70000076293945,
03BF001,2010-11-02,81.0999984741211,
03BF001,2010-12-02,93.8000030517578,
03BF001,2011-01-02,50.0,
03BF001,2011-02-02,28.100000381469727,
03BF001,2011-03-02,17.600000381469727,
03BF001,2011-04-02,14.899999618530272,
03BF001,2011-07-02,,
03BF001,2011-08-02,40.29999923706055,
03BF001,2011-09-02,43.29999923706055,
03BF001,2011-10-02,99.6999969482422,
03BF001,2011-11-02,129.0,
03BF001,2011-12-02,77.69999694824219,
03BF001,2012-01-02,39.09999847412109,
03BF001,2012-02-02,26.299999237060547,
03BF001,2012-03-02,19.0,
03BF001,2012-04-02,163.0,
03BF001,2012-05-02,150.0,
03BF001,2012-06-02,186.0,
03BF001,2012-07-02,63.0,
03BF001,2012-08-02,67.5999984741211,
03BF001,2012-09-02,133.0,
03BF001,2012-10-02,175.0,
03BF001,2012-11-02,230.0,
03BF001,2012-12-02,93.6999969482422,B
03BF001,2013-01-02,47.400001525878906,B
03BF001,2013-02-02,27.100000381469727,B
03BF001,2013-03-02,19.200000762939453,B
03BF001,2013-04-02,17.700000762939453,B
03BF001,2013-05-02,1190.0,B
03BF001,2013-10-02,,
03BF001,2013-11-02,142.0,
03BF001,2013-12-02,110.0,B
03BF001,2014-01-02,36.70000076293945,B
03BF001,2014-02-02,19.0,B
03BF001,2014-03-02,12.600000381469728,B
03BF001,2014-04-02,9.609999656677246,B
03BF001,2014-05-02,82.69999694824219,B
03BF001,2014-06-02,158.0,
03BF001,2014-07-02,67.5,
03BF001,2014-08-02,185.0,
03BF001,2014-09-02,72.0,
03BF001,2014-10-02,89.19999694824219,
03BF001,2014-11-02,236.0,
03BF001,2014-12-02,82.5,B
03BF001,2015-01-02,36.09999847412109,B
03BF001,2015-02-02,21.200000762939453,B
03BF001,2015-03-02,16.100000381469727,B
03BF001,2015-04-02,14.0,B
03BF001,2015-05-02,1010.0,B
03BF001,2015-06-02,296.0,
03BF001,2015-07-02,80.0,
03BF001,2015-08-02,144.0,
03BF001,2015-09-02,111.0,
03BF001,2015-10-02,108.0,
03BF001,2015-11-02,201.0,
03BF001,2015-12-02,85.4000015258789,B
03BF001,2016-01-02,55.900001525878906,B
03BF001,2016-02-02,32.20000076293945,B
03BF001,2016-03-02,22.700000762939453,B
03BF001,2016-04-02,18.600000381469727,B
03BF001,2016-05-02,80.5999984741211,B
03BF001,2016-06-02,192.0,
03BF001,2016-07-02,117.0,
03BF001,2016-08-02,73.30000305175781,
03BF001,2016-09-02,140.0,
03BF001,2016-10-02,134.0,
03BF001,2016-11-02,150.0,
03BF001,2017-05-02,,
03BF001,2017-06-02,154.0,
03BF001,2017-07-02,89.0999984741211,
03BF001,2017-08-02,32.599998474121094,
03BF001,2017-09-02,85.80000305175781,
03BF001,2017-10-02,98.5,
03BF001,2017-11-02,394.0,
03BF001,2018-05-02,,
03BF001,2018-06-02,411.0,
03BF001,2018-07-02,55.5,
03BF001,2019-08-02,,
03BF001,2019-09-02,44.29999923706055,
03BF001,2019-10-02,148.0,
03BF001,2019-11-02,122.0,
03BF001,2020-05-02,,
03BF001,2020-06-02,405.0,
03BF001,2020-07-02,102.0,
03BF001,2020-08-02,153.0,
03BF001,2020-09-02,114.0,
03BF001,2020-10-02,457.0,
03BF001,2020-11-02,120.0,
03BF001,2021-04-02,,
03BF001,2021-05-02,165.0,
03BF001,2021-06-02,146.0,
03BF001,2021-07-02,127.0,
03BF001,2021-08-02,80.30000305175781,
03BF001,2021-09-02,125.0,
03BF001,2021-10-02,210.0,
03BF001,2021-11-02,128.0,
03BF001,2022-05-02,,
03BF001,2022-06-02,239.0,
03BF001,2022-07-02,86.30000305175781,
03BF001,2022-08-02,294.0,
03BF001,2022-09-02,36.70000076293945,
03BF001,2022-10-02,33.099998474121094,
03BF001,2022-11-02,80.69999694824219,
03BF001,2023-05-02,781.0,
03BF001,2023-06-02,49.20000076293945,
03BF001,2023-07-02,13.699999809265137,
03BF001,1975-05-03,,
03BF001,1975-06-03,142.0,
03BF001,1975-07-03,74.19999694824219,
03BF001,1975-08-03,99.4000015258789,
03BF001,1975-09-03,49.0,
03BF001,1975-10-03,54.70000076293945,
03BF001,1975-11-03,106.0,
03BF001,1975-12-03,77.0,
03BF001,1976-01-03,25.200000762939453,E
03BF001,1976-02-03,14.899999618530272,E
03BF001,1976-03-03,10.399999618530272,E
03BF001,1976-04-03,24.299999237060547,
03BF001,1976-05-03,394.0,
03BF001,1976-06-03,107.0,
03BF001,1976-07-03,51.29999923706055,
03BF001,1976-08-03,137.0,
03BF001,1976-09-03,48.400001525878906,
03BF001,1976-10-03,110.0,
03BF001,1976-11-03,70.80000305175781,
03BF001,1976-12-03,33.70000076293945,E
03BF001,1977-01-03,21.0,E
03BF001,1977-02-03,16.200000762939453,E
03BF001,1977-03-03,15.100000381469728,E
03BF001,1977-04-03,67.4000015258789,E
03BF001,1977-05-03,200.0,E
03BF001,1977-06-03,46.400001525878906,E
03BF001,1977-07-03,127.0,
03BF001,1977-08-03,45.0,
03BF001,1977-09-03,279.0,
03BF001,1977-10-03,65.0,
03BF001,1977-11-03,128.0,
03BF001,1977-12-03,61.0,E
03BF001,1978-01-03,18.799999237060547,E
03BF001,1978-02-03,10.399999618530272,E
03BF001,1978-03-03,7.800000190734863,E
03BF001,1978-04-03,7.170000076293945,E
03BF001,1978-05-03,146.0,E
03BF001,1978-06-03,220.0,E
03BF001,1978-07-03,103.0,
03BF001,1978-08-03,78.5999984741211,
03BF001,1978-09-03,126.0,
03BF001,1978-10-03,86.0999984741211,
03BF001,1978-11-03,129.0,
03BF001,1978-12-03,80.5,
03BF001,1979-01-03,34.099998474121094,E
03BF001,1979-02-03,19.600000381469727,E
03BF001,1979-03-03,14.300000190734863,E
03BF001,1979-04-03,17.200000762939453,E
03BF001,1979-05-03,346.0,
03BF001,1979-06-03,188.0,
03BF001,1979-07-03,95.0999984741211,
03BF001,1979-08-03,97.8000030517578,
03BF001,1979-09-03,214.0,
03BF001,1979-10-03,156.0,
03BF001,1979-11-03,189.0,
03BF001,1979-12-03,128.0,
03BF001,1980-01-03,41.79999923706055,E
03BF001,1980-02-03,22.600000381469727,E
03BF001,1980-03-03,16.299999237060547,E
03BF001,1980-04-03,13.800000190734863,E
03BF001,1980-05-03,484.0,E
03BF001,1980-06-03,68.0999984741211,
03BF001,1980-07-03,94.8000030517578,
03BF001,1980-08-03,92.0,
03BF001,1980-09-03,14.600000381469728,
03BF001,1980-10-03,166.0,
03BF001,1980-11-03,99.0,
03BF001,1980-12-03,37.20000076293945,E
03BF001,1981-01-03,21.0,E
03BF001,1981-02-03,15.899999618530272,E
03BF001,1981-03-03,36.20000076293945,E
03BF001,1981-04-03,33.5,E
03BF001,1981-05-03,272.0,
03BF001,1981-06-03,171.0,
03BF001,1981-07-03,117.0,
03BF001,1981-08-03,22.5,
03BF001,1981-09-03,23.299999237060547,
03BF001,1981-10-03,125.0,
03BF001,1981-11-03,92.5999984741211,
03BF001,1981-12-03,40.20000076293945,
03BF001,1982-01-03,21.299999237060547,E
03BF001,1982-02-03,13.0,E
03BF001,1982-03-03,9.920000076293944,E
03BF001,1982-04-03,12.300000190734863,E
03BF001,1982-05-03,309.0,
03BF001,1982-06-03,165.0,
03BF001,1982-07-03,89.4000015258789,
03BF001,1982-08-03,131.0,
03BF001,1982-09-03,181.0,
03BF001,1982-10-03,139.0,
03BF001,1982-11-03,119.0,
03BF001,1982-12-03,96.0,E
03BF001,1983-01-03,38.0,E
03BF001,1983-02-03,19.700000762939453,E
03BF001,1983-03-03,15.5,E
03BF001,1983-04-03,13.800000190734863,E
03BF001,1983-05-03,408.0,
03BF001,1983-06-03,232.0,
03BF001,1983-07-03,77.69999694824219,
03BF001,1983-08-03,35.400001525878906,
03BF001,1983-09-03,29.200000762939453,
03BF001,1983-10-03,142.0,
03BF001,1983-11-03,85.0999984741211,
03BF001,1983-12-03,50.0,E
03BF001,1984-01-03,26.600000381469727,E
03BF001,1984-02-03,21.899999618530277,E
03BF001,1984-03-03,20.700000762939453,E
03BF001,1984-04-03,18.100000381469727,
03BF001,1984-05-03,290.0,E
03BF001,1984-06-03,103.0,
03BF001,1984-07-03,149.0,
03BF001,1984-08-03,71.0999984741211,
03BF001,1984-09-03,36.29999923706055,
03BF001,1984-10-03,188.0,
03BF001,1984-11-03,93.8000030517578,
03BF001,1984-12-03,177.0,
03BF001,1985-01-03,103.0,
03BF001,1985-02-03,43.400001525878906,
03BF001,1985-03-03,25.0,E
03BF001,1985-04-03,20.0,E
03BF001,1985-05-03,480.0,
03BF001,1985-06-03,213.0,E
03BF001,1985-07-03,83.5,
03BF001,1985-08-03,115.0,
03BF001,1985-09-03,72.5,
03BF001,1985-10-03,118.0,
03BF001,1985-11-03,127.0,
03BF001,1985-12-03,63.0,E
03BF001,1986-01-03,34.29999923706055,E
03BF001,1986-02-03,25.0,E
03BF001,1986-03-03,21.100000381469727,E
03BF001,1986-04-03,20.0,E
03BF001,1986-05-03,701.0,
03BF001,1986-06-03,285.0,E
03BF001,1986-07-03,106.0,
03BF001,1986-08-03,63.5,
03BF001,1986-09-03,137.0,
03BF001,1986-10-03,156.0,
03BF001,1986-11-03,72.80000305175781,
03BF001,1986-12-03,42.29999923706055,E
03BF001,1987-01-03,25.100000381469727,E
03BF001,1987-02-03,16.299999237060547,E
03BF001,1987-03-03,12.0,E
03BF001,1987-04-03,11.399999618530272,E
03BF001,1987-05-03,170.0,
03BF001,1987-06-03,85.19999694824219,E
03BF001,1987-07-03,92.5,
03BF001,1987-08-03,46.79999923706055,
03BF001,1987-09-03,195.0,
03BF001,1987-10-03,126.0,
03BF001,1987-11-03,104.0,
03BF001,1987-12-03,107.0,
03BF001,1988-01-03,47.0,
03BF001,1988-02-03,26.0,E
03BF001,1988-03-03,17.299999237060547,E
03BF001,1988-04-03,16.399999618530273,E
03BF001,1988-05-03,281.0,
03BF001,1988-06-03,119.0,
03BF001,1988-07-03,170.0,
03BF001,1988-08-03,22.0,
03BF001,1988-09-03,47.0,
03BF001,1988-10-03,162.0,
03BF001,1988-11-03,89.69999694824219,
03BF001,1988-12-03,98.4000015258789,
03BF001,1989-01-03,38.5,E
03BF001,1989-02-03,18.100000381469727,E
03BF001,1989-03-03,10.699999809265137,E
03BF001,1989-04-03,7.78000020980835,E
03BF001,1989-05-03,47.29999923706055,
03BF001,1989-06-03,253.0,
03BF001,1989-07-03,79.30000305175781,
03BF001,1989-08-03,36.29999923706055,E
03BF001,1989-09-03,20.100000381469727,
03BF001,1989-10-03,141.0,
03BF001,1989-11-03,156.0,
03BF001,1989-12-03,64.5,E
03BF001,1990-01-03,31.299999237060547,E
03BF001,1990-02-03,19.899999618530277,
03BF001,1990-03-03,14.800000190734863,E
03BF001,1990-04-03,11.899999618530272,E
03BF001,1990-05-03,789.0,
03BF001,1990-06-03,116.0,
03BF001,1990-07-03,66.9000015258789,
03BF001,1990-08-03,84.19999694824219,
03BF001,1990-09-03,66.9000015258789,
03BF001,1990-10-03,144.0,
03BF001,1990-11-03,160.0,
03BF001,1990-12-03,96.0,E
03BF001,1991-01-03,45.0,E
03BF001,1991-02-03,25.200000762939453,
03BF001,1991-03-03,16.899999618530273,E
03BF001,1991-04-03,26.100000381469727,E
03BF001,1991-05-03,546.0,
03BF001,1991-06-03,173.0,
03BF001,1991-07-03,80.5,
03BF001,1991-08-03,69.5,
03BF001,1991-09-03,60.0,
03BF001,1991-10-03,203.0,
03BF001,1991-11-03,222.0,
03BF001,1991-12-03,64.69999694824219,E
03BF001,1992-01-03,32.5,E
03BF001,1992-02-03,19.600000381469727,E
03BF001,1992-03-03,12.899999618530272,
03BF001,1992-04-03,9.779999732971191,
03BF001,1992-05-03,299.0,
03BF001,1992-06-03,114.0,
03BF001,1992-07-03,44.5,
03BF001,1992-08-03,60.900001525878906,
03BF001,1992-09-03,136.0,
03BF001,1992-10-03,141.0,
03BF001,1992-11-03,121.0,
03BF001,1992-12-03,68.19999694824219,E
03BF001,1993-01-03,37.900001525878906,E
03BF001,1993-02-03,22.299999237060547,
03BF001,1993-03-03,14.899999618530272,E
03BF001,1993-04-03,11.800000190734863,
03BF001,1993-05-03,512.0,
03BF001,1993-06-03,205.0,
03BF001,1993-07-03,69.30000305175781,
03BF001,1993-08-03,111.0,
03BF001,1993-09-03,110.0,
03BF001,1993-10-03,151.0,
03BF001,1993-11-03,100.0,
03BF001,1993-12-03,40.29999923706055,E
03BF001,1994-01-03,22.0,E
03BF001,1994-02-03,13.899999618530272,
03BF001,1994-03-03,10.600000381469728,
03BF001,1994-04-03,9.90999984741211,
03BF001,1994-05-03,64.4000015258789,
03BF001,1994-06-03,130.0,
03BF001,1994-07-03,81.69999694824219,
03BF001,1994-08-03,142.0,
03BF001,1994-09-03,339.0,
03BF001,1994-10-03,226.0,
03BF001,1994-11-03,125.0,
03BF001,1994-12-03,98.5,E
03BF001,1995-01-03,42.79999923706055,E
03BF001,1995-02-03,25.899999618530277,
03BF001,1995-03-03,21.200000762939453,E
03BF001,1995-04-03,19.899999618530277,
03BF001,1995-05-03,405.0,
03BF001,1995-06-03,143.0,
03BF001,1995-07-03,71.0999984741211,
03BF001,1995-08-03,89.5999984741211,
03BF001,1995-09-03,83.5999984741211,
03BF001,1995-10-03,217.0,
03BF001,1995-11-03,198.0,
03BF001,1995-12-03,71.0,E
03BF001,1996-01-03,36.5,E
03BF001,1996-02-03,23.5,E
03BF001,1996-03-03,20.0,E
03BF001,1996-04-03,18.200000762939453,E
03BF001,1996-05-03,151.0,
03BF001,1996-06-03,233.0,
03BF001,1996-07-03,128.0,
03BF001,1996-08-03,45.29999923706055,
03BF001,1996-09-03,130.0,
03BF001,1996-10-03,93.0999984741211,
03BF001,1996-11-03,122.0,
03BF001,1996-12-03,76.80000305175781,
03BF001,1997-01-03,40.5,E
03BF001,1997-02-03,22.0,
03BF001,1997-03-03,15.300000190734863,E
03BF001,1997-04-03,14.100000381469728,
03BF001,1997-05-03,465.0,
03BF001,1997-06-03,139.0,
03BF001,1997-07-03,53.79999923706055,
03BF001,1997-08-03,33.70000076293945,
03BF001,1998-04-03,,
03BF001,1998-05-03,127.0,
03BF001,1998-06-03,125.0,
03BF001,1998-07-03,37.20000076293945,
03BF001,1998-08-03,191.0,
03BF001,1998-09-03,145.0,
03BF001,1998-10-03,117.0,
03BF001,1998-11-03,147.0,
03BF001,1998-12-03,63.5,
03BF001,1999-01-03,40.20000076293945,
03BF001,1999-02-03,28.700000762939453,
03BF001,1999-03-03,23.399999618530277,
03BF001,1999-04-03,21.799999237060547,
03BF001,1999-05-03,615.0,
03BF001,1999-06-03,165.0,
03BF001,1999-07-03,228.0,
03BF001,1999-08-03,213.0,
03BF001,1999-09-03,58.5,
03BF001,1999-10-03,228.0,
03BF001,1999-11-03,162.0,
03BF001,1999-12-03,140.0,
03BF001,2000-01-03,40.0,
03BF001,2000-02-03,26.299999237060547,
03BF001,2000-03-03,24.799999237060547,B
03BF001,2000-04-03,145.0,
03BF001,2000-05-03,304.0,
03BF001,2000-06-03,158.0,
03BF001,2000-07-03,174.0,
03BF001,2000-08-03,38.5,
03BF001,2000-09-03,93.8000030517578,
03BF001,2000-10-03,209.0,
03BF001,2000-11-03,109.0,
03BF001,2000-12-03,46.59999847412109,
03BF001,2001-01-03,26.100000381469727,
03BF001,2001-02-03,18.299999237060547,
03BF001,2001-03-03,15.100000381469728,
03BF001,2001-04-03,13.199999809265137,
03BF001,2001-05-03,657.0,
03BF001,2001-06-03,58.70000076293945,
03BF001,2001-07-03,52.0,
03BF001,2001-08-03,25.700000762939453,
03BF001,2001-09-03,106.0,
03BF001,2001-10-03,49.0,
03BF001,2001-11-03,136.0,
03BF001,2001-12-03,205.0,
03BF001,2002-01-03,46.900001525878906,
03BF001,2002-02-03,23.600000381469727,
03BF001,2002-03-03,17.0,
03BF001,2002-04-03,14.800000190734863,
03BF001,2002-05-03,370.0,
03BF001,2002-06-03,243.0,
03BF001,2002-07-03,41.400001525878906,
03BF001,2002-08-03,188.0,
03BF001,2002-09-03,59.29999923706055,
03BF001,2002-10-03,148.0,
03BF001,2002-11-03,116.0,
03BF001,2002-12-03,46.900001525878906,
03BF001,2003-01-03,24.700000762939453,
03BF001,2003-02-03,16.899999618530273,
03BF001,2003-03-03,13.5,
03BF001,2003-04-03,13.300000190734863,
03BF001,2003-05-03,157.0,
03BF001,2003-06-03,85.80000305175781,
03BF001,2003-07-03,98.8000030517578,
03BF001,2003-08-03,42.29999923706055,
03BF001,2003-09-03,122.0,
03BF001,2003-10-03,103.0,
03BF001,2003-11-03,72.19999694824219,
03BF001,2003-12-03,141.0,
03BF001,2004-01-03,46.09999847412109,
03BF001,2004-02-03,24.299999237060547,
03BF001,2004-03-03,18.399999618530277,
03BF001,2004-04-03,17.700000762939453,
03BF001,2004-05-03,67.19999694824219,
03BF001,2005-04-03,,
03BF001,2005-05-03,546.0,
03BF001,2005-06-03,73.5999984741211,
03BF001,2005-07-03,197.0,
03BF001,2005-08-03,59.59999847412109,
03BF001,2005-09-03,73.80000305175781,
03BF001,2005-10-03,300.0,
03BF001,2005-11-03,133.0,
03BF001,2006-04-03,,
03BF001,2006-05-03,274.0,
03BF001,2006-06-03,75.69999694824219,
03BF001,2006-07-03,48.5,
03BF001,2006-08-03,52.29999923706055,
03BF001,2006-09-03,50.79999923706055,
03BF001,2006-10-03,71.5999984741211,
03BF001,2006-11-03,121.0,
03BF001,2008-07-03,,
03BF001,2008-08-03,156.0,
03BF001,2008-09-03,69.19999694824219,
03BF001,2008-10-03,66.4000015258789,
03BF001,2008-11-03,122.0,
03BF001,2008-12-03,65.19999694824219,
03BF001,2009-01-03,38.29999923706055,
03BF001,2009-02-03,26.100000381469727,
03BF001,2009-03-03,21.5,
03BF001,2009-04-03,23.100000381469727,
03BF001,2009-05-03,,
03BF001,2009-06-03,175.0,
03BF001,2009-07-03,49.900001525878906,
03BF001,2009-08-03,39.70000076293945,
03BF001,2009-09-03,72.5,
03BF001,2009-10-03,186.0,
03BF001,2009-11-03,132.0,
03BF001,2009-12-03,67.5,
03BF001,2010-01-03,32.599998474121094,
03BF001,2010-02-03,22.700000762939453,
03BF001,2010-03-03,18.200000762939453,
03BF001,2010-04-03,21.799999237060547,
03BF001,2010-05-03,80.4000015258789,
03BF001,2010-06-03,42.400001525878906,
03BF001,2010-07-03,31.600000381469727,
03BF001,2010-08-03,150.0,
03BF001,2010-09-03,66.0999984741211,
03BF001,2010-10-03,59.5,
03BF001,2010-11-03,75.9000015258789,
03BF001,2010-12-03,136.0,
03BF001,2011-01-03,55.900001525878906,
03BF001,2011-02-03,27.5,
03BF001,2011-03-03,17.5,
03BF001,2011-04-03,,
03BF001,2011-07-03,,
03BF001,2011-08-03,40.400001525878906,
03BF001,2011-09-03,42.59999847412109,
03BF001,2011-10-03,121.0,
03BF001,2011-11-03,139.0,
03BF001,2011-12-03,77.0,
03BF001,2012-01-03,37.29999923706055,
03BF001,2012-02-03,26.0,
03BF001,2012-03-03,19.0,
03BF001,2012-04-03,150.0,
03BF001,2012-05-03,170.0,
03BF001,2012-06-03,173.0,
03BF001,2012-07-03,60.5,
03BF001,2012-08-03,84.19999694824219,
03BF001,2012-09-03,120.0,
03BF001,2012-10-03,159.0,
03BF001,2012-11-03,260.0,
03BF001,2012-12-03,91.1999969482422,B
03BF001,2013-01-03,46.400001525878906,B
03BF001,2013-02-03,26.700000762939453,B
03BF001,2013-03-03,19.100000381469727,B
03BF001,2013-04-03,17.899999618530273,B
03BF001,2013-05-03,,
03BF001,2013-10-03,,
03BF001,2013-11-03,136.0,
03BF001,2013-12-03,104.0,B
03BF001,2014-01-03,35.70000076293945,B
03BF001,2014-02-03,18.600000381469727,B
03BF001,2014-03-03,12.5,B
03BF001,2014-04-03,9.59000015258789,B
03BF001,2014-05-03,171.0,B
03BF001,2014-06-03,158.0,
03BF001,2014-07-03,64.30000305175781,
03BF001,2014-08-03,193.0,
03BF001,2014-09-03,67.5999984741211,
03BF001,2014-10-03,84.0999984741211,
03BF001,2014-11-03,214.0,
03BF001,2014-12-03,79.9000015258789,B
03BF001,2015-01-03,35.29999923706055,B
03BF001,2015-02-03,21.0,B
03BF001,2015-03-03,16.0,B
03BF001,2015-04-03,14.0,B
03BF001,2015-05-03,960.0,
03BF001,2015-06-03,264.0,
03BF001,2015-07-03,74.5999984741211,
03BF001,2015-08-03,148.0,
03BF001,2015-09-03,110.0,
03BF001,2015-10-03,101.0,
03BF001,2015-11-03,215.0,
03BF001,2015-12-03,82.5999984741211,B
03BF001,2016-01-03,54.09999847412109,B
03BF001,2016-02-03,31.700000762939453,B
03BF001,2016-03-03,22.399999618530277,B
03BF001,2016-04-03,18.600000381469727,B
03BF001,2016-05-03,133.0,B
03BF001,2016-06-03,188.0,
03BF001,2016-07-03,110.0,
03BF001,2016-08-03,64.69999694824219,
03BF001,2016-09-03,140.0,
03BF001,2016-10-03,123.0,
03BF001,2016-11-03,162.0,
03BF001,2017-05-03,,
03BF001,2017-06-03,149.0,
03BF001,2017-07-03,126.0,
03BF001,2017-08-03,32.29999923706055,
03BF001,2017-09-03,78.5,
03BF001,2017-10-03,90.5999984741211,
03BF001,2017-11-03,371.0,
03BF001,2018-05-03,,
03BF001,2018-06-03,396.0,
03BF001,2018-07-03,52.5,
03BF001,2019-08-03,,
03BF001,2019-09-03,45.20000076293945,
03BF001,2019-10-03,146.0,
03BF001,2019-11-03,116.0,
03BF001,2020-05-03,,
03BF001,2020-06-03,355.0,
03BF001,2020-07-03,88.4000015258789,
03BF001,2020-08-03,135.0,
03BF001,2020-09-03,107.0,
03BF001,2020-10-03,423.0,
03BF001,2020-11-03,112.0,
03BF001,2021-04-03,,
03BF001,2021-05-03,157.0,
03BF001,2021-06-03,132.0,
03BF001,2021-07-03,112.0,
03BF001,2021-08-03,80.0999984741211,
03BF001,2021-09-03,141.0,
03BF001,2021-10-03,192.0,
03BF001,2021-11-03,162.0,
03BF001,2022-05-03,,
03BF001,2022-06-03,238.0,
03BF001,2022-07-03,108.0,
03BF001,2022-08-03,358.0,
03BF001,2022-09-03,43.20000076293945,
03BF001,2022-10-03,31.399999618530277,
03BF001,2022-11-03,73.0999984741211,
03BF001,2023-05-03,729.0,
03BF001,2023-06-03,44.70000076293945,
03BF001,2023-07-03,13.5,
03BF001,1975-05-04,,
03BF001,1975-06-04,142.0,
03BF001,1975-07-04,67.69999694824219,
03BF001,1975-08-04,96.0,
03BF001,1975-09-04,47.0,
03BF001,1975-10-04,58.900001525878906,
03BF001,1975-11-04,119.0,
03BF001,1975-12-04,70.5,
03BF001,1976-01-04,24.600000381469727,E
03BF001,1976-02-04,14.600000381469728,E
03BF001,1976-03-04,10.399999618530272,E
03BF001,1976-04-04,27.799999237060547,
03BF001,1976-05-04,360.0,
03BF001,1976-06-04,101.0,
03BF001,1976-07-04,46.400001525878906,
03BF001,1976-08-04,144.0,
03BF001,1976-09-04,55.20000076293945,
03BF001,1976-10-04,104.0,
03BF001,1976-11-04,66.30000305175781,
03BF001,1976-12-04,33.099998474121094,E
03BF001,1977-01-04,20.700000762939453,E
03BF001,1977-02-04,16.100000381469727,E
03BF001,1977-03-04,15.100000381469728,E
03BF001,1977-04-04,87.80000305175781,E
03BF001,1977-05-04,190.0,E
03BF001,1977-06-04,45.29999923706055,E
03BF001,1977-07-04,141.0,
03BF001,1977-08-04,41.29999923706055,
03BF001,1977-09-04,266.0,
03BF001,1977-10-04,61.0,
03BF001,1977-11-04,131.0,
03BF001,1977-12-04,58.0,E
03BF001,1978-01-04,18.299999237060547,E
03BF001,1978-02-04,10.300000190734863,E
03BF001,1978-03-04,7.78000020980835,E
03BF001,1978-04-04,7.190000057220459,E
03BF001,1978-05-04,136.0,E
03BF001,1978-06-04,195.0,E
03BF001,1978-07-04,88.5999984741211,
03BF001,1978-08-04,74.4000015258789,
03BF001,1978-09-04,149.0,
03BF001,1978-10-04,82.5,
03BF001,1978-11-04,124.0,
03BF001,1978-12-04,86.0,
03BF001,1979-01-04,33.5,E
03BF001,1979-02-04,19.399999618530277,E
03BF001,1979-03-04,14.199999809265137,E
03BF001,1979-04-04,17.299999237060547,E
03BF001,1979-05-04,339.0,
03BF001,1979-06-04,182.0,
03BF001,1979-07-04,87.5,
03BF001,1979-08-04,96.1999969482422,
03BF001,1979-09-04,235.0,
03BF001,1979-10-04,152.0,
03BF001,1979-11-04,182.0,
03BF001,1979-12-04,130.0,
03BF001,1980-01-04,40.79999923706055,E
03BF001,1980-02-04,22.399999618530277,E
03BF001,1980-03-04,16.200000762939453,E
03BF001,1980-04-04,13.800000190734863,E
03BF001,1980-05-04,458.0,E
03BF001,1980-06-04,65.80000305175781,
03BF001,1980-07-04,101.0,
03BF001,1980-08-04,83.0,
03BF001,1980-09-04,14.199999809265137,
03BF001,1980-10-04,180.0,
03BF001,1980-11-04,102.0,
03BF001,1980-12-04,36.20000076293945,E
03BF001,1981-01-04,20.700000762939453,E
03BF001,1981-02-04,15.800000190734863,E
03BF001,1981-03-04,36.5,E
03BF001,1981-04-04,34.099998474121094,E
03BF001,1981-05-04,284.0,
03BF001,1981-06-04,159.0,
03BF001,1981-07-04,109.0,
03BF001,1981-08-04,21.299999237060547,
03BF001,1981-09-04,24.200000762939453,
03BF001,1981-10-04,124.0,
03BF001,1981-11-04,92.5999984741211,
03BF001,1981-12-04,39.59999847412109,
03BF001,1982-01-04,20.899999618530277,E
03BF001,1982-02-04,12.800000190734863,E
03BF001,1982-03-04,9.829999923706056,E
03BF001,1982-04-04,12.199999809265137,E
03BF001,1982-05-04,424.0,
03BF001,1982-06-04,183.0,
03BF001,1982-07-04,89.19999694824219,
03BF001,1982-08-04,132.0,
03BF001,1982-09-04,171.0,
03BF001,1982-10-04,153.0,
03BF001,1982-11-04,120.0,
03BF001,1982-12-04,99.8000030517578,E
03BF001,1983-01-04,37.0,E
03BF001,1983-02-04,19.600000381469727,E
03BF001,1983-03-04,15.5,E
03BF001,1983-04-04,13.800000190734863,E
03BF001,1983-05-04,420.0,
03BF001,1983-06-04,219.0,
03BF001,1983-07-04,94.0,
03BF001,1983-08-04,40.09999847412109,
03BF001,1983-09-04,29.200000762939453,
03BF001,1983-10-04,170.0,
03BF001,1983-11-04,85.0,
03BF001,1983-12-04,48.0,E
03BF001,1984-01-04,26.399999618530277,E
03BF001,1984-02-04,21.799999237060547,E
03BF001,1984-03-04,20.399999618530277,E
03BF001,1984-04-04,18.100000381469727,
03BF001,1984-05-04,275.0,E
03BF001,1984-06-04,96.1999969482422,
03BF001,1984-07-04,139.0,
03BF001,1984-08-04,70.0999984741211,
03BF001,1984-09-04,35.599998474121094,
03BF001,1984-10-04,181.0,
03BF001,1984-11-04,94.0,
03BF001,1984-12-04,170.0,
03BF001,1985-01-04,100.0,
03BF001,1985-02-04,42.20000076293945,
03BF001,1985-03-04,24.799999237060547,E
03BF001,1985-04-04,19.899999618530277,E
03BF001,1985-05-04,452.0,
03BF001,1985-06-04,212.0,E
03BF001,1985-07-04,87.4000015258789,
03BF001,1985-08-04,104.0,
03BF001,1985-09-04,70.30000305175781,
03BF001,1985-10-04,115.0,
03BF001,1985-11-04,120.0,
03BF001,1985-12-04,61.0,E
03BF001,1986-01-04,33.79999923706055,E
03BF001,1986-02-04,24.899999618530277,E
03BF001,1986-03-04,21.100000381469727,E
03BF001,1986-04-04,20.0,E
03BF001,1986-05-04,640.0,E
03BF001,1986-06-04,275.0,E
03BF001,1986-07-04,99.4000015258789,
03BF001,1986-08-04,63.59999847412109,
03BF001,1986-09-04,137.0,
03BF001,1986-10-04,156.0,
03BF001,1986-11-04,71.4000015258789,
03BF001,1986-12-04,41.5,E
03BF001,1987-01-04,24.799999237060547,E
03BF001,1987-02-04,16.100000381469727,E
03BF001,1987-03-04,11.800000190734863,E
03BF001,1987-04-04,11.600000381469728,E
03BF001,1987-05-04,160.0,
03BF001,1987-06-04,83.5,E
03BF001,1987-07-04,89.5999984741211,
03BF001,1987-08-04,45.79999923706055,
03BF001,1987-09-04,189.0,
03BF001,1987-10-04,120.0,
03BF001,1987-11-04,118.0,
03BF001,1987-12-04,103.0,
03BF001,1988-01-04,46.0,E
03BF001,1988-02-04,25.700000762939453,E
03BF001,1988-03-04,17.100000381469727,E
03BF001,1988-04-04,16.700000762939453,E
03BF001,1988-05-04,281.0,
03BF001,1988-06-04,108.0,
03BF001,1988-07-04,147.0,
03BF001,1988-08-04,22.200000762939453,
03BF001,1988-09-04,55.29999923706055,
03BF001,1988-10-04,153.0,
03BF001,1988-11-04,82.69999694824219,
03BF001,1988-12-04,91.0999984741211,
03BF001,1989-01-04,37.5,E
03BF001,1989-02-04,17.700000762939453,E
03BF001,1989-03-04,10.5,E
03BF001,1989-04-04,7.71999979019165,E
03BF001,1989-05-04,71.30000305175781,
03BF001,1989-06-04,229.0,
03BF001,1989-07-04,73.80000305175781,
03BF001,1989-08-04,34.0,
03BF001,1989-09-04,19.600000381469727,
03BF001,1989-10-04,147.0,
03BF001,1989-11-04,154.0,
03BF001,1989-12-04,62.0,E
03BF001,1990-01-04,30.799999237060547,E
03BF001,1990-02-04,19.799999237060547,
03BF001,1990-03-04,14.699999809265137,E
03BF001,1990-04-04,11.800000190734863,E
03BF001,1990-05-04,702.0,
03BF001,1990-06-04,254.0,
03BF001,1990-07-04,62.20000076293945,
03BF001,1990-08-04,81.4000015258789,
03BF001,1990-09-04,71.69999694824219,
03BF001,1990-10-04,145.0,
03BF001,1990-11-04,155.0,
03BF001,1990-12-04,93.6999969482422,E
03BF001,1991-01-04,44.0,E
03BF001,1991-02-04,24.899999618530277,
03BF001,1991-03-04,16.700000762939453,E
03BF001,1991-04-04,32.79999923706055,E
03BF001,1991-05-04,516.0,
03BF001,1991-06-04,160.0,
03BF001,1991-07-04,74.5,
03BF001,1991-08-04,67.69999694824219,
03BF001,1991-09-04,60.70000076293945,
03BF001,1991-10-04,190.0,
03BF001,1991-11-04,223.0,
03BF001,1991-12-04,62.900001525878906,E
03BF001,1992-01-04,32.0,E
03BF001,1992-02-04,19.299999237060547,E
03BF001,1992-03-04,12.899999618530272,
03BF001,1992-04-04,9.779999732971191,
03BF001,1992-05-04,334.0,
03BF001,1992-06-04,107.0,
03BF001,1992-07-04,45.20000076293945,
03BF001,1992-08-04,55.5,
03BF001,1992-09-04,132.0,
03BF001,1992-10-04,134.0,
03BF001,1992-11-04,117.0,
03BF001,1992-12-04,66.5999984741211,E
03BF001,1993-01-04,37.29999923706055,E
03BF001,1993-02-04,22.0,
03BF001,1993-03-04,14.699999809265137,E
03BF001,1993-04-04,11.800000190734863,
03BF001,1993-05-04,618.0,
03BF001,1993-06-04,208.0,
03BF001,1993-07-04,65.5,
03BF001,1993-08-04,116.0,
03BF001,1993-09-04,129.0,
03BF001,1993-10-04,153.0,
03BF001,1993-11-04,97.1999969482422,
03BF001,1993-12-04,39.29999923706055,E
03BF001,1994-01-04,21.600000381469727,E
03BF001,1994-02-04,13.699999809265137,
03BF001,1994-03-04,10.600000381469728,
03BF001,1994-04-04,9.920000076293944,
03BF001,1994-05-04,68.0,
03BF001,1994-06-04,130.0,
03BF001,1994-07-04,82.5999984741211,
03BF001,1994-08-04,136.0,
03BF001,1994-09-04,296.0,
03BF001,1994-10-04,218.0,
03BF001,1994-11-04,117.0,
03BF001,1994-12-04,94.6999969482422,E
03BF001,1995-01-04,41.70000076293945,E
03BF001,1995-02-04,25.700000762939453,
03BF001,1995-03-04,21.100000381469727,E
03BF001,1995-04-04,19.899999618530277,
03BF001,1995-05-04,437.0,
03BF001,1995-06-04,143.0,
03BF001,1995-07-04,97.5999984741211,
03BF001,1995-08-04,89.0999984741211,
03BF001,1995-09-04,85.4000015258789,
03BF001,1995-10-04,249.0,
03BF001,1995-11-04,183.0,
03BF001,1995-12-04,69.80000305175781,E
03BF001,1996-01-04,36.0,E
03BF001,1996-02-04,23.200000762939453,E
03BF001,1996-03-04,19.899999618530277,E
03BF001,1996-04-04,18.100000381469727,E
03BF001,1996-05-04,153.0,
03BF001,1996-06-04,222.0,
03BF001,1996-07-04,124.0,
03BF001,1996-08-04,42.20000076293945,
03BF001,1996-09-04,125.0,
03BF001,1996-10-04,127.0,
03BF001,1996-11-04,115.0,
03BF001,1996-12-04,75.5999984741211,
03BF001,1997-01-04,39.79999923706055,E
03BF001,1997-02-04,21.700000762939453,
03BF001,1997-03-04,15.199999809265137,E
03BF001,1997-04-04,14.300000190734863,
03BF001,1997-05-04,410.0,
03BF001,1997-06-04,128.0,
03BF001,1997-07-04,53.400001525878906,
03BF001,1997-08-04,34.5,
03BF001,1998-04-04,,
03BF001,1998-05-04,120.0,
03BF001,1998-06-04,132.0,
03BF001,1998-07-04,36.20000076293945,
03BF001,1998-08-04,177.0,
03BF001,1998-09-04,144.0,
03BF001,1998-10-04,112.0,
03BF001,1998-11-04,143.0,
03BF001,1998-12-04,62.400001525878906,
03BF001,1999-01-04,39.70000076293945,
03BF001,1999-02-04,28.5,
03BF001,1999-03-04,23.299999237060547,
03BF001,1999-04-04,22.0,
03BF001,1999-05-04,771.0,
03BF001,1999-06-04,153.0,
03BF001,1999-07-04,220.0,
03BF001,1999-08-04,196.0,
03BF001,1999-09-04,56.79999923706055,
03BF001,1999-10-04,250.0,
03BF001,1999-11-04,166.0,
03BF001,1999-12-04,130.0,
03BF001,2000-01-04,39.20000076293945,
03BF001,2000-02-04,26.100000381469727,
03BF001,2000-03-04,24.799999237060547,B
03BF001,2000-04-04,162.0,
03BF001,2000-05-04,318.0,
03BF001,2000-06-04,146.0,
03BF001,2000-07-04,173.0,
03BF001,2000-08-04,40.0,
03BF001,2000-09-04,92.4000015258789,
03BF001,2000-10-04,233.0,
03BF001,2000-11-04,104.0,
03BF001,2000-12-04,45.5,
03BF001,2001-01-04,25.700000762939453,
03BF001,2001-02-04,18.200000762939453,
03BF001,2001-03-04,15.0,
03BF001,2001-04-04,13.100000381469728,
03BF001,2001-05-04,619.0,
03BF001,2001-06-04,56.0,
03BF001,2001-07-04,51.900001525878906,
03BF001,2001-08-04,25.799999237060547,
03BF001,2001-09-04,107.0,
03BF001,2001-10-04,48.20000076293945,
03BF001,2001-11-04,153.0,
03BF001,2001-12-04,172.0,
03BF001,2002-01-04,45.59999847412109,
03BF001,2002-02-04,23.299999237060547,
03BF001,2002-03-04,16.899999618530273,
03BF001,2002-04-04,14.699999809265137,
03BF001,2002-05-04,348.0,
03BF001,2002-06-04,276.0,
03BF001,2002-07-04,39.900001525878906,
03BF001,2002-08-04,172.0,
03BF001,2002-09-04,62.400001525878906,
03BF001,2002-10-04,160.0,
03BF001,2002-11-04,111.0,
03BF001,2002-12-04,45.70000076293945,
03BF001,2003-01-04,24.299999237060547,
03BF001,2003-02-04,16.799999237060547,
03BF001,2003-03-04,13.399999618530272,
03BF001,2003-04-04,13.300000190734863,
03BF001,2003-05-04,170.0,
03BF001,2003-06-04,80.69999694824219,
03BF001,2003-07-04,90.8000030517578,
03BF001,2003-08-04,41.79999923706055,
03BF001,2003-09-04,136.0,
03BF001,2003-10-04,97.5,
03BF001,2003-11-04,68.19999694824219,
03BF001,2003-12-04,129.0,
03BF001,2004-01-04,44.900001525878906,
03BF001,2004-02-04,23.899999618530277,
03BF001,2004-03-04,18.299999237060547,
03BF001,2004-04-04,18.200000762939453,
03BF001,2004-05-04,78.19999694824219,
03BF001,2005-04-04,,
03BF001,2005-05-04,488.0,
03BF001,2005-06-04,69.9000015258789,
03BF001,2005-07-04,203.0,
03BF001,2005-08-04,59.79999923706055,
03BF001,2005-09-04,111.0,
03BF001,2005-10-04,280.0,
03BF001,2005-11-04,129.0,
03BF001,2006-04-04,,
03BF001,2006-05-04,259.0,
03BF001,2006-06-04,69.5,
03BF001,2006-07-04,45.70000076293945,
03BF001,2006-08-04,48.400001525878906,
03BF001,2006-09-04,47.20000076293945,
03BF001,2006-10-04,66.19999694824219,
03BF001,2006-11-04,116.0,
03BF001,2008-07-04,,
03BF001,2008-08-04,178.0,
03BF001,2008-09-04,64.5,
03BF001,2008-10-04,84.19999694824219,
03BF001,2008-11-04,116.0,
03BF001,2008-12-04,63.09999847412109,
03BF001,2009-01-04,37.70000076293945,
03BF001,2009-02-04,25.899999618530277,
03BF001,2009-03-04,21.399999618530277,
03BF001,2009-04-04,24.399999618530277,
03BF001,2009-05-04,,
03BF001,2009-06-04,162.0,
03BF001,2009-07-04,66.5999984741211,
03BF001,2009-08-04,40.29999923706055,
03BF001,2009-09-04,64.80000305175781,
03BF001,2009-10-04,174.0,
03BF001,2009-11-04,136.0,
03BF001,2009-12-04,63.70000076293945,
03BF001,2010-01-04,32.099998474121094,
03BF001,2010-02-04,22.5,
03BF001,2010-03-04,18.100000381469727,
03BF001,2010-04-04,44.59999847412109,
03BF001,2010-05-04,82.5,
03BF001,2010-06-04,43.29999923706055,
03BF001,2010-07-04,34.900001525878906,
03BF001,2010-08-04,145.0,
03BF001,2010-09-04,64.30000305175781,
03BF001,2010-10-04,59.79999923706055,
03BF001,2010-11-04,73.19999694824219,
03BF001,2010-12-04,181.0,
03BF001,2011-01-04,66.5,
03BF001,2011-02-04,26.899999618530277,
03BF001,2011-03-04,17.299999237060547,
03BF001,2011-04-04,,
03BF001,2011-07-04,,
03BF001,2011-08-04,41.20000076293945,
03BF001,2011-09-04,42.5,
03BF001,2011-10-04,123.0,
03BF001,2011-11-04,151.0,
03BF001,2011-12-04,74.9000015258789,
03BF001,2012-01-04,36.400001525878906,
03BF001,2012-02-04,26.0,
03BF001,2012-03-04,19.200000762939453,
03BF001,2012-04-04,140.0,
03BF001,2012-05-04,199.0,
03BF001,2012-06-04,156.0,
03BF001,2012-07-04,57.79999923706055,
03BF001,2012-08-04,98.3000030517578,
03BF001,2012-09-04,106.0,
03BF001,2012-10-04,145.0,
03BF001,2012-11-04,256.0,
03BF001,2012-12-04,88.80000305175781,B
03BF001,2013-01-04,45.400001525878906,B
03BF001,2013-02-04,26.299999237060547,B
03BF001,2013-03-04,18.899999618530277,B
03BF001,2013-04-04,18.0,B
03BF001,2013-05-04,,
03BF001,2013-10-04,,
03BF001,2013-11-04,129.0,
03BF001,2013-12-04,99.4000015258789,B
03BF001,2014-01-04,34.79999923706055,B
03BF001,2014-02-04,18.299999237060547,B
03BF001,2014-03-04,12.300000190734863,B
03BF001,2014-04-04,9.56999969482422,B
03BF001,2014-05-04,183.0,B
03BF001,2014-06-04,201.0,
03BF001,2014-07-04,64.4000015258789,
03BF001,2014-08-04,193.0,
03BF001,2014-09-04,65.5999984741211,
03BF001,2014-10-04,80.4000015258789,
03BF001,2014-11-04,192.0,
03BF001,2014-12-04,77.4000015258789,B
03BF001,2015-01-04,34.599998474121094,B
03BF001,2015-02-04,20.700000762939453,B
03BF001,2015-03-04,15.899999618530272,B
03BF001,2015-04-04,14.0,B
03BF001,2015-05-04,994.0,
03BF001,2015-06-04,239.0,
03BF001,2015-07-04,71.69999694824219,
03BF001,2015-08-04,151.0,
03BF001,2015-09-04,100.0,
03BF001,2015-10-04,93.4000015258789,
03BF001,2015-11-04,228.0,
03BF001,2015-12-04,80.19999694824219,B
03BF001,2016-01-04,52.70000076293945,B
03BF001,2016-02-04,31.200000762939453,B
03BF001,2016-03-04,22.299999237060547,B
03BF001,2016-04-04,18.5,B
03BF001,2016-05-04,214.0,B
03BF001,2016-06-04,184.0,
03BF001,2016-07-04,104.0,
03BF001,2016-08-04,59.400001525878906,
03BF001,2016-09-04,132.0,
03BF001,2016-10-04,114.0,
03BF001,2016-11-04,178.0,
03BF001,2017-05-04,,
03BF001,2017-06-04,143.0,
03BF001,2017-07-04,206.0,
03BF001,2017-08-04,32.29999923706055,
03BF001,2017-09-04,72.9000015258789,
03BF001,2017-10-04,90.3000030517578,
03BF001,2017-11-04,335.0,
03BF001,2018-05-04,,
03BF001,2018-06-04,355.0,
03BF001,2018-07-04,50.09999847412109,
03BF001,2019-08-04,,
03BF001,2019-09-04,46.70000076293945,
03BF001,2019-10-04,142.0,
03BF001,2019-11-04,107.0,
03BF001,2020-05-04,,
03BF001,2020-06-04,307.0,
03BF001,2020-07-04,77.0,
03BF001,2020-08-04,120.0,
03BF001,2020-09-04,112.0,
03BF001,2020-10-04,373.0,
03BF001,2020-11-04,111.0,
03BF001,2021-04-04,,
03BF001,2021-05-04,154.0,
03BF001,2021-06-04,120.0,
03BF001,2021-07-04,99.0,
03BF001,2021-08-04,79.5999984741211,
03BF001,2021-09-04,142.0,
03BF001,2021-10-04,174.0,
03BF001,2021-11-04,179.0,
03BF001,2022-05-04,,
03BF001,2022-06-04,211.0,
03BF001,2022-07-04,122.0,
03BF001,2022-08-04,386.0,
03BF001,2022-09-04,56.0,
03BF001,2022-10-04,30.399999618530277,
03BF001,2022-11-04,67.4000015258789,
03BF001,2023-05-04,641.0,
03BF001,2023-06-04,40.29999923706055,
03BF001,2023-07-04,13.0,
03BF001,1975-05-05,,
03BF001,1975-06-05,135.0,
03BF001,1975-07-05,63.400001525878906,
03BF001,1975-08-05,115.0,
03BF001,1975-09-05,45.59999847412109,
03BF001,1975-10-05,65.4000015258789,
03BF001,1975-11-05,143.0,
03BF001,1975-12-05,70.5,
03BF001,1976-01-05,24.100000381469727,E
03BF001,1976-02-05,14.300000190734863,E
03BF001,1976-03-05,10.300000190734863,E
03BF001,1976-04-05,32.0,
03BF001,1976-05-05,334.0,
03BF001,1976-06-05,96.3000030517578,
03BF001,1976-07-05,41.59999847412109,
03BF001,1976-08-05,191.0,
03BF001,1976-09-05,56.59999847412109,
03BF001,1976-10-05,98.0,
03BF001,1976-11-05,61.400001525878906,
03BF001,1976-12-05,32.29999923706055,E
03BF001,1977-01-05,20.399999618530277,E
03BF001,1977-02-05,16.100000381469727,E
03BF001,1977-03-05,15.100000381469728,E
03BF001,1977-04-05,86.4000015258789,E
03BF001,1977-05-05,183.0,E
03BF001,1977-06-05,45.29999923706055,E
03BF001,1977-07-05,127.0,
03BF001,1977-08-05,37.400001525878906,
03BF001,1977-09-05,251.0,
03BF001,1977-10-05,58.20000076293945,
03BF001,1977-11-05,141.0,
03BF001,1977-12-05,55.0,E
03BF001,1978-01-05,17.899999618530273,E
03BF001,1978-02-05,10.199999809265137,E
03BF001,1978-03-05,7.699999809265137,E
03BF001,1978-04-05,7.199999809265137,E
03BF001,1978-05-05,126.0,E
03BF001,1978-06-05,166.0,E
03BF001,1978-07-05,80.19999694824219,
03BF001,1978-08-05,70.0,
03BF001,1978-09-05,178.0,
03BF001,1978-10-05,78.5,
03BF001,1978-11-05,124.0,
03BF001,1978-12-05,88.5,
03BF001,1979-01-05,32.79999923706055,E
03BF001,1979-02-05,19.0,E
03BF001,1979-03-05,14.100000381469728,E
03BF001,1979-04-05,17.5,E
03BF001,1979-05-05,344.0,
03BF001,1979-06-05,174.0,
03BF001,1979-07-05,85.69999694824219,
03BF001,1979-08-05,86.5999984741211,
03BF001,1979-09-05,242.0,
03BF001,1979-10-05,162.0,
03BF001,1979-11-05,172.0,E
03BF001,1979-12-05,118.0,
03BF001,1980-01-05,39.5,E
03BF001,1980-02-05,22.0,E
03BF001,1980-03-05,16.0,E
03BF001,1980-04-05,13.800000190734863,E
03BF001,1980-05-05,418.0,E
03BF001,1980-06-05,62.09999847412109,
03BF001,1980-07-05,108.0,
03BF001,1980-08-05,76.80000305175781,
03BF001,1980-09-05,14.199999809265137,
03BF001,1980-10-05,180.0,
03BF001,1980-11-05,98.0,
03BF001,1980-12-05,35.400001525878906,E
03BF001,1981-01-05,20.399999618530277,E
03BF001,1981-02-05,15.699999809265137,E
03BF001,1981-03-05,36.09999847412109,E
03BF001,1981-04-05,34.79999923706055,E
03BF001,1981-05-05,395.0,
03BF001,1981-06-05,148.0,
03BF001,1981-07-05,98.5,
03BF001,1981-08-05,21.299999237060547,
03BF001,1981-09-05,31.899999618530277,
03BF001,1981-10-05,122.0,
03BF001,1981-11-05,93.1999969482422,
03BF001,1981-12-05,39.59999847412109,
03BF001,1982-01-05,20.299999237060547,E
03BF001,1982-02-05,12.699999809265137,E
03BF001,1982-03-05,9.800000190734863,E
03BF001,1982-04-05,12.100000381469728,E
03BF001,1982-05-05,562.0,
03BF001,1982-06-05,179.0,
03BF001,1982-07-05,85.30000305175781,
03BF001,1982-08-05,124.0,
03BF001,1982-09-05,172.0,
03BF001,1982-10-05,157.0,
03BF001,1982-11-05,114.0,
03BF001,1982-12-05,99.9000015258789,E
03BF001,1983-01-05,36.0,E
03BF001,1983-02-05,19.299999237060547,E
03BF001,1983-03-05,15.399999618530272,E
03BF001,1983-04-05,13.699999809265137,E
03BF001,1983-05-05,430.0,
03BF001,1983-06-05,205.0,
03BF001,1983-07-05,114.0,
03BF001,1983-08-05,44.20000076293945,
03BF001,1983-09-05,29.799999237060547,
03BF001,1983-10-05,178.0,
03BF001,1983-11-05,85.0,
03BF001,1983-12-05,46.0,E
03BF001,1984-01-05,26.200000762939453,E
03BF001,1984-02-05,21.700000762939453,E
03BF001,1984-03-05,20.200000762939453,E
03BF001,1984-04-05,17.700000762939453,
03BF001,1984-05-05,264.0,E
03BF001,1984-06-05,92.6999969482422,
03BF001,1984-07-05,132.0,
03BF001,1984-08-05,69.19999694824219,
03BF001,1984-09-05,34.0,
03BF001,1984-10-05,180.0,
03BF001,1984-11-05,130.0,
03BF001,1984-12-05,147.0,
03BF001,1985-01-05,91.5,
03BF001,1985-02-05,39.900001525878906,
03BF001,1985-03-05,24.5,E
03BF001,1985-04-05,19.899999618530277,E
03BF001,1985-05-05,430.0,E
03BF001,1985-06-05,207.0,E
03BF001,1985-07-05,91.8000030517578,
03BF001,1985-08-05,94.6999969482422,
03BF001,1985-09-05,67.19999694824219,
03BF001,1985-10-05,113.0,
03BF001,1985-11-05,120.0,
03BF001,1985-12-05,59.5,E
03BF001,1986-01-05,33.20000076293945,E
03BF001,1986-02-05,24.799999237060547,E
03BF001,1986-03-05,21.0,E
03BF001,1986-04-05,20.0,E
03BF001,1986-05-05,580.0,E
03BF001,1986-06-05,265.0,E
03BF001,1986-07-05,92.5,
03BF001,1986-08-05,64.4000015258789,
03BF001,1986-09-05,127.0,
03BF001,1986-10-05,160.0,
03BF001,1986-11-05,68.69999694824219,
03BF001,1986-12-05,40.5,E
03BF001,1987-01-05,24.5,E
03BF001,1987-02-05,15.800000190734863,E
03BF001,1987-03-05,11.699999809265137,E
03BF001,1987-04-05,11.699999809265137,E
03BF001,1987-05-05,148.0,
03BF001,1987-06-05,81.0,E
03BF001,1987-07-05,83.80000305175781,
03BF001,1987-08-05,48.400001525878906,
03BF001,1987-09-05,173.0,
03BF001,1987-10-05,111.0,
03BF001,1987-11-05,132.0,
03BF001,1987-12-05,96.3000030517578,
03BF001,1988-01-05,45.0,E
03BF001,1988-02-05,25.200000762939453,E
03BF001,1988-03-05,16.899999618530273,E
03BF001,1988-04-05,17.0,E
03BF001,1988-05-05,269.0,
03BF001,1988-06-05,97.0,
03BF001,1988-07-05,125.0,
03BF001,1988-08-05,21.600000381469727,
03BF001,1988-09-05,62.5,
03BF001,1988-10-05,143.0,
03BF001,1988-11-05,78.19999694824219,
03BF001,1988-12-05,89.69999694824219,
03BF001,1989-01-05,36.400001525878906,E
03BF001,1989-02-05,17.299999237060547,E
03BF001,1989-03-05,10.300000190734863,E
03BF001,1989-04-05,7.699999809265137,E
03BF001,1989-05-05,123.0,
03BF001,1989-06-05,209.0,
03BF001,1989-07-05,67.69999694824219,
03BF001,1989-08-05,32.20000076293945,
03BF001,1989-09-05,19.5,
03BF001,1989-10-05,153.0,
03BF001,1989-11-05,152.0,
03BF001,1989-12-05,60.0,E
03BF001,1990-01-05,30.200000762939453,E
03BF001,1990-02-05,19.5,
03BF001,1990-03-05,14.600000381469728,E
03BF001,1990-04-05,11.699999809265137,E
03BF001,1990-05-05,595.0,
03BF001,1990-06-05,354.0,
03BF001,1990-07-05,57.79999923706055,
03BF001,1990-08-05,93.0,
03BF001,1990-09-05,90.9000015258789,
03BF001,1990-10-05,164.0,
03BF001,1990-11-05,150.0,E
03BF001,1990-12-05,90.5,E
03BF001,1991-01-05,43.09999847412109,E
03BF001,1991-02-05,24.5,
03BF001,1991-03-05,16.5,E
03BF001,1991-04-05,38.70000076293945,E
03BF001,1991-05-05,466.0,
03BF001,1991-06-05,146.0,
03BF001,1991-07-05,67.4000015258789,
03BF001,1991-08-05,69.4000015258789,
03BF001,1991-09-05,64.19999694824219,
03BF001,1991-10-05,179.0,
03BF001,1991-11-05,220.0,
03BF001,1991-12-05,61.70000076293945,E
03BF001,1992-01-05,31.299999237060547,E
03BF001,1992-02-05,19.0,E
03BF001,1992-03-05,12.600000381469728,
03BF001,1992-04-05,9.760000228881836,
03BF001,1992-05-05,365.0,
03BF001,1992-06-05,102.0,
03BF001,1992-07-05,42.900001525878906,
03BF001,1992-08-05,50.5,
03BF001,1992-09-05,130.0,
03BF001,1992-10-05,128.0,
03BF001,1992-11-05,116.0,
03BF001,1992-12-05,65.0,E
03BF001,1993-01-05,36.79999923706055,E
03BF001,1993-02-05,21.700000762939453,
03BF001,1993-03-05,14.600000381469728,E
03BF001,1993-04-05,11.800000190734863,
03BF001,1993-05-05,666.0,
03BF001,1993-06-05,208.0,
03BF001,1993-07-05,62.900001525878906,
03BF001,1993-08-05,115.0,
03BF001,1993-09-05,154.0,
03BF001,1993-10-05,153.0,
03BF001,1993-11-05,92.8000030517578,
03BF001,1993-12-05,38.5,E
03BF001,1994-01-05,21.200000762939453,E
03BF001,1994-02-05,13.5,
03BF001,1994-03-05,10.5,
03BF001,1994-04-05,9.960000038146973,
03BF001,1994-05-05,80.0,
03BF001,1994-06-05,128.0,
03BF001,1994-07-05,83.0,
03BF001,1994-08-05,128.0,
03BF001,1994-09-05,258.0,
03BF001,1994-10-05,205.0,
03BF001,1994-11-05,111.0,
03BF001,1994-12-05,92.5,E
03BF001,1995-01-05,41.0,E
03BF001,1995-02-05,25.399999618530277,
03BF001,1995-03-05,20.899999618530277,E
03BF001,1995-04-05,19.899999618530277,
03BF001,1995-05-05,424.0,
03BF001,1995-06-05,134.0,
03BF001,1995-07-05,108.0,
03BF001,1995-08-05,82.69999694824219,
03BF001,1995-09-05,80.5,
03BF001,1995-10-05,258.0,
03BF001,1995-11-05,165.0,
03BF001,1995-12-05,68.0999984741211,E
03BF001,1996-01-05,35.29999923706055,E
03BF001,1996-02-05,23.100000381469727,E
03BF001,1996-03-05,19.899999618530277,E
03BF001,1996-04-05,18.0,E
03BF001,1996-05-05,155.0,
03BF001,1996-06-05,211.0,
03BF001,1996-07-05,111.0,
03BF001,1996-08-05,39.5,
03BF001,1996-09-05,121.0,
03BF001,1996-10-05,158.0,
03BF001,1996-11-05,107.0,
03BF001,1996-12-05,74.69999694824219,
03BF001,1997-01-05,38.79999923706055,E
03BF001,1997-02-05,21.399999618530277,
03BF001,1997-03-05,15.100000381469728,E
03BF001,1997-04-05,14.699999809265137,
03BF001,1997-05-05,367.0,
03BF001,1997-06-05,119.0,
03BF001,1997-07-05,55.400001525878906,
03BF001,1997-08-05,34.70000076293945,
03BF001,1998-04-05,,
03BF001,1998-05-05,113.0,
03BF001,1998-06-05,124.0,
03BF001,1998-07-05,35.099998474121094,
03BF001,1998-08-05,163.0,
03BF001,1998-09-05,135.0,
03BF001,1998-10-05,107.0,
03BF001,1998-11-05,140.0,
03BF001,1998-12-05,61.400001525878906,
03BF001,1999-01-05,39.20000076293945,
03BF001,1999-02-05,28.200000762939453,
03BF001,1999-03-05,23.200000762939453,
03BF001,1999-04-05,22.200000762939453,
03BF001,1999-05-05,827.0,
03BF001,1999-06-05,143.0,
03BF001,1999-07-05,211.0,
03BF001,1999-08-05,185.0,
03BF001,1999-09-05,55.5,
03BF001,1999-10-05,249.0,
03BF001,1999-11-05,157.0,
03BF001,1999-12-05,120.0,
03BF001,2000-01-05,38.400001525878906,
03BF001,2000-02-05,25.899999618530277,
03BF001,2000-03-05,24.700000762939453,B
03BF001,2000-04-05,173.0,
03BF001,2000-05-05,342.0,
03BF001,2000-06-05,134.0,
03BF001,2000-07-05,169.0,
03BF001,2000-08-05,44.400001525878906,
03BF001,2000-09-05,85.5999984741211,
03BF001,2000-10-05,262.0,
03BF001,2000-11-05,101.0,
03BF001,2000-12-05,44.5,
03BF001,2001-01-05,25.299999237060547,
03BF001,2001-02-05,18.0,
03BF001,2001-03-05,14.899999618530272,
03BF001,2001-04-05,13.100000381469728,
03BF001,2001-05-05,559.0,
03BF001,2001-06-05,54.5,
03BF001,2001-07-05,53.0,
03BF001,2001-08-05,31.399999618530277,
03BF001,2001-09-05,102.0,
03BF001,2001-10-05,47.0,
03BF001,2001-11-05,168.0,
03BF001,2001-12-05,151.0,
03BF001,2002-01-05,44.29999923706055,
03BF001,2002-02-05,22.899999618530277,
03BF001,2002-03-05,16.799999237060547,
03BF001,2002-04-05,14.699999809265137,
03BF001,2002-05-05,322.0,
03BF001,2002-06-05,288.0,
03BF001,2002-07-05,38.900001525878906,
03BF001,2002-08-05,152.0,
03BF001,2002-09-05,65.30000305175781,
03BF001,2002-10-05,273.0,
03BF001,2002-11-05,105.0,
03BF001,2002-12-05,44.5,
03BF001,2003-01-05,24.0,
03BF001,2003-02-05,16.600000381469727,
03BF001,2003-03-05,13.300000190734863,
03BF001,2003-04-05,13.300000190734863,
03BF001,2003-05-05,188.0,
03BF001,2003-06-05,74.0999984741211,
03BF001,2003-07-05,82.69999694824219,
03BF001,2003-08-05,42.70000076293945,
03BF001,2003-09-05,186.0,
03BF001,2003-10-05,95.5999984741211,
03BF001,2003-11-05,66.30000305175781,
03BF001,2003-12-05,114.0,
03BF001,2004-01-05,43.79999923706055,
03BF001,2004-02-05,23.600000381469727,
03BF001,2004-03-05,18.100000381469727,
03BF001,2004-04-05,18.299999237060547,
03BF001,2004-05-05,91.9000015258789,
03BF001,2005-04-05,,
03BF001,2005-05-05,437.0,
03BF001,2005-06-05,66.5,
03BF001,2005-07-05,192.0,
03BF001,2005-08-05,74.19999694824219,
03BF001,2005-09-05,125.0,
03BF001,2005-10-05,258.0,
03BF001,2005-11-05,124.0,
03BF001,2006-04-05,,
03BF001,2006-05-05,247.0,
03BF001,2006-06-05,64.0,
03BF001,2006-07-05,44.900001525878906,
03BF001,2006-08-05,44.09999847412109,
03BF001,2006-09-05,44.09999847412109,
03BF001,2006-10-05,62.09999847412109,
03BF001,2006-11-05,105.0,
03BF001,2008-07-05,,
03BF001,2008-08-05,166.0,
03BF001,2008-09-05,60.5,
03BF001,2008-10-05,120.0,
03BF001,2008-11-05,128.0,
03BF001,2008-12-05,61.5,
03BF001,2009-01-05,37.20000076293945,
03BF001,2009-02-05,25.600000381469727,
03BF001,2009-03-05,21.299999237060547,
03BF001,2009-04-05,26.399999618530277,
03BF001,2009-05-05,,
03BF001,2009-06-05,153.0,
03BF001,2009-07-05,84.19999694824219,
03BF001,2009-08-05,43.70000076293945,
03BF001,2009-09-05,58.70000076293945,
03BF001,2009-10-05,157.0,
03BF001,2009-11-05,138.0,
03BF001,2009-12-05,60.900001525878906,
03BF001,2010-01-05,31.600000381469727,
03BF001,2010-02-05,22.299999237060547,
03BF001,2010-03-05,18.0,
03BF001,2010-04-05,194.0,
03BF001,2010-05-05,84.30000305175781,
03BF001,2010-06-05,43.5,
03BF001,2010-07-05,38.29999923706055,
03BF001,2010-08-05,133.0,
03BF001,2010-09-05,63.900001525878906,
03BF001,2010-10-05,60.400001525878906,
03BF001,2010-11-05,72.69999694824219,
03BF001,2010-12-05,182.0,
03BF001,2011-01-05,74.30000305175781,
03BF001,2011-02-05,26.299999237060547,
03BF001,2011-03-05,17.100000381469727,
03BF001,2011-04-05,,
03BF001,2011-07-05,,
03BF001,2011-08-05,42.20000076293945,
03BF001,2011-09-05,44.70000076293945,
03BF001,2011-10-05,114.0,
03BF001,2011-11-05,153.0,
03BF001,2011-12-05,69.30000305175781,
03BF001,2012-01-05,35.5,
03BF001,2012-02-05,26.100000381469727,
03BF001,2012-03-05,19.299999237060547,
03BF001,2012-04-05,126.0,
03BF001,2012-05-05,214.0,
03BF001,2012-06-05,140.0,
03BF001,2012-07-05,54.70000076293945,
03BF001,2012-08-05,104.0,
03BF001,2012-09-05,94.0999984741211,
03BF001,2012-10-05,134.0,
03BF001,2012-11-05,236.0,
03BF001,2012-12-05,86.5999984741211,B
03BF001,2013-01-05,44.5,B
03BF001,2013-02-05,25.899999618530277,B
03BF001,2013-03-05,18.799999237060547,B
03BF001,2013-04-05,18.200000762939453,B
03BF001,2013-05-05,,
03BF001,2013-10-05,,
03BF001,2013-11-05,124.0,
03BF001,2013-12-05,94.9000015258789,B
03BF001,2014-01-05,33.900001525878906,B
03BF001,2014-02-05,18.0,B
03BF001,2014-03-05,12.199999809265137,B
03BF001,2014-04-05,9.550000190734863,B
03BF001,2014-05-05,305.0,B
03BF001,2014-06-05,221.0,
03BF001,2014-07-05,67.0,
03BF001,2014-08-05,192.0,
03BF001,2014-09-05,63.59999847412109,
03BF001,2014-10-05,78.9000015258789,
03BF001,2014-11-05,180.0,
03BF001,2014-12-05,75.0999984741211,B
03BF001,2015-01-05,33.79999923706055,B
03BF001,2015-02-05,20.5,B
03BF001,2015-03-05,15.800000190734863,B
03BF001,2015-04-05,14.0,B
03BF001,2015-05-05,982.0,
03BF001,2015-06-05,216.0,
03BF001,2015-07-05,67.9000015258789,
03BF001,2015-08-05,148.0,
03BF001,2015-09-05,88.69999694824219,
03BF001,2015-10-05,87.0,
03BF001,2015-11-05,229.0,
03BF001,2015-12-05,78.0999984741211,B
03BF001,2016-01-05,50.79999923706055,B
03BF001,2016-02-05,30.799999237060547,B
03BF001,2016-03-05,22.100000381469727,B
03BF001,2016-04-05,18.399999618530277,B
03BF001,2016-05-05,320.0,B
03BF001,2016-06-05,176.0,
03BF001,2016-07-05,97.9000015258789,
03BF001,2016-08-05,60.29999923706055,
03BF001,2016-09-05,121.0,
03BF001,2016-10-05,106.0,
03BF001,2016-11-05,188.0,
03BF001,2017-05-05,,
03BF001,2017-06-05,137.0,
03BF001,2017-07-05,233.0,
03BF001,2017-08-05,33.29999923706055,
03BF001,2017-09-05,69.80000305175781,
03BF001,2017-10-05,108.0,
03BF001,2017-11-05,300.0,
03BF001,2018-05-05,,
03BF001,2018-06-05,313.0,
03BF001,2018-07-05,48.20000076293945,
03BF001,2019-08-05,,
03BF001,2019-09-05,50.400001525878906,
03BF001,2019-10-05,134.0,
03BF001,2019-11-05,99.9000015258789,
03BF001,2020-05-05,,
03BF001,2020-06-05,269.0,
03BF001,2020-07-05,69.19999694824219,
03BF001,2020-08-05,114.0,
03BF001,2020-09-05,158.0,
03BF001,2020-10-05,324.0,
03BF001,2020-11-05,112.0,
03BF001,2021-04-05,,
03BF001,2021-05-05,150.0,
03BF001,2021-06-05,113.0,
03BF001,2021-07-05,88.9000015258789,
03BF001,2021-08-05,76.9000015258789,
03BF001,2021-09-05,135.0,
03BF001,2021-10-05,158.0,
03BF001,2021-11-05,173.0,
03BF001,2022-05-05,,
03BF001,2022-06-05,202.0,
03BF001,2022-07-05,118.0,
03BF001,2022-08-05,366.0,
03BF001,2022-09-05,69.4000015258789,
03BF001,2022-10-05,29.5,
03BF001,2022-11-05,66.80000305175781,
03BF001,2023-05-05,558.0,
03BF001,2023-06-05,36.70000076293945,
03BF001,2023-07-05,12.399999618530272,
03BF001,1975-05-06,,
03BF001,1975-06-06,128.0,
03BF001,1975-07-06,59.5,
03BF001,1975-08-06,155.0,
03BF001,1975-09-06,43.0,
03BF001,1975-10-06,69.9000015258789,
03BF001,1975-11-06,163.0,
03BF001,1975-12-06,64.80000305175781,
03BF001,1976-01-06,23.600000381469727,E
03BF001,1976-02-06,14.0,E
03BF001,1976-03-06,10.300000190734863,E
03BF001,1976-04-06,40.79999923706055,
03BF001,1976-05-06,300.0,
03BF001,1976-06-06,87.5,
03BF001,1976-07-06,38.79999923706055,
03BF001,1976-08-06,230.0,
03BF001,1976-09-06,52.400001525878906,
03BF001,1976-10-06,93.6999969482422,
03BF001,1976-11-06,58.59999847412109,
03BF001,1976-12-06,32.0,E
03BF001,1977-01-06,20.100000381469727,E
03BF001,1977-02-06,16.0,E
03BF001,1977-03-06,15.199999809265137,E
03BF001,1977-04-06,83.0,E
03BF001,1977-05-06,170.0,E
03BF001,1977-06-06,44.70000076293945,E
03BF001,1977-07-06,112.0,
03BF001,1977-08-06,35.70000076293945,
03BF001,1977-09-06,229.0,
03BF001,1977-10-06,58.0,
03BF001,1977-11-06,157.0,
03BF001,1977-12-06,52.5,E
03BF001,1978-01-06,17.399999618530273,E
03BF001,1978-02-06,10.0,E
03BF001,1978-03-06,7.679999828338623,E
03BF001,1978-04-06,7.239999771118164,E
03BF001,1978-05-06,120.0,E
03BF001,1978-06-06,145.0,E
03BF001,1978-07-06,75.69999694824219,
03BF001,1978-08-06,67.5,
03BF001,1978-09-06,197.0,
03BF001,1978-10-06,79.4000015258789,
03BF001,1978-11-06,121.0,
03BF001,1978-12-06,77.69999694824219,
03BF001,1979-01-06,32.0,E
03BF001,1979-02-06,18.700000762939453,E
03BF001,1979-03-06,13.899999618530272,E
03BF001,1979-04-06,17.700000762939453,E
03BF001,1979-05-06,343.0,
03BF001,1979-06-06,166.0,
03BF001,1979-07-06,79.0999984741211,
03BF001,1979-08-06,77.30000305175781,
03BF001,1979-09-06,243.0,
03BF001,1979-10-06,165.0,
03BF001,1979-11-06,165.0,E
03BF001,1979-12-06,107.0,
03BF001,1980-01-06,38.29999923706055,E
03BF001,1980-02-06,21.799999237060547,E
03BF001,1980-03-06,15.899999618530272,E
03BF001,1980-04-06,13.800000190734863,E
03BF001,1980-05-06,385.0,E
03BF001,1980-06-06,59.0,
03BF001,1980-07-06,108.0,
03BF001,1980-08-06,75.0999984741211,
03BF001,1980-09-06,16.100000381469727,
03BF001,1980-10-06,171.0,
03BF001,1980-11-06,92.0,
03BF001,1980-12-06,34.79999923706055,E
03BF001,1981-01-06,20.200000762939453,E
03BF001,1981-02-06,15.600000381469728,E
03BF001,1981-03-06,36.09999847412109,E
03BF001,1981-04-06,35.20000076293945,E
03BF001,1981-05-06,513.0,
03BF001,1981-06-06,137.0,
03BF001,1981-07-06,89.5999984741211,
03BF001,1981-08-06,22.5,
03BF001,1981-09-06,35.79999923706055,
03BF001,1981-10-06,119.0,
03BF001,1981-11-06,93.6999969482422,
03BF001,1981-12-06,39.59999847412109,
03BF001,1982-01-06,20.0,E
03BF001,1982-02-06,12.600000381469728,E
03BF001,1982-03-06,9.800000190734863,E
03BF001,1982-04-06,12.199999809265137,E
03BF001,1982-05-06,672.0,
03BF001,1982-06-06,167.0,
03BF001,1982-07-06,81.0,
03BF001,1982-08-06,114.0,
03BF001,1982-09-06,180.0,
03BF001,1982-10-06,153.0,
03BF001,1982-11-06,115.0,
03BF001,1982-12-06,97.5,E
03BF001,1983-01-06,35.0,E
03BF001,1983-02-06,19.100000381469727,E
03BF001,1983-03-06,15.300000190734863,E
03BF001,1983-04-06,13.699999809265137,E
03BF001,1983-05-06,430.0,
03BF001,1983-06-06,189.0,
03BF001,1983-07-06,139.0,
03BF001,1983-08-06,44.900001525878906,
03BF001,1983-09-06,37.400001525878906,
03BF001,1983-10-06,174.0,
03BF001,1983-11-06,86.4000015258789,
03BF001,1983-12-06,45.0,E
03BF001,1984-01-06,26.0,E
03BF001,1984-02-06,21.600000381469727,E
03BF001,1984-03-06,20.100000381469727,E
03BF001,1984-04-06,17.700000762939453,
03BF001,1984-05-06,246.0,E
03BF001,1984-06-06,94.6999969482422,
03BF001,1984-07-06,124.0,
03BF001,1984-08-06,67.5999984741211,
03BF001,1984-09-06,30.100000381469727,
03BF001,1984-10-06,175.0,
03BF001,1984-11-06,143.0,
03BF001,1984-12-06,132.0,
03BF001,1985-01-06,89.5999984741211,
03BF001,1985-02-06,38.79999923706055,
03BF001,1985-03-06,24.200000762939453,E
03BF001,1985-04-06,19.899999618530277,E
03BF001,1985-05-06,400.0,E
03BF001,1985-06-06,185.0,E
03BF001,1985-07-06,89.5999984741211,
03BF001,1985-08-06,85.69999694824219,
03BF001,1985-09-06,65.5999984741211,
03BF001,1985-10-06,111.0,
03BF001,1985-11-06,121.0,
03BF001,1985-12-06,58.5,E
03BF001,1986-01-06,32.900001525878906,E
03BF001,1986-02-06,24.600000381469727,E
03BF001,1986-03-06,20.899999618530277,E
03BF001,1986-04-06,20.100000381469727,E
03BF001,1986-05-06,520.0,E
03BF001,1986-06-06,256.0,E
03BF001,1986-07-06,89.0999984741211,
03BF001,1986-08-06,65.30000305175781,
03BF001,1986-09-06,113.0,
03BF001,1986-10-06,170.0,
03BF001,1986-11-06,68.4000015258789,
03BF001,1986-12-06,40.0,E
03BF001,1987-01-06,24.100000381469727,E
03BF001,1987-02-06,15.699999809265137,E
03BF001,1987-03-06,11.699999809265137,E
03BF001,1987-04-06,12.199999809265137,E
03BF001,1987-05-06,135.0,
03BF001,1987-06-06,79.5,E
03BF001,1987-07-06,76.4000015258789,
03BF001,1987-08-06,51.400001525878906,
03BF001,1987-09-06,160.0,
03BF001,1987-10-06,106.0,
03BF001,1987-11-06,169.0,
03BF001,1987-12-06,91.1999969482422,
03BF001,1988-01-06,44.0,E
03BF001,1988-02-06,24.700000762939453,E
03BF001,1988-03-06,16.799999237060547,E
03BF001,1988-04-06,17.399999618530273,E
03BF001,1988-05-06,249.0,
03BF001,1988-06-06,90.6999969482422,
03BF001,1988-07-06,108.0,
03BF001,1988-08-06,22.899999618530277,
03BF001,1988-09-06,67.19999694824219,
03BF001,1988-10-06,134.0,
03BF001,1988-11-06,75.80000305175781,
03BF001,1988-12-06,86.5,
03BF001,1989-01-06,35.5,E
03BF001,1989-02-06,17.0,E
03BF001,1989-03-06,10.199999809265137,E
03BF001,1989-04-06,7.659999847412109,E
03BF001,1989-05-06,227.0,
03BF001,1989-06-06,193.0,
03BF001,1989-07-06,68.5,
03BF001,1989-08-06,31.399999618530277,
03BF001,1989-09-06,19.899999618530277,
03BF001,1989-10-06,155.0,
03BF001,1989-11-06,143.0,
03BF001,1989-12-06,58.400001525878906,E
03BF001,1990-01-06,29.5,E
03BF001,1990-02-06,19.5,
03BF001,1990-03-06,14.399999618530272,E
03BF001,1990-04-06,11.600000381469728,E
03BF001,1990-05-06,513.0,
03BF001,1990-06-06,361.0,
03BF001,1990-07-06,54.29999923706055,
03BF001,1990-08-06,105.0,
03BF001,1990-09-06,109.0,
03BF001,1990-10-06,186.0,
03BF001,1990-11-06,140.0,E
03BF001,1990-12-06,88.19999694824219,E
03BF001,1991-01-06,41.79999923706055,E
03BF001,1991-02-06,24.100000381469727,
03BF001,1991-03-06,16.299999237060547,E
03BF001,1991-04-06,44.0,E
03BF001,1991-05-06,426.0,
03BF001,1991-06-06,133.0,
03BF001,1991-07-06,61.900001525878906,
03BF001,1991-08-06,69.19999694824219,
03BF001,1991-09-06,77.69999694824219,
03BF001,1991-10-06,180.0,
03BF001,1991-11-06,211.0,
03BF001,1991-12-06,60.0,E
03BF001,1992-01-06,30.799999237060547,E
03BF001,1992-02-06,18.600000381469727,E
03BF001,1992-03-06,12.5,
03BF001,1992-04-06,9.739999771118164,
03BF001,1992-05-06,378.0,
03BF001,1992-06-06,97.5,
03BF001,1992-07-06,43.5,
03BF001,1992-08-06,46.900001525878906,
03BF001,1992-09-06,126.0,
03BF001,1992-10-06,121.0,
03BF001,1992-11-06,116.0,
03BF001,1992-12-06,63.79999923706055,E
03BF001,1993-01-06,36.09999847412109,E
03BF001,1993-02-06,21.299999237060547,
03BF001,1993-03-06,14.399999618530272,E
03BF001,1993-04-06,11.899999618530272,
03BF001,1993-05-06,702.0,
03BF001,1993-06-06,200.0,
03BF001,1993-07-06,64.4000015258789,
03BF001,1993-08-06,116.0,
03BF001,1993-09-06,178.0,
03BF001,1993-10-06,151.0,
03BF001,1993-11-06,92.5,
03BF001,1993-12-06,37.70000076293945,E
03BF001,1994-01-06,20.899999618530277,E
03BF001,1994-02-06,13.399999618530272,
03BF001,1994-03-06,10.5,
03BF001,1994-04-06,9.970000267028809,
03BF001,1994-05-06,190.0,
03BF001,1994-06-06,122.0,
03BF001,1994-07-06,78.0999984741211,
03BF001,1994-08-06,123.0,
03BF001,1994-09-06,227.0,
03BF001,1994-10-06,193.0,
03BF001,1994-11-06,105.0,
03BF001,1994-12-06,89.4000015258789,E
03BF001,1995-01-06,39.900001525878906,E
03BF001,1995-02-06,25.200000762939453,
03BF001,1995-03-06,20.899999618530277,E
03BF001,1995-04-06,19.799999237060547,
03BF001,1995-05-06,387.0,
03BF001,1995-06-06,127.0,
03BF001,1995-07-06,110.0,
03BF001,1995-08-06,75.30000305175781,
03BF001,1995-09-06,75.30000305175781,
03BF001,1995-10-06,246.0,
03BF001,1995-11-06,164.0,
03BF001,1995-12-06,65.9000015258789,E
03BF001,1996-01-06,34.79999923706055,E
03BF001,1996-02-06,22.899999618530277,E
03BF001,1996-03-06,19.799999237060547,E
03BF001,1996-04-06,18.100000381469727,E
03BF001,1996-05-06,161.0,
03BF001,1996-06-06,198.0,
03BF001,1996-07-06,101.0,
03BF001,1996-08-06,37.0,
03BF001,1996-09-06,114.0,
03BF001,1996-10-06,167.0,
03BF001,1996-11-06,103.0,
03BF001,1996-12-06,73.80000305175781,
03BF001,1997-01-06,37.79999923706055,E
03BF001,1997-02-06,21.0,
03BF001,1997-03-06,15.0,E
03BF001,1997-04-06,15.0,
03BF001,1997-05-06,341.0,
03BF001,1997-06-06,110.0,
03BF001,1997-07-06,78.0,
03BF001,1997-08-06,34.599998474121094,
03BF001,1998-04-06,,
03BF001,1998-05-06,111.0,
03BF001,1998-06-06,117.0,
03BF001,1998-07-06,34.599998474121094,
03BF001,1998-08-06,147.0,
03BF001,1998-09-06,126.0,
03BF001,1998-10-06,101.0,
03BF001,1998-11-06,138.0,
03BF001,1998-12-06,60.400001525878906,
03BF001,1999-01-06,38.70000076293945,
03BF001,1999-02-06,28.0,
03BF001,1999-03-06,23.100000381469727,
03BF001,1999-04-06,22.5,
03BF001,1999-05-06,820.0,
03BF001,1999-06-06,150.0,
03BF001,1999-07-06,204.0,
03BF001,1999-08-06,173.0,
03BF001,1999-09-06,53.79999923706055,
03BF001,1999-10-06,236.0,
03BF001,1999-11-06,151.0,
03BF001,1999-12-06,108.0,
03BF001,2000-01-06,37.70000076293945,
03BF001,2000-02-06,25.600000381469727,
03BF001,2000-03-06,24.700000762939453,B
03BF001,2000-04-06,181.0,
03BF001,2000-05-06,351.0,
03BF001,2000-06-06,120.0,
03BF001,2000-07-06,168.0,
03BF001,2000-08-06,49.400001525878906,
03BF001,2000-09-06,77.30000305175781,
03BF001,2000-10-06,269.0,
03BF001,2000-11-06,98.5,
03BF001,2000-12-06,43.5,
03BF001,2001-01-06,25.0,
03BF001,2001-02-06,17.899999618530273,
03BF001,2001-03-06,14.899999618530272,
03BF001,2001-04-06,13.100000381469728,
03BF001,2001-05-06,494.0,
03BF001,2001-06-06,53.400001525878906,
03BF001,2001-07-06,51.59999847412109,
03BF001,2001-08-06,35.400001525878906,
03BF001,2001-09-06,95.9000015258789,
03BF001,2001-10-06,46.09999847412109,
03BF001,2001-11-06,171.0,
03BF001,2001-12-06,137.0,
03BF001,2002-01-06,43.09999847412109,
03BF001,2002-02-06,22.600000381469727,
03BF001,2002-03-06,16.700000762939453,
03BF001,2002-04-06,14.600000381469728,
03BF001,2002-05-06,302.0,
03BF001,2002-06-06,284.0,
03BF001,2002-07-06,37.900001525878906,
03BF001,2002-08-06,132.0,
03BF001,2002-09-06,68.9000015258789,
03BF001,2002-10-06,484.0,
03BF001,2002-11-06,95.4000015258789,
03BF001,2002-12-06,43.400001525878906,
03BF001,2003-01-06,23.600000381469727,
03BF001,2003-02-06,16.5,
03BF001,2003-03-06,13.300000190734863,
03BF001,2003-04-06,13.300000190734863,
03BF001,2003-05-06,228.0,
03BF001,2003-06-06,69.0999984741211,
03BF001,2003-07-06,74.5999984741211,
03BF001,2003-08-06,50.5,
03BF001,2003-09-06,216.0,
03BF001,2003-10-06,99.4000015258789,
03BF001,2003-11-06,64.19999694824219,
03BF001,2003-12-06,103.0,
03BF001,2004-01-06,42.79999923706055,
03BF001,2004-02-06,23.299999237060547,
03BF001,2004-03-06,18.0,
03BF001,2004-04-06,18.299999237060547,
03BF001,2004-05-06,110.0,
03BF001,2005-04-06,,
03BF001,2005-05-06,400.0,
03BF001,2005-06-06,66.0,
03BF001,2005-07-06,171.0,
03BF001,2005-08-06,98.9000015258789,
03BF001,2005-09-06,123.0,
03BF001,2005-10-06,261.0,
03BF001,2005-11-06,118.0,
03BF001,2006-04-06,,
03BF001,2006-05-06,235.0,
03BF001,2006-06-06,59.400001525878906,
03BF001,2006-07-06,47.400001525878906,
03BF001,2006-08-06,41.5,
03BF001,2006-09-06,41.59999847412109,
03BF001,2006-10-06,58.0,
03BF001,2006-11-06,90.6999969482422,
03BF001,2008-07-06,,
03BF001,2008-08-06,159.0,
03BF001,2008-09-06,57.400001525878906,
03BF001,2008-10-06,149.0,
03BF001,2008-11-06,186.0,
03BF001,2008-12-06,60.400001525878906,
03BF001,2009-01-06,36.70000076293945,
03BF001,2009-02-06,25.399999618530277,
03BF001,2009-03-06,21.299999237060547,
03BF001,2009-04-06,29.0,
03BF001,2009-05-06,,
03BF001,2009-06-06,160.0,
03BF001,2009-07-06,94.9000015258789,
03BF001,2009-08-06,46.59999847412109,
03BF001,2009-09-06,53.59999847412109,
03BF001,2009-10-06,142.0,
03BF001,2009-11-06,132.0,
03BF001,2009-12-06,58.70000076293945,
03BF001,2010-01-06,31.100000381469727,
03BF001,2010-02-06,22.100000381469727,
03BF001,2010-03-06,17.899999618530273,
03BF001,2010-04-06,321.0,
03BF001,2010-05-06,89.9000015258789,
03BF001,2010-06-06,43.5,
03BF001,2010-07-06,46.09999847412109,
03BF001,2010-08-06,121.0,
03BF001,2010-09-06,67.30000305175781,
03BF001,2010-10-06,60.20000076293945,
03BF001,2010-11-06,72.69999694824219,
03BF001,2010-12-06,171.0,
03BF001,2011-01-06,78.80000305175781,
03BF001,2011-02-06,25.700000762939453,
03BF001,2011-03-06,17.0,
03BF001,2011-04-06,,
03BF001,2011-07-06,,
03BF001,2011-08-06,41.400001525878906,
03BF001,2011-09-06,47.900001525878906,
03BF001,2011-10-06,102.0,
03BF001,2011-11-06,146.0,
03BF001,2011-12-06,65.0999984741211,
03BF001,2012-01-06,35.099998474121094,
03BF001,2012-02-06,25.799999237060547,
03BF001,2012-03-06,18.899999618530277,
03BF001,2012-04-06,118.0,
03BF001,2012-05-06,219.0,
03BF001,2012-06-06,126.0,
03BF001,2012-07-06,55.400001525878906,
03BF001,2012-08-06,105.0,
03BF001,2012-09-06,84.9000015258789,
03BF001,2012-10-06,125.0,
03BF001,2012-11-06,212.0,
03BF001,2012-12-06,84.4000015258789,B
03BF001,2013-01-06,43.70000076293945,B
03BF001,2013-02-06,25.5,B
03BF001,2013-03-06,18.700000762939453,B
03BF001,2013-04-06,18.399999618530277,B
03BF001,2013-05-06,,
03BF001,2013-10-06,,
03BF001,2013-11-06,119.0,
03BF001,2013-12-06,90.6999969482422,B
03BF001,2014-01-06,33.099998474121094,B
03BF001,2014-02-06,17.799999237060547,B
03BF001,2014-03-06,12.100000381469728,B
03BF001,2014-04-06,9.539999961853027,B
03BF001,2014-05-06,484.0,B
03BF001,2014-06-06,211.0,
03BF001,2014-07-06,66.19999694824219,
03BF001,2014-08-06,187.0,
03BF001,2014-09-06,63.20000076293945,
03BF001,2014-10-06,78.0,
03BF001,2014-11-06,176.0,
03BF001,2014-12-06,72.80000305175781,B
03BF001,2015-01-06,33.20000076293945,B
03BF001,2015-02-06,20.200000762939453,B
03BF001,2015-03-06,15.699999809265137,B
03BF001,2015-04-06,14.100000381469728,B
03BF001,2015-05-06,881.0,
03BF001,2015-06-06,195.0,
03BF001,2015-07-06,64.69999694824219,
03BF001,2015-08-06,144.0,
03BF001,2015-09-06,80.0999984741211,
03BF001,2015-10-06,81.5999984741211,
03BF001,2015-11-06,225.0,
03BF001,2015-12-06,76.4000015258789,B
03BF001,2016-01-06,49.29999923706055,B
03BF001,2016-02-06,30.299999237060547,B
03BF001,2016-03-06,21.899999618530277,B
03BF001,2016-04-06,18.399999618530277,B
03BF001,2016-05-06,416.0,B
03BF001,2016-06-06,170.0,
03BF001,2016-07-06,90.0999984741211,
03BF001,2016-08-06,76.19999694824219,
03BF001,2016-09-06,112.0,
03BF001,2016-10-06,99.4000015258789,
03BF001,2016-11-06,190.0,
03BF001,2017-05-06,,
03BF001,2017-06-06,128.0,
03BF001,2017-07-06,226.0,
03BF001,2017-08-06,36.400001525878906,
03BF001,2017-09-06,70.80000305175781,
03BF001,2017-10-06,126.0,
03BF001,2017-11-06,265.0,
03BF001,2018-05-06,,
03BF001,2018-06-06,273.0,
03BF001,2018-07-06,46.20000076293945,
03BF001,2019-08-06,,
03BF001,2019-09-06,52.900001525878906,
03BF001,2019-10-06,124.0,
03BF001,2019-11-06,92.1999969482422,
03BF001,2020-05-06,,
03BF001,2020-06-06,240.0,
03BF001,2020-07-06,62.5,
03BF001,2020-08-06,146.0,
03BF001,2020-09-06,186.0,
03BF001,2020-10-06,287.0,
03BF001,2020-11-06,108.0,
03BF001,2021-04-06,,
03BF001,2021-05-06,148.0,
03BF001,2021-06-06,108.0,
03BF001,2021-07-06,102.0,
03BF001,2021-08-06,73.5999984741211,
03BF001,2021-09-06,126.0,
03BF001,2021-10-06,144.0,
03BF001,2021-11-06,163.0,
03BF001,2022-05-06,,
03BF001,2022-06-06,196.0,
03BF001,2022-07-06,105.0,
03BF001,2022-08-06,324.0,
03BF001,2022-09-06,74.0,
03BF001,2022-10-06,29.100000381469727,
03BF001,2022-11-06,80.0999984741211,
03BF001,2023-05-06,476.0,
03BF001,2023-06-06,34.0,
03BF001,2023-07-06,12.300000190734863,
03BF001,1975-05-07,,
03BF001,1975-06-07,122.0,
03BF001,1975-07-07,54.400001525878906,
03BF001,1975-08-07,177.0,
03BF001,1975-09-07,41.09999847412109,
03BF001,1975-10-07,70.80000305175781,
03BF001,1975-11-07,170.0,
03BF001,1975-12-07,56.59999847412109,
03BF001,1976-01-07,23.200000762939453,E
03BF001,1976-02-07,13.699999809265137,E
03BF001,1976-03-07,10.199999809265137,E
03BF001,1976-04-07,42.5,
03BF001,1976-05-07,272.0,
03BF001,1976-06-07,79.9000015258789,
03BF001,1976-07-07,34.0,
03BF001,1976-08-07,242.0,
03BF001,1976-09-07,49.79999923706055,
03BF001,1976-10-07,94.9000015258789,
03BF001,1976-11-07,52.70000076293945,
03BF001,1976-12-07,31.399999618530277,E
03BF001,1977-01-07,20.0,E
03BF001,1977-02-07,15.899999618530272,E
03BF001,1977-03-07,15.199999809265137,E
03BF001,1977-04-07,78.69999694824219,E
03BF001,1977-05-07,168.0,E
03BF001,1977-06-07,43.59999847412109,E
03BF001,1977-07-07,96.5999984741211,
03BF001,1977-08-07,35.70000076293945,
03BF001,1977-09-07,210.0,
03BF001,1977-10-07,59.0,
03BF001,1977-11-07,160.0,
03BF001,1977-12-07,50.0,E
03BF001,1978-01-07,17.0,E
03BF001,1978-02-07,9.899999618530272,E
03BF001,1978-03-07,7.599999904632568,E
03BF001,1978-04-07,7.300000190734863,E
03BF001,1978-05-07,112.0,E
03BF001,1978-06-07,130.0,E
03BF001,1978-07-07,71.30000305175781,
03BF001,1978-08-07,65.30000305175781,
03BF001,1978-09-07,197.0,
03BF001,1978-10-07,84.5999984741211,
03BF001,1978-11-07,119.0,
03BF001,1978-12-07,73.69999694824219,
03BF001,1979-01-07,31.200000762939453,E
03BF001,1979-02-07,18.5,E
03BF001,1979-03-07,13.800000190734863,E
03BF001,1979-04-07,17.899999618530273,E
03BF001,1979-05-07,352.0,
03BF001,1979-06-07,167.0,
03BF001,1979-07-07,77.5999984741211,
03BF001,1979-08-07,71.0,
03BF001,1979-09-07,249.0,
03BF001,1979-10-07,164.0,
03BF001,1979-11-07,155.0,E
03BF001,1979-12-07,97.9000015258789,
03BF001,1980-01-07,37.5,E
03BF001,1980-02-07,21.399999618530277,E
03BF001,1980-03-07,15.800000190734863,E
03BF001,1980-04-07,13.699999809265137,E
03BF001,1980-05-07,355.0,E
03BF001,1980-06-07,55.5,
03BF001,1980-07-07,99.6999969482422,
03BF001,1980-08-07,75.30000305175781,
03BF001,1980-09-07,16.399999618530273,
03BF001,1980-10-07,157.0,
03BF001,1980-11-07,89.80000305175781,
03BF001,1980-12-07,33.79999923706055,E
03BF001,1981-01-07,20.0,E
03BF001,1981-02-07,15.600000381469728,E
03BF001,1981-03-07,35.79999923706055,E
03BF001,1981-04-07,35.5,E
03BF001,1981-05-07,533.0,
03BF001,1981-06-07,128.0,
03BF001,1981-07-07,80.0,
03BF001,1981-08-07,22.600000381469727,
03BF001,1981-09-07,35.900001525878906,
03BF001,1981-10-07,113.0,
03BF001,1981-11-07,93.6999969482422,
03BF001,1981-12-07,38.20000076293945,
03BF001,1982-01-07,19.799999237060547,E
03BF001,1982-02-07,12.399999618530272,E
03BF001,1982-03-07,9.800000190734863,E
03BF001,1982-04-07,12.699999809265137,E
03BF001,1982-05-07,809.0,
03BF001,1982-06-07,152.0,
03BF001,1982-07-07,83.4000015258789,
03BF001,1982-08-07,105.0,
03BF001,1982-09-07,183.0,
03BF001,1982-10-07,144.0,
03BF001,1982-11-07,113.0,
03BF001,1982-12-07,96.0,E
03BF001,1983-01-07,33.79999923706055,E
03BF001,1983-02-07,18.899999618530277,E
03BF001,1983-03-07,15.199999809265137,E
03BF001,1983-04-07,13.699999809265137,E
03BF001,1983-05-07,405.0,
03BF001,1983-06-07,180.0,
03BF001,1983-07-07,143.0,
03BF001,1983-08-07,42.70000076293945,
03BF001,1983-09-07,50.09999847412109,
03BF001,1983-10-07,161.0,
03BF001,1983-11-07,85.0999984741211,
03BF001,1983-12-07,43.5,E
03BF001,1984-01-07,25.799999237060547,E
03BF001,1984-02-07,21.5,E
03BF001,1984-03-07,19.899999618530277,E
03BF001,1984-04-07,17.700000762939453,
03BF001,1984-05-07,235.0,E
03BF001,1984-06-07,101.0,
03BF001,1984-07-07,137.0,
03BF001,1984-08-07,66.4000015258789,
03BF001,1984-09-07,28.5,
03BF001,1984-10-07,177.0,
03BF001,1984-11-07,140.0,
03BF001,1984-12-07,119.0,
03BF001,1985-01-07,89.19999694824219,
03BF001,1985-02-07,38.09999847412109,
03BF001,1985-03-07,23.899999618530277,E
03BF001,1985-04-07,20.0,E
03BF001,1985-05-07,360.0,E
03BF001,1985-06-07,167.0,E
03BF001,1985-07-07,85.0999984741211,
03BF001,1985-08-07,78.69999694824219,
03BF001,1985-09-07,64.69999694824219,
03BF001,1985-10-07,114.0,
03BF001,1985-11-07,122.0,
03BF001,1985-12-07,57.0,E
03BF001,1986-01-07,32.400001525878906,E
03BF001,1986-02-07,24.299999237060547,E
03BF001,1986-03-07,20.799999237060547,E
03BF001,1986-04-07,20.299999237060547,E
03BF001,1986-05-07,450.0,E
03BF001,1986-06-07,248.0,E
03BF001,1986-07-07,87.5999984741211,
03BF001,1986-08-07,69.0999984741211,
03BF001,1986-09-07,116.0,
03BF001,1986-10-07,171.0,
03BF001,1986-11-07,67.19999694824219,
03BF001,1986-12-07,39.20000076293945,E
03BF001,1987-01-07,23.799999237060547,E
03BF001,1987-02-07,15.5,E
03BF001,1987-03-07,11.600000381469728,E
03BF001,1987-04-07,13.0,E
03BF001,1987-05-07,130.0,
03BF001,1987-06-07,77.19999694824219,E
03BF001,1987-07-07,69.5999984741211,
03BF001,1987-08-07,51.09999847412109,
03BF001,1987-09-07,165.0,
03BF001,1987-10-07,106.0,
03BF001,1987-11-07,174.0,
03BF001,1987-12-07,113.0,
03BF001,1988-01-07,42.70000076293945,E
03BF001,1988-02-07,24.299999237060547,E
03BF001,1988-03-07,16.700000762939453,E
03BF001,1988-04-07,17.899999618530273,E
03BF001,1988-05-07,231.0,
03BF001,1988-06-07,84.9000015258789,
03BF001,1988-07-07,96.5,
03BF001,1988-08-07,26.200000762939453,
03BF001,1988-09-07,69.5999984741211,
03BF001,1988-10-07,123.0,
03BF001,1988-11-07,85.30000305175781,
03BF001,1988-12-07,85.9000015258789,
03BF001,1989-01-07,34.599998474121094,E
03BF001,1989-02-07,16.600000381469727,E
03BF001,1989-03-07,10.100000381469728,E
03BF001,1989-04-07,7.639999866485596,E
03BF001,1989-05-07,347.0,
03BF001,1989-06-07,175.0,
03BF001,1989-07-07,78.0,
03BF001,1989-08-07,35.599998474121094,
03BF001,1989-09-07,20.200000762939453,
03BF001,1989-10-07,155.0,
03BF001,1989-11-07,137.0,
03BF001,1989-12-07,57.0,E
03BF001,1990-01-07,29.0,E
03BF001,1990-02-07,19.200000762939453,
03BF001,1990-03-07,14.300000190734863,E
03BF001,1990-04-07,11.5,E
03BF001,1990-05-07,432.0,
03BF001,1990-06-07,326.0,
03BF001,1990-07-07,51.900001525878906,
03BF001,1990-08-07,103.0,
03BF001,1990-09-07,120.0,
03BF001,1990-10-07,204.0,
03BF001,1990-11-07,133.0,E
03BF001,1990-12-07,85.9000015258789,E
03BF001,1991-01-07,41.29999923706055,E
03BF001,1991-02-07,23.799999237060547,
03BF001,1991-03-07,16.100000381469727,E
03BF001,1991-04-07,56.20000076293945,E
03BF001,1991-05-07,391.0,
03BF001,1991-06-07,121.0,
03BF001,1991-07-07,61.70000076293945,
03BF001,1991-08-07,68.30000305175781,
03BF001,1991-09-07,94.3000030517578,
03BF001,1991-10-07,195.0,
03BF001,1991-11-07,188.0,
03BF001,1991-12-07,58.09999847412109,E
03BF001,1992-01-07,30.399999618530277,E
03BF001,1992-02-07,18.399999618530277,E
03BF001,1992-03-07,12.300000190734863,
03BF001,1992-04-07,9.739999771118164,
03BF001,1992-05-07,397.0,
03BF001,1992-06-07,95.6999969482422,
03BF001,1992-07-07,42.0,
03BF001,1992-08-07,44.400001525878906,
03BF001,1992-09-07,121.0,
03BF001,1992-10-07,115.0,
03BF001,1992-11-07,116.0,
03BF001,1992-12-07,62.59999847412109,E
03BF001,1993-01-07,35.400001525878906,E
03BF001,1993-02-07,21.0,
03BF001,1993-03-07,14.300000190734863,E
03BF001,1993-04-07,11.899999618530272,
03BF001,1993-05-07,697.0,
03BF001,1993-06-07,188.0,
03BF001,1993-07-07,67.69999694824219,
03BF001,1993-08-07,114.0,
03BF001,1993-09-07,194.0,
03BF001,1993-10-07,157.0,
03BF001,1993-11-07,81.4000015258789,
03BF001,1993-12-07,36.79999923706055,E
03BF001,1994-01-07,20.600000381469727,E
03BF001,1994-02-07,13.300000190734863,
03BF001,1994-03-07,10.399999618530272,
03BF001,1994-04-07,10.0,
03BF001,1994-05-07,447.0,
03BF001,1994-06-07,117.0,
03BF001,1994-07-07,72.9000015258789,
03BF001,1994-08-07,116.0,
03BF001,1994-09-07,202.0,
03BF001,1994-10-07,183.0,
03BF001,1994-11-07,101.0,
03BF001,1994-12-07,86.5999984741211,E
03BF001,1995-01-07,39.09999847412109,E
03BF001,1995-02-07,24.899999618530277,
03BF001,1995-03-07,20.899999618530277,E
03BF001,1995-04-07,19.700000762939453,
03BF001,1995-05-07,343.0,
03BF001,1995-06-07,128.0,
03BF001,1995-07-07,116.0,
03BF001,1995-08-07,67.5,
03BF001,1995-09-07,76.30000305175781,
03BF001,1995-10-07,225.0,
03BF001,1995-11-07,160.0,
03BF001,1995-12-07,64.0999984741211,E
03BF001,1996-01-07,34.20000076293945,E
03BF001,1996-02-07,22.700000762939453,E
03BF001,1996-03-07,19.799999237060547,E
03BF001,1996-04-07,18.0,E
03BF001,1996-05-07,177.0,
03BF001,1996-06-07,190.0,
03BF001,1996-07-07,91.3000030517578,
03BF001,1996-08-07,35.0,
03BF001,1996-09-07,105.0,
03BF001,1996-10-07,167.0,
03BF001,1996-11-07,103.0,
03BF001,1996-12-07,72.19999694824219,
03BF001,1997-01-07,36.900001525878906,E
03BF001,1997-02-07,20.700000762939453,
03BF001,1997-03-07,14.899999618530272,E
03BF001,1997-04-07,16.299999237060547,
03BF001,1997-05-07,321.0,
03BF001,1997-06-07,102.0,
03BF001,1997-07-07,103.0,
03BF001,1997-08-07,34.29999923706055,
03BF001,1998-04-07,,
03BF001,1998-05-07,111.0,
03BF001,1998-06-07,114.0,
03BF001,1998-07-07,36.20000076293945,
03BF001,1998-08-07,132.0,
03BF001,1998-09-07,122.0,
03BF001,1998-10-07,104.0,
03BF001,1998-11-07,136.0,
03BF001,1998-12-07,59.400001525878906,
03BF001,1999-01-07,38.20000076293945,
03BF001,1999-02-07,27.799999237060547,
03BF001,1999-03-07,23.0,
03BF001,1999-04-07,22.799999237060547,
03BF001,1999-05-07,768.0,
03BF001,1999-06-07,173.0,
03BF001,1999-07-07,213.0,
03BF001,1999-08-07,158.0,
03BF001,1999-09-07,52.79999923706055,
03BF001,1999-10-07,219.0,
03BF001,1999-11-07,148.0,
03BF001,1999-12-07,99.8000030517578,
03BF001,2000-01-07,37.0,
03BF001,2000-02-07,25.5,
03BF001,2000-03-07,24.700000762939453,E
03BF001,2000-04-07,184.0,
03BF001,2000-05-07,386.0,
03BF001,2000-06-07,108.0,
03BF001,2000-07-07,165.0,
03BF001,2000-08-07,52.59999847412109,
03BF001,2000-09-07,70.0999984741211,
03BF001,2000-10-07,257.0,
03BF001,2000-11-07,94.0999984741211,
03BF001,2000-12-07,42.5,
03BF001,2001-01-07,24.600000381469727,
03BF001,2001-02-07,17.700000762939453,
03BF001,2001-03-07,14.800000190734863,
03BF001,2001-04-07,13.300000190734863,
03BF001,2001-05-07,436.0,
03BF001,2001-06-07,52.5,
03BF001,2001-07-07,50.09999847412109,
03BF001,2001-08-07,39.900001525878906,
03BF001,2001-09-07,89.30000305175781,
03BF001,2001-10-07,44.900001525878906,
03BF001,2001-11-07,165.0,
03BF001,2001-12-07,127.0,
03BF001,2002-01-07,41.900001525878906,
03BF001,2002-02-07,22.200000762939453,
03BF001,2002-03-07,16.600000381469727,
03BF001,2002-04-07,14.600000381469728,
03BF001,2002-05-07,291.0,
03BF001,2002-06-07,267.0,
03BF001,2002-07-07,36.29999923706055,
03BF001,2002-08-07,116.0,
03BF001,2002-09-07,79.30000305175781,
03BF001,2002-10-07,601.0,
03BF001,2002-11-07,89.0999984741211,
03BF001,2002-12-07,42.29999923706055,
03BF001,2003-01-07,23.299999237060547,
03BF001,2003-02-07,16.299999237060547,
03BF001,2003-03-07,13.199999809265137,
03BF001,2003-04-07,13.300000190734863,
03BF001,2003-05-07,309.0,
03BF001,2003-06-07,65.0,
03BF001,2003-07-07,68.80000305175781,
03BF001,2003-08-07,54.70000076293945,
03BF001,2003-09-07,207.0,
03BF001,2003-10-07,105.0,
03BF001,2003-11-07,62.59999847412109,
03BF001,2003-12-07,100.0,
03BF001,2004-01-07,41.70000076293945,
03BF001,2004-02-07,23.0,
03BF001,2004-03-07,17.899999618530273,
03BF001,2004-04-07,18.299999237060547,
03BF001,2004-05-07,153.0,
03BF001,2005-04-07,,
03BF001,2005-05-07,371.0,
03BF001,2005-06-07,78.69999694824219,
03BF001,2005-07-07,148.0,
03BF001,2005-08-07,105.0,
03BF001,2005-09-07,117.0,
03BF001,2005-10-07,381.0,
03BF001,2005-11-07,112.0,
03BF001,2006-04-07,,
03BF001,2006-05-07,221.0,
03BF001,2006-06-07,55.29999923706055,
03BF001,2006-07-07,95.9000015258789,
03BF001,2006-08-07,40.29999923706055,
03BF001,2006-09-07,39.20000076293945,
03BF001,2006-10-07,55.79999923706055,
03BF001,2006-11-07,92.5999984741211,
03BF001,2008-07-07,320.0,
03BF001,2008-08-07,201.0,
03BF001,2008-09-07,54.29999923706055,
03BF001,2008-10-07,148.0,
03BF001,2008-11-07,270.0,
03BF001,2008-12-07,59.29999923706055,
03BF001,2009-01-07,36.20000076293945,
03BF001,2009-02-07,25.200000762939453,
03BF001,2009-03-07,21.200000762939453,
03BF001,2009-04-07,35.20000076293945,
03BF001,2009-05-07,,
03BF001,2009-06-07,190.0,
03BF001,2009-07-07,92.6999969482422,
03BF001,2009-08-07,49.0,
03BF001,2009-09-07,49.70000076293945,
03BF001,2009-10-07,130.0,
03BF001,2009-11-07,119.0,
03BF001,2009-12-07,56.79999923706055,
03BF001,2010-01-07,30.600000381469727,
03BF001,2010-02-07,21.899999618530277,
03BF001,2010-03-07,17.799999237060547,
03BF001,2010-04-07,369.0,
03BF001,2010-05-07,103.0,
03BF001,2010-06-07,41.900001525878906,
03BF001,2010-07-07,55.70000076293945,
03BF001,2010-08-07,112.0,
03BF001,2010-09-07,69.80000305175781,
03BF001,2010-10-07,58.900001525878906,
03BF001,2010-11-07,73.0,
03BF001,2010-12-07,156.0,
03BF001,2011-01-07,77.4000015258789,
03BF001,2011-02-07,25.200000762939453,
03BF001,2011-03-07,16.799999237060547,
03BF001,2011-04-07,,
03BF001,2011-07-07,,
03BF001,2011-08-07,39.20000076293945,
03BF001,2011-09-07,49.09999847412109,
03BF001,2011-10-07,90.5,
03BF001,2011-11-07,137.0,
03BF001,2011-12-07,61.5,
03BF001,2012-01-07,35.29999923706055,
03BF001,2012-02-07,25.0,
03BF001,2012-03-07,18.5,
03BF001,2012-04-07,111.0,
03BF001,2012-05-07,223.0,
03BF001,2012-06-07,112.0,
03BF001,2012-07-07,58.09999847412109,
03BF001,2012-08-07,115.0,
03BF001,2012-09-07,77.4000015258789,
03BF001,2012-10-07,119.0,
03BF001,2012-11-07,190.0,
03BF001,2012-12-07,82.4000015258789,B
03BF001,2013-01-07,42.79999923706055,B
03BF001,2013-02-07,25.200000762939453,B
03BF001,2013-03-07,18.5,B
03BF001,2013-04-07,18.600000381469727,B
03BF001,2013-05-07,,
03BF001,2013-10-07,,
03BF001,2013-11-07,115.0,
03BF001,2013-12-07,86.69999694824219,B
03BF001,2014-01-07,32.20000076293945,B
03BF001,2014-02-07,17.5,B
03BF001,2014-03-07,11.899999618530272,B
03BF001,2014-04-07,9.529999732971191,B
03BF001,2014-05-07,503.0,B
03BF001,2014-06-07,193.0,
03BF001,2014-07-07,61.0,
03BF001,2014-08-07,173.0,
03BF001,2014-09-07,67.0999984741211,
03BF001,2014-10-07,77.4000015258789,
03BF001,2014-11-07,173.0,
03BF001,2014-12-07,70.5999984741211,B
03BF001,2015-01-07,32.5,B
03BF001,2015-02-07,20.0,B
03BF001,2015-03-07,15.600000381469728,B
03BF001,2015-04-07,14.100000381469728,B
03BF001,2015-05-07,766.0,
03BF001,2015-06-07,177.0,
03BF001,2015-07-07,68.0999984741211,
03BF001,2015-08-07,134.0,
03BF001,2015-09-07,112.0,
03BF001,2015-10-07,77.80000305175781,
03BF001,2015-11-07,285.0,
03BF001,2015-12-07,74.80000305175781,B
03BF001,2016-01-07,48.20000076293945,B
03BF001,2016-02-07,29.899999618530277,B
03BF001,2016-03-07,21.700000762939453,B
03BF001,2016-04-07,18.299999237060547,B
03BF001,2016-05-07,426.0,B
03BF001,2016-06-07,179.0,
03BF001,2016-07-07,82.5,
03BF001,2016-08-07,107.0,
03BF001,2016-09-07,122.0,
03BF001,2016-10-07,95.4000015258789,
03BF001,2016-11-07,185.0,
03BF001,2017-05-07,,
03BF001,2017-06-07,120.0,
03BF001,2017-07-07,220.0,
03BF001,2017-08-07,38.70000076293945,
03BF001,2017-09-07,73.5999984741211,
03BF001,2017-10-07,135.0,
03BF001,2017-11-07,233.0,
03BF001,2018-05-07,,
03BF001,2018-06-07,244.0,
03BF001,2018-07-07,42.20000076293945,
03BF001,2019-08-07,,
03BF001,2019-09-07,51.900001525878906,
03BF001,2019-10-07,115.0,
03BF001,2019-11-07,84.19999694824219,
03BF001,2020-05-07,,
03BF001,2020-06-07,213.0,
03BF001,2020-07-07,58.59999847412109,
03BF001,2020-08-07,230.0,
03BF001,2020-09-07,204.0,
03BF001,2020-10-07,273.0,
03BF001,2020-11-07,105.0,
03BF001,2021-04-07,,
03BF001,2021-05-07,151.0,
03BF001,2021-06-07,105.0,
03BF001,2021-07-07,126.0,
03BF001,2021-08-07,74.80000305175781,
03BF001,2021-09-07,120.0,
03BF001,2021-10-07,133.0,
03BF001,2021-11-07,163.0,
03BF001,2022-05-07,448.0,
03BF001,2022-06-07,183.0,
03BF001,2022-07-07,90.6999969482422,
03BF001,2022-08-07,292.0,
03BF001,2022-09-07,68.9000015258789,
03BF001,2022-10-07,28.700000762939453,
03BF001,2022-11-07,123.0,
03BF001,2023-05-07,404.0,
03BF001,2023-06-07,31.299999237060547,
03BF001,2023-07-07,11.699999809265137,
03BF001,1975-05-08,,
03BF001,1975-06-08,118.0,
03BF001,1975-07-08,51.79999923706055,
03BF001,1975-08-08,173.0,
03BF001,1975-09-08,40.20000076293945,
03BF001,1975-10-08,73.9000015258789,
03BF001,1975-11-08,171.0,
03BF001,1975-12-08,54.70000076293945,
03BF001,1976-01-08,22.700000762939453,E
03BF001,1976-02-08,13.600000381469728,E
03BF001,1976-03-08,10.199999809265137,E
03BF001,1976-04-08,47.0,
03BF001,1976-05-08,249.0,
03BF001,1976-06-08,78.19999694824219,
03BF001,1976-07-08,29.700000762939453,
03BF001,1976-08-08,227.0,
03BF001,1976-09-08,46.20000076293945,
03BF001,1976-10-08,102.0,
03BF001,1976-11-08,49.79999923706055,
03BF001,1976-12-08,30.600000381469727,E
03BF001,1977-01-08,19.799999237060547,E
03BF001,1977-02-08,15.899999618530272,E
03BF001,1977-03-08,15.199999809265137,E
03BF001,1977-04-08,75.0,E
03BF001,1977-05-08,163.0,E
03BF001,1977-06-08,40.20000076293945,E
03BF001,1977-07-08,83.80000305175781,
03BF001,1977-08-08,36.5,
03BF001,1977-09-08,193.0,
03BF001,1977-10-08,65.0,
03BF001,1977-11-08,155.0,
03BF001,1977-12-08,47.5,E
03BF001,1978-01-08,16.5,E
03BF001,1978-02-08,9.800000190734863,E
03BF001,1978-03-08,7.579999923706055,E
03BF001,1978-04-08,7.389999866485596,E
03BF001,1978-05-08,110.0,E
03BF001,1978-06-08,129.0,E
03BF001,1978-07-08,75.0,
03BF001,1978-08-08,65.5999984741211,
03BF001,1978-09-08,186.0,
03BF001,1978-10-08,91.9000015258789,
03BF001,1978-11-08,121.0,
03BF001,1978-12-08,75.0999984741211,
03BF001,1979-01-08,30.5,E
03BF001,1979-02-08,18.399999618530277,E
03BF001,1979-03-08,13.699999809265137,E
03BF001,1979-04-08,18.100000381469727,E
03BF001,1979-05-08,361.0,E
03BF001,1979-06-08,171.0,
03BF001,1979-07-08,72.9000015258789,
03BF001,1979-08-08,69.0,
03BF001,1979-09-08,249.0,
03BF001,1979-10-08,178.0,
03BF001,1979-11-08,145.0,E
03BF001,1979-12-08,96.0,E
03BF001,1980-01-08,36.70000076293945,E
03BF001,1980-02-08,21.100000381469727,E
03BF001,1980-03-08,15.600000381469728,E
03BF001,1980-04-08,13.699999809265137,E
03BF001,1980-05-08,330.0,E
03BF001,1980-06-08,60.900001525878906,
03BF001,1980-07-08,90.5,
03BF001,1980-08-08,72.80000305175781,
03BF001,1980-09-08,16.399999618530273,
03BF001,1980-10-08,144.0,
03BF001,1980-11-08,83.0999984741211,
03BF001,1980-12-08,33.0,E
03BF001,1981-01-08,19.700000762939453,E
03BF001,1981-02-08,15.5,E
03BF001,1981-03-08,35.70000076293945,E
03BF001,1981-04-08,35.70000076293945,E
03BF001,1981-05-08,532.0,
03BF001,1981-06-08,128.0,
03BF001,1981-07-08,72.5999984741211,
03BF001,1981-08-08,21.5,
03BF001,1981-09-08,35.70000076293945,
03BF001,1981-10-08,108.0,
03BF001,1981-11-08,93.9000015258789,
03BF001,1981-12-08,35.599998474121094,
03BF001,1982-01-08,19.399999618530277,E
03BF001,1982-02-08,12.300000190734863,E
03BF001,1982-03-08,9.739999771118164,E
03BF001,1982-04-08,13.399999618530272,E
03BF001,1982-05-08,935.0,
03BF001,1982-06-08,136.0,
03BF001,1982-07-08,88.4000015258789,
03BF001,1982-08-08,96.9000015258789,
03BF001,1982-09-08,178.0,
03BF001,1982-10-08,133.0,
03BF001,1982-11-08,111.0,
03BF001,1982-12-08,94.0,E
03BF001,1983-01-08,32.599998474121094,E
03BF001,1983-02-08,18.799999237060547,E
03BF001,1983-03-08,15.100000381469728,E
03BF001,1983-04-08,13.699999809265137,E
03BF001,1983-05-08,350.0,
03BF001,1983-06-08,175.0,
03BF001,1983-07-08,132.0,
03BF001,1983-08-08,41.59999847412109,
03BF001,1983-09-08,58.5,
03BF001,1983-10-08,152.0,
03BF001,1983-11-08,79.69999694824219,
03BF001,1983-12-08,42.0,E
03BF001,1984-01-08,25.600000381469727,E
03BF001,1984-02-08,21.399999618530277,E
03BF001,1984-03-08,19.700000762939453,E
03BF001,1984-04-08,17.200000762939453,
03BF001,1984-05-08,215.0,E
03BF001,1984-06-08,115.0,
03BF001,1984-07-08,149.0,
03BF001,1984-08-08,62.20000076293945,
03BF001,1984-09-08,28.899999618530277,
03BF001,1984-10-08,179.0,
03BF001,1984-11-08,137.0,
03BF001,1984-12-08,113.0,
03BF001,1985-01-08,87.5999984741211,
03BF001,1985-02-08,37.400001525878906,
03BF001,1985-03-08,23.700000762939453,E
03BF001,1985-04-08,20.0,E
03BF001,1985-05-08,330.0,E
03BF001,1985-06-08,153.0,E
03BF001,1985-07-08,81.69999694824219,
03BF001,1985-08-08,86.19999694824219,
03BF001,1985-09-08,64.30000305175781,
03BF001,1985-10-08,128.0,
03BF001,1985-11-08,124.0,
03BF001,1985-12-08,55.29999923706055,E
03BF001,1986-01-08,32.0,E
03BF001,1986-02-08,24.100000381469727,E
03BF001,1986-03-08,20.799999237060547,E
03BF001,1986-04-08,20.700000762939453,E
03BF001,1986-05-08,390.0,E
03BF001,1986-06-08,242.0,E
03BF001,1986-07-08,83.19999694824219,
03BF001,1986-08-08,68.9000015258789,
03BF001,1986-09-08,123.0,
03BF001,1986-10-08,170.0,
03BF001,1986-11-08,64.9000015258789,
03BF001,1986-12-08,38.5,E
03BF001,1987-01-08,23.5,E
03BF001,1987-02-08,15.300000190734863,E
03BF001,1987-03-08,11.5,E
03BF001,1987-04-08,14.0,E
03BF001,1987-05-08,118.0,
03BF001,1987-06-08,75.0,E
03BF001,1987-07-08,63.70000076293945,
03BF001,1987-08-08,50.900001525878906,
03BF001,1987-09-08,160.0,
03BF001,1987-10-08,107.0,
03BF001,1987-11-08,163.0,
03BF001,1987-12-08,135.0,
03BF001,1988-01-08,42.0,E
03BF001,1988-02-08,23.799999237060547,E
03BF001,1988-03-08,16.600000381469727,E
03BF001,1988-04-08,18.399999618530277,E
03BF001,1988-05-08,215.0,
03BF001,1988-06-08,78.0,
03BF001,1988-07-08,83.5999984741211,
03BF001,1988-08-08,26.899999618530277,
03BF001,1988-09-08,72.5,
03BF001,1988-10-08,113.0,
03BF001,1988-11-08,115.0,
03BF001,1988-12-08,83.30000305175781,
03BF001,1989-01-08,33.5,E
03BF001,1989-02-08,16.299999237060547,E
03BF001,1989-03-08,9.890000343322754,E
03BF001,1989-04-08,7.610000133514404,E
03BF001,1989-05-08,417.0,
03BF001,1989-06-08,159.0,
03BF001,1989-07-08,94.8000030517578,
03BF001,1989-08-08,40.09999847412109,
03BF001,1989-09-08,20.899999618530277,
03BF001,1989-10-08,157.0,
03BF001,1989-11-08,131.0,
03BF001,1989-12-08,55.5,E
03BF001,1990-01-08,28.799999237060547,E
03BF001,1990-02-08,19.0,
03BF001,1990-03-08,14.100000381469728,E
03BF001,1990-04-08,11.399999618530272,E
03BF001,1990-05-08,379.0,
03BF001,1990-06-08,286.0,
03BF001,1990-07-08,49.900001525878906,
03BF001,1990-08-08,94.9000015258789,
03BF001,1990-09-08,124.0,
03BF001,1990-10-08,205.0,
03BF001,1990-11-08,126.0,E
03BF001,1990-12-08,84.0,E
03BF001,1991-01-08,40.29999923706055,E
03BF001,1991-02-08,23.299999237060547,
03BF001,1991-03-08,15.899999618530272,E
03BF001,1991-04-08,70.19999694824219,E
03BF001,1991-05-08,367.0,
03BF001,1991-06-08,110.0,
03BF001,1991-07-08,62.5,
03BF001,1991-08-08,66.5,
03BF001,1991-09-08,99.4000015258789,
03BF001,1991-10-08,241.0,
03BF001,1991-11-08,194.0,
03BF001,1991-12-08,56.70000076293945,E
03BF001,1992-01-08,29.700000762939453,E
03BF001,1992-02-08,18.100000381469727,E
03BF001,1992-03-08,12.199999809265137,
03BF001,1992-04-08,9.699999809265137,
03BF001,1992-05-08,429.0,
03BF001,1992-06-08,96.5,
03BF001,1992-07-08,40.900001525878906,
03BF001,1992-08-08,41.79999923706055,
03BF001,1992-09-08,117.0,
03BF001,1992-10-08,111.0,
03BF001,1992-11-08,114.0,
03BF001,1992-12-08,61.400001525878906,E
03BF001,1993-01-08,34.70000076293945,E
03BF001,1993-02-08,20.600000381469727,
03BF001,1993-03-08,14.100000381469728,E
03BF001,1993-04-08,12.0,
03BF001,1993-05-08,669.0,
03BF001,1993-06-08,177.0,
03BF001,1993-07-08,71.9000015258789,
03BF001,1993-08-08,108.0,
03BF001,1993-09-08,199.0,
03BF001,1993-10-08,178.0,
03BF001,1993-11-08,74.69999694824219,
03BF001,1993-12-08,36.09999847412109,E
03BF001,1994-01-08,20.200000762939453,E
03BF001,1994-02-08,13.100000381469728,
03BF001,1994-03-08,10.399999618530272,
03BF001,1994-04-08,10.0,
03BF001,1994-05-08,531.0,
03BF001,1994-06-08,111.0,
03BF001,1994-07-08,68.30000305175781,
03BF001,1994-08-08,112.0,
03BF001,1994-09-08,182.0,
03BF001,1994-10-08,180.0,
03BF001,1994-11-08,96.8000030517578,
03BF001,1994-12-08,84.5,E
03BF001,1995-01-08,38.20000076293945,E
03BF001,1995-02-08,24.600000381469727,
03BF001,1995-03-08,20.799999237060547,E
03BF001,1995-04-08,19.700000762939453,
03BF001,1995-05-08,302.0,
03BF001,1995-06-08,133.0,
03BF001,1995-07-08,156.0,
03BF001,1995-08-08,61.0,
03BF001,1995-09-08,80.30000305175781,
03BF001,1995-10-08,210.0,
03BF001,1995-11-08,158.0,
03BF001,1995-12-08,62.79999923706055,E
03BF001,1996-01-08,33.5,E
03BF001,1996-02-08,22.5,E
03BF001,1996-03-08,19.700000762939453,E
03BF001,1996-04-08,18.200000762939453,E
03BF001,1996-05-08,205.0,
03BF001,1996-06-08,180.0,
03BF001,1996-07-08,80.19999694824219,
03BF001,1996-08-08,33.79999923706055,
03BF001,1996-09-08,94.5999984741211,
03BF001,1996-10-08,159.0,
03BF001,1996-11-08,142.0,
03BF001,1996-12-08,70.69999694824219,
03BF001,1997-01-08,36.0,E
03BF001,1997-02-08,20.399999618530277,
03BF001,1997-03-08,14.800000190734863,E
03BF001,1997-04-08,18.899999618530277,
03BF001,1997-05-08,312.0,
03BF001,1997-06-08,96.5,
03BF001,1997-07-08,108.0,
03BF001,1997-08-08,33.599998474121094,
03BF001,1998-04-08,,
03BF001,1998-05-08,116.0,
03BF001,1998-06-08,110.0,
03BF001,1998-07-08,37.29999923706055,
03BF001,1998-08-08,118.0,
03BF001,1998-09-08,121.0,
03BF001,1998-10-08,123.0,
03BF001,1998-11-08,133.0,
03BF001,1998-12-08,58.5,
03BF001,1999-01-08,37.70000076293945,
03BF001,1999-02-08,27.5,
03BF001,1999-03-08,22.899999618530277,
03BF001,1999-04-08,23.200000762939453,
03BF001,1999-05-08,699.0,
03BF001,1999-06-08,186.0,
03BF001,1999-07-08,233.0,
03BF001,1999-08-08,143.0,
03BF001,1999-09-08,51.5,
03BF001,1999-10-08,204.0,
03BF001,1999-11-08,143.0,
03BF001,1999-12-08,96.0,
03BF001,2000-01-08,36.400001525878906,
03BF001,2000-02-08,25.5,
03BF001,2000-03-08,24.700000762939453,E
03BF001,2000-04-08,181.0,
03BF001,2000-05-08,424.0,
03BF001,2000-06-08,100.0,
03BF001,2000-07-08,150.0,
03BF001,2000-08-08,55.20000076293945,
03BF001,2000-09-08,64.5999984741211,
03BF001,2000-10-08,236.0,
03BF001,2000-11-08,88.9000015258789,
03BF001,2000-12-08,41.59999847412109,
03BF001,2001-01-08,24.299999237060547,
03BF001,2001-02-08,17.600000381469727,
03BF001,2001-03-08,14.699999809265137,
03BF001,2001-04-08,13.5,
03BF001,2001-05-08,388.0,
03BF001,2001-06-08,51.79999923706055,
03BF001,2001-07-08,48.79999923706055,
03BF001,2001-08-08,49.900001525878906,
03BF001,2001-09-08,86.5,
03BF001,2001-10-08,44.29999923706055,
03BF001,2001-11-08,155.0,
03BF001,2001-12-08,121.0,
03BF001,2002-01-08,40.79999923706055,
03BF001,2002-02-08,21.899999618530277,
03BF001,2002-03-08,16.5,
03BF001,2002-04-08,14.600000381469728,
03BF001,2002-05-08,279.0,
03BF001,2002-06-08,250.0,
03BF001,2002-07-08,33.900001525878906,
03BF001,2002-08-08,102.0,
03BF001,2002-09-08,98.5999984741211,
03BF001,2002-10-08,669.0,
03BF001,2002-11-08,83.30000305175781,
03BF001,2002-12-08,41.29999923706055,
03BF001,2003-01-08,22.899999618530277,
03BF001,2003-02-08,16.200000762939453,
03BF001,2003-03-08,13.100000381469728,
03BF001,2003-04-08,13.300000190734863,
03BF001,2003-05-08,428.0,
03BF001,2003-06-08,61.29999923706055,
03BF001,2003-07-08,70.80000305175781,
03BF001,2003-08-08,53.0,
03BF001,2003-09-08,186.0,
03BF001,2003-10-08,107.0,
03BF001,2003-11-08,56.20000076293945,
03BF001,2003-12-08,96.8000030517578,
03BF001,2004-01-08,40.70000076293945,
03BF001,2004-02-08,22.799999237060547,
03BF001,2004-03-08,17.899999618530273,
03BF001,2004-04-08,18.299999237060547,
03BF001,2004-05-08,191.0,
03BF001,2005-04-08,,
03BF001,2005-05-08,345.0,
03BF001,2005-06-08,88.30000305175781,
03BF001,2005-07-08,125.0,
03BF001,2005-08-08,98.8000030517578,
03BF001,2005-09-08,125.0,
03BF001,2005-10-08,492.0,
03BF001,2005-11-08,106.0,
03BF001,2006-04-08,,
03BF001,2006-05-08,203.0,
03BF001,2006-06-08,52.29999923706055,
03BF001,2006-07-08,153.0,
03BF001,2006-08-08,39.400001525878906,
03BF001,2006-09-08,38.79999923706055,
03BF001,2006-10-08,59.70000076293945,
03BF001,2006-11-08,102.0,
03BF001,2008-07-08,305.0,
03BF001,2008-08-08,264.0,
03BF001,2008-09-08,52.20000076293945,
03BF001,2008-10-08,136.0,
03BF001,2008-11-08,302.0,
03BF001,2008-12-08,58.29999923706055,
03BF001,2009-01-08,35.70000076293945,
03BF001,2009-02-08,25.0,
03BF001,2009-03-08,21.100000381469727,
03BF001,2009-04-08,41.5,
03BF001,2009-05-08,,
03BF001,2009-06-08,223.0,
03BF001,2009-07-08,84.69999694824219,
03BF001,2009-08-08,49.79999923706055,
03BF001,2009-09-08,46.400001525878906,
03BF001,2009-10-08,120.0,
03BF001,2009-11-08,107.0,
03BF001,2009-12-08,55.20000076293945,
03BF001,2010-01-08,30.299999237060547,
03BF001,2010-02-08,21.700000762939453,
03BF001,2010-03-08,17.700000762939453,
03BF001,2010-04-08,355.0,
03BF001,2010-05-08,119.0,
03BF001,2010-06-08,39.70000076293945,
03BF001,2010-07-08,65.69999694824219,
03BF001,2010-08-08,106.0,
03BF001,2010-09-08,71.4000015258789,
03BF001,2010-10-08,56.29999923706055,
03BF001,2010-11-08,71.5,
03BF001,2010-12-08,140.0,
03BF001,2011-01-08,74.80000305175781,
03BF001,2011-02-08,24.700000762939453,
03BF001,2011-03-08,16.700000762939453,
03BF001,2011-04-08,,
03BF001,2011-07-08,,
03BF001,2011-08-08,36.79999923706055,
03BF001,2011-09-08,47.79999923706055,
03BF001,2011-10-08,80.9000015258789,
03BF001,2011-11-08,128.0,
03BF001,2011-12-08,59.70000076293945,
03BF001,2012-01-08,35.0,
03BF001,2012-02-08,24.899999618530277,
03BF001,2012-03-08,19.0,
03BF001,2012-04-08,108.0,
03BF001,2012-05-08,222.0,
03BF001,2012-06-08,99.4000015258789,
03BF001,2012-07-08,58.59999847412109,
03BF001,2012-08-08,117.0,
03BF001,2012-09-08,72.30000305175781,
03BF001,2012-10-08,115.0,
03BF001,2012-11-08,171.0,
03BF001,2012-12-08,80.4000015258789,B
03BF001,2013-01-08,42.0,B
03BF001,2013-02-08,24.799999237060547,B
03BF001,2013-03-08,18.399999618530277,B
03BF001,2013-04-08,18.899999618530277,B
03BF001,2013-05-08,,
03BF001,2013-10-08,,
03BF001,2013-11-08,111.0,
03BF001,2013-12-08,83.0,B
03BF001,2014-01-08,31.399999618530277,B
03BF001,2014-02-08,17.200000762939453,B
03BF001,2014-03-08,11.800000190734863,B
03BF001,2014-04-08,9.520000457763672,B
03BF001,2014-05-08,526.0,B
03BF001,2014-06-08,173.0,
03BF001,2014-07-08,58.29999923706055,
03BF001,2014-08-08,157.0,
03BF001,2014-09-08,78.30000305175781,
03BF001,2014-10-08,76.9000015258789,
03BF001,2014-11-08,165.0,
03BF001,2014-12-08,68.5,B
03BF001,2015-01-08,31.899999618530277,B
03BF001,2015-02-08,19.799999237060547,B
03BF001,2015-03-08,15.5,B
03BF001,2015-04-08,14.199999809265137,B
03BF001,2015-05-08,679.0,
03BF001,2015-06-08,166.0,
03BF001,2015-07-08,80.0999984741211,
03BF001,2015-08-08,122.0,
03BF001,2015-09-08,194.0,
03BF001,2015-10-08,75.4000015258789,
03BF001,2015-11-08,371.0,
03BF001,2015-12-08,73.4000015258789,B
03BF001,2016-01-08,47.29999923706055,B
03BF001,2016-02-08,29.5,B
03BF001,2016-03-08,21.5,B
03BF001,2016-04-08,18.299999237060547,B
03BF001,2016-05-08,394.0,B
03BF001,2016-06-08,226.0,
03BF001,2016-07-08,75.4000015258789,
03BF001,2016-08-08,136.0,
03BF001,2016-09-08,140.0,
03BF001,2016-10-08,93.3000030517578,
03BF001,2016-11-08,182.0,
03BF001,2017-05-08,,
03BF001,2017-06-08,113.0,
03BF001,2017-07-08,209.0,
03BF001,2017-08-08,41.20000076293945,
03BF001,2017-09-08,73.5,
03BF001,2017-10-08,136.0,
03BF001,2017-11-08,207.0,
03BF001,2018-05-08,,
03BF001,2018-06-08,221.0,
03BF001,2018-07-08,,
03BF001,2019-08-08,,
03BF001,2019-09-08,48.900001525878906,
03BF001,2019-10-08,111.0,
03BF001,2019-11-08,79.4000015258789,
03BF001,2020-05-08,,
03BF001,2020-06-08,192.0,
03BF001,2020-07-08,55.79999923706055,
03BF001,2020-08-08,269.0,
03BF001,2020-09-08,251.0,
03BF001,2020-10-08,265.0,
03BF001,2020-11-08,99.8000030517578,
03BF001,2021-04-08,,
03BF001,2021-05-08,151.0,
03BF001,2021-06-08,100.0,
03BF001,2021-07-08,124.0,
03BF001,2021-08-08,78.69999694824219,
03BF001,2021-09-08,119.0,
03BF001,2021-10-08,123.0,
03BF001,2021-11-08,186.0,
03BF001,2022-05-08,435.0,
03BF001,2022-06-08,186.0,
03BF001,2022-07-08,79.69999694824219,
03BF001,2022-08-08,276.0,
03BF001,2022-09-08,61.400001525878906,
03BF001,2022-10-08,29.0,
03BF001,2022-11-08,176.0,
03BF001,2023-05-08,342.0,
03BF001,2023-06-08,28.899999618530277,
03BF001,2023-07-08,10.899999618530272,
03BF001,1975-05-09,,
03BF001,1975-06-09,111.0,
03BF001,1975-07-09,50.70000076293945,
03BF001,1975-08-09,158.0,
03BF001,1975-09-09,40.20000076293945,
03BF001,1975-10-09,74.19999694824219,
03BF001,1975-11-09,196.0,
03BF001,1975-12-09,52.400001525878906,
03BF001,1976-01-09,22.100000381469727,E
03BF001,1976-02-09,13.5,E
03BF001,1976-03-09,10.199999809265137,E
03BF001,1976-04-09,48.70000076293945,
03BF001,1976-05-09,236.0,
03BF001,1976-06-09,70.80000305175781,
03BF001,1976-07-09,28.299999237060547,
03BF001,1976-08-09,204.0,
03BF001,1976-09-09,42.79999923706055,
03BF001,1976-10-09,104.0,
03BF001,1976-11-09,50.09999847412109,
03BF001,1976-12-09,30.0,E
03BF001,1977-01-09,19.5,E
03BF001,1977-02-09,15.899999618530272,E
03BF001,1977-03-09,15.199999809265137,E
03BF001,1977-04-09,71.5999984741211,E
03BF001,1977-05-09,156.0,E
03BF001,1977-06-09,37.70000076293945,E
03BF001,1977-07-09,76.5,
03BF001,1977-08-09,38.5,
03BF001,1977-09-09,182.0,
03BF001,1977-10-09,72.0,
03BF001,1977-11-09,146.0,
03BF001,1977-12-09,45.5,E
03BF001,1978-01-09,16.200000762939453,E
03BF001,1978-02-09,9.699999809265137,E
03BF001,1978-03-09,7.550000190734863,E
03BF001,1978-04-09,7.5,E
03BF001,1978-05-09,111.0,E
03BF001,1978-06-09,108.0,E
03BF001,1978-07-09,80.0,
03BF001,1978-08-09,70.5,
03BF001,1978-09-09,171.0,
03BF001,1978-10-09,99.1999969482422,
03BF001,1978-11-09,133.0,
03BF001,1978-12-09,72.30000305175781,
03BF001,1979-01-09,30.0,E
03BF001,1979-02-09,18.0,E
03BF001,1979-03-09,13.600000381469728,E
03BF001,1979-04-09,18.299999237060547,E
03BF001,1979-05-09,383.0,E
03BF001,1979-06-09,192.0,
03BF001,1979-07-09,70.5,
03BF001,1979-08-09,67.5,
03BF001,1979-09-09,233.0,
03BF001,1979-10-09,184.0,
03BF001,1979-11-09,137.0,E
03BF001,1979-12-09,91.8000030517578,E
03BF001,1980-01-09,36.0,E
03BF001,1980-02-09,20.799999237060547,E
03BF001,1980-03-09,15.600000381469728,E
03BF001,1980-04-09,13.699999809265137,E
03BF001,1980-05-09,305.0,E
03BF001,1980-06-09,82.19999694824219,
03BF001,1980-07-09,82.69999694824219,
03BF001,1980-08-09,68.0,
03BF001,1980-09-09,16.200000762939453,
03BF001,1980-10-09,140.0,
03BF001,1980-11-09,84.0,
03BF001,1980-12-09,32.099998474121094,E
03BF001,1981-01-09,19.5,E
03BF001,1981-02-09,15.5,E
03BF001,1981-03-09,35.5,E
03BF001,1981-04-09,36.09999847412109,E
03BF001,1981-05-09,528.0,
03BF001,1981-06-09,131.0,
03BF001,1981-07-09,66.4000015258789,
03BF001,1981-08-09,20.600000381469727,
03BF001,1981-09-09,35.20000076293945,
03BF001,1981-10-09,102.0,
03BF001,1981-11-09,90.0,
03BF001,1981-12-09,36.400001525878906,
03BF001,1982-01-09,19.100000381469727,E
03BF001,1982-02-09,12.199999809265137,E
03BF001,1982-03-09,9.710000038146973,E
03BF001,1982-04-09,14.100000381469728,E
03BF001,1982-05-09,870.0,
03BF001,1982-06-09,123.0,
03BF001,1982-07-09,104.0,
03BF001,1982-08-09,100.0,
03BF001,1982-09-09,175.0,
03BF001,1982-10-09,120.0,
03BF001,1982-11-09,110.0,
03BF001,1982-12-09,92.0,E
03BF001,1983-01-09,32.0,E
03BF001,1983-02-09,18.700000762939453,E
03BF001,1983-03-09,15.100000381469728,E
03BF001,1983-04-09,13.699999809265137,E
03BF001,1983-05-09,309.0,
03BF001,1983-06-09,170.0,
03BF001,1983-07-09,121.0,
03BF001,1983-08-09,41.09999847412109,
03BF001,1983-09-09,78.5999984741211,
03BF001,1983-10-09,142.0,
03BF001,1983-11-09,79.4000015258789,
03BF001,1983-12-09,41.0,E
03BF001,1984-01-09,25.299999237060547,E
03BF001,1984-02-09,21.299999237060547,E
03BF001,1984-03-09,19.600000381469727,E
03BF001,1984-04-09,16.799999237060547,
03BF001,1984-05-09,198.0,E
03BF001,1984-06-09,131.0,
03BF001,1984-07-09,150.0,
03BF001,1984-08-09,60.400001525878906,
03BF001,1984-09-09,29.899999618530277,
03BF001,1984-10-09,179.0,
03BF001,1984-11-09,132.0,
03BF001,1984-12-09,106.0,
03BF001,1985-01-09,86.30000305175781,
03BF001,1985-02-09,35.79999923706055,
03BF001,1985-03-09,23.399999618530277,E
03BF001,1985-04-09,20.0,E
03BF001,1985-05-09,300.0,E
03BF001,1985-06-09,143.0,E
03BF001,1985-07-09,74.80000305175781,
03BF001,1985-08-09,113.0,
03BF001,1985-09-09,65.30000305175781,
03BF001,1985-10-09,153.0,
03BF001,1985-11-09,124.0,
03BF001,1985-12-09,54.0,E
03BF001,1986-01-09,31.600000381469727,E
03BF001,1986-02-09,23.899999618530277,E
03BF001,1986-03-09,20.700000762939453,E
03BF001,1986-04-09,21.200000762939453,E
03BF001,1986-05-09,377.0,E
03BF001,1986-06-09,236.0,E
03BF001,1986-07-09,82.0,
03BF001,1986-08-09,64.5999984741211,
03BF001,1986-09-09,133.0,
03BF001,1986-10-09,169.0,
03BF001,1986-11-09,64.0,
03BF001,1986-12-09,37.900001525878906,E
03BF001,1987-01-09,23.200000762939453,E
03BF001,1987-02-09,15.100000381469728,E
03BF001,1987-03-09,11.399999618530272,E
03BF001,1987-04-09,16.0,E
03BF001,1987-05-09,109.0,
03BF001,1987-06-09,73.0,E
03BF001,1987-07-09,57.59999847412109,
03BF001,1987-08-09,52.20000076293945,
03BF001,1987-09-09,160.0,
03BF001,1987-10-09,119.0,
03BF001,1987-11-09,158.0,
03BF001,1987-12-09,109.0,
03BF001,1988-01-09,41.20000076293945,E
03BF001,1988-02-09,23.299999237060547,E
03BF001,1988-03-09,16.5,E
03BF001,1988-04-09,19.299999237060547,E
03BF001,1988-05-09,207.0,
03BF001,1988-06-09,73.19999694824219,
03BF001,1988-07-09,74.5,
03BF001,1988-08-09,27.899999618530277,
03BF001,1988-09-09,73.9000015258789,
03BF001,1988-10-09,103.0,
03BF001,1988-11-09,150.0,
03BF001,1988-12-09,81.0,E
03BF001,1989-01-09,32.5,E
03BF001,1989-02-09,16.0,E
03BF001,1989-03-09,9.760000228881836,E
03BF001,1989-04-09,7.599999904632568,E
03BF001,1989-05-09,456.0,
03BF001,1989-06-09,149.0,
03BF001,1989-07-09,110.0,
03BF001,1989-08-09,42.0,
03BF001,1989-09-09,31.399999618530277,
03BF001,1989-10-09,157.0,
03BF001,1989-11-09,127.0,
03BF001,1989-12-09,54.29999923706055,E
03BF001,1990-01-09,28.200000762939453,E
03BF001,1990-02-09,18.700000762939453,
03BF001,1990-03-09,14.0,E
03BF001,1990-04-09,11.399999618530272,E
03BF001,1990-05-09,344.0,
03BF001,1990-06-09,251.0,
03BF001,1990-07-09,53.59999847412109,
03BF001,1990-08-09,88.9000015258789,
03BF001,1990-09-09,121.0,
03BF001,1990-10-09,192.0,
03BF001,1990-11-09,120.0,E
03BF001,1990-12-09,81.5999984741211,E
03BF001,1991-01-09,39.5,E
03BF001,1991-02-09,23.100000381469727,
03BF001,1991-03-09,15.899999618530272,E
03BF001,1991-04-09,80.4000015258789,
03BF001,1991-05-09,354.0,
03BF001,1991-06-09,102.0,
03BF001,1991-07-09,64.5999984741211,
03BF001,1991-08-09,62.900001525878906,
03BF001,1991-09-09,97.5,
03BF001,1991-10-09,272.0,
03BF001,1991-11-09,187.0,
03BF001,1991-12-09,55.5,E
03BF001,1992-01-09,29.200000762939453,E
03BF001,1992-02-09,17.799999237060547,E
03BF001,1992-03-09,12.100000381469728,
03BF001,1992-04-09,9.640000343322754,
03BF001,1992-05-09,444.0,
03BF001,1992-06-09,102.0,
03BF001,1992-07-09,42.20000076293945,
03BF001,1992-08-09,39.29999923706055,
03BF001,1992-09-09,131.0,
03BF001,1992-10-09,110.0,
03BF001,1992-11-09,113.0,
03BF001,1992-12-09,60.20000076293945,E
03BF001,1993-01-09,34.0,E
03BF001,1993-02-09,20.299999237060547,
03BF001,1993-03-09,14.0,E
03BF001,1993-04-09,14.0,
03BF001,1993-05-09,641.0,
03BF001,1993-06-09,165.0,
03BF001,1993-07-09,77.4000015258789,
03BF001,1993-08-09,100.0,
03BF001,1993-09-09,189.0,
03BF001,1993-10-09,193.0,
03BF001,1993-11-09,69.80000305175781,
03BF001,1993-12-09,35.5,E
03BF001,1994-01-09,19.899999618530277,E
03BF001,1994-02-09,12.899999618530272,
03BF001,1994-03-09,10.300000190734863,
03BF001,1994-04-09,10.0,
03BF001,1994-05-09,608.0,
03BF001,1994-06-09,102.0,
03BF001,1994-07-09,67.30000305175781,
03BF001,1994-08-09,126.0,
03BF001,1994-09-09,165.0,
03BF001,1994-10-09,195.0,
03BF001,1994-11-09,94.6999969482422,
03BF001,1994-12-09,81.4000015258789,E
03BF001,1995-01-09,37.59999847412109,E
03BF001,1995-02-09,24.5,
03BF001,1995-03-09,20.799999237060547,E
03BF001,1995-04-09,19.700000762939453,
03BF001,1995-05-09,275.0,
03BF001,1995-06-09,135.0,
03BF001,1995-07-09,199.0,
03BF001,1995-08-09,56.29999923706055,
03BF001,1995-09-09,86.0,
03BF001,1995-10-09,199.0,
03BF001,1995-11-09,143.0,
03BF001,1995-12-09,61.400001525878906,E
03BF001,1996-01-09,33.0,E
03BF001,1996-02-09,22.399999618530277,E
03BF001,1996-03-09,19.600000381469727,E
03BF001,1996-04-09,18.299999237060547,E
03BF001,1996-05-09,249.0,
03BF001,1996-06-09,169.0,
03BF001,1996-07-09,73.30000305175781,
03BF001,1996-08-09,33.70000076293945,
03BF001,1996-09-09,86.0,
03BF001,1996-10-09,147.0,
03BF001,1996-11-09,198.0,
03BF001,1996-12-09,69.0999984741211,
03BF001,1997-01-09,35.099998474121094,E
03BF001,1997-02-09,20.200000762939453,
03BF001,1997-03-09,14.699999809265137,E
03BF001,1997-04-09,22.0,
03BF001,1997-05-09,313.0,
03BF001,1997-06-09,92.9000015258789,
03BF001,1997-07-09,109.0,
03BF001,1997-08-09,33.099998474121094,
03BF001,1998-04-09,,
03BF001,1998-05-09,121.0,
03BF001,1998-06-09,103.0,
03BF001,1998-07-09,38.5,
03BF001,1998-08-09,109.0,
03BF001,1998-09-09,120.0,
03BF001,1998-10-09,144.0,
03BF001,1998-11-09,129.0,
03BF001,1998-12-09,57.5,
03BF001,1999-01-09,37.29999923706055,
03BF001,1999-02-09,27.299999237060547,
03BF001,1999-03-09,22.799999237060547,
03BF001,1999-04-09,23.600000381469727,
03BF001,1999-05-09,618.0,
03BF001,1999-06-09,174.0,
03BF001,1999-07-09,242.0,
03BF001,1999-08-09,130.0,
03BF001,1999-09-09,50.59999847412109,
03BF001,1999-10-09,192.0,
03BF001,1999-11-09,136.0,
03BF001,1999-12-09,93.0,
03BF001,2000-01-09,35.79999923706055,
03BF001,2000-02-09,25.399999618530277,
03BF001,2000-03-09,24.799999237060547,E
03BF001,2000-04-09,172.0,
03BF001,2000-05-09,410.0,
03BF001,2000-06-09,92.9000015258789,
03BF001,2000-07-09,135.0,
03BF001,2000-08-09,57.70000076293945,
03BF001,2000-09-09,61.5,
03BF001,2000-10-09,214.0,
03BF001,2000-11-09,84.4000015258789,
03BF001,2000-12-09,40.70000076293945,
03BF001,2001-01-09,24.0,
03BF001,2001-02-09,17.5,
03BF001,2001-03-09,14.699999809265137,
03BF001,2001-04-09,13.699999809265137,
03BF001,2001-05-09,346.0,
03BF001,2001-06-09,49.900001525878906,
03BF001,2001-07-09,46.59999847412109,
03BF001,2001-08-09,72.5999984741211,
03BF001,2001-09-09,93.6999969482422,
03BF001,2001-10-09,43.400001525878906,
03BF001,2001-11-09,142.0,
03BF001,2001-12-09,115.0,
03BF001,2002-01-09,39.70000076293945,
03BF001,2002-02-09,21.600000381469727,
03BF001,2002-03-09,16.399999618530273,
03BF001,2002-04-09,14.5,
03BF001,2002-05-09,268.0,
03BF001,2002-06-09,238.0,
03BF001,2002-07-09,31.700000762939453,
03BF001,2002-08-09,89.9000015258789,
03BF001,2002-09-09,131.0,
03BF001,2002-10-09,659.0,
03BF001,2002-11-09,79.0999984741211,
03BF001,2002-12-09,40.29999923706055,
03BF001,2003-01-09,22.600000381469727,
03BF001,2003-02-09,16.100000381469727,
03BF001,2003-03-09,13.100000381469728,
03BF001,2003-04-09,13.300000190734863,
03BF001,2003-05-09,568.0,
03BF001,2003-06-09,57.70000076293945,
03BF001,2003-07-09,73.69999694824219,
03BF001,2003-08-09,50.20000076293945,
03BF001,2003-09-09,161.0,
03BF001,2003-10-09,104.0,
03BF001,2003-11-09,52.79999923706055,
03BF001,2003-12-09,93.8000030517578,
03BF001,2004-01-09,39.79999923706055,
03BF001,2004-02-09,22.5,
03BF001,2004-03-09,17.799999237060547,
03BF001,2004-04-09,18.200000762939453,
03BF001,2004-05-09,216.0,
03BF001,2005-04-09,,
03BF001,2005-05-09,325.0,
03BF001,2005-06-09,93.6999969482422,
03BF001,2005-07-09,107.0,
03BF001,2005-08-09,91.3000030517578,
03BF001,2005-09-09,135.0,
03BF001,2005-10-09,517.0,
03BF001,2005-11-09,,
03BF001,2006-04-09,,
03BF001,2006-05-09,187.0,
03BF001,2006-06-09,51.09999847412109,
03BF001,2006-07-09,162.0,
03BF001,2006-08-09,41.900001525878906,
03BF001,2006-09-09,39.5,
03BF001,2006-10-09,64.0,
03BF001,2006-11-09,120.0,
03BF001,2008-07-09,277.0,
03BF001,2008-08-09,311.0,
03BF001,2008-09-09,50.70000076293945,
03BF001,2008-10-09,124.0,
03BF001,2008-11-09,293.0,
03BF001,2008-12-09,57.29999923706055,
03BF001,2009-01-09,35.20000076293945,
03BF001,2009-02-09,24.700000762939453,
03BF001,2009-03-09,21.100000381469727,
03BF001,2009-04-09,47.5,
03BF001,2009-05-09,,
03BF001,2009-06-09,220.0,
03BF001,2009-07-09,74.9000015258789,
03BF001,2009-08-09,48.5,
03BF001,2009-09-09,43.70000076293945,
03BF001,2009-10-09,111.0,
03BF001,2009-11-09,106.0,
03BF001,2009-12-09,53.5,
03BF001,2010-01-09,29.899999618530277,
03BF001,2010-02-09,21.5,
03BF001,2010-03-09,17.600000381469727,
03BF001,2010-04-09,322.0,
03BF001,2010-05-09,126.0,
03BF001,2010-06-09,37.5,
03BF001,2010-07-09,65.4000015258789,
03BF001,2010-08-09,98.3000030517578,
03BF001,2010-09-09,69.5,
03BF001,2010-10-09,54.5,
03BF001,2010-11-09,67.80000305175781,
03BF001,2010-12-09,124.0,
03BF001,2011-01-09,71.5,
03BF001,2011-02-09,24.200000762939453,
03BF001,2011-03-09,16.5,
03BF001,2011-04-09,,
03BF001,2011-07-09,,
03BF001,2011-08-09,34.70000076293945,
03BF001,2011-09-09,45.0,
03BF001,2011-10-09,73.9000015258789,
03BF001,2011-11-09,120.0,
03BF001,2011-12-09,60.0,
03BF001,2012-01-09,34.79999923706055,
03BF001,2012-02-09,24.700000762939453,
03BF001,2012-03-09,19.5,
03BF001,2012-04-09,106.0,
03BF001,2012-05-09,213.0,
03BF001,2012-06-09,89.9000015258789,
03BF001,2012-07-09,57.0,
03BF001,2012-08-09,116.0,
03BF001,2012-09-09,69.0,
03BF001,2012-10-09,112.0,
03BF001,2012-11-09,155.0,
03BF001,2012-12-09,78.5,B
03BF001,2013-01-09,41.20000076293945,B
03BF001,2013-02-09,24.5,B
03BF001,2013-03-09,18.299999237060547,B
03BF001,2013-04-09,19.200000762939453,B
03BF001,2013-05-09,,
03BF001,2013-10-09,,
03BF001,2013-11-09,109.0,
03BF001,2013-12-09,79.5999984741211,B
03BF001,2014-01-09,30.600000381469727,B
03BF001,2014-02-09,16.899999618530273,B
03BF001,2014-03-09,11.699999809265137,B
03BF001,2014-04-09,9.520000457763672,B
03BF001,2014-05-09,558.0,B
03BF001,2014-06-09,152.0,
03BF001,2014-07-09,70.5,
03BF001,2014-08-09,140.0,
03BF001,2014-09-09,84.30000305175781,
03BF001,2014-10-09,90.6999969482422,
03BF001,2014-11-09,150.0,
03BF001,2014-12-09,66.5,B
03BF001,2015-01-09,31.200000762939453,B
03BF001,2015-02-09,19.5,B
03BF001,2015-03-09,15.399999618530272,B
03BF001,2015-04-09,14.399999618530272,B
03BF001,2015-05-09,651.0,
03BF001,2015-06-09,162.0,
03BF001,2015-07-09,107.0,
03BF001,2015-08-09,111.0,
03BF001,2015-09-09,248.0,
03BF001,2015-10-09,75.0,
03BF001,2015-11-09,375.0,
03BF001,2015-12-09,72.0999984741211,B
03BF001,2016-01-09,46.5,B
03BF001,2016-02-09,29.100000381469727,B
03BF001,2016-03-09,21.399999618530277,B
03BF001,2016-04-09,18.200000762939453,B
03BF001,2016-05-09,365.0,
03BF001,2016-06-09,257.0,
03BF001,2016-07-09,69.5999984741211,
03BF001,2016-08-09,139.0,
03BF001,2016-09-09,154.0,
03BF001,2016-10-09,93.5999984741211,
03BF001,2016-11-09,191.0,
03BF001,2017-05-09,,
03BF001,2017-06-09,106.0,
03BF001,2017-07-09,191.0,
03BF001,2017-08-09,45.29999923706055,
03BF001,2017-09-09,70.0,
03BF001,2017-10-09,145.0,
03BF001,2017-11-09,191.0,
03BF001,2018-05-09,,
03BF001,2018-06-09,202.0,
03BF001,2018-07-09,,
03BF001,2019-08-09,,
03BF001,2019-09-09,45.70000076293945,
03BF001,2019-10-09,110.0,
03BF001,2019-11-09,73.19999694824219,
03BF001,2020-05-09,,
03BF001,2020-06-09,175.0,
03BF001,2020-07-09,53.09999847412109,
03BF001,2020-08-09,284.0,
03BF001,2020-09-09,293.0,
03BF001,2020-10-09,251.0,
03BF001,2020-11-09,97.5999984741211,
03BF001,2021-04-09,,
03BF001,2021-05-09,152.0,
03BF001,2021-06-09,96.0,
03BF001,2021-07-09,116.0,
03BF001,2021-08-09,79.19999694824219,
03BF001,2021-09-09,128.0,
03BF001,2021-10-09,115.0,
03BF001,2021-11-09,217.0,
03BF001,2022-05-09,483.0,
03BF001,2022-06-09,186.0,
03BF001,2022-07-09,72.80000305175781,
03BF001,2022-08-09,255.0,
03BF001,2022-09-09,54.5,
03BF001,2022-10-09,32.0,
03BF001,2022-11-09,191.0,
03BF001,2023-05-09,291.0,
03BF001,2023-06-09,26.799999237060547,
03BF001,2023-07-09,10.5,
03BF001,1975-05-10,,
03BF001,1975-06-10,102.0,
03BF001,1975-07-10,50.09999847412109,
03BF001,1975-08-10,146.0,
03BF001,1975-09-10,37.09999847412109,
03BF001,1975-10-10,74.19999694824219,
03BF001,1975-11-10,240.0,
03BF001,1975-12-10,53.79999923706055,
03BF001,1976-01-10,21.799999237060547,E
03BF001,1976-02-10,13.300000190734863,E
03BF001,1976-03-10,10.199999809265137,E
03BF001,1976-04-10,51.29999923706055,
03BF001,1976-05-10,230.0,
03BF001,1976-06-10,69.9000015258789,
03BF001,1976-07-10,27.0,
03BF001,1976-08-10,180.0,
03BF001,1976-09-10,38.20000076293945,
03BF001,1976-10-10,102.0,
03BF001,1976-11-10,47.900001525878906,
03BF001,1976-12-10,29.399999618530277,E
03BF001,1977-01-10,19.399999618530277,E
03BF001,1977-02-10,15.800000190734863,E
03BF001,1977-03-10,15.199999809265137,E
03BF001,1977-04-10,68.80000305175781,E
03BF001,1977-05-10,150.0,E
03BF001,1977-06-10,35.400001525878906,E
03BF001,1977-07-10,73.0999984741211,
03BF001,1977-08-10,42.79999923706055,
03BF001,1977-09-10,214.0,
03BF001,1977-10-10,74.0,
03BF001,1977-11-10,139.0,
03BF001,1977-12-10,43.0,E
03BF001,1978-01-10,15.899999618530272,E
03BF001,1978-02-10,9.5,E
03BF001,1978-03-10,7.5,E
03BF001,1978-04-10,7.670000076293945,E
03BF001,1978-05-10,140.0,E
03BF001,1978-06-10,93.6999969482422,E
03BF001,1978-07-10,143.0,
03BF001,1978-08-10,100.0,
03BF001,1978-09-10,157.0,
03BF001,1978-10-10,103.0,
03BF001,1978-11-10,157.0,
03BF001,1978-12-10,67.9000015258789,
03BF001,1979-01-10,29.5,E
03BF001,1979-02-10,17.799999237060547,E
03BF001,1979-03-10,13.5,E
03BF001,1979-04-10,18.600000381469727,E
03BF001,1979-05-10,409.0,E
03BF001,1979-06-10,215.0,
03BF001,1979-07-10,68.0,
03BF001,1979-08-10,68.19999694824219,
03BF001,1979-09-10,215.0,
03BF001,1979-10-10,179.0,
03BF001,1979-11-10,132.0,E
03BF001,1979-12-10,88.0,E
03BF001,1980-01-10,35.0,E
03BF001,1980-02-10,20.299999237060547,E
03BF001,1980-03-10,15.399999618530272,E
03BF001,1980-04-10,13.699999809265137,E
03BF001,1980-05-10,290.0,E
03BF001,1980-06-10,105.0,
03BF001,1980-07-10,84.19999694824219,
03BF001,1980-08-10,62.400001525878906,
03BF001,1980-09-10,17.299999237060547,
03BF001,1980-10-10,145.0,
03BF001,1980-11-10,80.30000305175781,
03BF001,1980-12-10,31.399999618530277,E
03BF001,1981-01-10,19.200000762939453,E
03BF001,1981-02-10,15.399999618530272,E
03BF001,1981-03-10,35.20000076293945,E
03BF001,1981-04-10,37.20000076293945,E
03BF001,1981-05-10,488.0,
03BF001,1981-06-10,134.0,
03BF001,1981-07-10,63.900001525878906,
03BF001,1981-08-10,20.600000381469727,
03BF001,1981-09-10,35.29999923706055,
03BF001,1981-10-10,96.6999969482422,
03BF001,1981-11-10,86.0,
03BF001,1981-12-10,35.900001525878906,
03BF001,1982-01-10,18.799999237060547,E
03BF001,1982-02-10,12.100000381469728,E
03BF001,1982-03-10,9.699999809265137,E
03BF001,1982-04-10,14.199999809265137,E
03BF001,1982-05-10,750.0,
03BF001,1982-06-10,112.0,
03BF001,1982-07-10,126.0,
03BF001,1982-08-10,109.0,
03BF001,1982-09-10,175.0,
03BF001,1982-10-10,107.0,
03BF001,1982-11-10,107.0,
03BF001,1982-12-10,89.0,E
03BF001,1983-01-10,30.799999237060547,E
03BF001,1983-02-10,18.5,E
03BF001,1983-03-10,15.0,E
03BF001,1983-04-10,13.699999809265137,E
03BF001,1983-05-10,272.0,
03BF001,1983-06-10,163.0,
03BF001,1983-07-10,105.0,
03BF001,1983-08-10,40.59999847412109,
03BF001,1983-09-10,93.0999984741211,
03BF001,1983-10-10,132.0,
03BF001,1983-11-10,72.5999984741211,
03BF001,1983-12-10,40.0,E
03BF001,1984-01-10,25.100000381469727,E
03BF001,1984-02-10,21.200000762939453,E
03BF001,1984-03-10,19.5,E
03BF001,1984-04-10,16.399999618530273,
03BF001,1984-05-10,180.0,E
03BF001,1984-06-10,153.0,
03BF001,1984-07-10,151.0,
03BF001,1984-08-10,59.20000076293945,
03BF001,1984-09-10,37.09999847412109,
03BF001,1984-10-10,183.0,
03BF001,1984-11-10,130.0,
03BF001,1984-12-10,103.0,
03BF001,1985-01-10,81.30000305175781,
03BF001,1985-02-10,35.29999923706055,
03BF001,1985-03-10,23.200000762939453,E
03BF001,1985-04-10,20.100000381469727,E
03BF001,1985-05-10,275.0,E
03BF001,1985-06-10,155.0,E
03BF001,1985-07-10,70.80000305175781,
03BF001,1985-08-10,132.0,
03BF001,1985-09-10,66.0999984741211,
03BF001,1985-10-10,179.0,
03BF001,1985-11-10,124.0,
03BF001,1985-12-10,53.0,E
03BF001,1986-01-10,31.200000762939453,E
03BF001,1986-02-10,23.799999237060547,E
03BF001,1986-03-10,20.700000762939453,E
03BF001,1986-04-10,21.5,E
03BF001,1986-05-10,400.0,E
03BF001,1986-06-10,229.0,E
03BF001,1986-07-10,81.9000015258789,
03BF001,1986-08-10,60.400001525878906,
03BF001,1986-09-10,144.0,
03BF001,1986-10-10,164.0,
03BF001,1986-11-10,63.900001525878906,
03BF001,1986-12-10,37.29999923706055,E
03BF001,1987-01-10,22.799999237060547,E
03BF001,1987-02-10,14.899999618530272,E
03BF001,1987-03-10,11.399999618530272,E
03BF001,1987-04-10,19.5,E
03BF001,1987-05-10,109.0,
03BF001,1987-06-10,70.80000305175781,E
03BF001,1987-07-10,52.400001525878906,
03BF001,1987-08-10,55.09999847412109,
03BF001,1987-09-10,159.0,
03BF001,1987-10-10,142.0,
03BF001,1987-11-10,138.0,
03BF001,1987-12-10,79.5,
03BF001,1988-01-10,40.0,E
03BF001,1988-02-10,22.899999618530277,E
03BF001,1988-03-10,16.299999237060547,E
03BF001,1988-04-10,22.5,E
03BF001,1988-05-10,209.0,
03BF001,1988-06-10,69.9000015258789,
03BF001,1988-07-10,66.80000305175781,
03BF001,1988-08-10,29.299999237060547,
03BF001,1988-09-10,77.0,
03BF001,1988-10-10,95.9000015258789,
03BF001,1988-11-10,168.0,
03BF001,1988-12-10,78.69999694824219,E
03BF001,1989-01-10,32.0,E
03BF001,1989-02-10,15.699999809265137,E
03BF001,1989-03-10,9.649999618530272,E
03BF001,1989-04-10,7.610000133514404,E
03BF001,1989-05-10,479.0,
03BF001,1989-06-10,145.0,
03BF001,1989-07-10,113.0,
03BF001,1989-08-10,41.79999923706055,
03BF001,1989-09-10,57.5,
03BF001,1989-10-10,157.0,
03BF001,1989-11-10,123.0,
03BF001,1989-12-10,52.59999847412109,E
03BF001,1990-01-10,27.899999618530277,E
03BF001,1990-02-10,18.399999618530277,
03BF001,1990-03-10,13.800000190734863,E
03BF001,1990-04-10,11.300000190734863,E
03BF001,1990-05-10,317.0,
03BF001,1990-06-10,227.0,
03BF001,1990-07-10,59.400001525878906,
03BF001,1990-08-10,82.5,
03BF001,1990-09-10,108.0,
03BF001,1990-10-10,183.0,
03BF001,1990-11-10,115.0,E
03BF001,1990-12-10,80.0999984741211,E
03BF001,1991-01-10,39.0,E
03BF001,1991-02-10,22.600000381469727,
03BF001,1991-03-10,15.600000381469728,E
03BF001,1991-04-10,94.3000030517578,
03BF001,1991-05-10,340.0,
03BF001,1991-06-10,94.5,
03BF001,1991-07-10,68.5,
03BF001,1991-08-10,58.0,
03BF001,1991-09-10,97.0999984741211,
03BF001,1991-10-10,277.0,
03BF001,1991-11-10,167.0,
03BF001,1991-12-10,54.0,E
03BF001,1992-01-10,28.600000381469727,E
03BF001,1992-02-10,17.600000381469727,E
03BF001,1992-03-10,11.800000190734863,
03BF001,1992-04-10,9.640000343322754,
03BF001,1992-05-10,427.0,
03BF001,1992-06-10,113.0,
03BF001,1992-07-10,45.0,
03BF001,1992-08-10,36.29999923706055,
03BF001,1992-09-10,168.0,
03BF001,1992-10-10,111.0,
03BF001,1992-11-10,112.0,
03BF001,1992-12-10,59.0,E
03BF001,1993-01-10,33.29999923706055,E
03BF001,1993-02-10,20.0,
03BF001,1993-03-10,13.800000190734863,E
03BF001,1993-04-10,17.0,
03BF001,1993-05-10,602.0,
03BF001,1993-06-10,156.0,
03BF001,1993-07-10,80.0999984741211,
03BF001,1993-08-10,92.8000030517578,
03BF001,1993-09-10,178.0,
03BF001,1993-10-10,195.0,
03BF001,1993-11-10,66.4000015258789,
03BF001,1993-12-10,34.79999923706055,E
03BF001,1994-01-10,19.5,E
03BF001,1994-02-10,12.899999618530272,
03BF001,1994-03-10,10.300000190734863,
03BF001,1994-04-10,10.100000381469728,
03BF001,1994-05-10,594.0,
03BF001,1994-06-10,96.8000030517578,
03BF001,1994-07-10,74.4000015258789,
03BF001,1994-08-10,142.0,
03BF001,1994-09-10,151.0,
03BF001,1994-10-10,236.0,
03BF001,1994-11-10,94.6999969482422,
03BF001,1994-12-10,79.0999984741211,E
03BF001,1995-01-10,37.0,E
03BF001,1995-02-10,24.299999237060547,
03BF001,1995-03-10,20.700000762939453,E
03BF001,1995-04-10,19.700000762939453,
03BF001,1995-05-10,276.0,
03BF001,1995-06-10,129.0,
03BF001,1995-07-10,214.0,
03BF001,1995-08-10,51.900001525878906,
03BF001,1995-09-10,87.5,
03BF001,1995-10-10,192.0,
03BF001,1995-11-10,131.0,
03BF001,1995-12-10,60.59999847412109,E
03BF001,1996-01-10,32.599998474121094,E
03BF001,1996-02-10,22.299999237060547,E
03BF001,1996-03-10,19.5,E
03BF001,1996-04-10,18.399999618530277,E
03BF001,1996-05-10,302.0,
03BF001,1996-06-10,155.0,
03BF001,1996-07-10,67.4000015258789,
03BF001,1996-08-10,31.899999618530277,
03BF001,1996-09-10,78.69999694824219,
03BF001,1996-10-10,135.0,
03BF001,1996-11-10,233.0,
03BF001,1996-12-10,65.0999984741211,
03BF001,1997-01-10,34.20000076293945,E
03BF001,1997-02-10,19.899999618530277,
03BF001,1997-03-10,14.600000381469728,E
03BF001,1997-04-10,25.100000381469727,
03BF001,1997-05-10,322.0,
03BF001,1997-06-10,87.69999694824219,
03BF001,1997-07-10,108.0,
03BF001,1997-08-10,32.5,
03BF001,1998-04-10,,
03BF001,1998-05-10,117.0,
03BF001,1998-06-10,94.3000030517578,
03BF001,1998-07-10,38.70000076293945,
03BF001,1998-08-10,107.0,
03BF001,1998-09-10,120.0,
03BF001,1998-10-10,154.0,
03BF001,1998-11-10,123.0,
03BF001,1998-12-10,56.59999847412109,
03BF001,1999-01-10,36.79999923706055,
03BF001,1999-02-10,27.100000381469727,
03BF001,1999-03-10,22.700000762939453,
03BF001,1999-04-10,23.899999618530277,
03BF001,1999-05-10,544.0,
03BF001,1999-06-10,154.0,
03BF001,1999-07-10,233.0,
03BF001,1999-08-10,119.0,
03BF001,1999-09-10,50.79999923706055,
03BF001,1999-10-10,191.0,
03BF001,1999-11-10,124.0,
03BF001,1999-12-10,88.19999694824219,
03BF001,2000-01-10,35.20000076293945,
03BF001,2000-02-10,25.299999237060547,
03BF001,2000-03-10,24.799999237060547,E
03BF001,2000-04-10,154.0,
03BF001,2000-05-10,374.0,
03BF001,2000-06-10,88.30000305175781,
03BF001,2000-07-10,121.0,
03BF001,2000-08-10,56.70000076293945,
03BF001,2000-09-10,60.400001525878906,
03BF001,2000-10-10,194.0,
03BF001,2000-11-10,85.80000305175781,
03BF001,2000-12-10,39.900001525878906,
03BF001,2001-01-10,23.700000762939453,
03BF001,2001-02-10,17.299999237060547,
03BF001,2001-03-10,14.600000381469728,
03BF001,2001-04-10,14.0,
03BF001,2001-05-10,312.0,
03BF001,2001-06-10,46.79999923706055,
03BF001,2001-07-10,44.09999847412109,
03BF001,2001-08-10,92.6999969482422,
03BF001,2001-09-10,130.0,
03BF001,2001-10-10,44.09999847412109,
03BF001,2001-11-10,129.0,
03BF001,2001-12-10,111.0,
03BF001,2002-01-10,38.70000076293945,
03BF001,2002-02-10,21.299999237060547,
03BF001,2002-03-10,16.299999237060547,
03BF001,2002-04-10,14.5,
03BF001,2002-05-10,277.0,
03BF001,2002-06-10,232.0,
03BF001,2002-07-10,29.799999237060547,
03BF001,2002-08-10,85.19999694824219,
03BF001,2002-09-10,152.0,
03BF001,2002-10-10,606.0,
03BF001,2002-11-10,84.19999694824219,
03BF001,2002-12-10,39.400001525878906,
03BF001,2003-01-10,22.299999237060547,
03BF001,2003-02-10,15.899999618530272,
03BF001,2003-03-10,13.0,
03BF001,2003-04-10,13.300000190734863,
03BF001,2003-05-10,690.0,
03BF001,2003-06-10,55.5,
03BF001,2003-07-10,76.5,
03BF001,2003-08-10,47.20000076293945,
03BF001,2003-09-10,139.0,
03BF001,2003-10-10,100.0,
03BF001,2003-11-10,53.70000076293945,
03BF001,2003-12-10,90.9000015258789,
03BF001,2004-01-10,38.79999923706055,
03BF001,2004-02-10,22.200000762939453,
03BF001,2004-03-10,17.700000762939453,
03BF001,2004-04-10,18.100000381469727,
03BF001,2004-05-10,246.0,
03BF001,2005-04-10,,
03BF001,2005-05-10,331.0,
03BF001,2005-06-10,94.8000030517578,
03BF001,2005-07-10,92.6999969482422,
03BF001,2005-08-10,90.0999984741211,
03BF001,2005-09-10,130.0,
03BF001,2005-10-10,488.0,
03BF001,2005-11-10,,
03BF001,2006-04-10,,
03BF001,2006-05-10,174.0,
03BF001,2006-06-10,52.0,
03BF001,2006-07-10,168.0,
03BF001,2006-08-10,50.70000076293945,
03BF001,2006-09-10,40.70000076293945,
03BF001,2006-10-10,68.0999984741211,
03BF001,2006-11-10,160.0,
03BF001,2008-07-10,253.0,
03BF001,2008-08-10,331.0,
03BF001,2008-09-10,50.5,
03BF001,2008-10-10,118.0,
03BF001,2008-11-10,271.0,
03BF001,2008-12-10,56.29999923706055,
03BF001,2009-01-10,34.70000076293945,
03BF001,2009-02-10,24.5,
03BF001,2009-03-10,21.0,
03BF001,2009-04-10,52.70000076293945,
03BF001,2009-05-10,,
03BF001,2009-06-10,202.0,
03BF001,2009-07-10,66.30000305175781,
03BF001,2009-08-10,45.900001525878906,
03BF001,2009-09-10,41.29999923706055,
03BF001,2009-10-10,105.0,
03BF001,2009-11-10,111.0,
03BF001,2009-12-10,52.29999923706055,
03BF001,2010-01-10,29.5,
03BF001,2010-02-10,21.399999618530277,
03BF001,2010-03-10,17.5,
03BF001,2010-04-10,280.0,
03BF001,2010-05-10,118.0,
03BF001,2010-06-10,35.099998474121094,
03BF001,2010-07-10,59.400001525878906,
03BF001,2010-08-10,90.0999984741211,
03BF001,2010-09-10,65.0,
03BF001,2010-10-10,52.79999923706055,
03BF001,2010-11-10,64.0,
03BF001,2010-12-10,111.0,
03BF001,2011-01-10,67.80000305175781,
03BF001,2011-02-10,23.700000762939453,
03BF001,2011-03-10,16.399999618530273,
03BF001,2011-04-10,,
03BF001,2011-07-10,,
03BF001,2011-08-10,33.400001525878906,
03BF001,2011-09-10,41.900001525878906,
03BF001,2011-10-10,68.80000305175781,
03BF001,2011-11-10,115.0,
03BF001,2011-12-10,59.29999923706055,
03BF001,2012-01-10,34.599998474121094,
03BF001,2012-02-10,24.5,
03BF001,2012-03-10,19.899999618530277,
03BF001,2012-04-10,110.0,
03BF001,2012-05-10,200.0,
03BF001,2012-06-10,83.0,
03BF001,2012-07-10,54.0,
03BF001,2012-08-10,113.0,
03BF001,2012-09-10,65.5999984741211,
03BF001,2012-10-10,116.0,
03BF001,2012-11-10,141.0,
03BF001,2012-12-10,76.69999694824219,B
03BF001,2013-01-10,40.400001525878906,B
03BF001,2013-02-10,24.100000381469727,B
03BF001,2013-03-10,18.200000762939453,B
03BF001,2013-04-10,19.5,B
03BF001,2013-05-10,,
03BF001,2013-10-10,,
03BF001,2013-11-10,106.0,
03BF001,2013-12-10,76.4000015258789,B
03BF001,2014-01-10,29.899999618530277,B
03BF001,2014-02-10,16.700000762939453,B
03BF001,2014-03-10,11.600000381469728,B
03BF001,2014-04-10,9.510000228881836,B
03BF001,2014-05-10,715.0,B
03BF001,2014-06-10,145.0,
03BF001,2014-07-10,131.0,
03BF001,2014-08-10,124.0,
03BF001,2014-09-10,82.19999694824219,
03BF001,2014-10-10,190.0,
03BF001,2014-11-10,140.0,
03BF001,2014-12-10,64.5999984741211,B
03BF001,2015-01-10,30.600000381469727,B
03BF001,2015-02-10,19.299999237060547,B
03BF001,2015-03-10,15.399999618530272,B
03BF001,2015-04-10,14.600000381469728,B
03BF001,2015-05-10,614.0,
03BF001,2015-06-10,155.0,
03BF001,2015-07-10,125.0,
03BF001,2015-08-10,105.0,
03BF001,2015-09-10,252.0,
03BF001,2015-10-10,73.69999694824219,
03BF001,2015-11-10,349.0,
03BF001,2015-12-10,70.9000015258789,B
03BF001,2016-01-10,45.70000076293945,B
03BF001,2016-02-10,28.700000762939453,B
03BF001,2016-03-10,21.200000762939453,B
03BF001,2016-04-10,18.200000762939453,B
03BF001,2016-05-10,327.0,
03BF001,2016-06-10,268.0,
03BF001,2016-07-10,64.30000305175781,
03BF001,2016-08-10,129.0,
03BF001,2016-09-10,157.0,
03BF001,2016-10-10,93.8000030517578,
03BF001,2016-11-10,210.0,
03BF001,2017-05-10,,
03BF001,2017-06-10,98.5999984741211,
03BF001,2017-07-10,172.0,
03BF001,2017-08-10,53.09999847412109,
03BF001,2017-09-10,65.30000305175781,
03BF001,2017-10-10,159.0,
03BF001,2017-11-10,168.0,
03BF001,2018-05-10,,
03BF001,2018-06-10,185.0,
03BF001,2018-07-10,,
03BF001,2019-08-10,,
03BF001,2019-09-10,44.09999847412109,
03BF001,2019-10-10,106.0,
03BF001,2019-11-10,,
03BF001,2020-05-10,,
03BF001,2020-06-10,160.0,
03BF001,2020-07-10,55.29999923706055,
03BF001,2020-08-10,356.0,
03BF001,2020-09-10,289.0,
03BF001,2020-10-10,237.0,
03BF001,2020-11-10,122.0,
03BF001,2021-04-10,,
03BF001,2021-05-10,156.0,
03BF001,2021-06-10,89.5,
03BF001,2021-07-10,105.0,
03BF001,2021-08-10,99.0999984741211,
03BF001,2021-09-10,144.0,
03BF001,2021-10-10,108.0,
03BF001,2021-11-10,224.0,
03BF001,2022-05-10,564.0,
03BF001,2022-06-10,180.0,
03BF001,2022-07-10,68.5,
03BF001,2022-08-10,227.0,
03BF001,2022-09-10,56.400001525878906,
03BF001,2022-10-10,35.900001525878906,
03BF001,2022-11-10,182.0,
03BF001,2023-05-10,249.0,
03BF001,2023-06-10,24.600000381469727,
03BF001,2023-07-10,10.0,
03BF001,1975-05-11,,
03BF001,1975-06-11,95.0999984741211,
03BF001,1975-07-11,49.0,
03BF001,1975-08-11,143.0,
03BF001,1975-09-11,37.09999847412109,
03BF001,1975-10-11,72.80000305175781,
03BF001,1975-11-11,269.0,
03BF001,1975-12-11,52.09999847412109,
03BF001,1976-01-11,21.399999618530277,E
03BF001,1976-02-11,13.199999809265137,E
03BF001,1976-03-11,10.199999809265137,E
03BF001,1976-04-11,50.09999847412109,
03BF001,1976-05-11,230.0,
03BF001,1976-06-11,77.9000015258789,
03BF001,1976-07-11,25.799999237060547,
03BF001,1976-08-11,156.0,
03BF001,1976-09-11,37.09999847412109,
03BF001,1976-10-11,94.3000030517578,
03BF001,1976-11-11,49.59999847412109,
03BF001,1976-12-11,29.200000762939453,E
03BF001,1977-01-11,19.200000762939453,E
03BF001,1977-02-11,15.699999809265137,E
03BF001,1977-03-11,15.300000190734863,E
03BF001,1977-04-11,68.5,E
03BF001,1977-05-11,142.0,E
03BF001,1977-06-11,32.599998474121094,E
03BF001,1977-07-11,74.19999694824219,
03BF001,1977-08-11,48.09999847412109,
03BF001,1977-09-11,279.0,
03BF001,1977-10-11,80.19999694824219,
03BF001,1977-11-11,131.0,
03BF001,1977-12-11,41.0,E
03BF001,1978-01-11,15.5,E
03BF001,1978-02-11,9.479999542236328,E
03BF001,1978-03-11,7.5,E
03BF001,1978-04-11,7.679999828338623,E
03BF001,1978-05-11,200.0,E
03BF001,1978-06-11,96.5999984741211,
03BF001,1978-07-11,212.0,
03BF001,1978-08-11,139.0,
03BF001,1978-09-11,142.0,
03BF001,1978-10-11,108.0,
03BF001,1978-11-11,170.0,
03BF001,1978-12-11,66.0,E
03BF001,1979-01-11,28.799999237060547,E
03BF001,1979-02-11,17.5,E
03BF001,1979-03-11,13.399999618530272,E
03BF001,1979-04-11,19.0,E
03BF001,1979-05-11,440.0,E
03BF001,1979-06-11,225.0,
03BF001,1979-07-11,63.900001525878906,
03BF001,1979-08-11,69.4000015258789,
03BF001,1979-09-11,205.0,
03BF001,1979-10-11,171.0,
03BF001,1979-11-11,110.0,
03BF001,1979-12-11,87.0,E
03BF001,1980-01-11,34.29999923706055,E
03BF001,1980-02-11,20.100000381469727,E
03BF001,1980-03-11,15.300000190734863,E
03BF001,1980-04-11,13.699999809265137,E
03BF001,1980-05-11,276.0,E
03BF001,1980-06-11,124.0,
03BF001,1980-07-11,104.0,
03BF001,1980-08-11,57.20000076293945,
03BF001,1980-09-11,19.200000762939453,
03BF001,1980-10-11,152.0,
03BF001,1980-11-11,76.0999984741211,
03BF001,1980-12-11,30.899999618530277,E
03BF001,1981-01-11,19.100000381469727,E
03BF001,1981-02-11,15.399999618530272,E
03BF001,1981-03-11,35.0,E
03BF001,1981-04-11,38.20000076293945,E
03BF001,1981-05-11,449.0,
03BF001,1981-06-11,135.0,
03BF001,1981-07-11,64.69999694824219,
03BF001,1981-08-11,20.700000762939453,
03BF001,1981-09-11,35.400001525878906,
03BF001,1981-10-11,90.8000030517578,
03BF001,1981-11-11,83.69999694824219,
03BF001,1981-12-11,35.599998474121094,
03BF001,1982-01-11,18.399999618530277,E
03BF001,1982-02-11,11.899999618530272,E
03BF001,1982-03-11,9.670000076293944,E
03BF001,1982-04-11,14.5,E
03BF001,1982-05-11,644.0,
03BF001,1982-06-11,103.0,
03BF001,1982-07-11,141.0,
03BF001,1982-08-11,144.0,
03BF001,1982-09-11,177.0,
03BF001,1982-10-11,97.8000030517578,
03BF001,1982-11-11,106.0,
03BF001,1982-12-11,87.0,E
03BF001,1983-01-11,30.0,E
03BF001,1983-02-11,18.299999237060547,E
03BF001,1983-03-11,14.899999618530272,E
03BF001,1983-04-11,13.699999809265137,E
03BF001,1983-05-11,254.0,
03BF001,1983-06-11,153.0,
03BF001,1983-07-11,95.5,
03BF001,1983-08-11,40.5,
03BF001,1983-09-11,95.9000015258789,
03BF001,1983-10-11,123.0,
03BF001,1983-11-11,65.0,
03BF001,1983-12-11,39.0,E
03BF001,1984-01-11,24.899999618530277,E
03BF001,1984-02-11,21.100000381469727,E
03BF001,1984-03-11,19.399999618530277,E
03BF001,1984-04-11,16.0,
03BF001,1984-05-11,162.0,E
03BF001,1984-06-11,161.0,
03BF001,1984-07-11,146.0,
03BF001,1984-08-11,55.900001525878906,
03BF001,1984-09-11,41.400001525878906,
03BF001,1984-10-11,182.0,
03BF001,1984-11-11,130.0,
03BF001,1984-12-11,103.0,
03BF001,1985-01-11,78.5,
03BF001,1985-02-11,35.29999923706055,
03BF001,1985-03-11,22.899999618530277,E
03BF001,1985-04-11,20.100000381469727,E
03BF001,1985-05-11,250.0,E
03BF001,1985-06-11,177.0,E
03BF001,1985-07-11,67.0,
03BF001,1985-08-11,136.0,
03BF001,1985-09-11,64.80000305175781,
03BF001,1985-10-11,195.0,
03BF001,1985-11-11,124.0,
03BF001,1985-12-11,52.0,E
03BF001,1986-01-11,30.799999237060547,E
03BF001,1986-02-11,23.700000762939453,E
03BF001,1986-03-11,20.700000762939453,E
03BF001,1986-04-11,21.700000762939453,E
03BF001,1986-05-11,430.0,E
03BF001,1986-06-11,224.0,E
03BF001,1986-07-11,80.0999984741211,
03BF001,1986-08-11,72.0,
03BF001,1986-09-11,149.0,
03BF001,1986-10-11,156.0,
03BF001,1986-11-11,65.5,
03BF001,1986-12-11,36.5,E
03BF001,1987-01-11,22.5,E
03BF001,1987-02-11,14.800000190734863,E
03BF001,1987-03-11,11.300000190734863,E
03BF001,1987-04-11,25.0,E
03BF001,1987-05-11,108.0,E
03BF001,1987-06-11,69.0,E
03BF001,1987-07-11,49.400001525878906,
03BF001,1987-08-11,58.5,
03BF001,1987-09-11,161.0,
03BF001,1987-10-11,159.0,
03BF001,1987-11-11,149.0,
03BF001,1987-12-11,74.5,
03BF001,1988-01-11,39.59999847412109,E
03BF001,1988-02-11,22.700000762939453,E
03BF001,1988-03-11,16.200000762939453,E
03BF001,1988-04-11,33.0,E
03BF001,1988-05-11,215.0,
03BF001,1988-06-11,67.5,
03BF001,1988-07-11,61.09999847412109,
03BF001,1988-08-11,29.399999618530277,
03BF001,1988-09-11,80.9000015258789,
03BF001,1988-10-11,94.0,
03BF001,1988-11-11,166.0,
03BF001,1988-12-11,76.69999694824219,E
03BF001,1989-01-11,31.299999237060547,E
03BF001,1989-02-11,15.399999618530272,E
03BF001,1989-03-11,9.539999961853027,E
03BF001,1989-04-11,7.639999866485596,E
03BF001,1989-05-11,482.0,
03BF001,1989-06-11,174.0,
03BF001,1989-07-11,110.0,
03BF001,1989-08-11,42.09999847412109,
03BF001,1989-09-11,66.4000015258789,
03BF001,1989-10-11,155.0,
03BF001,1989-11-11,124.0,
03BF001,1989-12-11,50.900001525878906,E
03BF001,1990-01-11,27.5,E
03BF001,1990-02-11,18.299999237060547,
03BF001,1990-03-11,13.699999809265137,E
03BF001,1990-04-11,11.199999809265137,E
03BF001,1990-05-11,335.0,
03BF001,1990-06-11,206.0,
03BF001,1990-07-11,65.80000305175781,
03BF001,1990-08-11,83.19999694824219,
03BF001,1990-09-11,110.0,
03BF001,1990-10-11,171.0,
03BF001,1990-11-11,110.0,E
03BF001,1990-12-11,77.19999694824219,E
03BF001,1991-01-11,38.09999847412109,E
03BF001,1991-02-11,22.299999237060547,
03BF001,1991-03-11,15.5,E
03BF001,1991-04-11,105.0,
03BF001,1991-05-11,332.0,
03BF001,1991-06-11,105.0,
03BF001,1991-07-11,71.9000015258789,
03BF001,1991-08-11,53.900001525878906,
03BF001,1991-09-11,96.9000015258789,
03BF001,1991-10-11,276.0,
03BF001,1991-11-11,147.0,
03BF001,1991-12-11,52.5,E
03BF001,1992-01-11,28.100000381469727,E
03BF001,1992-02-11,17.399999618530273,E
03BF001,1992-03-11,11.699999809265137,
03BF001,1992-04-11,9.630000114440918,
03BF001,1992-05-11,397.0,
03BF001,1992-06-11,116.0,
03BF001,1992-07-11,51.59999847412109,
03BF001,1992-08-11,35.20000076293945,
03BF001,1992-09-11,199.0,
03BF001,1992-10-11,112.0,
03BF001,1992-11-11,109.0,
03BF001,1992-12-11,58.79999923706055,E
03BF001,1993-01-11,32.599998474121094,E
03BF001,1993-02-11,19.799999237060547,
03BF001,1993-03-11,13.600000381469728,E
03BF001,1993-04-11,24.0,
03BF001,1993-05-11,567.0,
03BF001,1993-06-11,145.0,
03BF001,1993-07-11,95.4000015258789,
03BF001,1993-08-11,86.9000015258789,
03BF001,1993-09-11,178.0,
03BF001,1993-10-11,191.0,
03BF001,1993-11-11,64.4000015258789,
03BF001,1993-12-11,34.20000076293945,E
03BF001,1994-01-11,19.200000762939453,E
03BF001,1994-02-11,12.699999809265137,
03BF001,1994-03-11,10.199999809265137,
03BF001,1994-04-11,10.199999809265137,
03BF001,1994-05-11,542.0,
03BF001,1994-06-11,93.0999984741211,
03BF001,1994-07-11,109.0,
03BF001,1994-08-11,159.0,
03BF001,1994-09-11,140.0,
03BF001,1994-10-11,269.0,
03BF001,1994-11-11,92.0999984741211,
03BF001,1994-12-11,77.0999984741211,E
03BF001,1995-01-11,36.29999923706055,E
03BF001,1995-02-11,24.100000381469727,
03BF001,1995-03-11,20.700000762939453,E
03BF001,1995-04-11,19.600000381469727,
03BF001,1995-05-11,303.0,
03BF001,1995-06-11,120.0,
03BF001,1995-07-11,201.0,
03BF001,1995-08-11,48.29999923706055,
03BF001,1995-09-11,85.4000015258789,
03BF001,1995-10-11,185.0,
03BF001,1995-11-11,131.0,
03BF001,1995-12-11,58.70000076293945,E
03BF001,1996-01-11,31.899999618530277,E
03BF001,1996-02-11,22.200000762939453,E
03BF001,1996-03-11,19.399999618530277,E
03BF001,1996-04-11,18.600000381469727,E
03BF001,1996-05-11,374.0,
03BF001,1996-06-11,145.0,
03BF001,1996-07-11,63.70000076293945,
03BF001,1996-08-11,31.799999237060547,
03BF001,1996-09-11,71.9000015258789,
03BF001,1996-10-11,124.0,
03BF001,1996-11-11,232.0,
03BF001,1996-12-11,61.59999847412109,
03BF001,1997-01-11,33.70000076293945,E
03BF001,1997-02-11,19.600000381469727,
03BF001,1997-03-11,14.600000381469728,E
03BF001,1997-04-11,27.700000762939453,
03BF001,1997-05-11,328.0,
03BF001,1997-06-11,83.80000305175781,
03BF001,1997-07-11,101.0,
03BF001,1997-08-11,32.599998474121094,
03BF001,1998-04-11,,
03BF001,1998-05-11,109.0,
03BF001,1998-06-11,85.9000015258789,
03BF001,1998-07-11,37.79999923706055,
03BF001,1998-08-11,110.0,
03BF001,1998-09-11,118.0,
03BF001,1998-10-11,150.0,
03BF001,1998-11-11,119.0,
03BF001,1998-12-11,55.70000076293945,
03BF001,1999-01-11,36.400001525878906,
03BF001,1999-02-11,26.899999618530277,
03BF001,1999-03-11,22.600000381469727,
03BF001,1999-04-11,24.0,
03BF001,1999-05-11,473.0,
03BF001,1999-06-11,138.0,
03BF001,1999-07-11,214.0,
03BF001,1999-08-11,110.0,
03BF001,1999-09-11,53.900001525878906,
03BF001,1999-10-11,218.0,
03BF001,1999-11-11,109.0,
03BF001,1999-12-11,81.80000305175781,
03BF001,2000-01-11,34.599998474121094,
03BF001,2000-02-11,25.100000381469727,
03BF001,2000-03-11,24.799999237060547,E
03BF001,2000-04-11,135.0,
03BF001,2000-05-11,337.0,
03BF001,2000-06-11,85.4000015258789,
03BF001,2000-07-11,108.0,
03BF001,2000-08-11,56.09999847412109,
03BF001,2000-09-11,61.79999923706055,
03BF001,2000-10-11,175.0,
03BF001,2000-11-11,99.0,
03BF001,2000-12-11,39.09999847412109,
03BF001,2001-01-11,23.399999618530277,
03BF001,2001-02-11,17.200000762939453,
03BF001,2001-03-11,14.5,
03BF001,2001-04-11,14.300000190734863,
03BF001,2001-05-11,282.0,
03BF001,2001-06-11,44.59999847412109,
03BF001,2001-07-11,43.29999923706055,
03BF001,2001-08-11,107.0,
03BF001,2001-09-11,215.0,
03BF001,2001-10-11,47.400001525878906,
03BF001,2001-11-11,117.0,
03BF001,2001-12-11,106.0,
03BF001,2002-01-11,37.70000076293945,
03BF001,2002-02-11,21.0,
03BF001,2002-03-11,16.200000762939453,
03BF001,2002-04-11,14.5,
03BF001,2002-05-11,299.0,
03BF001,2002-06-11,220.0,
03BF001,2002-07-11,28.399999618530277,
03BF001,2002-08-11,98.4000015258789,
03BF001,2002-09-11,154.0,
03BF001,2002-10-11,539.0,
03BF001,2002-11-11,87.4000015258789,
03BF001,2002-12-11,38.5,
03BF001,2003-01-11,22.0,
03BF001,2003-02-11,15.800000190734863,
03BF001,2003-03-11,13.0,
03BF001,2003-04-11,13.300000190734863,
03BF001,2003-05-11,730.0,
03BF001,2003-06-11,56.5,
03BF001,2003-07-11,76.69999694824219,
03BF001,2003-08-11,44.20000076293945,
03BF001,2003-09-11,121.0,
03BF001,2003-10-11,93.6999969482422,
03BF001,2003-11-11,55.900001525878906,
03BF001,2003-12-11,88.0999984741211,
03BF001,2004-01-11,37.900001525878906,
03BF001,2004-02-11,22.0,
03BF001,2004-03-11,17.600000381469727,
03BF001,2004-04-11,18.0,
03BF001,2004-05-11,302.0,
03BF001,2005-04-11,,
03BF001,2005-05-11,394.0,
03BF001,2005-06-11,88.30000305175781,
03BF001,2005-07-11,81.0999984741211,
03BF001,2005-08-11,90.1999969482422,
03BF001,2005-09-11,121.0,
03BF001,2005-10-11,435.0,
03BF001,2005-11-11,,
03BF001,2006-04-11,,
03BF001,2006-05-11,162.0,
03BF001,2006-06-11,54.59999847412109,
03BF001,2006-07-11,162.0,
03BF001,2006-08-11,56.0,
03BF001,2006-09-11,40.79999923706055,
03BF001,2006-10-11,74.4000015258789,
03BF001,2006-11-11,195.0,
03BF001,2008-07-11,227.0,
03BF001,2008-08-11,325.0,
03BF001,2008-09-11,51.5,
03BF001,2008-10-11,120.0,
03BF001,2008-11-11,244.0,
03BF001,2008-12-11,55.29999923706055,
03BF001,2009-01-11,34.20000076293945,
03BF001,2009-02-11,24.299999237060547,
03BF001,2009-03-11,21.0,
03BF001,2009-04-11,56.79999923706055,
03BF001,2009-05-11,,
03BF001,2009-06-11,186.0,
03BF001,2009-07-11,65.9000015258789,
03BF001,2009-08-11,42.59999847412109,
03BF001,2009-09-11,39.900001525878906,
03BF001,2009-10-11,102.0,
03BF001,2009-11-11,121.0,
03BF001,2009-12-11,51.09999847412109,
03BF001,2010-01-11,29.100000381469727,
03BF001,2010-02-11,21.200000762939453,
03BF001,2010-03-11,17.399999618530273,
03BF001,2010-04-11,244.0,
03BF001,2010-05-11,109.0,
03BF001,2010-06-11,32.900001525878906,
03BF001,2010-07-11,54.70000076293945,
03BF001,2010-08-11,82.30000305175781,
03BF001,2010-09-11,60.0,
03BF001,2010-10-11,51.400001525878906,
03BF001,2010-11-11,60.29999923706055,
03BF001,2010-12-11,100.0,
03BF001,2011-01-11,63.900001525878906,
03BF001,2011-02-11,23.299999237060547,
03BF001,2011-03-11,16.299999237060547,
03BF001,2011-04-11,,
03BF001,2011-07-11,,
03BF001,2011-08-11,33.900001525878906,
03BF001,2011-09-11,38.5,
03BF001,2011-10-11,65.19999694824219,
03BF001,2011-11-11,113.0,
03BF001,2011-12-11,57.900001525878906,
03BF001,2012-01-11,34.20000076293945,
03BF001,2012-02-11,24.399999618530277,
03BF001,2012-03-11,19.399999618530277,
03BF001,2012-04-11,123.0,
03BF001,2012-05-11,187.0,
03BF001,2012-06-11,75.4000015258789,
03BF001,2012-07-11,50.59999847412109,
03BF001,2012-08-11,104.0,
03BF001,2012-09-11,62.900001525878906,
03BF001,2012-10-11,134.0,
03BF001,2012-11-11,132.0,
03BF001,2012-12-11,75.0,B
03BF001,2013-01-11,39.59999847412109,B
03BF001,2013-02-11,23.799999237060547,B
03BF001,2013-03-11,18.100000381469727,B
03BF001,2013-04-11,19.899999618530277,B
03BF001,2013-05-11,,
03BF001,2013-10-11,,
03BF001,2013-11-11,100.0,
03BF001,2013-12-11,73.4000015258789,B
03BF001,2014-01-11,29.200000762939453,B
03BF001,2014-02-11,16.399999618530273,B
03BF001,2014-03-11,11.399999618530272,B
03BF001,2014-04-11,9.510000228881836,B
03BF001,2014-05-11,893.0,
03BF001,2014-06-11,133.0,
03BF001,2014-07-11,215.0,
03BF001,2014-08-11,112.0,
03BF001,2014-09-11,86.69999694824219,
03BF001,2014-10-11,320.0,
03BF001,2014-11-11,127.0,
03BF001,2014-12-11,62.70000076293945,B
03BF001,2015-01-11,30.100000381469727,B
03BF001,2015-02-11,19.100000381469727,B
03BF001,2015-03-11,15.300000190734863,B
03BF001,2015-04-11,14.399999618530272,B
03BF001,2015-05-11,560.0,
03BF001,2015-06-11,148.0,
03BF001,2015-07-11,122.0,
03BF001,2015-08-11,110.0,
03BF001,2015-09-11,236.0,
03BF001,2015-10-11,72.69999694824219,
03BF001,2015-11-11,316.0,
03BF001,2015-12-11,76.80000305175781,B
03BF001,2016-01-11,44.79999923706055,B
03BF001,2016-02-11,28.299999237060547,B
03BF001,2016-03-11,21.0,B
03BF001,2016-04-11,18.100000381469727,B
03BF001,2016-05-11,291.0,
03BF001,2016-06-11,258.0,
03BF001,2016-07-11,60.0,
03BF001,2016-08-11,116.0,
03BF001,2016-09-11,191.0,
03BF001,2016-10-11,92.5,
03BF001,2016-11-11,231.0,
03BF001,2017-05-11,463.0,
03BF001,2017-06-11,104.0,
03BF001,2017-07-11,156.0,
03BF001,2017-08-11,56.29999923706055,
03BF001,2017-09-11,60.70000076293945,
03BF001,2017-10-11,162.0,
03BF001,2017-11-11,150.0,
03BF001,2018-05-11,,
03BF001,2018-06-11,167.0,
03BF001,2018-07-11,,
03BF001,2019-08-11,,
03BF001,2019-09-11,43.5,
03BF001,2019-10-11,100.0,
03BF001,2019-11-11,,
03BF001,2020-05-11,,
03BF001,2020-06-11,148.0,
03BF001,2020-07-11,69.5999984741211,
03BF001,2020-08-11,419.0,
03BF001,2020-09-11,262.0,
03BF001,2020-10-11,225.0,
03BF001,2020-11-11,226.0,
03BF001,2021-04-11,,
03BF001,2021-05-11,159.0,
03BF001,2021-06-11,82.30000305175781,
03BF001,2021-07-11,94.0,
03BF001,2021-08-11,140.0,
03BF001,2021-09-11,159.0,
03BF001,2021-10-11,102.0,
03BF001,2021-11-11,215.0,
03BF001,2022-05-11,631.0,
03BF001,2022-06-11,163.0,
03BF001,2022-07-11,64.30000305175781,
03BF001,2022-08-11,201.0,
03BF001,2022-09-11,68.30000305175781,
03BF001,2022-10-11,39.70000076293945,
03BF001,2022-11-11,170.0,
03BF001,2023-05-11,216.0,
03BF001,2023-06-11,22.899999618530277,
03BF001,2023-07-11,9.800000190734863,
03BF001,1975-05-12,,
03BF001,1975-06-12,86.5999984741211,
03BF001,1975-07-12,47.29999923706055,
03BF001,1975-08-12,135.0,
03BF001,1975-09-12,40.20000076293945,
03BF001,1975-10-12,71.5999984741211,
03BF001,1975-11-12,283.0,
03BF001,1975-12-12,47.900001525878906,
03BF001,1976-01-12,21.0,E
03BF001,1976-02-12,13.0,E
03BF001,1976-03-12,10.300000190734863,E
03BF001,1976-04-12,48.70000076293945,
03BF001,1976-05-12,220.0,
03BF001,1976-06-12,98.3000030517578,
03BF001,1976-07-12,32.29999923706055,
03BF001,1976-08-12,139.0,
03BF001,1976-09-12,37.400001525878906,
03BF001,1976-10-12,89.80000305175781,
03BF001,1976-11-12,50.70000076293945,
03BF001,1976-12-12,28.600000381469727,E
03BF001,1977-01-12,19.0,E
03BF001,1977-02-12,15.600000381469728,E
03BF001,1977-03-12,15.300000190734863,E
03BF001,1977-04-12,71.4000015258789,E
03BF001,1977-05-12,130.0,E
03BF001,1977-06-12,29.700000762939453,E
03BF001,1977-07-12,74.19999694824219,
03BF001,1977-08-12,59.70000076293945,
03BF001,1977-09-12,320.0,
03BF001,1977-10-12,102.0,
03BF001,1977-11-12,122.0,
03BF001,1977-12-12,39.0,E
03BF001,1978-01-12,15.100000381469728,E
03BF001,1978-02-12,9.300000190734863,E
03BF001,1978-03-12,7.400000095367432,E
03BF001,1978-04-12,7.78000020980835,E
03BF001,1978-05-12,230.0,E
03BF001,1978-06-12,98.9000015258789,
03BF001,1978-07-12,249.0,
03BF001,1978-08-12,163.0,
03BF001,1978-09-12,129.0,
03BF001,1978-10-12,113.0,
03BF001,1978-11-12,157.0,
03BF001,1978-12-12,64.0,E
03BF001,1979-01-12,28.299999237060547,E
03BF001,1979-02-12,17.399999618530273,E
03BF001,1979-03-12,13.399999618530272,E
03BF001,1979-04-12,19.5,E
03BF001,1979-05-12,474.0,E
03BF001,1979-06-12,233.0,
03BF001,1979-07-12,60.70000076293945,
03BF001,1979-08-12,71.5,
03BF001,1979-09-12,199.0,
03BF001,1979-10-12,163.0,
03BF001,1979-11-12,114.0,
03BF001,1979-12-12,81.0,E
03BF001,1980-01-12,33.400001525878906,E
03BF001,1980-02-12,19.899999618530277,E
03BF001,1980-03-12,15.300000190734863,E
03BF001,1980-04-12,13.699999809265137,E
03BF001,1980-05-12,268.0,E
03BF001,1980-06-12,134.0,
03BF001,1980-07-12,119.0,
03BF001,1980-08-12,52.20000076293945,
03BF001,1980-09-12,20.700000762939453,
03BF001,1980-10-12,157.0,
03BF001,1980-11-12,73.80000305175781,
03BF001,1980-12-12,30.200000762939453,E
03BF001,1981-01-12,18.899999618530277,E
03BF001,1981-02-12,15.300000190734863,E
03BF001,1981-03-12,34.70000076293945,E
03BF001,1981-04-12,45.0,E
03BF001,1981-05-12,433.0,
03BF001,1981-06-12,127.0,
03BF001,1981-07-12,66.5,
03BF001,1981-08-12,20.700000762939453,
03BF001,1981-09-12,38.0,
03BF001,1981-10-12,85.5,
03BF001,1981-11-12,83.5,
03BF001,1981-12-12,35.5,
03BF001,1982-01-12,18.100000381469727,E
03BF001,1982-02-12,11.699999809265137,E
03BF001,1982-03-12,9.619999885559082,E
03BF001,1982-04-12,14.699999809265137,E
03BF001,1982-05-12,554.0,
03BF001,1982-06-12,95.0999984741211,
03BF001,1982-07-12,197.0,
03BF001,1982-08-12,179.0,
03BF001,1982-09-12,170.0,
03BF001,1982-10-12,98.0,
03BF001,1982-11-12,104.0,
03BF001,1982-12-12,84.0,E
03BF001,1983-01-12,29.5,E
03BF001,1983-02-12,18.100000381469727,E
03BF001,1983-03-12,14.899999618530272,E
03BF001,1983-04-12,13.699999809265137,E
03BF001,1983-05-12,265.0,
03BF001,1983-06-12,147.0,
03BF001,1983-07-12,90.0,
03BF001,1983-08-12,38.20000076293945,
03BF001,1983-09-12,103.0,
03BF001,1983-10-12,115.0,
03BF001,1983-11-12,60.900001525878906,
03BF001,1983-12-12,38.0,E
03BF001,1984-01-12,24.799999237060547,E
03BF001,1984-02-12,21.100000381469727,E
03BF001,1984-03-12,19.299999237060547,E
03BF001,1984-04-12,15.699999809265137,
03BF001,1984-05-12,146.0,E
03BF001,1984-06-12,160.0,
03BF001,1984-07-12,132.0,
03BF001,1984-08-12,55.900001525878906,
03BF001,1984-09-12,44.79999923706055,
03BF001,1984-10-12,167.0,
03BF001,1984-11-12,126.0,
03BF001,1984-12-12,103.0,
03BF001,1985-01-12,77.19999694824219,
03BF001,1985-02-12,35.0,
03BF001,1985-03-12,22.799999237060547,E
03BF001,1985-04-12,20.200000762939453,E
03BF001,1985-05-12,235.0,E
03BF001,1985-06-12,183.0,E
03BF001,1985-07-12,67.19999694824219,
03BF001,1985-08-12,137.0,
03BF001,1985-09-12,62.79999923706055,
03BF001,1985-10-12,198.0,
03BF001,1985-11-12,122.0,
03BF001,1985-12-12,50.5,E
03BF001,1986-01-12,30.5,E
03BF001,1986-02-12,23.5,E
03BF001,1986-03-12,20.600000381469727,E
03BF001,1986-04-12,21.799999237060547,E
03BF001,1986-05-12,470.0,E
03BF001,1986-06-12,218.0,E
03BF001,1986-07-12,77.5999984741211,
03BF001,1986-08-12,137.0,
03BF001,1986-09-12,150.0,
03BF001,1986-10-12,157.0,
03BF001,1986-11-12,66.4000015258789,
03BF001,1986-12-12,35.900001525878906,E
03BF001,1987-01-12,22.200000762939453,E
03BF001,1987-02-12,14.699999809265137,E
03BF001,1987-03-12,11.199999809265137,E
03BF001,1987-04-12,30.0,E
03BF001,1987-05-12,107.0,E
03BF001,1987-06-12,67.5,E
03BF001,1987-07-12,49.400001525878906,
03BF001,1987-08-12,61.20000076293945,
03BF001,1987-09-12,173.0,
03BF001,1987-10-12,162.0,
03BF001,1987-11-12,137.0,
03BF001,1987-12-12,72.5999984741211,
03BF001,1988-01-12,38.70000076293945,E
03BF001,1988-02-12,22.299999237060547,E
03BF001,1988-03-12,16.100000381469727,E
03BF001,1988-04-12,46.0,E
03BF001,1988-05-12,221.0,
03BF001,1988-06-12,64.80000305175781,
03BF001,1988-07-12,57.0,
03BF001,1988-08-12,28.200000762939453,
03BF001,1988-09-12,83.69999694824219,
03BF001,1988-10-12,94.8000030517578,
03BF001,1988-11-12,161.0,
03BF001,1988-12-12,74.4000015258789,E
03BF001,1989-01-12,30.5,E
03BF001,1989-02-12,15.100000381469728,E
03BF001,1989-03-12,9.399999618530272,E
03BF001,1989-04-12,7.650000095367432,E
03BF001,1989-05-12,471.0,
03BF001,1989-06-12,244.0,
03BF001,1989-07-12,101.0,
03BF001,1989-08-12,41.70000076293945,
03BF001,1989-09-12,67.30000305175781,
03BF001,1989-10-12,150.0,
03BF001,1989-11-12,124.0,
03BF001,1989-12-12,49.900001525878906,E
03BF001,1990-01-12,27.200000762939453,E
03BF001,1990-02-12,18.100000381469727,
03BF001,1990-03-12,13.699999809265137,E
03BF001,1990-04-12,11.100000381469728,E
03BF001,1990-05-12,352.0,
03BF001,1990-06-12,190.0,
03BF001,1990-07-12,68.5999984741211,E
03BF001,1990-08-12,85.69999694824219,
03BF001,1990-09-12,113.0,
03BF001,1990-10-12,173.0,
03BF001,1990-11-12,106.0,E
03BF001,1990-12-12,75.5,E
03BF001,1991-01-12,37.09999847412109,E
03BF001,1991-02-12,22.0,
03BF001,1991-03-12,15.300000190734863,E
03BF001,1991-04-12,112.0,
03BF001,1991-05-12,345.0,
03BF001,1991-06-12,130.0,
03BF001,1991-07-12,69.5,
03BF001,1991-08-12,49.09999847412109,
03BF001,1991-09-12,104.0,
03BF001,1991-10-12,257.0,
03BF001,1991-11-12,136.0,
03BF001,1991-12-12,51.29999923706055,E
03BF001,1992-01-12,27.600000381469727,E
03BF001,1992-02-12,17.100000381469727,E
03BF001,1992-03-12,11.600000381469728,
03BF001,1992-04-12,9.630000114440918,
03BF001,1992-05-12,390.0,
03BF001,1992-06-12,110.0,
03BF001,1992-07-12,55.59999847412109,
03BF001,1992-08-12,34.20000076293945,
03BF001,1992-09-12,208.0,
03BF001,1992-10-12,113.0,
03BF001,1992-11-12,107.0,
03BF001,1992-12-12,57.59999847412109,E
03BF001,1993-01-12,32.0,E
03BF001,1993-02-12,19.5,
03BF001,1993-03-12,13.399999618530272,E
03BF001,1993-04-12,31.0,
03BF001,1993-05-12,524.0,
03BF001,1993-06-12,136.0,
03BF001,1993-07-12,189.0,
03BF001,1993-08-12,81.0999984741211,
03BF001,1993-09-12,180.0,
03BF001,1993-10-12,178.0,
03BF001,1993-11-12,64.0,
03BF001,1993-12-12,33.400001525878906,E
03BF001,1994-01-12,18.899999618530277,E
03BF001,1994-02-12,12.600000381469728,
03BF001,1994-03-12,10.199999809265137,
03BF001,1994-04-12,10.199999809265137,
03BF001,1994-05-12,477.0,
03BF001,1994-06-12,88.19999694824219,
03BF001,1994-07-12,159.0,
03BF001,1994-08-12,162.0,
03BF001,1994-09-12,130.0,
03BF001,1994-10-12,272.0,
03BF001,1994-11-12,88.80000305175781,
03BF001,1994-12-12,74.4000015258789,E
03BF001,1995-01-12,35.599998474121094,E
03BF001,1995-02-12,23.899999618530277,
03BF001,1995-03-12,20.600000381469727,E
03BF001,1995-04-12,19.600000381469727,
03BF001,1995-05-12,333.0,
03BF001,1995-06-12,111.0,
03BF001,1995-07-12,178.0,
03BF001,1995-08-12,45.70000076293945,
03BF001,1995-09-12,81.19999694824219,
03BF001,1995-10-12,177.0,
03BF001,1995-11-12,122.0,
03BF001,1995-12-12,57.59999847412109,E
03BF001,1996-01-12,31.5,E
03BF001,1996-02-12,22.100000381469727,E
03BF001,1996-03-12,19.299999237060547,E
03BF001,1996-04-12,18.899999618530277,E
03BF001,1996-05-12,424.0,
03BF001,1996-06-12,134.0,
03BF001,1996-07-12,62.09999847412109,
03BF001,1996-08-12,34.599998474121094,
03BF001,1996-09-12,66.0,
03BF001,1996-10-12,119.0,
03BF001,1996-11-12,207.0,
03BF001,1996-12-12,59.29999923706055,
03BF001,1997-01-12,33.0,E
03BF001,1997-02-12,19.200000762939453,
03BF001,1997-03-12,14.5,E
03BF001,1997-04-12,27.600000381469727,
03BF001,1997-05-12,315.0,
03BF001,1997-06-12,79.0999984741211,
03BF001,1997-07-12,95.0,
03BF001,1997-08-12,32.599998474121094,
03BF001,1998-04-12,,
03BF001,1998-05-12,101.0,
03BF001,1998-06-12,77.9000015258789,
03BF001,1998-07-12,35.20000076293945,
03BF001,1998-08-12,111.0,
03BF001,1998-09-12,104.0,
03BF001,1998-10-12,139.0,
03BF001,1998-11-12,113.0,
03BF001,1998-12-12,54.900001525878906,
03BF001,1999-01-12,36.0,
03BF001,1999-02-12,26.700000762939453,
03BF001,1999-03-12,22.600000381469727,
03BF001,1999-04-12,24.299999237060547,
03BF001,1999-05-12,410.0,
03BF001,1999-06-12,132.0,
03BF001,1999-07-12,196.0,
03BF001,1999-08-12,106.0,
03BF001,1999-09-12,60.79999923706055,
03BF001,1999-10-12,267.0,
03BF001,1999-11-12,104.0,
03BF001,1999-12-12,74.80000305175781,
03BF001,2000-01-12,34.0,
03BF001,2000-02-12,25.100000381469727,
03BF001,2000-03-12,24.899999618530277,E
03BF001,2000-04-12,122.0,
03BF001,2000-05-12,307.0,
03BF001,2000-06-12,81.0999984741211,
03BF001,2000-07-12,96.5999984741211,
03BF001,2000-08-12,54.59999847412109,
03BF001,2000-09-12,67.19999694824219,
03BF001,2000-10-12,159.0,
03BF001,2000-11-12,122.0,
03BF001,2000-12-12,38.29999923706055,
03BF001,2001-01-12,23.100000381469727,
03BF001,2001-02-12,17.100000381469727,
03BF001,2001-03-12,14.399999618530272,
03BF001,2001-04-12,14.699999809265137,
03BF001,2001-05-12,257.0,
03BF001,2001-06-12,42.5,
03BF001,2001-07-12,44.5,
03BF001,2001-08-12,132.0,
03BF001,2001-09-12,245.0,
03BF001,2001-10-12,61.20000076293945,
03BF001,2001-11-12,105.0,
03BF001,2001-12-12,102.0,
03BF001,2002-01-12,36.79999923706055,
03BF001,2002-02-12,20.799999237060547,
03BF001,2002-03-12,16.100000381469727,
03BF001,2002-04-12,14.699999809265137,
03BF001,2002-05-12,306.0,
03BF001,2002-06-12,201.0,
03BF001,2002-07-12,28.200000762939453,
03BF001,2002-08-12,113.0,
03BF001,2002-09-12,147.0,
03BF001,2002-10-12,474.0,
03BF001,2002-11-12,87.69999694824219,
03BF001,2002-12-12,37.59999847412109,
03BF001,2003-01-12,21.700000762939453,
03BF001,2003-02-12,15.699999809265137,
03BF001,2003-03-12,12.899999618530272,
03BF001,2003-04-12,13.300000190734863,
03BF001,2003-05-12,706.0,
03BF001,2003-06-12,67.4000015258789,
03BF001,2003-07-12,71.80000305175781,
03BF001,2003-08-12,41.0,
03BF001,2003-09-12,105.0,
03BF001,2003-10-12,86.4000015258789,
03BF001,2003-11-12,58.5,
03BF001,2003-12-12,85.4000015258789,
03BF001,2004-01-12,37.09999847412109,
03BF001,2004-02-12,21.700000762939453,
03BF001,2004-03-12,17.5,
03BF001,2004-04-12,17.799999237060547,
03BF001,2004-05-12,361.0,
03BF001,2005-04-12,,
03BF001,2005-05-12,414.0,
03BF001,2005-06-12,82.5,
03BF001,2005-07-12,71.69999694824219,
03BF001,2005-08-12,88.69999694824219,
03BF001,2005-09-12,117.0,
03BF001,2005-10-12,380.0,
03BF001,2005-11-12,,
03BF001,2006-04-12,,
03BF001,2006-05-12,153.0,
03BF001,2006-06-12,57.5,
03BF001,2006-07-12,144.0,
03BF001,2006-08-12,56.400001525878906,
03BF001,2006-09-12,39.79999923706055,
03BF001,2006-10-12,79.4000015258789,
03BF001,2006-11-12,201.0,
03BF001,2008-07-12,204.0,
03BF001,2008-08-12,290.0,
03BF001,2008-09-12,52.900001525878906,
03BF001,2008-10-12,121.0,
03BF001,2008-11-12,217.0,
03BF001,2008-12-12,54.400001525878906,
03BF001,2009-01-12,33.79999923706055,
03BF001,2009-02-12,24.100000381469727,
03BF001,2009-03-12,21.0,
03BF001,2009-04-12,59.29999923706055,
03BF001,2009-05-12,,
03BF001,2009-06-12,173.0,
03BF001,2009-07-12,72.4000015258789,
03BF001,2009-08-12,39.29999923706055,
03BF001,2009-09-12,40.09999847412109,
03BF001,2009-10-12,101.0,
03BF001,2009-11-12,126.0,
03BF001,2009-12-12,49.900001525878906,
03BF001,2010-01-12,28.799999237060547,
03BF001,2010-02-12,21.0,
03BF001,2010-03-12,17.299999237060547,
03BF001,2010-04-12,216.0,
03BF001,2010-05-12,101.0,
03BF001,2010-06-12,30.899999618530277,
03BF001,2010-07-12,56.5,
03BF001,2010-08-12,74.80000305175781,
03BF001,2010-09-12,56.09999847412109,
03BF001,2010-10-12,50.29999923706055,
03BF001,2010-11-12,57.0,
03BF001,2010-12-12,93.1999969482422,
03BF001,2011-01-12,60.0,
03BF001,2011-02-12,22.899999618530277,
03BF001,2011-03-12,16.200000762939453,
03BF001,2011-04-12,,
03BF001,2011-07-12,,
03BF001,2011-08-12,32.5,
03BF001,2011-09-12,36.20000076293945,
03BF001,2011-10-12,61.20000076293945,
03BF001,2011-11-12,111.0,
03BF001,2011-12-12,57.5,
03BF001,2012-01-12,33.400001525878906,
03BF001,2012-02-12,24.0,
03BF001,2012-03-12,19.100000381469727,
03BF001,2012-04-12,140.0,
03BF001,2012-05-12,175.0,
03BF001,2012-06-12,71.19999694824219,
03BF001,2012-07-12,47.70000076293945,
03BF001,2012-08-12,92.5999984741211,
03BF001,2012-09-12,59.29999923706055,
03BF001,2012-10-12,158.0,
03BF001,2012-11-12,125.0,
03BF001,2012-12-12,73.30000305175781,B
03BF001,2013-01-12,38.900001525878906,B
03BF001,2013-02-12,23.5,B
03BF001,2013-03-12,18.0,B
03BF001,2013-04-12,20.100000381469727,B
03BF001,2013-05-12,,
03BF001,2013-10-12,,
03BF001,2013-11-12,90.1999969482422,B
03BF001,2013-12-12,70.5999984741211,B
03BF001,2014-01-12,28.600000381469727,B
03BF001,2014-02-12,16.200000762939453,B
03BF001,2014-03-12,11.300000190734863,B
03BF001,2014-04-12,9.520000457763672,B
03BF001,2014-05-12,922.0,
03BF001,2014-06-12,116.0,
03BF001,2014-07-12,254.0,
03BF001,2014-08-12,104.0,
03BF001,2014-09-12,105.0,
03BF001,2014-10-12,372.0,
03BF001,2014-11-12,122.0,
03BF001,2014-12-12,60.900001525878906,B
03BF001,2015-01-12,29.5,B
03BF001,2015-02-12,18.899999618530277,B
03BF001,2015-03-12,15.199999809265137,B
03BF001,2015-04-12,15.100000381469728,B
03BF001,2015-05-12,499.0,
03BF001,2015-06-12,143.0,
03BF001,2015-07-12,110.0,
03BF001,2015-08-12,133.0,
03BF001,2015-09-12,225.0,
03BF001,2015-10-12,71.80000305175781,
03BF001,2015-11-12,281.0,
03BF001,2015-12-12,85.0,B
03BF001,2016-01-12,43.79999923706055,B
03BF001,2016-02-12,27.899999618530277,B
03BF001,2016-03-12,20.899999618530277,B
03BF001,2016-04-12,18.100000381469727,B
03BF001,2016-05-12,265.0,
03BF001,2016-06-12,257.0,
03BF001,2016-07-12,57.59999847412109,
03BF001,2016-08-12,103.0,
03BF001,2016-09-12,295.0,
03BF001,2016-10-12,94.5999984741211,
03BF001,2016-11-12,250.0,
03BF001,2017-05-12,598.0,
03BF001,2017-06-12,108.0,
03BF001,2017-07-12,141.0,
03BF001,2017-08-12,56.29999923706055,
03BF001,2017-09-12,56.900001525878906,
03BF001,2017-10-12,151.0,
03BF001,2017-11-12,,
03BF001,2018-05-12,,
03BF001,2018-06-12,150.0,
03BF001,2018-07-12,,
03BF001,2019-08-12,,
03BF001,2019-09-12,42.5,
03BF001,2019-10-12,93.1999969482422,
03BF001,2019-11-12,,
03BF001,2020-05-12,,
03BF001,2020-06-12,144.0,
03BF001,2020-07-12,78.80000305175781,
03BF001,2020-08-12,435.0,
03BF001,2020-09-12,234.0,
03BF001,2020-10-12,214.0,
03BF001,2020-11-12,334.0,
03BF001,2021-04-12,,
03BF001,2021-05-12,154.0,
03BF001,2021-06-12,75.30000305175781,
03BF001,2021-07-12,84.0999984741211,
03BF001,2021-08-12,174.0,
03BF001,2021-09-12,170.0,
03BF001,2021-10-12,99.0,
03BF001,2021-11-12,202.0,
03BF001,2022-05-12,658.0,
03BF001,2022-06-12,146.0,
03BF001,2022-07-12,59.59999847412109,
03BF001,2022-08-12,181.0,
03BF001,2022-09-12,77.80000305175781,
03BF001,2022-10-12,41.29999923706055,
03BF001,2022-11-12,156.0,
03BF001,2023-05-12,191.0,
03BF001,2023-06-12,22.100000381469727,
03BF001,2023-07-12,9.739999771118164,
03BF001,1975-05-13,,
03BF001,1975-06-13,80.69999694824219,
03BF001,1975-07-13,43.900001525878906,
03BF001,1975-08-13,127.0,
03BF001,1975-09-13,51.79999923706055,
03BF001,1975-10-13,77.0,
03BF001,1975-11-13,283.0,
03BF001,1975-12-13,47.900001525878906,
03BF001,1976-01-13,20.5,E
03BF001,1976-02-13,12.899999618530272,E
03BF001,1976-03-13,10.300000190734863,E
03BF001,1976-04-13,48.70000076293945,
03BF001,1976-05-13,214.0,
03BF001,1976-06-13,122.0,
03BF001,1976-07-13,49.59999847412109,
03BF001,1976-08-13,138.0,
03BF001,1976-09-13,38.79999923706055,
03BF001,1976-10-13,87.5,
03BF001,1976-11-13,50.70000076293945,
03BF001,1976-12-13,28.299999237060547,E
03BF001,1977-01-13,18.799999237060547,E
03BF001,1977-02-13,15.600000381469728,E
03BF001,1977-03-13,15.300000190734863,E
03BF001,1977-04-13,80.69999694824219,E
03BF001,1977-05-13,131.0,E
03BF001,1977-06-13,28.299999237060547,E
03BF001,1977-07-13,66.5,
03BF001,1977-08-13,75.9000015258789,
03BF001,1977-09-13,317.0,
03BF001,1977-10-13,136.0,
03BF001,1977-11-13,105.0,E
03BF001,1977-12-13,37.5,E
03BF001,1978-01-13,14.800000190734863,E
03BF001,1978-02-13,9.25,E
03BF001,1978-03-13,7.360000133514404,E
03BF001,1978-04-13,7.829999923706055,E
03BF001,1978-05-13,275.0,E
03BF001,1978-06-13,96.0,
03BF001,1978-07-13,242.0,
03BF001,1978-08-13,159.0,
03BF001,1978-09-13,123.0,
03BF001,1978-10-13,124.0,
03BF001,1978-11-13,150.0,
03BF001,1978-12-13,62.0,E
03BF001,1979-01-13,27.799999237060547,E
03BF001,1979-02-13,17.100000381469727,E
03BF001,1979-03-13,13.399999618530272,E
03BF001,1979-04-13,20.0,E
03BF001,1979-05-13,510.0,E
03BF001,1979-06-13,228.0,
03BF001,1979-07-13,56.0,
03BF001,1979-08-13,75.30000305175781,
03BF001,1979-09-13,195.0,
03BF001,1979-10-13,152.0,
03BF001,1979-11-13,109.0,
03BF001,1979-12-13,78.19999694824219,E
03BF001,1980-01-13,33.0,E
03BF001,1980-02-13,19.799999237060547,E
03BF001,1980-03-13,15.199999809265137,E
03BF001,1980-04-13,13.699999809265137,E
03BF001,1980-05-13,284.0,E
03BF001,1980-06-13,167.0,
03BF001,1980-07-13,139.0,
03BF001,1980-08-13,47.59999847412109,
03BF001,1980-09-13,21.299999237060547,
03BF001,1980-10-13,157.0,
03BF001,1980-11-13,71.4000015258789,
03BF001,1980-12-13,29.700000762939453,E
03BF001,1981-01-13,18.700000762939453,E
03BF001,1981-02-13,15.300000190734863,E
03BF001,1981-03-13,34.5,E
03BF001,1981-04-13,50.20000076293945,E
03BF001,1981-05-13,436.0,
03BF001,1981-06-13,119.0,
03BF001,1981-07-13,67.19999694824219,
03BF001,1981-08-13,20.200000762939453,
03BF001,1981-09-13,43.900001525878906,
03BF001,1981-10-13,82.4000015258789,
03BF001,1981-11-13,80.0,
03BF001,1981-12-13,34.20000076293945,
03BF001,1982-01-13,17.799999237060547,E
03BF001,1982-02-13,11.600000381469728,E
03BF001,1982-03-13,9.600000381469728,E
03BF001,1982-04-13,15.0,E
03BF001,1982-05-13,481.0,
03BF001,1982-06-13,89.19999694824219,
03BF001,1982-07-13,302.0,
03BF001,1982-08-13,183.0,
03BF001,1982-09-13,159.0,
03BF001,1982-10-13,88.5,
03BF001,1982-11-13,111.0,
03BF001,1982-12-13,81.0,E
03BF001,1983-01-13,29.0,E
03BF001,1983-02-13,17.899999618530273,E
03BF001,1983-03-13,14.800000190734863,E
03BF001,1983-04-13,13.699999809265137,E
03BF001,1983-05-13,284.0,
03BF001,1983-06-13,138.0,
03BF001,1983-07-13,81.9000015258789,
03BF001,1983-08-13,35.20000076293945,
03BF001,1983-09-13,114.0,
03BF001,1983-10-13,109.0,
03BF001,1983-11-13,64.0999984741211,
03BF001,1983-12-13,37.0,E
03BF001,1984-01-13,24.700000762939453,E
03BF001,1984-02-13,21.0,E
03BF001,1984-03-13,19.200000762939453,E
03BF001,1984-04-13,16.0,
03BF001,1984-05-13,140.0,E
03BF001,1984-06-13,150.0,
03BF001,1984-07-13,122.0,
03BF001,1984-08-13,57.0,
03BF001,1984-09-13,48.0,
03BF001,1984-10-13,154.0,
03BF001,1984-11-13,122.0,
03BF001,1984-12-13,96.0,
03BF001,1985-01-13,75.69999694824219,
03BF001,1985-02-13,33.79999923706055,E
03BF001,1985-03-13,22.600000381469727,E
03BF001,1985-04-13,20.200000762939453,E
03BF001,1985-05-13,226.0,E
03BF001,1985-06-13,182.0,E
03BF001,1985-07-13,71.69999694824219,
03BF001,1985-08-13,132.0,
03BF001,1985-09-13,61.20000076293945,
03BF001,1985-10-13,190.0,
03BF001,1985-11-13,115.0,
03BF001,1985-12-13,49.59999847412109,E
03BF001,1986-01-13,30.0,E
03BF001,1986-02-13,23.299999237060547,E
03BF001,1986-03-13,20.5,E
03BF001,1986-04-13,21.700000762939453,E
03BF001,1986-05-13,495.0,E
03BF001,1986-06-13,212.0,E
03BF001,1986-07-13,74.0,
03BF001,1986-08-13,180.0,
03BF001,1986-09-13,148.0,
03BF001,1986-10-13,157.0,
03BF001,1986-11-13,66.0999984741211,
03BF001,1986-12-13,35.29999923706055,E
03BF001,1987-01-13,21.799999237060547,E
03BF001,1987-02-13,14.5,E
03BF001,1987-03-13,11.100000381469728,E
03BF001,1987-04-13,39.20000076293945,E
03BF001,1987-05-13,106.0,E
03BF001,1987-06-13,66.0,E
03BF001,1987-07-13,50.0,
03BF001,1987-08-13,60.5,
03BF001,1987-09-13,177.0,
03BF001,1987-10-13,157.0,
03BF001,1987-11-13,126.0,
03BF001,1987-12-13,69.69999694824219,
03BF001,1988-01-13,38.0,E
03BF001,1988-02-13,22.0,E
03BF001,1988-03-13,16.0,E
03BF001,1988-04-13,65.4000015258789,
03BF001,1988-05-13,229.0,
03BF001,1988-06-13,62.20000076293945,
03BF001,1988-07-13,54.09999847412109,
03BF001,1988-08-13,27.0,
03BF001,1988-09-13,99.4000015258789,
03BF001,1988-10-13,94.0,
03BF001,1988-11-13,145.0,
03BF001,1988-12-13,71.80000305175781,E
03BF001,1989-01-13,29.700000762939453,E
03BF001,1989-02-13,14.800000190734863,E
03BF001,1989-03-13,9.270000457763672,E
03BF001,1989-04-13,7.639999866485596,E
03BF001,1989-05-13,470.0,
03BF001,1989-06-13,270.0,
03BF001,1989-07-13,89.0,
03BF001,1989-08-13,41.70000076293945,
03BF001,1989-09-13,67.4000015258789,
03BF001,1989-10-13,151.0,
03BF001,1989-11-13,117.0,
03BF001,1989-12-13,48.70000076293945,E
03BF001,1990-01-13,26.899999618530277,E
03BF001,1990-02-13,17.799999237060547,
03BF001,1990-03-13,14.199999809265137,E
03BF001,1990-04-13,11.100000381469728,E
03BF001,1990-05-13,347.0,
03BF001,1990-06-13,171.0,
03BF001,1990-07-13,66.5,
03BF001,1990-08-13,83.80000305175781,
03BF001,1990-09-13,111.0,
03BF001,1990-10-13,188.0,
03BF001,1990-11-13,102.0,E
03BF001,1990-12-13,73.80000305175781,E
03BF001,1991-01-13,36.5,E
03BF001,1991-02-13,21.799999237060547,
03BF001,1991-03-13,15.100000381469728,E
03BF001,1991-04-13,117.0,
03BF001,1991-05-13,352.0,
03BF001,1991-06-13,145.0,
03BF001,1991-07-13,66.0,
03BF001,1991-08-13,44.900001525878906,
03BF001,1991-09-13,116.0,
03BF001,1991-10-13,232.0,
03BF001,1991-11-13,124.0,
03BF001,1991-12-13,50.09999847412109,E
03BF001,1992-01-13,27.399999618530277,E
03BF001,1992-02-13,16.899999618530273,E
03BF001,1992-03-13,11.5,
03BF001,1992-04-13,9.630000114440918,
03BF001,1992-05-13,433.0,
03BF001,1992-06-13,102.0,
03BF001,1992-07-13,59.20000076293945,
03BF001,1992-08-13,33.5,
03BF001,1992-09-13,204.0,
03BF001,1992-10-13,116.0,
03BF001,1992-11-13,105.0,
03BF001,1992-12-13,56.400001525878906,E
03BF001,1993-01-13,31.299999237060547,E
03BF001,1993-02-13,19.299999237060547,
03BF001,1993-03-13,13.199999809265137,E
03BF001,1993-04-13,35.0,
03BF001,1993-05-13,481.0,
03BF001,1993-06-13,127.0,
03BF001,1993-07-13,252.0,
03BF001,1993-08-13,74.80000305175781,
03BF001,1993-09-13,179.0,
03BF001,1993-10-13,173.0,
03BF001,1993-11-13,62.20000076293945,
03BF001,1993-12-13,32.79999923706055,E
03BF001,1994-01-13,18.600000381469727,E
03BF001,1994-02-13,12.399999618530272,
03BF001,1994-03-13,10.100000381469728,
03BF001,1994-04-13,10.399999618530272,
03BF001,1994-05-13,422.0,
03BF001,1994-06-13,84.19999694824219,
03BF001,1994-07-13,171.0,
03BF001,1994-08-13,157.0,
03BF001,1994-09-13,124.0,
03BF001,1994-10-13,255.0,
03BF001,1994-11-13,86.30000305175781,
03BF001,1994-12-13,72.30000305175781,E
03BF001,1995-01-13,35.099998474121094,E
03BF001,1995-02-13,23.700000762939453,
03BF001,1995-03-13,20.600000381469727,E
03BF001,1995-04-13,19.700000762939453,
03BF001,1995-05-13,367.0,
03BF001,1995-06-13,107.0,
03BF001,1995-07-13,158.0,
03BF001,1995-08-13,43.59999847412109,
03BF001,1995-09-13,81.69999694824219,
03BF001,1995-10-13,170.0,
03BF001,1995-11-13,120.0,
03BF001,1995-12-13,55.79999923706055,E
03BF001,1996-01-13,31.100000381469727,E
03BF001,1996-02-13,21.799999237060547,E
03BF001,1996-03-13,19.299999237060547,E
03BF001,1996-04-13,19.299999237060547,E
03BF001,1996-05-13,449.0,
03BF001,1996-06-13,125.0,
03BF001,1996-07-13,59.5,
03BF001,1996-08-13,37.29999923706055,
03BF001,1996-09-13,61.09999847412109,
03BF001,1996-10-13,117.0,
03BF001,1996-11-13,172.0,
03BF001,1996-12-13,59.900001525878906,
03BF001,1997-01-13,32.400001525878906,E
03BF001,1997-02-13,19.0,
03BF001,1997-03-13,14.399999618530272,E
03BF001,1997-04-13,26.899999618530277,
03BF001,1997-05-13,303.0,
03BF001,1997-06-13,73.69999694824219,
03BF001,1997-07-13,89.19999694824219,
03BF001,1997-08-13,32.599998474121094,
03BF001,1998-04-13,,
03BF001,1998-05-13,95.3000030517578,
03BF001,1998-06-13,74.4000015258789,
03BF001,1998-07-13,33.599998474121094,
03BF001,1998-08-13,106.0,
03BF001,1998-09-13,99.5999984741211,
03BF001,1998-10-13,128.0,
03BF001,1998-11-13,109.0,
03BF001,1998-12-13,54.0,
03BF001,1999-01-13,35.599998474121094,
03BF001,1999-02-13,26.5,
03BF001,1999-03-13,22.5,
03BF001,1999-04-13,24.799999237060547,
03BF001,1999-05-13,357.0,
03BF001,1999-06-13,155.0,
03BF001,1999-07-13,185.0,
03BF001,1999-08-13,106.0,
03BF001,1999-09-13,67.30000305175781,
03BF001,1999-10-13,297.0,
03BF001,1999-11-13,105.0,
03BF001,1999-12-13,73.0999984741211,
03BF001,2000-01-13,33.5,
03BF001,2000-02-13,24.899999618530277,
03BF001,2000-03-13,24.899999618530277,E
03BF001,2000-04-13,109.0,
03BF001,2000-05-13,288.0,
03BF001,2000-06-13,75.69999694824219,
03BF001,2000-07-13,86.69999694824219,
03BF001,2000-08-13,50.900001525878906,
03BF001,2000-09-13,82.4000015258789,
03BF001,2000-10-13,145.0,
03BF001,2000-11-13,135.0,
03BF001,2000-12-13,37.5,
03BF001,2001-01-13,22.799999237060547,
03BF001,2001-02-13,17.0,
03BF001,2001-03-13,14.399999618530272,
03BF001,2001-04-13,16.700000762939453,
03BF001,2001-05-13,235.0,
03BF001,2001-06-13,41.09999847412109,
03BF001,2001-07-13,47.29999923706055,
03BF001,2001-08-13,137.0,
03BF001,2001-09-13,236.0,
03BF001,2001-10-13,78.9000015258789,
03BF001,2001-11-13,91.6999969482422,
03BF001,2001-12-13,97.5,
03BF001,2002-01-13,35.900001525878906,
03BF001,2002-02-13,20.5,
03BF001,2002-03-13,16.0,
03BF001,2002-04-13,15.0,
03BF001,2002-05-13,294.0,
03BF001,2002-06-13,182.0,
03BF001,2002-07-13,28.200000762939453,
03BF001,2002-08-13,127.0,
03BF001,2002-09-13,136.0,
03BF001,2002-10-13,427.0,
03BF001,2002-11-13,90.5999984741211,
03BF001,2002-12-13,36.79999923706055,
03BF001,2003-01-13,21.399999618530277,
03BF001,2003-02-13,15.5,
03BF001,2003-03-13,12.899999618530272,
03BF001,2003-04-13,13.300000190734863,
03BF001,2003-05-13,676.0,
03BF001,2003-06-13,73.69999694824219,
03BF001,2003-07-13,64.9000015258789,
03BF001,2003-08-13,38.29999923706055,
03BF001,2003-09-13,92.6999969482422,
03BF001,2003-10-13,81.30000305175781,
03BF001,2003-11-13,57.09999847412109,
03BF001,2003-12-13,82.80000305175781,
03BF001,2004-01-13,36.20000076293945,
03BF001,2004-02-13,21.5,
03BF001,2004-03-13,17.399999618530273,
03BF001,2004-04-13,17.700000762939453,
03BF001,2004-05-13,394.0,
03BF001,2005-04-13,,
03BF001,2005-05-13,393.0,
03BF001,2005-06-13,77.69999694824219,
03BF001,2005-07-13,65.0,
03BF001,2005-08-13,88.4000015258789,
03BF001,2005-09-13,118.0,
03BF001,2005-10-13,331.0,
03BF001,2005-11-13,,
03BF001,2006-04-13,,
03BF001,2006-05-13,144.0,
03BF001,2006-06-13,59.400001525878906,
03BF001,2006-07-13,122.0,
03BF001,2006-08-13,54.59999847412109,
03BF001,2006-09-13,37.79999923706055,
03BF001,2006-10-13,93.4000015258789,
03BF001,2006-11-13,184.0,
03BF001,2008-07-13,189.0,
03BF001,2008-08-13,260.0,
03BF001,2008-09-13,52.5,
03BF001,2008-10-13,118.0,
03BF001,2008-11-13,195.0,
03BF001,2008-12-13,53.5,
03BF001,2009-01-13,33.29999923706055,
03BF001,2009-02-13,24.0,
03BF001,2009-03-13,20.899999618530277,
03BF001,2009-04-13,59.400001525878906,
03BF001,2009-05-13,453.0,
03BF001,2009-06-13,166.0,
03BF001,2009-07-13,76.30000305175781,
03BF001,2009-08-13,36.20000076293945,
03BF001,2009-09-13,44.09999847412109,
03BF001,2009-10-13,101.0,
03BF001,2009-11-13,127.0,
03BF001,2009-12-13,48.79999923706055,
03BF001,2010-01-13,28.399999618530277,
03BF001,2010-02-13,20.899999618530277,
03BF001,2010-03-13,17.200000762939453,
03BF001,2010-04-13,196.0,
03BF001,2010-05-13,92.1999969482422,
03BF001,2010-06-13,29.299999237060547,
03BF001,2010-07-13,56.400001525878906,
03BF001,2010-08-13,67.80000305175781,
03BF001,2010-09-13,52.5,
03BF001,2010-10-13,50.0,
03BF001,2010-11-13,54.79999923706055,
03BF001,2010-12-13,87.69999694824219,
03BF001,2011-01-13,56.29999923706055,
03BF001,2011-02-13,22.5,
03BF001,2011-03-13,16.0,
03BF001,2011-04-13,,
03BF001,2011-07-13,,
03BF001,2011-08-13,30.5,
03BF001,2011-09-13,35.20000076293945,
03BF001,2011-10-13,57.29999923706055,
03BF001,2011-11-13,112.0,
03BF001,2011-12-13,56.5,
03BF001,2012-01-13,32.0,
03BF001,2012-02-13,23.799999237060547,
03BF001,2012-03-13,19.200000762939453,
03BF001,2012-04-13,155.0,
03BF001,2012-05-13,164.0,
03BF001,2012-06-13,69.0,
03BF001,2012-07-13,45.70000076293945,
03BF001,2012-08-13,82.0999984741211,
03BF001,2012-09-13,56.0,
03BF001,2012-10-13,172.0,
03BF001,2012-11-13,157.0,
03BF001,2012-12-13,71.69999694824219,B
03BF001,2013-01-13,38.20000076293945,B
03BF001,2013-02-13,23.200000762939453,B
03BF001,2013-03-13,18.0,B
03BF001,2013-04-13,20.700000762939453,B
03BF001,2013-05-13,,
03BF001,2013-10-13,,
03BF001,2013-11-13,87.69999694824219,B
03BF001,2013-12-13,67.9000015258789,B
03BF001,2014-01-13,27.899999618530277,B
03BF001,2014-02-13,16.0,B
03BF001,2014-03-13,11.199999809265137,B
03BF001,2014-04-13,9.520000457763672,B
03BF001,2014-05-13,876.0,
03BF001,2014-06-13,107.0,
03BF001,2014-07-13,249.0,
03BF001,2014-08-13,110.0,
03BF001,2014-09-13,135.0,
03BF001,2014-10-13,359.0,
03BF001,2014-11-13,114.0,
03BF001,2014-12-13,59.20000076293945,B
03BF001,2015-01-13,29.0,B
03BF001,2015-02-13,18.700000762939453,B
03BF001,2015-03-13,15.199999809265137,B
03BF001,2015-04-13,16.5,B
03BF001,2015-05-13,437.0,
03BF001,2015-06-13,136.0,
03BF001,2015-07-13,100.0,
03BF001,2015-08-13,151.0,
03BF001,2015-09-13,227.0,
03BF001,2015-10-13,71.80000305175781,
03BF001,2015-11-13,250.0,
03BF001,2015-12-13,97.5,B
03BF001,2016-01-13,44.20000076293945,B
03BF001,2016-02-13,27.600000381469727,B
03BF001,2016-03-13,20.799999237060547,B
03BF001,2016-04-13,18.0,B
03BF001,2016-05-13,248.0,
03BF001,2016-06-13,271.0,
03BF001,2016-07-13,56.400001525878906,
03BF001,2016-08-13,92.0999984741211,
03BF001,2016-09-13,382.0,
03BF001,2016-10-13,116.0,
03BF001,2016-11-13,249.0,
03BF001,2017-05-13,706.0,
03BF001,2017-06-13,112.0,
03BF001,2017-07-13,131.0,
03BF001,2017-08-13,54.20000076293945,
03BF001,2017-09-13,53.79999923706055,
03BF001,2017-10-13,136.0,
03BF001,2017-11-13,,
03BF001,2018-05-13,,
03BF001,2018-06-13,137.0,
03BF001,2018-07-13,,
03BF001,2019-08-13,,
03BF001,2019-09-13,42.0,
03BF001,2019-10-13,86.19999694824219,
03BF001,2019-11-13,,
03BF001,2020-05-13,,
03BF001,2020-06-13,146.0,
03BF001,2020-07-13,82.19999694824219,
03BF001,2020-08-13,403.0,
03BF001,2020-09-13,217.0,
03BF001,2020-10-13,205.0,
03BF001,2020-11-13,367.0,
03BF001,2021-04-13,,
03BF001,2021-05-13,144.0,
03BF001,2021-06-13,69.9000015258789,
03BF001,2021-07-13,75.5999984741211,
03BF001,2021-08-13,207.0,
03BF001,2021-09-13,193.0,
03BF001,2021-10-13,96.5999984741211,
03BF001,2021-11-13,191.0,
03BF001,2022-05-13,644.0,
03BF001,2022-06-13,130.0,
03BF001,2022-07-13,54.79999923706055,
03BF001,2022-08-13,163.0,
03BF001,2022-09-13,77.80000305175781,
03BF001,2022-10-13,42.20000076293945,
03BF001,2022-11-13,138.0,
03BF001,2023-05-13,169.0,
03BF001,2023-06-13,21.700000762939453,
03BF001,2023-07-13,9.539999961853027,
03BF001,1975-05-14,,
03BF001,1975-06-14,78.19999694824219,
03BF001,1975-07-14,39.900001525878906,
03BF001,1975-08-14,115.0,
03BF001,1975-09-14,62.900001525878906,
03BF001,1975-10-14,78.69999694824219,
03BF001,1975-11-14,264.0,
03BF001,1975-12-14,42.5,
03BF001,1976-01-14,20.100000381469727,E
03BF001,1976-02-14,12.699999809265137,E
03BF001,1976-03-14,10.300000190734863,
03BF001,1976-04-14,47.29999923706055,
03BF001,1976-05-14,205.0,
03BF001,1976-06-14,125.0,
03BF001,1976-07-14,76.5,
03BF001,1976-08-14,145.0,
03BF001,1976-09-14,45.59999847412109,
03BF001,1976-10-14,86.5999984741211,
03BF001,1976-11-14,49.59999847412109,
03BF001,1976-12-14,27.799999237060547,E
03BF001,1977-01-14,18.700000762939453,E
03BF001,1977-02-14,15.5,E
03BF001,1977-03-14,15.300000190734863,E
03BF001,1977-04-14,99.0999984741211,E
03BF001,1977-05-14,142.0,E
03BF001,1977-06-14,27.5,E
03BF001,1977-07-14,58.59999847412109,
03BF001,1977-08-14,96.0,
03BF001,1977-09-14,297.0,
03BF001,1977-10-14,170.0,
03BF001,1977-11-14,90.0,E
03BF001,1977-12-14,35.5,E
03BF001,1978-01-14,14.5,E
03BF001,1978-02-14,9.100000381469728,E
03BF001,1978-03-14,7.300000190734863,E
03BF001,1978-04-14,8.0,E
03BF001,1978-05-14,325.0,E
03BF001,1978-06-14,90.9000015258789,
03BF001,1978-07-14,223.0,
03BF001,1978-08-14,144.0,
03BF001,1978-09-14,116.0,
03BF001,1978-10-14,144.0,
03BF001,1978-11-14,150.0,
03BF001,1978-12-14,60.0,E
03BF001,1979-01-14,27.200000762939453,E
03BF001,1979-02-14,16.899999618530273,E
03BF001,1979-03-14,13.300000190734863,E
03BF001,1979-04-14,20.899999618530277,E
03BF001,1979-05-14,550.0,E
03BF001,1979-06-14,217.0,
03BF001,1979-07-14,54.70000076293945,
03BF001,1979-08-14,76.5,
03BF001,1979-09-14,190.0,
03BF001,1979-10-14,140.0,
03BF001,1979-11-14,98.5999984741211,
03BF001,1979-12-14,76.0,E
03BF001,1980-01-14,32.20000076293945,E
03BF001,1980-02-14,19.5,E
03BF001,1980-03-14,15.100000381469728,E
03BF001,1980-04-14,13.699999809265137,E
03BF001,1980-05-14,305.0,E
03BF001,1980-06-14,200.0,
03BF001,1980-07-14,140.0,
03BF001,1980-08-14,43.70000076293945,
03BF001,1980-09-14,22.100000381469727,
03BF001,1980-10-14,156.0,
03BF001,1980-11-14,70.0,
03BF001,1980-12-14,29.0,E
03BF001,1981-01-14,18.5,E
03BF001,1981-02-14,15.199999809265137,E
03BF001,1981-03-14,34.099998474121094,E
03BF001,1981-04-14,57.0,E
03BF001,1981-05-14,509.0,
03BF001,1981-06-14,112.0,
03BF001,1981-07-14,65.4000015258789,
03BF001,1981-08-14,19.600000381469727,
03BF001,1981-09-14,48.900001525878906,
03BF001,1981-10-14,82.4000015258789,
03BF001,1981-11-14,78.5999984741211,
03BF001,1981-12-14,32.599998474121094,
03BF001,1982-01-14,17.399999618530273,E
03BF001,1982-02-14,11.5,E
03BF001,1982-03-14,9.600000381469728,E
03BF001,1982-04-14,15.699999809265137,E
03BF001,1982-05-14,422.0,
03BF001,1982-06-14,86.0999984741211,
03BF001,1982-07-14,368.0,
03BF001,1982-08-14,171.0,
03BF001,1982-09-14,161.0,
03BF001,1982-10-14,84.0999984741211,
03BF001,1982-11-14,109.0,
03BF001,1982-12-14,78.0,E
03BF001,1983-01-14,28.299999237060547,E
03BF001,1983-02-14,17.700000762939453,E
03BF001,1983-03-14,14.699999809265137,E
03BF001,1983-04-14,14.199999809265137,E
03BF001,1983-05-14,297.0,
03BF001,1983-06-14,131.0,
03BF001,1983-07-14,79.30000305175781,
03BF001,1983-08-14,32.099998474121094,
03BF001,1983-09-14,121.0,
03BF001,1983-10-14,106.0,
03BF001,1983-11-14,65.0,
03BF001,1983-12-14,36.29999923706055,E
03BF001,1984-01-14,24.600000381469727,E
03BF001,1984-02-14,20.899999618530277,E
03BF001,1984-03-14,19.100000381469727,E
03BF001,1984-04-14,16.600000381469727,
03BF001,1984-05-14,155.0,E
03BF001,1984-06-14,136.0,
03BF001,1984-07-14,111.0,
03BF001,1984-08-14,57.09999847412109,
03BF001,1984-09-14,54.20000076293945,
03BF001,1984-10-14,140.0,
03BF001,1984-11-14,106.0,
03BF001,1984-12-14,87.80000305175781,
03BF001,1985-01-14,71.69999694824219,
03BF001,1985-02-14,33.29999923706055,E
03BF001,1985-03-14,22.399999618530277,E
03BF001,1985-04-14,20.299999237060547,E
03BF001,1985-05-14,234.0,E
03BF001,1985-06-14,172.0,E
03BF001,1985-07-14,77.4000015258789,
03BF001,1985-08-14,124.0,
03BF001,1985-09-14,60.0,
03BF001,1985-10-14,176.0,
03BF001,1985-11-14,111.0,
03BF001,1985-12-14,49.0,E
03BF001,1986-01-14,29.799999237060547,E
03BF001,1986-02-14,23.200000762939453,E
03BF001,1986-03-14,20.399999618530277,E
03BF001,1986-04-14,21.700000762939453,E
03BF001,1986-05-14,515.0,E
03BF001,1986-06-14,204.0,E
03BF001,1986-07-14,69.19999694824219,
03BF001,1986-08-14,216.0,
03BF001,1986-09-14,145.0,
03BF001,1986-10-14,156.0,
03BF001,1986-11-14,64.0,
03BF001,1986-12-14,34.70000076293945,E
03BF001,1987-01-14,21.5,E
03BF001,1987-02-14,14.300000190734863,E
03BF001,1987-03-14,10.899999618530272,E
03BF001,1987-04-14,47.29999923706055,
03BF001,1987-05-14,105.0,E
03BF001,1987-06-14,65.0,E
03BF001,1987-07-14,50.29999923706055,
03BF001,1987-08-14,59.5,
03BF001,1987-09-14,178.0,
03BF001,1987-10-14,146.0,
03BF001,1987-11-14,122.0,
03BF001,1987-12-14,64.4000015258789,
03BF001,1988-01-14,37.20000076293945,E
03BF001,1988-02-14,21.799999237060547,E
03BF001,1988-03-14,15.800000190734863,E
03BF001,1988-04-14,101.0,
03BF001,1988-05-14,237.0,
03BF001,1988-06-14,60.20000076293945,
03BF001,1988-07-14,51.70000076293945,
03BF001,1988-08-14,25.700000762939453,
03BF001,1988-09-14,129.0,
03BF001,1988-10-14,92.3000030517578,
03BF001,1988-11-14,136.0,
03BF001,1988-12-14,69.19999694824219,E
03BF001,1989-01-14,28.799999237060547,E
03BF001,1989-02-14,14.5,E
03BF001,1989-03-14,9.15999984741211,E
03BF001,1989-04-14,7.650000095367432,E
03BF001,1989-05-14,470.0,
03BF001,1989-06-14,268.0,
03BF001,1989-07-14,78.0999984741211,
03BF001,1989-08-14,39.79999923706055,
03BF001,1989-09-14,67.69999694824219,
03BF001,1989-10-14,155.0,
03BF001,1989-11-14,116.0,
03BF001,1989-12-14,47.70000076293945,E
03BF001,1990-01-14,26.299999237060547,E
03BF001,1990-02-14,17.700000762939453,
03BF001,1990-03-14,13.5,E
03BF001,1990-04-14,11.0,E
03BF001,1990-05-14,330.0,
03BF001,1990-06-14,159.0,
03BF001,1990-07-14,63.400001525878906,
03BF001,1990-08-14,76.30000305175781,
03BF001,1990-09-14,112.0,
03BF001,1990-10-14,195.0,
03BF001,1990-11-14,99.5999984741211,E
03BF001,1990-12-14,71.9000015258789,E
03BF001,1991-01-14,35.79999923706055,E
03BF001,1991-02-14,21.299999237060547,
03BF001,1991-03-14,14.899999618530272,E
03BF001,1991-04-14,116.0,
03BF001,1991-05-14,350.0,
03BF001,1991-06-14,141.0,
03BF001,1991-07-14,61.09999847412109,
03BF001,1991-08-14,40.29999923706055,
03BF001,1991-09-14,117.0,
03BF001,1991-10-14,211.0,
03BF001,1991-11-14,119.0,
03BF001,1991-12-14,48.900001525878906,E
03BF001,1992-01-14,27.0,E
03BF001,1992-02-14,16.600000381469727,E
03BF001,1992-03-14,11.300000190734863,
03BF001,1992-04-14,9.630000114440918,
03BF001,1992-05-14,471.0,
03BF001,1992-06-14,95.3000030517578,
03BF001,1992-07-14,60.20000076293945,
03BF001,1992-08-14,32.400001525878906,
03BF001,1992-09-14,193.0,
03BF001,1992-10-14,125.0,
03BF001,1992-11-14,101.0,
03BF001,1992-12-14,55.20000076293945,E
03BF001,1993-01-14,30.600000381469727,E
03BF001,1993-02-14,19.0,
03BF001,1993-03-14,13.0,E
03BF001,1993-04-14,38.0,
03BF001,1993-05-14,438.0,
03BF001,1993-06-14,119.0,
03BF001,1993-07-14,255.0,
03BF001,1993-08-14,68.9000015258789,
03BF001,1993-09-14,179.0,
03BF001,1993-10-14,170.0,
03BF001,1993-11-14,61.0,
03BF001,1993-12-14,32.099998474121094,E
03BF001,1994-01-14,18.299999237060547,E
03BF001,1994-02-14,12.300000190734863,
03BF001,1994-03-14,10.100000381469728,
03BF001,1994-04-14,10.600000381469728,
03BF001,1994-05-14,373.0,
03BF001,1994-06-14,80.30000305175781,
03BF001,1994-07-14,175.0,
03BF001,1994-08-14,159.0,
03BF001,1994-09-14,122.0,
03BF001,1994-10-14,233.0,
03BF001,1994-11-14,84.5,
03BF001,1994-12-14,70.30000305175781,E
03BF001,1995-01-14,34.29999923706055,E
03BF001,1995-02-14,23.5,
03BF001,1995-03-14,20.5,E
03BF001,1995-04-14,19.899999618530277,
03BF001,1995-05-14,386.0,
03BF001,1995-06-14,105.0,
03BF001,1995-07-14,142.0,
03BF001,1995-08-14,43.09999847412109,
03BF001,1995-09-14,91.4000015258789,
03BF001,1995-10-14,164.0,
03BF001,1995-11-14,117.0,
03BF001,1995-12-14,54.59999847412109,E
03BF001,1996-01-14,30.5,E
03BF001,1996-02-14,21.799999237060547,E
03BF001,1996-03-14,19.200000762939453,E
03BF001,1996-04-14,19.799999237060547,E
03BF001,1996-05-14,478.0,
03BF001,1996-06-14,114.0,
03BF001,1996-07-14,57.59999847412109,
03BF001,1996-08-14,37.79999923706055,
03BF001,1996-09-14,57.0,
03BF001,1996-10-14,138.0,
03BF001,1996-11-14,161.0,
03BF001,1996-12-14,61.0,
03BF001,1997-01-14,31.700000762939453,E
03BF001,1997-02-14,18.700000762939453,
03BF001,1997-03-14,14.300000190734863,E
03BF001,1997-04-14,26.100000381469727,
03BF001,1997-05-14,287.0,
03BF001,1997-06-14,68.19999694824219,
03BF001,1997-07-14,79.5999984741211,
03BF001,1997-08-14,34.099998474121094,
03BF001,1998-04-14,,
03BF001,1998-05-14,91.0,
03BF001,1998-06-14,70.69999694824219,
03BF001,1998-07-14,32.599998474121094,
03BF001,1998-08-14,100.0,
03BF001,1998-09-14,95.6999969482422,
03BF001,1998-10-14,123.0,
03BF001,1998-11-14,105.0,
03BF001,1998-12-14,53.20000076293945,
03BF001,1999-01-14,35.20000076293945,
03BF001,1999-02-14,26.299999237060547,
03BF001,1999-03-14,22.5,
03BF001,1999-04-14,25.600000381469727,
03BF001,1999-05-14,311.0,
03BF001,1999-06-14,197.0,
03BF001,1999-07-14,179.0,
03BF001,1999-08-14,108.0,
03BF001,1999-09-14,73.5,
03BF001,1999-10-14,305.0,
03BF001,1999-11-14,105.0,
03BF001,1999-12-14,72.30000305175781,
03BF001,2000-01-14,33.0,
03BF001,2000-02-14,24.899999618530277,
03BF001,2000-03-14,24.899999618530277,E
03BF001,2000-04-14,101.0,
03BF001,2000-05-14,291.0,
03BF001,2000-06-14,71.4000015258789,
03BF001,2000-07-14,78.80000305175781,
03BF001,2000-08-14,47.20000076293945,
03BF001,2000-09-14,107.0,
03BF001,2000-10-14,134.0,
03BF001,2000-11-14,132.0,
03BF001,2000-12-14,36.79999923706055,
03BF001,2001-01-14,22.5,
03BF001,2001-02-14,16.799999237060547,
03BF001,2001-03-14,14.300000190734863,
03BF001,2001-04-14,19.600000381469727,
03BF001,2001-05-14,213.0,
03BF001,2001-06-14,41.29999923706055,
03BF001,2001-07-14,52.70000076293945,
03BF001,2001-08-14,128.0,
03BF001,2001-09-14,215.0,
03BF001,2001-10-14,100.0,
03BF001,2001-11-14,91.5999984741211,
03BF001,2001-12-14,93.5999984741211,
03BF001,2002-01-14,35.0,
03BF001,2002-02-14,20.299999237060547,
03BF001,2002-03-14,15.899999618530272,
03BF001,2002-04-14,16.0,
03BF001,2002-05-14,284.0,
03BF001,2002-06-14,163.0,
03BF001,2002-07-14,29.100000381469727,
03BF001,2002-08-14,142.0,
03BF001,2002-09-14,126.0,
03BF001,2002-10-14,400.0,
03BF001,2002-11-14,89.69999694824219,
03BF001,2002-12-14,36.0,
03BF001,2003-01-14,21.100000381469727,
03BF001,2003-02-14,15.399999618530272,
03BF001,2003-03-14,12.800000190734863,
03BF001,2003-04-14,13.300000190734863,
03BF001,2003-05-14,630.0,
03BF001,2003-06-14,69.4000015258789,
03BF001,2003-07-14,59.09999847412109,
03BF001,2003-08-14,35.70000076293945,
03BF001,2003-09-14,82.69999694824219,
03BF001,2003-10-14,80.5,
03BF001,2003-11-14,54.0,
03BF001,2003-12-14,80.30000305175781,
03BF001,2004-01-14,35.400001525878906,
03BF001,2004-02-14,21.299999237060547,
03BF001,2004-03-14,17.299999237060547,
03BF001,2004-04-14,17.600000381469727,
03BF001,2004-05-14,417.0,
03BF001,2005-04-14,,
03BF001,2005-05-14,354.0,
03BF001,2005-06-14,73.69999694824219,
03BF001,2005-07-14,61.09999847412109,
03BF001,2005-08-14,91.8000030517578,
03BF001,2005-09-14,203.0,
03BF001,2005-10-14,292.0,
03BF001,2005-11-14,,
03BF001,2006-04-14,,
03BF001,2006-05-14,133.0,
03BF001,2006-06-14,56.900001525878906,
03BF001,2006-07-14,102.0,
03BF001,2006-08-14,50.900001525878906,
03BF001,2006-09-14,35.599998474121094,
03BF001,2006-10-14,115.0,
03BF001,2006-11-14,169.0,
03BF001,2008-07-14,177.0,
03BF001,2008-08-14,234.0,
03BF001,2008-09-14,50.70000076293945,
03BF001,2008-10-14,119.0,
03BF001,2008-11-14,186.0,
03BF001,2008-12-14,52.59999847412109,
03BF001,2009-01-14,32.900001525878906,
03BF001,2009-02-14,23.799999237060547,
03BF001,2009-03-14,20.899999618530277,
03BF001,2009-04-14,59.70000076293945,
03BF001,2009-05-14,427.0,
03BF001,2009-06-14,158.0,
03BF001,2009-07-14,87.4000015258789,
03BF001,2009-08-14,33.900001525878906,
03BF001,2009-09-14,51.0,
03BF001,2009-10-14,97.5999984741211,
03BF001,2009-11-14,123.0,
03BF001,2009-12-14,47.79999923706055,
03BF001,2010-01-14,28.100000381469727,
03BF001,2010-02-14,20.700000762939453,
03BF001,2010-03-14,17.100000381469727,
03BF001,2010-04-14,183.0,
03BF001,2010-05-14,84.69999694824219,
03BF001,2010-06-14,27.899999618530277,
03BF001,2010-07-14,52.09999847412109,
03BF001,2010-08-14,64.19999694824219,
03BF001,2010-09-14,50.20000076293945,
03BF001,2010-10-14,49.5,
03BF001,2010-11-14,53.59999847412109,
03BF001,2010-12-14,82.9000015258789,
03BF001,2011-01-14,52.79999923706055,
03BF001,2011-02-14,22.100000381469727,
03BF001,2011-03-14,15.899999618530272,
03BF001,2011-04-14,,
03BF001,2011-07-14,,
03BF001,2011-08-14,28.600000381469727,
03BF001,2011-09-14,35.599998474121094,
03BF001,2011-10-14,54.29999923706055,
03BF001,2011-11-14,114.0,
03BF001,2011-12-14,55.09999847412109,
03BF001,2012-01-14,31.5,
03BF001,2012-02-14,23.299999237060547,
03BF001,2012-03-14,19.600000381469727,
03BF001,2012-04-14,169.0,
03BF001,2012-05-14,155.0,
03BF001,2012-06-14,67.0,
03BF001,2012-07-14,51.70000076293945,
03BF001,2012-08-14,74.5999984741211,
03BF001,2012-09-14,53.0,
03BF001,2012-10-14,172.0,
03BF001,2012-11-14,194.0,
03BF001,2012-12-14,70.19999694824219,B
03BF001,2013-01-14,37.5,B
03BF001,2013-02-14,22.899999618530277,B
03BF001,2013-03-14,17.899999618530273,B
03BF001,2013-04-14,21.600000381469727,B
03BF001,2013-05-14,,
03BF001,2013-10-14,,
03BF001,2013-11-14,85.19999694824219,B
03BF001,2013-12-14,65.4000015258789,B
03BF001,2014-01-14,27.299999237060547,B
03BF001,2014-02-14,15.699999809265137,B
03BF001,2014-03-14,11.100000381469728,B
03BF001,2014-04-14,9.520000457763672,B
03BF001,2014-05-14,794.0,
03BF001,2014-06-14,107.0,
03BF001,2014-07-14,256.0,
03BF001,2014-08-14,157.0,
03BF001,2014-09-14,157.0,
03BF001,2014-10-14,339.0,
03BF001,2014-11-14,102.0,B
03BF001,2014-12-14,57.59999847412109,B
03BF001,2015-01-14,28.5,B
03BF001,2015-02-14,18.5,B
03BF001,2015-03-14,15.100000381469728,B
03BF001,2015-04-14,18.200000762939453,B
03BF001,2015-05-14,383.0,
03BF001,2015-06-14,128.0,
03BF001,2015-07-14,94.8000030517578,
03BF001,2015-08-14,149.0,
03BF001,2015-09-14,216.0,
03BF001,2015-10-14,74.30000305175781,
03BF001,2015-11-14,221.0,
03BF001,2015-12-14,118.0,B
03BF001,2016-01-14,44.79999923706055,B
03BF001,2016-02-14,27.200000762939453,B
03BF001,2016-03-14,20.600000381469727,B
03BF001,2016-04-14,18.0,B
03BF001,2016-05-14,243.0,
03BF001,2016-06-14,267.0,
03BF001,2016-07-14,56.09999847412109,
03BF001,2016-08-14,80.9000015258789,
03BF001,2016-09-14,391.0,
03BF001,2016-10-14,151.0,
03BF001,2016-11-14,240.0,
03BF001,2017-05-14,724.0,
03BF001,2017-06-14,110.0,
03BF001,2017-07-14,118.0,
03BF001,2017-08-14,50.70000076293945,
03BF001,2017-09-14,51.0,
03BF001,2017-10-14,121.0,
03BF001,2017-11-14,,
03BF001,2018-05-14,652.0,
03BF001,2018-06-14,125.0,
03BF001,2018-07-14,,
03BF001,2019-08-14,,
03BF001,2019-09-14,43.70000076293945,
03BF001,2019-10-14,80.9000015258789,
03BF001,2019-11-14,,
03BF001,2020-05-14,,
03BF001,2020-06-14,146.0,
03BF001,2020-07-14,89.5999984741211,
03BF001,2020-08-14,355.0,
03BF001,2020-09-14,214.0,
03BF001,2020-10-14,207.0,
03BF001,2020-11-14,346.0,
03BF001,2021-04-14,818.0,
03BF001,2021-05-14,134.0,
03BF001,2021-06-14,65.0999984741211,
03BF001,2021-07-14,72.9000015258789,
03BF001,2021-08-14,213.0,
03BF001,2021-09-14,211.0,
03BF001,2021-10-14,94.5,
03BF001,2021-11-14,185.0,
03BF001,2022-05-14,606.0,
03BF001,2022-06-14,117.0,
03BF001,2022-07-14,50.09999847412109,
03BF001,2022-08-14,147.0,
03BF001,2022-09-14,71.0999984741211,
03BF001,2022-10-14,46.70000076293945,
03BF001,2022-11-14,117.0,
03BF001,2023-05-14,153.0,
03BF001,2023-06-14,21.100000381469727,
03BF001,2023-07-14,9.34000015258789,
03BF001,1975-05-15,,
03BF001,1975-06-15,76.69999694824219,
03BF001,1975-07-15,37.400001525878906,
03BF001,1975-08-15,103.0,
03BF001,1975-09-15,69.9000015258789,
03BF001,1975-10-15,82.69999694824219,
03BF001,1975-11-15,239.0,
03BF001,1975-12-15,41.09999847412109,
03BF001,1976-01-15,19.799999237060547,E
03BF001,1976-02-15,12.5,E
03BF001,1976-03-15,10.300000190734863,
03BF001,1976-04-15,45.29999923706055,
03BF001,1976-05-15,209.0,
03BF001,1976-06-15,133.0,
03BF001,1976-07-15,88.9000015258789,
03BF001,1976-08-15,148.0,
03BF001,1976-09-15,56.59999847412109,
03BF001,1976-10-15,87.5,
03BF001,1976-11-15,48.70000076293945,
03BF001,1976-12-15,27.200000762939453,E
03BF001,1977-01-15,18.399999618530277,E
03BF001,1977-02-15,15.5,E
03BF001,1977-03-15,15.300000190734863,E
03BF001,1977-04-15,159.0,E
03BF001,1977-05-15,197.0,E
03BF001,1977-06-15,34.0,E
03BF001,1977-07-15,53.20000076293945,
03BF001,1977-08-15,116.0,
03BF001,1977-09-15,270.0,
03BF001,1977-10-15,181.0,
03BF001,1977-11-15,75.0,E
03BF001,1977-12-15,34.5,E
03BF001,1978-01-15,14.300000190734863,E
03BF001,1978-02-15,9.0,E
03BF001,1978-03-15,7.28000020980835,E
03BF001,1978-04-15,8.199999809265137,E
03BF001,1978-05-15,386.0,E
03BF001,1978-06-15,86.0999984741211,
03BF001,1978-07-15,201.0,
03BF001,1978-08-15,133.0,
03BF001,1978-09-15,117.0,
03BF001,1978-10-15,154.0,
03BF001,1978-11-15,138.0,
03BF001,1978-12-15,58.0,E
03BF001,1979-01-15,26.700000762939453,E
03BF001,1979-02-15,16.799999237060547,E
03BF001,1979-03-15,13.300000190734863,E
03BF001,1979-04-15,22.0,E
03BF001,1979-05-15,571.0,E
03BF001,1979-06-15,207.0,
03BF001,1979-07-15,52.29999923706055,
03BF001,1979-08-15,77.4000015258789,
03BF001,1979-09-15,191.0,
03BF001,1979-10-15,131.0,
03BF001,1979-11-15,104.0,
03BF001,1979-12-15,73.0,E
03BF001,1980-01-15,31.5,E
03BF001,1980-02-15,19.299999237060547,E
03BF001,1980-03-15,15.0,E
03BF001,1980-04-15,13.699999809265137,E
03BF001,1980-05-15,346.0,E
03BF001,1980-06-15,216.0,
03BF001,1980-07-15,131.0,
03BF001,1980-08-15,41.900001525878906,
03BF001,1980-09-15,23.100000381469727,
03BF001,1980-10-15,149.0,
03BF001,1980-11-15,67.4000015258789,
03BF001,1980-12-15,28.399999618530277,E
03BF001,1981-01-15,18.299999237060547,E
03BF001,1981-02-15,15.100000381469728,E
03BF001,1981-03-15,34.20000076293945,E
03BF001,1981-04-15,70.0,E
03BF001,1981-05-15,569.0,
03BF001,1981-06-15,108.0,
03BF001,1981-07-15,71.0,
03BF001,1981-08-15,19.600000381469727,
03BF001,1981-09-15,63.0,
03BF001,1981-10-15,83.0,
03BF001,1981-11-15,78.19999694824219,
03BF001,1981-12-15,31.299999237060547,
03BF001,1982-01-15,17.200000762939453,E
03BF001,1982-02-15,11.399999618530272,E
03BF001,1982-03-15,9.579999923706056,E
03BF001,1982-04-15,17.0,E
03BF001,1982-05-15,374.0,
03BF001,1982-06-15,85.80000305175781,
03BF001,1982-07-15,362.0,
03BF001,1982-08-15,152.0,
03BF001,1982-09-15,176.0,
03BF001,1982-10-15,82.19999694824219,
03BF001,1982-11-15,107.0,
03BF001,1982-12-15,74.9000015258789,
03BF001,1983-01-15,27.299999237060547,E
03BF001,1983-02-15,17.600000381469727,E
03BF001,1983-03-15,14.699999809265137,E
03BF001,1983-04-15,16.200000762939453,E
03BF001,1983-05-15,309.0,
03BF001,1983-06-15,126.0,
03BF001,1983-07-15,73.5999984741211,
03BF001,1983-08-15,29.0,
03BF001,1983-09-15,122.0,
03BF001,1983-10-15,106.0,
03BF001,1983-11-15,65.30000305175781,
03BF001,1983-12-15,35.5,E
03BF001,1984-01-15,24.399999618530277,E
03BF001,1984-02-15,20.799999237060547,E
03BF001,1984-03-15,19.100000381469727,E
03BF001,1984-04-15,21.399999618530277,
03BF001,1984-05-15,162.0,E
03BF001,1984-06-15,120.0,
03BF001,1984-07-15,107.0,
03BF001,1984-08-15,57.79999923706055,
03BF001,1984-09-15,64.9000015258789,
03BF001,1984-10-15,129.0,
03BF001,1984-11-15,103.0,
03BF001,1984-12-15,87.5,
03BF001,1985-01-15,67.4000015258789,
03BF001,1985-02-15,32.400001525878906,E
03BF001,1985-03-15,22.200000762939453,E
03BF001,1985-04-15,20.299999237060547,E
03BF001,1985-05-15,244.0,E
03BF001,1985-06-15,162.0,
03BF001,1985-07-15,77.4000015258789,
03BF001,1985-08-15,120.0,
03BF001,1985-09-15,58.400001525878906,
03BF001,1985-10-15,170.0,
03BF001,1985-11-15,105.0,
03BF001,1985-12-15,47.79999923706055,E
03BF001,1986-01-15,29.5,E
03BF001,1986-02-15,23.0,E
03BF001,1986-03-15,20.299999237060547,E
03BF001,1986-04-15,21.600000381469727,E
03BF001,1986-05-15,530.0,E
03BF001,1986-06-15,200.0,E
03BF001,1986-07-15,64.5,
03BF001,1986-08-15,226.0,
03BF001,1986-09-15,141.0,
03BF001,1986-10-15,148.0,
03BF001,1986-11-15,62.70000076293945,
03BF001,1986-12-15,34.20000076293945,E
03BF001,1987-01-15,21.200000762939453,E
03BF001,1987-02-15,14.199999809265137,E
03BF001,1987-03-15,10.800000190734863,E
03BF001,1987-04-15,60.400001525878906,
03BF001,1987-05-15,104.0,E
03BF001,1987-06-15,63.0,E
03BF001,1987-07-15,53.09999847412109,
03BF001,1987-08-15,58.79999923706055,
03BF001,1987-09-15,246.0,
03BF001,1987-10-15,138.0,
03BF001,1987-11-15,116.0,
03BF001,1987-12-15,68.0,
03BF001,1988-01-15,36.5,E
03BF001,1988-02-15,21.5,E
03BF001,1988-03-15,15.800000190734863,E
03BF001,1988-04-15,200.0,
03BF001,1988-05-15,274.0,
03BF001,1988-06-15,56.79999923706055,
03BF001,1988-07-15,49.20000076293945,
03BF001,1988-08-15,23.899999618530277,
03BF001,1988-09-15,153.0,
03BF001,1988-10-15,89.4000015258789,
03BF001,1988-11-15,126.0,
03BF001,1988-12-15,67.0,E
03BF001,1989-01-15,28.100000381469727,E
03BF001,1989-02-15,14.199999809265137,E
03BF001,1989-03-15,9.010000228881836,E
03BF001,1989-04-15,7.639999866485596,E
03BF001,1989-05-15,470.0,
03BF001,1989-06-15,255.0,
03BF001,1989-07-15,69.5999984741211,
03BF001,1989-08-15,37.0,
03BF001,1989-09-15,68.9000015258789,
03BF001,1989-10-15,158.0,
03BF001,1989-11-15,116.0,
03BF001,1989-12-15,46.400001525878906,E
03BF001,1990-01-15,25.899999618530277,E
03BF001,1990-02-15,17.5,
03BF001,1990-03-15,13.399999618530272,E
03BF001,1990-04-15,11.0,E
03BF001,1990-05-15,307.0,
03BF001,1990-06-15,155.0,
03BF001,1990-07-15,58.20000076293945,
03BF001,1990-08-15,70.30000305175781,
03BF001,1990-09-15,121.0,
03BF001,1990-10-15,195.0,
03BF001,1990-11-15,95.0999984741211,E
03BF001,1990-12-15,70.30000305175781,E
03BF001,1991-01-15,35.099998474121094,E
03BF001,1991-02-15,21.100000381469727,
03BF001,1991-03-15,14.800000190734863,E
03BF001,1991-04-15,116.0,
03BF001,1991-05-15,331.0,
03BF001,1991-06-15,136.0,
03BF001,1991-07-15,58.09999847412109,
03BF001,1991-08-15,36.70000076293945,
03BF001,1991-09-15,115.0,
03BF001,1991-10-15,192.0,
03BF001,1991-11-15,114.0,
03BF001,1991-12-15,48.09999847412109,E
03BF001,1992-01-15,26.399999618530277,E
03BF001,1992-02-15,16.399999618530273,E
03BF001,1992-03-15,11.199999809265137,
03BF001,1992-04-15,9.670000076293944,
03BF001,1992-05-15,460.0,
03BF001,1992-06-15,89.9000015258789,
03BF001,1992-07-15,60.20000076293945,
03BF001,1992-08-15,31.700000762939453,
03BF001,1992-09-15,181.0,
03BF001,1992-10-15,136.0,
03BF001,1992-11-15,101.0,
03BF001,1992-12-15,53.0,E
03BF001,1993-01-15,30.0,E
03BF001,1993-02-15,18.799999237060547,
03BF001,1993-03-15,12.800000190734863,E
03BF001,1993-04-15,42.0,
03BF001,1993-05-15,400.0,
03BF001,1993-06-15,112.0,
03BF001,1993-07-15,236.0,
03BF001,1993-08-15,64.4000015258789,
03BF001,1993-09-15,187.0,
03BF001,1993-10-15,170.0,
03BF001,1993-11-15,59.59999847412109,
03BF001,1993-12-15,31.399999618530277,E
03BF001,1994-01-15,18.100000381469727,E
03BF001,1994-02-15,12.199999809265137,
03BF001,1994-03-15,10.0,
03BF001,1994-04-15,11.199999809265137,
03BF001,1994-05-15,339.0,
03BF001,1994-06-15,80.19999694824219,
03BF001,1994-07-15,172.0,
03BF001,1994-08-15,168.0,
03BF001,1994-09-15,122.0,
03BF001,1994-10-15,212.0,
03BF001,1994-11-15,94.4000015258789,
03BF001,1994-12-15,68.30000305175781,E
03BF001,1995-01-15,33.70000076293945,E
03BF001,1995-02-15,23.299999237060547,
03BF001,1995-03-15,20.399999618530277,E
03BF001,1995-04-15,20.100000381469727,
03BF001,1995-05-15,384.0,
03BF001,1995-06-15,104.0,
03BF001,1995-07-15,138.0,
03BF001,1995-08-15,43.09999847412109,
03BF001,1995-09-15,97.1999969482422,
03BF001,1995-10-15,161.0,
03BF001,1995-11-15,114.0,
03BF001,1995-12-15,53.59999847412109,E
03BF001,1996-01-15,30.100000381469727,E
03BF001,1996-02-15,21.700000762939453,E
03BF001,1996-03-15,19.100000381469727,E
03BF001,1996-04-15,20.299999237060547,E
03BF001,1996-05-15,488.0,
03BF001,1996-06-15,105.0,
03BF001,1996-07-15,56.400001525878906,
03BF001,1996-08-15,38.29999923706055,
03BF001,1996-09-15,52.79999923706055,
03BF001,1996-10-15,171.0,
03BF001,1996-11-15,166.0,
03BF001,1996-12-15,59.5,
03BF001,1997-01-15,31.200000762939453,E
03BF001,1997-02-15,18.5,
03BF001,1997-03-15,14.199999809265137,E
03BF001,1997-04-15,26.5,
03BF001,1997-05-15,273.0,
03BF001,1997-06-15,64.5,
03BF001,1997-07-15,73.30000305175781,
03BF001,1997-08-15,35.70000076293945,
03BF001,1998-04-15,,
03BF001,1998-05-15,89.0999984741211,
03BF001,1998-06-15,67.80000305175781,
03BF001,1998-07-15,33.20000076293945,
03BF001,1998-08-15,106.0,
03BF001,1998-09-15,91.0,
03BF001,1998-10-15,120.0,
03BF001,1998-11-15,101.0,
03BF001,1998-12-15,52.400001525878906,
03BF001,1999-01-15,34.79999923706055,
03BF001,1999-02-15,26.100000381469727,
03BF001,1999-03-15,22.399999618530277,
03BF001,1999-04-15,26.5,
03BF001,1999-05-15,273.0,
03BF001,1999-06-15,253.0,
03BF001,1999-07-15,229.0,
03BF001,1999-08-15,105.0,
03BF001,1999-09-15,79.0,
03BF001,1999-10-15,300.0,
03BF001,1999-11-15,103.0,
03BF001,1999-12-15,68.30000305175781,
03BF001,2000-01-15,32.5,
03BF001,2000-02-15,24.899999618530277,
03BF001,2000-03-15,24.899999618530277,E
03BF001,2000-04-15,92.4000015258789,
03BF001,2000-05-15,303.0,
03BF001,2000-06-15,68.5,
03BF001,2000-07-15,72.0,
03BF001,2000-08-15,45.79999923706055,
03BF001,2000-09-15,134.0,
03BF001,2000-10-15,123.0,
03BF001,2000-11-15,124.0,
03BF001,2000-12-15,36.0,
03BF001,2001-01-15,22.200000762939453,
03BF001,2001-02-15,16.700000762939453,
03BF001,2001-03-15,14.300000190734863,
03BF001,2001-04-15,23.100000381469727,
03BF001,2001-05-15,192.0,
03BF001,2001-06-15,44.59999847412109,
03BF001,2001-07-15,57.0,
03BF001,2001-08-15,117.0,
03BF001,2001-09-15,191.0,
03BF001,2001-10-15,123.0,
03BF001,2001-11-15,90.5,
03BF001,2001-12-15,89.9000015258789,
03BF001,2002-01-15,34.20000076293945,
03BF001,2002-02-15,20.0,
03BF001,2002-03-15,15.800000190734863,
03BF001,2002-04-15,19.799999237060547,
03BF001,2002-05-15,271.0,
03BF001,2002-06-15,145.0,
03BF001,2002-07-15,31.600000381469727,
03BF001,2002-08-15,159.0,
03BF001,2002-09-15,124.0,
03BF001,2002-10-15,375.0,
03BF001,2002-11-15,89.0,
03BF001,2002-12-15,35.20000076293945,
03BF001,2003-01-15,20.799999237060547,
03BF001,2003-02-15,15.300000190734863,
03BF001,2003-03-15,12.800000190734863,
03BF001,2003-04-15,13.300000190734863,
03BF001,2003-05-15,570.0,
03BF001,2003-06-15,64.30000305175781,
03BF001,2003-07-15,56.29999923706055,
03BF001,2003-08-15,33.20000076293945,
03BF001,2003-09-15,75.5,
03BF001,2003-10-15,81.5,
03BF001,2003-11-15,51.70000076293945,
03BF001,2003-12-15,77.9000015258789,
03BF001,2004-01-15,34.599998474121094,
03BF001,2004-02-15,21.100000381469727,
03BF001,2004-03-15,17.200000762939453,
03BF001,2004-04-15,17.600000381469727,
03BF001,2004-05-15,463.0,
03BF001,2005-04-15,,
03BF001,2005-05-15,312.0,
03BF001,2005-06-15,72.0999984741211,
03BF001,2005-07-15,56.0,
03BF001,2005-08-15,95.1999969482422,
03BF001,2005-09-15,344.0,
03BF001,2005-10-15,269.0,
03BF001,2005-11-15,,
03BF001,2006-04-15,,
03BF001,2006-05-15,122.0,
03BF001,2006-06-15,52.59999847412109,
03BF001,2006-07-15,90.6999969482422,
03BF001,2006-08-15,50.70000076293945,
03BF001,2006-09-15,33.5,
03BF001,2006-10-15,129.0,
03BF001,2006-11-15,152.0,
03BF001,2008-07-15,169.0,
03BF001,2008-08-15,204.0,
03BF001,2008-09-15,48.29999923706055,
03BF001,2008-10-15,141.0,
03BF001,2008-11-15,206.0,
03BF001,2008-12-15,51.70000076293945,
03BF001,2009-01-15,32.400001525878906,
03BF001,2009-02-15,23.600000381469727,
03BF001,2009-03-15,20.899999618530277,
03BF001,2009-04-15,60.59999847412109,
03BF001,2009-05-15,487.0,
03BF001,2009-06-15,146.0,
03BF001,2009-07-15,86.5999984741211,
03BF001,2009-08-15,32.900001525878906,
03BF001,2009-09-15,55.59999847412109,
03BF001,2009-10-15,93.0999984741211,
03BF001,2009-11-15,116.0,
03BF001,2009-12-15,46.70000076293945,
03BF001,2010-01-15,27.799999237060547,
03BF001,2010-02-15,20.5,
03BF001,2010-03-15,17.0,
03BF001,2010-04-15,174.0,
03BF001,2010-05-15,77.9000015258789,
03BF001,2010-06-15,26.5,
03BF001,2010-07-15,46.79999923706055,
03BF001,2010-08-15,81.30000305175781,
03BF001,2010-09-15,50.400001525878906,
03BF001,2010-10-15,48.900001525878906,
03BF001,2010-11-15,52.400001525878906,
03BF001,2010-12-15,78.5999984741211,
03BF001,2011-01-15,49.79999923706055,
03BF001,2011-02-15,21.700000762939453,
03BF001,2011-03-15,15.800000190734863,
03BF001,2011-04-15,,
03BF001,2011-07-15,,
03BF001,2011-08-15,27.200000762939453,
03BF001,2011-09-15,38.20000076293945,
03BF001,2011-10-15,53.5,
03BF001,2011-11-15,130.0,
03BF001,2011-12-15,56.400001525878906,
03BF001,2012-01-15,31.700000762939453,
03BF001,2012-02-15,22.600000381469727,
03BF001,2012-03-15,19.899999618530277,
03BF001,2012-04-15,184.0,
03BF001,2012-05-15,148.0,
03BF001,2012-06-15,65.9000015258789,
03BF001,2012-07-15,79.30000305175781,
03BF001,2012-08-15,68.69999694824219,
03BF001,2012-09-15,50.79999923706055,
03BF001,2012-10-15,170.0,
03BF001,2012-11-15,207.0,
03BF001,2012-12-15,68.69999694824219,B
03BF001,2013-01-15,36.79999923706055,B
03BF001,2013-02-15,22.600000381469727,B
03BF001,2013-03-15,17.799999237060547,B
03BF001,2013-04-15,22.799999237060547,B
03BF001,2013-05-15,,
03BF001,2013-10-15,,
03BF001,2013-11-15,82.80000305175781,B
03BF001,2013-12-15,63.09999847412109,B
03BF001,2014-01-15,26.700000762939453,B
03BF001,2014-02-15,15.5,B
03BF001,2014-03-15,11.0,B
03BF001,2014-04-15,9.529999732971191,B
03BF001,2014-05-15,734.0,
03BF001,2014-06-15,112.0,
03BF001,2014-07-15,292.0,
03BF001,2014-08-15,209.0,
03BF001,2014-09-15,155.0,
03BF001,2014-10-15,310.0,
03BF001,2014-11-15,94.6999969482422,B
03BF001,2014-12-15,56.0,B
03BF001,2015-01-15,28.0,B
03BF001,2015-02-15,18.299999237060547,B
03BF001,2015-03-15,15.0,B
03BF001,2015-04-15,20.600000381469727,B
03BF001,2015-05-15,341.0,
03BF001,2015-06-15,118.0,
03BF001,2015-07-15,103.0,
03BF001,2015-08-15,135.0,
03BF001,2015-09-15,195.0,
03BF001,2015-10-15,77.30000305175781,
03BF001,2015-11-15,197.0,
03BF001,2015-12-15,107.0,B
03BF001,2016-01-15,45.400001525878906,B
03BF001,2016-02-15,26.899999618530277,B
03BF001,2016-03-15,20.5,B
03BF001,2016-04-15,18.0,B
03BF001,2016-05-15,244.0,
03BF001,2016-06-15,241.0,
03BF001,2016-07-15,61.20000076293945,
03BF001,2016-08-15,71.0999984741211,
03BF001,2016-09-15,359.0,
03BF001,2016-10-15,172.0,
03BF001,2016-11-15,229.0,
03BF001,2017-05-15,698.0,
03BF001,2017-06-15,104.0,
03BF001,2017-07-15,105.0,
03BF001,2017-08-15,47.70000076293945,
03BF001,2017-09-15,49.0,
03BF001,2017-10-15,110.0,
03BF001,2017-11-15,,
03BF001,2018-05-15,712.0,
03BF001,2018-06-15,113.0,
03BF001,2018-07-15,,
03BF001,2019-08-15,,
03BF001,2019-09-15,48.09999847412109,
03BF001,2019-10-15,77.0999984741211,
03BF001,2019-11-15,,
03BF001,2020-05-15,240.0,
03BF001,2020-06-15,138.0,
03BF001,2020-07-15,86.9000015258789,
03BF001,2020-08-15,303.0,
03BF001,2020-09-15,222.0,
03BF001,2020-10-15,217.0,
03BF001,2020-11-15,307.0,
03BF001,2021-04-15,859.0,
03BF001,2021-05-15,123.0,
03BF001,2021-06-15,59.900001525878906,
03BF001,2021-07-15,69.5,
03BF001,2021-08-15,200.0,
03BF001,2021-09-15,217.0,
03BF001,2021-10-15,94.4000015258789,
03BF001,2021-11-15,182.0,
03BF001,2022-05-15,536.0,
03BF001,2022-06-15,106.0,
03BF001,2022-07-15,45.20000076293945,
03BF001,2022-08-15,131.0,
03BF001,2022-09-15,62.59999847412109,
03BF001,2022-10-15,52.20000076293945,
03BF001,2022-11-15,,
03BF001,2023-05-15,139.0,
03BF001,2023-06-15,20.299999237060547,
03BF001,2023-07-15,,
03BF001,1975-05-16,,
03BF001,1975-06-16,80.69999694824219,
03BF001,1975-07-16,35.70000076293945,
03BF001,1975-08-16,98.0,
03BF001,1975-09-16,81.5999984741211,
03BF001,1975-10-16,82.69999694824219,
03BF001,1975-11-16,218.0,
03BF001,1975-12-16,39.59999847412109,E
03BF001,1976-01-16,19.399999618530277,E
03BF001,1976-02-16,12.300000190734863,E
03BF001,1976-03-16,10.199999809265137,
03BF001,1976-04-16,47.29999923706055,
03BF001,1976-05-16,240.0,
03BF001,1976-06-16,186.0,
03BF001,1976-07-16,87.19999694824219,
03BF001,1976-08-16,137.0,
03BF001,1976-09-16,68.19999694824219,
03BF001,1976-10-16,85.80000305175781,
03BF001,1976-11-16,46.70000076293945,
03BF001,1976-12-16,26.899999618530277,E
03BF001,1977-01-16,18.299999237060547,E
03BF001,1977-02-16,15.5,E
03BF001,1977-03-16,15.300000190734863,E
03BF001,1977-04-16,221.0,E
03BF001,1977-05-16,214.0,E
03BF001,1977-06-16,48.09999847412109,E
03BF001,1977-07-16,47.59999847412109,
03BF001,1977-08-16,124.0,
03BF001,1977-09-16,243.0,
03BF001,1977-10-16,178.0,
03BF001,1977-11-16,66.0,E
03BF001,1977-12-16,33.0,E
03BF001,1978-01-16,14.0,E
03BF001,1978-02-16,8.899999618530273,E
03BF001,1978-03-16,7.239999771118164,E
03BF001,1978-04-16,8.579999923706055,E
03BF001,1978-05-16,420.0,E
03BF001,1978-06-16,79.80000305175781,
03BF001,1978-07-16,181.0,
03BF001,1978-08-16,123.0,
03BF001,1978-09-16,121.0,
03BF001,1978-10-16,152.0,
03BF001,1978-11-16,128.0,
03BF001,1978-12-16,56.0,E
03BF001,1979-01-16,26.200000762939453,E
03BF001,1979-02-16,16.5,E
03BF001,1979-03-16,13.199999809265137,E
03BF001,1979-04-16,24.5,E
03BF001,1979-05-16,559.0,E
03BF001,1979-06-16,201.0,
03BF001,1979-07-16,48.400001525878906,
03BF001,1979-08-16,81.19999694824219,
03BF001,1979-09-16,196.0,
03BF001,1979-10-16,128.0,
03BF001,1979-11-16,99.3000030517578,
03BF001,1979-12-16,70.5,E
03BF001,1980-01-16,30.899999618530277,E
03BF001,1980-02-16,19.0,E
03BF001,1980-03-16,14.899999618530272,E
03BF001,1980-04-16,13.699999809265137,E
03BF001,1980-05-16,370.0,E
03BF001,1980-06-16,217.0,
03BF001,1980-07-16,122.0,
03BF001,1980-08-16,39.29999923706055,
03BF001,1980-09-16,24.100000381469727,
03BF001,1980-10-16,141.0,
03BF001,1980-11-16,64.0,
03BF001,1980-12-16,27.899999618530277,E
03BF001,1981-01-16,18.100000381469727,E
03BF001,1981-02-16,15.199999809265137,E
03BF001,1981-03-16,34.20000076293945,E
03BF001,1981-04-16,84.5999984741211,
03BF001,1981-05-16,582.0,
03BF001,1981-06-16,107.0,
03BF001,1981-07-16,86.5999984741211,
03BF001,1981-08-16,19.899999618530277,
03BF001,1981-09-16,73.69999694824219,
03BF001,1981-10-16,96.9000015258789,
03BF001,1981-11-16,75.5,
03BF001,1981-12-16,30.700000762939453,E
03BF001,1982-01-16,16.799999237060547,E
03BF001,1982-02-16,11.300000190734863,E
03BF001,1982-03-16,9.56999969482422,E
03BF001,1982-04-16,19.0,
03BF001,1982-05-16,336.0,
03BF001,1982-06-16,89.19999694824219,
03BF001,1982-07-16,327.0,
03BF001,1982-08-16,133.0,
03BF001,1982-09-16,190.0,
03BF001,1982-10-16,81.69999694824219,
03BF001,1982-11-16,109.0,
03BF001,1982-12-16,72.69999694824219,
03BF001,1983-01-16,26.899999618530277,E
03BF001,1983-02-16,17.399999618530273,E
03BF001,1983-03-16,14.600000381469728,E
03BF001,1983-04-16,20.5,E
03BF001,1983-05-16,318.0,
03BF001,1983-06-16,120.0,
03BF001,1983-07-16,68.0,
03BF001,1983-08-16,26.899999618530277,
03BF001,1983-09-16,122.0,
03BF001,1983-10-16,108.0,
03BF001,1983-11-16,66.0999984741211,
03BF001,1983-12-16,34.5,E
03BF001,1984-01-16,24.200000762939453,E
03BF001,1984-02-16,20.899999618530277,E
03BF001,1984-03-16,19.0,E
03BF001,1984-04-16,36.70000076293945,
03BF001,1984-05-16,166.0,E
03BF001,1984-06-16,107.0,
03BF001,1984-07-16,101.0,
03BF001,1984-08-16,64.0999984741211,
03BF001,1984-09-16,73.19999694824219,
03BF001,1984-10-16,119.0,
03BF001,1984-11-16,98.3000030517578,
03BF001,1984-12-16,88.4000015258789,
03BF001,1985-01-16,66.0,
03BF001,1985-02-16,31.899999618530277,E
03BF001,1985-03-16,21.899999618530277,E
03BF001,1985-04-16,20.399999618530277,E
03BF001,1985-05-16,256.0,E
03BF001,1985-06-16,155.0,
03BF001,1985-07-16,74.4000015258789,
03BF001,1985-08-16,120.0,
03BF001,1985-09-16,56.0,
03BF001,1985-10-16,171.0,
03BF001,1985-11-16,98.5999984741211,
03BF001,1985-12-16,46.70000076293945,E
03BF001,1986-01-16,29.200000762939453,E
03BF001,1986-02-16,22.899999618530277,E
03BF001,1986-03-16,20.299999237060547,E
03BF001,1986-04-16,21.700000762939453,E
03BF001,1986-05-16,540.0,E
03BF001,1986-06-16,196.0,E
03BF001,1986-07-16,60.70000076293945,
03BF001,1986-08-16,220.0,
03BF001,1986-09-16,143.0,
03BF001,1986-10-16,139.0,
03BF001,1986-11-16,59.20000076293945,
03BF001,1986-12-16,33.599998474121094,E
03BF001,1987-01-16,20.799999237060547,E
03BF001,1987-02-16,13.899999618530272,E
03BF001,1987-03-16,10.699999809265137,E
03BF001,1987-04-16,86.80000305175781,
03BF001,1987-05-16,104.0,E
03BF001,1987-06-16,61.900001525878906,E
03BF001,1987-07-16,58.5,
03BF001,1987-08-16,64.5999984741211,
03BF001,1987-09-16,364.0,
03BF001,1987-10-16,138.0,
03BF001,1987-11-16,111.0,
03BF001,1987-12-16,150.0,
03BF001,1988-01-16,35.79999923706055,E
03BF001,1988-02-16,21.200000762939453,E
03BF001,1988-03-16,15.699999809265137,E
03BF001,1988-04-16,309.0,
03BF001,1988-05-16,324.0,
03BF001,1988-06-16,56.09999847412109,
03BF001,1988-07-16,47.400001525878906,
03BF001,1988-08-16,22.200000762939453,
03BF001,1988-09-16,156.0,
03BF001,1988-10-16,86.4000015258789,
03BF001,1988-11-16,122.0,
03BF001,1988-12-16,65.0,E
03BF001,1989-01-16,27.299999237060547,E
03BF001,1989-02-16,13.899999618530272,E
03BF001,1989-03-16,8.920000076293945,E
03BF001,1989-04-16,7.670000076293945,E
03BF001,1989-05-16,452.0,
03BF001,1989-06-16,230.0,
03BF001,1989-07-16,62.5,
03BF001,1989-08-16,35.099998474121094,
03BF001,1989-09-16,68.9000015258789,
03BF001,1989-10-16,158.0,
03BF001,1989-11-16,122.0,
03BF001,1989-12-16,45.29999923706055,E
03BF001,1990-01-16,25.700000762939453,E
03BF001,1990-02-16,17.299999237060547,
03BF001,1990-03-16,13.199999809265137,E
03BF001,1990-04-16,11.100000381469728,E
03BF001,1990-05-16,293.0,
03BF001,1990-06-16,153.0,
03BF001,1990-07-16,52.900001525878906,
03BF001,1990-08-16,66.80000305175781,
03BF001,1990-09-16,128.0,
03BF001,1990-10-16,193.0,
03BF001,1990-11-16,91.3000030517578,E
03BF001,1990-12-16,68.19999694824219,E
03BF001,1991-01-16,34.400001525878906,E
03BF001,1991-02-16,20.799999237060547,
03BF001,1991-03-16,14.600000381469728,E
03BF001,1991-04-16,124.0,
03BF001,1991-05-16,303.0,
03BF001,1991-06-16,147.0,
03BF001,1991-07-16,54.29999923706055,
03BF001,1991-08-16,33.29999923706055,
03BF001,1991-09-16,108.0,
03BF001,1991-10-16,174.0,
03BF001,1991-11-16,108.0,
03BF001,1991-12-16,46.59999847412109,E
03BF001,1992-01-16,26.0,E
03BF001,1992-02-16,16.200000762939453,E
03BF001,1992-03-16,11.0,
03BF001,1992-04-16,9.6899995803833,
03BF001,1992-05-16,420.0,
03BF001,1992-06-16,85.0999984741211,
03BF001,1992-07-16,58.20000076293945,
03BF001,1992-08-16,30.5,
03BF001,1992-09-16,168.0,
03BF001,1992-10-16,143.0,
03BF001,1992-11-16,99.3000030517578,
03BF001,1992-12-16,52.09999847412109,E
03BF001,1993-01-16,29.600000381469727,E
03BF001,1993-02-16,18.600000381469727,
03BF001,1993-03-16,12.699999809265137,E
03BF001,1993-04-16,55.0,
03BF001,1993-05-16,367.0,
03BF001,1993-06-16,119.0,
03BF001,1993-07-16,215.0,
03BF001,1993-08-16,59.900001525878906,
03BF001,1993-09-16,192.0,
03BF001,1993-10-16,166.0,
03BF001,1993-11-16,58.29999923706055,
03BF001,1993-12-16,30.899999618530277,E
03BF001,1994-01-16,17.799999237060547,E
03BF001,1994-02-16,12.100000381469728,
03BF001,1994-03-16,10.0,
03BF001,1994-04-16,16.100000381469727,
03BF001,1994-05-16,324.0,
03BF001,1994-06-16,87.80000305175781,
03BF001,1994-07-16,158.0,
03BF001,1994-08-16,176.0,
03BF001,1994-09-16,121.0,
03BF001,1994-10-16,192.0,
03BF001,1994-11-16,120.0,
03BF001,1994-12-16,66.30000305175781,E
03BF001,1995-01-16,33.099998474121094,E
03BF001,1995-02-16,23.299999237060547,
03BF001,1995-03-16,20.299999237060547,E
03BF001,1995-04-16,20.399999618530277,
03BF001,1995-05-16,383.0,
03BF001,1995-06-16,102.0,
03BF001,1995-07-16,132.0,
03BF001,1995-08-16,42.400001525878906,
03BF001,1995-09-16,100.0,
03BF001,1995-10-16,169.0,
03BF001,1995-11-16,111.0,
03BF001,1995-12-16,52.29999923706055,E
03BF001,1996-01-16,29.5,E
03BF001,1996-02-16,21.700000762939453,E
03BF001,1996-03-16,19.0,E
03BF001,1996-04-16,21.299999237060547,E
03BF001,1996-05-16,508.0,
03BF001,1996-06-16,99.1999969482422,
03BF001,1996-07-16,54.20000076293945,
03BF001,1996-08-16,42.29999923706055,
03BF001,1996-09-16,49.09999847412109,
03BF001,1996-10-16,188.0,
03BF001,1996-11-16,162.0,
03BF001,1996-12-16,57.59999847412109,
03BF001,1997-01-16,30.399999618530277,E
03BF001,1997-02-16,18.200000762939453,
03BF001,1997-03-16,14.199999809265137,E
03BF001,1997-04-16,26.899999618530277,
03BF001,1997-05-16,259.0,
03BF001,1997-06-16,63.29999923706055,
03BF001,1997-07-16,68.5999984741211,
03BF001,1997-08-16,35.900001525878906,
03BF001,1998-04-16,,
03BF001,1998-05-16,88.5999984741211,
03BF001,1998-06-16,67.0,
03BF001,1998-07-16,33.79999923706055,
03BF001,1998-08-16,116.0,
03BF001,1998-09-16,84.5,
03BF001,1998-10-16,115.0,
03BF001,1998-11-16,97.5,
03BF001,1998-12-16,51.59999847412109,
03BF001,1999-01-16,34.400001525878906,
03BF001,1999-02-16,25.899999618530277,
03BF001,1999-03-16,22.399999618530277,
03BF001,1999-04-16,27.600000381469727,
03BF001,1999-05-16,243.0,
03BF001,1999-06-16,346.0,
03BF001,1999-07-16,323.0,
03BF001,1999-08-16,103.0,
03BF001,1999-09-16,84.0999984741211,
03BF001,1999-10-16,283.0,
03BF001,1999-11-16,95.6999969482422,
03BF001,1999-12-16,68.4000015258789,
03BF001,2000-01-16,32.0,
03BF001,2000-02-16,24.899999618530277,
03BF001,2000-03-16,24.899999618530277,E
03BF001,2000-04-16,84.69999694824219,
03BF001,2000-05-16,300.0,
03BF001,2000-06-16,68.19999694824219,
03BF001,2000-07-16,66.30000305175781,
03BF001,2000-08-16,58.79999923706055,
03BF001,2000-09-16,143.0,
03BF001,2000-10-16,113.0,
03BF001,2000-11-16,115.0,
03BF001,2000-12-16,35.29999923706055,
03BF001,2001-01-16,22.0,
03BF001,2001-02-16,16.600000381469727,
03BF001,2001-03-16,14.199999809265137,
03BF001,2001-04-16,26.299999237060547,
03BF001,2001-05-16,173.0,
03BF001,2001-06-16,53.400001525878906,
03BF001,2001-07-16,57.5,
03BF001,2001-08-16,106.0,
03BF001,2001-09-16,171.0,
03BF001,2001-10-16,139.0,
03BF001,2001-11-16,94.0999984741211,
03BF001,2001-12-16,86.5,
03BF001,2002-01-16,33.400001525878906,
03BF001,2002-02-16,19.799999237060547,
03BF001,2002-03-16,15.800000190734863,
03BF001,2002-04-16,31.600000381469727,
03BF001,2002-05-16,260.0,
03BF001,2002-06-16,130.0,
03BF001,2002-07-16,40.59999847412109,
03BF001,2002-08-16,156.0,
03BF001,2002-09-16,123.0,
03BF001,2002-10-16,348.0,
03BF001,2002-11-16,84.4000015258789,
03BF001,2002-12-16,34.400001525878906,
03BF001,2003-01-16,20.600000381469727,
03BF001,2003-02-16,15.199999809265137,
03BF001,2003-03-16,12.699999809265137,
03BF001,2003-04-16,13.300000190734863,
03BF001,2003-05-16,506.0,
03BF001,2003-06-16,61.59999847412109,
03BF001,2003-07-16,58.900001525878906,
03BF001,2003-08-16,30.200000762939453,
03BF001,2003-09-16,71.0,
03BF001,2003-10-16,86.19999694824219,
03BF001,2003-11-16,50.400001525878906,
03BF001,2003-12-16,75.5999984741211,
03BF001,2004-01-16,33.900001525878906,
03BF001,2004-02-16,20.899999618530277,
03BF001,2004-03-16,17.200000762939453,
03BF001,2004-04-16,17.600000381469727,
03BF001,2004-05-16,,
03BF001,2005-04-16,,
03BF001,2005-05-16,285.0,
03BF001,2005-06-16,76.30000305175781,
03BF001,2005-07-16,51.5,
03BF001,2005-08-16,96.8000030517578,
03BF001,2005-09-16,421.0,
03BF001,2005-10-16,275.0,
03BF001,2005-11-16,,
03BF001,2006-04-16,,
03BF001,2006-05-16,112.0,
03BF001,2006-06-16,48.5,
03BF001,2006-07-16,83.80000305175781,
03BF001,2006-08-16,63.20000076293945,
03BF001,2006-09-16,31.700000762939453,
03BF001,2006-10-16,127.0,
03BF001,2006-11-16,137.0,
03BF001,2008-07-16,163.0,
03BF001,2008-08-16,179.0,
03BF001,2008-09-16,46.20000076293945,
03BF001,2008-10-16,172.0,
03BF001,2008-11-16,230.0,
03BF001,2008-12-16,50.79999923706055,
03BF001,2009-01-16,32.0,
03BF001,2009-02-16,23.399999618530277,
03BF001,2009-03-16,20.899999618530277,
03BF001,2009-04-16,62.29999923706055,
03BF001,2009-05-16,526.0,
03BF001,2009-06-16,132.0,
03BF001,2009-07-16,78.9000015258789,
03BF001,2009-08-16,32.5,
03BF001,2009-09-16,57.20000076293945,
03BF001,2009-10-16,88.30000305175781,
03BF001,2009-11-16,112.0,
03BF001,2009-12-16,45.70000076293945,
03BF001,2010-01-16,27.399999618530277,
03BF001,2010-02-16,20.399999618530277,
03BF001,2010-03-16,17.0,
03BF001,2010-04-16,171.0,
03BF001,2010-05-16,71.69999694824219,
03BF001,2010-06-16,25.399999618530277,
03BF001,2010-07-16,43.09999847412109,
03BF001,2010-08-16,150.0,
03BF001,2010-09-16,51.900001525878906,
03BF001,2010-10-16,47.900001525878906,
03BF001,2010-11-16,52.70000076293945,
03BF001,2010-12-16,74.80000305175781,
03BF001,2011-01-16,47.20000076293945,
03BF001,2011-02-16,21.399999618530277,
03BF001,2011-03-16,15.699999809265137,
03BF001,2011-04-16,,
03BF001,2011-07-16,,
03BF001,2011-08-16,26.5,
03BF001,2011-09-16,42.70000076293945,
03BF001,2011-10-16,65.4000015258789,
03BF001,2011-11-16,159.0,
03BF001,2011-12-16,54.5,
03BF001,2012-01-16,31.0,
03BF001,2012-02-16,22.700000762939453,
03BF001,2012-03-16,20.299999237060547,
03BF001,2012-04-16,186.0,
03BF001,2012-05-16,142.0,
03BF001,2012-06-16,62.900001525878906,
03BF001,2012-07-16,99.0,
03BF001,2012-08-16,63.70000076293945,
03BF001,2012-09-16,48.70000076293945,
03BF001,2012-10-16,169.0,
03BF001,2012-11-16,198.0,
03BF001,2012-12-16,67.19999694824219,B
03BF001,2013-01-16,36.09999847412109,B
03BF001,2013-02-16,22.399999618530277,B
03BF001,2013-03-16,17.799999237060547,B
03BF001,2013-04-16,24.5,B
03BF001,2013-05-16,,
03BF001,2013-10-16,,
03BF001,2013-11-16,90.1999969482422,
03BF001,2013-12-16,60.900001525878906,B
03BF001,2014-01-16,26.200000762939453,B
03BF001,2014-02-16,15.300000190734863,B
03BF001,2014-03-16,10.800000190734863,B
03BF001,2014-04-16,9.539999961853027,B
03BF001,2014-05-16,666.0,
03BF001,2014-06-16,134.0,
03BF001,2014-07-16,305.0,
03BF001,2014-08-16,255.0,
03BF001,2014-09-16,146.0,
03BF001,2014-10-16,288.0,
03BF001,2014-11-16,88.5,B
03BF001,2014-12-16,54.5,B
03BF001,2015-01-16,27.5,B
03BF001,2015-02-16,18.200000762939453,B
03BF001,2015-03-16,15.0,B
03BF001,2015-04-16,23.600000381469727,B
03BF001,2015-05-16,308.0,
03BF001,2015-06-16,112.0,
03BF001,2015-07-16,136.0,
03BF001,2015-08-16,128.0,
03BF001,2015-09-16,178.0,
03BF001,2015-10-16,79.0999984741211,
03BF001,2015-11-16,180.0,
03BF001,2015-12-16,97.5999984741211,B
03BF001,2016-01-16,45.900001525878906,B
03BF001,2016-02-16,26.600000381469727,B
03BF001,2016-03-16,20.299999237060547,B
03BF001,2016-04-16,17.899999618530273,B
03BF001,2016-05-16,240.0,
03BF001,2016-06-16,212.0,
03BF001,2016-07-16,70.9000015258789,
03BF001,2016-08-16,63.900001525878906,
03BF001,2016-09-16,315.0,
03BF001,2016-10-16,207.0,
03BF001,2016-11-16,214.0,
03BF001,2017-05-16,651.0,
03BF001,2017-06-16,97.0,
03BF001,2017-07-16,94.6999969482422,
03BF001,2017-08-16,44.0,
03BF001,2017-09-16,47.400001525878906,
03BF001,2017-10-16,103.0,
03BF001,2017-11-16,,
03BF001,2018-05-16,673.0,
03BF001,2018-06-16,104.0,
03BF001,2018-07-16,,
03BF001,2019-08-16,,
03BF001,2019-09-16,52.29999923706055,
03BF001,2019-10-16,74.0999984741211,
03BF001,2019-11-16,,
03BF001,2020-05-16,300.0,
03BF001,2020-06-16,126.0,
03BF001,2020-07-16,80.0999984741211,
03BF001,2020-08-16,258.0,
03BF001,2020-09-16,222.0,
03BF001,2020-10-16,228.0,
03BF001,2020-11-16,264.0,
03BF001,2021-04-16,760.0,
03BF001,2021-05-16,114.0,
03BF001,2021-06-16,55.59999847412109,
03BF001,2021-07-16,65.5999984741211,
03BF001,2021-08-16,180.0,
03BF001,2021-09-16,227.0,
03BF001,2021-10-16,96.1999969482422,
03BF001,2021-11-16,176.0,
03BF001,2022-05-16,462.0,
03BF001,2022-06-16,97.1999969482422,
03BF001,2022-07-16,41.20000076293945,
03BF001,2022-08-16,117.0,
03BF001,2022-09-16,55.400001525878906,
03BF001,2022-10-16,57.5,
03BF001,2022-11-16,,
03BF001,2023-05-16,127.0,
03BF001,2023-06-16,19.600000381469727,
03BF001,2023-07-16,,
03BF001,1975-05-17,,
03BF001,1975-06-17,85.5,
03BF001,1975-07-17,34.79999923706055,
03BF001,1975-08-17,102.0,
03BF001,1975-09-17,88.30000305175781,
03BF001,1975-10-17,78.4000015258789,
03BF001,1975-11-17,197.0,
03BF001,1975-12-17,38.5,E
03BF001,1976-01-17,19.0,E
03BF001,1976-02-17,12.399999618530272,E
03BF001,1976-03-17,10.100000381469728,
03BF001,1976-04-17,49.59999847412109,
03BF001,1976-05-17,300.0,
03BF001,1976-06-17,215.0,
03BF001,1976-07-17,87.19999694824219,
03BF001,1976-08-17,123.0,
03BF001,1976-09-17,73.9000015258789,
03BF001,1976-10-17,82.0999984741211,
03BF001,1976-11-17,45.29999923706055,
03BF001,1976-12-17,26.299999237060547,E
03BF001,1977-01-17,18.200000762939453,E
03BF001,1977-02-17,15.399999618530272,E
03BF001,1977-03-17,15.300000190734863,E
03BF001,1977-04-17,306.0,E
03BF001,1977-05-17,195.0,E
03BF001,1977-06-17,59.5,E
03BF001,1977-07-17,43.29999923706055,
03BF001,1977-08-17,125.0,
03BF001,1977-09-17,217.0,
03BF001,1977-10-17,172.0,
03BF001,1977-11-17,58.0,E
03BF001,1977-12-17,31.799999237060547,E
03BF001,1978-01-17,13.800000190734863,E
03BF001,1978-02-17,8.880000114440918,E
03BF001,1978-03-17,7.21999979019165,E
03BF001,1978-04-17,8.800000190734863,E
03BF001,1978-05-17,415.0,E
03BF001,1978-06-17,77.9000015258789,
03BF001,1978-07-17,165.0,
03BF001,1978-08-17,119.0,
03BF001,1978-09-17,128.0,
03BF001,1978-10-17,146.0,
03BF001,1978-11-17,123.0,
03BF001,1978-12-17,54.0,E
03BF001,1979-01-17,25.700000762939453,E
03BF001,1979-02-17,16.399999618530273,E
03BF001,1979-03-17,13.100000381469728,E
03BF001,1979-04-17,27.600000381469727,E
03BF001,1979-05-17,532.0,E
03BF001,1979-06-17,194.0,
03BF001,1979-07-17,49.900001525878906,
03BF001,1979-08-17,85.5,
03BF001,1979-09-17,197.0,
03BF001,1979-10-17,127.0,
03BF001,1979-11-17,95.0999984741211,
03BF001,1979-12-17,68.0999984741211,E
03BF001,1980-01-17,30.299999237060547,E
03BF001,1980-02-17,18.799999237060547,E
03BF001,1980-03-17,14.899999618530272,E
03BF001,1980-04-17,13.699999809265137,E
03BF001,1980-05-17,356.0,E
03BF001,1980-06-17,205.0,
03BF001,1980-07-17,115.0,
03BF001,1980-08-17,36.09999847412109,
03BF001,1980-09-17,27.899999618530277,
03BF001,1980-10-17,132.0,
03BF001,1980-11-17,60.900001525878906,
03BF001,1980-12-17,27.299999237060547,E
03BF001,1981-01-17,18.0,E
03BF001,1981-02-17,15.5,E
03BF001,1981-03-17,34.099998474121094,E
03BF001,1981-04-17,89.30000305175781,
03BF001,1981-05-17,573.0,
03BF001,1981-06-17,113.0,
03BF001,1981-07-17,85.0,
03BF001,1981-08-17,20.399999618530277,
03BF001,1981-09-17,74.0999984741211,
03BF001,1981-10-17,112.0,
03BF001,1981-11-17,74.9000015258789,
03BF001,1981-12-17,30.299999237060547,E
03BF001,1982-01-17,16.600000381469727,E
03BF001,1982-02-17,11.300000190734863,E
03BF001,1982-03-17,9.520000457763672,E
03BF001,1982-04-17,22.600000381469727,
03BF001,1982-05-17,304.0,
03BF001,1982-06-17,91.6999969482422,
03BF001,1982-07-17,294.0,
03BF001,1982-08-17,115.0,
03BF001,1982-09-17,189.0,
03BF001,1982-10-17,87.19999694824219,
03BF001,1982-11-17,127.0,
03BF001,1982-12-17,70.9000015258789,
03BF001,1983-01-17,26.200000762939453,E
03BF001,1983-02-17,17.299999237060547,E
03BF001,1983-03-17,14.600000381469728,E
03BF001,1983-04-17,28.0,E
03BF001,1983-05-17,320.0,
03BF001,1983-06-17,116.0,
03BF001,1983-07-17,62.70000076293945,
03BF001,1983-08-17,27.399999618530277,
03BF001,1983-09-17,120.0,
03BF001,1983-10-17,121.0,
03BF001,1983-11-17,65.80000305175781,
03BF001,1983-12-17,34.0,E
03BF001,1984-01-17,24.0,E
03BF001,1984-02-17,21.399999618530277,E
03BF001,1984-03-17,19.0,E
03BF001,1984-04-17,67.4000015258789,
03BF001,1984-05-17,165.0,E
03BF001,1984-06-17,108.0,
03BF001,1984-07-17,91.0,
03BF001,1984-08-17,67.0999984741211,
03BF001,1984-09-17,81.80000305175781,
03BF001,1984-10-17,109.0,
03BF001,1984-11-17,91.4000015258789,
03BF001,1984-12-17,91.5,
03BF001,1985-01-17,65.9000015258789,
03BF001,1985-02-17,31.299999237060547,E
03BF001,1985-03-17,21.799999237060547,E
03BF001,1985-04-17,20.700000762939453,E
03BF001,1985-05-17,260.0,E
03BF001,1985-06-17,138.0,
03BF001,1985-07-17,70.9000015258789,
03BF001,1985-08-17,122.0,
03BF001,1985-09-17,52.29999923706055,
03BF001,1985-10-17,171.0,
03BF001,1985-11-17,91.8000030517578,
03BF001,1985-12-17,46.0,E
03BF001,1986-01-17,28.899999618530277,E
03BF001,1986-02-17,22.700000762939453,E
03BF001,1986-03-17,20.200000762939453,E
03BF001,1986-04-17,21.799999237060547,E
03BF001,1986-05-17,545.0,E
03BF001,1986-06-17,190.0,E
03BF001,1986-07-17,58.09999847412109,
03BF001,1986-08-17,204.0,
03BF001,1986-09-17,143.0,
03BF001,1986-10-17,130.0,
03BF001,1986-11-17,58.0,
03BF001,1986-12-17,33.0,E
03BF001,1987-01-17,20.399999618530277,E
03BF001,1987-02-17,13.800000190734863,E
03BF001,1987-03-17,10.699999809265137,E
03BF001,1987-04-17,149.0,
03BF001,1987-05-17,104.0,E
03BF001,1987-06-17,61.29999923706055,
03BF001,1987-07-17,62.0,
03BF001,1987-08-17,91.1999969482422,
03BF001,1987-09-17,405.0,
03BF001,1987-10-17,150.0,
03BF001,1987-11-17,112.0,
03BF001,1987-12-17,133.0,
03BF001,1988-01-17,35.20000076293945,E
03BF001,1988-02-17,20.899999618530277,E
03BF001,1988-03-17,15.699999809265137,E
03BF001,1988-04-17,345.0,
03BF001,1988-05-17,340.0,
03BF001,1988-06-17,55.5,
03BF001,1988-07-17,46.0,
03BF001,1988-08-17,20.700000762939453,
03BF001,1988-09-17,144.0,
03BF001,1988-10-17,81.19999694824219,
03BF001,1988-11-17,132.0,
03BF001,1988-12-17,63.09999847412109,E
03BF001,1989-01-17,26.700000762939453,E
03BF001,1989-02-17,13.699999809265137,E
03BF001,1989-03-17,8.819999694824219,E
03BF001,1989-04-17,7.699999809265137,E
03BF001,1989-05-17,420.0,
03BF001,1989-06-17,206.0,
03BF001,1989-07-17,57.400001525878906,
03BF001,1989-08-17,32.900001525878906,
03BF001,1989-09-17,69.4000015258789,
03BF001,1989-10-17,157.0,
03BF001,1989-11-17,111.0,
03BF001,1989-12-17,44.20000076293945,E
03BF001,1990-01-17,25.200000762939453,E
03BF001,1990-02-17,17.100000381469727,
03BF001,1990-03-17,13.199999809265137,E
03BF001,1990-04-17,11.100000381469728,E
03BF001,1990-05-17,286.0,
03BF001,1990-06-17,147.0,
03BF001,1990-07-17,50.0,
03BF001,1990-08-17,64.5,
03BF001,1990-09-17,126.0,
03BF001,1990-10-17,186.0,
03BF001,1990-11-17,87.69999694824219,E
03BF001,1990-12-17,66.5,E
03BF001,1991-01-17,33.900001525878906,E
03BF001,1991-02-17,20.600000381469727,
03BF001,1991-03-17,14.399999618530272,E
03BF001,1991-04-17,136.0,
03BF001,1991-05-17,274.0,
03BF001,1991-06-17,148.0,
03BF001,1991-07-17,49.5,
03BF001,1991-08-17,31.799999237060547,
03BF001,1991-09-17,106.0,
03BF001,1991-10-17,167.0,
03BF001,1991-11-17,104.0,
03BF001,1991-12-17,45.900001525878906,E
03BF001,1992-01-17,25.600000381469727,E
03BF001,1992-02-17,16.0,E
03BF001,1992-03-17,10.899999618530272,
03BF001,1992-04-17,9.720000267028809,
03BF001,1992-05-17,391.0,
03BF001,1992-06-17,80.0,
03BF001,1992-07-17,57.0,
03BF001,1992-08-17,28.899999618530277,
03BF001,1992-09-17,158.0,
03BF001,1992-10-17,148.0,
03BF001,1992-11-17,96.5,
03BF001,1992-12-17,51.20000076293945,E
03BF001,1993-01-17,29.200000762939453,E
03BF001,1993-02-17,18.399999618530277,
03BF001,1993-03-17,12.5,E
03BF001,1993-04-17,66.0,
03BF001,1993-05-17,336.0,
03BF001,1993-06-17,163.0,
03BF001,1993-07-17,197.0,
03BF001,1993-08-17,55.70000076293945,
03BF001,1993-09-17,191.0,
03BF001,1993-10-17,152.0,
03BF001,1993-11-17,57.09999847412109,
03BF001,1993-12-17,30.100000381469727,E
03BF001,1994-01-17,17.5,E
03BF001,1994-02-17,12.0,
03BF001,1994-03-17,9.979999542236328,
03BF001,1994-04-17,25.700000762939453,
03BF001,1994-05-17,326.0,
03BF001,1994-06-17,98.3000030517578,
03BF001,1994-07-17,143.0,
03BF001,1994-08-17,178.0,
03BF001,1994-09-17,129.0,
03BF001,1994-10-17,176.0,
03BF001,1994-11-17,143.0,
03BF001,1994-12-17,64.9000015258789,E
03BF001,1995-01-17,32.599998474121094,E
03BF001,1995-02-17,23.100000381469727,
03BF001,1995-03-17,20.399999618530277,E
03BF001,1995-04-17,20.700000762939453,
03BF001,1995-05-17,375.0,
03BF001,1995-06-17,97.1999969482422,
03BF001,1995-07-17,121.0,
03BF001,1995-08-17,41.70000076293945,
03BF001,1995-09-17,108.0,
03BF001,1995-10-17,193.0,
03BF001,1995-11-17,108.0,
03BF001,1995-12-17,51.09999847412109,E
03BF001,1996-01-17,29.200000762939453,E
03BF001,1996-02-17,21.5,E
03BF001,1996-03-17,18.899999618530277,E
03BF001,1996-04-17,22.899999618530277,E
03BF001,1996-05-17,584.0,
03BF001,1996-06-17,93.1999969482422,
03BF001,1996-07-17,52.900001525878906,
03BF001,1996-08-17,44.79999923706055,
03BF001,1996-09-17,46.0,
03BF001,1996-10-17,187.0,
03BF001,1996-11-17,152.0,
03BF001,1996-12-17,56.900001525878906,
03BF001,1997-01-17,29.799999237060547,E
03BF001,1997-02-17,18.0,
03BF001,1997-03-17,14.100000381469728,E
03BF001,1997-04-17,26.600000381469727,
03BF001,1997-05-17,250.0,
03BF001,1997-06-17,63.5,
03BF001,1997-07-17,65.9000015258789,
03BF001,1997-08-17,34.900001525878906,
03BF001,1998-04-17,,
03BF001,1998-05-17,88.0999984741211,
03BF001,1998-06-17,67.5,
03BF001,1998-07-17,33.20000076293945,
03BF001,1998-08-17,129.0,
03BF001,1998-09-17,80.0,
03BF001,1998-10-17,114.0,
03BF001,1998-11-17,94.3000030517578,
03BF001,1998-12-17,50.79999923706055,
03BF001,1999-01-17,34.0,
03BF001,1999-02-17,25.700000762939453,
03BF001,1999-03-17,22.299999237060547,
03BF001,1999-04-17,30.5,
03BF001,1999-05-17,221.0,
03BF001,1999-06-17,417.0,
03BF001,1999-07-17,366.0,
03BF001,1999-08-17,114.0,
03BF001,1999-09-17,85.4000015258789,
03BF001,1999-10-17,259.0,
03BF001,1999-11-17,90.4000015258789,
03BF001,1999-12-17,63.5,
03BF001,2000-01-17,31.5,
03BF001,2000-02-17,24.899999618530277,
03BF001,2000-03-17,24.899999618530277,E
03BF001,2000-04-17,78.80000305175781,
03BF001,2000-05-17,283.0,
03BF001,2000-06-17,79.5,
03BF001,2000-07-17,61.70000076293945,
03BF001,2000-08-17,86.69999694824219,
03BF001,2000-09-17,139.0,
03BF001,2000-10-17,105.0,
03BF001,2000-11-17,107.0,
03BF001,2000-12-17,34.70000076293945,
03BF001,2001-01-17,21.700000762939453,
03BF001,2001-02-17,16.5,
03BF001,2001-03-17,14.100000381469728,
03BF001,2001-04-17,27.899999618530277,
03BF001,2001-05-17,156.0,
03BF001,2001-06-17,70.19999694824219,
03BF001,2001-07-17,55.09999847412109,
03BF001,2001-08-17,94.1999969482422,
03BF001,2001-09-17,151.0,
03BF001,2001-10-17,147.0,
03BF001,2001-11-17,106.0,
03BF001,2001-12-17,83.19999694824219,
03BF001,2002-01-17,32.70000076293945,
03BF001,2002-02-17,19.600000381469727,
03BF001,2002-03-17,15.699999809265137,
03BF001,2002-04-17,54.900001525878906,
03BF001,2002-05-17,255.0,
03BF001,2002-06-17,119.0,
03BF001,2002-07-17,62.59999847412109,
03BF001,2002-08-17,143.0,
03BF001,2002-09-17,124.0,
03BF001,2002-10-17,320.0,
03BF001,2002-11-17,78.30000305175781,
03BF001,2002-12-17,33.70000076293945,
03BF001,2003-01-17,20.299999237060547,
03BF001,2003-02-17,15.0,
03BF001,2003-03-17,12.699999809265137,
03BF001,2003-04-17,13.399999618530272,
03BF001,2003-05-17,448.0,
03BF001,2003-06-17,58.900001525878906,
03BF001,2003-07-17,66.4000015258789,
03BF001,2003-08-17,28.799999237060547,
03BF001,2003-09-17,67.5,
03BF001,2003-10-17,118.0,
03BF001,2003-11-17,51.20000076293945,
03BF001,2003-12-17,73.4000015258789,
03BF001,2004-01-17,33.099998474121094,
03BF001,2004-02-17,20.600000381469727,
03BF001,2004-03-17,17.100000381469727,
03BF001,2004-04-17,17.600000381469727,
03BF001,2004-05-17,,
03BF001,2005-04-17,,
03BF001,2005-05-17,277.0,
03BF001,2005-06-17,70.5,
03BF001,2005-07-17,47.70000076293945,
03BF001,2005-08-17,108.0,
03BF001,2005-09-17,414.0,
03BF001,2005-10-17,272.0,
03BF001,2005-11-17,,
03BF001,2006-04-17,,
03BF001,2006-05-17,102.0,
03BF001,2006-06-17,45.70000076293945,
03BF001,2006-07-17,77.5,
03BF001,2006-08-17,89.0,
03BF001,2006-09-17,31.0,
03BF001,2006-10-17,118.0,
03BF001,2006-11-17,,
03BF001,2008-07-17,163.0,
03BF001,2008-08-17,158.0,
03BF001,2008-09-17,46.20000076293945,
03BF001,2008-10-17,196.0,
03BF001,2008-11-17,237.0,
03BF001,2008-12-17,50.0,
03BF001,2009-01-17,31.600000381469727,
03BF001,2009-02-17,23.299999237060547,
03BF001,2009-03-17,20.899999618530277,
03BF001,2009-04-17,65.30000305175781,
03BF001,2009-05-17,539.0,
03BF001,2009-06-17,121.0,
03BF001,2009-07-17,71.19999694824219,
03BF001,2009-08-17,32.20000076293945,
03BF001,2009-09-17,55.900001525878906,
03BF001,2009-10-17,83.4000015258789,
03BF001,2009-11-17,113.0,
03BF001,2009-12-17,44.79999923706055,
03BF001,2010-01-17,27.100000381469727,
03BF001,2010-02-17,20.200000762939453,
03BF001,2010-03-17,16.899999618530273,
03BF001,2010-04-17,196.0,
03BF001,2010-05-17,66.80000305175781,
03BF001,2010-06-17,24.100000381469727,
03BF001,2010-07-17,44.79999923706055,
03BF001,2010-08-17,211.0,
03BF001,2010-09-17,52.29999923706055,
03BF001,2010-10-17,48.59999847412109,
03BF001,2010-11-17,54.29999923706055,
03BF001,2010-12-17,71.5,
03BF001,2011-01-17,45.0,
03BF001,2011-02-17,21.0,
03BF001,2011-03-17,15.600000381469728,
03BF001,2011-04-17,,
03BF001,2011-07-17,,
03BF001,2011-08-17,25.600000381469727,
03BF001,2011-09-17,45.70000076293945,
03BF001,2011-10-17,107.0,
03BF001,2011-11-17,175.0,
03BF001,2011-12-17,51.20000076293945,
03BF001,2012-01-17,30.100000381469727,
03BF001,2012-02-17,23.200000762939453,
03BF001,2012-03-17,20.100000381469727,
03BF001,2012-04-17,187.0,
03BF001,2012-05-17,136.0,
03BF001,2012-06-17,60.0,
03BF001,2012-07-17,100.0,
03BF001,2012-08-17,60.29999923706055,
03BF001,2012-09-17,47.59999847412109,
03BF001,2012-10-17,164.0,
03BF001,2012-11-17,183.0,B
03BF001,2012-12-17,65.80000305175781,B
03BF001,2013-01-17,35.5,B
03BF001,2013-02-17,22.100000381469727,B
03BF001,2013-03-17,17.700000762939453,B
03BF001,2013-04-17,26.700000762939453,B
03BF001,2013-05-17,,
03BF001,2013-10-17,,
03BF001,2013-11-17,94.4000015258789,
03BF001,2013-12-17,58.79999923706055,B
03BF001,2014-01-17,25.600000381469727,B
03BF001,2014-02-17,15.100000381469728,B
03BF001,2014-03-17,10.699999809265137,B
03BF001,2014-04-17,9.539999961853027,B
03BF001,2014-05-17,619.0,
03BF001,2014-06-17,144.0,
03BF001,2014-07-17,312.0,
03BF001,2014-08-17,260.0,
03BF001,2014-09-17,138.0,
03BF001,2014-10-17,282.0,
03BF001,2014-11-17,83.30000305175781,B
03BF001,2014-12-17,53.09999847412109,B
03BF001,2015-01-17,27.0,B
03BF001,2015-02-17,18.0,B
03BF001,2015-03-17,14.899999618530272,B
03BF001,2015-04-17,27.299999237060547,B
03BF001,2015-05-17,282.0,
03BF001,2015-06-17,106.0,
03BF001,2015-07-17,154.0,
03BF001,2015-08-17,125.0,
03BF001,2015-09-17,162.0,
03BF001,2015-10-17,79.19999694824219,
03BF001,2015-11-17,162.0,
03BF001,2015-12-17,90.0999984741211,B
03BF001,2016-01-17,44.59999847412109,B
03BF001,2016-02-17,26.200000762939453,B
03BF001,2016-03-17,20.200000762939453,B
03BF001,2016-04-17,17.899999618530273,B
03BF001,2016-05-17,228.0,
03BF001,2016-06-17,184.0,
03BF001,2016-07-17,77.80000305175781,
03BF001,2016-08-17,59.900001525878906,
03BF001,2016-09-17,292.0,
03BF001,2016-10-17,276.0,
03BF001,2016-11-17,199.0,
03BF001,2017-05-17,604.0,
03BF001,2017-06-17,91.0,
03BF001,2017-07-17,85.5,
03BF001,2017-08-17,41.29999923706055,
03BF001,2017-09-17,46.400001525878906,
03BF001,2017-10-17,96.8000030517578,
03BF001,2017-11-17,,
03BF001,2018-05-17,599.0,
03BF001,2018-06-17,98.8000030517578,
03BF001,2018-07-17,,
03BF001,2019-08-17,,
03BF001,2019-09-17,56.400001525878906,
03BF001,2019-10-17,71.80000305175781,
03BF001,2019-11-17,,
03BF001,2020-05-17,357.0,
03BF001,2020-06-17,117.0,
03BF001,2020-07-17,73.80000305175781,
03BF001,2020-08-17,230.0,
03BF001,2020-09-17,214.0,
03BF001,2020-10-17,239.0,
03BF001,2020-11-17,210.0,
03BF001,2021-04-17,644.0,
03BF001,2021-05-17,108.0,
03BF001,2021-06-17,52.29999923706055,
03BF001,2021-07-17,61.400001525878906,
03BF001,2021-08-17,158.0,
03BF001,2021-09-17,240.0,
03BF001,2021-10-17,116.0,
03BF001,2021-11-17,165.0,
03BF001,2022-05-17,406.0,
03BF001,2022-06-17,91.9000015258789,
03BF001,2022-07-17,38.09999847412109,
03BF001,2022-08-17,104.0,
03BF001,2022-09-17,48.900001525878906,
03BF001,2022-10-17,63.900001525878906,
03BF001,2022-11-17,,
03BF001,2023-05-17,115.0,
03BF001,2023-06-17,19.399999618530277,
03BF001,2023-07-17,,
03BF001,1975-05-18,,
03BF001,1975-06-18,90.9000015258789,
03BF001,1975-07-18,37.70000076293945,
03BF001,1975-08-18,127.0,
03BF001,1975-09-18,94.5999984741211,
03BF001,1975-10-18,77.9000015258789,
03BF001,1975-11-18,176.0,
03BF001,1975-12-18,37.400001525878906,E
03BF001,1976-01-18,18.700000762939453,E
03BF001,1976-02-18,11.899999618530272,E
03BF001,1976-03-18,10.100000381469728,
03BF001,1976-04-18,58.29999923706055,
03BF001,1976-05-18,337.0,
03BF001,1976-06-18,220.0,
03BF001,1976-07-18,95.0999984741211,
03BF001,1976-08-18,111.0,
03BF001,1976-09-18,70.19999694824219,
03BF001,1976-10-18,77.9000015258789,
03BF001,1976-11-18,45.900001525878906,
03BF001,1976-12-18,26.100000381469727,E
03BF001,1977-01-18,18.100000381469727,E
03BF001,1977-02-18,15.399999618530272,E
03BF001,1977-03-18,15.300000190734863,E
03BF001,1977-04-18,425.0,E
03BF001,1977-05-18,170.0,E
03BF001,1977-06-18,51.79999923706055,E
03BF001,1977-07-18,39.400001525878906,
03BF001,1977-08-18,120.0,
03BF001,1977-09-18,197.0,
03BF001,1977-10-18,160.0,
03BF001,1977-11-18,55.0,E
03BF001,1977-12-18,30.5,E
03BF001,1978-01-18,13.5,E
03BF001,1978-02-18,8.800000190734863,E
03BF001,1978-03-18,7.199999809265137,E
03BF001,1978-04-18,9.550000190734863,E
03BF001,1978-05-18,390.0,E
03BF001,1978-06-18,111.0,
03BF001,1978-07-18,152.0,
03BF001,1978-08-18,114.0,
03BF001,1978-09-18,133.0,
03BF001,1978-10-18,140.0,
03BF001,1978-11-18,112.0,
03BF001,1978-12-18,52.29999923706055,E
03BF001,1979-01-18,25.299999237060547,E
03BF001,1979-02-18,16.299999237060547,E
03BF001,1979-03-18,13.100000381469728,E
03BF001,1979-04-18,30.799999237060547,E
03BF001,1979-05-18,500.0,E
03BF001,1979-06-18,190.0,
03BF001,1979-07-18,54.59999847412109,
03BF001,1979-08-18,84.19999694824219,
03BF001,1979-09-18,194.0,
03BF001,1979-10-18,119.0,
03BF001,1979-11-18,77.0,
03BF001,1979-12-18,66.0,E
03BF001,1980-01-18,29.700000762939453,E
03BF001,1980-02-18,18.600000381469727,E
03BF001,1980-03-18,14.800000190734863,E
03BF001,1980-04-18,13.699999809265137,E
03BF001,1980-05-18,340.0,E
03BF001,1980-06-18,205.0,
03BF001,1980-07-18,105.0,
03BF001,1980-08-18,33.5,
03BF001,1980-09-18,33.0,
03BF001,1980-10-18,133.0,
03BF001,1980-11-18,58.20000076293945,
03BF001,1980-12-18,26.899999618530277,E
03BF001,1981-01-18,17.799999237060547,E
03BF001,1981-02-18,15.899999618530272,E
03BF001,1981-03-18,34.0,E
03BF001,1981-04-18,92.0,
03BF001,1981-05-18,516.0,
03BF001,1981-06-18,116.0,
03BF001,1981-07-18,76.0999984741211,
03BF001,1981-08-18,20.299999237060547,
03BF001,1981-09-18,74.69999694824219,
03BF001,1981-10-18,116.0,
03BF001,1981-11-18,73.80000305175781,
03BF001,1981-12-18,29.600000381469727,E
03BF001,1982-01-18,16.299999237060547,E
03BF001,1982-02-18,11.199999809265137,E
03BF001,1982-03-18,9.470000267028809,E
03BF001,1982-04-18,28.200000762939453,
03BF001,1982-05-18,275.0,
03BF001,1982-06-18,102.0,
03BF001,1982-07-18,280.0,
03BF001,1982-08-18,103.0,
03BF001,1982-09-18,178.0,
03BF001,1982-10-18,95.5,
03BF001,1982-11-18,142.0,E
03BF001,1982-12-18,66.30000305175781,
03BF001,1983-01-18,25.600000381469727,E
03BF001,1983-02-18,17.100000381469727,E
03BF001,1983-03-18,14.5,E
03BF001,1983-04-18,33.0,E
03BF001,1983-05-18,308.0,
03BF001,1983-06-18,107.0,
03BF001,1983-07-18,57.0,
03BF001,1983-08-18,27.100000381469727,
03BF001,1983-09-18,115.0,
03BF001,1983-10-18,138.0,
03BF001,1983-11-18,58.900001525878906,
03BF001,1983-12-18,33.5,E
03BF001,1984-01-18,23.799999237060547,E
03BF001,1984-02-18,22.299999237060547,E
03BF001,1984-03-18,18.899999618530277,E
03BF001,1984-04-18,140.0,
03BF001,1984-05-18,157.0,E
03BF001,1984-06-18,150.0,
03BF001,1984-07-18,88.19999694824219,
03BF001,1984-08-18,65.5999984741211,
03BF001,1984-09-18,83.80000305175781,
03BF001,1984-10-18,101.0,
03BF001,1984-11-18,81.19999694824219,
03BF001,1984-12-18,96.1999969482422,
03BF001,1985-01-18,63.5,
03BF001,1985-02-18,30.700000762939453,E
03BF001,1985-03-18,21.700000762939453,E
03BF001,1985-04-18,20.899999618530277,E
03BF001,1985-05-18,245.0,E
03BF001,1985-06-18,124.0,
03BF001,1985-07-18,68.5999984741211,
03BF001,1985-08-18,122.0,
03BF001,1985-09-18,50.70000076293945,
03BF001,1985-10-18,173.0,
03BF001,1985-11-18,90.9000015258789,
03BF001,1985-12-18,45.29999923706055,E
03BF001,1986-01-18,28.5,E
03BF001,1986-02-18,22.600000381469727,E
03BF001,1986-03-18,20.200000762939453,E
03BF001,1986-04-18,22.0,E
03BF001,1986-05-18,545.0,E
03BF001,1986-06-18,186.0,E
03BF001,1986-07-18,54.900001525878906,
03BF001,1986-08-18,192.0,
03BF001,1986-09-18,143.0,
03BF001,1986-10-18,122.0,
03BF001,1986-11-18,57.400001525878906,
03BF001,1986-12-18,32.5,E
03BF001,1987-01-18,20.100000381469727,E
03BF001,1987-02-18,13.699999809265137,E
03BF001,1987-03-18,10.699999809265137,E
03BF001,1987-04-18,284.0,
03BF001,1987-05-18,105.0,E
03BF001,1987-06-18,61.20000076293945,
03BF001,1987-07-18,61.79999923706055,
03BF001,1987-08-18,119.0,
03BF001,1987-09-18,389.0,
03BF001,1987-10-18,173.0,
03BF001,1987-11-18,193.0,
03BF001,1987-12-18,110.0,
03BF001,1988-01-18,34.599998474121094,E
03BF001,1988-02-18,20.5,E
03BF001,1988-03-18,15.600000381469728,E
03BF001,1988-04-18,379.0,
03BF001,1988-05-18,340.0,
03BF001,1988-06-18,55.59999847412109,
03BF001,1988-07-18,44.79999923706055,
03BF001,1988-08-18,19.5,
03BF001,1988-09-18,130.0,
03BF001,1988-10-18,79.5,
03BF001,1988-11-18,151.0,
03BF001,1988-12-18,61.59999847412109,E
03BF001,1989-01-18,26.200000762939453,E
03BF001,1989-02-18,13.5,E
03BF001,1989-03-18,8.760000228881836,E
03BF001,1989-04-18,7.739999771118164,E
03BF001,1989-05-18,384.0,
03BF001,1989-06-18,190.0,
03BF001,1989-07-18,54.900001525878906,
03BF001,1989-08-18,31.299999237060547,
03BF001,1989-09-18,68.4000015258789,
03BF001,1989-10-18,150.0,
03BF001,1989-11-18,103.0,
03BF001,1989-12-18,43.400001525878906,E
03BF001,1990-01-18,24.899999618530277,E
03BF001,1990-02-18,17.0,
03BF001,1990-03-18,13.100000381469728,E
03BF001,1990-04-18,11.100000381469728,E
03BF001,1990-05-18,276.0,
03BF001,1990-06-18,137.0,
03BF001,1990-07-18,48.5,
03BF001,1990-08-18,63.20000076293945,
03BF001,1990-09-18,116.0,
03BF001,1990-10-18,196.0,
03BF001,1990-11-18,84.5,E
03BF001,1990-12-18,64.80000305175781,E
03BF001,1991-01-18,33.29999923706055,E
03BF001,1991-02-18,20.200000762939453,
03BF001,1991-03-18,14.399999618530272,E
03BF001,1991-04-18,157.0,
03BF001,1991-05-18,245.0,
03BF001,1991-06-18,136.0,
03BF001,1991-07-18,46.29999923706055,E
03BF001,1991-08-18,30.600000381469727,
03BF001,1991-09-18,120.0,
03BF001,1991-10-18,163.0,
03BF001,1991-11-18,101.0,
03BF001,1991-12-18,44.900001525878906,E
03BF001,1992-01-18,25.200000762939453,E
03BF001,1992-02-18,15.800000190734863,E
03BF001,1992-03-18,10.800000190734863,
03BF001,1992-04-18,9.84000015258789,
03BF001,1992-05-18,378.0,
03BF001,1992-06-18,74.80000305175781,
03BF001,1992-07-18,55.59999847412109,
03BF001,1992-08-18,27.899999618530277,
03BF001,1992-09-18,151.0,
03BF001,1992-10-18,151.0,
03BF001,1992-11-18,94.3000030517578,
03BF001,1992-12-18,50.29999923706055,E
03BF001,1993-01-18,28.899999618530277,E
03BF001,1993-02-18,18.200000762939453,
03BF001,1993-03-18,12.399999618530272,E
03BF001,1993-04-18,72.0,
03BF001,1993-05-18,312.0,
03BF001,1993-06-18,188.0,
03BF001,1993-07-18,182.0,
03BF001,1993-08-18,51.5,
03BF001,1993-09-18,182.0,
03BF001,1993-10-18,146.0,
03BF001,1993-11-18,55.79999923706055,
03BF001,1993-12-18,29.600000381469727,E
03BF001,1994-01-18,17.200000762939453,E
03BF001,1994-02-18,11.899999618530272,
03BF001,1994-03-18,9.920000076293944,
03BF001,1994-04-18,43.79999923706055,
03BF001,1994-05-18,337.0,
03BF001,1994-06-18,110.0,
03BF001,1994-07-18,129.0,
03BF001,1994-08-18,175.0,
03BF001,1994-09-18,145.0,
03BF001,1994-10-18,162.0,
03BF001,1994-11-18,151.0,
03BF001,1994-12-18,63.09999847412109,E
03BF001,1995-01-18,32.099998474121094,E
03BF001,1995-02-18,22.899999618530277,
03BF001,1995-03-18,20.299999237060547,E
03BF001,1995-04-18,21.0,
03BF001,1995-05-18,370.0,
03BF001,1995-06-18,93.3000030517578,
03BF001,1995-07-18,112.0,
03BF001,1995-08-18,41.20000076293945,
03BF001,1995-09-18,122.0,
03BF001,1995-10-18,206.0,
03BF001,1995-11-18,105.0,
03BF001,1995-12-18,50.0,E
03BF001,1996-01-18,28.799999237060547,E
03BF001,1996-02-18,21.399999618530277,E
03BF001,1996-03-18,18.899999618530277,E
03BF001,1996-04-18,25.200000762939453,E
03BF001,1996-05-18,664.0,
03BF001,1996-06-18,87.0,
03BF001,1996-07-18,70.69999694824219,
03BF001,1996-08-18,45.29999923706055,
03BF001,1996-09-18,43.59999847412109,
03BF001,1996-10-18,175.0,
03BF001,1996-11-18,143.0,
03BF001,1996-12-18,55.400001525878906,
03BF001,1997-01-18,29.200000762939453,E
03BF001,1997-02-18,17.799999237060547,
03BF001,1997-03-18,14.100000381469728,E
03BF001,1997-04-18,26.0,
03BF001,1997-05-18,254.0,
03BF001,1997-06-18,64.30000305175781,
03BF001,1997-07-18,62.09999847412109,
03BF001,1997-08-18,34.79999923706055,
03BF001,1998-04-18,,
03BF001,1998-05-18,86.5999984741211,
03BF001,1998-06-18,68.9000015258789,
03BF001,1998-07-18,32.20000076293945,
03BF001,1998-08-18,136.0,
03BF001,1998-09-18,75.5999984741211,
03BF001,1998-10-18,145.0,
03BF001,1998-11-18,91.3000030517578,
03BF001,1998-12-18,50.09999847412109,
03BF001,1999-01-18,33.599998474121094,
03BF001,1999-02-18,25.5,
03BF001,1999-03-18,22.299999237060547,
03BF001,1999-04-18,34.0,
03BF001,1999-05-18,214.0,
03BF001,1999-06-18,423.0,
03BF001,1999-07-18,355.0,
03BF001,1999-08-18,141.0,
03BF001,1999-09-18,82.69999694824219,
03BF001,1999-10-18,234.0,
03BF001,1999-11-18,79.80000305175781,
03BF001,1999-12-18,61.5,
03BF001,2000-01-18,31.100000381469727,
03BF001,2000-02-18,24.899999618530277,
03BF001,2000-03-18,24.899999618530277,E
03BF001,2000-04-18,75.19999694824219,
03BF001,2000-05-18,262.0,
03BF001,2000-06-18,103.0,
03BF001,2000-07-18,58.400001525878906,
03BF001,2000-08-18,118.0,
03BF001,2000-09-18,135.0,
03BF001,2000-10-18,98.6999969482422,
03BF001,2000-11-18,97.6999969482422,
03BF001,2000-12-18,34.0,
03BF001,2001-01-18,21.5,
03BF001,2001-02-18,16.399999618530273,
03BF001,2001-03-18,14.100000381469728,
03BF001,2001-04-18,29.700000762939453,
03BF001,2001-05-18,143.0,
03BF001,2001-06-18,76.4000015258789,
03BF001,2001-07-18,50.900001525878906,
03BF001,2001-08-18,83.69999694824219,
03BF001,2001-09-18,135.0,
03BF001,2001-10-18,146.0,
03BF001,2001-11-18,96.1999969482422,
03BF001,2001-12-18,80.0999984741211,
03BF001,2002-01-18,32.0,
03BF001,2002-02-18,19.399999618530277,
03BF001,2002-03-18,15.600000381469728,
03BF001,2002-04-18,80.0999984741211,
03BF001,2002-05-18,256.0,
03BF001,2002-06-18,108.0,
03BF001,2002-07-18,74.5999984741211,
03BF001,2002-08-18,131.0,
03BF001,2002-09-18,123.0,
03BF001,2002-10-18,294.0,
03BF001,2002-11-18,72.9000015258789,
03BF001,2002-12-18,33.0,
03BF001,2003-01-18,20.100000381469727,
03BF001,2003-02-18,14.899999618530272,
03BF001,2003-03-18,12.699999809265137,
03BF001,2003-04-18,13.399999618530272,
03BF001,2003-05-18,398.0,
03BF001,2003-06-18,56.70000076293945,
03BF001,2003-07-18,79.30000305175781,
03BF001,2003-08-18,27.399999618530277,
03BF001,2003-09-18,64.5,
03BF001,2003-10-18,181.0,
03BF001,2003-11-18,50.5,
03BF001,2003-12-18,71.30000305175781,
03BF001,2004-01-18,32.400001525878906,
03BF001,2004-02-18,20.5,
03BF001,2004-03-18,17.0,
03BF001,2004-04-18,17.799999237060547,
03BF001,2004-05-18,,
03BF001,2005-04-18,,
03BF001,2005-05-18,279.0,
03BF001,2005-06-18,65.5999984741211,
03BF001,2005-07-18,44.79999923706055,
03BF001,2005-08-18,129.0,
03BF001,2005-09-18,374.0,
03BF001,2005-10-18,262.0,
03BF001,2005-11-18,,
03BF001,2006-04-18,,
03BF001,2006-05-18,94.4000015258789,
03BF001,2006-06-18,45.70000076293945,
03BF001,2006-07-18,88.5,
03BF001,2006-08-18,112.0,
03BF001,2006-09-18,31.200000762939453,
03BF001,2006-10-18,111.0,
03BF001,2006-11-18,,
03BF001,2008-07-18,160.0,
03BF001,2008-08-18,145.0,
03BF001,2008-09-18,45.70000076293945,
03BF001,2008-10-18,201.0,
03BF001,2008-11-18,224.0,
03BF001,2008-12-18,49.20000076293945,
03BF001,2009-01-18,31.200000762939453,
03BF001,2009-02-18,23.100000381469727,
03BF001,2009-03-18,20.899999618530277,
03BF001,2009-04-18,68.30000305175781,
03BF001,2009-05-18,513.0,
03BF001,2009-06-18,111.0,
03BF001,2009-07-18,67.80000305175781,
03BF001,2009-08-18,32.79999923706055,
03BF001,2009-09-18,54.0,
03BF001,2009-10-18,78.19999694824219,
03BF001,2009-11-18,113.0,
03BF001,2009-12-18,43.79999923706055,
03BF001,2010-01-18,26.799999237060547,
03BF001,2010-02-18,20.100000381469727,
03BF001,2010-03-18,16.799999237060547,
03BF001,2010-04-18,214.0,
03BF001,2010-05-18,62.59999847412109,
03BF001,2010-06-18,23.200000762939453,
03BF001,2010-07-18,63.20000076293945,
03BF001,2010-08-18,218.0,
03BF001,2010-09-18,53.400001525878906,
03BF001,2010-10-18,52.5,
03BF001,2010-11-18,55.400001525878906,
03BF001,2010-12-18,68.4000015258789,
03BF001,2011-01-18,43.5,
03BF001,2011-02-18,20.700000762939453,
03BF001,2011-03-18,15.5,
03BF001,2011-04-18,,
03BF001,2011-07-18,,
03BF001,2011-08-18,24.899999618530277,
03BF001,2011-09-18,46.79999923706055,
03BF001,2011-10-18,170.0,
03BF001,2011-11-18,170.0,
03BF001,2011-12-18,49.70000076293945,
03BF001,2012-01-18,29.700000762939453,
03BF001,2012-02-18,23.200000762939453,
03BF001,2012-03-18,20.5,
03BF001,2012-04-18,179.0,
03BF001,2012-05-18,133.0,
03BF001,2012-06-18,59.20000076293945,
03BF001,2012-07-18,93.8000030517578,
03BF001,2012-08-18,58.20000076293945,
03BF001,2012-09-18,46.0,
03BF001,2012-10-18,157.0,
03BF001,2012-11-18,167.0,B
03BF001,2012-12-18,64.5,B
03BF001,2013-01-18,34.79999923706055,B
03BF001,2013-02-18,21.799999237060547,B
03BF001,2013-03-18,17.600000381469727,B
03BF001,2013-04-18,29.600000381469727,B
03BF001,2013-05-18,,
03BF001,2013-10-18,,
03BF001,2013-11-18,164.0,
03BF001,2013-12-18,56.900001525878906,B
03BF001,2014-01-18,25.100000381469727,B
03BF001,2014-02-18,14.899999618530272,B
03BF001,2014-03-18,10.600000381469728,B
03BF001,2014-04-18,9.550000190734863,B
03BF001,2014-05-18,593.0,
03BF001,2014-06-18,139.0,
03BF001,2014-07-18,294.0,
03BF001,2014-08-18,266.0,
03BF001,2014-09-18,134.0,
03BF001,2014-10-18,354.0,
03BF001,2014-11-18,79.0,B
03BF001,2014-12-18,51.70000076293945,B
03BF001,2015-01-18,26.5,B
03BF001,2015-02-18,17.799999237060547,B
03BF001,2015-03-18,14.800000190734863,B
03BF001,2015-04-18,32.20000076293945,B
03BF001,2015-05-18,269.0,
03BF001,2015-06-18,101.0,
03BF001,2015-07-18,148.0,
03BF001,2015-08-18,119.0,
03BF001,2015-09-18,152.0,
03BF001,2015-10-18,77.0999984741211,
03BF001,2015-11-18,148.0,
03BF001,2015-12-18,84.0,B
03BF001,2016-01-18,43.400001525878906,B
03BF001,2016-02-18,25.899999618530277,B
03BF001,2016-03-18,20.100000381469727,B
03BF001,2016-04-18,17.899999618530273,B
03BF001,2016-05-18,230.0,
03BF001,2016-06-18,160.0,
03BF001,2016-07-18,77.30000305175781,
03BF001,2016-08-18,55.29999923706055,
03BF001,2016-09-18,297.0,
03BF001,2016-10-18,325.0,
03BF001,2016-11-18,184.0,
03BF001,2017-05-18,553.0,
03BF001,2017-06-18,88.19999694824219,
03BF001,2017-07-18,77.30000305175781,
03BF001,2017-08-18,40.09999847412109,
03BF001,2017-09-18,46.20000076293945,
03BF001,2017-10-18,99.4000015258789,
03BF001,2017-11-18,,
03BF001,2018-05-18,518.0,
03BF001,2018-06-18,99.0999984741211,
03BF001,2018-07-18,,
03BF001,2019-08-18,,
03BF001,2019-09-18,60.5,
03BF001,2019-10-18,69.0,
03BF001,2019-11-18,,
03BF001,2020-05-18,413.0,
03BF001,2020-06-18,109.0,
03BF001,2020-07-18,71.4000015258789,
03BF001,2020-08-18,227.0,
03BF001,2020-09-18,205.0,
03BF001,2020-10-18,242.0,
03BF001,2020-11-18,,
03BF001,2021-04-18,558.0,
03BF001,2021-05-18,104.0,
03BF001,2021-06-18,50.5,
03BF001,2021-07-18,57.400001525878906,
03BF001,2021-08-18,138.0,
03BF001,2021-09-18,272.0,
03BF001,2021-10-18,180.0,
03BF001,2021-11-18,153.0,
03BF001,2022-05-18,358.0,
03BF001,2022-06-18,89.5999984741211,
03BF001,2022-07-18,36.20000076293945,
03BF001,2022-08-18,92.6999969482422,
03BF001,2022-09-18,43.59999847412109,
03BF001,2022-10-18,78.30000305175781,
03BF001,2022-11-18,,
03BF001,2023-05-18,104.0,
03BF001,2023-06-18,20.0,
03BF001,2023-07-18,,
03BF001,1975-05-19,,
03BF001,1975-06-19,98.0,
03BF001,1975-07-19,49.59999847412109,
03BF001,1975-08-19,184.0,
03BF001,1975-09-19,90.9000015258789,
03BF001,1975-10-19,73.0999984741211,
03BF001,1975-11-19,161.0,
03BF001,1975-12-19,36.20000076293945,E
03BF001,1976-01-19,18.399999618530277,E
03BF001,1976-02-19,11.800000190734863,E
03BF001,1976-03-19,10.0,
03BF001,1976-04-19,79.0,
03BF001,1976-05-19,340.0,
03BF001,1976-06-19,207.0,
03BF001,1976-07-19,100.0,
03BF001,1976-08-19,98.8000030517578,
03BF001,1976-09-19,65.0999984741211,
03BF001,1976-10-19,75.0,
03BF001,1976-11-19,44.70000076293945,
03BF001,1976-12-19,25.5,E
03BF001,1977-01-19,17.799999237060547,E
03BF001,1977-02-19,15.300000190734863,E
03BF001,1977-03-19,15.300000190734863,E
03BF001,1977-04-19,552.0,E
03BF001,1977-05-19,148.0,E
03BF001,1977-06-19,42.79999923706055,E
03BF001,1977-07-19,37.09999847412109,
03BF001,1977-08-19,116.0,
03BF001,1977-09-19,179.0,
03BF001,1977-10-19,146.0,
03BF001,1977-11-19,46.5,E
03BF001,1977-12-19,29.5,E
03BF001,1978-01-19,13.300000190734863,E
03BF001,1978-02-19,8.699999809265137,E
03BF001,1978-03-19,7.199999809265137,E
03BF001,1978-04-19,9.800000190734863,E
03BF001,1978-05-19,375.0,E
03BF001,1978-06-19,140.0,
03BF001,1978-07-19,139.0,
03BF001,1978-08-19,120.0,
03BF001,1978-09-19,128.0,
03BF001,1978-10-19,138.0,
03BF001,1978-11-19,102.0,
03BF001,1978-12-19,51.0,E
03BF001,1979-01-19,24.799999237060547,E
03BF001,1979-02-19,16.100000381469727,E
03BF001,1979-03-19,13.100000381469728,E
03BF001,1979-04-19,35.400001525878906,E
03BF001,1979-05-19,471.0,E
03BF001,1979-06-19,179.0,
03BF001,1979-07-19,54.5,
03BF001,1979-08-19,80.0,
03BF001,1979-09-19,194.0,
03BF001,1979-10-19,134.0,
03BF001,1979-11-19,82.30000305175781,
03BF001,1979-12-19,64.0,E
03BF001,1980-01-19,29.200000762939453,E
03BF001,1980-02-19,18.399999618530277,E
03BF001,1980-03-19,14.699999809265137,E
03BF001,1980-04-19,13.699999809265137,E
03BF001,1980-05-19,310.0,E
03BF001,1980-06-19,221.0,
03BF001,1980-07-19,94.8000030517578,
03BF001,1980-08-19,31.399999618530277,
03BF001,1980-09-19,40.29999923706055,
03BF001,1980-10-19,146.0,
03BF001,1980-11-19,56.900001525878906,
03BF001,1980-12-19,26.399999618530277,E
03BF001,1981-01-19,17.700000762939453,E
03BF001,1981-02-19,16.100000381469727,E
03BF001,1981-03-19,33.900001525878906,E
03BF001,1981-04-19,93.0,
03BF001,1981-05-19,466.0,
03BF001,1981-06-19,115.0,
03BF001,1981-07-19,66.5999984741211,
03BF001,1981-08-19,19.799999237060547,
03BF001,1981-09-19,82.5999984741211,
03BF001,1981-10-19,124.0,
03BF001,1981-11-19,73.0,
03BF001,1981-12-19,29.0,E
03BF001,1982-01-19,16.200000762939453,E
03BF001,1982-02-19,11.100000381469728,E
03BF001,1982-03-19,9.399999618530272,E
03BF001,1982-04-19,29.399999618530277,
03BF001,1982-05-19,252.0,
03BF001,1982-06-19,111.0,
03BF001,1982-07-19,275.0,
03BF001,1982-08-19,94.9000015258789,
03BF001,1982-09-19,166.0,
03BF001,1982-10-19,101.0,
03BF001,1982-11-19,140.0,E
03BF001,1982-12-19,64.19999694824219,
03BF001,1983-01-19,25.0,E
03BF001,1983-02-19,17.0,E
03BF001,1983-03-19,14.5,E
03BF001,1983-04-19,35.5,E
03BF001,1983-05-19,287.0,
03BF001,1983-06-19,100.0,
03BF001,1983-07-19,51.59999847412109,
03BF001,1983-08-19,26.100000381469727,
03BF001,1983-09-19,115.0,
03BF001,1983-10-19,150.0,
03BF001,1983-11-19,53.59999847412109,
03BF001,1983-12-19,33.0,E
03BF001,1984-01-19,23.700000762939453,E
03BF001,1984-02-19,22.899999618530277,E
03BF001,1984-03-19,18.899999618530277,E
03BF001,1984-04-19,214.0,
03BF001,1984-05-19,146.0,E
03BF001,1984-06-19,221.0,
03BF001,1984-07-19,90.1999969482422,
03BF001,1984-08-19,63.70000076293945,
03BF001,1984-09-19,83.0,
03BF001,1984-10-19,92.4000015258789,
03BF001,1984-11-19,78.19999694824219,
03BF001,1984-12-19,109.0,
03BF001,1985-01-19,60.0,
03BF001,1985-02-19,30.100000381469727,E
03BF001,1985-03-19,21.5,E
03BF001,1985-04-19,21.299999237060547,E
03BF001,1985-05-19,236.0,E
03BF001,1985-06-19,124.0,
03BF001,1985-07-19,76.80000305175781,
03BF001,1985-08-19,119.0,
03BF001,1985-09-19,49.20000076293945,
03BF001,1985-10-19,198.0,
03BF001,1985-11-19,89.5,
03BF001,1985-12-19,44.5,E
03BF001,1986-01-19,28.200000762939453,E
03BF001,1986-02-19,22.5,E
03BF001,1986-03-19,20.200000762939453,E
03BF001,1986-04-19,23.0,E
03BF001,1986-05-19,543.0,E
03BF001,1986-06-19,182.0,E
03BF001,1986-07-19,53.70000076293945,
03BF001,1986-08-19,174.0,
03BF001,1986-09-19,143.0,
03BF001,1986-10-19,117.0,
03BF001,1986-11-19,53.59999847412109,
03BF001,1986-12-19,31.899999618530277,E
03BF001,1987-01-19,19.899999618530277,E
03BF001,1987-02-19,13.600000381469728,E
03BF001,1987-03-19,10.600000381469728,E
03BF001,1987-04-19,386.0,
03BF001,1987-05-19,106.0,E
03BF001,1987-06-19,58.70000076293945,
03BF001,1987-07-19,61.5,
03BF001,1987-08-19,126.0,
03BF001,1987-09-19,354.0,
03BF001,1987-10-19,209.0,
03BF001,1987-11-19,250.0,
03BF001,1987-12-19,98.8000030517578,
03BF001,1988-01-19,34.0,E
03BF001,1988-02-19,20.200000762939453,E
03BF001,1988-03-19,15.5,E
03BF001,1988-04-19,382.0,
03BF001,1988-05-19,325.0,
03BF001,1988-06-19,55.900001525878906,
03BF001,1988-07-19,43.79999923706055,
03BF001,1988-08-19,18.299999237060547,
03BF001,1988-09-19,116.0,
03BF001,1988-10-19,77.69999694824219,
03BF001,1988-11-19,164.0,
03BF001,1988-12-19,59.5,E
03BF001,1989-01-19,25.5,E
03BF001,1989-02-19,13.300000190734863,E
03BF001,1989-03-19,8.670000076293945,E
03BF001,1989-04-19,7.769999980926514,E
03BF001,1989-05-19,347.0,
03BF001,1989-06-19,187.0,
03BF001,1989-07-19,51.400001525878906,
03BF001,1989-08-19,28.5,
03BF001,1989-09-19,65.80000305175781,
03BF001,1989-10-19,137.0,
03BF001,1989-11-19,102.0,
03BF001,1989-12-19,42.400001525878906,E
03BF001,1990-01-19,24.5,E
03BF001,1990-02-19,16.799999237060547,
03BF001,1990-03-19,13.0,E
03BF001,1990-04-19,11.300000190734863,E
03BF001,1990-05-19,265.0,
03BF001,1990-06-19,123.0,
03BF001,1990-07-19,47.400001525878906,
03BF001,1990-08-19,61.79999923706055,
03BF001,1990-09-19,115.0,
03BF001,1990-10-19,203.0,
03BF001,1990-11-19,82.5999984741211,E
03BF001,1990-12-19,63.29999923706055,E
03BF001,1991-01-19,32.70000076293945,E
03BF001,1991-02-19,20.0,
03BF001,1991-03-19,14.399999618530272,E
03BF001,1991-04-19,186.0,
03BF001,1991-05-19,223.0,
03BF001,1991-06-19,124.0,
03BF001,1991-07-19,44.0,
03BF001,1991-08-19,29.200000762939453,
03BF001,1991-09-19,174.0,
03BF001,1991-10-19,157.0,
03BF001,1991-11-19,97.5999984741211,
03BF001,1991-12-19,43.900001525878906,E
03BF001,1992-01-19,24.799999237060547,E
03BF001,1992-02-19,15.5,E
03BF001,1992-03-19,10.699999809265137,
03BF001,1992-04-19,10.199999809265137,
03BF001,1992-05-19,358.0,
03BF001,1992-06-19,71.0999984741211,
03BF001,1992-07-19,55.29999923706055,
03BF001,1992-08-19,26.899999618530277,
03BF001,1992-09-19,153.0,
03BF001,1992-10-19,152.0,
03BF001,1992-11-19,92.1999969482422,
03BF001,1992-12-19,49.400001525878906,E
03BF001,1993-01-19,28.5,E
03BF001,1993-02-19,18.0,
03BF001,1993-03-19,12.199999809265137,E
03BF001,1993-04-19,74.0,
03BF001,1993-05-19,296.0,
03BF001,1993-06-19,184.0,
03BF001,1993-07-19,166.0,
03BF001,1993-08-19,48.900001525878906,
03BF001,1993-09-19,172.0,
03BF001,1993-10-19,138.0,
03BF001,1993-11-19,54.79999923706055,
03BF001,1993-12-19,29.0,E
03BF001,1994-01-19,16.899999618530273,E
03BF001,1994-02-19,11.800000190734863,
03BF001,1994-03-19,9.90999984741211,
03BF001,1994-04-19,67.19999694824219,
03BF001,1994-05-19,340.0,
03BF001,1994-06-19,113.0,
03BF001,1994-07-19,117.0,
03BF001,1994-08-19,169.0,
03BF001,1994-09-19,158.0,
03BF001,1994-10-19,151.0,
03BF001,1994-11-19,148.0,
03BF001,1994-12-19,61.400001525878906,E
03BF001,1995-01-19,31.5,E
03BF001,1995-02-19,22.799999237060547,
03BF001,1995-03-19,20.200000762939453,E
03BF001,1995-04-19,21.399999618530277,
03BF001,1995-05-19,370.0,
03BF001,1995-06-19,87.30000305175781,
03BF001,1995-07-19,109.0,
03BF001,1995-08-19,40.0,
03BF001,1995-09-19,132.0,
03BF001,1995-10-19,213.0,
03BF001,1995-11-19,103.0,
03BF001,1995-12-19,49.09999847412109,E
03BF001,1996-01-19,28.0,E
03BF001,1996-02-19,21.200000762939453,E
03BF001,1996-03-19,18.899999618530277,E
03BF001,1996-04-19,27.200000762939453,E
03BF001,1996-05-19,819.0,
03BF001,1996-06-19,82.9000015258789,
03BF001,1996-07-19,102.0,
03BF001,1996-08-19,46.29999923706055,
03BF001,1996-09-19,41.20000076293945,
03BF001,1996-10-19,160.0,
03BF001,1996-11-19,134.0,
03BF001,1996-12-19,55.0,
03BF001,1997-01-19,28.600000381469727,E
03BF001,1997-02-19,17.600000381469727,
03BF001,1997-03-19,14.100000381469728,E
03BF001,1997-04-19,26.0,
03BF001,1997-05-19,269.0,
03BF001,1997-06-19,67.4000015258789,
03BF001,1997-07-19,62.79999923706055,
03BF001,1997-08-19,36.09999847412109,
03BF001,1998-04-19,309.0,
03BF001,1998-05-19,84.4000015258789,
03BF001,1998-06-19,73.0999984741211,
03BF001,1998-07-19,30.899999618530277,
03BF001,1998-08-19,139.0,
03BF001,1998-09-19,72.80000305175781,
03BF001,1998-10-19,237.0,
03BF001,1998-11-19,88.5,
03BF001,1998-12-19,49.29999923706055,
03BF001,1999-01-19,33.29999923706055,
03BF001,1999-02-19,25.399999618530277,
03BF001,1999-03-19,22.299999237060547,
03BF001,1999-04-19,38.79999923706055,
03BF001,1999-05-19,228.0,
03BF001,1999-06-19,386.0,
03BF001,1999-07-19,319.0,
03BF001,1999-08-19,164.0,
03BF001,1999-09-19,79.80000305175781,
03BF001,1999-10-19,211.0,
03BF001,1999-11-19,75.5999984741211,
03BF001,1999-12-19,59.5,
03BF001,2000-01-19,30.799999237060547,
03BF001,2000-02-19,24.899999618530277,
03BF001,2000-03-19,24.899999618530277,E
03BF001,2000-04-19,73.5999984741211,
03BF001,2000-05-19,244.0,
03BF001,2000-06-19,110.0,
03BF001,2000-07-19,57.29999923706055,
03BF001,2000-08-19,140.0,
03BF001,2000-09-19,132.0,
03BF001,2000-10-19,93.5999984741211,
03BF001,2000-11-19,88.80000305175781,
03BF001,2000-12-19,33.400001525878906,
03BF001,2001-01-19,21.200000762939453,
03BF001,2001-02-19,16.299999237060547,
03BF001,2001-03-19,14.0,
03BF001,2001-04-19,31.5,
03BF001,2001-05-19,136.0,
03BF001,2001-06-19,72.19999694824219,
03BF001,2001-07-19,46.29999923706055,
03BF001,2001-08-19,73.69999694824219,
03BF001,2001-09-19,120.0,
03BF001,2001-10-19,139.0,
03BF001,2001-11-19,103.0,
03BF001,2001-12-19,77.0999984741211,
03BF001,2002-01-19,31.299999237060547,
03BF001,2002-02-19,19.100000381469727,
03BF001,2002-03-19,15.5,
03BF001,2002-04-19,139.0,
03BF001,2002-05-19,262.0,
03BF001,2002-06-19,98.0999984741211,
03BF001,2002-07-19,68.69999694824219,
03BF001,2002-08-19,125.0,
03BF001,2002-09-19,119.0,
03BF001,2002-10-19,271.0,
03BF001,2002-11-19,70.5,
03BF001,2002-12-19,32.29999923706055,
03BF001,2003-01-19,19.799999237060547,
03BF001,2003-02-19,14.800000190734863,
03BF001,2003-03-19,12.600000381469728,
03BF001,2003-04-19,13.5,
03BF001,2003-05-19,354.0,
03BF001,2003-06-19,54.29999923706055,
03BF001,2003-07-19,90.0999984741211,
03BF001,2003-08-19,26.0,
03BF001,2003-09-19,61.70000076293945,
03BF001,2003-10-19,210.0,
03BF001,2003-11-19,64.4000015258789,
03BF001,2003-12-19,69.19999694824219,
03BF001,2004-01-19,31.700000762939453,
03BF001,2004-02-19,20.299999237060547,
03BF001,2004-03-19,17.0,
03BF001,2004-04-19,18.0,
03BF001,2004-05-19,,
03BF001,2005-04-19,,
03BF001,2005-05-19,281.0,
03BF001,2005-06-19,60.59999847412109,
03BF001,2005-07-19,42.09999847412109,
03BF001,2005-08-19,140.0,
03BF001,2005-09-19,329.0,
03BF001,2005-10-19,248.0,
03BF001,2005-11-19,,
03BF001,2006-04-19,,
03BF001,2006-05-19,88.0,
03BF001,2006-06-19,46.29999923706055,
03BF001,2006-07-19,110.0,
03BF001,2006-08-19,127.0,
03BF001,2006-09-19,33.79999923706055,
03BF001,2006-10-19,114.0,
03BF001,2006-11-19,,
03BF001,2008-07-19,149.0,
03BF001,2008-08-19,132.0,
03BF001,2008-09-19,45.900001525878906,
03BF001,2008-10-19,193.0,
03BF001,2008-11-19,195.0,
03BF001,2008-12-19,48.29999923706055,
03BF001,2009-01-19,30.899999618530277,
03BF001,2009-02-19,22.899999618530277,
03BF001,2009-03-19,20.899999618530277,
03BF001,2009-04-19,75.5,
03BF001,2009-05-19,478.0,
03BF001,2009-06-19,102.0,
03BF001,2009-07-19,64.19999694824219,
03BF001,2009-08-19,34.70000076293945,
03BF001,2009-09-19,51.29999923706055,
03BF001,2009-10-19,74.30000305175781,
03BF001,2009-11-19,110.0,
03BF001,2009-12-19,42.900001525878906,
03BF001,2010-01-19,26.5,
03BF001,2010-02-19,19.899999618530277,
03BF001,2010-03-19,16.700000762939453,
03BF001,2010-04-19,215.0,
03BF001,2010-05-19,59.400001525878906,
03BF001,2010-06-19,22.0,
03BF001,2010-07-19,69.0999984741211,
03BF001,2010-08-19,214.0,
03BF001,2010-09-19,58.59999847412109,
03BF001,2010-10-19,56.900001525878906,
03BF001,2010-11-19,52.09999847412109,
03BF001,2010-12-19,65.80000305175781,
03BF001,2011-01-19,42.0,
03BF001,2011-02-19,20.399999618530277,
03BF001,2011-03-19,15.399999618530272,
03BF001,2011-04-19,,
03BF001,2011-07-19,,
03BF001,2011-08-19,25.0,
03BF001,2011-09-19,47.0,
03BF001,2011-10-19,189.0,
03BF001,2011-11-19,151.0,
03BF001,2011-12-19,49.29999923706055,
03BF001,2012-01-19,30.100000381469727,
03BF001,2012-02-19,22.799999237060547,
03BF001,2012-03-19,27.600000381469727,B
03BF001,2012-04-19,177.0,
03BF001,2012-05-19,132.0,
03BF001,2012-06-19,61.59999847412109,
03BF001,2012-07-19,85.9000015258789,
03BF001,2012-08-19,56.70000076293945,
03BF001,2012-09-19,46.59999847412109,
03BF001,2012-10-19,149.0,
03BF001,2012-11-19,153.0,B
03BF001,2012-12-19,63.20000076293945,B
03BF001,2013-01-19,34.20000076293945,B
03BF001,2013-02-19,21.600000381469727,B
03BF001,2013-03-19,17.600000381469727,B
03BF001,2013-04-19,33.20000076293945,B
03BF001,2013-05-19,,
03BF001,2013-10-19,,
03BF001,2013-11-19,254.0,
03BF001,2013-12-19,55.0,B
03BF001,2014-01-19,24.600000381469727,B
03BF001,2014-02-19,14.699999809265137,B
03BF001,2014-03-19,10.5,B
03BF001,2014-04-19,9.5600004196167,B
03BF001,2014-05-19,550.0,
03BF001,2014-06-19,136.0,
03BF001,2014-07-19,260.0,
03BF001,2014-08-19,260.0,
03BF001,2014-09-19,134.0,
03BF001,2014-10-19,441.0,
03BF001,2014-11-19,75.5,B
03BF001,2014-12-19,50.29999923706055,B
03BF001,2015-01-19,26.100000381469727,B
03BF001,2015-02-19,17.700000762939453,B
03BF001,2015-03-19,14.800000190734863,B
03BF001,2015-04-19,39.0,B
03BF001,2015-05-19,276.0,
03BF001,2015-06-19,94.1999969482422,
03BF001,2015-07-19,136.0,
03BF001,2015-08-19,112.0,
03BF001,2015-09-19,156.0,
03BF001,2015-10-19,74.19999694824219,
03BF001,2015-11-19,141.0,
03BF001,2015-12-19,78.80000305175781,B
03BF001,2016-01-19,42.09999847412109,B
03BF001,2016-02-19,25.600000381469727,B
03BF001,2016-03-19,20.0,B
03BF001,2016-04-19,18.600000381469727,B
03BF001,2016-05-19,269.0,
03BF001,2016-06-19,141.0,
03BF001,2016-07-19,71.30000305175781,
03BF001,2016-08-19,51.400001525878906,
03BF001,2016-09-19,296.0,
03BF001,2016-10-19,380.0,
03BF001,2016-11-19,183.0,
03BF001,2017-05-19,502.0,
03BF001,2017-06-19,92.5999984741211,
03BF001,2017-07-19,71.0,
03BF001,2017-08-19,39.59999847412109,
03BF001,2017-09-19,47.09999847412109,
03BF001,2017-10-19,107.0,
03BF001,2017-11-19,,
03BF001,2018-05-19,468.0,
03BF001,2018-06-19,107.0,
03BF001,2018-07-19,,
03BF001,2019-08-19,,
03BF001,2019-09-19,61.0,
03BF001,2019-10-19,66.0,
03BF001,2019-11-19,,
03BF001,2020-05-19,482.0,
03BF001,2020-06-19,102.0,
03BF001,2020-07-19,84.5999984741211,
03BF001,2020-08-19,257.0,
03BF001,2020-09-19,204.0,
03BF001,2020-10-19,247.0,
03BF001,2020-11-19,,
03BF001,2021-04-19,483.0,
03BF001,2021-05-19,100.0,
03BF001,2021-06-19,48.20000076293945,
03BF001,2021-07-19,53.400001525878906,
03BF001,2021-08-19,122.0,
03BF001,2021-09-19,304.0,
03BF001,2021-10-19,244.0,
03BF001,2021-11-19,142.0,
03BF001,2022-05-19,315.0,
03BF001,2022-06-19,86.9000015258789,
03BF001,2022-07-19,33.79999923706055,
03BF001,2022-08-19,83.19999694824219,
03BF001,2022-09-19,39.29999923706055,
03BF001,2022-10-19,98.0999984741211,
03BF001,2022-11-19,,
03BF001,2023-05-19,96.4000015258789,
03BF001,2023-06-19,20.5,
03BF001,2023-07-19,,
03BF001,1975-05-20,,
03BF001,1975-06-20,106.0,
03BF001,1975-07-20,57.79999923706055,
03BF001,1975-08-20,213.0,
03BF001,1975-09-20,86.9000015258789,
03BF001,1975-10-20,69.9000015258789,
03BF001,1975-11-20,145.0,
03BF001,1975-12-20,35.400001525878906,E
03BF001,1976-01-20,18.100000381469727,E
03BF001,1976-02-20,11.5,E
03BF001,1976-03-20,9.970000267028809,
03BF001,1976-04-20,140.0,
03BF001,1976-05-20,317.0,
03BF001,1976-06-20,193.0,
03BF001,1976-07-20,108.0,
03BF001,1976-08-20,88.9000015258789,
03BF001,1976-09-20,59.20000076293945,
03BF001,1976-10-20,71.0999984741211,
03BF001,1976-11-20,42.20000076293945,
03BF001,1976-12-20,25.200000762939453,E
03BF001,1977-01-20,17.700000762939453,E
03BF001,1977-02-20,15.300000190734863,E
03BF001,1977-03-20,15.300000190734863,E
03BF001,1977-04-20,736.0,E
03BF001,1977-05-20,125.0,E
03BF001,1977-06-20,36.79999923706055,E
03BF001,1977-07-20,40.20000076293945,
03BF001,1977-08-20,107.0,
03BF001,1977-09-20,165.0,
03BF001,1977-10-20,133.0,
03BF001,1977-11-20,43.70000076293945,E
03BF001,1977-12-20,28.5,E
03BF001,1978-01-20,13.0,E
03BF001,1978-02-20,8.649999618530273,E
03BF001,1978-03-20,7.190000057220459,E
03BF001,1978-04-20,10.399999618530272,E
03BF001,1978-05-20,350.0,E
03BF001,1978-06-20,146.0,
03BF001,1978-07-20,132.0,
03BF001,1978-08-20,161.0,
03BF001,1978-09-20,121.0,
03BF001,1978-10-20,134.0,
03BF001,1978-11-20,93.9000015258789,
03BF001,1978-12-20,49.79999923706055,E
03BF001,1979-01-20,24.299999237060547,E
03BF001,1979-02-20,15.899999618530272,E
03BF001,1979-03-20,13.199999809265137,E
03BF001,1979-04-20,39.5,E
03BF001,1979-05-20,443.0,E
03BF001,1979-06-20,166.0,
03BF001,1979-07-20,52.09999847412109,
03BF001,1979-08-20,76.0999984741211,
03BF001,1979-09-20,190.0,
03BF001,1979-10-20,159.0,
03BF001,1979-11-20,88.69999694824219,
03BF001,1979-12-20,62.0,E
03BF001,1980-01-20,28.5,E
03BF001,1980-02-20,18.200000762939453,E
03BF001,1980-03-20,14.0,E
03BF001,1980-04-20,13.800000190734863,E
03BF001,1980-05-20,280.0,E
03BF001,1980-06-20,233.0,
03BF001,1980-07-20,84.80000305175781,
03BF001,1980-08-20,29.600000381469727,
03BF001,1980-09-20,53.400001525878906,
03BF001,1980-10-20,164.0,
03BF001,1980-11-20,55.900001525878906,
03BF001,1980-12-20,25.899999618530277,E
03BF001,1981-01-20,17.5,E
03BF001,1981-02-20,16.299999237060547,E
03BF001,1981-03-20,33.70000076293945,E
03BF001,1981-04-20,93.0,
03BF001,1981-05-20,423.0,
03BF001,1981-06-20,111.0,
03BF001,1981-07-20,58.5,
03BF001,1981-08-20,19.299999237060547,
03BF001,1981-09-20,100.0,
03BF001,1981-10-20,143.0,
03BF001,1981-11-20,70.4000015258789,
03BF001,1981-12-20,28.299999237060547,E
03BF001,1982-01-20,15.800000190734863,E
03BF001,1982-02-20,10.899999618530272,E
03BF001,1982-03-20,9.399999618530272,E
03BF001,1982-04-20,31.899999618530277,
03BF001,1982-05-20,232.0,
03BF001,1982-06-20,109.0,
03BF001,1982-07-20,270.0,
03BF001,1982-08-20,97.5999984741211,
03BF001,1982-09-20,157.0,
03BF001,1982-10-20,109.0,
03BF001,1982-11-20,135.0,E
03BF001,1982-12-20,62.59999847412109,
03BF001,1983-01-20,24.5,E
03BF001,1983-02-20,16.799999237060547,E
03BF001,1983-03-20,14.399999618530272,E
03BF001,1983-04-20,40.20000076293945,
03BF001,1983-05-20,272.0,
03BF001,1983-06-20,94.0,
03BF001,1983-07-20,47.400001525878906,
03BF001,1983-08-20,26.5,
03BF001,1983-09-20,134.0,
03BF001,1983-10-20,153.0,
03BF001,1983-11-20,58.59999847412109,
03BF001,1983-12-20,32.5,E
03BF001,1984-01-20,23.600000381469727,E
03BF001,1984-02-20,23.299999237060547,E
03BF001,1984-03-20,18.799999237060547,E
03BF001,1984-04-20,291.0,
03BF001,1984-05-20,125.0,E
03BF001,1984-06-20,273.0,
03BF001,1984-07-20,93.0999984741211,
03BF001,1984-08-20,61.400001525878906,
03BF001,1984-09-20,83.4000015258789,
03BF001,1984-10-20,88.0,
03BF001,1984-11-20,75.80000305175781,
03BF001,1984-12-20,121.0,
03BF001,1985-01-20,59.09999847412109,
03BF001,1985-02-20,29.700000762939453,E
03BF001,1985-03-20,21.299999237060547,E
03BF001,1985-04-20,21.700000762939453,E
03BF001,1985-05-20,255.0,E
03BF001,1985-06-20,127.0,
03BF001,1985-07-20,119.0,
03BF001,1985-08-20,119.0,
03BF001,1985-09-20,71.5,
03BF001,1985-10-20,203.0,
03BF001,1985-11-20,87.19999694824219,
03BF001,1985-12-20,43.5,E
03BF001,1986-01-20,27.899999618530277,E
03BF001,1986-02-20,22.399999618530277,E
03BF001,1986-03-20,20.200000762939453,E
03BF001,1986-04-20,33.0,E
03BF001,1986-05-20,535.0,E
03BF001,1986-06-20,172.0,E
03BF001,1986-07-20,51.5,
03BF001,1986-08-20,154.0,
03BF001,1986-09-20,143.0,
03BF001,1986-10-20,113.0,
03BF001,1986-11-20,52.59999847412109,
03BF001,1986-12-20,31.299999237060547,E
03BF001,1987-01-20,19.700000762939453,E
03BF001,1987-02-20,13.399999618530272,E
03BF001,1987-03-20,10.5,E
03BF001,1987-04-20,492.0,
03BF001,1987-05-20,107.0,E
03BF001,1987-06-20,55.900001525878906,
03BF001,1987-07-20,65.9000015258789,
03BF001,1987-08-20,125.0,
03BF001,1987-09-20,314.0,
03BF001,1987-10-20,233.0,
03BF001,1987-11-20,261.0,
03BF001,1987-12-20,96.5,
03BF001,1988-01-20,33.400001525878906,E
03BF001,1988-02-20,20.0,E
03BF001,1988-03-20,15.399999618530272,E
03BF001,1988-04-20,362.0,
03BF001,1988-05-20,293.0,
03BF001,1988-06-20,57.5,
03BF001,1988-07-20,41.79999923706055,
03BF001,1988-08-20,17.399999618530273,
03BF001,1988-09-20,112.0,
03BF001,1988-10-20,77.0,
03BF001,1988-11-20,176.0,
03BF001,1988-12-20,57.59999847412109,E
03BF001,1989-01-20,24.700000762939453,E
03BF001,1989-02-20,13.0,E
03BF001,1989-03-20,8.5600004196167,E
03BF001,1989-04-20,7.789999961853027,E
03BF001,1989-05-20,312.0,
03BF001,1989-06-20,192.0,
03BF001,1989-07-20,48.900001525878906,
03BF001,1989-08-20,27.0,
03BF001,1989-09-20,61.70000076293945,
03BF001,1989-10-20,125.0,
03BF001,1989-11-20,100.0,E
03BF001,1989-12-20,41.70000076293945,E
03BF001,1990-01-20,24.100000381469727,E
03BF001,1990-02-20,16.600000381469727,
03BF001,1990-03-20,13.0,E
03BF001,1990-04-20,11.5,E
03BF001,1990-05-20,252.0,
03BF001,1990-06-20,110.0,
03BF001,1990-07-20,47.59999847412109,
03BF001,1990-08-20,59.900001525878906,
03BF001,1990-09-20,113.0,
03BF001,1990-10-20,215.0,
03BF001,1990-11-20,80.30000305175781,E
03BF001,1990-12-20,61.70000076293945,E
03BF001,1991-01-20,32.099998474121094,E
03BF001,1991-02-20,19.700000762939453,
03BF001,1991-03-20,14.0,E
03BF001,1991-04-20,205.0,
03BF001,1991-05-20,204.0,
03BF001,1991-06-20,112.0,
03BF001,1991-07-20,42.900001525878906,
03BF001,1991-08-20,27.899999618530277,
03BF001,1991-09-20,243.0,
03BF001,1991-10-20,153.0,
03BF001,1991-11-20,95.0,
03BF001,1991-12-20,43.0,E
03BF001,1992-01-20,24.299999237060547,E
03BF001,1992-02-20,15.199999809265137,E
03BF001,1992-03-20,10.600000381469728,
03BF001,1992-04-20,10.899999618530272,
03BF001,1992-05-20,330.0,
03BF001,1992-06-20,68.80000305175781,
03BF001,1992-07-20,57.79999923706055,
03BF001,1992-08-20,25.899999618530277,
03BF001,1992-09-20,162.0,
03BF001,1992-10-20,154.0,
03BF001,1992-11-20,90.0,
03BF001,1992-12-20,48.5,E
03BF001,1993-01-20,28.100000381469727,E
03BF001,1993-02-20,17.700000762939453,
03BF001,1993-03-20,12.100000381469728,E
03BF001,1993-04-20,75.0,
03BF001,1993-05-20,281.0,
03BF001,1993-06-20,168.0,
03BF001,1993-07-20,163.0,
03BF001,1993-08-20,67.0999984741211,
03BF001,1993-09-20,172.0,
03BF001,1993-10-20,134.0,
03BF001,1993-11-20,53.400001525878906,
03BF001,1993-12-20,28.5,E
03BF001,1994-01-20,16.700000762939453,E
03BF001,1994-02-20,11.699999809265137,
03BF001,1994-03-20,9.890000343322754,
03BF001,1994-04-20,70.5999984741211,
03BF001,1994-05-20,333.0,
03BF001,1994-06-20,106.0,
03BF001,1994-07-20,110.0,
03BF001,1994-08-20,159.0,
03BF001,1994-09-20,168.0,
03BF001,1994-10-20,147.0,
03BF001,1994-11-20,149.0,
03BF001,1994-12-20,59.900001525878906,E
03BF001,1995-01-20,31.0,E
03BF001,1995-02-20,22.600000381469727,
03BF001,1995-03-20,20.200000762939453,E
03BF001,1995-04-20,21.799999237060547,
03BF001,1995-05-20,367.0,
03BF001,1995-06-20,81.0999984741211,
03BF001,1995-07-20,116.0,
03BF001,1995-08-20,38.20000076293945,
03BF001,1995-09-20,135.0,
03BF001,1995-10-20,218.0,
03BF001,1995-11-20,99.6999969482422,
03BF001,1995-12-20,47.900001525878906,E
03BF001,1996-01-20,27.799999237060547,E
03BF001,1996-02-20,21.200000762939453,E
03BF001,1996-03-20,18.799999237060547,E
03BF001,1996-04-20,33.400001525878906,E
03BF001,1996-05-20,910.0,
03BF001,1996-06-20,80.5,
03BF001,1996-07-20,104.0,
03BF001,1996-08-20,50.79999923706055,
03BF001,1996-09-20,39.5,
03BF001,1996-10-20,146.0,
03BF001,1996-11-20,128.0,
03BF001,1996-12-20,53.0,
03BF001,1997-01-20,28.200000762939453,E
03BF001,1997-02-20,17.399999618530273,
03BF001,1997-03-20,14.0,E
03BF001,1997-04-20,26.5,
03BF001,1997-05-20,274.0,
03BF001,1997-06-20,68.0999984741211,
03BF001,1997-07-20,62.29999923706055,
03BF001,1997-08-20,41.09999847412109,
03BF001,1998-04-20,291.0,
03BF001,1998-05-20,81.80000305175781,
03BF001,1998-06-20,79.5,
03BF001,1998-07-20,29.399999618530277,
03BF001,1998-08-20,141.0,
03BF001,1998-09-20,73.5,
03BF001,1998-10-20,321.0,
03BF001,1998-11-20,85.9000015258789,
03BF001,1998-12-20,48.59999847412109,
03BF001,1999-01-20,32.900001525878906,
03BF001,1999-02-20,25.200000762939453,
03BF001,1999-03-20,22.200000762939453,
03BF001,1999-04-20,44.59999847412109,
03BF001,1999-05-20,247.0,
03BF001,1999-06-20,337.0,
03BF001,1999-07-20,275.0,
03BF001,1999-08-20,160.0,
03BF001,1999-09-20,97.1999969482422,
03BF001,1999-10-20,192.0,
03BF001,1999-11-20,80.0,
03BF001,1999-12-20,57.5,
03BF001,2000-01-20,30.399999618530277,
03BF001,2000-02-20,24.799999237060547,
03BF001,2000-03-20,24.899999618530277,E
03BF001,2000-04-20,73.19999694824219,
03BF001,2000-05-20,227.0,
03BF001,2000-06-20,102.0,
03BF001,2000-07-20,57.400001525878906,
03BF001,2000-08-20,140.0,
03BF001,2000-09-20,131.0,
03BF001,2000-10-20,89.69999694824219,
03BF001,2000-11-20,82.0,
03BF001,2000-12-20,32.79999923706055,
03BF001,2001-01-20,21.0,
03BF001,2001-02-20,16.200000762939453,
03BF001,2001-03-20,13.899999618530272,
03BF001,2001-04-20,33.400001525878906,
03BF001,2001-05-20,128.0,
03BF001,2001-06-20,67.4000015258789,
03BF001,2001-07-20,42.20000076293945,
03BF001,2001-08-20,65.5999984741211,
03BF001,2001-09-20,108.0,
03BF001,2001-10-20,134.0,
03BF001,2001-11-20,114.0,
03BF001,2001-12-20,74.30000305175781,
03BF001,2002-01-20,30.600000381469727,
03BF001,2002-02-20,19.0,
03BF001,2002-03-20,15.5,
03BF001,2002-04-20,208.0,
03BF001,2002-05-20,264.0,
03BF001,2002-06-20,89.9000015258789,
03BF001,2002-07-20,60.20000076293945,
03BF001,2002-08-20,116.0,
03BF001,2002-09-20,113.0,
03BF001,2002-10-20,249.0,
03BF001,2002-11-20,68.30000305175781,
03BF001,2002-12-20,31.700000762939453,
03BF001,2003-01-20,19.600000381469727,
03BF001,2003-02-20,14.699999809265137,
03BF001,2003-03-20,12.600000381469728,
03BF001,2003-04-20,13.600000381469728,
03BF001,2003-05-20,315.0,
03BF001,2003-06-20,52.70000076293945,
03BF001,2003-07-20,93.6999969482422,
03BF001,2003-08-20,24.700000762939453,
03BF001,2003-09-20,60.400001525878906,
03BF001,2003-10-20,207.0,
03BF001,2003-11-20,114.0,
03BF001,2003-12-20,67.30000305175781,
03BF001,2004-01-20,31.100000381469727,
03BF001,2004-02-20,20.100000381469727,
03BF001,2004-03-20,16.899999618530273,
03BF001,2004-04-20,19.100000381469727,
03BF001,2004-05-20,,
03BF001,2005-04-20,,
03BF001,2005-05-20,274.0,
03BF001,2005-06-20,58.0,
03BF001,2005-07-20,39.79999923706055,
03BF001,2005-08-20,131.0,
03BF001,2005-09-20,287.0,
03BF001,2005-10-20,242.0,
03BF001,2005-11-20,,
03BF001,2006-04-20,,
03BF001,2006-05-20,82.0999984741211,
03BF001,2006-06-20,47.5,
03BF001,2006-07-20,115.0,
03BF001,2006-08-20,133.0,
03BF001,2006-09-20,41.400001525878906,
03BF001,2006-10-20,131.0,
03BF001,2006-11-20,,
03BF001,2008-07-20,134.0,
03BF001,2008-08-20,121.0,
03BF001,2008-09-20,49.70000076293945,
03BF001,2008-10-20,189.0,
03BF001,2008-11-20,180.0,
03BF001,2008-12-20,47.59999847412109,
03BF001,2009-01-20,30.5,
03BF001,2009-02-20,22.799999237060547,
03BF001,2009-03-20,20.899999618530277,
03BF001,2009-04-20,87.5999984741211,
03BF001,2009-05-20,429.0,
03BF001,2009-06-20,95.0999984741211,
03BF001,2009-07-20,60.79999923706055,
03BF001,2009-08-20,36.5,
03BF001,2009-09-20,49.59999847412109,
03BF001,2009-10-20,73.9000015258789,
03BF001,2009-11-20,103.0,
03BF001,2009-12-20,42.0,
03BF001,2010-01-20,26.200000762939453,
03BF001,2010-02-20,19.799999237060547,
03BF001,2010-03-20,16.600000381469727,
03BF001,2010-04-20,203.0,
03BF001,2010-05-20,56.70000076293945,
03BF001,2010-06-20,21.5,
03BF001,2010-07-20,68.5999984741211,
03BF001,2010-08-20,202.0,
03BF001,2010-09-20,66.19999694824219,
03BF001,2010-10-20,60.0,
03BF001,2010-11-20,51.79999923706055,
03BF001,2010-12-20,63.29999923706055,
03BF001,2011-01-20,40.59999847412109,
03BF001,2011-02-20,20.100000381469727,
03BF001,2011-03-20,15.300000190734863,
03BF001,2011-04-20,,
03BF001,2011-07-20,,
03BF001,2011-08-20,25.399999618530277,
03BF001,2011-09-20,48.20000076293945,
03BF001,2011-10-20,181.0,
03BF001,2011-11-20,131.0,
03BF001,2011-12-20,48.400001525878906,
03BF001,2012-01-20,29.399999618530277,
03BF001,2012-02-20,22.399999618530277,
03BF001,2012-03-20,34.099998474121094,B
03BF001,2012-04-20,163.0,
03BF001,2012-05-20,128.0,
03BF001,2012-06-20,72.5999984741211,
03BF001,2012-07-20,78.19999694824219,
03BF001,2012-08-20,56.900001525878906,
03BF001,2012-09-20,57.09999847412109,
03BF001,2012-10-20,141.0,
03BF001,2012-11-20,142.0,B
03BF001,2012-12-20,61.900001525878906,B
03BF001,2013-01-20,33.599998474121094,B
03BF001,2013-02-20,21.299999237060547,B
03BF001,2013-03-20,17.600000381469727,B
03BF001,2013-04-20,38.0,B
03BF001,2013-05-20,,
03BF001,2013-10-20,,
03BF001,2013-11-20,267.0,
03BF001,2013-12-20,53.20000076293945,B
03BF001,2014-01-20,24.100000381469727,B
03BF001,2014-02-20,14.5,B
03BF001,2014-03-20,10.399999618530272,B
03BF001,2014-04-20,9.56999969482422,B
03BF001,2014-05-20,491.0,
03BF001,2014-06-20,139.0,
03BF001,2014-07-20,225.0,
03BF001,2014-08-20,238.0,
03BF001,2014-09-20,148.0,
03BF001,2014-10-20,460.0,
03BF001,2014-11-20,72.5999984741211,B
03BF001,2014-12-20,49.0,B
03BF001,2015-01-20,25.700000762939453,B
03BF001,2015-02-20,17.5,B
03BF001,2015-03-20,14.699999809265137,B
03BF001,2015-04-20,48.70000076293945,B
03BF001,2015-05-20,276.0,
03BF001,2015-06-20,88.9000015258789,
03BF001,2015-07-20,125.0,
03BF001,2015-08-20,109.0,
03BF001,2015-09-20,190.0,
03BF001,2015-10-20,72.0,
03BF001,2015-11-20,156.0,B
03BF001,2015-12-20,74.5999984741211,B
03BF001,2016-01-20,41.0,B
03BF001,2016-02-20,25.299999237060547,B
03BF001,2016-03-20,19.799999237060547,B
03BF001,2016-04-20,20.600000381469727,B
03BF001,2016-05-20,288.0,
03BF001,2016-06-20,132.0,
03BF001,2016-07-20,65.5,
03BF001,2016-08-20,49.79999923706055,
03BF001,2016-09-20,278.0,
03BF001,2016-10-20,394.0,
03BF001,2016-11-20,225.0,
03BF001,2017-05-20,448.0,
03BF001,2017-06-20,125.0,
03BF001,2017-07-20,65.30000305175781,
03BF001,2017-08-20,38.400001525878906,
03BF001,2017-09-20,48.400001525878906,
03BF001,2017-10-20,112.0,
03BF001,2017-11-20,,
03BF001,2018-05-20,451.0,
03BF001,2018-06-20,116.0,
03BF001,2018-07-20,,
03BF001,2019-08-20,,
03BF001,2019-09-20,60.09999847412109,
03BF001,2019-10-20,63.400001525878906,
03BF001,2019-11-20,,
03BF001,2020-05-20,563.0,
03BF001,2020-06-20,96.1999969482422,
03BF001,2020-07-20,136.0,
03BF001,2020-08-20,268.0,
03BF001,2020-09-20,198.0,
03BF001,2020-10-20,247.0,
03BF001,2020-11-20,,
03BF001,2021-04-20,421.0,
03BF001,2021-05-20,97.6999969482422,
03BF001,2021-06-20,45.900001525878906,
03BF001,2021-07-20,49.900001525878906,
03BF001,2021-08-20,113.0,
03BF001,2021-09-20,312.0,
03BF001,2021-10-20,257.0,
03BF001,2021-11-20,,
03BF001,2022-05-20,281.0,
03BF001,2022-06-20,81.4000015258789,
03BF001,2022-07-20,31.299999237060547,
03BF001,2022-08-20,75.19999694824219,
03BF001,2022-09-20,35.599998474121094,
03BF001,2022-10-20,111.0,
03BF001,2022-11-20,,
03BF001,2023-05-20,92.5,
03BF001,2023-06-20,20.0,
03BF001,2023-07-20,,
03BF001,1975-05-21,,
03BF001,1975-06-21,115.0,
03BF001,1975-07-21,60.900001525878906,
03BF001,1975-08-21,211.0,
03BF001,1975-09-21,79.30000305175781,
03BF001,1975-10-21,69.9000015258789,
03BF001,1975-11-21,128.0,
03BF001,1975-12-21,34.0,E
03BF001,1976-01-21,17.799999237060547,E
03BF001,1976-02-21,11.399999618530272,E
03BF001,1976-03-21,9.970000267028809,
03BF001,1976-04-21,244.0,
03BF001,1976-05-21,292.0,
03BF001,1976-06-21,182.0,
03BF001,1976-07-21,140.0,
03BF001,1976-08-21,80.4000015258789,
03BF001,1976-09-21,56.400001525878906,
03BF001,1976-10-21,69.0999984741211,
03BF001,1976-11-21,41.59999847412109,
03BF001,1976-12-21,24.899999618530277,E
03BF001,1977-01-21,17.600000381469727,E
03BF001,1977-02-21,15.300000190734863,E
03BF001,1977-03-21,15.399999618530272,E
03BF001,1977-04-21,816.0,E
03BF001,1977-05-21,115.0,E
03BF001,1977-06-21,32.0,
03BF001,1977-07-21,46.20000076293945,
03BF001,1977-08-21,98.5,
03BF001,1977-09-21,153.0,
03BF001,1977-10-21,122.0,
03BF001,1977-11-21,40.79999923706055,E
03BF001,1977-12-21,27.5,E
03BF001,1978-01-21,12.800000190734863,E
03BF001,1978-02-21,8.579999923706055,E
03BF001,1978-03-21,7.150000095367432,E
03BF001,1978-04-21,11.199999809265137,E
03BF001,1978-05-21,324.0,E
03BF001,1978-06-21,130.0,
03BF001,1978-07-21,131.0,
03BF001,1978-08-21,190.0,
03BF001,1978-09-21,109.0,
03BF001,1978-10-21,127.0,
03BF001,1978-11-21,90.5,
03BF001,1978-12-21,48.0,E
03BF001,1979-01-21,23.799999237060547,E
03BF001,1979-02-21,15.699999809265137,E
03BF001,1979-03-21,13.300000190734863,E
03BF001,1979-04-21,46.20000076293945,
03BF001,1979-05-21,420.0,E
03BF001,1979-06-21,153.0,
03BF001,1979-07-21,49.79999923706055,
03BF001,1979-08-21,72.69999694824219,
03BF001,1979-09-21,179.0,
03BF001,1979-10-21,191.0,
03BF001,1979-11-21,79.19999694824219,
03BF001,1979-12-21,60.0,E
03BF001,1980-01-21,28.200000762939453,E
03BF001,1980-02-21,18.0,E
03BF001,1980-03-21,14.0,E
03BF001,1980-04-21,18.299999237060547,E
03BF001,1980-05-21,240.0,E
03BF001,1980-06-21,223.0,
03BF001,1980-07-21,77.80000305175781,
03BF001,1980-08-21,27.700000762939453,
03BF001,1980-09-21,66.5999984741211,
03BF001,1980-10-21,173.0,
03BF001,1980-11-21,55.900001525878906,
03BF001,1980-12-21,25.5,E
03BF001,1981-01-21,17.399999618530273,E
03BF001,1981-02-21,16.399999618530273,E
03BF001,1981-03-21,33.20000076293945,E
03BF001,1981-04-21,91.8000030517578,
03BF001,1981-05-21,391.0,
03BF001,1981-06-21,108.0,
03BF001,1981-07-21,51.900001525878906,
03BF001,1981-08-21,19.299999237060547,
03BF001,1981-09-21,122.0,
03BF001,1981-10-21,156.0,
03BF001,1981-11-21,65.9000015258789,
03BF001,1981-12-21,27.799999237060547,E
03BF001,1982-01-21,15.600000381469728,E
03BF001,1982-02-21,10.800000190734863,E
03BF001,1982-03-21,9.399999618530272,E
03BF001,1982-04-21,38.400001525878906,
03BF001,1982-05-21,220.0,
03BF001,1982-06-21,103.0,
03BF001,1982-07-21,254.0,
03BF001,1982-08-21,117.0,
03BF001,1982-09-21,147.0,
03BF001,1982-10-21,121.0,
03BF001,1982-11-21,125.0,E
03BF001,1982-12-21,60.400001525878906,
03BF001,1983-01-21,24.0,E
03BF001,1983-02-21,16.700000762939453,E
03BF001,1983-03-21,14.399999618530272,E
03BF001,1983-04-21,43.0,
03BF001,1983-05-21,246.0,
03BF001,1983-06-21,86.4000015258789,
03BF001,1983-07-21,42.70000076293945,
03BF001,1983-08-21,36.0,
03BF001,1983-09-21,158.0,
03BF001,1983-10-21,145.0,
03BF001,1983-11-21,56.20000076293945,
03BF001,1983-12-21,32.0,E
03BF001,1984-01-21,23.299999237060547,E
03BF001,1984-02-21,23.5,E
03BF001,1984-03-21,18.200000762939453,E
03BF001,1984-04-21,340.0,
03BF001,1984-05-21,120.0,E
03BF001,1984-06-21,266.0,
03BF001,1984-07-21,96.9000015258789,
03BF001,1984-08-21,59.59999847412109,
03BF001,1984-09-21,87.5999984741211,
03BF001,1984-10-21,86.5999984741211,
03BF001,1984-11-21,72.30000305175781,
03BF001,1984-12-21,129.0,
03BF001,1985-01-21,58.400001525878906,
03BF001,1985-02-21,29.299999237060547,E
03BF001,1985-03-21,21.200000762939453,E
03BF001,1985-04-21,22.299999237060547,E
03BF001,1985-05-21,282.0,E
03BF001,1985-06-21,154.0,
03BF001,1985-07-21,157.0,
03BF001,1985-08-21,133.0,
03BF001,1985-09-21,136.0,
03BF001,1985-10-21,196.0,
03BF001,1985-11-21,87.5999984741211,
03BF001,1985-12-21,42.5,E
03BF001,1986-01-21,27.700000762939453,E
03BF001,1986-02-21,22.299999237060547,E
03BF001,1986-03-21,20.200000762939453,E
03BF001,1986-04-21,52.0,E
03BF001,1986-05-21,523.0,E
03BF001,1986-06-21,158.0,
03BF001,1986-07-21,49.400001525878906,
03BF001,1986-08-21,137.0,
03BF001,1986-09-21,143.0,
03BF001,1986-10-21,106.0,
03BF001,1986-11-21,51.900001525878906,
03BF001,1986-12-21,30.799999237060547,E
03BF001,1987-01-21,19.299999237060547,E
03BF001,1987-02-21,13.300000190734863,E
03BF001,1987-03-21,10.5,E
03BF001,1987-04-21,490.0,
03BF001,1987-05-21,108.0,E
03BF001,1987-06-21,55.59999847412109,
03BF001,1987-07-21,68.69999694824219,
03BF001,1987-08-21,117.0,
03BF001,1987-09-21,276.0,
03BF001,1987-10-21,235.0,
03BF001,1987-11-21,261.0,
03BF001,1987-12-21,93.1999969482422,
03BF001,1988-01-21,32.599998474121094,E
03BF001,1988-02-21,19.799999237060547,E
03BF001,1988-03-21,15.399999618530272,E
03BF001,1988-04-21,325.0,
03BF001,1988-05-21,265.0,
03BF001,1988-06-21,70.80000305175781,
03BF001,1988-07-21,39.29999923706055,
03BF001,1988-08-21,16.600000381469727,
03BF001,1988-09-21,119.0,
03BF001,1988-10-21,75.0,
03BF001,1988-11-21,160.0,
03BF001,1988-12-21,56.400001525878906,E
03BF001,1989-01-21,24.200000762939453,E
03BF001,1989-02-21,12.699999809265137,E
03BF001,1989-03-21,8.5,E
03BF001,1989-04-21,7.840000152587891,E
03BF001,1989-05-21,283.0,
03BF001,1989-06-21,196.0,
03BF001,1989-07-21,46.70000076293945,
03BF001,1989-08-21,25.5,
03BF001,1989-09-21,57.400001525878906,
03BF001,1989-10-21,120.0,
03BF001,1989-11-21,95.9000015258789,E
03BF001,1989-12-21,40.5,E
03BF001,1990-01-21,23.799999237060547,E
03BF001,1990-02-21,16.399999618530273,
03BF001,1990-03-21,12.899999618530272,E
03BF001,1990-04-21,12.199999809265137,E
03BF001,1990-05-21,245.0,
03BF001,1990-06-21,97.9000015258789,
03BF001,1990-07-21,49.20000076293945,
03BF001,1990-08-21,58.20000076293945,
03BF001,1990-09-21,110.0,
03BF001,1990-10-21,212.0,
03BF001,1990-11-21,79.0999984741211,E
03BF001,1990-12-21,59.900001525878906,E
03BF001,1991-01-21,31.5,E
03BF001,1991-02-21,19.399999618530277,
03BF001,1991-03-21,13.699999809265137,E
03BF001,1991-04-21,213.0,
03BF001,1991-05-21,189.0,
03BF001,1991-06-21,101.0,
03BF001,1991-07-21,41.400001525878906,
03BF001,1991-08-21,26.799999237060547,
03BF001,1991-09-21,272.0,
03BF001,1991-10-21,149.0,
03BF001,1991-11-21,90.9000015258789,
03BF001,1991-12-21,41.79999923706055,E
03BF001,1992-01-21,23.799999237060547,E
03BF001,1992-02-21,15.0,E
03BF001,1992-03-21,10.5,
03BF001,1992-04-21,12.0,
03BF001,1992-05-21,301.0,
03BF001,1992-06-21,68.19999694824219,
03BF001,1992-07-21,59.70000076293945,
03BF001,1992-08-21,24.899999618530277,
03BF001,1992-09-21,173.0,
03BF001,1992-10-21,150.0,
03BF001,1992-11-21,88.19999694824219,
03BF001,1992-12-21,47.59999847412109,E
03BF001,1993-01-21,27.700000762939453,E
03BF001,1993-02-21,17.399999618530273,
03BF001,1993-03-21,12.0,E
03BF001,1993-04-21,77.0,
03BF001,1993-05-21,264.0,
03BF001,1993-06-21,152.0,
03BF001,1993-07-21,184.0,
03BF001,1993-08-21,80.4000015258789,
03BF001,1993-09-21,177.0,
03BF001,1993-10-21,135.0,
03BF001,1993-11-21,52.09999847412109,
03BF001,1993-12-21,27.899999618530277,E
03BF001,1994-01-21,16.5,E
03BF001,1994-02-21,11.600000381469728,
03BF001,1994-03-21,9.890000343322754,
03BF001,1994-04-21,69.69999694824219,
03BF001,1994-05-21,321.0,
03BF001,1994-06-21,102.0,
03BF001,1994-07-21,113.0,
03BF001,1994-08-21,148.0,
03BF001,1994-09-21,170.0,
03BF001,1994-10-21,150.0,
03BF001,1994-11-21,150.0,
03BF001,1994-12-21,58.20000076293945,E
03BF001,1995-01-21,30.600000381469727,E
03BF001,1995-02-21,22.399999618530277,
03BF001,1995-03-21,20.100000381469727,E
03BF001,1995-04-21,22.600000381469727,
03BF001,1995-05-21,352.0,
03BF001,1995-06-21,81.9000015258789,
03BF001,1995-07-21,133.0,
03BF001,1995-08-21,36.79999923706055,
03BF001,1995-09-21,131.0,
03BF001,1995-10-21,216.0,
03BF001,1995-11-21,96.9000015258789,
03BF001,1995-12-21,46.900001525878906,E
03BF001,1996-01-21,27.5,E
03BF001,1996-02-21,21.0,E
03BF001,1996-03-21,18.799999237060547,E
03BF001,1996-04-21,40.79999923706055,E
03BF001,1996-05-21,909.0,
03BF001,1996-06-21,75.9000015258789,
03BF001,1996-07-21,96.6999969482422,
03BF001,1996-08-21,54.20000076293945,
03BF001,1996-09-21,38.0,
03BF001,1996-10-21,136.0,
03BF001,1996-11-21,120.0,
03BF001,1996-12-21,52.900001525878906,
03BF001,1997-01-21,27.600000381469727,E
03BF001,1997-02-21,17.200000762939453,
03BF001,1997-03-21,14.0,E
03BF001,1997-04-21,28.200000762939453,
03BF001,1997-05-21,272.0,
03BF001,1997-06-21,67.5,
03BF001,1997-07-21,58.79999923706055,
03BF001,1997-08-21,45.5,
03BF001,1998-04-21,259.0,
03BF001,1998-05-21,77.30000305175781,
03BF001,1998-06-21,81.80000305175781,
03BF001,1998-07-21,28.700000762939453,
03BF001,1998-08-21,133.0,
03BF001,1998-09-21,76.80000305175781,
03BF001,1998-10-21,359.0,
03BF001,1998-11-21,83.4000015258789,
03BF001,1998-12-21,47.900001525878906,
03BF001,1999-01-21,32.599998474121094,
03BF001,1999-02-21,25.0,
03BF001,1999-03-21,22.200000762939453,
03BF001,1999-04-21,51.20000076293945,
03BF001,1999-05-21,253.0,
03BF001,1999-06-21,290.0,
03BF001,1999-07-21,238.0,
03BF001,1999-08-21,145.0,
03BF001,1999-09-21,136.0,
03BF001,1999-10-21,176.0,
03BF001,1999-11-21,78.9000015258789,
03BF001,1999-12-21,55.70000076293945,
03BF001,2000-01-21,30.100000381469727,
03BF001,2000-02-21,24.799999237060547,
03BF001,2000-03-21,25.299999237060547,E
03BF001,2000-04-21,74.80000305175781,
03BF001,2000-05-21,209.0,
03BF001,2000-06-21,93.6999969482422,
03BF001,2000-07-21,56.29999923706055,
03BF001,2000-08-21,136.0,
03BF001,2000-09-21,133.0,
03BF001,2000-10-21,87.0999984741211,
03BF001,2000-11-21,79.30000305175781,
03BF001,2000-12-21,32.20000076293945,
03BF001,2001-01-21,20.799999237060547,
03BF001,2001-02-21,16.100000381469727,
03BF001,2001-03-21,13.899999618530272,
03BF001,2001-04-21,39.09999847412109,
03BF001,2001-05-21,120.0,
03BF001,2001-06-21,65.0999984741211,
03BF001,2001-07-21,39.5,
03BF001,2001-08-21,58.79999923706055,
03BF001,2001-09-21,97.0999984741211,
03BF001,2001-10-21,131.0,
03BF001,2001-11-21,115.0,
03BF001,2001-12-21,71.69999694824219,
03BF001,2002-01-21,30.0,
03BF001,2002-02-21,18.799999237060547,
03BF001,2002-03-21,15.399999618530272,
03BF001,2002-04-21,256.0,
03BF001,2002-05-21,262.0,
03BF001,2002-06-21,83.19999694824219,
03BF001,2002-07-21,53.59999847412109,
03BF001,2002-08-21,104.0,
03BF001,2002-09-21,111.0,
03BF001,2002-10-21,227.0,
03BF001,2002-11-21,66.19999694824219,
03BF001,2002-12-21,31.100000381469727,
03BF001,2003-01-21,19.399999618530277,
03BF001,2003-02-21,14.600000381469728,
03BF001,2003-03-21,12.600000381469728,
03BF001,2003-04-21,18.100000381469727,
03BF001,2003-05-21,293.0,
03BF001,2003-06-21,51.0,
03BF001,2003-07-21,89.19999694824219,
03BF001,2003-08-21,23.799999237060547,
03BF001,2003-09-21,59.70000076293945,
03BF001,2003-10-21,189.0,
03BF001,2003-11-21,175.0,
03BF001,2003-12-21,65.4000015258789,
03BF001,2004-01-21,30.399999618530277,
03BF001,2004-02-21,19.899999618530277,
03BF001,2004-03-21,16.799999237060547,
03BF001,2004-04-21,20.299999237060547,
03BF001,2004-05-21,,
03BF001,2005-04-21,,
03BF001,2005-05-21,255.0,
03BF001,2005-06-21,55.5,
03BF001,2005-07-21,41.59999847412109,
03BF001,2005-08-21,131.0,
03BF001,2005-09-21,252.0,
03BF001,2005-10-21,252.0,
03BF001,2005-11-21,,
03BF001,2006-04-21,,
03BF001,2006-05-21,80.30000305175781,
03BF001,2006-06-21,49.400001525878906,
03BF001,2006-07-21,127.0,
03BF001,2006-08-21,128.0,
03BF001,2006-09-21,52.79999923706055,
03BF001,2006-10-21,147.0,
03BF001,2006-11-21,,
03BF001,2008-07-21,119.0,
03BF001,2008-08-21,111.0,
03BF001,2008-09-21,61.400001525878906,
03BF001,2008-10-21,186.0,
03BF001,2008-11-21,160.0,
03BF001,2008-12-21,46.79999923706055,
03BF001,2009-01-21,30.100000381469727,
03BF001,2009-02-21,22.600000381469727,
03BF001,2009-03-21,20.899999618530277,
03BF001,2009-04-21,105.0,
03BF001,2009-05-21,388.0,
03BF001,2009-06-21,88.5,
03BF001,2009-07-21,57.79999923706055,
03BF001,2009-08-21,40.09999847412109,
03BF001,2009-09-21,48.29999923706055,
03BF001,2009-10-21,80.4000015258789,
03BF001,2009-11-21,97.0999984741211,
03BF001,2009-12-21,41.20000076293945,
03BF001,2010-01-21,25.899999618530277,
03BF001,2010-02-21,19.600000381469727,
03BF001,2010-03-21,16.5,
03BF001,2010-04-21,186.0,
03BF001,2010-05-21,54.29999923706055,
03BF001,2010-06-21,20.5,
03BF001,2010-07-21,67.0999984741211,
03BF001,2010-08-21,180.0,
03BF001,2010-09-21,80.30000305175781,
03BF001,2010-10-21,61.0,
03BF001,2010-11-21,49.70000076293945,
03BF001,2010-12-21,61.20000076293945,
03BF001,2011-01-21,39.29999923706055,
03BF001,2011-02-21,19.799999237060547,
03BF001,2011-03-21,15.199999809265137,
03BF001,2011-04-21,,
03BF001,2011-07-21,,
03BF001,2011-08-21,25.799999237060547,
03BF001,2011-09-21,50.09999847412109,
03BF001,2011-10-21,164.0,
03BF001,2011-11-21,124.0,
03BF001,2011-12-21,48.0,
03BF001,2012-01-21,28.600000381469727,
03BF001,2012-02-21,21.700000762939453,
03BF001,2012-03-21,62.400001525878906,B
03BF001,2012-04-21,155.0,
03BF001,2012-05-21,131.0,
03BF001,2012-06-21,87.80000305175781,
03BF001,2012-07-21,71.5,
03BF001,2012-08-21,59.70000076293945,
03BF001,2012-09-21,114.0,
03BF001,2012-10-21,142.0,
03BF001,2012-11-21,133.0,B
03BF001,2012-12-21,60.59999847412109,B
03BF001,2013-01-21,33.0,B
03BF001,2013-02-21,21.100000381469727,B
03BF001,2013-03-21,17.5,B
03BF001,2013-04-21,44.0,B
03BF001,2013-05-21,,
03BF001,2013-10-21,,
03BF001,2013-11-21,249.0,
03BF001,2013-12-21,51.59999847412109,B
03BF001,2014-01-21,23.600000381469727,B
03BF001,2014-02-21,14.300000190734863,B
03BF001,2014-03-21,10.300000190734863,B
03BF001,2014-04-21,9.579999923706056,B
03BF001,2014-05-21,443.0,
03BF001,2014-06-21,137.0,
03BF001,2014-07-21,192.0,
03BF001,2014-08-21,210.0,
03BF001,2014-09-21,188.0,
03BF001,2014-10-21,431.0,
03BF001,2014-11-21,70.19999694824219,B
03BF001,2014-12-21,47.79999923706055,B
03BF001,2015-01-21,25.299999237060547,B
03BF001,2015-02-21,17.399999618530273,B
03BF001,2015-03-21,14.699999809265137,B
03BF001,2015-04-21,63.09999847412109,B
03BF001,2015-05-21,259.0,
03BF001,2015-06-21,84.69999694824219,
03BF001,2015-07-21,120.0,
03BF001,2015-08-21,120.0,
03BF001,2015-09-21,224.0,
03BF001,2015-10-21,71.4000015258789,
03BF001,2015-11-21,160.0,B
03BF001,2015-12-21,71.0999984741211,B
03BF001,2016-01-21,39.900001525878906,B
03BF001,2016-02-21,25.0,B
03BF001,2016-03-21,19.700000762939453,B
03BF001,2016-04-21,24.100000381469727,B
03BF001,2016-05-21,278.0,
03BF001,2016-06-21,129.0,
03BF001,2016-07-21,62.09999847412109,
03BF001,2016-08-21,68.0,
03BF001,2016-09-21,267.0,
03BF001,2016-10-21,375.0,
03BF001,2016-11-21,248.0,
03BF001,2017-05-21,398.0,
03BF001,2017-06-21,184.0,
03BF001,2017-07-21,60.5,
03BF001,2017-08-21,37.09999847412109,
03BF001,2017-09-21,50.20000076293945,
03BF001,2017-10-21,115.0,
03BF001,2017-11-21,,
03BF001,2018-05-21,450.0,
03BF001,2018-06-21,112.0,
03BF001,2018-07-21,,
03BF001,2019-08-21,,
03BF001,2019-09-21,58.59999847412109,
03BF001,2019-10-21,61.79999923706055,
03BF001,2019-11-21,,
03BF001,2020-05-21,644.0,
03BF001,2020-06-21,93.4000015258789,
03BF001,2020-07-21,211.0,
03BF001,2020-08-21,256.0,
03BF001,2020-09-21,184.0,
03BF001,2020-10-21,239.0,
03BF001,2020-11-21,,
03BF001,2021-04-21,368.0,
03BF001,2021-05-21,110.0,
03BF001,2021-06-21,46.20000076293945,
03BF001,2021-07-21,46.29999923706055,
03BF001,2021-08-21,103.0,
03BF001,2021-09-21,302.0,
03BF001,2021-10-21,243.0,
03BF001,2021-11-21,,
03BF001,2022-05-21,260.0,
03BF001,2022-06-21,74.5999984741211,
03BF001,2022-07-21,33.400001525878906,
03BF001,2022-08-21,68.5999984741211,
03BF001,2022-09-21,33.400001525878906,
03BF001,2022-10-21,115.0,
03BF001,2022-11-21,,
03BF001,2023-05-21,89.5,
03BF001,2023-06-21,18.899999618530277,
03BF001,2023-07-21,,
03BF001,1975-05-22,,
03BF001,1975-06-22,111.0,
03BF001,1975-07-22,58.900001525878906,
03BF001,1975-08-22,193.0,
03BF001,1975-09-22,72.5,
03BF001,1975-10-22,74.80000305175781,
03BF001,1975-11-22,127.0,
03BF001,1975-12-22,33.400001525878906,E
03BF001,1976-01-22,17.600000381469727,E
03BF001,1976-02-22,11.300000190734863,E
03BF001,1976-03-22,10.199999809265137,
03BF001,1976-04-22,348.0,
03BF001,1976-05-22,271.0,
03BF001,1976-06-22,180.0,
03BF001,1976-07-22,183.0,
03BF001,1976-08-22,73.5999984741211,
03BF001,1976-09-22,52.400001525878906,
03BF001,1976-10-22,65.4000015258789,
03BF001,1976-11-22,41.59999847412109,
03BF001,1976-12-22,24.399999618530277,E
03BF001,1977-01-22,17.299999237060547,E
03BF001,1977-02-22,15.300000190734863,E
03BF001,1977-03-22,15.5,E
03BF001,1977-04-22,787.0,E
03BF001,1977-05-22,108.0,E
03BF001,1977-06-22,31.399999618530277,
03BF001,1977-07-22,45.0,
03BF001,1977-08-22,92.3000030517578,
03BF001,1977-09-22,142.0,
03BF001,1977-10-22,112.0,
03BF001,1977-11-22,38.5,E
03BF001,1977-12-22,26.5,E
03BF001,1978-01-22,12.5,E
03BF001,1978-02-22,8.5,E
03BF001,1978-03-22,7.139999866485596,E
03BF001,1978-04-22,11.800000190734863,E
03BF001,1978-05-22,300.0,E
03BF001,1978-06-22,110.0,
03BF001,1978-07-22,124.0,
03BF001,1978-08-22,245.0,
03BF001,1978-09-22,99.0999984741211,
03BF001,1978-10-22,122.0,
03BF001,1978-11-22,93.5,
03BF001,1978-12-22,46.79999923706055,E
03BF001,1979-01-22,23.5,E
03BF001,1979-02-22,15.5,E
03BF001,1979-03-22,13.5,E
03BF001,1979-04-22,59.400001525878906,
03BF001,1979-05-22,385.0,E
03BF001,1979-06-22,140.0,
03BF001,1979-07-22,47.79999923706055,
03BF001,1979-08-22,68.80000305175781,
03BF001,1979-09-22,167.0,
03BF001,1979-10-22,201.0,
03BF001,1979-11-22,77.5,
03BF001,1979-12-22,58.0,E
03BF001,1980-01-22,27.700000762939453,E
03BF001,1980-02-22,17.799999237060547,E
03BF001,1980-03-22,14.0,E
03BF001,1980-04-22,27.700000762939453,E
03BF001,1980-05-22,208.0,E
03BF001,1980-06-22,202.0,
03BF001,1980-07-22,82.4000015258789,
03BF001,1980-08-22,26.0,
03BF001,1980-09-22,74.9000015258789,
03BF001,1980-10-22,170.0,
03BF001,1980-11-22,55.5,
03BF001,1980-12-22,25.0,E
03BF001,1981-01-22,17.200000762939453,E
03BF001,1981-02-22,16.5,E
03BF001,1981-03-22,33.0,E
03BF001,1981-04-22,90.6999969482422,
03BF001,1981-05-22,369.0,
03BF001,1981-06-22,102.0,
03BF001,1981-07-22,46.5,
03BF001,1981-08-22,18.5,
03BF001,1981-09-22,140.0,
03BF001,1981-10-22,156.0,
03BF001,1981-11-22,64.5,
03BF001,1981-12-22,27.200000762939453,E
03BF001,1982-01-22,15.300000190734863,E
03BF001,1982-02-22,10.699999809265137,E
03BF001,1982-03-22,9.399999618530272,E
03BF001,1982-04-22,41.20000076293945,
03BF001,1982-05-22,207.0,
03BF001,1982-06-22,99.0,
03BF001,1982-07-22,234.0,
03BF001,1982-08-22,132.0,
03BF001,1982-09-22,138.0,
03BF001,1982-10-22,122.0,
03BF001,1982-11-22,118.0,E
03BF001,1982-12-22,58.0,E
03BF001,1983-01-22,23.5,E
03BF001,1983-02-22,16.600000381469727,E
03BF001,1983-03-22,14.300000190734863,E
03BF001,1983-04-22,46.900001525878906,
03BF001,1983-05-22,233.0,
03BF001,1983-06-22,79.80000305175781,
03BF001,1983-07-22,39.900001525878906,
03BF001,1983-08-22,50.20000076293945,
03BF001,1983-09-22,171.0,
03BF001,1983-10-22,135.0,
03BF001,1983-11-22,56.5,
03BF001,1983-12-22,31.5,E
03BF001,1984-01-22,23.200000762939453,E
03BF001,1984-02-22,23.399999618530277,E
03BF001,1984-03-22,18.700000762939453,E
03BF001,1984-04-22,347.0,
03BF001,1984-05-22,121.0,E
03BF001,1984-06-22,240.0,
03BF001,1984-07-22,98.9000015258789,
03BF001,1984-08-22,57.09999847412109,
03BF001,1984-09-22,94.5999984741211,
03BF001,1984-10-22,85.30000305175781,
03BF001,1984-11-22,69.30000305175781,
03BF001,1984-12-22,135.0,
03BF001,1985-01-22,56.59999847412109,
03BF001,1985-02-22,28.799999237060547,E
03BF001,1985-03-22,21.100000381469727,E
03BF001,1985-04-22,23.600000381469727,E
03BF001,1985-05-22,283.0,E
03BF001,1985-06-22,167.0,
03BF001,1985-07-22,166.0,
03BF001,1985-08-22,167.0,
03BF001,1985-09-22,196.0,
03BF001,1985-10-22,187.0,
03BF001,1985-11-22,89.0,
03BF001,1985-12-22,41.5,E
03BF001,1986-01-22,27.299999237060547,E
03BF001,1986-02-22,22.200000762939453,E
03BF001,1986-03-22,20.200000762939453,E
03BF001,1986-04-22,114.0,
03BF001,1986-05-22,514.0,E
03BF001,1986-06-22,144.0,
03BF001,1986-07-22,48.0,
03BF001,1986-08-22,126.0,
03BF001,1986-09-22,143.0,
03BF001,1986-10-22,104.0,
03BF001,1986-11-22,51.79999923706055,
03BF001,1986-12-22,30.200000762939453,E
03BF001,1987-01-22,19.100000381469727,E
03BF001,1987-02-22,13.100000381469728,E
03BF001,1987-03-22,10.600000381469728,E
03BF001,1987-04-22,480.0,
03BF001,1987-05-22,107.0,E
03BF001,1987-06-22,55.79999923706055,
03BF001,1987-07-22,67.0,
03BF001,1987-08-22,105.0,
03BF001,1987-09-22,242.0,
03BF001,1987-10-22,223.0,
03BF001,1987-11-22,261.0,
03BF001,1987-12-22,84.0,
03BF001,1988-01-22,32.0,E
03BF001,1988-02-22,19.600000381469727,E
03BF001,1988-03-22,15.399999618530272,E
03BF001,1988-04-22,295.0,
03BF001,1988-05-22,241.0,
03BF001,1988-06-22,108.0,
03BF001,1988-07-22,36.59999847412109,
03BF001,1988-08-22,16.5,
03BF001,1988-09-22,124.0,
03BF001,1988-10-22,72.4000015258789,
03BF001,1988-11-22,166.0,
03BF001,1988-12-22,54.400001525878906,E
03BF001,1989-01-22,23.600000381469727,E
03BF001,1989-02-22,12.5,E
03BF001,1989-03-22,8.40999984741211,E
03BF001,1989-04-22,7.920000076293945,E
03BF001,1989-05-22,262.0,
03BF001,1989-06-22,191.0,
03BF001,1989-07-22,45.59999847412109,
03BF001,1989-08-22,24.100000381469727,
03BF001,1989-09-22,56.0,
03BF001,1989-10-22,119.0,
03BF001,1989-11-22,91.9000015258789,E
03BF001,1989-12-22,39.79999923706055,E
03BF001,1990-01-22,23.5,E
03BF001,1990-02-22,16.200000762939453,
03BF001,1990-03-22,12.800000190734863,E
03BF001,1990-04-22,14.100000381469728,E
03BF001,1990-05-22,231.0,
03BF001,1990-06-22,91.0999984741211,
03BF001,1990-07-22,55.0,
03BF001,1990-08-22,52.29999923706055,
03BF001,1990-09-22,110.0,
03BF001,1990-10-22,236.0,
03BF001,1990-11-22,80.30000305175781,E
03BF001,1990-12-22,58.70000076293945,E
03BF001,1991-01-22,31.0,E
03BF001,1991-02-22,19.200000762939453,
03BF001,1991-03-22,13.600000381469728,E
03BF001,1991-04-22,213.0,
03BF001,1991-05-22,174.0,
03BF001,1991-06-22,93.6999969482422,
03BF001,1991-07-22,40.900001525878906,
03BF001,1991-08-22,27.100000381469727,
03BF001,1991-09-22,276.0,
03BF001,1991-10-22,141.0,
03BF001,1991-11-22,88.9000015258789,
03BF001,1991-12-22,41.20000076293945,E
03BF001,1992-01-22,23.399999618530277,E
03BF001,1992-02-22,14.800000190734863,E
03BF001,1992-03-22,10.399999618530272,
03BF001,1992-04-22,13.800000190734863,
03BF001,1992-05-22,276.0,
03BF001,1992-06-22,67.9000015258789,
03BF001,1992-07-22,66.19999694824219,
03BF001,1992-08-22,24.899999618530277,
03BF001,1992-09-22,173.0,
03BF001,1992-10-22,141.0,
03BF001,1992-11-22,86.4000015258789,
03BF001,1992-12-22,46.70000076293945,E
03BF001,1993-01-22,27.299999237060547,E
03BF001,1993-02-22,17.100000381469727,
03BF001,1993-03-22,12.0,E
03BF001,1993-04-22,78.0,
03BF001,1993-05-22,246.0,
03BF001,1993-06-22,134.0,
03BF001,1993-07-22,214.0,
03BF001,1993-08-22,72.9000015258789,
03BF001,1993-09-22,178.0,
03BF001,1993-10-22,152.0,
03BF001,1993-11-22,50.900001525878906,
03BF001,1993-12-22,27.399999618530277,E
03BF001,1994-01-22,16.200000762939453,E
03BF001,1994-02-22,11.5,
03BF001,1994-03-22,9.869999885559082,
03BF001,1994-04-22,68.30000305175781,
03BF001,1994-05-22,305.0,
03BF001,1994-06-22,111.0,
03BF001,1994-07-22,129.0,
03BF001,1994-08-22,138.0,
03BF001,1994-09-22,166.0,
03BF001,1994-10-22,152.0,
03BF001,1994-11-22,150.0,
03BF001,1994-12-22,56.59999847412109,E
03BF001,1995-01-22,29.899999618530277,E
03BF001,1995-02-22,22.299999237060547,
03BF001,1995-03-22,20.0,E
03BF001,1995-04-22,23.299999237060547,
03BF001,1995-05-22,331.0,
03BF001,1995-06-22,84.4000015258789,
03BF001,1995-07-22,134.0,
03BF001,1995-08-22,35.79999923706055,
03BF001,1995-09-22,124.0,
03BF001,1995-10-22,223.0,
03BF001,1995-11-22,94.4000015258789,
03BF001,1995-12-22,45.79999923706055,E
03BF001,1996-01-22,27.100000381469727,E
03BF001,1996-02-22,21.0,E
03BF001,1996-03-22,18.799999237060547,E
03BF001,1996-04-22,50.400001525878906,E
03BF001,1996-05-22,854.0,
03BF001,1996-06-22,73.19999694824219,
03BF001,1996-07-22,86.0999984741211,
03BF001,1996-08-22,55.20000076293945,
03BF001,1996-09-22,36.400001525878906,
03BF001,1996-10-22,128.0,
03BF001,1996-11-22,112.0,
03BF001,1996-12-22,52.900001525878906,
03BF001,1997-01-22,27.200000762939453,E
03BF001,1997-02-22,17.0,
03BF001,1997-03-22,14.0,E
03BF001,1997-04-22,31.399999618530277,
03BF001,1997-05-22,263.0,
03BF001,1997-06-22,65.5999984741211,
03BF001,1997-07-22,55.5,
03BF001,1997-08-22,46.20000076293945,
03BF001,1998-04-22,236.0,
03BF001,1998-05-22,74.30000305175781,
03BF001,1998-06-22,78.9000015258789,
03BF001,1998-07-22,30.299999237060547,
03BF001,1998-08-22,123.0,
03BF001,1998-09-22,80.80000305175781,
03BF001,1998-10-22,349.0,
03BF001,1998-11-22,81.0999984741211,
03BF001,1998-12-22,47.20000076293945,
03BF001,1999-01-22,32.20000076293945,
03BF001,1999-02-22,24.899999618530277,
03BF001,1999-03-22,22.200000762939453,
03BF001,1999-04-22,58.59999847412109,
03BF001,1999-05-22,256.0,
03BF001,1999-06-22,251.0,
03BF001,1999-07-22,207.0,
03BF001,1999-08-22,134.0,
03BF001,1999-09-22,182.0,
03BF001,1999-10-22,165.0,
03BF001,1999-11-22,81.5999984741211,
03BF001,1999-12-22,54.0,
03BF001,2000-01-22,29.700000762939453,
03BF001,2000-02-22,24.799999237060547,
03BF001,2000-03-22,25.799999237060547,E
03BF001,2000-04-22,81.19999694824219,
03BF001,2000-05-22,193.0,
03BF001,2000-06-22,97.1999969482422,
03BF001,2000-07-22,55.29999923706055,
03BF001,2000-08-22,128.0,
03BF001,2000-09-22,147.0,
03BF001,2000-10-22,85.9000015258789,
03BF001,2000-11-22,72.30000305175781,
03BF001,2000-12-22,31.600000381469727,
03BF001,2001-01-22,20.5,
03BF001,2001-02-22,16.0,
03BF001,2001-03-22,13.800000190734863,
03BF001,2001-04-22,68.4000015258789,
03BF001,2001-05-22,111.0,
03BF001,2001-06-22,62.5,
03BF001,2001-07-22,37.20000076293945,
03BF001,2001-08-22,52.900001525878906,
03BF001,2001-09-22,89.69999694824219,
03BF001,2001-10-22,126.0,
03BF001,2001-11-22,114.0,
03BF001,2001-12-22,69.0999984741211,
03BF001,2002-01-22,29.299999237060547,
03BF001,2002-02-22,18.600000381469727,
03BF001,2002-03-22,15.399999618530272,
03BF001,2002-04-22,265.0,
03BF001,2002-05-22,252.0,
03BF001,2002-06-22,77.0,
03BF001,2002-07-22,48.400001525878906,
03BF001,2002-08-22,99.0,
03BF001,2002-09-22,122.0,
03BF001,2002-10-22,210.0,
03BF001,2002-11-22,64.0999984741211,
03BF001,2002-12-22,30.5,
03BF001,2003-01-22,19.200000762939453,
03BF001,2003-02-22,14.5,
03BF001,2003-03-22,12.600000381469728,
03BF001,2003-04-22,23.700000762939453,
03BF001,2003-05-22,279.0,
03BF001,2003-06-22,49.20000076293945,
03BF001,2003-07-22,81.80000305175781,
03BF001,2003-08-22,25.100000381469727,
03BF001,2003-09-22,58.59999847412109,
03BF001,2003-10-22,169.0,
03BF001,2003-11-22,206.0,
03BF001,2003-12-22,63.5,
03BF001,2004-01-22,29.799999237060547,
03BF001,2004-02-22,19.799999237060547,
03BF001,2004-03-22,16.799999237060547,
03BF001,2004-04-22,21.700000762939453,
03BF001,2004-05-22,,
03BF001,2005-04-22,,
03BF001,2005-05-22,234.0,
03BF001,2005-06-22,52.0,
03BF001,2005-07-22,41.5,
03BF001,2005-08-22,146.0,
03BF001,2005-09-22,227.0,
03BF001,2005-10-22,264.0,
03BF001,2005-11-22,,
03BF001,2006-04-22,,
03BF001,2006-05-22,85.9000015258789,
03BF001,2006-06-22,50.59999847412109,
03BF001,2006-07-22,139.0,
03BF001,2006-08-22,123.0,
03BF001,2006-09-22,63.70000076293945,
03BF001,2006-10-22,147.0,
03BF001,2006-11-22,,
03BF001,2008-07-22,106.0,
03BF001,2008-08-22,103.0,
03BF001,2008-09-22,81.0999984741211,
03BF001,2008-10-22,175.0,
03BF001,2008-11-22,144.0,
03BF001,2008-12-22,46.0,
03BF001,2009-01-22,29.799999237060547,
03BF001,2009-02-22,22.5,
03BF001,2009-03-22,20.899999618530277,
03BF001,2009-04-22,130.0,
03BF001,2009-05-22,372.0,
03BF001,2009-06-22,82.5,
03BF001,2009-07-22,54.59999847412109,
03BF001,2009-08-22,48.0,
03BF001,2009-09-22,48.400001525878906,
03BF001,2009-10-22,91.5,
03BF001,2009-11-22,91.6999969482422,
03BF001,2009-12-22,40.400001525878906,
03BF001,2010-01-22,25.600000381469727,
03BF001,2010-02-22,19.5,
03BF001,2010-03-22,16.5,
03BF001,2010-04-22,168.0,
03BF001,2010-05-22,52.09999847412109,
03BF001,2010-06-22,20.100000381469727,
03BF001,2010-07-22,61.79999923706055,
03BF001,2010-08-22,155.0,
03BF001,2010-09-22,92.3000030517578,
03BF001,2010-10-22,60.79999923706055,
03BF001,2010-11-22,46.70000076293945,
03BF001,2010-12-22,59.29999923706055,
03BF001,2011-01-22,38.09999847412109,
03BF001,2011-02-22,19.600000381469727,
03BF001,2011-03-22,15.100000381469728,
03BF001,2011-04-22,,
03BF001,2011-07-22,,
03BF001,2011-08-22,25.399999618530277,
03BF001,2011-09-22,51.79999923706055,
03BF001,2011-10-22,146.0,
03BF001,2011-11-22,117.0,
03BF001,2011-12-22,46.900001525878906,
03BF001,2012-01-22,28.799999237060547,
03BF001,2012-02-22,21.799999237060547,
03BF001,2012-03-22,213.0,B
03BF001,2012-04-22,152.0,
03BF001,2012-05-22,141.0,
03BF001,2012-06-22,99.1999969482422,
03BF001,2012-07-22,66.30000305175781,
03BF001,2012-08-22,67.9000015258789,
03BF001,2012-09-22,167.0,
03BF001,2012-10-22,172.0,
03BF001,2012-11-22,128.0,B
03BF001,2012-12-22,59.400001525878906,B
03BF001,2013-01-22,32.400001525878906,B
03BF001,2013-02-22,20.899999618530277,B
03BF001,2013-03-22,17.399999618530273,B
03BF001,2013-04-22,51.79999923706055,B
03BF001,2013-05-22,,
03BF001,2013-10-22,,
03BF001,2013-11-22,243.0,
03BF001,2013-12-22,50.0,B
03BF001,2014-01-22,23.200000762939453,B
03BF001,2014-02-22,14.100000381469728,B
03BF001,2014-03-22,10.199999809265137,B
03BF001,2014-04-22,9.59000015258789,B
03BF001,2014-05-22,390.0,
03BF001,2014-06-22,124.0,
03BF001,2014-07-22,168.0,
03BF001,2014-08-22,182.0,
03BF001,2014-09-22,218.0,
03BF001,2014-10-22,382.0,
03BF001,2014-11-22,68.4000015258789,B
03BF001,2014-12-22,46.59999847412109,B
03BF001,2015-01-22,24.899999618530277,B
03BF001,2015-02-22,17.200000762939453,B
03BF001,2015-03-22,14.600000381469728,B
03BF001,2015-04-22,85.0999984741211,B
03BF001,2015-05-22,238.0,
03BF001,2015-06-22,80.80000305175781,
03BF001,2015-07-22,127.0,
03BF001,2015-08-22,126.0,
03BF001,2015-09-22,224.0,
03BF001,2015-10-22,75.5,
03BF001,2015-11-22,162.0,B
03BF001,2015-12-22,68.19999694824219,B
03BF001,2016-01-22,39.0,B
03BF001,2016-02-22,24.799999237060547,B
03BF001,2016-03-22,19.600000381469727,B
03BF001,2016-04-22,32.5,B
03BF001,2016-05-22,256.0,
03BF001,2016-06-22,132.0,
03BF001,2016-07-22,59.900001525878906,
03BF001,2016-08-22,212.0,
03BF001,2016-09-22,275.0,
03BF001,2016-10-22,339.0,
03BF001,2016-11-22,230.0,
03BF001,2017-05-22,352.0,
03BF001,2017-06-22,218.0,
03BF001,2017-07-22,56.0,
03BF001,2017-08-22,38.70000076293945,
03BF001,2017-09-22,51.20000076293945,
03BF001,2017-10-22,111.0,
03BF001,2017-11-22,,
03BF001,2018-05-22,450.0,
03BF001,2018-06-22,104.0,
03BF001,2018-07-22,,
03BF001,2019-08-22,,
03BF001,2019-09-22,57.900001525878906,
03BF001,2019-10-22,60.79999923706055,
03BF001,2019-11-22,,
03BF001,2020-05-22,656.0,
03BF001,2020-06-22,94.0,
03BF001,2020-07-22,242.0,
03BF001,2020-08-22,234.0,
03BF001,2020-09-22,170.0,
03BF001,2020-10-22,225.0,
03BF001,2020-11-22,,
03BF001,2021-04-22,328.0,
03BF001,2021-05-22,151.0,
03BF001,2021-06-22,55.20000076293945,
03BF001,2021-07-22,43.29999923706055,
03BF001,2021-08-22,94.1999969482422,
03BF001,2021-09-22,314.0,
03BF001,2021-10-22,223.0,
03BF001,2021-11-22,,
03BF001,2022-05-22,249.0,
03BF001,2022-06-22,70.0999984741211,
03BF001,2022-07-22,50.59999847412109,
03BF001,2022-08-22,63.400001525878906,
03BF001,2022-09-22,33.599998474121094,
03BF001,2022-10-22,113.0,
03BF001,2022-11-22,,
03BF001,2023-05-22,85.5,
03BF001,2023-06-22,17.700000762939453,
03BF001,2023-07-22,,
03BF001,1975-05-23,,
03BF001,1975-06-23,103.0,
03BF001,1975-07-23,52.70000076293945,
03BF001,1975-08-23,170.0,
03BF001,1975-09-23,71.4000015258789,
03BF001,1975-10-23,90.5999984741211,
03BF001,1975-11-23,111.0,
03BF001,1975-12-23,32.29999923706055,E
03BF001,1976-01-23,17.299999237060547,E
03BF001,1976-02-23,11.199999809265137,E
03BF001,1976-03-23,11.899999618530272,
03BF001,1976-04-23,408.0,
03BF001,1976-05-23,252.0,
03BF001,1976-06-23,165.0,
03BF001,1976-07-23,193.0,
03BF001,1976-08-23,69.4000015258789,
03BF001,1976-09-23,51.79999923706055,
03BF001,1976-10-23,62.59999847412109,
03BF001,1976-11-23,41.59999847412109,
03BF001,1976-12-23,24.100000381469727,E
03BF001,1977-01-23,17.200000762939453,E
03BF001,1977-02-23,15.300000190734863,E
03BF001,1977-03-23,15.5,E
03BF001,1977-04-23,680.0,E
03BF001,1977-05-23,99.0999984741211,E
03BF001,1977-06-23,30.600000381469727,
03BF001,1977-07-23,43.59999847412109,
03BF001,1977-08-23,85.5,
03BF001,1977-09-23,133.0,
03BF001,1977-10-23,104.0,
03BF001,1977-11-23,38.0,E
03BF001,1977-12-23,25.5,E
03BF001,1978-01-23,12.300000190734863,E
03BF001,1978-02-23,8.399999618530273,E
03BF001,1978-03-23,7.130000114440918,E
03BF001,1978-04-23,12.699999809265137,E
03BF001,1978-05-23,280.0,E
03BF001,1978-06-23,96.5,
03BF001,1978-07-23,112.0,
03BF001,1978-08-23,309.0,
03BF001,1978-09-23,91.3000030517578,
03BF001,1978-10-23,115.0,
03BF001,1978-11-23,93.0999984741211,
03BF001,1978-12-23,45.59999847412109,E
03BF001,1979-01-23,23.100000381469727,E
03BF001,1979-02-23,15.399999618530272,E
03BF001,1979-03-23,13.800000190734863,E
03BF001,1979-04-23,92.6999969482422,
03BF001,1979-05-23,357.0,
03BF001,1979-06-23,143.0,
03BF001,1979-07-23,47.79999923706055,
03BF001,1979-08-23,64.80000305175781,
03BF001,1979-09-23,160.0,
03BF001,1979-10-23,221.0,
03BF001,1979-11-23,78.4000015258789,
03BF001,1979-12-23,56.20000076293945,E
03BF001,1980-01-23,27.200000762939453,E
03BF001,1980-02-23,17.600000381469727,E
03BF001,1980-03-23,14.0,E
03BF001,1980-04-23,34.29999923706055,E
03BF001,1980-05-23,180.0,E
03BF001,1980-06-23,181.0,
03BF001,1980-07-23,91.0999984741211,
03BF001,1980-08-23,24.100000381469727,
03BF001,1980-09-23,82.19999694824219,
03BF001,1980-10-23,158.0,
03BF001,1980-11-23,55.0,
03BF001,1980-12-23,24.5,E
03BF001,1981-01-23,17.100000381469727,E
03BF001,1981-02-23,16.600000381469727,E
03BF001,1981-03-23,32.900001525878906,E
03BF001,1981-04-23,90.6999969482422,
03BF001,1981-05-23,347.0,
03BF001,1981-06-23,93.0,
03BF001,1981-07-23,42.900001525878906,
03BF001,1981-08-23,17.899999618530273,
03BF001,1981-09-23,146.0,
03BF001,1981-10-23,156.0,
03BF001,1981-11-23,59.09999847412109,
03BF001,1981-12-23,26.799999237060547,E
03BF001,1982-01-23,15.199999809265137,E
03BF001,1982-02-23,10.600000381469728,E
03BF001,1982-03-23,9.399999618530272,E
03BF001,1982-04-23,43.900001525878906,
03BF001,1982-05-23,191.0,
03BF001,1982-06-23,104.0,
03BF001,1982-07-23,211.0,
03BF001,1982-08-23,140.0,
03BF001,1982-09-23,129.0,
03BF001,1982-10-23,120.0,
03BF001,1982-11-23,113.0,E
03BF001,1982-12-23,56.0,E
03BF001,1983-01-23,23.0,E
03BF001,1983-02-23,16.5,E
03BF001,1983-03-23,14.300000190734863,E
03BF001,1983-04-23,53.09999847412109,
03BF001,1983-05-23,228.0,
03BF001,1983-06-23,72.0,
03BF001,1983-07-23,36.79999923706055,
03BF001,1983-08-23,59.20000076293945,
03BF001,1983-09-23,173.0,
03BF001,1983-10-23,126.0,
03BF001,1983-11-23,56.900001525878906,
03BF001,1983-12-23,31.0,E
03BF001,1984-01-23,23.100000381469727,E
03BF001,1984-02-23,23.200000762939453,E
03BF001,1984-03-23,18.700000762939453,E
03BF001,1984-04-23,343.0,
03BF001,1984-05-23,123.0,E
03BF001,1984-06-23,209.0,
03BF001,1984-07-23,99.6999969482422,
03BF001,1984-08-23,51.20000076293945,
03BF001,1984-09-23,100.0,
03BF001,1984-10-23,83.5999984741211,
03BF001,1984-11-23,68.4000015258789,
03BF001,1984-12-23,137.0,
03BF001,1985-01-23,53.70000076293945,
03BF001,1985-02-23,28.399999618530277,E
03BF001,1985-03-23,20.899999618530277,E
03BF001,1985-04-23,25.0,E
03BF001,1985-05-23,255.0,E
03BF001,1985-06-23,159.0,
03BF001,1985-07-23,164.0,
03BF001,1985-08-23,182.0,
03BF001,1985-09-23,227.0,
03BF001,1985-10-23,173.0,
03BF001,1985-11-23,89.9000015258789,
03BF001,1985-12-23,41.0,E
03BF001,1986-01-23,27.100000381469727,E
03BF001,1986-02-23,22.0,E
03BF001,1986-03-23,20.200000762939453,E
03BF001,1986-04-23,146.0,
03BF001,1986-05-23,500.0,E
03BF001,1986-06-23,140.0,
03BF001,1986-07-23,48.5,
03BF001,1986-08-23,114.0,
03BF001,1986-09-23,143.0,
03BF001,1986-10-23,104.0,
03BF001,1986-11-23,51.09999847412109,
03BF001,1986-12-23,29.899999618530277,E
03BF001,1987-01-23,18.899999618530277,E
03BF001,1987-02-23,12.899999618530272,E
03BF001,1987-03-23,10.600000381469728,E
03BF001,1987-04-23,440.0,
03BF001,1987-05-23,107.0,E
03BF001,1987-06-23,53.20000076293945,
03BF001,1987-07-23,64.5999984741211,
03BF001,1987-08-23,108.0,
03BF001,1987-09-23,214.0,
03BF001,1987-10-23,207.0,
03BF001,1987-11-23,238.0,
03BF001,1987-12-23,74.5,
03BF001,1988-01-23,31.299999237060547,E
03BF001,1988-02-23,19.200000762939453,E
03BF001,1988-03-23,15.399999618530272,E
03BF001,1988-04-23,271.0,
03BF001,1988-05-23,223.0,
03BF001,1988-06-23,136.0,
03BF001,1988-07-23,34.099998474121094,
03BF001,1988-08-23,16.100000381469727,
03BF001,1988-09-23,129.0,
03BF001,1988-10-23,68.9000015258789,
03BF001,1988-11-23,163.0,
03BF001,1988-12-23,52.79999923706055,E
03BF001,1989-01-23,23.100000381469727,E
03BF001,1989-02-23,12.399999618530272,E
03BF001,1989-03-23,8.289999961853027,E
03BF001,1989-04-23,8.020000457763672,E
03BF001,1989-05-23,264.0,
03BF001,1989-06-23,179.0,
03BF001,1989-07-23,42.5,
03BF001,1989-08-23,23.299999237060547,
03BF001,1989-09-23,59.79999923706055,
03BF001,1989-10-23,127.0,
03BF001,1989-11-23,89.19999694824219,E
03BF001,1989-12-23,38.900001525878906,E
03BF001,1990-01-23,23.100000381469727,E
03BF001,1990-02-23,16.0,
03BF001,1990-03-23,12.699999809265137,E
03BF001,1990-04-23,20.799999237060547,E
03BF001,1990-05-23,221.0,
03BF001,1990-06-23,94.0999984741211,
03BF001,1990-07-23,59.09999847412109,
03BF001,1990-08-23,47.70000076293945,
03BF001,1990-09-23,117.0,
03BF001,1990-10-23,250.0,
03BF001,1990-11-23,81.9000015258789,E
03BF001,1990-12-23,57.5,E
03BF001,1991-01-23,30.5,E
03BF001,1991-02-23,18.899999618530277,
03BF001,1991-03-23,13.600000381469728,E
03BF001,1991-04-23,224.0,
03BF001,1991-05-23,164.0,
03BF001,1991-06-23,88.5,
03BF001,1991-07-23,41.0,
03BF001,1991-08-23,27.200000762939453,
03BF001,1991-09-23,263.0,
03BF001,1991-10-23,133.0,
03BF001,1991-11-23,85.4000015258789,
03BF001,1991-12-23,40.59999847412109,E
03BF001,1992-01-23,23.200000762939453,E
03BF001,1992-02-23,14.699999809265137,E
03BF001,1992-03-23,10.300000190734863,
03BF001,1992-04-23,18.299999237060547,
03BF001,1992-05-23,252.0,
03BF001,1992-06-23,65.0999984741211,
03BF001,1992-07-23,75.5,
03BF001,1992-08-23,26.100000381469727,
03BF001,1992-09-23,167.0,
03BF001,1992-10-23,140.0,
03BF001,1992-11-23,84.5999984741211,
03BF001,1992-12-23,45.79999923706055,E
03BF001,1993-01-23,26.799999237060547,E
03BF001,1993-02-23,16.799999237060547,
03BF001,1993-03-23,11.899999618530272,E
03BF001,1993-04-23,82.0,
03BF001,1993-05-23,232.0,
03BF001,1993-06-23,122.0,
03BF001,1993-07-23,243.0,
03BF001,1993-08-23,67.30000305175781,
03BF001,1993-09-23,173.0,
03BF001,1993-10-23,179.0,
03BF001,1993-11-23,49.70000076293945,
03BF001,1993-12-23,27.100000381469727,E
03BF001,1994-01-23,16.0,E
03BF001,1994-02-23,11.399999618530272,
03BF001,1994-03-23,9.869999885559082,
03BF001,1994-04-23,67.19999694824219,
03BF001,1994-05-23,283.0,
03BF001,1994-06-23,131.0,
03BF001,1994-07-23,144.0,
03BF001,1994-08-23,129.0,
03BF001,1994-09-23,158.0,
03BF001,1994-10-23,151.0,
03BF001,1994-11-23,137.0,
03BF001,1994-12-23,55.400001525878906,E
03BF001,1995-01-23,29.5,E
03BF001,1995-02-23,22.100000381469727,
03BF001,1995-03-23,20.0,E
03BF001,1995-04-23,24.200000762939453,
03BF001,1995-05-23,310.0,
03BF001,1995-06-23,80.4000015258789,
03BF001,1995-07-23,133.0,
03BF001,1995-08-23,35.099998474121094,
03BF001,1995-09-23,116.0,
03BF001,1995-10-23,244.0,
03BF001,1995-11-23,91.5999984741211,
03BF001,1995-12-23,45.0,E
03BF001,1996-01-23,26.700000762939453,E
03BF001,1996-02-23,20.799999237060547,E
03BF001,1996-03-23,18.799999237060547,E
03BF001,1996-04-23,59.70000076293945,E
03BF001,1996-05-23,750.0,
03BF001,1996-06-23,85.80000305175781,
03BF001,1996-07-23,77.9000015258789,
03BF001,1996-08-23,57.70000076293945,
03BF001,1996-09-23,35.0,
03BF001,1996-10-23,122.0,
03BF001,1996-11-23,108.0,
03BF001,1996-12-23,52.400001525878906,
03BF001,1997-01-23,26.600000381469727,E
03BF001,1997-02-23,16.700000762939453,
03BF001,1997-03-23,14.0,E
03BF001,1997-04-23,36.900001525878906,
03BF001,1997-05-23,253.0,
03BF001,1997-06-23,62.400001525878906,
03BF001,1997-07-23,51.29999923706055,
03BF001,1997-08-23,44.09999847412109,
03BF001,1998-04-23,218.0,
03BF001,1998-05-23,71.9000015258789,
03BF001,1998-06-23,74.19999694824219,
03BF001,1998-07-23,46.29999923706055,
03BF001,1998-08-23,112.0,
03BF001,1998-09-23,90.3000030517578,
03BF001,1998-10-23,321.0,
03BF001,1998-11-23,79.0,
03BF001,1998-12-23,46.59999847412109,
03BF001,1999-01-23,31.899999618530277,
03BF001,1999-02-23,24.700000762939453,
03BF001,1999-03-23,22.200000762939453,
03BF001,1999-04-23,67.0999984741211,
03BF001,1999-05-23,260.0,
03BF001,1999-06-23,219.0,
03BF001,1999-07-23,183.0,
03BF001,1999-08-23,128.0,
03BF001,1999-09-23,189.0,
03BF001,1999-10-23,156.0,
03BF001,1999-11-23,83.9000015258789,
03BF001,1999-12-23,52.400001525878906,
03BF001,2000-01-23,29.200000762939453,
03BF001,2000-02-23,24.799999237060547,
03BF001,2000-03-23,27.299999237060547,E
03BF001,2000-04-23,101.0,
03BF001,2000-05-23,179.0,
03BF001,2000-06-23,105.0,
03BF001,2000-07-23,54.59999847412109,
03BF001,2000-08-23,117.0,
03BF001,2000-09-23,169.0,
03BF001,2000-10-23,86.0,
03BF001,2000-11-23,65.80000305175781,
03BF001,2000-12-23,31.100000381469727,
03BF001,2001-01-23,20.299999237060547,
03BF001,2001-02-23,15.899999618530272,
03BF001,2001-03-23,13.800000190734863,
03BF001,2001-04-23,121.0,
03BF001,2001-05-23,102.0,
03BF001,2001-06-23,58.20000076293945,
03BF001,2001-07-23,35.20000076293945,
03BF001,2001-08-23,47.5,
03BF001,2001-09-23,84.5,
03BF001,2001-10-23,120.0,
03BF001,2001-11-23,116.0,
03BF001,2001-12-23,66.69999694824219,
03BF001,2002-01-23,28.799999237060547,
03BF001,2002-02-23,18.399999618530277,
03BF001,2002-03-23,15.300000190734863,
03BF001,2002-04-23,267.0,
03BF001,2002-05-23,244.0,
03BF001,2002-06-23,74.4000015258789,
03BF001,2002-07-23,44.29999923706055,
03BF001,2002-08-23,95.0999984741211,
03BF001,2002-09-23,138.0,
03BF001,2002-10-23,201.0,
03BF001,2002-11-23,62.20000076293945,
03BF001,2002-12-23,29.899999618530277,
03BF001,2003-01-23,18.899999618530277,
03BF001,2003-02-23,14.399999618530272,
03BF001,2003-03-23,12.600000381469728,
03BF001,2003-04-23,30.5,
03BF001,2003-05-23,260.0,
03BF001,2003-06-23,46.59999847412109,
03BF001,2003-07-23,74.0999984741211,
03BF001,2003-08-23,41.20000076293945,
03BF001,2003-09-23,61.20000076293945,
03BF001,2003-10-23,151.0,
03BF001,2003-11-23,192.0,
03BF001,2003-12-23,61.79999923706055,
03BF001,2004-01-23,29.200000762939453,
03BF001,2004-02-23,19.600000381469727,
03BF001,2004-03-23,16.700000762939453,
03BF001,2004-04-23,23.299999237060547,
03BF001,2004-05-23,,
03BF001,2005-04-23,,
03BF001,2005-05-23,212.0,
03BF001,2005-06-23,49.70000076293945,
03BF001,2005-07-23,40.70000076293945,
03BF001,2005-08-23,145.0,
03BF001,2005-09-23,209.0,
03BF001,2005-10-23,271.0,
03BF001,2005-11-23,,
03BF001,2006-04-23,,
03BF001,2006-05-23,114.0,
03BF001,2006-06-23,49.5,
03BF001,2006-07-23,143.0,
03BF001,2006-08-23,119.0,
03BF001,2006-09-23,68.5999984741211,
03BF001,2006-10-23,135.0,
03BF001,2006-11-23,,
03BF001,2008-07-23,94.5,
03BF001,2008-08-23,95.5999984741211,
03BF001,2008-09-23,94.5,
03BF001,2008-10-23,157.0,
03BF001,2008-11-23,130.0,
03BF001,2008-12-23,45.29999923706055,
03BF001,2009-01-23,29.399999618530277,
03BF001,2009-02-23,22.399999618530277,
03BF001,2009-03-23,20.899999618530277,
03BF001,2009-04-23,164.0,
03BF001,2009-05-23,366.0,
03BF001,2009-06-23,76.69999694824219,
03BF001,2009-07-23,50.59999847412109,
03BF001,2009-08-23,52.900001525878906,
03BF001,2009-09-23,53.900001525878906,
03BF001,2009-10-23,99.0,
03BF001,2009-11-23,86.80000305175781,
03BF001,2009-12-23,39.59999847412109,
03BF001,2010-01-23,25.399999618530277,
03BF001,2010-02-23,19.399999618530277,
03BF001,2010-03-23,16.399999618530273,
03BF001,2010-04-23,152.0,
03BF001,2010-05-23,50.20000076293945,
03BF001,2010-06-23,20.5,
03BF001,2010-07-23,54.900001525878906,
03BF001,2010-08-23,130.0,
03BF001,2010-09-23,102.0,
03BF001,2010-10-23,60.59999847412109,
03BF001,2010-11-23,49.5,
03BF001,2010-12-23,57.5,
03BF001,2011-01-23,36.900001525878906,
03BF001,2011-02-23,19.299999237060547,
03BF001,2011-03-23,15.0,
03BF001,2011-04-23,,
03BF001,2011-07-23,,
03BF001,2011-08-23,25.100000381469727,
03BF001,2011-09-23,53.900001525878906,
03BF001,2011-10-23,132.0,
03BF001,2011-11-23,109.0,
03BF001,2011-12-23,45.400001525878906,
03BF001,2012-01-23,28.5,
03BF001,2012-02-23,22.0,
03BF001,2012-03-23,339.0,
03BF001,2012-04-23,154.0,
03BF001,2012-05-23,149.0,
03BF001,2012-06-23,111.0,
03BF001,2012-07-23,62.0,
03BF001,2012-08-23,89.5999984741211,
03BF001,2012-09-23,197.0,
03BF001,2012-10-23,194.0,
03BF001,2012-11-23,123.0,B
03BF001,2012-12-23,58.20000076293945,B
03BF001,2013-01-23,31.899999618530277,B
03BF001,2013-02-23,20.700000762939453,B
03BF001,2013-03-23,17.399999618530273,B
03BF001,2013-04-23,61.900001525878906,B
03BF001,2013-05-23,,
03BF001,2013-10-23,152.0,
03BF001,2013-11-23,227.0,
03BF001,2013-12-23,48.5,B
03BF001,2014-01-23,22.700000762939453,B
03BF001,2014-02-23,13.899999618530272,B
03BF001,2014-03-23,10.100000381469728,B
03BF001,2014-04-23,9.600000381469728,B
03BF001,2014-05-23,347.0,
03BF001,2014-06-23,114.0,
03BF001,2014-07-23,185.0,
03BF001,2014-08-23,156.0,
03BF001,2014-09-23,213.0,
03BF001,2014-10-23,329.0,
03BF001,2014-11-23,67.0,B
03BF001,2014-12-23,45.400001525878906,B
03BF001,2015-01-23,24.5,B
03BF001,2015-02-23,17.100000381469727,B
03BF001,2015-03-23,14.600000381469728,B
03BF001,2015-04-23,121.0,B
03BF001,2015-05-23,218.0,
03BF001,2015-06-23,78.19999694824219,
03BF001,2015-07-23,137.0,
03BF001,2015-08-23,126.0,
03BF001,2015-09-23,208.0,
03BF001,2015-10-23,74.9000015258789,
03BF001,2015-11-23,159.0,B
03BF001,2015-12-23,65.80000305175781,B
03BF001,2016-01-23,38.09999847412109,B
03BF001,2016-02-23,24.5,B
03BF001,2016-03-23,19.5,B
03BF001,2016-04-23,44.29999923706055,B
03BF001,2016-05-23,230.0,
03BF001,2016-06-23,131.0,
03BF001,2016-07-23,58.59999847412109,
03BF001,2016-08-23,296.0,
03BF001,2016-09-23,276.0,
03BF001,2016-10-23,300.0,
03BF001,2016-11-23,,
03BF001,2017-05-23,324.0,
03BF001,2017-06-23,230.0,
03BF001,2017-07-23,52.5,
03BF001,2017-08-23,56.400001525878906,
03BF001,2017-09-23,50.5,
03BF001,2017-10-23,104.0,
03BF001,2017-11-23,,
03BF001,2018-05-23,438.0,
03BF001,2018-06-23,95.4000015258789,
03BF001,2018-07-23,,
03BF001,2019-08-23,,
03BF001,2019-09-23,62.79999923706055,
03BF001,2019-10-23,61.900001525878906,
03BF001,2019-11-23,,
03BF001,2020-05-23,611.0,
03BF001,2020-06-23,106.0,
03BF001,2020-07-23,226.0,
03BF001,2020-08-23,208.0,
03BF001,2020-09-23,159.0,
03BF001,2020-10-23,210.0,
03BF001,2020-11-23,,
03BF001,2021-04-23,294.0,
03BF001,2021-05-23,190.0,
03BF001,2021-06-23,68.0999984741211,
03BF001,2021-07-23,40.400001525878906,
03BF001,2021-08-23,85.80000305175781,
03BF001,2021-09-23,328.0,
03BF001,2021-10-23,204.0,
03BF001,2021-11-23,,
03BF001,2022-05-23,234.0,
03BF001,2022-06-23,67.80000305175781,
03BF001,2022-07-23,119.0,
03BF001,2022-08-23,59.400001525878906,
03BF001,2022-09-23,36.79999923706055,
03BF001,2022-10-23,108.0,
03BF001,2022-11-23,,
03BF001,2023-05-23,81.0999984741211,
03BF001,2023-06-23,16.600000381469727,
03BF001,2023-07-23,,
03BF001,1975-05-24,,
03BF001,1975-06-24,97.4000015258789,
03BF001,1975-07-24,47.900001525878906,
03BF001,1975-08-24,148.0,
03BF001,1975-09-24,75.9000015258789,
03BF001,1975-10-24,112.0,
03BF001,1975-11-24,106.0,
03BF001,1975-12-24,31.399999618530277,E
03BF001,1976-01-24,17.0,E
03BF001,1976-02-24,11.0,E
03BF001,1976-03-24,13.0,
03BF001,1976-04-24,413.0,
03BF001,1976-05-24,241.0,
03BF001,1976-06-24,147.0,
03BF001,1976-07-24,179.0,
03BF001,1976-08-24,64.0,
03BF001,1976-09-24,49.59999847412109,
03BF001,1976-10-24,60.0,
03BF001,1976-11-24,39.900001525878906,
03BF001,1976-12-24,23.899999618530277,E
03BF001,1977-01-24,17.100000381469727,E
03BF001,1977-02-24,15.300000190734863,E
03BF001,1977-03-24,16.0,E
03BF001,1977-04-24,589.0,E
03BF001,1977-05-24,90.5999984741211,E
03BF001,1977-06-24,29.200000762939453,
03BF001,1977-07-24,41.900001525878906,
03BF001,1977-08-24,81.30000305175781,
03BF001,1977-09-24,122.0,
03BF001,1977-10-24,99.0,
03BF001,1977-11-24,38.0,E
03BF001,1977-12-24,25.0,E
03BF001,1978-01-24,12.100000381469728,E
03BF001,1978-02-24,8.369999885559082,E
03BF001,1978-03-24,7.119999885559082,E
03BF001,1978-04-24,14.0,E
03BF001,1978-05-24,260.0,E
03BF001,1978-06-24,86.30000305175781,
03BF001,1978-07-24,102.0,
03BF001,1978-08-24,334.0,
03BF001,1978-09-24,83.69999694824219,
03BF001,1978-10-24,109.0,
03BF001,1978-11-24,92.6999969482422,
03BF001,1978-12-24,44.29999923706055,E
03BF001,1979-01-24,22.600000381469727,E
03BF001,1979-02-24,15.300000190734863,E
03BF001,1979-03-24,14.100000381469728,E
03BF001,1979-04-24,154.0,
03BF001,1979-05-24,327.0,
03BF001,1979-06-24,144.0,
03BF001,1979-07-24,53.900001525878906,
03BF001,1979-08-24,61.0,
03BF001,1979-09-24,158.0,
03BF001,1979-10-24,227.0,
03BF001,1979-11-24,83.5999984741211,
03BF001,1979-12-24,54.70000076293945,E
03BF001,1980-01-24,26.600000381469727,E
03BF001,1980-02-24,17.399999618530273,E
03BF001,1980-03-24,14.0,E
03BF001,1980-04-24,43.0,E
03BF001,1980-05-24,160.0,E
03BF001,1980-06-24,164.0,
03BF001,1980-07-24,89.69999694824219,
03BF001,1980-08-24,23.200000762939453,
03BF001,1980-09-24,86.0999984741211,
03BF001,1980-10-24,146.0,
03BF001,1980-11-24,53.79999923706055,
03BF001,1980-12-24,24.100000381469727,E
03BF001,1981-01-24,16.899999618530273,E
03BF001,1981-02-24,17.100000381469727,E
03BF001,1981-03-24,32.70000076293945,E
03BF001,1981-04-24,89.5999984741211,
03BF001,1981-05-24,328.0,
03BF001,1981-06-24,83.4000015258789,
03BF001,1981-07-24,38.900001525878906,
03BF001,1981-08-24,17.100000381469727,
03BF001,1981-09-24,148.0,
03BF001,1981-10-24,150.0,
03BF001,1981-11-24,67.9000015258789,
03BF001,1981-12-24,26.200000762939453,E
03BF001,1982-01-24,14.800000190734863,E
03BF001,1982-02-24,10.5,E
03BF001,1982-03-24,9.399999618530272,E
03BF001,1982-04-24,47.20000076293945,
03BF001,1982-05-24,174.0,
03BF001,1982-06-24,122.0,
03BF001,1982-07-24,191.0,
03BF001,1982-08-24,132.0,
03BF001,1982-09-24,117.0,
03BF001,1982-10-24,118.0,
03BF001,1982-11-24,107.0,E
03BF001,1982-12-24,53.79999923706055,E
03BF001,1983-01-24,22.600000381469727,E
03BF001,1983-02-24,16.399999618530273,E
03BF001,1983-03-24,14.199999809265137,E
03BF001,1983-04-24,62.59999847412109,
03BF001,1983-05-24,227.0,
03BF001,1983-06-24,70.4000015258789,
03BF001,1983-07-24,34.29999923706055,
03BF001,1983-08-24,62.0,
03BF001,1983-09-24,171.0,
03BF001,1983-10-24,119.0,
03BF001,1983-11-24,64.0999984741211,
03BF001,1983-12-24,30.299999237060547,E
03BF001,1984-01-24,23.0,E
03BF001,1984-02-24,22.700000762939453,E
03BF001,1984-03-24,18.600000381469727,E
03BF001,1984-04-24,341.0,
03BF001,1984-05-24,128.0,E
03BF001,1984-06-24,184.0,
03BF001,1984-07-24,96.3000030517578,
03BF001,1984-08-24,49.0,
03BF001,1984-09-24,98.8000030517578,
03BF001,1984-10-24,82.80000305175781,
03BF001,1984-11-24,65.80000305175781,
03BF001,1984-12-24,137.0,
03BF001,1985-01-24,52.20000076293945,
03BF001,1985-02-24,27.899999618530277,E
03BF001,1985-03-24,20.799999237060547,E
03BF001,1985-04-24,38.0,E
03BF001,1985-05-24,228.0,E
03BF001,1985-06-24,149.0,
03BF001,1985-07-24,158.0,
03BF001,1985-08-24,184.0,
03BF001,1985-09-24,230.0,
03BF001,1985-10-24,161.0,
03BF001,1985-11-24,90.1999969482422,
03BF001,1985-12-24,40.400001525878906,E
03BF001,1986-01-24,27.0,E
03BF001,1986-02-24,21.899999618530277,E
03BF001,1986-03-24,20.100000381469727,E
03BF001,1986-04-24,187.0,
03BF001,1986-05-24,480.0,E
03BF001,1986-06-24,155.0,
03BF001,1986-07-24,48.400001525878906,
03BF001,1986-08-24,107.0,
03BF001,1986-09-24,143.0,
03BF001,1986-10-24,102.0,
03BF001,1986-11-24,51.09999847412109,
03BF001,1986-12-24,29.299999237060547,E
03BF001,1987-01-24,18.700000762939453,E
03BF001,1987-02-24,12.800000190734863,E
03BF001,1987-03-24,10.600000381469728,E
03BF001,1987-04-24,368.0,
03BF001,1987-05-24,106.0,E
03BF001,1987-06-24,49.400001525878906,
03BF001,1987-07-24,72.0,
03BF001,1987-08-24,153.0,
03BF001,1987-09-24,195.0,
03BF001,1987-10-24,189.0,
03BF001,1987-11-24,203.0,
03BF001,1987-12-24,67.9000015258789,
03BF001,1988-01-24,30.600000381469727,E
03BF001,1988-02-24,18.899999618530277,E
03BF001,1988-03-24,15.300000190734863,E
03BF001,1988-04-24,259.0,
03BF001,1988-05-24,209.0,
03BF001,1988-06-24,144.0,
03BF001,1988-07-24,32.0,
03BF001,1988-08-24,15.800000190734863,
03BF001,1988-09-24,145.0,
03BF001,1988-10-24,68.30000305175781,
03BF001,1988-11-24,142.0,
03BF001,1988-12-24,51.0,E
03BF001,1989-01-24,22.600000381469727,E
03BF001,1989-02-24,12.199999809265137,E
03BF001,1989-03-24,8.239999771118164,E
03BF001,1989-04-24,8.039999961853027,E
03BF001,1989-05-24,268.0,
03BF001,1989-06-24,162.0,
03BF001,1989-07-24,40.0,
03BF001,1989-08-24,22.600000381469727,
03BF001,1989-09-24,106.0,
03BF001,1989-10-24,149.0,
03BF001,1989-11-24,86.30000305175781,E
03BF001,1989-12-24,38.09999847412109,E
03BF001,1990-01-24,22.700000762939453,E
03BF001,1990-02-24,15.899999618530272,
03BF001,1990-03-24,12.600000381469728,E
03BF001,1990-04-24,36.5,E
03BF001,1990-05-24,199.0,
03BF001,1990-06-24,91.4000015258789,
03BF001,1990-07-24,58.0,
03BF001,1990-08-24,44.900001525878906,
03BF001,1990-09-24,150.0,
03BF001,1990-10-24,252.0,
03BF001,1990-11-24,84.5999984741211,E
03BF001,1990-12-24,56.20000076293945,E
03BF001,1991-01-24,29.899999618530277,E
03BF001,1991-02-24,18.700000762939453,
03BF001,1991-03-24,13.699999809265137,E
03BF001,1991-04-24,244.0,
03BF001,1991-05-24,181.0,
03BF001,1991-06-24,84.5999984741211,
03BF001,1991-07-24,44.29999923706055,
03BF001,1991-08-24,27.0,
03BF001,1991-09-24,250.0,
03BF001,1991-10-24,127.0,
03BF001,1991-11-24,83.0,
03BF001,1991-12-24,39.59999847412109,E
03BF001,1992-01-24,22.700000762939453,E
03BF001,1992-02-24,14.5,E
03BF001,1992-03-24,10.199999809265137,
03BF001,1992-04-24,22.200000762939453,
03BF001,1992-05-24,234.0,
03BF001,1992-06-24,61.400001525878906,
03BF001,1992-07-24,79.0999984741211,
03BF001,1992-08-24,29.0,
03BF001,1992-09-24,162.0,
03BF001,1992-10-24,158.0,
03BF001,1992-11-24,82.80000305175781,
03BF001,1992-12-24,44.900001525878906,E
03BF001,1993-01-24,26.399999618530277,E
03BF001,1993-02-24,16.5,
03BF001,1993-03-24,11.800000190734863,E
03BF001,1993-04-24,108.0,
03BF001,1993-05-24,219.0,
03BF001,1993-06-24,110.0,
03BF001,1993-07-24,266.0,
03BF001,1993-08-24,62.79999923706055,
03BF001,1993-09-24,171.0,
03BF001,1993-10-24,195.0,
03BF001,1993-11-24,48.70000076293945,
03BF001,1993-12-24,26.399999618530277,E
03BF001,1994-01-24,15.800000190734863,E
03BF001,1994-02-24,11.300000190734863,
03BF001,1994-03-24,9.869999885559082,
03BF001,1994-04-24,66.4000015258789,
03BF001,1994-05-24,257.0,
03BF001,1994-06-24,141.0,
03BF001,1994-07-24,156.0,
03BF001,1994-08-24,119.0,
03BF001,1994-09-24,153.0,
03BF001,1994-10-24,146.0,
03BF001,1994-11-24,132.0,
03BF001,1994-12-24,54.0,E
03BF001,1995-01-24,29.100000381469727,E
03BF001,1995-02-24,22.0,
03BF001,1995-03-24,20.0,E
03BF001,1995-04-24,25.899999618530277,
03BF001,1995-05-24,288.0,
03BF001,1995-06-24,79.19999694824219,
03BF001,1995-07-24,129.0,
03BF001,1995-08-24,36.400001525878906,
03BF001,1995-09-24,115.0,
03BF001,1995-10-24,263.0,
03BF001,1995-11-24,89.0999984741211,
03BF001,1995-12-24,44.20000076293945,E
03BF001,1996-01-24,26.299999237060547,E
03BF001,1996-02-24,20.700000762939453,E
03BF001,1996-03-24,18.700000762939453,E
03BF001,1996-04-24,75.5,E
03BF001,1996-05-24,648.0,
03BF001,1996-06-24,106.0,
03BF001,1996-07-24,70.0,
03BF001,1996-08-24,59.79999923706055,
03BF001,1996-09-24,33.70000076293945,
03BF001,1996-10-24,117.0,
03BF001,1996-11-24,106.0,
03BF001,1996-12-24,52.29999923706055,
03BF001,1997-01-24,26.200000762939453,E
03BF001,1997-02-24,16.600000381469727,
03BF001,1997-03-24,13.899999618530272,E
03BF001,1997-04-24,56.5,
03BF001,1997-05-24,242.0,
03BF001,1997-06-24,60.29999923706055,
03BF001,1997-07-24,47.20000076293945,
03BF001,1997-08-24,41.29999923706055,
03BF001,1998-04-24,208.0,
03BF001,1998-05-24,69.0999984741211,
03BF001,1998-06-24,69.5999984741211,
03BF001,1998-07-24,90.5999984741211,
03BF001,1998-08-24,103.0,
03BF001,1998-09-24,101.0,
03BF001,1998-10-24,286.0,
03BF001,1998-11-24,77.0,
03BF001,1998-12-24,45.900001525878906,
03BF001,1999-01-24,31.600000381469727,
03BF001,1999-02-24,24.5,
03BF001,1999-03-24,22.100000381469727,
03BF001,1999-04-24,76.9000015258789,
03BF001,1999-05-24,259.0,
03BF001,1999-06-24,194.0,
03BF001,1999-07-24,169.0,
03BF001,1999-08-24,120.0,
03BF001,1999-09-24,177.0,
03BF001,1999-10-24,149.0,
03BF001,1999-11-24,95.1999969482422,
03BF001,1999-12-24,50.900001525878906,
03BF001,2000-01-24,29.0,
03BF001,2000-02-24,24.799999237060547,
03BF001,2000-03-24,30.100000381469727,E
03BF001,2000-04-24,136.0,
03BF001,2000-05-24,167.0,
03BF001,2000-06-24,123.0,
03BF001,2000-07-24,53.20000076293945,
03BF001,2000-08-24,115.0,
03BF001,2000-09-24,191.0,
03BF001,2000-10-24,84.9000015258789,
03BF001,2000-11-24,60.900001525878906,
03BF001,2000-12-24,30.5,
03BF001,2001-01-24,20.100000381469727,
03BF001,2001-02-24,15.800000190734863,
03BF001,2001-03-24,13.699999809265137,
03BF001,2001-04-24,149.0,
03BF001,2001-05-24,92.5999984741211,
03BF001,2001-06-24,52.900001525878906,
03BF001,2001-07-24,33.900001525878906,
03BF001,2001-08-24,43.400001525878906,
03BF001,2001-09-24,80.30000305175781,
03BF001,2001-10-24,114.0,
03BF001,2001-11-24,108.0,
03BF001,2001-12-24,64.4000015258789,
03BF001,2002-01-24,28.200000762939453,
03BF001,2002-02-24,18.200000762939453,
03BF001,2002-03-24,15.199999809265137,
03BF001,2002-04-24,263.0,
03BF001,2002-05-24,251.0,
03BF001,2002-06-24,69.69999694824219,
03BF001,2002-07-24,41.5,
03BF001,2002-08-24,94.3000030517578,
03BF001,2002-09-24,154.0,
03BF001,2002-10-24,202.0,
03BF001,2002-11-24,60.29999923706055,
03BF001,2002-12-24,29.299999237060547,
03BF001,2003-01-24,18.700000762939453,
03BF001,2003-02-24,14.300000190734863,
03BF001,2003-03-24,12.600000381469728,
03BF001,2003-04-24,38.70000076293945,
03BF001,2003-05-24,238.0,
03BF001,2003-06-24,44.29999923706055,
03BF001,2003-07-24,66.5999984741211,
03BF001,2003-08-24,60.79999923706055,
03BF001,2003-09-24,72.5999984741211,
03BF001,2003-10-24,134.0,
03BF001,2003-11-24,184.0,
03BF001,2003-12-24,60.09999847412109,
03BF001,2004-01-24,28.600000381469727,
03BF001,2004-02-24,19.399999618530277,
03BF001,2004-03-24,16.600000381469727,
03BF001,2004-04-24,25.200000762939453,
03BF001,2004-05-24,,
03BF001,2005-04-24,,
03BF001,2005-05-24,191.0,
03BF001,2005-06-24,51.0,
03BF001,2005-07-24,39.59999847412109,
03BF001,2005-08-24,132.0,
03BF001,2005-09-24,195.0,
03BF001,2005-10-24,266.0,
03BF001,2005-11-24,,
03BF001,2006-04-24,,
03BF001,2006-05-24,130.0,
03BF001,2006-06-24,50.29999923706055,
03BF001,2006-07-24,132.0,
03BF001,2006-08-24,111.0,
03BF001,2006-09-24,67.4000015258789,
03BF001,2006-10-24,120.0,
03BF001,2006-11-24,,
03BF001,2008-07-24,86.5,
03BF001,2008-08-24,90.5,
03BF001,2008-09-24,89.19999694824219,
03BF001,2008-10-24,140.0,
03BF001,2008-11-24,118.0,
03BF001,2008-12-24,44.59999847412109,
03BF001,2009-01-24,29.100000381469727,
03BF001,2009-02-24,22.299999237060547,
03BF001,2009-03-24,21.0,
03BF001,2009-04-24,208.0,
03BF001,2009-05-24,347.0,
03BF001,2009-06-24,72.0999984741211,
03BF001,2009-07-24,47.400001525878906,
03BF001,2009-08-24,58.70000076293945,
03BF001,2009-09-24,63.29999923706055,
03BF001,2009-10-24,98.3000030517578,
03BF001,2009-11-24,84.4000015258789,
03BF001,2009-12-24,38.900001525878906,
03BF001,2010-01-24,25.100000381469727,
03BF001,2010-02-24,19.200000762939453,
03BF001,2010-03-24,16.299999237060547,
03BF001,2010-04-24,139.0,
03BF001,2010-05-24,48.59999847412109,
03BF001,2010-06-24,22.600000381469727,
03BF001,2010-07-24,49.79999923706055,
03BF001,2010-08-24,109.0,
03BF001,2010-09-24,108.0,
03BF001,2010-10-24,59.70000076293945,
03BF001,2010-11-24,54.5,
03BF001,2010-12-24,56.0,
03BF001,2011-01-24,35.79999923706055,
03BF001,2011-02-24,19.100000381469727,
03BF001,2011-03-24,14.899999618530272,
03BF001,2011-04-24,,
03BF001,2011-07-24,,
03BF001,2011-08-24,26.100000381469727,
03BF001,2011-09-24,56.70000076293945,
03BF001,2011-10-24,122.0,
03BF001,2011-11-24,107.0,
03BF001,2011-12-24,44.5,
03BF001,2012-01-24,28.5,
03BF001,2012-02-24,21.700000762939453,
03BF001,2012-03-24,383.0,
03BF001,2012-04-24,160.0,
03BF001,2012-05-24,150.0,
03BF001,2012-06-24,127.0,
03BF001,2012-07-24,62.09999847412109,
03BF001,2012-08-24,94.3000030517578,
03BF001,2012-09-24,247.0,
03BF001,2012-10-24,194.0,
03BF001,2012-11-24,119.0,B
03BF001,2012-12-24,57.0,B
03BF001,2013-01-24,31.399999618530277,B
03BF001,2013-02-24,20.5,B
03BF001,2013-03-24,17.399999618530273,B
03BF001,2013-04-24,75.0999984741211,B
03BF001,2013-05-24,,
03BF001,2013-10-24,160.0,
03BF001,2013-11-24,186.0,
03BF001,2013-12-24,47.0,B
03BF001,2014-01-24,22.299999237060547,B
03BF001,2014-02-24,13.699999809265137,B
03BF001,2014-03-24,10.0,B
03BF001,2014-04-24,9.609999656677246,B
03BF001,2014-05-24,314.0,
03BF001,2014-06-24,106.0,
03BF001,2014-07-24,227.0,
03BF001,2014-08-24,136.0,
03BF001,2014-09-24,196.0,
03BF001,2014-10-24,283.0,
03BF001,2014-11-24,65.9000015258789,B
03BF001,2014-12-24,44.400001525878906,B
03BF001,2015-01-24,24.100000381469727,B
03BF001,2015-02-24,16.899999618530273,B
03BF001,2015-03-24,14.600000381469728,B
03BF001,2015-04-24,152.0,B
03BF001,2015-05-24,199.0,
03BF001,2015-06-24,78.5,
03BF001,2015-07-24,140.0,
03BF001,2015-08-24,118.0,
03BF001,2015-09-24,189.0,
03BF001,2015-10-24,73.9000015258789,
03BF001,2015-11-24,143.0,B
03BF001,2015-12-24,68.5999984741211,B
03BF001,2016-01-24,37.400001525878906,B
03BF001,2016-02-24,24.200000762939453,B
03BF001,2016-03-24,19.399999618530277,B
03BF001,2016-04-24,59.20000076293945,B
03BF001,2016-05-24,207.0,
03BF001,2016-06-24,122.0,
03BF001,2016-07-24,57.79999923706055,
03BF001,2016-08-24,281.0,
03BF001,2016-09-24,259.0,
03BF001,2016-10-24,268.0,
03BF001,2016-11-24,,
03BF001,2017-05-24,315.0,
03BF001,2017-06-24,210.0,
03BF001,2017-07-24,49.900001525878906,
03BF001,2017-08-24,106.0,
03BF001,2017-09-24,49.0,
03BF001,2017-10-24,106.0,
03BF001,2017-11-24,,
03BF001,2018-05-24,416.0,
03BF001,2018-06-24,88.0,
03BF001,2018-07-24,,
03BF001,2019-08-24,,
03BF001,2019-09-24,73.5,
03BF001,2019-10-24,63.400001525878906,
03BF001,2019-11-24,,
03BF001,2020-05-24,560.0,
03BF001,2020-06-24,119.0,
03BF001,2020-07-24,194.0,
03BF001,2020-08-24,185.0,
03BF001,2020-09-24,153.0,
03BF001,2020-10-24,197.0,
03BF001,2020-11-24,,
03BF001,2021-04-24,266.0,
03BF001,2021-05-24,204.0,
03BF001,2021-06-24,87.5,
03BF001,2021-07-24,37.900001525878906,
03BF001,2021-08-24,79.30000305175781,
03BF001,2021-09-24,325.0,
03BF001,2021-10-24,185.0,
03BF001,2021-11-24,,
03BF001,2022-05-24,213.0,
03BF001,2022-06-24,69.19999694824219,
03BF001,2022-07-24,212.0,
03BF001,2022-08-24,56.400001525878906,
03BF001,2022-09-24,45.0,
03BF001,2022-10-24,101.0,
03BF001,2022-11-24,,
03BF001,2023-05-24,75.5999984741211,
03BF001,2023-06-24,15.699999809265137,
03BF001,2023-07-24,,
03BF001,1975-05-25,,
03BF001,1975-06-25,97.4000015258789,
03BF001,1975-07-25,48.09999847412109,
03BF001,1975-08-25,129.0,
03BF001,1975-09-25,78.19999694824219,
03BF001,1975-10-25,116.0,
03BF001,1975-11-25,105.0,
03BF001,1975-12-25,30.600000381469727,E
03BF001,1976-01-25,16.700000762939453,E
03BF001,1976-02-25,10.899999618530272,E
03BF001,1976-03-25,13.600000381469728,
03BF001,1976-04-25,382.0,
03BF001,1976-05-25,225.0,
03BF001,1976-06-25,127.0,
03BF001,1976-07-25,161.0,
03BF001,1976-08-25,59.5,
03BF001,1976-09-25,47.0,
03BF001,1976-10-25,60.29999923706055,
03BF001,1976-11-25,37.900001525878906,
03BF001,1976-12-25,23.5,E
03BF001,1977-01-25,17.0,E
03BF001,1977-02-25,15.300000190734863,E
03BF001,1977-03-25,16.700000762939453,E
03BF001,1977-04-25,490.0,E
03BF001,1977-05-25,84.4000015258789,E
03BF001,1977-06-25,28.600000381469727,
03BF001,1977-07-25,40.5,
03BF001,1977-08-25,89.5,
03BF001,1977-09-25,113.0,
03BF001,1977-10-25,96.0,
03BF001,1977-11-25,38.5,E
03BF001,1977-12-25,24.0,E
03BF001,1978-01-25,11.899999618530272,E
03BF001,1978-02-25,8.25,E
03BF001,1978-03-25,7.110000133514404,E
03BF001,1978-04-25,15.0,E
03BF001,1978-05-25,235.0,E
03BF001,1978-06-25,76.9000015258789,
03BF001,1978-07-25,93.0,
03BF001,1978-08-25,315.0,
03BF001,1978-09-25,76.9000015258789,
03BF001,1978-10-25,109.0,
03BF001,1978-11-25,83.69999694824219,
03BF001,1978-12-25,43.59999847412109,E
03BF001,1979-01-25,22.399999618530277,E
03BF001,1979-02-25,15.199999809265137,E
03BF001,1979-03-25,14.5,E
03BF001,1979-04-25,254.0,
03BF001,1979-05-25,299.0,
03BF001,1979-06-25,144.0,
03BF001,1979-07-25,70.80000305175781,
03BF001,1979-08-25,56.70000076293945,
03BF001,1979-09-25,156.0,
03BF001,1979-10-25,226.0,
03BF001,1979-11-25,81.9000015258789,
03BF001,1979-12-25,53.09999847412109,E
03BF001,1980-01-25,26.100000381469727,E
03BF001,1980-02-25,17.299999237060547,E
03BF001,1980-03-25,14.0,E
03BF001,1980-04-25,56.0,E
03BF001,1980-05-25,140.0,E
03BF001,1980-06-25,151.0,
03BF001,1980-07-25,83.30000305175781,
03BF001,1980-08-25,21.700000762939453,
03BF001,1980-09-25,86.30000305175781,
03BF001,1980-10-25,134.0,
03BF001,1980-11-25,49.29999923706055,
03BF001,1980-12-25,23.899999618530277,E
03BF001,1981-01-25,16.799999237060547,E
03BF001,1981-02-25,18.100000381469727,E
03BF001,1981-03-25,32.5,E
03BF001,1981-04-25,89.5999984741211,
03BF001,1981-05-25,308.0,
03BF001,1981-06-25,77.0999984741211,
03BF001,1981-07-25,36.29999923706055,
03BF001,1981-08-25,16.100000381469727,
03BF001,1981-09-25,145.0,
03BF001,1981-10-25,140.0,
03BF001,1981-11-25,67.0,
03BF001,1981-12-25,25.399999618530277,E
03BF001,1982-01-25,14.600000381469728,E
03BF001,1982-02-25,10.399999618530272,E
03BF001,1982-03-25,9.399999618530272,E
03BF001,1982-04-25,50.400001525878906,
03BF001,1982-05-25,158.0,
03BF001,1982-06-25,127.0,
03BF001,1982-07-25,182.0,
03BF001,1982-08-25,127.0,
03BF001,1982-09-25,108.0,
03BF001,1982-10-25,116.0,
03BF001,1982-11-25,103.0,E
03BF001,1982-12-25,52.0,E
03BF001,1983-01-25,22.200000762939453,E
03BF001,1983-02-25,16.299999237060547,E
03BF001,1983-03-25,14.199999809265137,E
03BF001,1983-04-25,71.5,
03BF001,1983-05-25,242.0,
03BF001,1983-06-25,74.30000305175781,
03BF001,1983-07-25,31.799999237060547,
03BF001,1983-08-25,63.09999847412109,
03BF001,1983-09-25,160.0,
03BF001,1983-10-25,113.0,
03BF001,1983-11-25,67.5999984741211,
03BF001,1983-12-25,30.0,E
03BF001,1984-01-25,22.899999618530277,E
03BF001,1984-02-25,22.299999237060547,E
03BF001,1984-03-25,18.399999618530277,E
03BF001,1984-04-25,339.0,
03BF001,1984-05-25,133.0,E
03BF001,1984-06-25,166.0,
03BF001,1984-07-25,97.0999984741211,
03BF001,1984-08-25,48.0,
03BF001,1984-09-25,96.5999984741211,
03BF001,1984-10-25,82.9000015258789,
03BF001,1984-11-25,64.69999694824219,
03BF001,1984-12-25,136.0,
03BF001,1985-01-25,50.70000076293945,
03BF001,1985-02-25,27.600000381469727,E
03BF001,1985-03-25,20.700000762939453,E
03BF001,1985-04-25,113.0,
03BF001,1985-05-25,215.0,E
03BF001,1985-06-25,148.0,
03BF001,1985-07-25,162.0,
03BF001,1985-08-25,181.0,
03BF001,1985-09-25,231.0,
03BF001,1985-10-25,154.0,
03BF001,1985-11-25,87.19999694824219,
03BF001,1985-12-25,39.59999847412109,E
03BF001,1986-01-25,26.799999237060547,E
03BF001,1986-02-25,21.799999237060547,E
03BF001,1986-03-25,20.100000381469727,E
03BF001,1986-04-25,227.0,
03BF001,1986-05-25,450.0,E
03BF001,1986-06-25,165.0,
03BF001,1986-07-25,53.20000076293945,
03BF001,1986-08-25,94.4000015258789,
03BF001,1986-09-25,144.0,
03BF001,1986-10-25,100.0,
03BF001,1986-11-25,49.59999847412109,
03BF001,1986-12-25,28.799999237060547,E
03BF001,1987-01-25,18.299999237060547,E
03BF001,1987-02-25,12.699999809265137,E
03BF001,1987-03-25,10.699999809265137,E
03BF001,1987-04-25,324.0,
03BF001,1987-05-25,105.0,E
03BF001,1987-06-25,45.400001525878906,
03BF001,1987-07-25,83.5,
03BF001,1987-08-25,184.0,
03BF001,1987-09-25,186.0,
03BF001,1987-10-25,173.0,
03BF001,1987-11-25,182.0,
03BF001,1987-12-25,63.0,
03BF001,1988-01-25,30.200000762939453,E
03BF001,1988-02-25,18.700000762939453,E
03BF001,1988-03-25,15.399999618530272,E
03BF001,1988-04-25,258.0,
03BF001,1988-05-25,199.0,
03BF001,1988-06-25,143.0,
03BF001,1988-07-25,30.100000381469727,
03BF001,1988-08-25,15.600000381469728,
03BF001,1988-09-25,169.0,
03BF001,1988-10-25,68.5999984741211,
03BF001,1988-11-25,125.0,
03BF001,1988-12-25,49.59999847412109,E
03BF001,1989-01-25,22.100000381469727,E
03BF001,1989-02-25,11.899999618530272,E
03BF001,1989-03-25,8.15999984741211,E
03BF001,1989-04-25,8.079999923706055,E
03BF001,1989-05-25,282.0,
03BF001,1989-06-25,147.0,
03BF001,1989-07-25,38.09999847412109,
03BF001,1989-08-25,21.299999237060547,
03BF001,1989-09-25,158.0,
03BF001,1989-10-25,162.0,
03BF001,1989-11-25,83.80000305175781,E
03BF001,1989-12-25,37.400001525878906,E
03BF001,1990-01-25,22.600000381469727,E
03BF001,1990-02-25,15.699999809265137,
03BF001,1990-03-25,12.5,E
03BF001,1990-04-25,57.70000076293945,
03BF001,1990-05-25,182.0,
03BF001,1990-06-25,88.0,
03BF001,1990-07-25,54.79999923706055,
03BF001,1990-08-25,41.70000076293945,
03BF001,1990-09-25,177.0,
03BF001,1990-10-25,253.0,
03BF001,1990-11-25,91.0,E
03BF001,1990-12-25,54.79999923706055,E
03BF001,1991-01-25,29.399999618530277,E
03BF001,1991-02-25,18.5,
03BF001,1991-03-25,13.699999809265137,E
03BF001,1991-04-25,256.0,
03BF001,1991-05-25,262.0,
03BF001,1991-06-25,78.5999984741211,
03BF001,1991-07-25,53.70000076293945,
03BF001,1991-08-25,27.100000381469727,
03BF001,1991-09-25,242.0,
03BF001,1991-10-25,128.0,
03BF001,1991-11-25,81.0999984741211,
03BF001,1991-12-25,38.70000076293945,E
03BF001,1992-01-25,22.5,E
03BF001,1992-02-25,14.399999618530272,E
03BF001,1992-03-25,10.100000381469728,
03BF001,1992-04-25,29.100000381469727,
03BF001,1992-05-25,219.0,
03BF001,1992-06-25,57.400001525878906,
03BF001,1992-07-25,79.30000305175781,
03BF001,1992-08-25,39.59999847412109,
03BF001,1992-09-25,157.0,
03BF001,1992-10-25,179.0,
03BF001,1992-11-25,81.0,
03BF001,1992-12-25,44.0,E
03BF001,1993-01-25,26.0,E
03BF001,1993-02-25,16.299999237060547,
03BF001,1993-03-25,11.800000190734863,E
03BF001,1993-04-25,137.0,
03BF001,1993-05-25,212.0,
03BF001,1993-06-25,98.8000030517578,
03BF001,1993-07-25,262.0,
03BF001,1993-08-25,59.400001525878906,
03BF001,1993-09-25,181.0,
03BF001,1993-10-25,195.0,
03BF001,1993-11-25,47.79999923706055,
03BF001,1993-12-25,26.0,E
03BF001,1994-01-25,15.5,E
03BF001,1994-02-25,11.199999809265137,
03BF001,1994-03-25,9.859999656677246,
03BF001,1994-04-25,65.5999984741211,
03BF001,1994-05-25,233.0,
03BF001,1994-06-25,134.0,
03BF001,1994-07-25,176.0,
03BF001,1994-08-25,112.0,
03BF001,1994-09-25,145.0,
03BF001,1994-10-25,139.0,
03BF001,1994-11-25,129.0,
03BF001,1994-12-25,52.59999847412109,E
03BF001,1995-01-25,28.700000762939453,E
03BF001,1995-02-25,21.799999237060547,
03BF001,1995-03-25,20.0,E
03BF001,1995-04-25,31.100000381469727,
03BF001,1995-05-25,262.0,
03BF001,1995-06-25,86.4000015258789,
03BF001,1995-07-25,125.0,
03BF001,1995-08-25,38.29999923706055,
03BF001,1995-09-25,120.0,
03BF001,1995-10-25,268.0,
03BF001,1995-11-25,87.0,
03BF001,1995-12-25,43.5,E
03BF001,1996-01-25,26.0,E
03BF001,1996-02-25,20.600000381469727,E
03BF001,1996-03-25,18.600000381469727,E
03BF001,1996-04-25,97.1999969482422,E
03BF001,1996-05-25,559.0,
03BF001,1996-06-25,121.0,
03BF001,1996-07-25,64.19999694824219,
03BF001,1996-08-25,68.5999984741211,
03BF001,1996-09-25,32.599998474121094,
03BF001,1996-10-25,114.0,
03BF001,1996-11-25,104.0,
03BF001,1996-12-25,51.09999847412109,
03BF001,1997-01-25,25.700000762939453,E
03BF001,1997-02-25,16.399999618530273,
03BF001,1997-03-25,13.899999618530272,E
03BF001,1997-04-25,86.5999984741211,
03BF001,1997-05-25,237.0,
03BF001,1997-06-25,58.70000076293945,
03BF001,1997-07-25,43.79999923706055,
03BF001,1997-08-25,38.70000076293945,
03BF001,1998-04-25,197.0,
03BF001,1998-05-25,64.69999694824219,
03BF001,1998-06-25,64.9000015258789,
03BF001,1998-07-25,129.0,
03BF001,1998-08-25,93.4000015258789,
03BF001,1998-09-25,114.0,
03BF001,1998-10-25,254.0,
03BF001,1998-11-25,75.0999984741211,
03BF001,1998-12-25,45.29999923706055,
03BF001,1999-01-25,31.299999237060547,
03BF001,1999-02-25,24.399999618530277,
03BF001,1999-03-25,22.100000381469727,
03BF001,1999-04-25,88.30000305175781,
03BF001,1999-05-25,246.0,
03BF001,1999-06-25,174.0,
03BF001,1999-07-25,155.0,
03BF001,1999-08-25,111.0,
03BF001,1999-09-25,165.0,
03BF001,1999-10-25,147.0,
03BF001,1999-11-25,136.0,
03BF001,1999-12-25,49.5,
03BF001,2000-01-25,28.600000381469727,
03BF001,2000-02-25,24.799999237060547,
03BF001,2000-03-25,33.5,E
03BF001,2000-04-25,182.0,
03BF001,2000-05-25,154.0,
03BF001,2000-06-25,133.0,
03BF001,2000-07-25,52.0,
03BF001,2000-08-25,106.0,
03BF001,2000-09-25,206.0,
03BF001,2000-10-25,82.9000015258789,
03BF001,2000-11-25,58.59999847412109,
03BF001,2000-12-25,30.0,
03BF001,2001-01-25,19.899999618530277,
03BF001,2001-02-25,15.699999809265137,
03BF001,2001-03-25,13.699999809265137,
03BF001,2001-04-25,179.0,
03BF001,2001-05-25,84.69999694824219,
03BF001,2001-06-25,49.59999847412109,
03BF001,2001-07-25,31.899999618530277,
03BF001,2001-08-25,39.900001525878906,
03BF001,2001-09-25,76.80000305175781,
03BF001,2001-10-25,112.0,
03BF001,2001-11-25,120.0,
03BF001,2001-12-25,62.29999923706055,
03BF001,2002-01-25,27.600000381469727,
03BF001,2002-02-25,18.0,
03BF001,2002-03-25,15.199999809265137,
03BF001,2002-04-25,275.0,
03BF001,2002-05-25,264.0,
03BF001,2002-06-25,65.5999984741211,
03BF001,2002-07-25,39.29999923706055,
03BF001,2002-08-25,93.1999969482422,
03BF001,2002-09-25,157.0,
03BF001,2002-10-25,206.0,
03BF001,2002-11-25,58.59999847412109,
03BF001,2002-12-25,28.799999237060547,
03BF001,2003-01-25,18.5,
03BF001,2003-02-25,14.199999809265137,
03BF001,2003-03-25,12.699999809265137,
03BF001,2003-04-25,48.79999923706055,
03BF001,2003-05-25,215.0,
03BF001,2003-06-25,41.79999923706055,
03BF001,2003-07-25,59.70000076293945,
03BF001,2003-08-25,69.9000015258789,
03BF001,2003-09-25,92.1999969482422,
03BF001,2003-10-25,121.0,
03BF001,2003-11-25,197.0,
03BF001,2003-12-25,58.400001525878906,
03BF001,2004-01-25,28.0,
03BF001,2004-02-25,19.299999237060547,
03BF001,2004-03-25,16.600000381469727,
03BF001,2004-04-25,27.299999237060547,
03BF001,2004-05-25,,
03BF001,2005-04-25,,
03BF001,2005-05-25,172.0,
03BF001,2005-06-25,56.09999847412109,
03BF001,2005-07-25,40.79999923706055,
03BF001,2005-08-25,113.0,
03BF001,2005-09-25,186.0,
03BF001,2005-10-25,250.0,
03BF001,2005-11-25,,
03BF001,2006-04-25,,
03BF001,2006-05-25,123.0,
03BF001,2006-06-25,58.5,
03BF001,2006-07-25,115.0,
03BF001,2006-08-25,99.5999984741211,
03BF001,2006-09-25,63.5,
03BF001,2006-10-25,107.0,
03BF001,2006-11-25,,
03BF001,2008-07-25,82.0999984741211,
03BF001,2008-08-25,94.8000030517578,
03BF001,2008-09-25,80.19999694824219,
03BF001,2008-10-25,127.0,
03BF001,2008-11-25,108.0,
03BF001,2008-12-25,43.900001525878906,
03BF001,2009-01-25,28.700000762939453,
03BF001,2009-02-25,22.100000381469727,
03BF001,2009-03-25,21.0,
03BF001,2009-04-25,247.0,
03BF001,2009-05-25,321.0,
03BF001,2009-06-25,67.0999984741211,
03BF001,2009-07-25,45.20000076293945,
03BF001,2009-08-25,64.30000305175781,
03BF001,2009-09-25,71.19999694824219,
03BF001,2009-10-25,96.5,
03BF001,2009-11-25,84.5,
03BF001,2009-12-25,38.09999847412109,
03BF001,2010-01-25,24.799999237060547,
03BF001,2010-02-25,19.100000381469727,
03BF001,2010-03-25,16.299999237060547,
03BF001,2010-04-25,128.0,
03BF001,2010-05-25,49.20000076293945,
03BF001,2010-06-25,24.299999237060547,
03BF001,2010-07-25,47.5,
03BF001,2010-08-25,92.5,
03BF001,2010-09-25,105.0,
03BF001,2010-10-25,57.900001525878906,
03BF001,2010-11-25,62.5,
03BF001,2010-12-25,54.59999847412109,
03BF001,2011-01-25,34.79999923706055,
03BF001,2011-02-25,18.799999237060547,
03BF001,2011-03-25,14.800000190734863,
03BF001,2011-04-25,,
03BF001,2011-07-25,,
03BF001,2011-08-25,26.399999618530277,
03BF001,2011-09-25,59.20000076293945,
03BF001,2011-10-25,122.0,
03BF001,2011-11-25,104.0,
03BF001,2011-12-25,43.70000076293945,
03BF001,2012-01-25,28.399999618530277,
03BF001,2012-02-25,21.299999237060547,
03BF001,2012-03-25,371.0,
03BF001,2012-04-25,171.0,
03BF001,2012-05-25,149.0,
03BF001,2012-06-25,123.0,
03BF001,2012-07-25,66.0999984741211,
03BF001,2012-08-25,91.5999984741211,
03BF001,2012-09-25,286.0,
03BF001,2012-10-25,187.0,
03BF001,2012-11-25,115.0,B
03BF001,2012-12-25,55.900001525878906,B
03BF001,2013-01-25,30.799999237060547,B
03BF001,2013-02-25,20.299999237060547,B
03BF001,2013-03-25,17.299999237060547,B
03BF001,2013-04-25,92.5999984741211,B
03BF001,2013-05-25,,
03BF001,2013-10-25,190.0,
03BF001,2013-11-25,163.0,
03BF001,2013-12-25,45.70000076293945,B
03BF001,2014-01-25,21.899999618530277,B
03BF001,2014-02-25,13.600000381469728,B
03BF001,2014-03-25,9.93000030517578,B
03BF001,2014-04-25,9.619999885559082,B
03BF001,2014-05-25,286.0,
03BF001,2014-06-25,103.0,
03BF001,2014-07-25,269.0,
03BF001,2014-08-25,121.0,
03BF001,2014-09-25,175.0,
03BF001,2014-10-25,247.0,
03BF001,2014-11-25,72.80000305175781,B
03BF001,2014-12-25,43.29999923706055,B
03BF001,2015-01-25,23.799999237060547,B
03BF001,2015-02-25,16.799999237060547,B
03BF001,2015-03-25,14.5,B
03BF001,2015-04-25,186.0,B
03BF001,2015-05-25,183.0,
03BF001,2015-06-25,87.30000305175781,
03BF001,2015-07-25,138.0,
03BF001,2015-08-25,108.0,
03BF001,2015-09-25,168.0,
03BF001,2015-10-25,84.9000015258789,
03BF001,2015-11-25,130.0,B
03BF001,2015-12-25,71.69999694824219,B
03BF001,2016-01-25,36.70000076293945,B
03BF001,2016-02-25,24.0,B
03BF001,2016-03-25,19.299999237060547,B
03BF001,2016-04-25,75.80000305175781,B
03BF001,2016-05-25,190.0,
03BF001,2016-06-25,112.0,
03BF001,2016-07-25,58.09999847412109,
03BF001,2016-08-25,252.0,
03BF001,2016-09-25,236.0,
03BF001,2016-10-25,247.0,
03BF001,2016-11-25,,
03BF001,2017-05-25,305.0,
03BF001,2017-06-25,182.0,
03BF001,2017-07-25,46.79999923706055,
03BF001,2017-08-25,163.0,
03BF001,2017-09-25,49.70000076293945,
03BF001,2017-10-25,128.0,
03BF001,2017-11-25,,
03BF001,2018-05-25,399.0,
03BF001,2018-06-25,80.80000305175781,
03BF001,2018-07-25,,
03BF001,2019-08-25,,
03BF001,2019-09-25,80.80000305175781,
03BF001,2019-10-25,66.4000015258789,
03BF001,2019-11-25,,
03BF001,2020-05-25,512.0,
03BF001,2020-06-25,141.0,
03BF001,2020-07-25,165.0,
03BF001,2020-08-25,181.0,
03BF001,2020-09-25,149.0,
03BF001,2020-10-25,184.0,
03BF001,2020-11-25,,
03BF001,2021-04-25,241.0,
03BF001,2021-05-25,199.0,
03BF001,2021-06-25,140.0,
03BF001,2021-07-25,37.70000076293945,
03BF001,2021-08-25,73.0,
03BF001,2021-09-25,317.0,
03BF001,2021-10-25,168.0,
03BF001,2021-11-25,,
03BF001,2022-05-25,195.0,
03BF001,2022-06-25,70.30000305175781,
03BF001,2022-07-25,244.0,
03BF001,2022-08-25,52.20000076293945,
03BF001,2022-09-25,51.29999923706055,
03BF001,2022-10-25,92.3000030517578,
03BF001,2022-11-25,,
03BF001,2023-05-25,71.5999984741211,
03BF001,2023-06-25,15.0,
03BF001,2023-07-25,,
03BF001,1975-05-26,,
03BF001,1975-06-26,95.4000015258789,
03BF001,1975-07-26,52.70000076293945,
03BF001,1975-08-26,110.0,
03BF001,1975-09-26,78.19999694824219,
03BF001,1975-10-26,115.0,
03BF001,1975-11-26,96.3000030517578,
03BF001,1975-12-26,30.0,E
03BF001,1976-01-26,16.399999618530273,E
03BF001,1976-02-26,10.800000190734863,E
03BF001,1976-03-26,13.800000190734863,
03BF001,1976-04-26,348.0,
03BF001,1976-05-26,208.0,
03BF001,1976-06-26,109.0,
03BF001,1976-07-26,144.0,
03BF001,1976-08-26,55.79999923706055,
03BF001,1976-09-26,47.900001525878906,
03BF001,1976-10-26,60.0,
03BF001,1976-11-26,38.20000076293945,
03BF001,1976-12-26,23.200000762939453,E
03BF001,1977-01-26,17.0,E
03BF001,1977-02-26,15.199999809265137,E
03BF001,1977-03-26,17.200000762939453,E
03BF001,1977-04-26,411.0,E
03BF001,1977-05-26,77.9000015258789,E
03BF001,1977-06-26,30.600000381469727,
03BF001,1977-07-26,39.400001525878906,
03BF001,1977-08-26,102.0,
03BF001,1977-09-26,105.0,
03BF001,1977-10-26,98.0,
03BF001,1977-11-26,40.79999923706055,E
03BF001,1977-12-26,23.5,E
03BF001,1978-01-26,11.800000190734863,E
03BF001,1978-02-26,8.199999809265137,E
03BF001,1978-03-26,7.099999904632568,E
03BF001,1978-04-26,16.700000762939453,E
03BF001,1978-05-26,218.0,E
03BF001,1978-06-26,85.80000305175781,
03BF001,1978-07-26,92.0999984741211,
03BF001,1978-08-26,274.0,
03BF001,1978-09-26,74.5,
03BF001,1978-10-26,122.0,
03BF001,1978-11-26,78.5999984741211,
03BF001,1978-12-26,42.0,E
03BF001,1979-01-26,22.0,E
03BF001,1979-02-26,14.899999618530272,E
03BF001,1979-03-26,14.899999618530272,E
03BF001,1979-04-26,325.0,E
03BF001,1979-05-26,271.0,
03BF001,1979-06-26,139.0,
03BF001,1979-07-26,97.1999969482422,
03BF001,1979-08-26,54.0,
03BF001,1979-09-26,152.0,
03BF001,1979-10-26,219.0,
03BF001,1979-11-26,98.9000015258789,
03BF001,1979-12-26,51.79999923706055,E
03BF001,1980-01-26,25.700000762939453,E
03BF001,1980-02-26,17.200000762939453,E
03BF001,1980-03-26,14.0,E
03BF001,1980-04-26,90.0,E
03BF001,1980-05-26,127.0,E
03BF001,1980-06-26,147.0,
03BF001,1980-07-26,77.0999984741211,
03BF001,1980-08-26,20.0,
03BF001,1980-09-26,86.0999984741211,
03BF001,1980-10-26,129.0,
03BF001,1980-11-26,46.79999923706055,
03BF001,1980-12-26,23.5,E
03BF001,1981-01-26,16.700000762939453,E
03BF001,1981-02-26,20.0,E
03BF001,1981-03-26,32.400001525878906,E
03BF001,1981-04-26,89.5999984741211,
03BF001,1981-05-26,288.0,
03BF001,1981-06-26,70.69999694824219,
03BF001,1981-07-26,34.900001525878906,
03BF001,1981-08-26,15.5,
03BF001,1981-09-26,145.0,
03BF001,1981-10-26,128.0,
03BF001,1981-11-26,57.59999847412109,
03BF001,1981-12-26,24.799999237060547,E
03BF001,1982-01-26,14.5,E
03BF001,1982-02-26,10.300000190734863,E
03BF001,1982-03-26,9.399999618530272,E
03BF001,1982-04-26,54.70000076293945,
03BF001,1982-05-26,145.0,
03BF001,1982-06-26,121.0,
03BF001,1982-07-26,187.0,
03BF001,1982-08-26,121.0,
03BF001,1982-09-26,100.0,
03BF001,1982-10-26,122.0,
03BF001,1982-11-26,98.0,E
03BF001,1982-12-26,50.0,E
03BF001,1983-01-26,21.600000381469727,E
03BF001,1983-02-26,16.100000381469727,E
03BF001,1983-03-26,14.100000381469728,E
03BF001,1983-04-26,80.5999984741211,
03BF001,1983-05-26,253.0,
03BF001,1983-06-26,78.30000305175781,
03BF001,1983-07-26,28.799999237060547,
03BF001,1983-08-26,60.79999923706055,
03BF001,1983-09-26,150.0,
03BF001,1983-10-26,108.0,
03BF001,1983-11-26,69.9000015258789,
03BF001,1983-12-26,29.5,E
03BF001,1984-01-26,22.799999237060547,E
03BF001,1984-02-26,22.0,E
03BF001,1984-03-26,18.100000381469727,
03BF001,1984-04-26,337.0,
03BF001,1984-05-26,134.0,E
03BF001,1984-06-26,156.0,
03BF001,1984-07-26,101.0,
03BF001,1984-08-26,48.400001525878906,
03BF001,1984-09-26,113.0,
03BF001,1984-10-26,84.4000015258789,
03BF001,1984-11-26,64.69999694824219,
03BF001,1984-12-26,128.0,
03BF001,1985-01-26,49.59999847412109,
03BF001,1985-02-26,27.200000762939453,E
03BF001,1985-03-26,20.5,E
03BF001,1985-04-26,258.0,
03BF001,1985-05-26,198.0,E
03BF001,1985-06-26,152.0,
03BF001,1985-07-26,173.0,
03BF001,1985-08-26,168.0,
03BF001,1985-09-26,223.0,
03BF001,1985-10-26,156.0,
03BF001,1985-11-26,82.30000305175781,
03BF001,1985-12-26,38.900001525878906,E
03BF001,1986-01-26,26.5,E
03BF001,1986-02-26,21.700000762939453,E
03BF001,1986-03-26,20.100000381469727,E
03BF001,1986-04-26,269.0,
03BF001,1986-05-26,430.0,E
03BF001,1986-06-26,161.0,
03BF001,1986-07-26,76.30000305175781,
03BF001,1986-08-26,84.9000015258789,
03BF001,1986-09-26,152.0,
03BF001,1986-10-26,96.8000030517578,
03BF001,1986-11-26,48.0,E
03BF001,1986-12-26,28.299999237060547,E
03BF001,1987-01-26,18.100000381469727,E
03BF001,1987-02-26,12.600000381469728,E
03BF001,1987-03-26,10.699999809265137,E
03BF001,1987-04-26,305.0,
03BF001,1987-05-26,102.0,E
03BF001,1987-06-26,42.79999923706055,
03BF001,1987-07-26,83.4000015258789,
03BF001,1987-08-26,195.0,
03BF001,1987-09-26,185.0,
03BF001,1987-10-26,158.0,
03BF001,1987-11-26,162.0,
03BF001,1987-12-26,61.0,
03BF001,1988-01-26,29.700000762939453,E
03BF001,1988-02-26,18.399999618530277,E
03BF001,1988-03-26,15.5,E
03BF001,1988-04-26,259.0,
03BF001,1988-05-26,193.0,
03BF001,1988-06-26,139.0,E
03BF001,1988-07-26,28.5,
03BF001,1988-08-26,15.800000190734863,
03BF001,1988-09-26,194.0,
03BF001,1988-10-26,75.0999984741211,
03BF001,1988-11-26,110.0,
03BF001,1988-12-26,48.400001525878906,E
03BF001,1989-01-26,21.700000762939453,E
03BF001,1989-02-26,11.800000190734863,E
03BF001,1989-03-26,8.069999694824219,E
03BF001,1989-04-26,8.1899995803833,E
03BF001,1989-05-26,286.0,
03BF001,1989-06-26,139.0,
03BF001,1989-07-26,37.09999847412109,
03BF001,1989-08-26,20.799999237060547,
03BF001,1989-09-26,178.0,
03BF001,1989-10-26,164.0,
03BF001,1989-11-26,80.5999984741211,E
03BF001,1989-12-26,36.79999923706055,E
03BF001,1990-01-26,22.200000762939453,E
03BF001,1990-02-26,15.5,
03BF001,1990-03-26,12.5,E
03BF001,1990-04-26,102.0,
03BF001,1990-05-26,167.0,
03BF001,1990-06-26,90.0,
03BF001,1990-07-26,50.900001525878906,
03BF001,1990-08-26,37.0,
03BF001,1990-09-26,181.0,
03BF001,1990-10-26,248.0,
03BF001,1990-11-26,96.0999984741211,E
03BF001,1990-12-26,53.59999847412109,E
03BF001,1991-01-26,29.0,E
03BF001,1991-02-26,18.200000762939453,
03BF001,1991-03-26,13.800000190734863,E
03BF001,1991-04-26,269.0,
03BF001,1991-05-26,336.0,
03BF001,1991-06-26,71.30000305175781,
03BF001,1991-07-26,67.4000015258789,
03BF001,1991-08-26,27.700000762939453,
03BF001,1991-09-26,236.0,
03BF001,1991-10-26,174.0,
03BF001,1991-11-26,78.19999694824219,
03BF001,1991-12-26,37.79999923706055,E
03BF001,1992-01-26,22.0,E
03BF001,1992-02-26,14.100000381469728,E
03BF001,1992-03-26,10.0,
03BF001,1992-04-26,44.79999923706055,
03BF001,1992-05-26,202.0,
03BF001,1992-06-26,53.70000076293945,
03BF001,1992-07-26,75.4000015258789,
03BF001,1992-08-26,61.29999923706055,
03BF001,1992-09-26,148.0,
03BF001,1992-10-26,195.0,
03BF001,1992-11-26,79.19999694824219,
03BF001,1992-12-26,43.29999923706055,E
03BF001,1993-01-26,25.600000381469727,E
03BF001,1993-02-26,16.100000381469727,
03BF001,1993-03-26,11.800000190734863,E
03BF001,1993-04-26,179.0,
03BF001,1993-05-26,219.0,
03BF001,1993-06-26,91.3000030517578,
03BF001,1993-07-26,239.0,
03BF001,1993-08-26,58.20000076293945,
03BF001,1993-09-26,191.0,
03BF001,1993-10-26,187.0,
03BF001,1993-11-26,46.70000076293945,
03BF001,1993-12-26,25.5,E
03BF001,1994-01-26,15.300000190734863,E
03BF001,1994-02-26,11.100000381469728,
03BF001,1994-03-26,9.859999656677246,
03BF001,1994-04-26,65.0,
03BF001,1994-05-26,211.0,
03BF001,1994-06-26,123.0,
03BF001,1994-07-26,189.0,
03BF001,1994-08-26,112.0,
03BF001,1994-09-26,136.0,
03BF001,1994-10-26,135.0,
03BF001,1994-11-26,125.0,
03BF001,1994-12-26,51.400001525878906,E
03BF001,1995-01-26,28.200000762939453,E
03BF001,1995-02-26,21.799999237060547,
03BF001,1995-03-26,20.0,E
03BF001,1995-04-26,34.29999923706055,
03BF001,1995-05-26,237.0,
03BF001,1995-06-26,86.4000015258789,
03BF001,1995-07-26,118.0,
03BF001,1995-08-26,41.09999847412109,
03BF001,1995-09-26,123.0,
03BF001,1995-10-26,264.0,
03BF001,1995-11-26,84.4000015258789,
03BF001,1995-12-26,42.59999847412109,E
03BF001,1996-01-26,25.700000762939453,E
03BF001,1996-02-26,20.600000381469727,E
03BF001,1996-03-26,18.5,E
03BF001,1996-04-26,132.0,E
03BF001,1996-05-26,486.0,
03BF001,1996-06-26,118.0,
03BF001,1996-07-26,63.29999923706055,
03BF001,1996-08-26,88.4000015258789,
03BF001,1996-09-26,31.5,
03BF001,1996-10-26,114.0,
03BF001,1996-11-26,101.0,
03BF001,1996-12-26,49.59999847412109,
03BF001,1997-01-26,25.299999237060547,E
03BF001,1997-02-26,16.200000762939453,
03BF001,1997-03-26,14.0,E
03BF001,1997-04-26,190.0,
03BF001,1997-05-26,241.0,
03BF001,1997-06-26,56.79999923706055,
03BF001,1997-07-26,41.20000076293945,
03BF001,1997-08-26,41.79999923706055,
03BF001,1998-04-26,189.0,
03BF001,1998-05-26,60.09999847412109,
03BF001,1998-06-26,61.70000076293945,
03BF001,1998-07-26,155.0,
03BF001,1998-08-26,84.0999984741211,
03BF001,1998-09-26,126.0,
03BF001,1998-10-26,228.0,
03BF001,1998-11-26,73.30000305175781,
03BF001,1998-12-26,44.70000076293945,
03BF001,1999-01-26,31.0,
03BF001,1999-02-26,24.200000762939453,
03BF001,1999-03-26,22.100000381469727,
03BF001,1999-04-26,94.5,
03BF001,1999-05-26,236.0,
03BF001,1999-06-26,154.0,
03BF001,1999-07-26,147.0,
03BF001,1999-08-26,101.0,
03BF001,1999-09-26,155.0,
03BF001,1999-10-26,142.0,
03BF001,1999-11-26,173.0,
03BF001,1999-12-26,48.20000076293945,
03BF001,2000-01-26,28.200000762939453,
03BF001,2000-02-26,24.799999237060547,
03BF001,2000-03-26,39.70000076293945,E
03BF001,2000-04-26,222.0,
03BF001,2000-05-26,146.0,
03BF001,2000-06-26,135.0,
03BF001,2000-07-26,49.70000076293945,
03BF001,2000-08-26,96.9000015258789,
03BF001,2000-09-26,209.0,
03BF001,2000-10-26,83.4000015258789,
03BF001,2000-11-26,56.59999847412109,
03BF001,2000-12-26,29.5,
03BF001,2001-01-26,19.700000762939453,
03BF001,2001-02-26,15.600000381469728,
03BF001,2001-03-26,13.600000381469728,
03BF001,2001-04-26,223.0,
03BF001,2001-05-26,77.5999984741211,
03BF001,2001-06-26,49.29999923706055,
03BF001,2001-07-26,30.0,
03BF001,2001-08-26,37.09999847412109,
03BF001,2001-09-26,72.69999694824219,
03BF001,2001-10-26,122.0,
03BF001,2001-11-26,199.0,
03BF001,2001-12-26,60.20000076293945,
03BF001,2002-01-26,27.100000381469727,
03BF001,2002-02-26,17.899999618530273,
03BF001,2002-03-26,15.100000381469728,
03BF001,2002-04-26,306.0,
03BF001,2002-05-26,271.0,
03BF001,2002-06-26,62.400001525878906,
03BF001,2002-07-26,37.59999847412109,
03BF001,2002-08-26,90.0,
03BF001,2002-09-26,157.0,
03BF001,2002-10-26,204.0,
03BF001,2002-11-26,56.900001525878906,
03BF001,2002-12-26,28.299999237060547,
03BF001,2003-01-26,18.299999237060547,
03BF001,2003-02-26,14.100000381469728,
03BF001,2003-03-26,12.699999809265137,
03BF001,2003-04-26,61.400001525878906,
03BF001,2003-05-26,193.0,
03BF001,2003-06-26,41.79999923706055,
03BF001,2003-07-26,56.400001525878906,
03BF001,2003-08-26,73.9000015258789,
03BF001,2003-09-26,120.0,
03BF001,2003-10-26,111.0,
03BF001,2003-11-26,232.0,
03BF001,2003-12-26,56.79999923706055,
03BF001,2004-01-26,27.5,
03BF001,2004-02-26,19.100000381469727,
03BF001,2004-03-26,16.600000381469727,
03BF001,2004-04-26,29.799999237060547,
03BF001,2004-05-26,,
03BF001,2005-04-26,,
03BF001,2005-05-26,155.0,
03BF001,2005-06-26,56.5,
03BF001,2005-07-26,41.0,
03BF001,2005-08-26,96.4000015258789,
03BF001,2005-09-26,180.0,
03BF001,2005-10-26,232.0,
03BF001,2005-11-26,,
03BF001,2006-04-26,,
03BF001,2006-05-26,110.0,
03BF001,2006-06-26,60.900001525878906,
03BF001,2006-07-26,98.5999984741211,
03BF001,2006-08-26,87.9000015258789,
03BF001,2006-09-26,58.900001525878906,
03BF001,2006-10-26,97.6999969482422,
03BF001,2006-11-26,,
03BF001,2008-07-26,83.30000305175781,
03BF001,2008-08-26,112.0,
03BF001,2008-09-26,72.9000015258789,
03BF001,2008-10-26,117.0,
03BF001,2008-11-26,99.1999969482422,
03BF001,2008-12-26,43.20000076293945,
03BF001,2009-01-26,28.399999618530277,
03BF001,2009-02-26,22.0,
03BF001,2009-03-26,21.0,
03BF001,2009-04-26,280.0,
03BF001,2009-05-26,295.0,
03BF001,2009-06-26,63.0,
03BF001,2009-07-26,42.59999847412109,
03BF001,2009-08-26,82.0,
03BF001,2009-09-26,76.9000015258789,
03BF001,2009-10-26,99.9000015258789,
03BF001,2009-11-26,84.5,
03BF001,2009-12-26,37.400001525878906,
03BF001,2010-01-26,24.600000381469727,
03BF001,2010-02-26,19.0,
03BF001,2010-03-26,16.200000762939453,
03BF001,2010-04-26,119.0,
03BF001,2010-05-26,50.29999923706055,
03BF001,2010-06-26,24.600000381469727,
03BF001,2010-07-26,48.400001525878906,
03BF001,2010-08-26,80.19999694824219,
03BF001,2010-09-26,95.0999984741211,
03BF001,2010-10-26,56.0,
03BF001,2010-11-26,74.5,
03BF001,2010-12-26,53.29999923706055,
03BF001,2011-01-26,33.79999923706055,
03BF001,2011-02-26,18.600000381469727,
03BF001,2011-03-26,14.800000190734863,
03BF001,2011-04-26,,
03BF001,2011-07-26,36.900001525878906,
03BF001,2011-08-26,26.799999237060547,
03BF001,2011-09-26,59.900001525878906,
03BF001,2011-10-26,147.0,
03BF001,2011-11-26,98.0999984741211,
03BF001,2011-12-26,42.0,
03BF001,2012-01-26,29.299999237060547,
03BF001,2012-02-26,20.899999618530277,
03BF001,2012-03-26,331.0,
03BF001,2012-04-26,183.0,
03BF001,2012-05-26,168.0,
03BF001,2012-06-26,111.0,
03BF001,2012-07-26,73.4000015258789,
03BF001,2012-08-26,89.0,
03BF001,2012-09-26,296.0,
03BF001,2012-10-26,190.0,
03BF001,2012-11-26,112.0,B
03BF001,2012-12-26,54.79999923706055,B
03BF001,2013-01-26,30.299999237060547,B
03BF001,2013-02-26,20.100000381469727,B
03BF001,2013-03-26,17.299999237060547,B
03BF001,2013-04-26,116.0,B
03BF001,2013-05-26,,
03BF001,2013-10-26,214.0,
03BF001,2013-11-26,152.0,B
03BF001,2013-12-26,44.400001525878906,B
03BF001,2014-01-26,21.399999618530277,B
03BF001,2014-02-26,13.399999618530272,B
03BF001,2014-03-26,9.869999885559082,B
03BF001,2014-04-26,9.630000114440918,B
03BF001,2014-05-26,262.0,
03BF001,2014-06-26,103.0,
03BF001,2014-07-26,281.0,
03BF001,2014-08-26,108.0,
03BF001,2014-09-26,156.0,
03BF001,2014-10-26,224.0,
03BF001,2014-11-26,80.9000015258789,B
03BF001,2014-12-26,42.29999923706055,B
03BF001,2015-01-26,23.399999618530277,B
03BF001,2015-02-26,16.700000762939453,B
03BF001,2015-03-26,14.399999618530272,B
03BF001,2015-04-26,228.0,B
03BF001,2015-05-26,169.0,
03BF001,2015-06-26,106.0,
03BF001,2015-07-26,158.0,
03BF001,2015-08-26,99.0,
03BF001,2015-09-26,148.0,
03BF001,2015-10-26,102.0,
03BF001,2015-11-26,120.0,B
03BF001,2015-12-26,73.80000305175781,B
03BF001,2016-01-26,36.09999847412109,B
03BF001,2016-02-26,23.799999237060547,B
03BF001,2016-03-26,19.200000762939453,B
03BF001,2016-04-26,90.0,B
03BF001,2016-05-26,172.0,
03BF001,2016-06-26,104.0,
03BF001,2016-07-26,58.0,
03BF001,2016-08-26,219.0,
03BF001,2016-09-26,212.0,
03BF001,2016-10-26,229.0,
03BF001,2016-11-26,,
03BF001,2017-05-26,282.0,
03BF001,2017-06-26,158.0,
03BF001,2017-07-26,43.900001525878906,
03BF001,2017-08-26,180.0,
03BF001,2017-09-26,52.79999923706055,
03BF001,2017-10-26,144.0,
03BF001,2017-11-26,,
03BF001,2018-05-26,384.0,
03BF001,2018-06-26,74.0999984741211,
03BF001,2018-07-26,,
03BF001,2019-08-26,,
03BF001,2019-09-26,91.6999969482422,
03BF001,2019-10-26,71.19999694824219,
03BF001,2019-11-26,,
03BF001,2020-05-26,463.0,
03BF001,2020-06-26,183.0,
03BF001,2020-07-26,143.0,
03BF001,2020-08-26,191.0,
03BF001,2020-09-26,152.0,
03BF001,2020-10-26,173.0,
03BF001,2020-11-26,,
03BF001,2021-04-26,217.0,
03BF001,2021-05-26,209.0,
03BF001,2021-06-26,197.0,
03BF001,2021-07-26,40.70000076293945,
03BF001,2021-08-26,67.0999984741211,
03BF001,2021-09-26,303.0,
03BF001,2021-10-26,153.0,
03BF001,2021-11-26,,
03BF001,2022-05-26,179.0,
03BF001,2022-06-26,69.19999694824219,
03BF001,2022-07-26,237.0,
03BF001,2022-08-26,49.0,
03BF001,2022-09-26,51.70000076293945,
03BF001,2022-10-26,84.5999984741211,
03BF001,2022-11-26,,
03BF001,2023-05-26,68.9000015258789,
03BF001,2023-06-26,14.399999618530272,
03BF001,2023-07-26,,
03BF001,1975-05-27,,
03BF001,1975-06-27,87.80000305175781,
03BF001,1975-07-27,67.69999694824219,
03BF001,1975-08-27,94.3000030517578,
03BF001,1975-09-27,78.19999694824219,
03BF001,1975-10-27,117.0,
03BF001,1975-11-27,92.3000030517578,
03BF001,1975-12-27,29.399999618530277,E
03BF001,1976-01-27,16.299999237060547,E
03BF001,1976-02-27,10.800000190734863,E
03BF001,1976-03-27,14.0,
03BF001,1976-04-27,328.0,
03BF001,1976-05-27,194.0,
03BF001,1976-06-27,93.6999969482422,
03BF001,1976-07-27,133.0,
03BF001,1976-08-27,51.5,
03BF001,1976-09-27,50.09999847412109,
03BF001,1976-10-27,59.20000076293945,
03BF001,1976-11-27,39.09999847412109,
03BF001,1976-12-27,22.799999237060547,E
03BF001,1977-01-27,16.799999237060547,E
03BF001,1977-02-27,15.199999809265137,E
03BF001,1977-03-27,18.399999618530277,E
03BF001,1977-04-27,348.0,E
03BF001,1977-05-27,73.0999984741211,E
03BF001,1977-06-27,30.600000381469727,
03BF001,1977-07-27,39.900001525878906,
03BF001,1977-08-27,116.0,
03BF001,1977-09-27,97.6999969482422,
03BF001,1977-10-27,127.0,
03BF001,1977-11-27,48.5,E
03BF001,1977-12-27,22.799999237060547,E
03BF001,1978-01-27,11.600000381469728,E
03BF001,1978-02-27,8.100000381469727,E
03BF001,1978-03-27,7.099999904632568,E
03BF001,1978-04-27,19.0,E
03BF001,1978-05-27,220.0,E
03BF001,1978-06-27,117.0,
03BF001,1978-07-27,91.3000030517578,
03BF001,1978-08-27,239.0,
03BF001,1978-09-27,75.0999984741211,
03BF001,1978-10-27,143.0,
03BF001,1978-11-27,73.80000305175781,
03BF001,1978-12-27,40.79999923706055,E
03BF001,1979-01-27,21.700000762939453,E
03BF001,1979-02-27,14.800000190734863,E
03BF001,1979-03-27,15.300000190734863,E
03BF001,1979-04-27,372.0,E
03BF001,1979-05-27,249.0,
03BF001,1979-06-27,134.0,
03BF001,1979-07-27,137.0,
03BF001,1979-08-27,54.29999923706055,
03BF001,1979-09-27,152.0,
03BF001,1979-10-27,211.0,
03BF001,1979-11-27,116.0,
03BF001,1979-12-27,50.0,E
03BF001,1980-01-27,25.299999237060547,E
03BF001,1980-02-27,17.0,E
03BF001,1980-03-27,14.0,E
03BF001,1980-04-27,150.0,E
03BF001,1980-05-27,116.0,E
03BF001,1980-06-27,139.0,
03BF001,1980-07-27,71.5,
03BF001,1980-08-27,18.899999618530277,
03BF001,1980-09-27,83.9000015258789,
03BF001,1980-10-27,129.0,
03BF001,1980-11-27,44.0,
03BF001,1980-12-27,23.0,E
03BF001,1981-01-27,16.600000381469727,E
03BF001,1981-02-27,26.0,E
03BF001,1981-03-27,32.20000076293945,E
03BF001,1981-04-27,95.8000030517578,
03BF001,1981-05-27,266.0,
03BF001,1981-06-27,64.4000015258789,
03BF001,1981-07-27,33.29999923706055,
03BF001,1981-08-27,14.899999618530272,
03BF001,1981-09-27,132.0,
03BF001,1981-10-27,119.0,
03BF001,1981-11-27,55.09999847412109,
03BF001,1981-12-27,24.399999618530277,E
03BF001,1982-01-27,14.300000190734863,E
03BF001,1982-02-27,10.199999809265137,E
03BF001,1982-03-27,9.399999618530272,E
03BF001,1982-04-27,59.70000076293945,
03BF001,1982-05-27,135.0,
03BF001,1982-06-27,113.0,
03BF001,1982-07-27,194.0,
03BF001,1982-08-27,116.0,
03BF001,1982-09-27,94.0999984741211,
03BF001,1982-10-27,136.0,
03BF001,1982-11-27,93.0,E
03BF001,1982-12-27,48.0,E
03BF001,1983-01-27,21.200000762939453,E
03BF001,1983-02-27,16.0,E
03BF001,1983-03-27,14.100000381469728,E
03BF001,1983-04-27,98.4000015258789,
03BF001,1983-05-27,257.0,
03BF001,1983-06-27,76.0,
03BF001,1983-07-27,27.100000381469727,
03BF001,1983-08-27,57.59999847412109,
03BF001,1983-09-27,141.0,
03BF001,1983-10-27,104.0,
03BF001,1983-11-27,72.5,
03BF001,1983-12-27,29.0,E
03BF001,1984-01-27,22.700000762939453,E
03BF001,1984-02-27,21.799999237060547,E
03BF001,1984-03-27,18.100000381469727,
03BF001,1984-04-27,339.0,E
03BF001,1984-05-27,132.0,
03BF001,1984-06-27,158.0,
03BF001,1984-07-27,102.0,
03BF001,1984-08-27,48.70000076293945,
03BF001,1984-09-27,153.0,
03BF001,1984-10-27,90.6999969482422,
03BF001,1984-11-27,65.19999694824219,
03BF001,1984-12-27,122.0,
03BF001,1985-01-27,48.5,
03BF001,1985-02-27,26.799999237060547,E
03BF001,1985-03-27,20.399999618530277,E
03BF001,1985-04-27,386.0,
03BF001,1985-05-27,187.0,E
03BF001,1985-06-27,145.0,
03BF001,1985-07-27,184.0,
03BF001,1985-08-27,150.0,
03BF001,1985-09-27,208.0,
03BF001,1985-10-27,157.0,
03BF001,1985-11-27,75.4000015258789,
03BF001,1985-12-27,38.400001525878906,E
03BF001,1986-01-27,26.200000762939453,E
03BF001,1986-02-27,21.600000381469727,E
03BF001,1986-03-27,20.100000381469727,E
03BF001,1986-04-27,338.0,
03BF001,1986-05-27,400.0,E
03BF001,1986-06-27,149.0,
03BF001,1986-07-27,96.5999984741211,
03BF001,1986-08-27,81.9000015258789,
03BF001,1986-09-27,156.0,
03BF001,1986-10-27,92.4000015258789,
03BF001,1986-11-27,47.29999923706055,E
03BF001,1986-12-27,27.899999618530277,E
03BF001,1987-01-27,17.799999237060547,E
03BF001,1987-02-27,12.5,E
03BF001,1987-03-27,10.699999809265137,E
03BF001,1987-04-27,286.0,
03BF001,1987-05-27,99.0,E
03BF001,1987-06-27,42.29999923706055,E
03BF001,1987-07-27,79.0999984741211,
03BF001,1987-08-27,190.0,
03BF001,1987-09-27,179.0,
03BF001,1987-10-27,143.0,
03BF001,1987-11-27,167.0,
03BF001,1987-12-27,59.79999923706055,
03BF001,1988-01-27,29.299999237060547,E
03BF001,1988-02-27,18.200000762939453,E
03BF001,1988-03-27,15.600000381469728,E
03BF001,1988-04-27,262.0,
03BF001,1988-05-27,192.0,
03BF001,1988-06-27,122.0,
03BF001,1988-07-27,27.200000762939453,
03BF001,1988-08-27,17.200000762939453,
03BF001,1988-09-27,206.0,
03BF001,1988-10-27,80.69999694824219,
03BF001,1988-11-27,105.0,
03BF001,1988-12-27,46.900001525878906,E
03BF001,1989-01-27,21.200000762939453,E
03BF001,1989-02-27,11.600000381469728,E
03BF001,1989-03-27,8.039999961853027,E
03BF001,1989-04-27,8.3100004196167,E
03BF001,1989-05-27,342.0,
03BF001,1989-06-27,130.0,
03BF001,1989-07-27,37.0,
03BF001,1989-08-27,20.799999237060547,
03BF001,1989-09-27,178.0,
03BF001,1989-10-27,164.0,
03BF001,1989-11-27,78.5,E
03BF001,1989-12-27,35.79999923706055,E
03BF001,1990-01-27,21.899999618530277,E
03BF001,1990-02-27,15.399999618530272,
03BF001,1990-03-27,12.399999618530272,E
03BF001,1990-04-27,191.0,
03BF001,1990-05-27,155.0,
03BF001,1990-06-27,98.4000015258789,
03BF001,1990-07-27,47.400001525878906,
03BF001,1990-08-27,37.5,
03BF001,1990-09-27,181.0,
03BF001,1990-10-27,233.0,
03BF001,1990-11-27,98.0,E
03BF001,1990-12-27,52.29999923706055,E
03BF001,1991-01-27,28.299999237060547,E
03BF001,1991-02-27,18.0,
03BF001,1991-03-27,14.0,E
03BF001,1991-04-27,268.0,
03BF001,1991-05-27,348.0,
03BF001,1991-06-27,67.4000015258789,
03BF001,1991-07-27,79.80000305175781,
03BF001,1991-08-27,29.299999237060547,
03BF001,1991-09-27,221.0,
03BF001,1991-10-27,241.0,
03BF001,1991-11-27,75.69999694824219,
03BF001,1991-12-27,37.20000076293945,E
03BF001,1992-01-27,21.700000762939453,E
03BF001,1992-02-27,14.0,E
03BF001,1992-03-27,10.0,
03BF001,1992-04-27,110.0,
03BF001,1992-05-27,187.0,
03BF001,1992-06-27,50.09999847412109,
03BF001,1992-07-27,68.9000015258789,
03BF001,1992-08-27,90.8000030517578,
03BF001,1992-09-27,140.0,
03BF001,1992-10-27,195.0,
03BF001,1992-11-27,77.4000015258789,
03BF001,1992-12-27,42.59999847412109,E
03BF001,1993-01-27,25.200000762939453,E
03BF001,1993-02-27,15.899999618530272,
03BF001,1993-03-27,11.800000190734863,E
03BF001,1993-04-27,220.0,
03BF001,1993-05-27,236.0,
03BF001,1993-06-27,86.30000305175781,
03BF001,1993-07-27,213.0,
03BF001,1993-08-27,57.70000076293945,
03BF001,1993-09-27,190.0,
03BF001,1993-10-27,172.0,
03BF001,1993-11-27,45.5,
03BF001,1993-12-27,24.899999618530277,E
03BF001,1994-01-27,15.100000381469728,E
03BF001,1994-02-27,11.0,
03BF001,1994-03-27,9.880000114440918,
03BF001,1994-04-27,63.900001525878906,
03BF001,1994-05-27,192.0,
03BF001,1994-06-27,116.0,
03BF001,1994-07-27,203.0,
03BF001,1994-08-27,122.0,
03BF001,1994-09-27,129.0,
03BF001,1994-10-27,132.0,
03BF001,1994-11-27,120.0,
03BF001,1994-12-27,50.09999847412109,E
03BF001,1995-01-27,27.899999618530277,E
03BF001,1995-02-27,21.700000762939453,
03BF001,1995-03-27,19.899999618530277,E
03BF001,1995-04-27,39.29999923706055,
03BF001,1995-05-27,215.0,
03BF001,1995-06-27,79.30000305175781,
03BF001,1995-07-27,110.0,
03BF001,1995-08-27,46.09999847412109,
03BF001,1995-09-27,123.0,
03BF001,1995-10-27,251.0,
03BF001,1995-11-27,82.19999694824219,
03BF001,1995-12-27,41.70000076293945,E
03BF001,1996-01-27,25.5,E
03BF001,1996-02-27,20.5,E
03BF001,1996-03-27,18.399999618530277,E
03BF001,1996-04-27,147.0,E
03BF001,1996-05-27,429.0,
03BF001,1996-06-27,109.0,
03BF001,1996-07-27,63.400001525878906,
03BF001,1996-08-27,116.0,
03BF001,1996-09-27,31.0,
03BF001,1996-10-27,116.0,
03BF001,1996-11-27,96.0,
03BF001,1996-12-27,48.5,
03BF001,1997-01-27,24.799999237060547,E
03BF001,1997-02-27,16.0,
03BF001,1997-03-27,14.0,E
03BF001,1997-04-27,308.0,
03BF001,1997-05-27,239.0,
03BF001,1997-06-27,57.20000076293945,
03BF001,1997-07-27,38.79999923706055,
03BF001,1997-08-27,52.70000076293945,
03BF001,1998-04-27,177.0,
03BF001,1998-05-27,56.20000076293945,
03BF001,1998-06-27,57.400001525878906,
03BF001,1998-07-27,171.0,
03BF001,1998-08-27,76.5,
03BF001,1998-09-27,132.0,
03BF001,1998-10-27,207.0,
03BF001,1998-11-27,71.69999694824219,
03BF001,1998-12-27,44.0,
03BF001,1999-01-27,30.700000762939453,
03BF001,1999-02-27,24.100000381469727,
03BF001,1999-03-27,22.100000381469727,
03BF001,1999-04-27,103.0,
03BF001,1999-05-27,240.0,
03BF001,1999-06-27,139.0,
03BF001,1999-07-27,139.0,
03BF001,1999-08-27,91.5999984741211,
03BF001,1999-09-27,144.0,
03BF001,1999-10-27,136.0,
03BF001,1999-11-27,199.0,
03BF001,1999-12-27,46.900001525878906,
03BF001,2000-01-27,27.899999618530277,
03BF001,2000-02-27,24.799999237060547,
03BF001,2000-03-27,46.5,E
03BF001,2000-04-27,276.0,
03BF001,2000-05-27,143.0,
03BF001,2000-06-27,164.0,
03BF001,2000-07-27,48.09999847412109,
03BF001,2000-08-27,86.80000305175781,
03BF001,2000-09-27,210.0,
03BF001,2000-10-27,92.6999969482422,
03BF001,2000-11-27,54.70000076293945,
03BF001,2000-12-27,29.100000381469727,
03BF001,2001-01-27,19.5,
03BF001,2001-02-27,15.5,
03BF001,2001-03-27,13.600000381469728,
03BF001,2001-04-27,273.0,
03BF001,2001-05-27,71.69999694824219,
03BF001,2001-06-27,48.79999923706055,
03BF001,2001-07-27,28.899999618530277,
03BF001,2001-08-27,34.599998474121094,
03BF001,2001-09-27,67.69999694824219,
03BF001,2001-10-27,134.0,
03BF001,2001-11-27,262.0,
03BF001,2001-12-27,58.29999923706055,
03BF001,2002-01-27,26.600000381469727,
03BF001,2002-02-27,17.700000762939453,
03BF001,2002-03-27,15.100000381469728,
03BF001,2002-04-27,324.0,
03BF001,2002-05-27,266.0,
03BF001,2002-06-27,59.09999847412109,
03BF001,2002-07-27,36.20000076293945,
03BF001,2002-08-27,86.0999984741211,
03BF001,2002-09-27,158.0,
03BF001,2002-10-27,197.0,
03BF001,2002-11-27,55.29999923706055,
03BF001,2002-12-27,27.799999237060547,
03BF001,2003-01-27,18.100000381469727,
03BF001,2003-02-27,14.0,
03BF001,2003-03-27,12.800000190734863,
03BF001,2003-04-27,67.4000015258789,
03BF001,2003-05-27,172.0,
03BF001,2003-06-27,50.29999923706055,
03BF001,2003-07-27,52.70000076293945,
03BF001,2003-08-27,72.19999694824219,
03BF001,2003-09-27,136.0,
03BF001,2003-10-27,103.0,
03BF001,2003-11-27,246.0,
03BF001,2003-12-27,55.29999923706055,
03BF001,2004-01-27,27.0,
03BF001,2004-02-27,19.0,
03BF001,2004-03-27,16.700000762939453,
03BF001,2004-04-27,32.70000076293945,
03BF001,2004-05-27,,
03BF001,2005-04-27,,
03BF001,2005-05-27,139.0,
03BF001,2005-06-27,57.09999847412109,
03BF001,2005-07-27,40.400001525878906,
03BF001,2005-08-27,83.5,
03BF001,2005-09-27,173.0,
03BF001,2005-10-27,213.0,
03BF001,2005-11-27,,
03BF001,2006-04-27,427.0,
03BF001,2006-05-27,98.6999969482422,
03BF001,2006-06-27,57.09999847412109,
03BF001,2006-07-27,84.80000305175781,
03BF001,2006-08-27,78.30000305175781,
03BF001,2006-09-27,56.29999923706055,
03BF001,2006-10-27,90.1999969482422,
03BF001,2006-11-27,,
03BF001,2008-07-27,94.5,
03BF001,2008-08-27,114.0,
03BF001,2008-09-27,68.19999694824219,
03BF001,2008-10-27,113.0,
03BF001,2008-11-27,91.6999969482422,
03BF001,2008-12-27,42.5,
03BF001,2009-01-27,28.100000381469727,
03BF001,2009-02-27,21.899999618530277,
03BF001,2009-03-27,21.100000381469727,
03BF001,2009-04-27,319.0,
03BF001,2009-05-27,267.0,
03BF001,2009-06-27,60.09999847412109,
03BF001,2009-07-27,39.900001525878906,
03BF001,2009-08-27,115.0,
03BF001,2009-09-27,78.4000015258789,
03BF001,2009-10-27,106.0,
03BF001,2009-11-27,86.0,
03BF001,2009-12-27,36.70000076293945,
03BF001,2010-01-27,24.299999237060547,
03BF001,2010-02-27,18.799999237060547,
03BF001,2010-03-27,16.200000762939453,
03BF001,2010-04-27,110.0,
03BF001,2010-05-27,52.70000076293945,
03BF001,2010-06-27,24.299999237060547,
03BF001,2010-07-27,51.5,
03BF001,2010-08-27,74.0,
03BF001,2010-09-27,84.0999984741211,
03BF001,2010-10-27,54.79999923706055,
03BF001,2010-11-27,78.19999694824219,
03BF001,2010-12-27,52.20000076293945,
03BF001,2011-01-27,32.79999923706055,
03BF001,2011-02-27,18.399999618530277,
03BF001,2011-03-27,14.699999809265137,
03BF001,2011-04-27,,
03BF001,2011-07-27,37.29999923706055,
03BF001,2011-08-27,31.100000381469727,
03BF001,2011-09-27,57.79999923706055,
03BF001,2011-10-27,177.0,
03BF001,2011-11-27,105.0,
03BF001,2011-12-27,41.5,
03BF001,2012-01-27,28.700000762939453,
03BF001,2012-02-27,20.200000762939453,
03BF001,2012-03-27,291.0,
03BF001,2012-04-27,186.0,
03BF001,2012-05-27,203.0,
03BF001,2012-06-27,99.9000015258789,
03BF001,2012-07-27,79.0,
03BF001,2012-08-27,97.5999984741211,
03BF001,2012-09-27,285.0,
03BF001,2012-10-27,184.0,
03BF001,2012-11-27,108.0,B
03BF001,2012-12-27,53.70000076293945,B
03BF001,2013-01-27,29.799999237060547,B
03BF001,2013-02-27,19.899999618530277,B
03BF001,2013-03-27,17.299999237060547,B
03BF001,2013-04-27,147.0,B
03BF001,2013-05-27,,
03BF001,2013-10-27,217.0,
03BF001,2013-11-27,143.0,B
03BF001,2013-12-27,43.09999847412109,B
03BF001,2014-01-27,21.100000381469727,B
03BF001,2014-02-27,13.199999809265137,B
03BF001,2014-03-27,9.81999969482422,B
03BF001,2014-04-27,9.640000343322754,B
03BF001,2014-05-27,252.0,
03BF001,2014-06-27,97.8000030517578,
03BF001,2014-07-27,281.0,
03BF001,2014-08-27,98.9000015258789,
03BF001,2014-09-27,140.0,
03BF001,2014-10-27,207.0,
03BF001,2014-11-27,97.4000015258789,B
03BF001,2014-12-27,41.29999923706055,B
03BF001,2015-01-27,23.100000381469727,B
03BF001,2015-02-27,16.600000381469727,B
03BF001,2015-03-27,14.300000190734863,B
03BF001,2015-04-27,296.0,B
03BF001,2015-05-27,158.0,
03BF001,2015-06-27,108.0,
03BF001,2015-07-27,224.0,
03BF001,2015-08-27,97.9000015258789,
03BF001,2015-09-27,130.0,
03BF001,2015-10-27,111.0,
03BF001,2015-11-27,111.0,B
03BF001,2015-12-27,73.80000305175781,B
03BF001,2016-01-27,35.5,B
03BF001,2016-02-27,23.5,B
03BF001,2016-03-27,19.100000381469727,B
03BF001,2016-04-27,84.80000305175781,B
03BF001,2016-05-27,157.0,
03BF001,2016-06-27,99.5999984741211,
03BF001,2016-07-27,72.0999984741211,
03BF001,2016-08-27,191.0,
03BF001,2016-09-27,191.0,
03BF001,2016-10-27,210.0,
03BF001,2016-11-27,,
03BF001,2017-05-27,255.0,
03BF001,2017-06-27,137.0,
03BF001,2017-07-27,42.79999923706055,
03BF001,2017-08-27,166.0,
03BF001,2017-09-27,62.20000076293945,
03BF001,2017-10-27,151.0,
03BF001,2017-11-27,,
03BF001,2018-05-27,360.0,
03BF001,2018-06-27,69.0999984741211,
03BF001,2018-07-27,,
03BF001,2019-08-27,,
03BF001,2019-09-27,114.0,
03BF001,2019-10-27,73.4000015258789,
03BF001,2019-11-27,,
03BF001,2020-05-27,420.0,
03BF001,2020-06-27,188.0,
03BF001,2020-07-27,145.0,
03BF001,2020-08-27,195.0,
03BF001,2020-09-27,182.0,
03BF001,2020-10-27,162.0,
03BF001,2020-11-27,,
03BF001,2021-04-27,199.0,
03BF001,2021-05-27,230.0,
03BF001,2021-06-27,215.0,
03BF001,2021-07-27,49.09999847412109,
03BF001,2021-08-27,62.79999923706055,
03BF001,2021-09-27,282.0,
03BF001,2021-10-27,140.0,
03BF001,2021-11-27,,
03BF001,2022-05-27,165.0,
03BF001,2022-06-27,69.80000305175781,
03BF001,2022-07-27,210.0,
03BF001,2022-08-27,45.70000076293945,
03BF001,2022-09-27,48.59999847412109,
03BF001,2022-10-27,83.80000305175781,
03BF001,2022-11-27,,
03BF001,2023-05-27,65.5,
03BF001,2023-06-27,13.899999618530272,
03BF001,2023-07-27,,
03BF001,1975-05-28,,
03BF001,1975-06-28,90.3000030517578,
03BF001,1975-07-28,92.5999984741211,
03BF001,1975-08-28,84.0999984741211,
03BF001,1975-09-28,73.0999984741211,
03BF001,1975-10-28,125.0,
03BF001,1975-11-28,87.80000305175781,
03BF001,1975-12-28,28.600000381469727,E
03BF001,1976-01-28,16.0,E
03BF001,1976-02-28,10.699999809265137,E
03BF001,1976-03-28,14.0,
03BF001,1976-04-28,357.0,
03BF001,1976-05-28,181.0,
03BF001,1976-06-28,82.69999694824219,
03BF001,1976-07-28,126.0,
03BF001,1976-08-28,48.400001525878906,
03BF001,1976-09-28,51.0,
03BF001,1976-10-28,55.5,
03BF001,1976-11-28,39.59999847412109,
03BF001,1976-12-28,22.700000762939453,E
03BF001,1977-01-28,16.700000762939453,E
03BF001,1977-02-28,15.199999809265137,E
03BF001,1977-03-28,19.5,E
03BF001,1977-04-28,303.0,E
03BF001,1977-05-28,68.0,E
03BF001,1977-06-28,30.899999618530277,
03BF001,1977-07-28,40.5,
03BF001,1977-08-28,161.0,
03BF001,1977-09-28,90.5999984741211,
03BF001,1977-10-28,164.0,
03BF001,1977-11-28,53.0,E
03BF001,1977-12-28,22.0,E
03BF001,1978-01-28,11.399999618530272,E
03BF001,1978-02-28,8.0,E
03BF001,1978-03-28,7.099999904632568,E
03BF001,1978-04-28,21.200000762939453,E
03BF001,1978-05-28,227.0,E
03BF001,1978-06-28,143.0,
03BF001,1978-07-28,91.6999969482422,
03BF001,1978-08-28,215.0,
03BF001,1978-09-28,79.80000305175781,
03BF001,1978-10-28,158.0,
03BF001,1978-11-28,72.0,
03BF001,1978-12-28,40.0,E
03BF001,1979-01-28,21.399999618530277,E
03BF001,1979-02-28,14.699999809265137,E
03BF001,1979-03-28,15.699999809265137,E
03BF001,1979-04-28,380.0,E
03BF001,1979-05-28,243.0,
03BF001,1979-06-28,127.0,
03BF001,1979-07-28,144.0,
03BF001,1979-08-28,59.79999923706055,
03BF001,1979-09-28,162.0,
03BF001,1979-10-28,205.0,
03BF001,1979-11-28,131.0,
03BF001,1979-12-28,49.0,E
03BF001,1980-01-28,24.799999237060547,E
03BF001,1980-02-28,16.700000762939453,E
03BF001,1980-03-28,14.0,E
03BF001,1980-04-28,250.0,E
03BF001,1980-05-28,106.0,E
03BF001,1980-06-28,132.0,
03BF001,1980-07-28,66.69999694824219,
03BF001,1980-08-28,17.700000762939453,
03BF001,1980-09-28,82.5999984741211,
03BF001,1980-10-28,122.0,
03BF001,1980-11-28,43.0,
03BF001,1980-12-28,22.799999237060547,E
03BF001,1981-01-28,16.5,E
03BF001,1981-02-28,31.0,E
03BF001,1981-03-28,32.099998474121094,E
03BF001,1981-04-28,133.0,
03BF001,1981-05-28,246.0,
03BF001,1981-06-28,59.70000076293945,
03BF001,1981-07-28,31.899999618530277,
03BF001,1981-08-28,13.399999618530272,
03BF001,1981-09-28,121.0,
03BF001,1981-10-28,110.0,
03BF001,1981-11-28,54.79999923706055,
03BF001,1981-12-28,24.0,E
03BF001,1982-01-28,14.100000381469728,E
03BF001,1982-02-28,10.100000381469728,E
03BF001,1982-03-28,9.449999809265137,E
03BF001,1982-04-28,66.5,
03BF001,1982-05-28,124.0,
03BF001,1982-06-28,112.0,
03BF001,1982-07-28,189.0,
03BF001,1982-08-28,117.0,
03BF001,1982-09-28,87.0,
03BF001,1982-10-28,146.0,
03BF001,1982-11-28,90.0,E
03BF001,1982-12-28,46.5,E
03BF001,1983-01-28,20.799999237060547,E
03BF001,1983-02-28,15.800000190734863,E
03BF001,1983-03-28,14.0,E
03BF001,1983-04-28,143.0,
03BF001,1983-05-28,266.0,
03BF001,1983-06-28,69.30000305175781,
03BF001,1983-07-28,26.0,
03BF001,1983-08-28,51.59999847412109,
03BF001,1983-09-28,136.0,
03BF001,1983-10-28,98.6999969482422,
03BF001,1983-11-28,70.0999984741211,
03BF001,1983-12-28,28.5,E
03BF001,1984-01-28,22.600000381469727,E
03BF001,1984-02-28,21.5,E
03BF001,1984-03-28,18.100000381469727,
03BF001,1984-04-28,338.0,E
03BF001,1984-05-28,129.0,
03BF001,1984-06-28,170.0,
03BF001,1984-07-28,100.0,
03BF001,1984-08-28,48.09999847412109,
03BF001,1984-09-28,193.0,
03BF001,1984-10-28,93.0999984741211,
03BF001,1984-11-28,69.5,
03BF001,1984-12-28,118.0,
03BF001,1985-01-28,47.70000076293945,
03BF001,1985-02-28,26.399999618530277,E
03BF001,1985-03-28,20.299999237060547,E
03BF001,1985-04-28,451.0,
03BF001,1985-05-28,175.0,E
03BF001,1985-06-28,132.0,
03BF001,1985-07-28,183.0,
03BF001,1985-08-28,132.0,
03BF001,1985-09-28,190.0,
03BF001,1985-10-28,157.0,
03BF001,1985-11-28,74.5999984741211,
03BF001,1985-12-28,37.70000076293945,E
03BF001,1986-01-28,26.0,E
03BF001,1986-02-28,21.399999618530277,E
03BF001,1986-03-28,20.100000381469727,E
03BF001,1986-04-28,444.0,
03BF001,1986-05-28,380.0,E
03BF001,1986-06-28,136.0,
03BF001,1986-07-28,106.0,
03BF001,1986-08-28,78.4000015258789,
03BF001,1986-09-28,156.0,
03BF001,1986-10-28,89.5,
03BF001,1986-11-28,46.20000076293945,E
03BF001,1986-12-28,27.600000381469727,E
03BF001,1987-01-28,17.600000381469727,E
03BF001,1987-02-28,12.399999618530272,E
03BF001,1987-03-28,10.699999809265137,E
03BF001,1987-04-28,266.0,
03BF001,1987-05-28,97.5,E
03BF001,1987-06-28,45.70000076293945,
03BF001,1987-07-28,74.69999694824219,
03BF001,1987-08-28,174.0,
03BF001,1987-09-28,170.0,
03BF001,1987-10-28,139.0,
03BF001,1987-11-28,158.0,
03BF001,1987-12-28,56.20000076293945,
03BF001,1988-01-28,28.700000762939453,E
03BF001,1988-02-28,18.0,E
03BF001,1988-03-28,15.699999809265137,E
03BF001,1988-04-28,264.0,
03BF001,1988-05-28,186.0,
03BF001,1988-06-28,106.0,
03BF001,1988-07-28,26.100000381469727,
03BF001,1988-08-28,19.799999237060547,
03BF001,1988-09-28,210.0,
03BF001,1988-10-28,87.5,
03BF001,1988-11-28,110.0,
03BF001,1988-12-28,45.79999923706055,E
03BF001,1989-01-28,20.799999237060547,E
03BF001,1989-02-28,11.399999618530272,E
03BF001,1989-03-28,8.020000457763672,E
03BF001,1989-04-28,8.510000228881836,E
03BF001,1989-05-28,438.0,
03BF001,1989-06-28,118.0,
03BF001,1989-07-28,36.900001525878906,
03BF001,1989-08-28,20.299999237060547,
03BF001,1989-09-28,176.0,
03BF001,1989-10-28,165.0,
03BF001,1989-11-28,76.4000015258789,E
03BF001,1989-12-28,35.0,E
03BF001,1990-01-28,21.600000381469727,E
03BF001,1990-02-28,15.300000190734863,
03BF001,1990-03-28,12.300000190734863,E
03BF001,1990-04-28,313.0,
03BF001,1990-05-28,141.0,
03BF001,1990-06-28,99.5999984741211,
03BF001,1990-07-28,43.79999923706055,
03BF001,1990-08-28,37.20000076293945,
03BF001,1990-09-28,183.0,
03BF001,1990-10-28,218.0,
03BF001,1990-11-28,99.1999969482422,E
03BF001,1990-12-28,51.29999923706055,E
03BF001,1991-01-28,27.899999618530277,E
03BF001,1991-02-28,17.799999237060547,
03BF001,1991-03-28,15.199999809265137,E
03BF001,1991-04-28,273.0,
03BF001,1991-05-28,314.0,
03BF001,1991-06-28,66.0,
03BF001,1991-07-28,85.5999984741211,
03BF001,1991-08-28,31.0,
03BF001,1991-09-28,212.0,
03BF001,1991-10-28,272.0,
03BF001,1991-11-28,73.9000015258789,
03BF001,1991-12-28,36.70000076293945,E
03BF001,1992-01-28,21.299999237060547,E
03BF001,1992-02-28,13.699999809265137,E
03BF001,1992-03-28,9.989999771118164,
03BF001,1992-04-28,139.0,
03BF001,1992-05-28,174.0,
03BF001,1992-06-28,46.5,
03BF001,1992-07-28,61.59999847412109,
03BF001,1992-08-28,106.0,
03BF001,1992-09-28,137.0,
03BF001,1992-10-28,186.0,
03BF001,1992-11-28,75.5999984741211,
03BF001,1992-12-28,41.900001525878906,E
03BF001,1993-01-28,24.799999237060547,E
03BF001,1993-02-28,15.600000381469728,
03BF001,1993-03-28,11.699999809265137,E
03BF001,1993-04-28,240.0,
03BF001,1993-05-28,252.0,
03BF001,1993-06-28,84.80000305175781,
03BF001,1993-07-28,179.0,
03BF001,1993-08-28,64.30000305175781,
03BF001,1993-09-28,179.0,
03BF001,1993-10-28,156.0,
03BF001,1993-11-28,44.59999847412109,
03BF001,1993-12-28,24.5,E
03BF001,1994-01-28,15.0,E
03BF001,1994-02-28,11.0,
03BF001,1994-03-28,9.869999885559082,
03BF001,1994-04-28,63.400001525878906,
03BF001,1994-05-28,175.0,
03BF001,1994-06-28,111.0,
03BF001,1994-07-28,222.0,
03BF001,1994-08-28,139.0,
03BF001,1994-09-28,130.0,
03BF001,1994-10-28,128.0,
03BF001,1994-11-28,116.0,
03BF001,1994-12-28,49.09999847412109,E
03BF001,1995-01-28,27.5,E
03BF001,1995-02-28,21.600000381469727,
03BF001,1995-03-28,19.899999618530277,E
03BF001,1995-04-28,49.09999847412109,
03BF001,1995-05-28,197.0,
03BF001,1995-06-28,71.4000015258789,
03BF001,1995-07-28,102.0,
03BF001,1995-08-28,49.20000076293945,
03BF001,1995-09-28,122.0,
03BF001,1995-10-28,243.0,
03BF001,1995-11-28,80.4000015258789,
03BF001,1995-12-28,40.79999923706055,E
03BF001,1996-01-28,25.200000762939453,E
03BF001,1996-02-28,20.299999237060547,E
03BF001,1996-03-28,18.5,E
03BF001,1996-04-28,150.0,E
03BF001,1996-05-28,382.0,
03BF001,1996-06-28,99.4000015258789,
03BF001,1996-07-28,61.70000076293945,
03BF001,1996-08-28,142.0,
03BF001,1996-09-28,32.29999923706055,
03BF001,1996-10-28,120.0,
03BF001,1996-11-28,90.3000030517578,
03BF001,1996-12-28,47.400001525878906,
03BF001,1997-01-28,24.299999237060547,E
03BF001,1997-02-28,15.899999618530272,
03BF001,1997-03-28,14.0,E
03BF001,1997-04-28,403.0,
03BF001,1997-05-28,225.0,
03BF001,1997-06-28,60.29999923706055,
03BF001,1997-07-28,36.400001525878906,
03BF001,1997-08-28,,
03BF001,1998-04-28,163.0,
03BF001,1998-05-28,53.29999923706055,
03BF001,1998-06-28,52.79999923706055,
03BF001,1998-07-28,183.0,
03BF001,1998-08-28,71.5999984741211,
03BF001,1998-09-28,131.0,
03BF001,1998-10-28,193.0,
03BF001,1998-11-28,70.0999984741211,
03BF001,1998-12-28,43.5,
03BF001,1999-01-28,30.399999618530277,
03BF001,1999-02-28,24.0,
03BF001,1999-03-28,22.100000381469727,
03BF001,1999-04-28,115.0,
03BF001,1999-05-28,243.0,
03BF001,1999-06-28,128.0,
03BF001,1999-07-28,133.0,
03BF001,1999-08-28,82.0999984741211,
03BF001,1999-09-28,140.0,
03BF001,1999-10-28,128.0,
03BF001,1999-11-28,201.0,
03BF001,1999-12-28,45.79999923706055,
03BF001,2000-01-28,27.600000381469727,
03BF001,2000-02-28,24.799999237060547,
03BF001,2000-03-28,53.59999847412109,E
03BF001,2000-04-28,351.0,
03BF001,2000-05-28,140.0,
03BF001,2000-06-28,207.0,
03BF001,2000-07-28,46.5,
03BF001,2000-08-28,78.0999984741211,
03BF001,2000-09-28,203.0,
03BF001,2000-10-28,110.0,
03BF001,2000-11-28,52.900001525878906,
03BF001,2000-12-28,28.600000381469727,
03BF001,2001-01-28,19.399999618530277,
03BF001,2001-02-28,15.399999618530272,
03BF001,2001-03-28,13.5,
03BF001,2001-04-28,302.0,
03BF001,2001-05-28,69.5999984741211,
03BF001,2001-06-28,48.09999847412109,
03BF001,2001-07-28,28.5,
03BF001,2001-08-28,32.29999923706055,
03BF001,2001-09-28,62.29999923706055,
03BF001,2001-10-28,144.0,
03BF001,2001-11-28,268.0,
03BF001,2001-12-28,56.400001525878906,
03BF001,2002-01-28,26.100000381469727,
03BF001,2002-02-28,17.600000381469727,
03BF001,2002-03-28,15.0,
03BF001,2002-04-28,325.0,
03BF001,2002-05-28,255.0,
03BF001,2002-06-28,55.20000076293945,
03BF001,2002-07-28,35.599998474121094,
03BF001,2002-08-28,81.9000015258789,
03BF001,2002-09-28,154.0,
03BF001,2002-10-28,186.0,
03BF001,2002-11-28,53.70000076293945,
03BF001,2002-12-28,27.299999237060547,
03BF001,2003-01-28,18.0,
03BF001,2003-02-28,13.899999618530272,
03BF001,2003-03-28,12.800000190734863,
03BF001,2003-04-28,76.5,
03BF001,2003-05-28,154.0,
03BF001,2003-06-28,66.69999694824219,
03BF001,2003-07-28,50.29999923706055,
03BF001,2003-08-28,75.0,
03BF001,2003-09-28,144.0,
03BF001,2003-10-28,96.5999984741211,
03BF001,2003-11-28,241.0,
03BF001,2003-12-28,53.79999923706055,
03BF001,2004-01-28,26.5,
03BF001,2004-02-28,18.899999618530277,
03BF001,2004-03-28,16.700000762939453,
03BF001,2004-04-28,36.09999847412109,
03BF001,2004-05-28,,
03BF001,2005-04-28,,
03BF001,2005-05-28,126.0,
03BF001,2005-06-28,61.70000076293945,
03BF001,2005-07-28,41.09999847412109,
03BF001,2005-08-28,73.5999984741211,
03BF001,2005-09-28,166.0,
03BF001,2005-10-28,196.0,
03BF001,2005-11-28,,
03BF001,2006-04-28,376.0,
03BF001,2006-05-28,88.5999984741211,
03BF001,2006-06-28,55.20000076293945,
03BF001,2006-07-28,74.0999984741211,
03BF001,2006-08-28,72.0,
03BF001,2006-09-28,58.29999923706055,
03BF001,2006-10-28,85.0,
03BF001,2006-11-28,,
03BF001,2008-07-28,106.0,
03BF001,2008-08-28,105.0,
03BF001,2008-09-28,64.80000305175781,
03BF001,2008-10-28,116.0,
03BF001,2008-11-28,85.19999694824219,
03BF001,2008-12-28,41.900001525878906,
03BF001,2009-01-28,27.799999237060547,
03BF001,2009-02-28,21.799999237060547,
03BF001,2009-03-28,21.200000762939453,
03BF001,2009-04-28,354.0,
03BF001,2009-05-28,244.0,
03BF001,2009-06-28,58.20000076293945,
03BF001,2009-07-28,37.900001525878906,
03BF001,2009-08-28,147.0,
03BF001,2009-09-28,76.69999694824219,
03BF001,2009-10-28,106.0,
03BF001,2009-11-28,89.9000015258789,
03BF001,2009-12-28,36.09999847412109,
03BF001,2010-01-28,24.100000381469727,
03BF001,2010-02-28,18.700000762939453,
03BF001,2010-03-28,16.100000381469727,
03BF001,2010-04-28,102.0,
03BF001,2010-05-28,53.400001525878906,
03BF001,2010-06-28,24.799999237060547,
03BF001,2010-07-28,58.09999847412109,
03BF001,2010-08-28,72.4000015258789,
03BF001,2010-09-28,75.69999694824219,
03BF001,2010-10-28,55.0,
03BF001,2010-11-28,77.5,
03BF001,2010-12-28,51.20000076293945,
03BF001,2011-01-28,32.0,
03BF001,2011-02-28,18.200000762939453,
03BF001,2011-03-28,14.600000381469728,
03BF001,2011-04-28,,
03BF001,2011-07-28,36.400001525878906,
03BF001,2011-08-28,39.29999923706055,
03BF001,2011-09-28,54.09999847412109,
03BF001,2011-10-28,182.0,
03BF001,2011-11-28,85.30000305175781,
03BF001,2011-12-28,40.5,
03BF001,2012-01-28,28.100000381469727,
03BF001,2012-02-28,19.799999237060547,
03BF001,2012-03-28,263.0,
03BF001,2012-04-28,177.0,
03BF001,2012-05-28,212.0,
03BF001,2012-06-28,88.9000015258789,
03BF001,2012-07-28,82.0,
03BF001,2012-08-28,115.0,
03BF001,2012-09-28,264.0,
03BF001,2012-10-28,172.0,
03BF001,2012-11-28,105.0,B
03BF001,2012-12-28,52.59999847412109,B
03BF001,2013-01-28,29.299999237060547,B
03BF001,2013-02-28,19.700000762939453,B
03BF001,2013-03-28,17.399999618530273,B
03BF001,2013-04-28,190.0,B
03BF001,2013-05-28,,
03BF001,2013-10-28,207.0,
03BF001,2013-11-28,135.0,B
03BF001,2013-12-28,42.0,B
03BF001,2014-01-28,20.700000762939453,B
03BF001,2014-02-28,13.100000381469728,B
03BF001,2014-03-28,9.770000457763672,B
03BF001,2014-04-28,9.649999618530272,B
03BF001,2014-05-28,238.0,
03BF001,2014-06-28,89.80000305175781,
03BF001,2014-07-28,267.0,
03BF001,2014-08-28,93.8000030517578,
03BF001,2014-09-28,126.0,
03BF001,2014-10-28,196.0,
03BF001,2014-11-28,94.1999969482422,B
03BF001,2014-12-28,40.29999923706055,B
03BF001,2015-01-28,22.700000762939453,B
03BF001,2015-02-28,16.399999618530273,B
03BF001,2015-03-28,14.300000190734863,B
03BF001,2015-04-28,427.0,B
03BF001,2015-05-28,162.0,
03BF001,2015-06-28,101.0,
03BF001,2015-07-28,243.0,
03BF001,2015-08-28,95.5999984741211,
03BF001,2015-09-28,119.0,
03BF001,2015-10-28,109.0,
03BF001,2015-11-28,104.0,B
03BF001,2015-12-28,75.69999694824219,B
03BF001,2016-01-28,34.900001525878906,B
03BF001,2016-02-28,23.299999237060547,B
03BF001,2016-03-28,19.0,B
03BF001,2016-04-28,78.30000305175781,B
03BF001,2016-05-28,150.0,
03BF001,2016-06-28,101.0,
03BF001,2016-07-28,89.19999694824219,
03BF001,2016-08-28,171.0,
03BF001,2016-09-28,182.0,
03BF001,2016-10-28,193.0,
03BF001,2016-11-28,,
03BF001,2017-05-28,230.0,
03BF001,2017-06-28,120.0,
03BF001,2017-07-28,40.900001525878906,
03BF001,2017-08-28,144.0,
03BF001,2017-09-28,82.0999984741211,
03BF001,2017-10-28,145.0,
03BF001,2017-11-28,,
03BF001,2018-05-28,337.0,
03BF001,2018-06-28,65.69999694824219,
03BF001,2018-07-28,,
03BF001,2019-08-28,,
03BF001,2019-09-28,139.0,
03BF001,2019-10-28,72.5999984741211,
03BF001,2019-11-28,,
03BF001,2020-05-28,431.0,
03BF001,2020-06-28,175.0,
03BF001,2020-07-28,176.0,
03BF001,2020-08-28,186.0,
03BF001,2020-09-28,263.0,
03BF001,2020-10-28,153.0,
03BF001,2020-11-28,,
03BF001,2021-04-28,192.0,
03BF001,2021-05-28,244.0,
03BF001,2021-06-28,201.0,
03BF001,2021-07-28,58.09999847412109,
03BF001,2021-08-28,60.5,
03BF001,2021-09-28,263.0,
03BF001,2021-10-28,129.0,
03BF001,2021-11-28,,
03BF001,2022-05-28,154.0,
03BF001,2022-06-28,74.5999984741211,
03BF001,2022-07-28,181.0,
03BF001,2022-08-28,42.5,
03BF001,2022-09-28,44.400001525878906,
03BF001,2022-10-28,87.0999984741211,
03BF001,2022-11-28,,
03BF001,2023-05-28,62.79999923706055,
03BF001,2023-06-28,13.399999618530272,
03BF001,2023-07-28,,
03BF001,1975-05-29,112.0,E
03BF001,1975-06-29,96.3000030517578,
03BF001,1975-07-29,130.0,
03BF001,1975-08-29,76.19999694824219,
03BF001,1975-09-29,69.0999984741211,
03BF001,1975-10-29,125.0,
03BF001,1975-11-29,80.0999984741211,
03BF001,1975-12-29,28.0,E
03BF001,1976-01-29,15.699999809265137,E
03BF001,1976-02-29,10.600000381469728,E
03BF001,1976-03-29,14.0,
03BF001,1976-04-29,411.0,
03BF001,1976-05-29,166.0,
03BF001,1976-06-29,75.0,
03BF001,1976-07-29,123.0,
03BF001,1976-08-29,43.59999847412109,
03BF001,1976-09-29,56.400001525878906,
03BF001,1976-10-29,60.0,
03BF001,1976-11-29,38.20000076293945,
03BF001,1976-12-29,22.200000762939453,E
03BF001,1977-01-29,16.700000762939453,E
03BF001,1977-03-29,21.200000762939453,E
03BF001,1977-04-29,275.0,E
03BF001,1977-05-29,64.5999984741211,E
03BF001,1977-06-29,36.5,
03BF001,1977-07-29,38.79999923706055,
03BF001,1977-08-29,248.0,
03BF001,1977-09-29,83.80000305175781,
03BF001,1977-10-29,178.0,
03BF001,1977-11-29,60.0,E
03BF001,1977-12-29,21.399999618530277,E
03BF001,1978-01-29,11.300000190734863,E
03BF001,1978-03-29,7.090000152587891,E
03BF001,1978-04-29,27.0,E
03BF001,1978-05-29,231.0,E
03BF001,1978-06-29,152.0,
03BF001,1978-07-29,94.5,
03BF001,1978-08-29,190.0,
03BF001,1978-09-29,87.5,
03BF001,1978-10-29,159.0,
03BF001,1978-11-29,76.5,
03BF001,1978-12-29,38.59999847412109,E
03BF001,1979-01-29,21.0,E
03BF001,1979-03-29,16.299999237060547,E
03BF001,1979-04-29,390.0,E
03BF001,1979-05-29,244.0,
03BF001,1979-06-29,127.0,
03BF001,1979-07-29,130.0,
03BF001,1979-08-29,69.5999984741211,
03BF001,1979-09-29,171.0,
03BF001,1979-10-29,189.0,
03BF001,1979-11-29,149.0,
03BF001,1979-12-29,47.59999847412109,E
03BF001,1980-01-29,24.299999237060547,E
03BF001,1980-02-29,16.799999237060547,E
03BF001,1980-03-29,13.899999618530272,E
03BF001,1980-04-29,350.0,E
03BF001,1980-05-29,98.0,E
03BF001,1980-06-29,123.0,
03BF001,1980-07-29,61.400001525878906,
03BF001,1980-08-29,16.899999618530273,
03BF001,1980-09-29,82.0999984741211,
03BF001,1980-10-29,118.0,
03BF001,1980-11-29,42.400001525878906,
03BF001,1980-12-29,22.399999618530277,E
03BF001,1981-01-29,16.399999618530273,E
03BF001,1981-03-29,32.0,E
03BF001,1981-04-29,187.0,
03BF001,1981-05-29,228.0,
03BF001,1981-06-29,59.09999847412109,
03BF001,1981-07-29,31.200000762939453,
03BF001,1981-08-29,13.399999618530272,
03BF001,1981-09-29,121.0,
03BF001,1981-10-29,101.0,
03BF001,1981-11-29,53.29999923706055,
03BF001,1981-12-29,23.399999618530277,E
03BF001,1982-01-29,13.899999618530272,E
03BF001,1982-03-29,9.5,E
03BF001,1982-04-29,73.5,
03BF001,1982-05-29,114.0,
03BF001,1982-06-29,108.0,
03BF001,1982-07-29,174.0,
03BF001,1982-08-29,128.0,
03BF001,1982-09-29,86.5999984741211,
03BF001,1982-10-29,148.0,
03BF001,1982-11-29,87.5,E
03BF001,1982-12-29,45.0,E
03BF001,1983-01-29,20.5,E
03BF001,1983-03-29,14.0,E
03BF001,1983-04-29,224.0,
03BF001,1983-05-29,284.0,
03BF001,1983-06-29,67.0999984741211,
03BF001,1983-07-29,27.299999237060547,
03BF001,1983-08-29,46.20000076293945,
03BF001,1983-09-29,134.0,
03BF001,1983-10-29,96.4000015258789,
03BF001,1983-11-29,64.0,
03BF001,1983-12-29,28.0,E
03BF001,1984-01-29,22.5,E
03BF001,1984-02-29,21.200000762939453,E
03BF001,1984-03-29,18.100000381469727,
03BF001,1984-04-29,332.0,E
03BF001,1984-05-29,124.0,
03BF001,1984-06-29,185.0,
03BF001,1984-07-29,96.3000030517578,
03BF001,1984-08-29,47.900001525878906,
03BF001,1984-09-29,210.0,
03BF001,1984-10-29,93.5,
03BF001,1984-11-29,91.5,
03BF001,1984-12-29,115.0,
03BF001,1985-01-29,46.900001525878906,
03BF001,1985-03-29,20.200000762939453,E
03BF001,1985-04-29,477.0,
03BF001,1985-05-29,160.0,E
03BF001,1985-06-29,119.0,
03BF001,1985-07-29,175.0,
03BF001,1985-08-29,115.0,
03BF001,1985-09-29,170.0,
03BF001,1985-10-29,157.0,
03BF001,1985-11-29,71.5,E
03BF001,1985-12-29,37.20000076293945,E
03BF001,1986-01-29,25.899999618530277,E
03BF001,1986-03-29,20.100000381469727,E
03BF001,1986-04-29,640.0,
03BF001,1986-05-29,360.0,E
03BF001,1986-06-29,128.0,
03BF001,1986-07-29,99.0,
03BF001,1986-08-29,73.0,
03BF001,1986-09-29,156.0,
03BF001,1986-10-29,89.19999694824219,
03BF001,1986-11-29,45.59999847412109,E
03BF001,1986-12-29,27.100000381469727,E
03BF001,1987-01-29,17.299999237060547,E
03BF001,1987-03-29,10.800000190734863,E
03BF001,1987-04-29,244.0,
03BF001,1987-05-29,96.4000015258789,E
03BF001,1987-06-29,54.400001525878906,
03BF001,1987-07-29,69.5,
03BF001,1987-08-29,155.0,
03BF001,1987-09-29,158.0,
03BF001,1987-10-29,136.0,
03BF001,1987-11-29,142.0,
03BF001,1987-12-29,53.900001525878906,
03BF001,1988-01-29,28.200000762939453,E
03BF001,1988-02-29,17.799999237060547,E
03BF001,1988-03-29,15.699999809265137,E
03BF001,1988-04-29,271.0,
03BF001,1988-05-29,176.0,
03BF001,1988-06-29,117.0,
03BF001,1988-07-29,25.0,
03BF001,1988-08-29,23.100000381469727,
03BF001,1988-09-29,203.0,
03BF001,1988-10-29,93.5,
03BF001,1988-11-29,107.0,
03BF001,1988-12-29,44.400001525878906,E
03BF001,1989-01-29,20.299999237060547,E
03BF001,1989-03-29,7.960000038146973,E
03BF001,1989-04-29,8.84000015258789,E
03BF001,1989-05-29,454.0,
03BF001,1989-06-29,108.0,
03BF001,1989-07-29,36.29999923706055,
03BF001,1989-08-29,19.700000762939453,
03BF001,1989-09-29,166.0,
03BF001,1989-10-29,163.0,
03BF001,1989-11-29,73.9000015258789,E
03BF001,1989-12-29,34.5,E
03BF001,1990-01-29,21.299999237060547,E
03BF001,1990-03-29,12.300000190734863,E
03BF001,1990-04-29,430.0,
03BF001,1990-05-29,128.0,
03BF001,1990-06-29,96.8000030517578,
03BF001,1990-07-29,38.400001525878906,
03BF001,1990-08-29,38.20000076293945,
03BF001,1990-09-29,172.0,
03BF001,1990-10-29,205.0,
03BF001,1990-11-29,99.5,E
03BF001,1990-12-29,50.400001525878906,E
03BF001,1991-01-29,27.5,E
03BF001,1991-03-29,15.800000190734863,E
03BF001,1991-04-29,287.0,
03BF001,1991-05-29,277.0,
03BF001,1991-06-29,68.0,
03BF001,1991-07-29,86.5,
03BF001,1991-08-29,31.100000381469727,
03BF001,1991-09-29,215.0,
03BF001,1991-10-29,271.0,
03BF001,1991-11-29,71.9000015258789,
03BF001,1991-12-29,36.0,E
03BF001,1992-01-29,21.0,E
03BF001,1992-02-29,13.5,E
03BF001,1992-03-29,9.93000030517578,
03BF001,1992-04-29,193.0,
03BF001,1992-05-29,163.0,
03BF001,1992-06-29,50.0,
03BF001,1992-07-29,56.59999847412109,
03BF001,1992-08-29,104.0,
03BF001,1992-09-29,143.0,
03BF001,1992-10-29,175.0,
03BF001,1992-11-29,73.80000305175781,
03BF001,1992-12-29,41.20000076293945,E
03BF001,1993-01-29,24.399999618530277,E
03BF001,1993-03-29,11.699999809265137,E
03BF001,1993-04-29,248.0,
03BF001,1993-05-29,248.0,
03BF001,1993-06-29,86.0,
03BF001,1993-07-29,150.0,
03BF001,1993-08-29,85.19999694824219,
03BF001,1993-09-29,168.0,
03BF001,1993-10-29,148.0,
03BF001,1993-11-29,43.70000076293945,
03BF001,1993-12-29,24.0,E
03BF001,1994-01-29,14.699999809265137,E
03BF001,1994-03-29,9.880000114440918,
03BF001,1994-04-29,62.900001525878906,
03BF001,1994-05-29,162.0,
03BF001,1994-06-29,104.0,
03BF001,1994-07-29,218.0,
03BF001,1994-08-29,210.0,
03BF001,1994-09-29,157.0,
03BF001,1994-10-29,126.0,
03BF001,1994-11-29,112.0,
03BF001,1994-12-29,47.70000076293945,E
03BF001,1995-01-29,27.299999237060547,E
03BF001,1995-03-29,19.899999618530277,E
03BF001,1995-04-29,76.30000305175781,
03BF001,1995-05-29,181.0,
03BF001,1995-06-29,65.5,
03BF001,1995-07-29,94.4000015258789,
03BF001,1995-08-29,49.900001525878906,
03BF001,1995-09-29,124.0,
03BF001,1995-10-29,244.0,
03BF001,1995-11-29,78.4000015258789,
03BF001,1995-12-29,40.0,E
03BF001,1996-01-29,24.899999618530277,E
03BF001,1996-02-29,20.299999237060547,E
03BF001,1996-03-29,18.299999237060547,E
03BF001,1996-04-29,150.0,E
03BF001,1996-05-29,345.0,
03BF001,1996-06-29,90.1999969482422,
03BF001,1996-07-29,59.70000076293945,
03BF001,1996-08-29,139.0,
03BF001,1996-09-29,36.20000076293945,
03BF001,1996-10-29,130.0,
03BF001,1996-11-29,87.69999694824219,
03BF001,1996-12-29,46.09999847412109,
03BF001,1997-01-29,23.899999618530277,E
03BF001,1997-03-29,14.0,E
03BF001,1997-04-29,454.0,
03BF001,1997-05-29,209.0,
03BF001,1997-06-29,61.59999847412109,
03BF001,1997-07-29,34.20000076293945,
03BF001,1997-08-29,,
03BF001,1998-04-29,154.0,
03BF001,1998-05-29,53.70000076293945,
03BF001,1998-06-29,48.5,
03BF001,1998-07-29,204.0,
03BF001,1998-08-29,70.80000305175781,
03BF001,1998-09-29,127.0,
03BF001,1998-10-29,188.0,
03BF001,1998-11-29,68.5999984741211,
03BF001,1998-12-29,42.900001525878906,
03BF001,1999-01-29,30.100000381469727,
03BF001,1999-03-29,22.0,
03BF001,1999-04-29,153.0,
03BF001,1999-05-29,236.0,
03BF001,1999-06-29,123.0,
03BF001,1999-07-29,134.0,
03BF001,1999-08-29,76.19999694824219,
03BF001,1999-09-29,146.0,
03BF001,1999-10-29,123.0,
03BF001,1999-11-29,191.0,
03BF001,1999-12-29,44.70000076293945,
03BF001,2000-01-29,27.399999618530277,
03BF001,2000-02-29,4.0,
03BF001,2000-03-29,62.70000076293945,E
03BF001,2000-04-29,370.0,
03BF001,2000-05-29,135.0,
03BF001,2000-06-29,219.0,
03BF001,2000-07-29,44.79999923706055,
03BF001,2000-08-29,71.69999694824219,
03BF001,2000-09-29,192.0,
03BF001,2000-10-29,131.0,
03BF001,2000-11-29,51.29999923706055,
03BF001,2000-12-29,28.100000381469727,
03BF001,2001-01-29,19.200000762939453,
03BF001,2001-03-29,13.399999618530272,
03BF001,2001-04-29,316.0,
03BF001,2001-05-29,66.9000015258789,
03BF001,2001-06-29,49.900001525878906,
03BF001,2001-07-29,28.100000381469727,
03BF001,2001-08-29,30.5,
03BF001,2001-09-29,57.70000076293945,
03BF001,2001-10-29,145.0,
03BF001,2001-11-29,290.0,
03BF001,2001-12-29,54.59999847412109,
03BF001,2002-01-29,25.700000762939453,
03BF001,2002-03-29,15.0,
03BF001,2002-04-29,319.0,
03BF001,2002-05-29,243.0,
03BF001,2002-06-29,52.0,
03BF001,2002-07-29,35.400001525878906,
03BF001,2002-08-29,78.5999984741211,
03BF001,2002-09-29,144.0,
03BF001,2002-10-29,173.0,
03BF001,2002-11-29,52.20000076293945,
03BF001,2002-12-29,26.799999237060547,
03BF001,2003-01-29,17.799999237060547,
03BF001,2003-03-29,12.899999618530272,
03BF001,2003-04-29,88.5,
03BF001,2003-05-29,137.0,
03BF001,2003-06-29,89.30000305175781,
03BF001,2003-07-29,49.5,
03BF001,2003-08-29,78.19999694824219,
03BF001,2003-09-29,143.0,
03BF001,2003-10-29,91.8000030517578,
03BF001,2003-11-29,215.0,
03BF001,2003-12-29,52.400001525878906,
03BF001,2004-01-29,26.0,
03BF001,2004-02-29,18.700000762939453,
03BF001,2004-03-29,16.799999237060547,
03BF001,2004-04-29,40.20000076293945,
03BF001,2004-05-29,,
03BF001,2005-04-29,716.0,
03BF001,2005-05-29,114.0,
03BF001,2005-06-29,104.0,
03BF001,2005-07-29,50.20000076293945,
03BF001,2005-08-29,66.30000305175781,
03BF001,2005-09-29,182.0,
03BF001,2005-10-29,180.0,
03BF001,2005-11-29,,
03BF001,2006-04-29,337.0,
03BF001,2006-05-29,82.0,
03BF001,2006-06-29,54.5,
03BF001,2006-07-29,68.4000015258789,
03BF001,2006-08-29,70.0,
03BF001,2006-09-29,66.5999984741211,
03BF001,2006-10-29,81.69999694824219,
03BF001,2006-11-29,,
03BF001,2008-07-29,109.0,
03BF001,2008-08-29,98.3000030517578,
03BF001,2008-09-29,62.900001525878906,
03BF001,2008-10-29,129.0,
03BF001,2008-11-29,79.69999694824219,
03BF001,2008-12-29,41.29999923706055,
03BF001,2009-01-29,27.5,
03BF001,2009-03-29,21.200000762939453,
03BF001,2009-04-29,370.0,
03BF001,2009-05-29,226.0,
03BF001,2009-06-29,56.0,
03BF001,2009-07-29,36.20000076293945,
03BF001,2009-08-29,148.0,
03BF001,2009-09-29,77.30000305175781,
03BF001,2009-10-29,102.0,
03BF001,2009-11-29,92.4000015258789,
03BF001,2009-12-29,35.5,
03BF001,2010-01-29,23.799999237060547,
03BF001,2010-03-29,16.100000381469727,
03BF001,2010-04-29,94.1999969482422,
03BF001,2010-05-29,50.79999923706055,
03BF001,2010-06-29,25.0,
03BF001,2010-07-29,88.9000015258789,
03BF001,2010-08-29,70.19999694824219,
03BF001,2010-09-29,68.5999984741211,
03BF001,2010-10-29,59.20000076293945,
03BF001,2010-11-29,75.69999694824219,
03BF001,2010-12-29,50.400001525878906,
03BF001,2011-01-29,31.100000381469727,
03BF001,2011-03-29,14.600000381469728,
03BF001,2011-04-29,,
03BF001,2011-07-29,38.20000076293945,
03BF001,2011-08-29,45.400001525878906,
03BF001,2011-09-29,51.20000076293945,
03BF001,2011-10-29,173.0,
03BF001,2011-11-29,78.0999984741211,
03BF001,2011-12-29,39.79999923706055,
03BF001,2012-01-29,27.799999237060547,
03BF001,2012-02-29,19.600000381469727,
03BF001,2012-03-29,237.0,
03BF001,2012-04-29,164.0,
03BF001,2012-05-29,194.0,
03BF001,2012-06-29,79.0,
03BF001,2012-07-29,79.5,
03BF001,2012-08-29,129.0,
03BF001,2012-09-29,240.0,
03BF001,2012-10-29,157.0,
03BF001,2012-11-29,102.0,B
03BF001,2012-12-29,51.5,B
03BF001,2013-01-29,28.799999237060547,B
03BF001,2013-03-29,17.399999618530273,B
03BF001,2013-04-29,291.0,B
03BF001,2013-05-29,,
03BF001,2013-10-29,190.0,
03BF001,2013-11-29,128.0,B
03BF001,2013-12-29,40.79999923706055,B
03BF001,2014-01-29,20.299999237060547,B
03BF001,2014-03-29,9.729999542236328,B
03BF001,2014-04-29,10.5,B
03BF001,2014-05-29,221.0,
03BF001,2014-06-29,78.0999984741211,
03BF001,2014-07-29,242.0,
03BF001,2014-08-29,89.69999694824219,
03BF001,2014-09-29,115.0,
03BF001,2014-10-29,209.0,
03BF001,2014-11-29,91.0999984741211,B
03BF001,2014-12-29,39.400001525878906,B
03BF001,2015-01-29,22.399999618530277,B
03BF001,2015-03-29,14.199999809265137,B
03BF001,2015-04-29,636.0,B
03BF001,2015-05-29,183.0,
03BF001,2015-06-29,92.5999984741211,
03BF001,2015-07-29,221.0,
03BF001,2015-08-29,91.9000015258789,
03BF001,2015-09-29,118.0,
03BF001,2015-10-29,111.0,
03BF001,2015-11-29,97.9000015258789,B
03BF001,2015-12-29,69.9000015258789,B
03BF001,2016-01-29,34.29999923706055,B
03BF001,2016-02-29,23.100000381469727,B
03BF001,2016-03-29,19.0,B
03BF001,2016-04-29,71.4000015258789,B
03BF001,2016-05-29,154.0,
03BF001,2016-06-29,121.0,
03BF001,2016-07-29,99.5,
03BF001,2016-08-29,161.0,
03BF001,2016-09-29,170.0,
03BF001,2016-10-29,178.0,
03BF001,2016-11-29,,
03BF001,2017-05-29,208.0,
03BF001,2017-06-29,107.0,
03BF001,2017-07-29,39.09999847412109,
03BF001,2017-08-29,122.0,
03BF001,2017-09-29,101.0,
03BF001,2017-10-29,139.0,
03BF001,2017-11-29,,
03BF001,2018-05-29,322.0,
03BF001,2018-06-29,63.09999847412109,
03BF001,2018-07-29,,
03BF001,2019-08-29,50.5,
03BF001,2019-09-29,159.0,
03BF001,2019-10-29,71.9000015258789,
03BF001,2019-11-29,,
03BF001,2020-05-29,490.0,
03BF001,2020-06-29,156.0,
03BF001,2020-07-29,174.0,
03BF001,2020-08-29,170.0,
03BF001,2020-09-29,327.0,
03BF001,2020-10-29,144.0,
03BF001,2020-11-29,,
03BF001,2021-04-29,188.0,
03BF001,2021-05-29,232.0,
03BF001,2021-06-29,176.0,
03BF001,2021-07-29,65.0,
03BF001,2021-08-29,58.79999923706055,
03BF001,2021-09-29,252.0,
03BF001,2021-10-29,119.0,
03BF001,2021-11-29,,
03BF001,2022-05-29,145.0,
03BF001,2022-06-29,82.19999694824219,
03BF001,2022-07-29,207.0,
03BF001,2022-08-29,40.29999923706055,
03BF001,2022-09-29,40.59999847412109,
03BF001,2022-10-29,92.8000030517578,
03BF001,2022-11-29,,
03BF001,2023-05-29,61.79999923706055,
03BF001,2023-06-29,13.0,
03BF001,2023-07-29,,
03BF001,1975-05-30,113.0,
03BF001,1975-06-30,94.0,
03BF001,1975-07-30,148.0,
03BF001,1975-08-30,68.80000305175781,
03BF001,1975-09-30,61.70000076293945,
03BF001,1975-10-30,118.0,
03BF001,1975-11-30,81.0,
03BF001,1975-12-30,27.5,E
03BF001,1976-01-30,15.399999618530272,E
03BF001,1976-03-30,15.100000381469728,
03BF001,1976-04-30,442.0,
03BF001,1976-05-30,152.0,
03BF001,1976-06-30,68.80000305175781,
03BF001,1976-07-30,116.0,
03BF001,1976-08-30,41.29999923706055,
03BF001,1976-09-30,73.0999984741211,
03BF001,1976-10-30,64.80000305175781,
03BF001,1976-11-30,36.20000076293945,
03BF001,1976-12-30,21.899999618530277,E
03BF001,1977-01-30,16.600000381469727,E
03BF001,1977-03-30,24.100000381469727,E
03BF001,1977-04-30,249.0,E
03BF001,1977-05-30,59.5,E
03BF001,1977-06-30,46.20000076293945,
03BF001,1977-07-30,37.70000076293945,
03BF001,1977-08-30,300.0,
03BF001,1977-09-30,80.4000015258789,E
03BF001,1977-10-30,170.0,
03BF001,1977-11-30,64.0,E
03BF001,1977-12-30,20.799999237060547,E
03BF001,1978-01-30,11.100000381469728,E
03BF001,1978-03-30,7.099999904632568,E
03BF001,1978-04-30,36.0,E
03BF001,1978-05-30,236.0,E
03BF001,1978-06-30,143.0,
03BF001,1978-07-30,96.6999969482422,
03BF001,1978-08-30,163.0,
03BF001,1978-09-30,93.6999969482422,
03BF001,1978-10-30,153.0,
03BF001,1978-11-30,78.0999984741211,
03BF001,1978-12-30,38.70000076293945,E
03BF001,1979-01-30,20.600000381469727,E
03BF001,1979-03-30,16.5,E
03BF001,1979-04-30,398.0,E
03BF001,1979-05-30,237.0,
03BF001,1979-06-30,123.0,
03BF001,1979-07-30,116.0,
03BF001,1979-08-30,82.9000015258789,
03BF001,1979-09-30,174.0,
03BF001,1979-10-30,170.0,
03BF001,1979-11-30,143.0,
03BF001,1979-12-30,46.0,E
03BF001,1980-01-30,24.0,E
03BF001,1980-03-30,13.899999618530272,E
03BF001,1980-04-30,408.0,E
03BF001,1980-05-30,90.0,E
03BF001,1980-06-30,111.0,
03BF001,1980-07-30,59.59999847412109,
03BF001,1980-08-30,16.299999237060547,
03BF001,1980-09-30,92.5999984741211,
03BF001,1980-10-30,122.0,
03BF001,1980-11-30,42.79999923706055,E
03BF001,1980-12-30,22.100000381469727,E
03BF001,1981-01-30,16.299999237060547,E
03BF001,1981-03-30,32.0,E
03BF001,1981-04-30,230.0,
03BF001,1981-05-30,212.0,
03BF001,1981-06-30,68.69999694824219,
03BF001,1981-07-30,29.899999618530277,
03BF001,1981-08-30,13.399999618530272,
03BF001,1981-09-30,139.0,
03BF001,1981-10-30,95.3000030517578,
03BF001,1981-11-30,51.29999923706055,
03BF001,1981-12-30,23.0,E
03BF001,1982-01-30,13.600000381469728,E
03BF001,1982-03-30,9.699999809265137,E
03BF001,1982-04-30,85.0999984741211,
03BF001,1982-05-30,106.0,
03BF001,1982-06-30,101.0,
03BF001,1982-07-30,158.0,
03BF001,1982-08-30,146.0,
03BF001,1982-09-30,82.5999984741211,
03BF001,1982-10-30,148.0,
03BF001,1982-11-30,87.5,E
03BF001,1982-12-30,43.5,E
03BF001,1983-01-30,20.299999237060547,E
03BF001,1983-03-30,14.0,E
03BF001,1983-04-30,302.0,
03BF001,1983-05-30,290.0,
03BF001,1983-06-30,65.5999984741211,
03BF001,1983-07-30,29.899999618530277,
03BF001,1983-08-30,41.09999847412109,
03BF001,1983-09-30,134.0,
03BF001,1983-10-30,93.1999969482422,
03BF001,1983-11-30,58.900001525878906,
03BF001,1983-12-30,27.5,E
03BF001,1984-01-30,22.299999237060547,E
03BF001,1984-03-30,18.5,
03BF001,1984-04-30,326.0,E
03BF001,1984-05-30,117.0,
03BF001,1984-06-30,190.0,
03BF001,1984-07-30,89.9000015258789,
03BF001,1984-08-30,47.900001525878906,
03BF001,1984-09-30,212.0,
03BF001,1984-10-30,93.5999984741211,
03BF001,1984-11-30,131.0,
03BF001,1984-12-30,110.0,
03BF001,1985-01-30,45.29999923706055,
03BF001,1985-03-30,20.100000381469727,E
03BF001,1985-04-30,509.0,
03BF001,1985-05-30,152.0,E
03BF001,1985-06-30,106.0,
03BF001,1985-07-30,164.0,
03BF001,1985-08-30,102.0,
03BF001,1985-09-30,153.0,
03BF001,1985-10-30,157.0,
03BF001,1985-11-30,69.0,E
03BF001,1985-12-30,36.5,E
03BF001,1986-01-30,25.799999237060547,E
03BF001,1986-03-30,20.100000381469727,E
03BF001,1986-04-30,785.0,
03BF001,1986-05-30,340.0,E
03BF001,1986-06-30,129.0,
03BF001,1986-07-30,87.5,
03BF001,1986-08-30,81.5999984741211,
03BF001,1986-09-30,156.0,
03BF001,1986-10-30,88.19999694824219,
03BF001,1986-11-30,44.59999847412109,E
03BF001,1986-12-30,26.700000762939453,E
03BF001,1987-01-30,17.100000381469727,E
03BF001,1987-03-30,10.899999618530272,E
03BF001,1987-04-30,222.0,
03BF001,1987-05-30,94.5,E
03BF001,1987-06-30,63.900001525878906,
03BF001,1987-07-30,64.5,
03BF001,1987-08-30,159.0,
03BF001,1987-09-30,148.0,
03BF001,1987-10-30,132.0,
03BF001,1987-11-30,135.0,
03BF001,1987-12-30,52.79999923706055,
03BF001,1988-01-30,27.700000762939453,E
03BF001,1988-03-30,15.800000190734863,E
03BF001,1988-04-30,277.0,
03BF001,1988-05-30,163.0,
03BF001,1988-06-30,178.0,
03BF001,1988-07-30,24.100000381469727,
03BF001,1988-08-30,28.899999618530277,
03BF001,1988-09-30,191.0,
03BF001,1988-10-30,96.8000030517578,
03BF001,1988-11-30,107.0,
03BF001,1988-12-30,43.0,E
03BF001,1989-01-30,19.899999618530277,E
03BF001,1989-03-30,7.949999809265137,E
03BF001,1989-04-30,9.84000015258789,E
03BF001,1989-05-30,429.0,
03BF001,1989-06-30,98.0999984741211,
03BF001,1989-07-30,36.20000076293945,
03BF001,1989-08-30,19.700000762939453,
03BF001,1989-09-30,157.0,
03BF001,1989-10-30,158.0,
03BF001,1989-11-30,71.30000305175781,E
03BF001,1989-12-30,33.599998474121094,E
03BF001,1990-01-30,21.200000762939453,E
03BF001,1990-03-30,12.199999809265137,E
03BF001,1990-04-30,602.0,
03BF001,1990-05-30,121.0,
03BF001,1990-06-30,91.0999984741211,
03BF001,1990-07-30,41.59999847412109,
03BF001,1990-08-30,41.70000076293945,
03BF001,1990-09-30,163.0,
03BF001,1990-10-30,192.0,
03BF001,1990-11-30,99.4000015258789,E
03BF001,1990-12-30,49.20000076293945,E
03BF001,1991-01-30,27.0,E
03BF001,1991-03-30,16.200000762939453,E
03BF001,1991-04-30,335.0,
03BF001,1991-05-30,246.0,
03BF001,1991-06-30,79.0999984741211,
03BF001,1991-07-30,87.69999694824219,
03BF001,1991-08-30,33.70000076293945,
03BF001,1991-09-30,218.0,
03BF001,1991-10-30,258.0,
03BF001,1991-11-30,70.0999984741211,
03BF001,1991-12-30,35.29999923706055,E
03BF001,1992-01-30,20.700000762939453,E
03BF001,1992-03-30,9.829999923706056,
03BF001,1992-04-30,243.0,
03BF001,1992-05-30,152.0,
03BF001,1992-06-30,52.09999847412109,
03BF001,1992-07-30,55.59999847412109,
03BF001,1992-08-30,113.0,
03BF001,1992-09-30,149.0,
03BF001,1992-10-30,164.0,
03BF001,1992-11-30,72.0,
03BF001,1992-12-30,40.5,E
03BF001,1993-01-30,24.0,E
03BF001,1993-03-30,11.699999809265137,E
03BF001,1993-04-30,268.0,
03BF001,1993-05-30,233.0,
03BF001,1993-06-30,84.80000305175781,
03BF001,1993-07-30,136.0,
03BF001,1993-08-30,105.0,
03BF001,1993-09-30,160.0,
03BF001,1993-10-30,143.0,
03BF001,1993-11-30,42.900001525878906,
03BF001,1993-12-30,23.600000381469727,E
03BF001,1994-01-30,14.600000381469728,E
03BF001,1994-03-30,9.869999885559082,
03BF001,1994-04-30,62.70000076293945,
03BF001,1994-05-30,152.0,
03BF001,1994-06-30,97.4000015258789,
03BF001,1994-07-30,202.0,
03BF001,1994-08-30,330.0,
03BF001,1994-09-30,173.0,
03BF001,1994-10-30,129.0,
03BF001,1994-11-30,109.0,
03BF001,1994-12-30,46.400001525878906,E
03BF001,1995-01-30,27.0,E
03BF001,1995-03-30,19.899999618530277,E
03BF001,1995-04-30,137.0,
03BF001,1995-05-30,166.0,
03BF001,1995-06-30,61.5,
03BF001,1995-07-30,88.80000305175781,
03BF001,1995-08-30,49.29999923706055,
03BF001,1995-09-30,125.0,
03BF001,1995-10-30,246.0,
03BF001,1995-11-30,76.5999984741211,
03BF001,1995-12-30,39.29999923706055,E
03BF001,1996-01-30,24.600000381469727,E
03BF001,1996-03-30,18.200000762939453,E
03BF001,1996-04-30,150.0,E
03BF001,1996-05-30,312.0,
03BF001,1996-06-30,85.5999984741211,
03BF001,1996-07-30,58.70000076293945,
03BF001,1996-08-30,130.0,
03BF001,1996-09-30,42.20000076293945,
03BF001,1996-10-30,142.0,
03BF001,1996-11-30,82.4000015258789,
03BF001,1996-12-30,44.900001525878906,
03BF001,1997-01-30,23.600000381469727,E
03BF001,1997-03-30,14.0,E
03BF001,1997-04-30,528.0,
03BF001,1997-05-30,193.0,
03BF001,1997-06-30,61.59999847412109,
03BF001,1997-07-30,32.599998474121094,
03BF001,1997-08-30,,
03BF001,1998-04-30,146.0,
03BF001,1998-05-30,56.20000076293945,
03BF001,1998-06-30,45.29999923706055,
03BF001,1998-07-30,220.0,
03BF001,1998-08-30,78.30000305175781,
03BF001,1998-09-30,123.0,
03BF001,1998-10-30,184.0,
03BF001,1998-11-30,67.19999694824219,
03BF001,1998-12-30,42.29999923706055,
03BF001,1999-01-30,29.799999237060547,
03BF001,1999-03-30,22.0,
03BF001,1999-04-30,216.0,
03BF001,1999-05-30,219.0,
03BF001,1999-06-30,165.0,
03BF001,1999-07-30,155.0,
03BF001,1999-08-30,73.30000305175781,
03BF001,1999-09-30,148.0,
03BF001,1999-10-30,123.0,
03BF001,1999-11-30,174.0,
03BF001,1999-12-30,43.59999847412109,
03BF001,2000-01-30,27.200000762939453,
03BF001,2000-03-30,74.5,E
03BF001,2000-04-30,351.0,
03BF001,2000-05-30,126.0,
03BF001,2000-06-30,205.0,
03BF001,2000-07-30,42.400001525878906,
03BF001,2000-08-30,66.5999984741211,
03BF001,2000-09-30,184.0,
03BF001,2000-10-30,139.0,
03BF001,2000-11-30,49.900001525878906,
03BF001,2000-12-30,27.700000762939453,
03BF001,2001-01-30,19.0,
03BF001,2001-03-30,13.399999618530272,
03BF001,2001-04-30,350.0,
03BF001,2001-05-30,65.4000015258789,
03BF001,2001-06-30,54.900001525878906,
03BF001,2001-07-30,27.5,
03BF001,2001-08-30,31.5,
03BF001,2001-09-30,54.0,
03BF001,2001-10-30,140.0,
03BF001,2001-11-30,287.0,
03BF001,2001-12-30,52.900001525878906,
03BF001,2002-01-30,25.200000762939453,
03BF001,2002-03-30,14.899999618530272,
03BF001,2002-04-30,325.0,
03BF001,2002-05-30,231.0,
03BF001,2002-06-30,48.70000076293945,
03BF001,2002-07-30,43.900001525878906,
03BF001,2002-08-30,75.69999694824219,
03BF001,2002-09-30,133.0,
03BF001,2002-10-30,161.0,
03BF001,2002-11-30,50.79999923706055,
03BF001,2002-12-30,26.399999618530277,
03BF001,2003-01-30,17.600000381469727,
03BF001,2003-03-30,13.0,
03BF001,2003-04-30,103.0,
03BF001,2003-05-30,123.0,
03BF001,2003-06-30,99.3000030517578,
03BF001,2003-07-30,48.5,
03BF001,2003-08-30,91.0999984741211,
03BF001,2003-09-30,137.0,
03BF001,2003-10-30,87.4000015258789,
03BF001,2003-11-30,197.0,
03BF001,2003-12-30,51.09999847412109,
03BF001,2004-01-30,25.700000762939453,
03BF001,2004-03-30,16.899999618530273,
03BF001,2004-04-30,45.09999847412109,
03BF001,2004-05-30,,
03BF001,2005-04-30,697.0,
03BF001,2005-05-30,104.0,
03BF001,2005-06-30,170.0,
03BF001,2005-07-30,64.9000015258789,
03BF001,2005-08-30,61.400001525878906,
03BF001,2005-09-30,237.0,
03BF001,2005-10-30,168.0,
03BF001,2005-11-30,,
03BF001,2006-04-30,317.0,
03BF001,2006-05-30,81.80000305175781,
03BF001,2006-06-30,54.20000076293945,
03BF001,2006-07-30,63.900001525878906,
03BF001,2006-08-30,67.0,
03BF001,2006-09-30,78.0999984741211,
03BF001,2006-10-30,84.0999984741211,
03BF001,2006-11-30,,
03BF001,2008-07-30,105.0,
03BF001,2008-08-30,90.5999984741211,
03BF001,2008-09-30,62.70000076293945,
03BF001,2008-10-30,141.0,
03BF001,2008-11-30,75.0999984741211,
03BF001,2008-12-30,40.59999847412109,
03BF001,2009-01-30,27.200000762939453,
03BF001,2009-03-30,21.299999237060547,
03BF001,2009-04-30,374.0,
03BF001,2009-05-30,219.0,
03BF001,2009-06-30,53.29999923706055,
03BF001,2009-07-30,35.0,
03BF001,2009-08-30,131.0,
03BF001,2009-09-30,96.5999984741211,
03BF001,2009-10-30,98.0999984741211,
03BF001,2009-11-30,87.5999984741211,
03BF001,2009-12-30,34.79999923706055,
03BF001,2010-01-30,23.600000381469727,
03BF001,2010-03-30,16.0,
03BF001,2010-04-30,88.19999694824219,
03BF001,2010-05-30,47.59999847412109,
03BF001,2010-06-30,24.799999237060547,
03BF001,2010-07-30,136.0,
03BF001,2010-08-30,68.0999984741211,
03BF001,2010-09-30,64.19999694824219,
03BF001,2010-10-30,72.19999694824219,
03BF001,2010-11-30,71.19999694824219,
03BF001,2010-12-30,50.0,
03BF001,2011-01-30,30.299999237060547,
03BF001,2011-03-30,14.600000381469728,
03BF001,2011-04-30,,
03BF001,2011-07-30,40.29999923706055,
03BF001,2011-08-30,47.79999923706055,
03BF001,2011-09-30,53.5,
03BF001,2011-10-30,159.0,
03BF001,2011-11-30,77.30000305175781,
03BF001,2011-12-30,39.5,
03BF001,2012-01-30,27.899999618530277,
03BF001,2012-03-30,211.0,
03BF001,2012-04-30,153.0,
03BF001,2012-05-30,175.0,
03BF001,2012-06-30,70.80000305175781,
03BF001,2012-07-30,73.4000015258789,
03BF001,2012-08-30,132.0,
03BF001,2012-09-30,216.0,
03BF001,2012-10-30,146.0,
03BF001,2012-11-30,99.0999984741211,B
03BF001,2012-12-30,50.5,B
03BF001,2013-01-30,28.399999618530277,B
03BF001,2013-03-30,17.399999618530273,B
03BF001,2013-04-30,517.0,B
03BF001,2013-05-30,,
03BF001,2013-10-30,175.0,
03BF001,2013-11-30,121.0,B
03BF001,2013-12-30,39.70000076293945,B
03BF001,2014-01-30,20.0,B
03BF001,2014-03-30,9.6899995803833,B
03BF001,2014-04-30,15.300000190734863,B
03BF001,2014-05-30,204.0,
03BF001,2014-06-30,71.5999984741211,
03BF001,2014-07-30,218.0,
03BF001,2014-08-30,85.80000305175781,
03BF001,2014-09-30,105.0,
03BF001,2014-10-30,241.0,
03BF001,2014-11-30,88.0999984741211,B
03BF001,2014-12-30,38.5,B
03BF001,2015-01-30,22.100000381469727,B
03BF001,2015-03-30,14.100000381469728,B
03BF001,2015-04-30,872.0,B
03BF001,2015-05-30,226.0,
03BF001,2015-06-30,86.4000015258789,
03BF001,2015-07-30,193.0,
03BF001,2015-08-30,89.9000015258789,
03BF001,2015-09-30,116.0,
03BF001,2015-10-30,137.0,
03BF001,2015-11-30,92.9000015258789,B
03BF001,2015-12-30,65.19999694824219,B
03BF001,2016-01-30,33.79999923706055,B
03BF001,2016-03-30,18.899999618530277,B
03BF001,2016-04-30,64.80000305175781,B
03BF001,2016-05-30,158.0,
03BF001,2016-06-30,134.0,
03BF001,2016-07-30,101.0,
03BF001,2016-08-30,150.0,
03BF001,2016-09-30,158.0,
03BF001,2016-10-30,165.0,
03BF001,2016-11-30,,
03BF001,2017-05-30,187.0,
03BF001,2017-06-30,96.9000015258789,
03BF001,2017-07-30,37.70000076293945,
03BF001,2017-08-30,107.0,
03BF001,2017-09-30,110.0,
03BF001,2017-10-30,146.0,
03BF001,2017-11-30,,
03BF001,2018-05-30,306.0,
03BF001,2018-06-30,60.59999847412109,
03BF001,2018-07-30,,
03BF001,2019-08-30,48.70000076293945,
03BF001,2019-09-30,162.0,
03BF001,2019-10-30,78.30000305175781,
03BF001,2019-11-30,,
03BF001,2020-05-30,529.0,
03BF001,2020-06-30,136.0,
03BF001,2020-07-30,179.0,
03BF001,2020-08-30,154.0,
03BF001,2020-09-30,386.0,
03BF001,2020-10-30,132.0,
03BF001,2020-11-30,,
03BF001,2021-04-30,182.0,
03BF001,2021-05-30,208.0,
03BF001,2021-06-30,155.0,
03BF001,2021-07-30,71.0,
03BF001,2021-08-30,58.79999923706055,
03BF001,2021-09-30,242.0,
03BF001,2021-10-30,112.0,
03BF001,2021-11-30,,
03BF001,2022-05-30,137.0,
03BF001,2022-06-30,82.4000015258789,
03BF001,2022-07-30,216.0,
03BF001,2022-08-30,38.59999847412109,
03BF001,2022-09-30,37.70000076293945,
03BF001,2022-10-30,96.6999969482422,
03BF001,2022-11-30,,
03BF001,2023-05-30,60.0,
03BF001,2023-06-30,12.899999618530272,
03BF001,2023-07-30,,
03BF001,1975-05-31,114.0,
03BF001,1975-07-31,145.0,
03BF001,1975-08-31,62.29999923706055,
03BF001,1975-10-31,116.0,
03BF001,1975-12-31,26.899999618530277,E
03BF001,1976-01-31,15.300000190734863,E
03BF001,1976-03-31,18.399999618530277,
03BF001,1976-05-31,144.0,
03BF001,1976-07-31,114.0,
03BF001,1976-08-31,39.400001525878906,
03BF001,1976-10-31,70.5,
03BF001,1976-12-31,21.700000762939453,E
03BF001,1977-01-31,16.399999618530273,E
03BF001,1977-03-31,30.600000381469727,E
03BF001,1977-05-31,55.79999923706055,E
03BF001,1977-07-31,41.29999923706055,
03BF001,1977-08-31,300.0,
03BF001,1977-10-31,157.0,
03BF001,1977-12-31,20.399999618530277,E
03BF001,1978-01-31,10.899999618530272,E
03BF001,1978-03-31,7.099999904632568,E
03BF001,1978-05-31,239.0,E
03BF001,1978-07-31,95.5999984741211,
03BF001,1978-08-31,145.0,
03BF001,1978-10-31,141.0,
03BF001,1978-12-31,37.0,E
03BF001,1979-01-31,20.399999618530277,E
03BF001,1979-03-31,16.600000381469727,E
03BF001,1979-05-31,223.0,
03BF001,1979-07-31,105.0,
03BF001,1979-08-31,100.0,
03BF001,1979-10-31,170.0,
03BF001,1979-12-31,44.900001525878906,E
03BF001,1980-01-31,23.600000381469727,E
03BF001,1980-03-31,13.899999618530272,E
03BF001,1980-05-31,83.80000305175781,E
03BF001,1980-07-31,67.80000305175781,
03BF001,1980-08-31,16.799999237060547,
03BF001,1980-10-31,120.0,
03BF001,1980-12-31,21.899999618530277,E
03BF001,1981-01-31,16.200000762939453,E
03BF001,1981-03-31,32.0,E
03BF001,1981-05-31,206.0,
03BF001,1981-07-31,28.0,
03BF001,1981-08-31,14.600000381469728,
03BF001,1981-10-31,91.5999984741211,
03BF001,1981-12-31,22.5,E
03BF001,1982-01-31,13.5,E
03BF001,1982-03-31,10.199999809265137,E
03BF001,1982-05-31,103.0,
03BF001,1982-07-31,142.0,
03BF001,1982-08-31,171.0,
03BF001,1982-10-31,155.0,
03BF001,1982-12-31,42.0,E
03BF001,1983-01-31,20.200000762939453,E
03BF001,1983-03-31,14.0,E
03BF001,1983-05-31,285.0,
03BF001,1983-07-31,31.0,
03BF001,1983-08-31,36.400001525878906,
03BF001,1983-10-31,90.5999984741211,
03BF001,1983-12-31,27.299999237060547,E
03BF001,1984-01-31,22.200000762939453,E
03BF001,1984-03-31,18.5,
03BF001,1984-05-31,111.0,
03BF001,1984-07-31,87.5999984741211,
03BF001,1984-08-31,45.900001525878906,
03BF001,1984-10-31,93.5999984741211,
03BF001,1984-12-31,109.0,
03BF001,1985-01-31,44.70000076293945,
03BF001,1985-03-31,20.100000381469727,E
03BF001,1985-05-31,151.0,E
03BF001,1985-07-31,151.0,
03BF001,1985-08-31,89.9000015258789,
03BF001,1985-10-31,156.0,
03BF001,1985-12-31,36.0,E
03BF001,1986-01-31,25.5,E
03BF001,1986-03-31,20.100000381469727,E
03BF001,1986-05-31,325.0,E
03BF001,1986-07-31,76.0999984741211,
03BF001,1986-08-31,105.0,
03BF001,1986-10-31,85.5,
03BF001,1986-12-31,26.299999237060547,E
03BF001,1987-01-31,16.799999237060547,E
03BF001,1987-03-31,11.0,E
03BF001,1987-05-31,92.0,E
03BF001,1987-07-31,59.400001525878906,
03BF001,1987-08-31,160.0,
03BF001,1987-10-31,124.0,
03BF001,1987-12-31,53.09999847412109,
03BF001,1988-01-31,27.299999237060547,E
03BF001,1988-03-31,15.899999618530272,E
03BF001,1988-05-31,151.0,
03BF001,1988-07-31,23.399999618530277,
03BF001,1988-08-31,33.599998474121094,
03BF001,1988-10-31,94.1999969482422,
03BF001,1988-12-31,41.70000076293945,E
03BF001,1989-01-31,19.399999618530277,E
03BF001,1989-03-31,7.880000114440918,E
03BF001,1989-05-31,380.0,
03BF001,1989-07-31,37.59999847412109,
03BF001,1989-08-31,20.299999237060547,
03BF001,1989-10-31,155.0,
03BF001,1989-12-31,32.900001525878906,E
03BF001,1990-01-31,20.700000762939453,E
03BF001,1990-03-31,12.0,E
03BF001,1990-05-31,112.0,
03BF001,1990-07-31,49.5,
03BF001,1990-08-31,47.0,
03BF001,1990-10-31,180.0,
03BF001,1990-12-31,48.09999847412109,E
03BF001,1991-01-31,26.5,E
03BF001,1991-03-31,16.600000381469727,E
03BF001,1991-05-31,226.0,
03BF001,1991-07-31,85.9000015258789,
03BF001,1991-08-31,44.09999847412109,
03BF001,1991-10-31,236.0,
03BF001,1991-12-31,34.70000076293945,E
03BF001,1992-01-31,20.399999618530277,E
03BF001,1992-03-31,9.770000457763672,
03BF001,1992-05-31,143.0,
03BF001,1992-07-31,57.400001525878906,
03BF001,1992-08-31,129.0,
03BF001,1992-10-31,152.0,
03BF001,1992-12-31,39.79999923706055,E
03BF001,1993-01-31,23.600000381469727,E
03BF001,1993-03-31,11.699999809265137,E
03BF001,1993-05-31,218.0,
03BF001,1993-07-31,122.0,
03BF001,1993-08-31,113.0,
03BF001,1993-10-31,132.0,
03BF001,1993-12-31,23.299999237060547,E
03BF001,1994-01-31,14.399999618530272,E
03BF001,1994-03-31,9.899999618530272,
03BF001,1994-05-31,141.0,
03BF001,1994-07-31,185.0,
03BF001,1994-08-31,406.0,
03BF001,1994-10-31,132.0,
03BF001,1994-12-31,45.5,E
03BF001,1995-01-31,26.799999237060547,E
03BF001,1995-03-31,19.899999618530277,E
03BF001,1995-05-31,154.0,
03BF001,1995-07-31,84.69999694824219,
03BF001,1995-08-31,55.400001525878906,
03BF001,1995-10-31,242.0,
03BF001,1995-12-31,38.59999847412109,E
03BF001,1996-01-31,24.399999618530277,E
03BF001,1996-03-31,18.200000762939453,E
03BF001,1996-05-31,288.0,
03BF001,1996-07-31,55.79999923706055,
03BF001,1996-08-31,129.0,
03BF001,1996-10-31,147.0,
03BF001,1996-12-31,43.79999923706055,
03BF001,1997-01-31,23.200000762939453,E
03BF001,1997-03-31,14.0,E
03BF001,1997-05-31,177.0,
03BF001,1997-07-31,32.20000076293945,
03BF001,1997-08-31,,
03BF001,1998-05-31,64.30000305175781,
03BF001,1998-07-31,228.0,
03BF001,1998-08-31,101.0,
03BF001,1998-10-31,176.0,
03BF001,1998-12-31,41.79999923706055,
03BF001,1999-01-31,29.5,
03BF001,1999-03-31,21.799999237060547,
03BF001,1999-05-31,202.0,
03BF001,1999-07-31,188.0,
03BF001,1999-08-31,69.30000305175781,
03BF001,1999-10-31,130.0,
03BF001,1999-12-31,42.59999847412109,
03BF001,2000-01-31,26.899999618530277,
03BF001,2000-03-31,85.69999694824219,E
03BF001,2000-05-31,126.0,
03BF001,2000-07-31,39.400001525878906,
03BF001,2000-08-31,64.80000305175781,
03BF001,2000-10-31,134.0,
03BF001,2000-12-31,27.299999237060547,
03BF001,2001-01-31,18.799999237060547,
03BF001,2001-03-31,13.300000190734863,
03BF001,2001-05-31,65.80000305175781,
03BF001,2001-07-31,26.5,
03BF001,2001-08-31,41.70000076293945,
03BF001,2001-10-31,135.0,
03BF001,2001-12-31,51.29999923706055,
03BF001,2002-01-31,24.799999237060547,
03BF001,2002-03-31,14.899999618530272,
03BF001,2002-05-31,219.0,
03BF001,2002-07-31,76.0,
03BF001,2002-08-31,70.5999984741211,
03BF001,2002-10-31,149.0,
03BF001,2002-12-31,25.899999618530277,
03BF001,2003-01-31,17.399999618530273,
03BF001,2003-03-31,13.100000381469728,
03BF001,2003-05-31,110.0,
03BF001,2003-07-31,46.79999923706055,
03BF001,2003-08-31,114.0,
03BF001,2003-10-31,82.30000305175781,
03BF001,2003-12-31,49.79999923706055,
03BF001,2004-01-31,25.299999237060547,
03BF001,2004-03-31,17.0,
03BF001,2004-05-31,,
03BF001,2005-05-31,94.8000030517578,
03BF001,2005-07-31,70.9000015258789,
03BF001,2005-08-31,58.59999847412109,
03BF001,2005-10-31,157.0,
03BF001,2006-05-31,84.30000305175781,
03BF001,2006-07-31,63.29999923706055,
03BF001,2006-08-31,63.79999923706055,
03BF001,2006-10-31,96.1999969482422,
03BF001,2008-07-31,99.0,
03BF001,2008-08-31,82.80000305175781,
03BF001,2008-10-31,139.0,
03BF001,2008-12-31,40.0,
03BF001,2009-01-31,26.899999618530277,
03BF001,2009-03-31,21.299999237060547,
03BF001,2009-05-31,218.0,
03BF001,2009-07-31,35.099998474121094,
03BF001,2009-08-31,112.0,
03BF001,2009-10-31,97.0999984741211,
03BF001,2009-12-31,34.20000076293945,
03BF001,2010-01-31,23.399999618530277,
03BF001,2010-03-31,16.0,
03BF001,2010-05-31,44.79999923706055,
03BF001,2010-07-31,170.0,
03BF001,2010-08-31,71.0,
03BF001,2010-10-31,83.80000305175781,
03BF001,2010-12-31,49.900001525878906,
03BF001,2011-01-31,29.5,
03BF001,2011-03-31,14.600000381469728,
03BF001,2011-07-31,39.79999923706055,
03BF001,2011-08-31,47.400001525878906,
03BF001,2011-10-31,144.0,
03BF001,2011-12-31,39.59999847412109,
03BF001,2012-01-31,27.399999618530277,
03BF001,2012-03-31,191.0,
03BF001,2012-05-31,172.0,
03BF001,2012-07-31,68.0,
03BF001,2012-08-31,149.0,
03BF001,2012-10-31,147.0,
03BF001,2012-12-31,49.5,B
03BF001,2013-01-31,28.0,B
03BF001,2013-03-31,17.5,B
03BF001,2013-05-31,,
03BF001,2013-10-31,160.0,
03BF001,2013-12-31,38.59999847412109,B
03BF001,2014-01-31,19.600000381469727,B
03BF001,2014-03-31,9.65999984741211,B
03BF001,2014-05-31,187.0,
03BF001,2014-07-31,200.0,
03BF001,2014-08-31,81.5999984741211,
03BF001,2014-10-31,262.0,
03BF001,2014-12-31,37.70000076293945,B
03BF001,2015-01-31,21.799999237060547,B
03BF001,2015-03-31,14.100000381469728,B
03BF001,2015-05-31,285.0,
03BF001,2015-07-31,173.0,
03BF001,2015-08-31,92.1999969482422,
03BF001,2015-10-31,168.0,
03BF001,2015-12-31,61.400001525878906,B
03BF001,2016-01-31,33.20000076293945,B
03BF001,2016-03-31,18.799999237060547,B
03BF001,2016-05-31,167.0,
03BF001,2016-07-31,94.4000015258789,
03BF001,2016-08-31,143.0,
03BF001,2016-10-31,155.0,
03BF001,2017-05-31,172.0,
03BF001,2017-07-31,35.29999923706055,
03BF001,2017-08-31,98.1999969482422,
03BF001,2017-10-31,244.0,
03BF001,2018-05-31,292.0,
03BF001,2018-07-31,,
03BF001,2019-08-31,46.20000076293945,
03BF001,2019-10-31,96.4000015258789,
03BF001,2020-05-31,503.0,
03BF001,2020-07-31,184.0,
03BF001,2020-08-31,138.0,
03BF001,2020-10-31,126.0,
03BF001,2021-05-31,183.0,
03BF001,2021-07-31,76.5999984741211,
03BF001,2021-08-31,65.5,
03BF001,2021-10-31,105.0,
03BF001,2022-05-31,127.0,
03BF001,2022-07-31,196.0,
03BF001,2022-08-31,37.29999923706055,
03BF001,2022-10-31,95.3000030517578,
03BF001,2023-05-31,56.29999923706055,
03BF001,2023-07-31,,
