STATION_NUMBER,DATUM_ID_FROM,DATUM_ID_TO,CONVERSION_FACTOR
05BG006,10,35,1256.2430419921875
05BG006,10,605,1256.467041015625
