STATION_NUMBER,date,flow_cms,quality_symbol
08JA013,1955-06-01,,
08JA013,1955-11-01,,
08JA013,1956-01-01,0.0,
08JA013,1956-02-01,2.8299999237060547,
08JA013,1956-03-01,5.659999847412109,
08JA013,1956-04-01,5.659999847412109,
08JA013,1956-05-01,5.659999847412109,
08JA013,1956-06-01,0.0,
08JA013,1956-07-01,0.0,
08JA013,1956-08-01,5.659999847412109,
08JA013,1956-09-01,0.0,
08JA013,1956-10-01,0.0,
08JA013,1956-11-01,0.0,
08JA013,1956-12-01,0.0,
08JA013,1957-01-01,34.0,
08JA013,1957-02-01,255.0,
08JA013,1957-03-01,255.0,
08JA013,1957-04-01,0.0,
08JA013,1957-05-01,163.0,
08JA013,1957-06-01,159.0,
08JA013,1957-07-01,0.0,
08JA013,1957-08-01,0.0,
08JA013,1957-09-01,137.0,
08JA013,1957-10-01,62.29999923706055,
08JA013,1957-11-01,154.0,
08JA013,1957-12-01,200.0,
08JA013,1958-01-01,123.0,
08JA013,1958-02-01,320.0,
08JA013,1958-03-01,249.0,
08JA013,1958-04-01,331.0,
08JA013,1958-05-01,385.0,
08JA013,1958-06-01,0.0,
08JA013,1958-07-01,306.0,
08JA013,1958-08-01,294.0,
08JA013,1958-09-01,283.0,
08JA013,1958-10-01,334.0,
08JA013,1958-11-01,326.0,
08JA013,1958-12-01,272.0,
08JA013,1959-01-01,124.0,
08JA013,1959-02-01,123.0,
08JA013,1959-03-01,63.400001525878906,
08JA013,1959-04-01,63.400001525878906,
08JA013,1959-05-01,64.5999984741211,
08JA013,1959-06-01,0.0,
08JA013,1959-07-01,0.0,
08JA013,1959-08-01,309.0,
08JA013,1959-09-01,328.0,
08JA013,1959-10-01,195.0,
08JA013,1959-11-01,391.0,
08JA013,1959-12-01,193.0,
08JA013,1960-01-01,273.0,
08JA013,1960-02-01,69.4000015258789,
08JA013,1960-03-01,139.0,
08JA013,1960-04-01,174.0,
08JA013,1960-05-01,337.0,
08JA013,1960-06-01,272.0,
08JA013,1960-07-01,0.0,
08JA013,1960-08-01,80.0999984741211,
08JA013,1960-09-01,264.0,
08JA013,1960-10-01,258.0,
08JA013,1960-11-01,190.0,
08JA013,1960-12-01,184.0,
08JA013,1961-01-01,59.70000076293945,
08JA013,1961-02-01,29.700000762939453,
08JA013,1961-03-01,42.5,
08JA013,1961-04-01,42.5,
08JA013,1961-05-01,85.0,
08JA013,1961-06-01,112.0,
08JA013,1961-07-01,362.0,
08JA013,1961-08-01,357.0,
08JA013,1961-09-01,481.0,
08JA013,1961-10-01,456.0,
08JA013,1961-11-01,30.600000381469727,
08JA013,1961-12-01,29.700000762939453,
08JA013,1962-01-01,30.0,
08JA013,1962-02-01,30.600000381469727,
08JA013,1962-03-01,30.600000381469727,
08JA013,1962-04-01,30.600000381469727,
08JA013,1962-05-01,30.899999618530277,
08JA013,1962-06-01,193.0,
08JA013,1962-07-01,203.0,
08JA013,1962-08-01,484.0,
08JA013,1962-09-01,227.0,
08JA013,1962-10-01,222.0,
08JA013,1962-11-01,221.0,
08JA013,1962-12-01,46.400001525878906,
08JA013,1963-01-01,46.70000076293945,
08JA013,1963-02-01,46.70000076293945,
08JA013,1963-03-01,46.400001525878906,
08JA013,1963-04-01,46.20000076293945,
08JA013,1963-05-01,209.0,
08JA013,1963-06-01,337.0,
08JA013,1963-07-01,255.0,
08JA013,1963-08-01,199.0,
08JA013,1963-09-01,194.0,
08JA013,1963-10-01,193.0,
08JA013,1963-11-01,191.0,
08JA013,1963-12-01,42.20000076293945,
08JA013,1964-01-01,42.79999923706055,
08JA013,1964-02-01,43.0,
08JA013,1964-03-01,42.5,
08JA013,1964-04-01,41.59999847412109,
08JA013,1964-05-01,379.0,
08JA013,1964-06-01,416.0,
08JA013,1964-07-01,422.0,
08JA013,1964-08-01,201.0,
08JA013,1964-09-01,192.0,
08JA013,1964-10-01,198.0,
08JA013,1964-11-01,195.0,
08JA013,1964-12-01,70.80000305175781,
08JA013,1965-01-01,69.9000015258789,
08JA013,1965-02-01,69.0999984741211,
08JA013,1965-03-01,68.0,
08JA013,1965-04-01,67.0999984741211,
08JA013,1965-05-01,67.4000015258789,
08JA013,1965-06-01,196.0,
08JA013,1965-07-01,203.0,
08JA013,1965-08-01,204.0,
08JA013,1965-09-01,199.0,
08JA013,1965-10-01,88.9000015258789,
08JA013,1965-11-01,90.9000015258789,
08JA013,1965-12-01,46.20000076293945,
08JA013,1966-01-01,46.20000076293945,
08JA013,1966-02-01,45.900001525878906,
08JA013,1966-03-01,45.29999923706055,
08JA013,1966-04-01,45.29999923706055,
08JA013,1966-05-01,144.0,
08JA013,1966-06-01,225.0,
08JA013,1966-07-01,234.0,
08JA013,1966-08-01,263.0,
08JA013,1966-09-01,303.0,
08JA013,1966-10-01,331.0,
08JA013,1966-11-01,142.0,
08JA013,1966-12-01,88.0999984741211,
08JA013,1967-01-01,87.19999694824219,
08JA013,1967-02-01,85.80000305175781,
08JA013,1967-03-01,84.4000015258789,
08JA013,1967-04-01,83.0,
08JA013,1967-05-01,326.0,
08JA013,1967-06-01,274.0,
08JA013,1967-07-01,175.0,
08JA013,1967-08-01,261.0,
08JA013,1967-09-01,183.0,
08JA013,1967-10-01,87.80000305175781,
08JA013,1967-11-01,150.0,
08JA013,1967-12-01,94.5999984741211,
08JA013,1968-01-01,60.29999923706055,
08JA013,1968-02-01,60.59999847412109,
08JA013,1968-03-01,60.29999923706055,
08JA013,1968-04-01,59.70000076293945,
08JA013,1968-05-01,127.0,
08JA013,1968-06-01,182.0,
08JA013,1968-07-01,130.0,
08JA013,1968-08-01,190.0,
08JA013,1968-09-01,190.0,
08JA013,1968-10-01,239.0,
08JA013,1968-11-01,237.0,
08JA013,1968-12-01,92.0,
08JA013,1969-01-01,90.5999984741211,
08JA013,1969-02-01,89.19999694824219,
08JA013,1969-03-01,86.9000015258789,
08JA013,1969-04-01,84.4000015258789,
08JA013,1969-05-01,83.5,
08JA013,1969-06-01,88.0999984741211,
08JA013,1969-07-01,129.0,
08JA013,1969-08-01,57.79999923706055,
08JA013,1969-09-01,157.0,
08JA013,1969-10-01,155.0,
08JA013,1969-11-01,152.0,
08JA013,1969-12-01,75.9000015258789,
08JA013,1970-01-01,75.5999984741211,
08JA013,1970-02-01,74.19999694824219,
08JA013,1970-03-01,72.5,
08JA013,1970-04-01,71.0999984741211,
08JA013,1970-05-01,44.5,
08JA013,1970-06-01,45.29999923706055,
08JA013,1970-07-01,47.900001525878906,
08JA013,1970-08-01,73.30000305175781,
08JA013,1970-09-01,90.9000015258789,
08JA013,1970-10-01,117.0,
08JA013,1970-11-01,116.0,
08JA013,1970-12-01,60.900001525878906,
08JA013,1971-01-01,60.0,
08JA013,1971-02-01,59.20000076293945,
08JA013,1971-03-01,58.29999923706055,
08JA013,1971-04-01,57.20000076293945,
08JA013,1971-05-01,167.0,
08JA013,1971-06-01,57.79999923706055,
08JA013,1971-07-01,62.900001525878906,
08JA013,1971-08-01,123.0,
08JA013,1971-09-01,173.0,
08JA013,1971-10-01,170.0,
08JA013,1971-11-01,208.0,
08JA013,1971-12-01,75.9000015258789,
08JA013,1972-01-01,75.0,
08JA013,1972-02-01,73.5999984741211,
08JA013,1972-03-01,72.19999694824219,
08JA013,1972-04-01,71.0999984741211,
08JA013,1972-05-01,337.0,
08JA013,1972-06-01,0.0,
08JA013,1972-07-01,419.0,
08JA013,1972-08-01,425.0,
08JA013,1972-09-01,247.0,
08JA013,1972-10-01,221.0,
08JA013,1972-11-01,49.0,
08JA013,1972-12-01,73.30000305175781,
08JA013,1973-01-01,71.9000015258789,
08JA013,1973-02-01,70.80000305175781,
08JA013,1973-03-01,69.0999984741211,
08JA013,1973-04-01,67.0999984741211,
08JA013,1973-05-01,66.0,
08JA013,1973-06-01,44.20000076293945,
08JA013,1973-07-01,174.0,
08JA013,1973-08-01,122.0,
08JA013,1973-09-01,33.400001525878906,
08JA013,1973-10-01,33.70000076293945,
08JA013,1973-11-01,40.79999923706055,
08JA013,1973-12-01,49.59999847412109,
08JA013,1974-01-01,48.70000076293945,
08JA013,1974-02-01,48.09999847412109,
08JA013,1974-03-01,47.29999923706055,
08JA013,1974-04-01,137.0,
08JA013,1974-05-01,247.0,
08JA013,1974-06-01,0.0,
08JA013,1974-07-01,0.0,
08JA013,1974-08-01,228.0,
08JA013,1974-09-01,15.699999809265137,
08JA013,1974-10-01,25.200000762939453,
08JA013,1974-11-01,200.0,
08JA013,1974-12-01,73.5999984741211,
08JA013,1975-01-01,76.19999694824219,
08JA013,1975-02-01,75.30000305175781,
08JA013,1975-03-01,73.5999984741211,
08JA013,1975-04-01,72.5,
08JA013,1975-05-01,71.4000015258789,
08JA013,1975-06-01,90.0,
08JA013,1975-07-01,95.6999969482422,
08JA013,1975-08-01,98.5,
08JA013,1975-09-01,198.0,
08JA013,1975-10-01,231.0,
08JA013,1975-11-01,225.0,
08JA013,1975-12-01,86.9000015258789,
08JA013,1976-01-01,86.0999984741211,
08JA013,1976-02-01,85.19999694824219,
08JA013,1976-03-01,83.80000305175781,
08JA013,1976-04-01,138.0,
08JA013,1976-05-01,402.0,
08JA013,1976-06-01,331.0,
08JA013,1976-07-01,379.0,
08JA013,1976-08-01,439.0,
08JA013,1976-09-01,283.0,
08JA013,1976-10-01,268.0,
08JA013,1976-11-01,282.0,
08JA013,1976-12-01,177.0,
08JA013,1977-01-01,175.0,
08JA013,1977-02-01,171.0,
08JA013,1977-03-01,166.0,
08JA013,1977-04-01,140.0,
08JA013,1977-05-01,0.0,
08JA013,1977-06-01,0.0,
08JA013,1977-07-01,225.0,
08JA013,1977-08-01,225.0,
08JA013,1977-09-01,93.1999969482422,
08JA013,1977-10-01,90.0,
08JA013,1977-11-01,52.09999847412109,
08JA013,1977-12-01,51.5,
08JA013,1978-01-01,51.0,
08JA013,1978-02-01,49.79999923706055,
08JA013,1978-03-01,53.5,
08JA013,1978-04-01,52.09999847412109,
08JA013,1978-05-01,51.29999923706055,
08JA013,1978-06-01,37.400001525878906,
08JA013,1978-07-01,39.59999847412109,
08JA013,1978-08-01,34.0,
08JA013,1978-09-01,34.29999923706055,
08JA013,1978-10-01,33.70000076293945,
08JA013,1978-11-01,35.70000076293945,
08JA013,1978-12-01,35.70000076293945,
08JA013,1979-01-01,33.099998474121094,
08JA013,1979-02-01,32.400001525878906,
08JA013,1979-03-01,31.299999237060547,
08JA013,1979-04-01,30.200000762939453,
08JA013,1979-05-01,29.899999618530277,
08JA013,1979-06-01,33.0,
08JA013,1979-07-01,34.099998474121094,
08JA013,1979-08-01,116.0,
08JA013,1979-09-01,33.79999923706055,
08JA013,1979-10-01,33.400001525878906,
08JA013,1979-11-01,23.799999237060547,
08JA013,1979-12-01,12.699999809265137,
08JA013,1980-01-01,13.300000190734863,
08JA013,1980-02-01,15.600000381469728,
08JA013,1980-03-01,15.0,
08JA013,1980-04-01,15.0,
08JA013,1980-05-01,15.0,
08JA013,1980-06-01,11.699999809265137,
08JA013,1980-07-01,23.399999618530277,
08JA013,1980-08-01,17.0,
08JA013,1980-09-01,14.199999809265137,
08JA013,1980-10-01,32.29999923706055,
08JA013,1980-11-01,32.29999923706055,
08JA013,1980-12-01,32.400001525878906,
08JA013,1981-01-01,33.0,
08JA013,1981-02-01,32.900001525878906,
08JA013,1981-03-01,32.70000076293945,
08JA013,1981-04-01,47.70000076293945,
08JA013,1981-05-01,56.59999847412109,
08JA013,1981-06-01,59.5,
08JA013,1981-07-01,62.29999923706055,
08JA013,1981-08-01,110.0,
08JA013,1981-09-01,15.300000190734863,
08JA013,1981-10-01,26.200000762939453,
08JA013,1981-11-01,29.700000762939453,
08JA013,1981-12-01,32.5,
08JA013,1982-01-01,32.20000076293945,
08JA013,1982-02-01,31.899999618530277,
08JA013,1982-03-01,31.399999618530277,
08JA013,1982-04-01,56.400001525878906,
08JA013,1982-05-01,54.900001525878906,
08JA013,1982-06-01,41.59999847412109,
08JA013,1982-07-01,59.5,
08JA013,1982-08-01,229.0,
08JA013,1982-09-01,19.700000762939453,
08JA013,1982-10-01,31.100000381469727,
08JA013,1982-11-01,31.100000381469727,
08JA013,1982-12-01,31.100000381469727,
08JA013,1983-01-01,31.100000381469727,
08JA013,1983-02-01,31.100000381469727,
08JA013,1983-03-01,31.100000381469727,
08JA013,1983-04-01,49.59999847412109,
08JA013,1983-05-01,49.59999847412109,
08JA013,1983-06-01,50.400001525878906,
08JA013,1983-07-01,57.5,
08JA013,1983-08-01,453.0,
08JA013,1983-09-01,12.0,
08JA013,1983-10-01,31.100000381469727,
08JA013,1983-11-01,31.200000762939453,
08JA013,1983-12-01,31.100000381469727,
08JA013,1984-01-01,30.600000381469727,
08JA013,1984-02-01,30.600000381469727,
08JA013,1984-03-01,30.299999237060547,
08JA013,1984-04-01,54.09999847412109,
08JA013,1984-05-01,53.5,
08JA013,1984-06-01,55.20000076293945,
08JA013,1984-07-01,55.09999847412109,
08JA013,1984-08-01,453.0,
08JA013,1984-09-01,30.899999618530277,
08JA013,1984-10-01,31.100000381469727,
08JA013,1984-11-01,31.299999237060547,
08JA013,1984-12-01,31.100000381469727,
08JA013,1985-01-01,31.0,
08JA013,1985-02-01,30.600000381469727,
08JA013,1985-03-01,30.399999618530277,
08JA013,1985-04-01,30.0,
08JA013,1985-05-01,58.0,
08JA013,1985-06-01,56.29999923706055,
08JA013,1985-07-01,59.70000076293945,
08JA013,1985-08-01,278.0,
08JA013,1985-09-01,63.900001525878906,
08JA013,1985-10-01,61.29999923706055,
08JA013,1985-11-01,33.70000076293945,
08JA013,1985-12-01,32.79999923706055,
08JA013,1986-01-01,34.099998474121094,
08JA013,1986-02-01,33.400001525878906,
08JA013,1986-03-01,32.70000076293945,
08JA013,1986-04-01,48.59999847412109,
08JA013,1986-05-01,47.70000076293945,
08JA013,1986-06-01,48.09999847412109,
08JA013,1986-07-01,54.900001525878906,
08JA013,1986-08-01,161.0,
08JA013,1986-09-01,14.199999809265137,
08JA013,1986-10-01,29.299999237060547,
08JA013,1986-11-01,33.79999923706055,
08JA013,1986-12-01,32.79999923706055,
08JA013,1987-01-01,36.09999847412109,
08JA013,1987-02-01,35.70000076293945,
08JA013,1987-03-01,34.400001525878906,
08JA013,1987-04-01,35.099998474121094,
08JA013,1987-05-01,57.79999923706055,
08JA013,1987-06-01,55.59999847412109,
08JA013,1987-07-01,56.59999847412109,
08JA013,1987-08-01,218.0,
08JA013,1987-09-01,56.59999847412109,
08JA013,1987-10-01,56.59999847412109,
08JA013,1987-11-01,31.100000381469727,
08JA013,1987-12-01,34.0,
08JA013,1988-01-01,34.79999923706055,
08JA013,1988-02-01,33.599998474121094,
08JA013,1988-03-01,32.79999923706055,
08JA013,1988-04-01,47.29999923706055,
08JA013,1988-05-01,48.5,
08JA013,1988-06-01,47.59999847412109,
08JA013,1988-07-01,48.29999923706055,
08JA013,1988-08-01,169.0,
08JA013,1988-09-01,29.899999618530277,
08JA013,1988-10-01,30.0,
08JA013,1988-11-01,30.100000381469727,
08JA013,1988-12-01,30.799999237060547,
08JA013,1989-01-01,30.5,
08JA013,1989-02-01,30.200000762939453,
08JA013,1989-03-01,29.600000381469727,
08JA013,1989-04-01,29.200000762939453,
08JA013,1989-05-01,48.09999847412109,
08JA013,1989-06-01,48.400001525878906,
08JA013,1989-07-01,48.59999847412109,
08JA013,1989-08-01,453.0,
08JA013,1989-09-01,32.599998474121094,
08JA013,1989-10-01,32.599998474121094,
08JA013,1989-11-01,32.0,
08JA013,1989-12-01,34.79999923706055,
08JA013,1990-01-01,35.29999923706055,
08JA013,1990-02-01,35.099998474121094,
08JA013,1990-03-01,34.5,
08JA013,1990-04-01,33.70000076293945,
08JA013,1990-05-01,150.0,
08JA013,1990-06-01,49.79999923706055,
08JA013,1990-07-01,49.70000076293945,
08JA013,1990-08-01,193.0,
08JA013,1990-09-01,31.100000381469727,
08JA013,1990-10-01,30.600000381469727,
08JA013,1990-11-01,33.599998474121094,
08JA013,1990-12-01,32.79999923706055,
08JA013,1991-01-01,32.79999923706055,
08JA013,1991-02-01,32.0,
08JA013,1991-03-01,51.0,
08JA013,1991-04-01,85.0,
08JA013,1991-05-01,49.59999847412109,
08JA013,1991-06-01,49.09999847412109,
08JA013,1991-07-01,50.5,
08JA013,1991-08-01,170.0,
08JA013,1991-09-01,14.199999809265137,
08JA013,1991-10-01,30.700000762939453,
08JA013,1991-11-01,32.599998474121094,
08JA013,1991-12-01,32.400001525878906,
08JA013,1992-01-01,32.20000076293945,
08JA013,1992-02-01,31.700000762939453,
08JA013,1992-03-01,31.5,
08JA013,1992-04-01,31.399999618530277,
08JA013,1992-05-01,49.0,
08JA013,1992-06-01,50.0,
08JA013,1992-07-01,183.0,
08JA013,1992-08-01,274.0,
08JA013,1992-09-01,14.199999809265137,
08JA013,1992-10-01,32.79999923706055,
08JA013,1992-11-01,33.400001525878906,
08JA013,1992-12-01,33.400001525878906,
08JA013,1993-01-01,32.79999923706055,
08JA013,1993-02-01,32.20000076293945,
08JA013,1993-03-01,32.599998474121094,
08JA013,1993-04-01,33.099998474121094,
08JA013,1993-05-01,49.29999923706055,
08JA013,1993-06-01,49.400001525878906,
08JA013,1993-07-01,49.29999923706055,
08JA013,1993-08-01,161.0,
08JA013,1993-09-01,14.199999809265137,
08JA013,1993-10-01,31.899999618530277,
08JA013,1993-11-01,32.400001525878906,
08JA013,1993-12-01,33.599998474121094,
08JA013,1994-01-01,33.099998474121094,
08JA013,1994-02-01,32.79999923706055,
08JA013,1994-03-01,32.29999923706055,
08JA013,1994-04-01,31.899999618530277,
08JA013,1994-05-01,49.20000076293945,
08JA013,1994-06-01,49.79999923706055,
08JA013,1994-07-01,48.70000076293945,
08JA013,1994-08-01,283.0,
08JA013,1994-09-01,14.199999809265137,
08JA013,1994-10-01,31.299999237060547,
08JA013,1994-11-01,31.200000762939453,
08JA013,1994-12-01,40.70000076293945,
08JA013,1995-01-01,36.70000076293945,
08JA013,1995-02-01,35.900001525878906,
08JA013,1995-03-01,35.20000076293945,
08JA013,1995-04-01,41.09999847412109,
08JA013,1995-05-01,58.900001525878906,
08JA013,1995-06-01,49.70000076293945,
08JA013,1995-07-01,48.29999923706055,
08JA013,1995-08-01,170.0,
08JA013,1995-09-01,20.299999237060547,
08JA013,1995-10-01,28.799999237060547,
08JA013,1995-11-01,32.20000076293945,
08JA013,1995-12-01,34.70000076293945,
08JA013,1996-01-01,34.099998474121094,
08JA013,1996-02-01,34.0,
08JA013,1996-03-01,33.5,
08JA013,1996-04-01,32.900001525878906,
08JA013,1996-05-01,50.0,
08JA013,1996-06-01,52.59999847412109,
08JA013,1996-07-01,227.0,
08JA013,1996-08-01,170.0,
08JA013,1996-09-01,15.100000381469728,
08JA013,1996-10-01,113.0,
08JA013,1996-11-01,227.0,
08JA013,1996-12-01,60.70000076293945,
08JA013,1997-01-01,59.70000076293945,
08JA013,1997-02-01,58.70000076293945,
08JA013,1997-03-01,57.70000076293945,
08JA013,1997-04-01,56.59999847412109,
08JA013,1997-05-01,72.69999694824219,
08JA013,1997-06-01,201.0,
08JA013,1997-07-01,342.0,
08JA013,1997-08-01,335.0,
08JA013,1997-09-01,42.20000076293945,
08JA013,1997-10-01,85.80000305175781,
08JA013,1997-11-01,57.29999923706055,
08JA013,1997-12-01,56.70000076293945,
08JA013,1998-01-01,55.79999923706055,
08JA013,1998-02-01,54.59999847412109,
08JA013,1998-03-01,53.29999923706055,
08JA013,1998-04-01,51.70000076293945,
08JA013,1998-05-01,50.900001525878906,
08JA013,1998-06-01,52.400001525878906,
08JA013,1998-07-01,50.09999847412109,
08JA013,1998-08-01,279.0,
08JA013,1998-09-01,14.600000381469728,
08JA013,1998-10-01,30.0,
08JA013,1998-11-01,30.0,
08JA013,1998-12-01,30.399999618530277,
08JA013,1999-01-01,30.0,
08JA013,1999-02-01,29.600000381469727,
08JA013,1999-03-01,29.200000762939453,
08JA013,1999-04-01,29.5,
08JA013,1999-05-01,49.20000076293945,
08JA013,1999-06-01,49.29999923706055,
08JA013,1999-07-01,49.0,
08JA013,1999-08-01,170.0,
08JA013,1999-09-01,33.0,
08JA013,1999-10-01,32.79999923706055,
08JA013,1999-11-01,33.400001525878906,
08JA013,1999-12-01,32.900001525878906,
08JA013,2000-01-01,32.29999923706055,
08JA013,2000-02-01,32.5,
08JA013,2000-03-01,32.599998474121094,
08JA013,2000-04-01,32.70000076293945,
08JA013,2000-05-01,49.0,
08JA013,2000-06-01,53.59999847412109,
08JA013,2000-07-01,49.09999847412109,
08JA013,2000-08-01,170.0,
08JA013,2000-09-01,32.900001525878906,
08JA013,2000-10-01,32.79999923706055,
08JA013,2000-11-01,32.900001525878906,
08JA013,2000-12-01,32.0,
08JA013,2001-01-01,32.5,
08JA013,2001-02-01,32.20000076293945,
08JA013,2001-03-01,32.599998474121094,
08JA013,2001-04-01,32.900001525878906,
08JA013,2001-05-01,52.5,
08JA013,2001-06-01,53.29999923706055,
08JA013,2001-07-01,52.900001525878906,
08JA013,2001-08-01,170.0,
08JA013,2001-09-01,14.199999809265137,
08JA013,2001-10-01,30.0,
08JA013,2001-11-01,30.0,
08JA013,2001-12-01,30.0,
08JA013,2002-01-01,31.799999237060547,
08JA013,2002-02-01,31.399999618530277,
08JA013,2002-03-01,31.0,
08JA013,2002-04-01,30.399999618530277,
08JA013,2002-05-01,54.400001525878906,
08JA013,2002-06-01,54.59999847412109,
08JA013,2002-07-01,54.79999923706055,
08JA013,2002-08-01,245.0,
08JA013,2002-09-01,14.800000190734863,
08JA013,2002-10-01,30.0,
08JA013,2002-11-01,85.0,
08JA013,2002-12-01,55.29999923706055,
08JA013,2003-01-01,31.600000381469727,
08JA013,2003-02-01,31.299999237060547,
08JA013,2003-03-01,30.700000762939453,
08JA013,2003-04-01,30.100000381469727,
08JA013,2003-05-01,50.09999847412109,
08JA013,2003-06-01,49.70000076293945,
08JA013,2003-07-01,49.400001525878906,
08JA013,2003-08-01,69.4000015258789,
08JA013,2003-09-01,21.0,
08JA013,2003-10-01,33.0,
08JA013,2003-11-01,33.0,
08JA013,2003-12-01,32.70000076293945,
08JA013,2004-01-01,33.0,
08JA013,2004-02-01,32.400001525878906,
08JA013,2004-03-01,32.70000076293945,
08JA013,2004-04-01,33.099998474121094,
08JA013,2004-05-01,53.29999923706055,
08JA013,2004-06-01,53.59999847412109,
08JA013,2004-07-01,52.09999847412109,
08JA013,2004-08-01,89.9000015258789,
08JA013,2004-09-01,19.299999237060547,
08JA013,2004-10-01,29.5,
08JA013,2004-11-01,29.899999618530277,
08JA013,2004-12-01,30.899999618530277,
08JA013,2005-01-01,31.200000762939453,
08JA013,2005-02-01,31.200000762939453,
08JA013,2005-03-01,31.299999237060547,
08JA013,2005-04-01,44.70000076293945,
08JA013,2005-05-01,264.0,
08JA013,2005-06-01,79.69999694824219,
08JA013,2005-07-01,210.0,
08JA013,2005-08-01,171.0,
08JA013,2005-09-01,24.799999237060547,
08JA013,2005-10-01,32.20000076293945,
08JA013,2005-11-01,126.0,
08JA013,2005-12-01,86.4000015258789,
08JA013,2006-01-01,85.4000015258789,
08JA013,2006-02-01,55.09999847412109,
08JA013,2006-03-01,32.900001525878906,
08JA013,2006-04-01,32.20000076293945,
08JA013,2006-05-01,49.5,
08JA013,2006-06-01,49.0,
08JA013,2006-07-01,50.09999847412109,
08JA013,2006-08-01,172.0,
08JA013,2006-09-01,32.0,
08JA013,2006-10-01,32.400001525878906,
08JA013,2006-11-01,33.099998474121094,
08JA013,2006-12-01,33.20000076293945,
08JA013,2007-01-01,33.20000076293945,
08JA013,2007-02-01,33.0,
08JA013,2007-03-01,42.5,
08JA013,2007-04-01,42.20000076293945,
08JA013,2007-05-01,104.0,
08JA013,2007-06-01,252.0,
08JA013,2007-07-01,500.0,
08JA013,2007-08-01,580.0,
08JA013,2007-09-01,15.100000381469728,
08JA013,2007-10-01,64.30000305175781,
08JA013,2007-11-01,261.0,
08JA013,2007-12-01,84.19999694824219,
08JA013,2008-01-01,82.9000015258789,
08JA013,2008-02-01,81.0,
08JA013,2008-03-01,33.79999923706055,
08JA013,2008-04-01,33.0,
08JA013,2008-05-01,39.70000076293945,
08JA013,2008-06-01,50.0,
08JA013,2008-07-01,49.79999923706055,
08JA013,2008-08-01,169.0,
08JA013,2008-09-01,14.699999809265137,
08JA013,2008-10-01,32.79999923706055,
08JA013,2008-11-01,33.400001525878906,
08JA013,2008-12-01,33.400001525878906,
08JA013,2009-01-01,35.29999923706055,
08JA013,2009-02-01,34.79999923706055,
08JA013,2009-03-01,34.20000076293945,
08JA013,2009-04-01,33.400001525878906,
08JA013,2009-05-01,38.400001525878906,
08JA013,2009-06-01,51.09999847412109,
08JA013,2009-07-01,49.29999923706055,
08JA013,2009-08-01,278.0,
08JA013,2009-09-01,32.400001525878906,
08JA013,2009-10-01,32.099998474121094,
08JA013,2009-11-01,33.900001525878906,
08JA013,2009-12-01,34.0,
08JA013,2010-01-01,33.400001525878906,
08JA013,2010-02-01,33.0,
08JA013,2010-03-01,32.29999923706055,
08JA013,2010-04-01,31.600000381469727,
08JA013,2010-05-01,49.09999847412109,
08JA013,2010-06-01,51.09999847412109,
08JA013,2010-07-01,50.400001525878906,
08JA013,2010-08-01,14.0,
08JA013,2010-09-01,14.699999809265137,
08JA013,2010-10-01,33.099998474121094,
08JA013,2010-11-01,34.400001525878906,
08JA013,2010-12-01,74.5,
08JA013,2011-01-01,34.0,
08JA013,2011-02-01,33.599998474121094,
08JA013,2011-03-01,33.20000076293945,
08JA013,2011-04-01,32.599998474121094,
08JA013,2011-05-01,79.80000305175781,
08JA013,2011-06-01,51.0,
08JA013,2011-07-01,300.0,
08JA013,2011-08-01,326.0,
08JA013,2011-09-01,14.800000190734863,
08JA013,2011-10-01,510.0,
08JA013,2011-11-01,32.0,
08JA013,2011-12-01,59.79999923706055,
08JA013,2012-01-01,59.29999923706055,
08JA013,2012-02-01,79.5999984741211,
08JA013,2012-03-01,124.0,
08JA013,2012-04-01,119.0,
08JA013,2012-05-01,201.0,
08JA013,2012-06-01,229.0,
08JA013,2012-07-01,246.0,
08JA013,2012-08-01,293.0,
08JA013,2012-09-01,33.0,
08JA013,2012-10-01,63.900001525878906,
08JA013,2012-11-01,63.0,
08JA013,2012-12-01,39.0,
08JA013,2013-01-01,38.09999847412109,
08JA013,2013-02-01,31.299999237060547,
08JA013,2013-03-01,30.600000381469727,
08JA013,2013-04-01,29.799999237060547,
08JA013,2013-05-01,49.400001525878906,
08JA013,2013-06-01,49.5,
08JA013,2013-07-01,49.29999923706055,
08JA013,2013-08-01,282.0,
08JA013,2013-09-01,24.299999237060547,
08JA013,2013-10-01,31.399999618530277,
08JA013,2013-11-01,33.0,
08JA013,2013-12-01,34.29999923706055,
08JA013,2014-01-01,33.70000076293945,
08JA013,2014-02-01,33.20000076293945,
08JA013,2014-03-01,31.899999618530277,
08JA013,2014-04-01,34.70000076293945,
08JA013,2014-05-01,49.09999847412109,
08JA013,2014-06-01,49.29999923706055,
08JA013,2014-07-01,48.900001525878906,
08JA013,2014-08-01,276.0,
08JA013,2014-09-01,15.399999618530272,
08JA013,2014-10-01,31.399999618530277,
08JA013,2014-11-01,33.79999923706055,
08JA013,2014-12-01,34.29999923706055,
08JA013,2015-01-01,34.20000076293945,
08JA013,2015-02-01,30.299999237060547,
08JA013,2015-03-01,45.29999923706055,
08JA013,2015-04-01,85.30000305175781,
08JA013,2015-05-01,248.0,
08JA013,2015-06-01,504.0,
08JA013,2015-07-01,321.0,
08JA013,2015-08-01,204.0,
08JA013,2015-09-01,32.400001525878906,
08JA013,2015-10-01,32.20000076293945,
08JA013,2015-11-01,34.400001525878906,
08JA013,2015-12-01,30.600000381469727,
08JA013,2016-01-01,30.100000381469727,
08JA013,2016-02-01,29.5,
08JA013,2016-03-01,29.0,
08JA013,2016-04-01,29.600000381469727,
08JA013,2016-05-01,50.09999847412109,
08JA013,2016-06-01,48.59999847412109,
08JA013,2016-07-01,48.5,
08JA013,2016-08-01,15.899999618530272,
08JA013,2016-09-01,14.399999618530272,
08JA013,2016-10-01,32.099998474121094,
08JA013,2016-11-01,31.899999618530277,
08JA013,2016-12-01,31.600000381469727,
08JA013,2017-01-01,31.299999237060547,
08JA013,2017-02-01,30.899999618530277,
08JA013,2017-03-01,32.5,
08JA013,2017-04-01,32.0,
08JA013,2017-05-01,48.79999923706055,
08JA013,2017-06-01,203.0,
08JA013,2017-07-01,147.0,
08JA013,2017-08-01,450.0,
08JA013,2017-09-01,25.200000762939453,
08JA013,2017-10-01,32.599998474121094,
08JA013,2017-11-01,65.5,
08JA013,2017-12-01,79.80000305175781,
08JA013,2018-01-01,78.30000305175781,
08JA013,2018-02-01,35.900001525878906,
08JA013,2018-03-01,35.400001525878906,
08JA013,2018-04-01,64.30000305175781,
08JA013,2018-05-01,75.19999694824219,
08JA013,2018-06-01,127.0,
08JA013,2018-07-01,73.30000305175781,
08JA013,2018-08-01,143.0,
08JA013,2018-09-01,26.700000762939453,
08JA013,2018-10-01,28.299999237060547,
08JA013,2018-11-01,27.700000762939453,
08JA013,2018-12-01,32.599998474121094,
08JA013,2019-01-01,32.20000076293945,
08JA013,2019-02-01,31.600000381469727,
08JA013,2019-03-01,30.799999237060547,
08JA013,2019-04-01,31.899999618530277,
08JA013,2019-05-01,49.5,
08JA013,2019-06-01,48.20000076293945,
08JA013,2019-07-01,48.70000076293945,
08JA013,2019-08-01,362.0,
08JA013,2019-09-01,32.099998474121094,
08JA013,2019-10-01,31.700000762939453,
08JA013,2019-11-01,31.799999237060547,
08JA013,2019-12-01,32.0,
08JA013,2020-01-01,31.799999237060547,
08JA013,2020-02-01,31.700000762939453,
08JA013,2020-03-01,33.29999923706055,
08JA013,2020-04-01,34.400001525878906,
08JA013,2020-05-01,49.5,
08JA013,2020-06-01,49.29999923706055,
08JA013,2020-07-01,48.20000076293945,
08JA013,2020-08-01,15.100000381469728,
08JA013,2020-09-01,32.5,
08JA013,2020-10-01,32.29999923706055,
08JA013,2020-11-01,152.0,
08JA013,2020-12-01,70.69999694824219,
08JA013,2021-01-01,84.5999984741211,
08JA013,2021-02-01,84.0999984741211,
08JA013,2021-03-01,82.30000305175781,
08JA013,2021-04-01,101.0,
08JA013,2021-05-01,200.0,
08JA013,2021-06-01,276.0,
08JA013,2021-07-01,277.0,
08JA013,2021-08-01,282.0,
08JA013,2021-09-01,79.30000305175781,
08JA013,2021-10-01,79.5999984741211,
08JA013,2021-11-01,92.8000030517578,
08JA013,2021-12-01,40.400001525878906,
08JA013,2022-01-01,40.09999847412109,
08JA013,2022-02-01,39.70000076293945,
08JA013,2022-03-01,39.5,
08JA013,2022-04-01,41.400001525878906,
08JA013,2022-05-01,41.400001525878906,
08JA013,2022-06-01,221.0,
08JA013,2022-07-01,351.0,
08JA013,2022-08-01,299.0,
08JA013,2022-09-01,59.0,
08JA013,2022-10-01,49.09999847412109,
08JA013,2022-11-01,39.09999847412109,
08JA013,2022-12-01,33.79999923706055,
08JA013,2023-01-01,33.29999923706055,
08JA013,2023-02-01,32.70000076293945,
08JA013,2023-03-01,32.20000076293945,
08JA013,2023-04-01,33.70000076293945,
08JA013,2023-05-01,33.20000076293945,
08JA013,2023-06-01,61.29999923706055,
08JA013,2023-07-01,50.79999923706055,
08JA013,2023-08-01,334.0,
08JA013,2023-09-01,32.900001525878906,
08JA013,2023-10-01,32.599998474121094,
08JA013,2023-11-01,32.599998474121094,
08JA013,2023-12-01,32.20000076293945,
08JA013,2024-01-01,32.0,
08JA013,2024-02-01,33.29999923706055,
08JA013,2024-03-01,32.79999923706055,
08JA013,2024-04-01,32.099998474121094,
08JA013,2024-05-01,49.09999847412109,
08JA013,2024-06-01,50.5,
08JA013,2024-07-01,49.5,
08JA013,2024-08-01,449.0,
08JA013,2024-09-01,13.899999618530272,
08JA013,2024-10-01,32.20000076293945,
08JA013,2024-11-01,32.20000076293945,
08JA013,2024-12-01,32.099998474121094,
08JA013,2025-01-01,32.099998474121094,
08JA013,2025-02-01,31.799999237060547,
08JA013,2025-03-01,31.299999237060547,
08JA013,2025-04-01,30.799999237060547,
08JA013,2025-05-01,31.0,
08JA013,2025-06-01,49.0,
08JA013,2025-07-01,33.0,
08JA013,2025-08-01,276.0,
08JA013,2025-09-01,31.600000381469727,
08JA013,2025-10-01,31.399999618530277,
08JA013,2025-11-01,31.299999237060547,
08JA013,2025-12-01,31.600000381469727,
08JA013,1955-06-02,,
08JA013,1955-11-02,,
08JA013,1956-01-02,0.0,
08JA013,1956-02-02,2.8299999237060547,
08JA013,1956-03-02,5.659999847412109,
08JA013,1956-04-02,5.659999847412109,
08JA013,1956-05-02,5.659999847412109,
08JA013,1956-06-02,0.0,
08JA013,1956-07-02,0.0,
08JA013,1956-08-02,8.5,
08JA013,1956-09-02,0.0,
08JA013,1956-10-02,0.0,
08JA013,1956-11-02,0.0,
08JA013,1956-12-02,0.0,
08JA013,1957-01-02,34.0,
08JA013,1957-02-02,255.0,
08JA013,1957-03-02,255.0,
08JA013,1957-04-02,0.0,
08JA013,1957-05-02,258.0,
08JA013,1957-06-02,161.0,
08JA013,1957-07-02,0.0,
08JA013,1957-08-02,0.0,
08JA013,1957-09-02,137.0,
08JA013,1957-10-02,150.0,
08JA013,1957-11-02,154.0,
08JA013,1957-12-02,200.0,
08JA013,1958-01-02,123.0,
08JA013,1958-02-02,320.0,
08JA013,1958-03-02,249.0,
08JA013,1958-04-02,331.0,
08JA013,1958-05-02,385.0,
08JA013,1958-06-02,0.0,
08JA013,1958-07-02,306.0,
08JA013,1958-08-02,294.0,
08JA013,1958-09-02,283.0,
08JA013,1958-10-02,334.0,
08JA013,1958-11-02,326.0,
08JA013,1958-12-02,224.0,
08JA013,1959-01-02,124.0,
08JA013,1959-02-02,123.0,
08JA013,1959-03-02,63.400001525878906,
08JA013,1959-04-02,63.400001525878906,
08JA013,1959-05-02,64.5999984741211,
08JA013,1959-06-02,0.0,
08JA013,1959-07-02,0.0,
08JA013,1959-08-02,309.0,
08JA013,1959-09-02,328.0,
08JA013,1959-10-02,365.0,
08JA013,1959-11-02,391.0,
08JA013,1959-12-02,193.0,
08JA013,1960-01-02,272.0,
08JA013,1960-02-02,69.4000015258789,
08JA013,1960-03-02,139.0,
08JA013,1960-04-02,174.0,
08JA013,1960-05-02,337.0,
08JA013,1960-06-02,362.0,
08JA013,1960-07-02,0.0,
08JA013,1960-08-02,0.0,
08JA013,1960-09-02,264.0,
08JA013,1960-10-02,258.0,
08JA013,1960-11-02,190.0,
08JA013,1960-12-02,184.0,
08JA013,1961-01-02,59.70000076293945,
08JA013,1961-02-02,29.700000762939453,
08JA013,1961-03-02,42.5,
08JA013,1961-04-02,42.5,
08JA013,1961-05-02,85.0,
08JA013,1961-06-02,119.0,
08JA013,1961-07-02,362.0,
08JA013,1961-08-02,357.0,
08JA013,1961-09-02,481.0,
08JA013,1961-10-02,456.0,
08JA013,1961-11-02,30.600000381469727,
08JA013,1961-12-02,29.700000762939453,
08JA013,1962-01-02,30.0,
08JA013,1962-02-02,30.600000381469727,
08JA013,1962-03-02,30.600000381469727,
08JA013,1962-04-02,30.600000381469727,
08JA013,1962-05-02,30.899999618530277,
08JA013,1962-06-02,193.0,
08JA013,1962-07-02,203.0,
08JA013,1962-08-02,180.0,
08JA013,1962-09-02,227.0,
08JA013,1962-10-02,222.0,
08JA013,1962-11-02,221.0,
08JA013,1962-12-02,46.400001525878906,
08JA013,1963-01-02,46.70000076293945,
08JA013,1963-02-02,46.70000076293945,
08JA013,1963-03-02,46.400001525878906,
08JA013,1963-04-02,46.20000076293945,
08JA013,1963-05-02,337.0,
08JA013,1963-06-02,337.0,
08JA013,1963-07-02,197.0,
08JA013,1963-08-02,199.0,
08JA013,1963-09-02,194.0,
08JA013,1963-10-02,67.4000015258789,
08JA013,1963-11-02,191.0,
08JA013,1963-12-02,42.20000076293945,
08JA013,1964-01-02,42.79999923706055,
08JA013,1964-02-02,43.0,
08JA013,1964-03-02,42.5,
08JA013,1964-04-02,41.59999847412109,
08JA013,1964-05-02,425.0,
08JA013,1964-06-02,416.0,
08JA013,1964-07-02,422.0,
08JA013,1964-08-02,201.0,
08JA013,1964-09-02,200.0,
08JA013,1964-10-02,198.0,
08JA013,1964-11-02,195.0,
08JA013,1964-12-02,70.80000305175781,
08JA013,1965-01-02,69.9000015258789,
08JA013,1965-02-02,69.0999984741211,
08JA013,1965-03-02,68.0,
08JA013,1965-04-02,67.0999984741211,
08JA013,1965-05-02,67.4000015258789,
08JA013,1965-06-02,199.0,
08JA013,1965-07-02,203.0,
08JA013,1965-08-02,204.0,
08JA013,1965-09-02,199.0,
08JA013,1965-10-02,88.9000015258789,
08JA013,1965-11-02,65.69999694824219,
08JA013,1965-12-02,46.20000076293945,
08JA013,1966-01-02,46.20000076293945,
08JA013,1966-02-02,45.900001525878906,
08JA013,1966-03-02,45.29999923706055,
08JA013,1966-04-02,45.29999923706055,
08JA013,1966-05-02,221.0,
08JA013,1966-06-02,225.0,
08JA013,1966-07-02,234.0,
08JA013,1966-08-02,195.0,
08JA013,1966-09-02,314.0,
08JA013,1966-10-02,331.0,
08JA013,1966-11-02,88.30000305175781,
08JA013,1966-12-02,88.0999984741211,
08JA013,1967-01-02,87.19999694824219,
08JA013,1967-02-02,85.80000305175781,
08JA013,1967-03-02,84.4000015258789,
08JA013,1967-04-02,83.0,
08JA013,1967-05-02,326.0,
08JA013,1967-06-02,274.0,
08JA013,1967-07-02,175.0,
08JA013,1967-08-02,261.0,
08JA013,1967-09-02,151.0,
08JA013,1967-10-02,55.20000076293945,
08JA013,1967-11-02,150.0,
08JA013,1967-12-02,73.9000015258789,
08JA013,1968-01-02,60.29999923706055,
08JA013,1968-02-02,60.59999847412109,
08JA013,1968-03-02,60.29999923706055,
08JA013,1968-04-02,59.70000076293945,
08JA013,1968-05-02,221.0,
08JA013,1968-06-02,286.0,
08JA013,1968-07-02,130.0,
08JA013,1968-08-02,190.0,
08JA013,1968-09-02,190.0,
08JA013,1968-10-02,239.0,
08JA013,1968-11-02,237.0,
08JA013,1968-12-02,92.0,
08JA013,1969-01-02,90.5999984741211,
08JA013,1969-02-02,89.19999694824219,
08JA013,1969-03-02,86.9000015258789,
08JA013,1969-04-02,84.4000015258789,
08JA013,1969-05-02,83.5,
08JA013,1969-06-02,88.30000305175781,
08JA013,1969-07-02,129.0,
08JA013,1969-08-02,101.0,
08JA013,1969-09-02,157.0,
08JA013,1969-10-02,155.0,
08JA013,1969-11-02,152.0,
08JA013,1969-12-02,75.9000015258789,
08JA013,1970-01-02,75.5999984741211,
08JA013,1970-02-02,74.19999694824219,
08JA013,1970-03-02,72.5,
08JA013,1970-04-02,71.0999984741211,
08JA013,1970-05-02,44.5,
08JA013,1970-06-02,45.59999847412109,
08JA013,1970-07-02,47.900001525878906,
08JA013,1970-08-02,90.3000030517578,
08JA013,1970-09-02,90.9000015258789,
08JA013,1970-10-02,117.0,
08JA013,1970-11-02,116.0,
08JA013,1970-12-02,60.900001525878906,
08JA013,1971-01-02,60.0,
08JA013,1971-02-02,59.20000076293945,
08JA013,1971-03-02,58.29999923706055,
08JA013,1971-04-02,57.20000076293945,
08JA013,1971-05-02,167.0,
08JA013,1971-06-02,58.0,
08JA013,1971-07-02,62.900001525878906,
08JA013,1971-08-02,154.0,
08JA013,1971-09-02,173.0,
08JA013,1971-10-02,170.0,
08JA013,1971-11-02,208.0,
08JA013,1971-12-02,75.9000015258789,
08JA013,1972-01-02,75.0,
08JA013,1972-02-02,73.5999984741211,
08JA013,1972-03-02,72.19999694824219,
08JA013,1972-04-02,71.0999984741211,
08JA013,1972-05-02,334.0,
08JA013,1972-06-02,0.0,
08JA013,1972-07-02,419.0,
08JA013,1972-08-02,422.0,
08JA013,1972-09-02,228.0,
08JA013,1972-10-02,220.0,
08JA013,1972-11-02,74.19999694824219,
08JA013,1972-12-02,73.30000305175781,
08JA013,1973-01-02,71.9000015258789,
08JA013,1973-02-02,70.80000305175781,
08JA013,1973-03-02,69.0999984741211,
08JA013,1973-04-02,67.0999984741211,
08JA013,1973-05-02,66.0,
08JA013,1973-06-02,44.5,
08JA013,1973-07-02,174.0,
08JA013,1973-08-02,122.0,
08JA013,1973-09-02,33.400001525878906,
08JA013,1973-10-02,33.70000076293945,
08JA013,1973-11-02,50.400001525878906,
08JA013,1973-12-02,49.59999847412109,
08JA013,1974-01-02,48.70000076293945,
08JA013,1974-02-02,48.09999847412109,
08JA013,1974-03-02,47.29999923706055,
08JA013,1974-04-02,137.0,
08JA013,1974-05-02,247.0,
08JA013,1974-06-02,0.0,
08JA013,1974-07-02,0.0,
08JA013,1974-08-02,228.0,
08JA013,1974-09-02,15.699999809265137,
08JA013,1974-10-02,25.299999237060547,
08JA013,1974-11-02,199.0,
08JA013,1974-12-02,73.5999984741211,
08JA013,1975-01-02,76.19999694824219,
08JA013,1975-02-02,75.30000305175781,
08JA013,1975-03-02,73.5999984741211,
08JA013,1975-04-02,72.5,
08JA013,1975-05-02,71.4000015258789,
08JA013,1975-06-02,90.3000030517578,
08JA013,1975-07-02,96.0,
08JA013,1975-08-02,98.5,
08JA013,1975-09-02,198.0,
08JA013,1975-10-02,231.0,
08JA013,1975-11-02,225.0,
08JA013,1975-12-02,86.9000015258789,
08JA013,1976-01-02,86.0999984741211,
08JA013,1976-02-02,85.19999694824219,
08JA013,1976-03-02,83.80000305175781,
08JA013,1976-04-02,138.0,
08JA013,1976-05-02,348.0,
08JA013,1976-06-02,286.0,
08JA013,1976-07-02,379.0,
08JA013,1976-08-02,439.0,
08JA013,1976-09-02,283.0,
08JA013,1976-10-02,289.0,
08JA013,1976-11-02,281.0,
08JA013,1976-12-02,177.0,
08JA013,1977-01-02,175.0,
08JA013,1977-02-02,171.0,
08JA013,1977-03-02,166.0,
08JA013,1977-04-02,168.0,
08JA013,1977-05-02,0.0,
08JA013,1977-06-02,0.0,
08JA013,1977-07-02,225.0,
08JA013,1977-08-02,225.0,
08JA013,1977-09-02,86.9000015258789,
08JA013,1977-10-02,90.0,
08JA013,1977-11-02,34.79999923706055,
08JA013,1977-12-02,51.5,
08JA013,1978-01-02,51.0,
08JA013,1978-02-02,49.79999923706055,
08JA013,1978-03-02,53.5,
08JA013,1978-04-02,52.09999847412109,
08JA013,1978-05-02,51.29999923706055,
08JA013,1978-06-02,33.400001525878906,
08JA013,1978-07-02,39.59999847412109,
08JA013,1978-08-02,34.0,
08JA013,1978-09-02,34.29999923706055,
08JA013,1978-10-02,33.70000076293945,
08JA013,1978-11-02,36.0,
08JA013,1978-12-02,35.70000076293945,
08JA013,1979-01-02,33.099998474121094,
08JA013,1979-02-02,32.400001525878906,
08JA013,1979-03-02,31.299999237060547,
08JA013,1979-04-02,30.200000762939453,
08JA013,1979-05-02,30.0,
08JA013,1979-06-02,33.0,
08JA013,1979-07-02,34.099998474121094,
08JA013,1979-08-02,116.0,
08JA013,1979-09-02,33.79999923706055,
08JA013,1979-10-02,33.400001525878906,
08JA013,1979-11-02,21.0,
08JA013,1979-12-02,12.699999809265137,
08JA013,1980-01-02,13.199999809265137,
08JA013,1980-02-02,15.600000381469728,
08JA013,1980-03-02,15.0,
08JA013,1980-04-02,15.0,
08JA013,1980-05-02,15.0,
08JA013,1980-06-02,11.699999809265137,
08JA013,1980-07-02,23.200000762939453,
08JA013,1980-08-02,17.0,
08JA013,1980-09-02,14.199999809265137,
08JA013,1980-10-02,32.29999923706055,
08JA013,1980-11-02,32.29999923706055,
08JA013,1980-12-02,32.400001525878906,
08JA013,1981-01-02,33.099998474121094,
08JA013,1981-02-02,32.900001525878906,
08JA013,1981-03-02,32.70000076293945,
08JA013,1981-04-02,57.5,
08JA013,1981-05-02,56.59999847412109,
08JA013,1981-06-02,59.59999847412109,
08JA013,1981-07-02,62.29999923706055,
08JA013,1981-08-02,15.300000190734863,
08JA013,1981-09-02,15.300000190734863,
08JA013,1981-10-02,25.5,
08JA013,1981-11-02,30.600000381469727,
08JA013,1981-12-02,32.5,
08JA013,1982-01-02,32.20000076293945,
08JA013,1982-02-02,31.899999618530277,
08JA013,1982-03-02,31.399999618530277,
08JA013,1982-04-02,56.400001525878906,
08JA013,1982-05-02,54.900001525878906,
08JA013,1982-06-02,41.59999847412109,
08JA013,1982-07-02,59.59999847412109,
08JA013,1982-08-02,228.0,
08JA013,1982-09-02,31.100000381469727,
08JA013,1982-10-02,31.100000381469727,
08JA013,1982-11-02,31.100000381469727,
08JA013,1982-12-02,31.100000381469727,
08JA013,1983-01-02,31.100000381469727,
08JA013,1983-02-02,31.100000381469727,
08JA013,1983-03-02,31.100000381469727,
08JA013,1983-04-02,49.59999847412109,
08JA013,1983-05-02,49.59999847412109,
08JA013,1983-06-02,50.400001525878906,
08JA013,1983-07-02,57.5,
08JA013,1983-08-02,338.0,
08JA013,1983-09-02,31.100000381469727,
08JA013,1983-10-02,31.100000381469727,
08JA013,1983-11-02,31.200000762939453,
08JA013,1983-12-02,31.100000381469727,
08JA013,1984-01-02,30.700000762939453,
08JA013,1984-02-02,30.600000381469727,
08JA013,1984-03-02,30.299999237060547,
08JA013,1984-04-02,54.09999847412109,
08JA013,1984-05-02,53.70000076293945,
08JA013,1984-06-02,55.20000076293945,
08JA013,1984-07-02,55.09999847412109,
08JA013,1984-08-02,339.0,
08JA013,1984-09-02,30.899999618530277,
08JA013,1984-10-02,31.100000381469727,
08JA013,1984-11-02,31.299999237060547,
08JA013,1984-12-02,31.100000381469727,
08JA013,1985-01-02,31.0,
08JA013,1985-02-02,30.600000381469727,
08JA013,1985-03-02,30.399999618530277,
08JA013,1985-04-02,30.0,
08JA013,1985-05-02,58.0,
08JA013,1985-06-02,56.59999847412109,
08JA013,1985-07-02,59.79999923706055,
08JA013,1985-08-02,278.0,
08JA013,1985-09-02,63.900001525878906,
08JA013,1985-10-02,61.20000076293945,
08JA013,1985-11-02,33.70000076293945,
08JA013,1985-12-02,32.79999923706055,
08JA013,1986-01-02,34.099998474121094,
08JA013,1986-02-02,33.400001525878906,
08JA013,1986-03-02,32.70000076293945,
08JA013,1986-04-02,56.59999847412109,
08JA013,1986-05-02,56.79999923706055,
08JA013,1986-06-02,48.29999923706055,
08JA013,1986-07-02,54.900001525878906,
08JA013,1986-08-02,259.0,
08JA013,1986-09-02,14.199999809265137,
08JA013,1986-10-02,28.299999237060547,
08JA013,1986-11-02,33.79999923706055,
08JA013,1986-12-02,34.70000076293945,
08JA013,1987-01-02,36.09999847412109,
08JA013,1987-02-02,35.70000076293945,
08JA013,1987-03-02,34.400001525878906,
08JA013,1987-04-02,35.099998474121094,
08JA013,1987-05-02,57.900001525878906,
08JA013,1987-06-02,55.79999923706055,
08JA013,1987-07-02,56.900001525878906,
08JA013,1987-08-02,218.0,
08JA013,1987-09-02,56.59999847412109,
08JA013,1987-10-02,56.59999847412109,
08JA013,1987-11-02,31.100000381469727,
08JA013,1987-12-02,34.0,
08JA013,1988-01-02,34.79999923706055,
08JA013,1988-02-02,33.599998474121094,
08JA013,1988-03-02,32.79999923706055,
08JA013,1988-04-02,54.900001525878906,
08JA013,1988-05-02,44.0,
08JA013,1988-06-02,47.70000076293945,
08JA013,1988-07-02,48.400001525878906,
08JA013,1988-08-02,169.0,
08JA013,1988-09-02,29.899999618530277,
08JA013,1988-10-02,30.0,
08JA013,1988-11-02,30.100000381469727,
08JA013,1988-12-02,30.799999237060547,
08JA013,1989-01-02,30.5,
08JA013,1989-02-02,30.200000762939453,
08JA013,1989-03-02,29.600000381469727,
08JA013,1989-04-02,29.100000381469727,
08JA013,1989-05-02,48.20000076293945,
08JA013,1989-06-02,48.5,
08JA013,1989-07-02,48.70000076293945,
08JA013,1989-08-02,307.0,
08JA013,1989-09-02,32.599998474121094,
08JA013,1989-10-02,32.599998474121094,
08JA013,1989-11-02,32.0,
08JA013,1989-12-02,34.900001525878906,
08JA013,1990-01-02,35.29999923706055,
08JA013,1990-02-02,35.099998474121094,
08JA013,1990-03-02,34.5,
08JA013,1990-04-02,33.70000076293945,
08JA013,1990-05-02,49.0,
08JA013,1990-06-02,49.09999847412109,
08JA013,1990-07-02,49.70000076293945,
08JA013,1990-08-02,14.199999809265137,
08JA013,1990-09-02,31.100000381469727,
08JA013,1990-10-02,30.600000381469727,
08JA013,1990-11-02,33.599998474121094,
08JA013,1990-12-02,32.79999923706055,
08JA013,1991-01-02,32.79999923706055,
08JA013,1991-02-02,32.0,
08JA013,1991-03-02,51.0,
08JA013,1991-04-02,85.0,
08JA013,1991-05-02,49.59999847412109,
08JA013,1991-06-02,49.20000076293945,
08JA013,1991-07-02,50.59999847412109,
08JA013,1991-08-02,170.0,
08JA013,1991-09-02,14.199999809265137,
08JA013,1991-10-02,30.700000762939453,
08JA013,1991-11-02,32.599998474121094,
08JA013,1991-12-02,32.400001525878906,
08JA013,1992-01-02,32.20000076293945,
08JA013,1992-02-02,31.700000762939453,
08JA013,1992-03-02,31.5,
08JA013,1992-04-02,31.399999618530277,
08JA013,1992-05-02,49.09999847412109,
08JA013,1992-06-02,49.5,
08JA013,1992-07-02,227.0,
08JA013,1992-08-02,274.0,
08JA013,1992-09-02,14.199999809265137,
08JA013,1992-10-02,32.79999923706055,
08JA013,1992-11-02,33.400001525878906,
08JA013,1992-12-02,33.29999923706055,
08JA013,1993-01-02,32.79999923706055,
08JA013,1993-02-02,32.5,
08JA013,1993-03-02,32.599998474121094,
08JA013,1993-04-02,33.099998474121094,
08JA013,1993-05-02,49.29999923706055,
08JA013,1993-06-02,49.0,
08JA013,1993-07-02,49.29999923706055,
08JA013,1993-08-02,246.0,
08JA013,1993-09-02,14.199999809265137,
08JA013,1993-10-02,31.899999618530277,
08JA013,1993-11-02,32.5,
08JA013,1993-12-02,33.599998474121094,
08JA013,1994-01-02,33.099998474121094,
08JA013,1994-02-02,32.79999923706055,
08JA013,1994-03-02,32.29999923706055,
08JA013,1994-04-02,31.899999618530277,
08JA013,1994-05-02,49.29999923706055,
08JA013,1994-06-02,49.900001525878906,
08JA013,1994-07-02,48.79999923706055,
08JA013,1994-08-02,193.0,
08JA013,1994-09-02,31.5,
08JA013,1994-10-02,31.399999618530277,
08JA013,1994-11-02,31.200000762939453,
08JA013,1994-12-02,40.70000076293945,
08JA013,1995-01-02,36.70000076293945,
08JA013,1995-02-02,35.900001525878906,
08JA013,1995-03-02,35.20000076293945,
08JA013,1995-04-02,41.0,
08JA013,1995-05-02,58.900001525878906,
08JA013,1995-06-02,49.79999923706055,
08JA013,1995-07-02,13.5,
08JA013,1995-08-02,170.0,
08JA013,1995-09-02,32.20000076293945,
08JA013,1995-10-02,32.70000076293945,
08JA013,1995-11-02,32.20000076293945,
08JA013,1995-12-02,34.70000076293945,
08JA013,1996-01-02,34.0,
08JA013,1996-02-02,34.0,
08JA013,1996-03-02,33.5,
08JA013,1996-04-02,32.900001525878906,
08JA013,1996-05-02,50.0,
08JA013,1996-06-02,52.79999923706055,
08JA013,1996-07-02,227.0,
08JA013,1996-08-02,170.0,
08JA013,1996-09-02,15.100000381469728,
08JA013,1996-10-02,112.0,
08JA013,1996-11-02,227.0,
08JA013,1996-12-02,60.59999847412109,
08JA013,1997-01-02,59.70000076293945,
08JA013,1997-02-02,58.70000076293945,
08JA013,1997-03-02,57.70000076293945,
08JA013,1997-04-02,56.59999847412109,
08JA013,1997-05-02,85.0,
08JA013,1997-06-02,201.0,
08JA013,1997-07-02,342.0,
08JA013,1997-08-02,335.0,
08JA013,1997-09-02,54.900001525878906,
08JA013,1997-10-02,85.80000305175781,
08JA013,1997-11-02,57.29999923706055,
08JA013,1997-12-02,56.70000076293945,
08JA013,1998-01-02,55.79999923706055,
08JA013,1998-02-02,54.5,
08JA013,1998-03-02,53.20000076293945,
08JA013,1998-04-02,51.70000076293945,
08JA013,1998-05-02,51.0,
08JA013,1998-06-02,52.5,
08JA013,1998-07-02,49.5,
08JA013,1998-08-02,278.0,
08JA013,1998-09-02,19.600000381469727,
08JA013,1998-10-02,30.0,
08JA013,1998-11-02,30.0,
08JA013,1998-12-02,30.399999618530277,
08JA013,1999-01-02,30.0,
08JA013,1999-02-02,29.600000381469727,
08JA013,1999-03-02,29.5,
08JA013,1999-04-02,29.5,
08JA013,1999-05-02,49.20000076293945,
08JA013,1999-06-02,49.400001525878906,
08JA013,1999-07-02,49.20000076293945,
08JA013,1999-08-02,170.0,
08JA013,1999-09-02,33.0,
08JA013,1999-10-02,32.79999923706055,
08JA013,1999-11-02,33.400001525878906,
08JA013,1999-12-02,32.900001525878906,
08JA013,2000-01-02,32.29999923706055,
08JA013,2000-02-02,32.5,
08JA013,2000-03-02,32.599998474121094,
08JA013,2000-04-02,32.70000076293945,
08JA013,2000-05-02,49.0,
08JA013,2000-06-02,51.70000076293945,
08JA013,2000-07-02,49.0,
08JA013,2000-08-02,170.0,
08JA013,2000-09-02,32.900001525878906,
08JA013,2000-10-02,32.70000076293945,
08JA013,2000-11-02,32.900001525878906,
08JA013,2000-12-02,32.0,
08JA013,2001-01-02,32.5,
08JA013,2001-02-02,32.20000076293945,
08JA013,2001-03-02,32.599998474121094,
08JA013,2001-04-02,32.900001525878906,
08JA013,2001-05-02,52.5,
08JA013,2001-06-02,53.5,
08JA013,2001-07-02,52.59999847412109,
08JA013,2001-08-02,170.0,
08JA013,2001-09-02,14.199999809265137,
08JA013,2001-10-02,30.0,
08JA013,2001-11-02,30.0,
08JA013,2001-12-02,30.0,
08JA013,2002-01-02,31.799999237060547,
08JA013,2002-02-02,31.399999618530277,
08JA013,2002-03-02,31.0,
08JA013,2002-04-02,30.399999618530277,
08JA013,2002-05-02,54.5,
08JA013,2002-06-02,54.900001525878906,
08JA013,2002-07-02,54.900001525878906,
08JA013,2002-08-02,283.0,
08JA013,2002-09-02,19.899999618530277,
08JA013,2002-10-02,30.0,
08JA013,2002-11-02,85.0,
08JA013,2002-12-02,67.5,
08JA013,2003-01-02,31.5,
08JA013,2003-02-02,31.200000762939453,
08JA013,2003-03-02,30.700000762939453,
08JA013,2003-04-02,30.100000381469727,
08JA013,2003-05-02,50.20000076293945,
08JA013,2003-06-02,49.79999923706055,
08JA013,2003-07-02,49.400001525878906,
08JA013,2003-08-02,169.0,
08JA013,2003-09-02,33.20000076293945,
08JA013,2003-10-02,32.900001525878906,
08JA013,2003-11-02,33.0,
08JA013,2003-12-02,32.70000076293945,
08JA013,2004-01-02,33.0,
08JA013,2004-02-02,32.400001525878906,
08JA013,2004-03-02,32.70000076293945,
08JA013,2004-04-02,33.099998474121094,
08JA013,2004-05-02,53.400001525878906,
08JA013,2004-06-02,53.59999847412109,
08JA013,2004-07-02,52.20000076293945,
08JA013,2004-08-02,227.0,
08JA013,2004-09-02,17.200000762939453,
08JA013,2004-10-02,29.5,
08JA013,2004-11-02,29.899999618530277,
08JA013,2004-12-02,30.899999618530277,
08JA013,2005-01-02,31.200000762939453,
08JA013,2005-02-02,31.200000762939453,
08JA013,2005-03-02,31.299999237060547,
08JA013,2005-04-02,44.70000076293945,
08JA013,2005-05-02,283.0,
08JA013,2005-06-02,79.80000305175781,
08JA013,2005-07-02,196.0,
08JA013,2005-08-02,171.0,
08JA013,2005-09-02,32.400001525878906,
08JA013,2005-10-02,32.20000076293945,
08JA013,2005-11-02,126.0,
08JA013,2005-12-02,86.4000015258789,
08JA013,2006-01-02,85.30000305175781,
08JA013,2006-02-02,55.0,
08JA013,2006-03-02,32.900001525878906,
08JA013,2006-04-02,32.20000076293945,
08JA013,2006-05-02,49.5,
08JA013,2006-06-02,49.20000076293945,
08JA013,2006-07-02,50.20000076293945,
08JA013,2006-08-02,172.0,
08JA013,2006-09-02,32.0,
08JA013,2006-10-02,32.400001525878906,
08JA013,2006-11-02,33.099998474121094,
08JA013,2006-12-02,33.20000076293945,
08JA013,2007-01-02,33.20000076293945,
08JA013,2007-02-02,32.900001525878906,
08JA013,2007-03-02,42.5,
08JA013,2007-04-02,42.09999847412109,
08JA013,2007-05-02,84.30000305175781,
08JA013,2007-06-02,243.0,
08JA013,2007-07-02,505.0,
08JA013,2007-08-02,579.0,
08JA013,2007-09-02,15.100000381469728,
08JA013,2007-10-02,64.30000305175781,
08JA013,2007-11-02,299.0,
08JA013,2007-12-02,84.19999694824219,
08JA013,2008-01-02,82.9000015258789,
08JA013,2008-02-02,81.0,
08JA013,2008-03-02,33.79999923706055,
08JA013,2008-04-02,33.0,
08JA013,2008-05-02,48.79999923706055,
08JA013,2008-06-02,50.20000076293945,
08JA013,2008-07-02,49.79999923706055,
08JA013,2008-08-02,169.0,
08JA013,2008-09-02,24.200000762939453,
08JA013,2008-10-02,32.79999923706055,
08JA013,2008-11-02,33.400001525878906,
08JA013,2008-12-02,33.400001525878906,
08JA013,2009-01-02,35.29999923706055,
08JA013,2009-02-02,34.79999923706055,
08JA013,2009-03-02,34.099998474121094,
08JA013,2009-04-02,33.400001525878906,
08JA013,2009-05-02,49.0,
08JA013,2009-06-02,51.20000076293945,
08JA013,2009-07-02,49.29999923706055,
08JA013,2009-08-02,278.0,
08JA013,2009-09-02,32.400001525878906,
08JA013,2009-10-02,32.70000076293945,
08JA013,2009-11-02,33.900001525878906,
08JA013,2009-12-02,34.0,
08JA013,2010-01-02,33.400001525878906,
08JA013,2010-02-02,32.900001525878906,
08JA013,2010-03-02,32.29999923706055,
08JA013,2010-04-02,31.5,
08JA013,2010-05-02,49.09999847412109,
08JA013,2010-06-02,51.20000076293945,
08JA013,2010-07-02,50.400001525878906,
08JA013,2010-08-02,14.0,
08JA013,2010-09-02,20.0,
08JA013,2010-10-02,33.20000076293945,
08JA013,2010-11-02,33.79999923706055,
08JA013,2010-12-02,74.5,
08JA013,2011-01-02,34.0,
08JA013,2011-02-02,33.599998474121094,
08JA013,2011-03-02,33.099998474121094,
08JA013,2011-04-02,32.5,
08JA013,2011-05-02,79.80000305175781,
08JA013,2011-06-02,51.29999923706055,
08JA013,2011-07-02,300.0,
08JA013,2011-08-02,325.0,
08JA013,2011-09-02,14.800000190734863,
08JA013,2011-10-02,509.0,
08JA013,2011-11-02,32.0,
08JA013,2011-12-02,59.79999923706055,
08JA013,2012-01-02,59.29999923706055,
08JA013,2012-02-02,79.5,
08JA013,2012-03-02,124.0,
08JA013,2012-04-02,119.0,
08JA013,2012-05-02,201.0,
08JA013,2012-06-02,229.0,
08JA013,2012-07-02,246.0,
08JA013,2012-08-02,293.0,
08JA013,2012-09-02,33.0,
08JA013,2012-10-02,63.79999923706055,
08JA013,2012-11-02,63.0,
08JA013,2012-12-02,39.0,
08JA013,2013-01-02,38.09999847412109,
08JA013,2013-02-02,31.200000762939453,
08JA013,2013-03-02,30.600000381469727,
08JA013,2013-04-02,29.799999237060547,
08JA013,2013-05-02,49.400001525878906,
08JA013,2013-06-02,49.20000076293945,
08JA013,2013-07-02,49.29999923706055,
08JA013,2013-08-02,282.0,
08JA013,2013-09-02,31.700000762939453,
08JA013,2013-10-02,31.399999618530277,
08JA013,2013-11-02,33.0,
08JA013,2013-12-02,34.29999923706055,
08JA013,2014-01-02,33.70000076293945,
08JA013,2014-02-02,33.099998474121094,
08JA013,2014-03-02,32.5,
08JA013,2014-04-02,34.70000076293945,
08JA013,2014-05-02,49.09999847412109,
08JA013,2014-06-02,49.400001525878906,
08JA013,2014-07-02,49.0,
08JA013,2014-08-02,275.0,
08JA013,2014-09-02,25.5,
08JA013,2014-10-02,31.399999618530277,
08JA013,2014-11-02,33.79999923706055,
08JA013,2014-12-02,34.29999923706055,
08JA013,2015-01-02,34.20000076293945,
08JA013,2015-02-02,30.299999237060547,
08JA013,2015-03-02,45.29999923706055,
08JA013,2015-04-02,107.0,
08JA013,2015-05-02,219.0,
08JA013,2015-06-02,472.0,
08JA013,2015-07-02,321.0,
08JA013,2015-08-02,276.0,
08JA013,2015-09-02,32.400001525878906,
08JA013,2015-10-02,32.20000076293945,
08JA013,2015-11-02,34.400001525878906,
08JA013,2015-12-02,30.5,
08JA013,2016-01-02,30.0,
08JA013,2016-02-02,29.399999618530277,
08JA013,2016-03-02,29.0,
08JA013,2016-04-02,29.600000381469727,
08JA013,2016-05-02,50.09999847412109,
08JA013,2016-06-02,48.70000076293945,
08JA013,2016-07-02,48.5,
08JA013,2016-08-02,15.899999618530272,
08JA013,2016-09-02,14.399999618530272,
08JA013,2016-10-02,32.099998474121094,
08JA013,2016-11-02,31.899999618530277,
08JA013,2016-12-02,31.600000381469727,
08JA013,2017-01-02,31.299999237060547,
08JA013,2017-02-02,30.799999237060547,
08JA013,2017-03-02,32.5,
08JA013,2017-04-02,32.0,
08JA013,2017-05-02,48.79999923706055,
08JA013,2017-06-02,203.0,
08JA013,2017-07-02,144.0,
08JA013,2017-08-02,401.0,
08JA013,2017-09-02,31.700000762939453,
08JA013,2017-10-02,32.599998474121094,
08JA013,2017-11-02,65.5,
08JA013,2017-12-02,79.69999694824219,
08JA013,2018-01-02,78.19999694824219,
08JA013,2018-02-02,35.900001525878906,
08JA013,2018-03-02,35.400001525878906,
08JA013,2018-04-02,64.19999694824219,
08JA013,2018-05-02,75.5,
08JA013,2018-06-02,99.6999969482422,
08JA013,2018-07-02,63.20000076293945,
08JA013,2018-08-02,452.0,
08JA013,2018-09-02,26.700000762939453,
08JA013,2018-10-02,28.299999237060547,
08JA013,2018-11-02,30.100000381469727,
08JA013,2018-12-02,32.599998474121094,
08JA013,2019-01-02,32.099998474121094,
08JA013,2019-02-02,31.5,
08JA013,2019-03-02,30.799999237060547,
08JA013,2019-04-02,31.899999618530277,
08JA013,2019-05-02,49.5,
08JA013,2019-06-02,48.29999923706055,
08JA013,2019-07-02,48.70000076293945,
08JA013,2019-08-02,14.699999809265137,
08JA013,2019-09-02,32.099998474121094,
08JA013,2019-10-02,31.700000762939453,
08JA013,2019-11-02,31.799999237060547,
08JA013,2019-12-02,32.099998474121094,
08JA013,2020-01-02,31.799999237060547,
08JA013,2020-02-02,31.700000762939453,
08JA013,2020-03-02,33.29999923706055,
08JA013,2020-04-02,34.400001525878906,
08JA013,2020-05-02,49.59999847412109,
08JA013,2020-06-02,49.09999847412109,
08JA013,2020-07-02,48.29999923706055,
08JA013,2020-08-02,15.100000381469728,
08JA013,2020-09-02,32.5,
08JA013,2020-10-02,32.29999923706055,
08JA013,2020-11-02,152.0,
08JA013,2020-12-02,70.5999984741211,
08JA013,2021-01-02,84.5999984741211,
08JA013,2021-02-02,84.0,
08JA013,2021-03-02,82.19999694824219,
08JA013,2021-04-02,101.0,
08JA013,2021-05-02,200.0,
08JA013,2021-06-02,275.0,
08JA013,2021-07-02,277.0,
08JA013,2021-08-02,281.0,
08JA013,2021-09-02,79.19999694824219,
08JA013,2021-10-02,79.4000015258789,
08JA013,2021-11-02,62.5,
08JA013,2021-12-02,40.400001525878906,
08JA013,2022-01-02,40.09999847412109,
08JA013,2022-02-02,39.70000076293945,
08JA013,2022-03-02,39.5,
08JA013,2022-04-02,41.400001525878906,
08JA013,2022-05-02,41.400001525878906,
08JA013,2022-06-02,222.0,
08JA013,2022-07-02,371.0,
08JA013,2022-08-02,298.0,
08JA013,2022-09-02,59.0,
08JA013,2022-10-02,49.09999847412109,
08JA013,2022-11-02,39.09999847412109,
08JA013,2022-12-02,33.79999923706055,
08JA013,2023-01-02,33.20000076293945,
08JA013,2023-02-02,32.70000076293945,
08JA013,2023-03-02,32.20000076293945,
08JA013,2023-04-02,33.599998474121094,
08JA013,2023-05-02,33.20000076293945,
08JA013,2023-06-02,49.70000076293945,
08JA013,2023-07-02,50.79999923706055,
08JA013,2023-08-02,451.0,
08JA013,2023-09-02,32.900001525878906,
08JA013,2023-10-02,32.599998474121094,
08JA013,2023-11-02,32.599998474121094,
08JA013,2023-12-02,32.20000076293945,
08JA013,2024-01-02,32.0,
08JA013,2024-02-02,33.29999923706055,
08JA013,2024-03-02,32.70000076293945,
08JA013,2024-04-02,32.099998474121094,
08JA013,2024-05-02,49.0,
08JA013,2024-06-02,50.59999847412109,
08JA013,2024-07-02,49.5,
08JA013,2024-08-02,344.0,
08JA013,2024-09-02,13.899999618530272,
08JA013,2024-10-02,32.20000076293945,
08JA013,2024-11-02,32.29999923706055,
08JA013,2024-12-02,32.099998474121094,
08JA013,2025-01-02,32.099998474121094,
08JA013,2025-02-02,31.799999237060547,
08JA013,2025-03-02,31.299999237060547,
08JA013,2025-04-02,30.799999237060547,
08JA013,2025-05-02,31.100000381469727,
08JA013,2025-06-02,32.099998474121094,
08JA013,2025-07-02,33.0,
08JA013,2025-08-02,276.0,
08JA013,2025-09-02,31.600000381469727,
08JA013,2025-10-02,31.399999618530277,
08JA013,2025-11-02,31.299999237060547,
08JA013,2025-12-02,31.600000381469727,
08JA013,1955-06-03,,
08JA013,1955-11-03,,
08JA013,1956-01-03,0.0,
08JA013,1956-02-03,2.8299999237060547,
08JA013,1956-03-03,5.659999847412109,
08JA013,1956-04-03,5.659999847412109,
08JA013,1956-05-03,5.659999847412109,
08JA013,1956-06-03,0.0,
08JA013,1956-07-03,0.0,
08JA013,1956-08-03,8.5,
08JA013,1956-09-03,0.0,
08JA013,1956-10-03,0.0,
08JA013,1956-11-03,0.0,
08JA013,1956-12-03,0.0,
08JA013,1957-01-03,34.0,
08JA013,1957-02-03,255.0,
08JA013,1957-03-03,255.0,
08JA013,1957-04-03,0.0,
08JA013,1957-05-03,258.0,
08JA013,1957-06-03,116.0,
08JA013,1957-07-03,0.0,
08JA013,1957-08-03,0.0,
08JA013,1957-09-03,137.0,
08JA013,1957-10-03,155.0,
08JA013,1957-11-03,154.0,
08JA013,1957-12-03,200.0,
08JA013,1958-01-03,123.0,
08JA013,1958-02-03,320.0,
08JA013,1958-03-03,249.0,
08JA013,1958-04-03,331.0,
08JA013,1958-05-03,385.0,
08JA013,1958-06-03,0.0,
08JA013,1958-07-03,306.0,
08JA013,1958-08-03,294.0,
08JA013,1958-09-03,283.0,
08JA013,1958-10-03,334.0,
08JA013,1958-11-03,326.0,
08JA013,1958-12-03,224.0,
08JA013,1959-01-03,124.0,
08JA013,1959-02-03,123.0,
08JA013,1959-03-03,63.400001525878906,
08JA013,1959-04-03,63.400001525878906,
08JA013,1959-05-03,64.5999984741211,
08JA013,1959-06-03,0.0,
08JA013,1959-07-03,42.5,
08JA013,1959-08-03,309.0,
08JA013,1959-09-03,371.0,
08JA013,1959-10-03,365.0,
08JA013,1959-11-03,391.0,
08JA013,1959-12-03,193.0,
08JA013,1960-01-03,155.0,
08JA013,1960-02-03,85.0,
08JA013,1960-03-03,139.0,
08JA013,1960-04-03,174.0,
08JA013,1960-05-03,348.0,
08JA013,1960-06-03,362.0,
08JA013,1960-07-03,0.0,
08JA013,1960-08-03,0.0,
08JA013,1960-09-03,264.0,
08JA013,1960-10-03,258.0,
08JA013,1960-11-03,190.0,
08JA013,1960-12-03,184.0,
08JA013,1961-01-03,59.70000076293945,
08JA013,1961-02-03,29.700000762939453,
08JA013,1961-03-03,42.5,
08JA013,1961-04-03,42.5,
08JA013,1961-05-03,122.0,
08JA013,1961-06-03,119.0,
08JA013,1961-07-03,362.0,
08JA013,1961-08-03,357.0,
08JA013,1961-09-03,481.0,
08JA013,1961-10-03,394.0,
08JA013,1961-11-03,30.600000381469727,
08JA013,1961-12-03,29.700000762939453,
08JA013,1962-01-03,30.0,
08JA013,1962-02-03,30.600000381469727,
08JA013,1962-03-03,30.600000381469727,
08JA013,1962-04-03,30.600000381469727,
08JA013,1962-05-03,30.899999618530277,
08JA013,1962-06-03,193.0,
08JA013,1962-07-03,203.0,
08JA013,1962-08-03,0.0,
08JA013,1962-09-03,227.0,
08JA013,1962-10-03,222.0,
08JA013,1962-11-03,221.0,
08JA013,1962-12-03,46.400001525878906,
08JA013,1963-01-03,46.70000076293945,
08JA013,1963-02-03,46.70000076293945,
08JA013,1963-03-03,46.400001525878906,
08JA013,1963-04-03,46.20000076293945,
08JA013,1963-05-03,337.0,
08JA013,1963-06-03,337.0,
08JA013,1963-07-03,197.0,
08JA013,1963-08-03,199.0,
08JA013,1963-09-03,194.0,
08JA013,1963-10-03,0.0,
08JA013,1963-11-03,191.0,
08JA013,1963-12-03,42.20000076293945,
08JA013,1964-01-03,42.79999923706055,
08JA013,1964-02-03,43.0,
08JA013,1964-03-03,42.5,
08JA013,1964-04-03,41.59999847412109,
08JA013,1964-05-03,425.0,
08JA013,1964-06-03,416.0,
08JA013,1964-07-03,425.0,
08JA013,1964-08-03,201.0,
08JA013,1964-09-03,101.0,
08JA013,1964-10-03,198.0,
08JA013,1964-11-03,195.0,
08JA013,1964-12-03,70.80000305175781,
08JA013,1965-01-03,69.9000015258789,
08JA013,1965-02-03,69.0999984741211,
08JA013,1965-03-03,68.0,
08JA013,1965-04-03,67.0999984741211,
08JA013,1965-05-03,132.0,
08JA013,1965-06-03,199.0,
08JA013,1965-07-03,203.0,
08JA013,1965-08-03,204.0,
08JA013,1965-09-03,199.0,
08JA013,1965-10-03,88.9000015258789,
08JA013,1965-11-03,45.900001525878906,
08JA013,1965-12-03,46.20000076293945,
08JA013,1966-01-03,46.20000076293945,
08JA013,1966-02-03,45.900001525878906,
08JA013,1966-03-03,45.29999923706055,
08JA013,1966-04-03,45.29999923706055,
08JA013,1966-05-03,221.0,
08JA013,1966-06-03,226.0,
08JA013,1966-07-03,234.0,
08JA013,1966-08-03,146.0,
08JA013,1966-09-03,314.0,
08JA013,1966-10-03,331.0,
08JA013,1966-11-03,88.30000305175781,
08JA013,1966-12-03,88.0999984741211,
08JA013,1967-01-03,87.19999694824219,
08JA013,1967-02-03,85.80000305175781,
08JA013,1967-03-03,84.4000015258789,
08JA013,1967-04-03,83.0,
08JA013,1967-05-03,326.0,
08JA013,1967-06-03,182.0,
08JA013,1967-07-03,220.0,
08JA013,1967-08-03,261.0,
08JA013,1967-09-03,123.0,
08JA013,1967-10-03,55.20000076293945,
08JA013,1967-11-03,131.0,
08JA013,1967-12-03,60.29999923706055,
08JA013,1968-01-03,60.29999923706055,
08JA013,1968-02-03,60.59999847412109,
08JA013,1968-03-03,60.29999923706055,
08JA013,1968-04-03,59.70000076293945,
08JA013,1968-05-03,221.0,
08JA013,1968-06-03,286.0,
08JA013,1968-07-03,130.0,
08JA013,1968-08-03,190.0,
08JA013,1968-09-03,202.0,
08JA013,1968-10-03,239.0,
08JA013,1968-11-03,237.0,
08JA013,1968-12-03,92.0,
08JA013,1969-01-03,90.5999984741211,
08JA013,1969-02-03,89.19999694824219,
08JA013,1969-03-03,86.9000015258789,
08JA013,1969-04-03,84.4000015258789,
08JA013,1969-05-03,83.5,
08JA013,1969-06-03,88.5999984741211,
08JA013,1969-07-03,129.0,
08JA013,1969-08-03,101.0,
08JA013,1969-09-03,157.0,
08JA013,1969-10-03,155.0,
08JA013,1969-11-03,106.0,
08JA013,1969-12-03,76.19999694824219,
08JA013,1970-01-03,75.5999984741211,
08JA013,1970-02-03,74.19999694824219,
08JA013,1970-03-03,72.5,
08JA013,1970-04-03,70.80000305175781,
08JA013,1970-05-03,44.5,
08JA013,1970-06-03,45.59999847412109,
08JA013,1970-07-03,47.900001525878906,
08JA013,1970-08-03,90.5999984741211,
08JA013,1970-09-03,102.0,
08JA013,1970-10-03,117.0,
08JA013,1970-11-03,104.0,
08JA013,1970-12-03,60.900001525878906,
08JA013,1971-01-03,60.0,
08JA013,1971-02-03,59.20000076293945,
08JA013,1971-03-03,58.29999923706055,
08JA013,1971-04-03,56.900001525878906,
08JA013,1971-05-03,54.900001525878906,
08JA013,1971-06-03,58.0,
08JA013,1971-07-03,62.900001525878906,
08JA013,1971-08-03,175.0,
08JA013,1971-09-03,173.0,
08JA013,1971-10-03,170.0,
08JA013,1971-11-03,207.0,
08JA013,1971-12-03,75.9000015258789,
08JA013,1972-01-03,75.0,
08JA013,1972-02-03,73.5999984741211,
08JA013,1972-03-03,72.19999694824219,
08JA013,1972-04-03,71.0999984741211,
08JA013,1972-05-03,348.0,
08JA013,1972-06-03,0.0,
08JA013,1972-07-03,419.0,
08JA013,1972-08-03,422.0,
08JA013,1972-09-03,228.0,
08JA013,1972-10-03,220.0,
08JA013,1972-11-03,74.19999694824219,
08JA013,1972-12-03,73.0999984741211,
08JA013,1973-01-03,71.9000015258789,
08JA013,1973-02-03,70.80000305175781,
08JA013,1973-03-03,69.0999984741211,
08JA013,1973-04-03,67.0999984741211,
08JA013,1973-05-03,66.0,
08JA013,1973-06-03,29.700000762939453,
08JA013,1973-07-03,174.0,
08JA013,1973-08-03,72.5,
08JA013,1973-09-03,33.400001525878906,
08JA013,1973-10-03,33.70000076293945,
08JA013,1973-11-03,50.09999847412109,
08JA013,1973-12-03,49.59999847412109,
08JA013,1974-01-03,48.70000076293945,
08JA013,1974-02-03,48.09999847412109,
08JA013,1974-03-03,47.29999923706055,
08JA013,1974-04-03,176.0,
08JA013,1974-05-03,247.0,
08JA013,1974-06-03,0.0,
08JA013,1974-07-03,0.0,
08JA013,1974-08-03,228.0,
08JA013,1974-09-03,19.799999237060547,
08JA013,1974-10-03,8.5,
08JA013,1974-11-03,199.0,
08JA013,1974-12-03,73.30000305175781,
08JA013,1975-01-03,76.19999694824219,
08JA013,1975-02-03,75.30000305175781,
08JA013,1975-03-03,73.5999984741211,
08JA013,1975-04-03,72.5,
08JA013,1975-05-03,71.4000015258789,
08JA013,1975-06-03,90.3000030517578,
08JA013,1975-07-03,96.3000030517578,
08JA013,1975-08-03,98.5,
08JA013,1975-09-03,53.5,
08JA013,1975-10-03,231.0,
08JA013,1975-11-03,225.0,
08JA013,1975-12-03,87.19999694824219,
08JA013,1976-01-03,86.0999984741211,
08JA013,1976-02-03,85.19999694824219,
08JA013,1976-03-03,83.80000305175781,
08JA013,1976-04-03,138.0,
08JA013,1976-05-03,286.0,
08JA013,1976-06-03,286.0,
08JA013,1976-07-03,379.0,
08JA013,1976-08-03,439.0,
08JA013,1976-09-03,283.0,
08JA013,1976-10-03,289.0,
08JA013,1976-11-03,281.0,
08JA013,1976-12-03,177.0,
08JA013,1977-01-03,174.0,
08JA013,1977-02-03,170.0,
08JA013,1977-03-03,166.0,
08JA013,1977-04-03,196.0,
08JA013,1977-05-03,0.0,
08JA013,1977-06-03,0.0,
08JA013,1977-07-03,225.0,
08JA013,1977-08-03,225.0,
08JA013,1977-09-03,86.9000015258789,
08JA013,1977-10-03,72.80000305175781,
08JA013,1977-11-03,34.0,
08JA013,1977-12-03,51.5,
08JA013,1978-01-03,51.0,
08JA013,1978-02-03,49.79999923706055,
08JA013,1978-03-03,53.5,
08JA013,1978-04-03,51.79999923706055,
08JA013,1978-05-03,51.29999923706055,
08JA013,1978-06-03,37.70000076293945,
08JA013,1978-07-03,39.59999847412109,
08JA013,1978-08-03,34.0,
08JA013,1978-09-03,34.29999923706055,
08JA013,1978-10-03,33.70000076293945,
08JA013,1978-11-03,36.20000076293945,
08JA013,1978-12-03,35.70000076293945,
08JA013,1979-01-03,33.0,
08JA013,1979-02-03,32.29999923706055,
08JA013,1979-03-03,31.299999237060547,
08JA013,1979-04-03,30.200000762939453,
08JA013,1979-05-03,30.200000762939453,
08JA013,1979-06-03,33.0,
08JA013,1979-07-03,34.099998474121094,
08JA013,1979-08-03,116.0,
08JA013,1979-09-03,33.79999923706055,
08JA013,1979-10-03,33.400001525878906,
08JA013,1979-11-03,21.0,
08JA013,1979-12-03,12.699999809265137,
08JA013,1980-01-03,13.300000190734863,
08JA013,1980-02-03,15.600000381469728,
08JA013,1980-03-03,15.0,
08JA013,1980-04-03,15.0,
08JA013,1980-05-03,15.0,
08JA013,1980-06-03,11.699999809265137,
08JA013,1980-07-03,22.600000381469727,
08JA013,1980-08-03,17.0,
08JA013,1980-09-03,14.199999809265137,
08JA013,1980-10-03,32.29999923706055,
08JA013,1980-11-03,32.29999923706055,
08JA013,1980-12-03,32.400001525878906,
08JA013,1981-01-03,33.099998474121094,
08JA013,1981-02-03,32.900001525878906,
08JA013,1981-03-03,32.70000076293945,
08JA013,1981-04-03,57.5,
08JA013,1981-05-03,56.59999847412109,
08JA013,1981-06-03,59.70000076293945,
08JA013,1981-07-03,62.400001525878906,
08JA013,1981-08-03,69.5,
08JA013,1981-09-03,15.300000190734863,
08JA013,1981-10-03,25.5,
08JA013,1981-11-03,32.5,
08JA013,1981-12-03,32.5,
08JA013,1982-01-03,32.20000076293945,
08JA013,1982-02-03,31.899999618530277,
08JA013,1982-03-03,31.399999618530277,
08JA013,1982-04-03,56.20000076293945,
08JA013,1982-05-03,54.900001525878906,
08JA013,1982-06-03,41.59999847412109,
08JA013,1982-07-03,59.70000076293945,
08JA013,1982-08-03,228.0,
08JA013,1982-09-03,31.100000381469727,
08JA013,1982-10-03,31.100000381469727,
08JA013,1982-11-03,31.100000381469727,
08JA013,1982-12-03,31.100000381469727,
08JA013,1983-01-03,31.100000381469727,
08JA013,1983-02-03,31.100000381469727,
08JA013,1983-03-03,31.100000381469727,
08JA013,1983-04-03,49.59999847412109,
08JA013,1983-05-03,49.59999847412109,
08JA013,1983-06-03,50.400001525878906,
08JA013,1983-07-03,57.59999847412109,
08JA013,1983-08-03,56.59999847412109,
08JA013,1983-09-03,31.100000381469727,
08JA013,1983-10-03,31.100000381469727,
08JA013,1983-11-03,31.200000762939453,
08JA013,1983-12-03,31.100000381469727,
08JA013,1984-01-03,30.600000381469727,
08JA013,1984-02-03,30.600000381469727,
08JA013,1984-03-03,30.299999237060547,
08JA013,1984-04-03,54.09999847412109,
08JA013,1984-05-03,53.70000076293945,
08JA013,1984-06-03,55.29999923706055,
08JA013,1984-07-03,55.09999847412109,
08JA013,1984-08-03,283.0,
08JA013,1984-09-03,30.899999618530277,
08JA013,1984-10-03,31.100000381469727,
08JA013,1984-11-03,31.299999237060547,
08JA013,1984-12-03,31.100000381469727,
08JA013,1985-01-03,31.0,
08JA013,1985-02-03,30.600000381469727,
08JA013,1985-03-03,30.399999618530277,
08JA013,1985-04-03,30.0,
08JA013,1985-05-03,55.79999923706055,
08JA013,1985-06-03,56.900001525878906,
08JA013,1985-07-03,59.900001525878906,
08JA013,1985-08-03,278.0,
08JA013,1985-09-03,63.900001525878906,
08JA013,1985-10-03,61.09999847412109,
08JA013,1985-11-03,33.70000076293945,
08JA013,1985-12-03,32.79999923706055,
08JA013,1986-01-03,34.099998474121094,
08JA013,1986-02-03,33.29999923706055,
08JA013,1986-03-03,32.70000076293945,
08JA013,1986-04-03,56.59999847412109,
08JA013,1986-05-03,56.79999923706055,
08JA013,1986-06-03,48.5,
08JA013,1986-07-03,54.09999847412109,
08JA013,1986-08-03,359.0,
08JA013,1986-09-03,18.899999618530277,
08JA013,1986-10-03,28.299999237060547,
08JA013,1986-11-03,33.79999923706055,
08JA013,1986-12-03,36.5,
08JA013,1987-01-03,36.09999847412109,
08JA013,1987-02-03,35.5,
08JA013,1987-03-03,34.400001525878906,
08JA013,1987-04-03,35.099998474121094,
08JA013,1987-05-03,58.0,
08JA013,1987-06-03,56.09999847412109,
08JA013,1987-07-03,57.09999847412109,
08JA013,1987-08-03,218.0,
08JA013,1987-09-03,56.59999847412109,
08JA013,1987-10-03,56.59999847412109,
08JA013,1987-11-03,31.100000381469727,
08JA013,1987-12-03,34.0,
08JA013,1988-01-03,34.70000076293945,
08JA013,1988-02-03,33.599998474121094,
08JA013,1988-03-03,32.70000076293945,
08JA013,1988-04-03,54.79999923706055,
08JA013,1988-05-03,44.0,
08JA013,1988-06-03,47.70000076293945,
08JA013,1988-07-03,48.400001525878906,
08JA013,1988-08-03,169.0,
08JA013,1988-09-03,29.899999618530277,
08JA013,1988-10-03,30.0,
08JA013,1988-11-03,30.100000381469727,
08JA013,1988-12-03,30.700000762939453,
08JA013,1989-01-03,30.5,
08JA013,1989-02-03,30.100000381469727,
08JA013,1989-03-03,29.600000381469727,
08JA013,1989-04-03,29.100000381469727,
08JA013,1989-05-03,48.29999923706055,
08JA013,1989-06-03,48.59999847412109,
08JA013,1989-07-03,48.20000076293945,
08JA013,1989-08-03,14.199999809265137,
08JA013,1989-09-03,32.599998474121094,
08JA013,1989-10-03,32.599998474121094,
08JA013,1989-11-03,32.0,
08JA013,1989-12-03,35.0,
08JA013,1990-01-03,35.29999923706055,
08JA013,1990-02-03,35.099998474121094,
08JA013,1990-03-03,34.5,
08JA013,1990-04-03,33.70000076293945,
08JA013,1990-05-03,49.0,
08JA013,1990-06-03,49.400001525878906,
08JA013,1990-07-03,49.29999923706055,
08JA013,1990-08-03,14.199999809265137,
08JA013,1990-09-03,31.100000381469727,
08JA013,1990-10-03,31.700000762939453,
08JA013,1990-11-03,33.599998474121094,
08JA013,1990-12-03,32.79999923706055,
08JA013,1991-01-03,32.79999923706055,
08JA013,1991-02-03,32.0,
08JA013,1991-03-03,51.0,
08JA013,1991-04-03,85.0,
08JA013,1991-05-03,49.70000076293945,
08JA013,1991-06-03,49.29999923706055,
08JA013,1991-07-03,50.0,
08JA013,1991-08-03,170.0,
08JA013,1991-09-03,14.199999809265137,
08JA013,1991-10-03,30.700000762939453,
08JA013,1991-11-03,32.599998474121094,
08JA013,1991-12-03,32.400001525878906,
08JA013,1992-01-03,32.20000076293945,
08JA013,1992-02-03,31.700000762939453,
08JA013,1992-03-03,31.5,
08JA013,1992-04-03,31.399999618530277,
08JA013,1992-05-03,49.09999847412109,
08JA013,1992-06-03,49.09999847412109,
08JA013,1992-07-03,245.0,
08JA013,1992-08-03,274.0,
08JA013,1992-09-03,14.199999809265137,
08JA013,1992-10-03,33.0,
08JA013,1992-11-03,33.400001525878906,
08JA013,1992-12-03,33.20000076293945,
08JA013,1993-01-03,32.79999923706055,
08JA013,1993-02-03,33.29999923706055,
08JA013,1993-03-03,32.599998474121094,
08JA013,1993-04-03,33.099998474121094,
08JA013,1993-05-03,49.400001525878906,
08JA013,1993-06-03,49.09999847412109,
08JA013,1993-07-03,49.400001525878906,
08JA013,1993-08-03,453.0,
08JA013,1993-09-03,20.299999237060547,
08JA013,1993-10-03,31.899999618530277,
08JA013,1993-11-03,32.599998474121094,
08JA013,1993-12-03,33.599998474121094,
08JA013,1994-01-03,33.099998474121094,
08JA013,1994-02-03,32.70000076293945,
08JA013,1994-03-03,32.29999923706055,
08JA013,1994-04-03,31.899999618530277,
08JA013,1994-05-03,49.400001525878906,
08JA013,1994-06-03,50.0,
08JA013,1994-07-03,48.79999923706055,
08JA013,1994-08-03,14.199999809265137,
08JA013,1994-09-03,31.5,
08JA013,1994-10-03,31.399999618530277,
08JA013,1994-11-03,31.200000762939453,
08JA013,1994-12-03,40.70000076293945,
08JA013,1995-01-03,36.59999847412109,
08JA013,1995-02-03,35.900001525878906,
08JA013,1995-03-03,35.20000076293945,
08JA013,1995-04-03,41.0,
08JA013,1995-05-03,14.100000381469728,
08JA013,1995-06-03,49.900001525878906,
08JA013,1995-07-03,17.299999237060547,
08JA013,1995-08-03,170.0,
08JA013,1995-09-03,32.20000076293945,
08JA013,1995-10-03,32.70000076293945,
08JA013,1995-11-03,32.20000076293945,
08JA013,1995-12-03,34.70000076293945,
08JA013,1996-01-03,34.0,
08JA013,1996-02-03,34.0,
08JA013,1996-03-03,33.5,
08JA013,1996-04-03,32.900001525878906,
08JA013,1996-05-03,50.09999847412109,
08JA013,1996-06-03,53.09999847412109,
08JA013,1996-07-03,236.0,
08JA013,1996-08-03,170.0,
08JA013,1996-09-03,26.399999618530277,
08JA013,1996-10-03,112.0,
08JA013,1996-11-03,227.0,
08JA013,1996-12-03,60.59999847412109,
08JA013,1997-01-03,59.70000076293945,
08JA013,1997-02-03,58.59999847412109,
08JA013,1997-03-03,57.59999847412109,
08JA013,1997-04-03,56.59999847412109,
08JA013,1997-05-03,85.0999984741211,
08JA013,1997-06-03,202.0,
08JA013,1997-07-03,342.0,
08JA013,1997-08-03,334.0,
08JA013,1997-09-03,85.4000015258789,
08JA013,1997-10-03,85.80000305175781,
08JA013,1997-11-03,57.29999923706055,
08JA013,1997-12-03,56.59999847412109,
08JA013,1998-01-03,55.70000076293945,
08JA013,1998-02-03,54.5,
08JA013,1998-03-03,53.20000076293945,
08JA013,1998-04-03,51.59999847412109,
08JA013,1998-05-03,51.0,
08JA013,1998-06-03,52.70000076293945,
08JA013,1998-07-03,49.59999847412109,
08JA013,1998-08-03,277.0,
08JA013,1998-09-03,29.5,
08JA013,1998-10-03,30.0,
08JA013,1998-11-03,30.0,
08JA013,1998-12-03,30.399999618530277,
08JA013,1999-01-03,30.0,
08JA013,1999-02-03,29.600000381469727,
08JA013,1999-03-03,30.100000381469727,
08JA013,1999-04-03,29.5,
08JA013,1999-05-03,49.20000076293945,
08JA013,1999-06-03,48.70000076293945,
08JA013,1999-07-03,49.400001525878906,
08JA013,1999-08-03,260.0,
08JA013,1999-09-03,33.0,
08JA013,1999-10-03,32.70000076293945,
08JA013,1999-11-03,33.400001525878906,
08JA013,1999-12-03,32.900001525878906,
08JA013,2000-01-03,32.5,
08JA013,2000-02-03,32.5,
08JA013,2000-03-03,32.599998474121094,
08JA013,2000-04-03,32.70000076293945,
08JA013,2000-05-03,49.0,
08JA013,2000-06-03,49.09999847412109,
08JA013,2000-07-03,49.20000076293945,
08JA013,2000-08-03,170.0,
08JA013,2000-09-03,32.900001525878906,
08JA013,2000-10-03,32.70000076293945,
08JA013,2000-11-03,32.900001525878906,
08JA013,2000-12-03,32.0,
08JA013,2001-01-03,32.5,
08JA013,2001-02-03,32.20000076293945,
08JA013,2001-03-03,32.599998474121094,
08JA013,2001-04-03,32.900001525878906,
08JA013,2001-05-03,52.5,
08JA013,2001-06-03,53.59999847412109,
08JA013,2001-07-03,52.20000076293945,
08JA013,2001-08-03,170.0,
08JA013,2001-09-03,14.199999809265137,
08JA013,2001-10-03,30.0,
08JA013,2001-11-03,30.0,
08JA013,2001-12-03,30.0,
08JA013,2002-01-03,31.799999237060547,
08JA013,2002-02-03,31.399999618530277,
08JA013,2002-03-03,30.899999618530277,
08JA013,2002-04-03,30.299999237060547,
08JA013,2002-05-03,54.5,
08JA013,2002-06-03,55.09999847412109,
08JA013,2002-07-03,55.0,
08JA013,2002-08-03,283.0,
08JA013,2002-09-03,30.0,
08JA013,2002-10-03,30.0,
08JA013,2002-11-03,85.0,
08JA013,2002-12-03,85.0,
08JA013,2003-01-03,31.5,
08JA013,2003-02-03,31.200000762939453,
08JA013,2003-03-03,30.700000762939453,
08JA013,2003-04-03,30.100000381469727,
08JA013,2003-05-03,50.20000076293945,
08JA013,2003-06-03,49.900001525878906,
08JA013,2003-07-03,49.400001525878906,
08JA013,2003-08-03,169.0,
08JA013,2003-09-03,33.20000076293945,
08JA013,2003-10-03,32.900001525878906,
08JA013,2003-11-03,33.0,
08JA013,2003-12-03,32.599998474121094,
08JA013,2004-01-03,33.0,
08JA013,2004-02-03,32.400001525878906,
08JA013,2004-03-03,32.70000076293945,
08JA013,2004-04-03,33.099998474121094,
08JA013,2004-05-03,53.5,
08JA013,2004-06-03,53.70000076293945,
08JA013,2004-07-03,52.20000076293945,
08JA013,2004-08-03,204.0,
08JA013,2004-09-03,14.5,
08JA013,2004-10-03,29.399999618530277,
08JA013,2004-11-03,29.899999618530277,
08JA013,2004-12-03,30.899999618530277,
08JA013,2005-01-03,31.200000762939453,
08JA013,2005-02-03,31.299999237060547,
08JA013,2005-03-03,31.299999237060547,
08JA013,2005-04-03,44.70000076293945,
08JA013,2005-05-03,283.0,
08JA013,2005-06-03,69.0999984741211,
08JA013,2005-07-03,156.0,
08JA013,2005-08-03,171.0,
08JA013,2005-09-03,32.400001525878906,
08JA013,2005-10-03,32.20000076293945,
08JA013,2005-11-03,126.0,
08JA013,2005-12-03,86.4000015258789,
08JA013,2006-01-03,85.30000305175781,
08JA013,2006-02-03,55.0,
08JA013,2006-03-03,32.900001525878906,
08JA013,2006-04-03,32.20000076293945,
08JA013,2006-05-03,49.5,
08JA013,2006-06-03,49.29999923706055,
08JA013,2006-07-03,50.20000076293945,
08JA013,2006-08-03,172.0,
08JA013,2006-09-03,32.0,
08JA013,2006-10-03,32.400001525878906,
08JA013,2006-11-03,33.099998474121094,
08JA013,2006-12-03,33.20000076293945,
08JA013,2007-01-03,33.20000076293945,
08JA013,2007-02-03,32.900001525878906,
08JA013,2007-03-03,42.5,
08JA013,2007-04-03,76.5999984741211,
08JA013,2007-05-03,49.09999847412109,
08JA013,2007-06-03,202.0,
08JA013,2007-07-03,529.0,
08JA013,2007-08-03,564.0,
08JA013,2007-09-03,15.100000381469728,
08JA013,2007-10-03,64.30000305175781,
08JA013,2007-11-03,299.0,
08JA013,2007-12-03,84.0999984741211,
08JA013,2008-01-03,82.9000015258789,
08JA013,2008-02-03,80.9000015258789,
08JA013,2008-03-03,33.70000076293945,
08JA013,2008-04-03,33.0,
08JA013,2008-05-03,48.79999923706055,
08JA013,2008-06-03,50.29999923706055,
08JA013,2008-07-03,49.900001525878906,
08JA013,2008-08-03,169.0,
08JA013,2008-09-03,33.099998474121094,
08JA013,2008-10-03,32.70000076293945,
08JA013,2008-11-03,33.400001525878906,
08JA013,2008-12-03,33.400001525878906,
08JA013,2009-01-03,35.29999923706055,
08JA013,2009-02-03,34.79999923706055,
08JA013,2009-03-03,34.099998474121094,
08JA013,2009-04-03,33.29999923706055,
08JA013,2009-05-03,49.09999847412109,
08JA013,2009-06-03,51.29999923706055,
08JA013,2009-07-03,49.29999923706055,
08JA013,2009-08-03,278.0,
08JA013,2009-09-03,32.400001525878906,
08JA013,2009-10-03,34.20000076293945,
08JA013,2009-11-03,34.0,
08JA013,2009-12-03,34.0,
08JA013,2010-01-03,33.400001525878906,
08JA013,2010-02-03,32.900001525878906,
08JA013,2010-03-03,32.29999923706055,
08JA013,2010-04-03,31.5,
08JA013,2010-05-03,49.09999847412109,
08JA013,2010-06-03,51.400001525878906,
08JA013,2010-07-03,50.5,
08JA013,2010-08-03,58.29999923706055,
08JA013,2010-09-03,32.70000076293945,
08JA013,2010-10-03,33.20000076293945,
08JA013,2010-11-03,34.400001525878906,
08JA013,2010-12-03,74.4000015258789,
08JA013,2011-01-03,34.0,
08JA013,2011-02-03,33.5,
08JA013,2011-03-03,33.099998474121094,
08JA013,2011-04-03,32.5,
08JA013,2011-05-03,79.9000015258789,
08JA013,2011-06-03,147.0,
08JA013,2011-07-03,300.0,
08JA013,2011-08-03,325.0,
08JA013,2011-09-03,14.800000190734863,
08JA013,2011-10-03,508.0,
08JA013,2011-11-03,40.09999847412109,
08JA013,2011-12-03,59.70000076293945,
08JA013,2012-01-03,59.29999923706055,
08JA013,2012-02-03,79.5,
08JA013,2012-03-03,124.0,
08JA013,2012-04-03,119.0,
08JA013,2012-05-03,201.0,
08JA013,2012-06-03,230.0,
08JA013,2012-07-03,247.0,
08JA013,2012-08-03,293.0,
08JA013,2012-09-03,33.0,
08JA013,2012-10-03,63.79999923706055,
08JA013,2012-11-03,62.900001525878906,
08JA013,2012-12-03,38.900001525878906,
08JA013,2013-01-03,38.09999847412109,
08JA013,2013-02-03,31.200000762939453,
08JA013,2013-03-03,30.5,
08JA013,2013-04-03,29.799999237060547,
08JA013,2013-05-03,49.400001525878906,
08JA013,2013-06-03,48.900001525878906,
08JA013,2013-07-03,49.400001525878906,
08JA013,2013-08-03,281.0,
08JA013,2013-09-03,31.700000762939453,
08JA013,2013-10-03,31.299999237060547,
08JA013,2013-11-03,33.0,
08JA013,2013-12-03,34.20000076293945,
08JA013,2014-01-03,33.70000076293945,
08JA013,2014-02-03,33.099998474121094,
08JA013,2014-03-03,32.5,
08JA013,2014-04-03,34.70000076293945,
08JA013,2014-05-03,49.20000076293945,
08JA013,2014-06-03,49.5,
08JA013,2014-07-03,49.0,
08JA013,2014-08-03,275.0,
08JA013,2014-09-03,31.799999237060547,
08JA013,2014-10-03,31.399999618530277,
08JA013,2014-11-03,33.79999923706055,
08JA013,2014-12-03,34.29999923706055,
08JA013,2015-01-03,34.20000076293945,
08JA013,2015-02-03,30.399999618530277,
08JA013,2015-03-03,45.29999923706055,
08JA013,2015-04-03,114.0,
08JA013,2015-05-03,189.0,
08JA013,2015-06-03,456.0,
08JA013,2015-07-03,301.0,
08JA013,2015-08-03,452.0,
08JA013,2015-09-03,32.400001525878906,
08JA013,2015-10-03,32.20000076293945,
08JA013,2015-11-03,34.29999923706055,
08JA013,2015-12-03,30.5,
08JA013,2016-01-03,30.0,
08JA013,2016-02-03,29.399999618530277,
08JA013,2016-03-03,29.0,
08JA013,2016-04-03,29.600000381469727,
08JA013,2016-05-03,50.20000076293945,
08JA013,2016-06-03,48.70000076293945,
08JA013,2016-07-03,48.5,
08JA013,2016-08-03,61.0,
08JA013,2016-09-03,18.600000381469727,
08JA013,2016-10-03,32.099998474121094,
08JA013,2016-11-03,31.899999618530277,
08JA013,2016-12-03,31.600000381469727,
08JA013,2017-01-03,31.299999237060547,
08JA013,2017-02-03,30.799999237060547,
08JA013,2017-03-03,32.400001525878906,
08JA013,2017-04-03,32.0,
08JA013,2017-05-03,48.79999923706055,
08JA013,2017-06-03,204.0,
08JA013,2017-07-03,144.0,
08JA013,2017-08-03,284.0,
08JA013,2017-09-03,31.700000762939453,
08JA013,2017-10-03,32.599998474121094,
08JA013,2017-11-03,65.5999984741211,
08JA013,2017-12-03,79.69999694824219,
08JA013,2018-01-03,78.0999984741211,
08JA013,2018-02-03,35.900001525878906,
08JA013,2018-03-03,35.400001525878906,
08JA013,2018-04-03,64.19999694824219,
08JA013,2018-05-03,61.20000076293945,
08JA013,2018-06-03,99.8000030517578,
08JA013,2018-07-03,53.09999847412109,
08JA013,2018-08-03,402.0,
08JA013,2018-09-03,26.600000381469727,
08JA013,2018-10-03,28.200000762939453,
08JA013,2018-11-03,32.900001525878906,
08JA013,2018-12-03,32.599998474121094,
08JA013,2019-01-03,32.099998474121094,
08JA013,2019-02-03,31.5,
08JA013,2019-03-03,30.799999237060547,
08JA013,2019-04-03,31.899999618530277,
08JA013,2019-05-03,49.59999847412109,
08JA013,2019-06-03,48.400001525878906,
08JA013,2019-07-03,48.70000076293945,
08JA013,2019-08-03,14.699999809265137,
08JA013,2019-09-03,32.099998474121094,
08JA013,2019-10-03,31.700000762939453,
08JA013,2019-11-03,31.799999237060547,
08JA013,2019-12-03,32.0,
08JA013,2020-01-03,31.899999618530277,
08JA013,2020-02-03,31.700000762939453,
08JA013,2020-03-03,33.29999923706055,
08JA013,2020-04-03,34.400001525878906,
08JA013,2020-05-03,49.70000076293945,
08JA013,2020-06-03,49.20000076293945,
08JA013,2020-07-03,48.29999923706055,
08JA013,2020-08-03,93.0999984741211,
08JA013,2020-09-03,32.5,
08JA013,2020-10-03,32.29999923706055,
08JA013,2020-11-03,152.0,
08JA013,2020-12-03,70.5999984741211,
08JA013,2021-01-03,84.5999984741211,
08JA013,2021-02-03,83.9000015258789,
08JA013,2021-03-03,82.19999694824219,
08JA013,2021-04-03,101.0,
08JA013,2021-05-03,200.0,
08JA013,2021-06-03,274.0,
08JA013,2021-07-03,277.0,
08JA013,2021-08-03,281.0,
08JA013,2021-09-03,79.19999694824219,
08JA013,2021-10-03,79.4000015258789,
08JA013,2021-11-03,51.400001525878906,
08JA013,2021-12-03,40.400001525878906,
08JA013,2022-01-03,40.09999847412109,
08JA013,2022-02-03,39.70000076293945,
08JA013,2022-03-03,39.5,
08JA013,2022-04-03,41.400001525878906,
08JA013,2022-05-03,41.5,
08JA013,2022-06-03,254.0,
08JA013,2022-07-03,372.0,
08JA013,2022-08-03,298.0,
08JA013,2022-09-03,59.0,
08JA013,2022-10-03,54.79999923706055,
08JA013,2022-11-03,39.09999847412109,
08JA013,2022-12-03,33.79999923706055,
08JA013,2023-01-03,33.20000076293945,
08JA013,2023-02-03,32.70000076293945,
08JA013,2023-03-03,32.20000076293945,
08JA013,2023-04-03,33.599998474121094,
08JA013,2023-05-03,33.20000076293945,
08JA013,2023-06-03,49.79999923706055,
08JA013,2023-07-03,50.79999923706055,
08JA013,2023-08-03,408.0,
08JA013,2023-09-03,32.900001525878906,
08JA013,2023-10-03,32.70000076293945,
08JA013,2023-11-03,32.599998474121094,
08JA013,2023-12-03,32.20000076293945,
08JA013,2024-01-03,32.0,
08JA013,2024-02-03,33.29999923706055,
08JA013,2024-03-03,32.70000076293945,
08JA013,2024-04-03,32.099998474121094,
08JA013,2024-05-03,49.0,
08JA013,2024-06-03,50.70000076293945,
08JA013,2024-07-03,49.59999847412109,
08JA013,2024-08-03,281.0,
08JA013,2024-09-03,22.899999618530277,
08JA013,2024-10-03,32.20000076293945,
08JA013,2024-11-03,32.29999923706055,
08JA013,2024-12-03,32.099998474121094,
08JA013,2025-01-03,32.099998474121094,
08JA013,2025-02-03,31.799999237060547,
08JA013,2025-03-03,31.299999237060547,
08JA013,2025-04-03,30.799999237060547,
08JA013,2025-05-03,31.100000381469727,
08JA013,2025-06-03,32.20000076293945,
08JA013,2025-07-03,33.0,
08JA013,2025-08-03,275.0,
08JA013,2025-09-03,31.600000381469727,
08JA013,2025-10-03,31.399999618530277,
08JA013,2025-11-03,31.299999237060547,
08JA013,2025-12-03,31.600000381469727,
08JA013,1955-06-04,,
08JA013,1955-11-04,,
08JA013,1956-01-04,0.0,
08JA013,1956-02-04,2.8299999237060547,
08JA013,1956-03-04,5.659999847412109,
08JA013,1956-04-04,5.659999847412109,
08JA013,1956-05-04,5.659999847412109,
08JA013,1956-06-04,0.0,
08JA013,1956-07-04,0.0,
08JA013,1956-08-04,8.5,
08JA013,1956-09-04,17.0,
08JA013,1956-10-04,0.0,
08JA013,1956-11-04,0.0,
08JA013,1956-12-04,0.0,
08JA013,1957-01-04,34.0,
08JA013,1957-02-04,255.0,
08JA013,1957-03-04,255.0,
08JA013,1957-04-04,0.0,
08JA013,1957-05-04,258.0,
08JA013,1957-06-04,116.0,
08JA013,1957-07-04,0.0,
08JA013,1957-08-04,0.0,
08JA013,1957-09-04,137.0,
08JA013,1957-10-04,155.0,
08JA013,1957-11-04,154.0,
08JA013,1957-12-04,200.0,
08JA013,1958-01-04,229.0,
08JA013,1958-02-04,320.0,
08JA013,1958-03-04,258.0,
08JA013,1958-04-04,331.0,
08JA013,1958-05-04,385.0,
08JA013,1958-06-04,0.0,
08JA013,1958-07-04,306.0,
08JA013,1958-08-04,294.0,
08JA013,1958-09-04,283.0,
08JA013,1958-10-04,334.0,
08JA013,1958-11-04,326.0,
08JA013,1958-12-04,224.0,
08JA013,1959-01-04,124.0,
08JA013,1959-02-04,123.0,
08JA013,1959-03-04,63.400001525878906,
08JA013,1959-04-04,63.400001525878906,
08JA013,1959-05-04,64.5999984741211,
08JA013,1959-06-04,0.0,
08JA013,1959-07-04,158.0,
08JA013,1959-08-04,309.0,
08JA013,1959-09-04,371.0,
08JA013,1959-10-04,365.0,
08JA013,1959-11-04,391.0,
08JA013,1959-12-04,193.0,
08JA013,1960-01-04,37.70000076293945,
08JA013,1960-02-04,95.6999969482422,
08JA013,1960-03-04,106.0,
08JA013,1960-04-04,203.0,
08JA013,1960-05-04,368.0,
08JA013,1960-06-04,362.0,
08JA013,1960-07-04,0.0,
08JA013,1960-08-04,0.0,
08JA013,1960-09-04,264.0,
08JA013,1960-10-04,173.0,
08JA013,1960-11-04,190.0,
08JA013,1960-12-04,184.0,
08JA013,1961-01-04,59.70000076293945,
08JA013,1961-02-04,29.700000762939453,
08JA013,1961-03-04,42.5,
08JA013,1961-04-04,42.5,
08JA013,1961-05-04,160.0,
08JA013,1961-06-04,119.0,
08JA013,1961-07-04,362.0,
08JA013,1961-08-04,357.0,
08JA013,1961-09-04,481.0,
08JA013,1961-10-04,280.0,
08JA013,1961-11-04,30.600000381469727,
08JA013,1961-12-04,29.700000762939453,
08JA013,1962-01-04,30.0,
08JA013,1962-02-04,30.600000381469727,
08JA013,1962-03-04,30.600000381469727,
08JA013,1962-04-04,30.600000381469727,
08JA013,1962-05-04,87.5,
08JA013,1962-06-04,193.0,
08JA013,1962-07-04,203.0,
08JA013,1962-08-04,0.0,
08JA013,1962-09-04,227.0,
08JA013,1962-10-04,222.0,
08JA013,1962-11-04,221.0,
08JA013,1962-12-04,46.400001525878906,
08JA013,1963-01-04,46.70000076293945,
08JA013,1963-02-04,46.70000076293945,
08JA013,1963-03-04,46.400001525878906,
08JA013,1963-04-04,46.20000076293945,
08JA013,1963-05-04,337.0,
08JA013,1963-06-04,337.0,
08JA013,1963-07-04,197.0,
08JA013,1963-08-04,199.0,
08JA013,1963-09-04,194.0,
08JA013,1963-10-04,0.0,
08JA013,1963-11-04,191.0,
08JA013,1963-12-04,42.20000076293945,
08JA013,1964-01-04,42.79999923706055,
08JA013,1964-02-04,43.0,
08JA013,1964-03-04,42.5,
08JA013,1964-04-04,41.59999847412109,
08JA013,1964-05-04,425.0,
08JA013,1964-06-04,416.0,
08JA013,1964-07-04,425.0,
08JA013,1964-08-04,201.0,
08JA013,1964-09-04,122.0,
08JA013,1964-10-04,198.0,
08JA013,1964-11-04,195.0,
08JA013,1964-12-04,70.80000305175781,
08JA013,1965-01-04,69.9000015258789,
08JA013,1965-02-04,69.0999984741211,
08JA013,1965-03-04,68.0,
08JA013,1965-04-04,67.0999984741211,
08JA013,1965-05-04,191.0,
08JA013,1965-06-04,199.0,
08JA013,1965-07-04,203.0,
08JA013,1965-08-04,204.0,
08JA013,1965-09-04,198.0,
08JA013,1965-10-04,88.9000015258789,
08JA013,1965-11-04,45.900001525878906,
08JA013,1965-12-04,46.20000076293945,
08JA013,1966-01-04,46.20000076293945,
08JA013,1966-02-04,45.900001525878906,
08JA013,1966-03-04,45.29999923706055,
08JA013,1966-04-04,45.29999923706055,
08JA013,1966-05-04,221.0,
08JA013,1966-06-04,226.0,
08JA013,1966-07-04,127.0,
08JA013,1966-08-04,146.0,
08JA013,1966-09-04,314.0,
08JA013,1966-10-04,331.0,
08JA013,1966-11-04,88.30000305175781,
08JA013,1966-12-04,88.0999984741211,
08JA013,1967-01-04,87.19999694824219,
08JA013,1967-02-04,85.80000305175781,
08JA013,1967-03-04,84.4000015258789,
08JA013,1967-04-04,83.0,
08JA013,1967-05-04,326.0,
08JA013,1967-06-04,276.0,
08JA013,1967-07-04,260.0,
08JA013,1967-08-04,260.0,
08JA013,1967-09-04,123.0,
08JA013,1967-10-04,30.899999618530277,
08JA013,1967-11-04,94.9000015258789,
08JA013,1967-12-04,60.29999923706055,
08JA013,1968-01-04,60.29999923706055,
08JA013,1968-02-04,60.59999847412109,
08JA013,1968-03-04,60.29999923706055,
08JA013,1968-04-04,59.70000076293945,
08JA013,1968-05-04,222.0,
08JA013,1968-06-04,286.0,
08JA013,1968-07-04,257.0,
08JA013,1968-08-04,190.0,
08JA013,1968-09-04,217.0,
08JA013,1968-10-04,239.0,
08JA013,1968-11-04,237.0,
08JA013,1968-12-04,92.0,
08JA013,1969-01-04,90.5999984741211,
08JA013,1969-02-04,89.19999694824219,
08JA013,1969-03-04,86.9000015258789,
08JA013,1969-04-04,84.4000015258789,
08JA013,1969-05-04,83.5,
08JA013,1969-06-04,88.9000015258789,
08JA013,1969-07-04,129.0,
08JA013,1969-08-04,101.0,
08JA013,1969-09-04,157.0,
08JA013,1969-10-04,155.0,
08JA013,1969-11-04,75.9000015258789,
08JA013,1969-12-04,76.19999694824219,
08JA013,1970-01-04,75.5999984741211,
08JA013,1970-02-04,74.19999694824219,
08JA013,1970-03-04,72.19999694824219,
08JA013,1970-04-04,70.80000305175781,
08JA013,1970-05-04,44.20000076293945,
08JA013,1970-06-04,45.900001525878906,
08JA013,1970-07-04,47.900001525878906,
08JA013,1970-08-04,90.5999984741211,
08JA013,1970-09-04,118.0,
08JA013,1970-10-04,117.0,
08JA013,1970-11-04,89.5,
08JA013,1970-12-04,60.900001525878906,
08JA013,1971-01-04,60.0,
08JA013,1971-02-04,59.20000076293945,
08JA013,1971-03-04,58.0,
08JA013,1971-04-04,56.900001525878906,
08JA013,1971-05-04,54.900001525878906,
08JA013,1971-06-04,51.29999923706055,
08JA013,1971-07-04,63.09999847412109,
08JA013,1971-08-04,175.0,
08JA013,1971-09-04,173.0,
08JA013,1971-10-04,170.0,
08JA013,1971-11-04,207.0,
08JA013,1971-12-04,75.9000015258789,
08JA013,1972-01-04,75.0,
08JA013,1972-02-04,73.30000305175781,
08JA013,1972-03-04,72.19999694824219,
08JA013,1972-04-04,70.80000305175781,
08JA013,1972-05-04,362.0,
08JA013,1972-06-04,0.0,
08JA013,1972-07-04,419.0,
08JA013,1972-08-04,422.0,
08JA013,1972-09-04,227.0,
08JA013,1972-10-04,219.0,
08JA013,1972-11-04,74.19999694824219,
08JA013,1972-12-04,73.0999984741211,
08JA013,1973-01-04,71.5999984741211,
08JA013,1973-02-04,70.80000305175781,
08JA013,1973-03-04,69.0999984741211,
08JA013,1973-04-04,67.0999984741211,
08JA013,1973-05-04,66.0,
08JA013,1973-06-04,44.70000076293945,
08JA013,1973-07-04,174.0,
08JA013,1973-08-04,85.0,
08JA013,1973-09-04,33.400001525878906,
08JA013,1973-10-04,33.70000076293945,
08JA013,1973-11-04,50.09999847412109,
08JA013,1973-12-04,49.59999847412109,
08JA013,1974-01-04,48.70000076293945,
08JA013,1974-02-04,48.09999847412109,
08JA013,1974-03-04,47.29999923706055,
08JA013,1974-04-04,261.0,
08JA013,1974-05-04,247.0,
08JA013,1974-06-04,0.0,
08JA013,1974-07-04,0.0,
08JA013,1974-08-04,228.0,
08JA013,1974-09-04,25.600000381469727,
08JA013,1974-10-04,87.80000305175781,
08JA013,1974-11-04,172.0,
08JA013,1974-12-04,73.30000305175781,
08JA013,1975-01-04,75.9000015258789,
08JA013,1975-02-04,75.0,
08JA013,1975-03-04,73.5999984741211,
08JA013,1975-04-04,72.5,
08JA013,1975-05-04,71.4000015258789,
08JA013,1975-06-04,90.5999984741211,
08JA013,1975-07-04,96.3000030517578,
08JA013,1975-08-04,98.5,
08JA013,1975-09-04,0.0,
08JA013,1975-10-04,231.0,
08JA013,1975-11-04,226.0,
08JA013,1975-12-04,86.9000015258789,
08JA013,1976-01-04,85.80000305175781,
08JA013,1976-02-04,85.19999694824219,
08JA013,1976-03-04,83.80000305175781,
08JA013,1976-04-04,138.0,
08JA013,1976-05-04,286.0,
08JA013,1976-06-04,215.0,
08JA013,1976-07-04,379.0,
08JA013,1976-08-04,439.0,
08JA013,1976-09-04,283.0,
08JA013,1976-10-04,289.0,
08JA013,1976-11-04,281.0,
08JA013,1976-12-04,177.0,
08JA013,1977-01-04,174.0,
08JA013,1977-02-04,170.0,
08JA013,1977-03-04,166.0,
08JA013,1977-04-04,168.0,
08JA013,1977-05-04,0.0,
08JA013,1977-06-04,81.0,
08JA013,1977-07-04,225.0,
08JA013,1977-08-04,225.0,
08JA013,1977-09-04,86.9000015258789,
08JA013,1977-10-04,43.0,
08JA013,1977-11-04,32.29999923706055,
08JA013,1977-12-04,51.29999923706055,
08JA013,1978-01-04,51.0,
08JA013,1978-02-04,49.79999923706055,
08JA013,1978-03-04,53.5,
08JA013,1978-04-04,51.79999923706055,
08JA013,1978-05-04,51.29999923706055,
08JA013,1978-06-04,37.70000076293945,
08JA013,1978-07-04,39.59999847412109,
08JA013,1978-08-04,34.0,
08JA013,1978-09-04,34.29999923706055,
08JA013,1978-10-04,33.70000076293945,
08JA013,1978-11-04,36.5,
08JA013,1978-12-04,35.70000076293945,
08JA013,1979-01-04,33.0,
08JA013,1979-02-04,32.29999923706055,
08JA013,1979-03-04,31.200000762939453,
08JA013,1979-04-04,30.200000762939453,
08JA013,1979-05-04,30.299999237060547,
08JA013,1979-06-04,33.099998474121094,
08JA013,1979-07-04,34.099998474121094,
08JA013,1979-08-04,116.0,
08JA013,1979-09-04,33.79999923706055,
08JA013,1979-10-04,33.400001525878906,
08JA013,1979-11-04,21.0,
08JA013,1979-12-04,12.699999809265137,
08JA013,1980-01-04,13.0,
08JA013,1980-02-04,15.600000381469728,
08JA013,1980-03-04,15.0,
08JA013,1980-04-04,15.0,
08JA013,1980-05-04,15.0,
08JA013,1980-06-04,11.699999809265137,
08JA013,1980-07-04,22.600000381469727,
08JA013,1980-08-04,17.0,
08JA013,1980-09-04,14.199999809265137,
08JA013,1980-10-04,32.29999923706055,
08JA013,1980-11-04,32.29999923706055,
08JA013,1980-12-04,32.400001525878906,
08JA013,1981-01-04,33.099998474121094,
08JA013,1981-02-04,32.900001525878906,
08JA013,1981-03-04,32.70000076293945,
08JA013,1981-04-04,57.5,
08JA013,1981-05-04,56.59999847412109,
08JA013,1981-06-04,59.900001525878906,
08JA013,1981-07-04,62.400001525878906,
08JA013,1981-08-04,170.0,
08JA013,1981-09-04,15.300000190734863,
08JA013,1981-10-04,25.5,
08JA013,1981-11-04,32.5,
08JA013,1981-12-04,32.5,
08JA013,1982-01-04,32.20000076293945,
08JA013,1982-02-04,31.899999618530277,
08JA013,1982-03-04,31.399999618530277,
08JA013,1982-04-04,56.20000076293945,
08JA013,1982-05-04,54.900001525878906,
08JA013,1982-06-04,41.900001525878906,
08JA013,1982-07-04,59.900001525878906,
08JA013,1982-08-04,227.0,
08JA013,1982-09-04,31.100000381469727,
08JA013,1982-10-04,31.100000381469727,
08JA013,1982-11-04,31.100000381469727,
08JA013,1982-12-04,31.100000381469727,
08JA013,1983-01-04,31.100000381469727,
08JA013,1983-02-04,31.100000381469727,
08JA013,1983-03-04,31.100000381469727,
08JA013,1983-04-04,49.59999847412109,
08JA013,1983-05-04,49.59999847412109,
08JA013,1983-06-04,50.70000076293945,
08JA013,1983-07-04,57.59999847412109,
08JA013,1983-08-04,56.59999847412109,
08JA013,1983-09-04,31.100000381469727,
08JA013,1983-10-04,31.100000381469727,
08JA013,1983-11-04,31.200000762939453,
08JA013,1983-12-04,31.100000381469727,
08JA013,1984-01-04,30.700000762939453,
08JA013,1984-02-04,30.600000381469727,
08JA013,1984-03-04,30.299999237060547,
08JA013,1984-04-04,53.79999923706055,
08JA013,1984-05-04,53.70000076293945,
08JA013,1984-06-04,55.29999923706055,
08JA013,1984-07-04,55.20000076293945,
08JA013,1984-08-04,283.0,
08JA013,1984-09-04,30.899999618530277,
08JA013,1984-10-04,31.100000381469727,
08JA013,1984-11-04,31.299999237060547,
08JA013,1984-12-04,31.100000381469727,
08JA013,1985-01-04,31.0,
08JA013,1985-02-04,30.600000381469727,
08JA013,1985-03-04,30.399999618530277,
08JA013,1985-04-04,38.79999923706055,
08JA013,1985-05-04,53.5,
08JA013,1985-06-04,57.09999847412109,
08JA013,1985-07-04,60.0,
08JA013,1985-08-04,278.0,
08JA013,1985-09-04,63.79999923706055,
08JA013,1985-10-04,61.0,
08JA013,1985-11-04,33.70000076293945,
08JA013,1985-12-04,32.70000076293945,
08JA013,1986-01-04,34.0,
08JA013,1986-02-04,33.20000076293945,
08JA013,1986-03-04,32.70000076293945,
08JA013,1986-04-04,56.59999847412109,
08JA013,1986-05-04,56.79999923706055,
08JA013,1986-06-04,48.70000076293945,
08JA013,1986-07-04,53.400001525878906,
08JA013,1986-08-04,208.0,
08JA013,1986-09-04,28.299999237060547,
08JA013,1986-10-04,28.299999237060547,
08JA013,1986-11-04,33.79999923706055,
08JA013,1986-12-04,36.5,
08JA013,1987-01-04,36.09999847412109,
08JA013,1987-02-04,35.5,
08JA013,1987-03-04,34.29999923706055,
08JA013,1987-04-04,35.099998474121094,
08JA013,1987-05-04,58.20000076293945,
08JA013,1987-06-04,56.20000076293945,
08JA013,1987-07-04,57.20000076293945,
08JA013,1987-08-04,218.0,
08JA013,1987-09-04,56.59999847412109,
08JA013,1987-10-04,56.59999847412109,
08JA013,1987-11-04,31.100000381469727,
08JA013,1987-12-04,34.0,
08JA013,1988-01-04,34.70000076293945,
08JA013,1988-02-04,33.599998474121094,
08JA013,1988-03-04,32.70000076293945,
08JA013,1988-04-04,54.79999923706055,
08JA013,1988-05-04,44.0,
08JA013,1988-06-04,19.899999618530277,
08JA013,1988-07-04,48.400001525878906,
08JA013,1988-08-04,169.0,
08JA013,1988-09-04,29.899999618530277,
08JA013,1988-10-04,30.0,
08JA013,1988-11-04,30.100000381469727,
08JA013,1988-12-04,30.600000381469727,
08JA013,1989-01-04,30.5,
08JA013,1989-02-04,30.100000381469727,
08JA013,1989-03-04,29.600000381469727,
08JA013,1989-04-04,29.100000381469727,
08JA013,1989-05-04,48.400001525878906,
08JA013,1989-06-04,48.59999847412109,
08JA013,1989-07-04,47.79999923706055,
08JA013,1989-08-04,174.0,
08JA013,1989-09-04,32.599998474121094,
08JA013,1989-10-04,32.599998474121094,
08JA013,1989-11-04,32.0,
08JA013,1989-12-04,35.0,
08JA013,1990-01-04,35.29999923706055,
08JA013,1990-02-04,35.099998474121094,
08JA013,1990-03-04,34.5,
08JA013,1990-04-04,33.599998474121094,
08JA013,1990-05-04,49.0,
08JA013,1990-06-04,49.70000076293945,
08JA013,1990-07-04,49.0,
08JA013,1990-08-04,14.199999809265137,
08JA013,1990-09-04,31.0,
08JA013,1990-10-04,33.79999923706055,
08JA013,1990-11-04,33.599998474121094,
08JA013,1990-12-04,32.79999923706055,
08JA013,1991-01-04,32.79999923706055,
08JA013,1991-02-04,32.0,
08JA013,1991-03-04,51.0,
08JA013,1991-04-04,84.9000015258789,
08JA013,1991-05-04,49.79999923706055,
08JA013,1991-06-04,49.29999923706055,
08JA013,1991-07-04,48.900001525878906,
08JA013,1991-08-04,170.0,
08JA013,1991-09-04,14.199999809265137,
08JA013,1991-10-04,31.799999237060547,
08JA013,1991-11-04,32.599998474121094,
08JA013,1991-12-04,32.400001525878906,
08JA013,1992-01-04,32.20000076293945,
08JA013,1992-02-04,31.700000762939453,
08JA013,1992-03-04,31.5,
08JA013,1992-04-04,31.399999618530277,
08JA013,1992-05-04,49.20000076293945,
08JA013,1992-06-04,49.20000076293945,
08JA013,1992-07-04,283.0,
08JA013,1992-08-04,192.0,
08JA013,1992-09-04,20.299999237060547,
08JA013,1992-10-04,33.0,
08JA013,1992-11-04,33.400001525878906,
08JA013,1992-12-04,33.20000076293945,
08JA013,1993-01-04,32.70000076293945,
08JA013,1993-02-04,33.29999923706055,
08JA013,1993-03-04,32.599998474121094,
08JA013,1993-04-04,33.099998474121094,
08JA013,1993-05-04,49.400001525878906,
08JA013,1993-06-04,49.29999923706055,
08JA013,1993-07-04,49.400001525878906,
08JA013,1993-08-04,453.0,
08JA013,1993-09-04,32.599998474121094,
08JA013,1993-10-04,31.899999618530277,
08JA013,1993-11-04,32.5,
08JA013,1993-12-04,33.599998474121094,
08JA013,1994-01-04,33.099998474121094,
08JA013,1994-02-04,32.70000076293945,
08JA013,1994-03-04,32.29999923706055,
08JA013,1994-04-04,31.899999618530277,
08JA013,1994-05-04,49.5,
08JA013,1994-06-04,50.0,
08JA013,1994-07-04,48.900001525878906,
08JA013,1994-08-04,160.0,
08JA013,1994-09-04,31.5,
08JA013,1994-10-04,31.299999237060547,
08JA013,1994-11-04,31.200000762939453,
08JA013,1994-12-04,40.59999847412109,
08JA013,1995-01-04,36.59999847412109,
08JA013,1995-02-04,35.900001525878906,
08JA013,1995-03-04,35.099998474121094,
08JA013,1995-04-04,41.0,
08JA013,1995-05-04,14.100000381469728,
08JA013,1995-06-04,50.0,
08JA013,1995-07-04,33.099998474121094,
08JA013,1995-08-04,170.0,
08JA013,1995-09-04,32.20000076293945,
08JA013,1995-10-04,32.70000076293945,
08JA013,1995-11-04,32.20000076293945,
08JA013,1995-12-04,34.70000076293945,
08JA013,1996-01-04,34.0,
08JA013,1996-02-04,34.0,
08JA013,1996-03-04,33.400001525878906,
08JA013,1996-04-04,32.79999923706055,
08JA013,1996-05-04,50.20000076293945,
08JA013,1996-06-04,53.29999923706055,
08JA013,1996-07-04,255.0,
08JA013,1996-08-04,170.0,
08JA013,1996-09-04,32.900001525878906,
08JA013,1996-10-04,112.0,
08JA013,1996-11-04,227.0,
08JA013,1996-12-04,60.59999847412109,
08JA013,1997-01-04,59.59999847412109,
08JA013,1997-02-04,58.59999847412109,
08JA013,1997-03-04,57.59999847412109,
08JA013,1997-04-04,56.59999847412109,
08JA013,1997-05-04,85.19999694824219,
08JA013,1997-06-04,202.0,
08JA013,1997-07-04,342.0,
08JA013,1997-08-04,334.0,
08JA013,1997-09-04,85.5,
08JA013,1997-10-04,85.69999694824219,
08JA013,1997-11-04,57.29999923706055,
08JA013,1997-12-04,56.5,
08JA013,1998-01-04,55.70000076293945,
08JA013,1998-02-04,54.400001525878906,
08JA013,1998-03-04,53.09999847412109,
08JA013,1998-04-04,51.59999847412109,
08JA013,1998-05-04,51.400001525878906,
08JA013,1998-06-04,52.79999923706055,
08JA013,1998-07-04,49.59999847412109,
08JA013,1998-08-04,281.0,
08JA013,1998-09-04,29.399999618530277,
08JA013,1998-10-04,30.0,
08JA013,1998-11-04,29.899999618530277,
08JA013,1998-12-04,30.399999618530277,
08JA013,1999-01-04,30.0,
08JA013,1999-02-04,29.600000381469727,
08JA013,1999-03-04,30.100000381469727,
08JA013,1999-04-04,29.5,
08JA013,1999-05-04,49.20000076293945,
08JA013,1999-06-04,48.79999923706055,
08JA013,1999-07-04,49.5,
08JA013,1999-08-04,308.0,
08JA013,1999-09-04,33.0,
08JA013,1999-10-04,32.70000076293945,
08JA013,1999-11-04,33.400001525878906,
08JA013,1999-12-04,32.79999923706055,
08JA013,2000-01-04,33.29999923706055,
08JA013,2000-02-04,32.400001525878906,
08JA013,2000-03-04,32.5,
08JA013,2000-04-04,32.599998474121094,
08JA013,2000-05-04,49.0,
08JA013,2000-06-04,49.20000076293945,
08JA013,2000-07-04,49.29999923706055,
08JA013,2000-08-04,264.0,
08JA013,2000-09-04,33.0,
08JA013,2000-10-04,32.70000076293945,
08JA013,2000-11-04,33.0,
08JA013,2000-12-04,32.0,
08JA013,2001-01-04,32.5,
08JA013,2001-02-04,32.20000076293945,
08JA013,2001-03-04,32.599998474121094,
08JA013,2001-04-04,32.900001525878906,
08JA013,2001-05-04,52.400001525878906,
08JA013,2001-06-04,53.59999847412109,
08JA013,2001-07-04,52.29999923706055,
08JA013,2001-08-04,170.0,
08JA013,2001-09-04,24.299999237060547,
08JA013,2001-10-04,30.0,
08JA013,2001-11-04,30.0,
08JA013,2001-12-04,30.0,
08JA013,2002-01-04,31.799999237060547,
08JA013,2002-02-04,31.299999237060547,
08JA013,2002-03-04,30.899999618530277,
08JA013,2002-04-04,30.299999237060547,
08JA013,2002-05-04,54.5,
08JA013,2002-06-04,55.29999923706055,
08JA013,2002-07-04,55.09999847412109,
08JA013,2002-08-04,283.0,
08JA013,2002-09-04,30.0,
08JA013,2002-10-04,30.0,
08JA013,2002-11-04,85.0,
08JA013,2002-12-04,85.0,
08JA013,2003-01-04,31.5,
08JA013,2003-02-04,31.200000762939453,
08JA013,2003-03-04,30.700000762939453,
08JA013,2003-04-04,30.100000381469727,
08JA013,2003-05-04,50.20000076293945,
08JA013,2003-06-04,49.900001525878906,
08JA013,2003-07-04,49.400001525878906,
08JA013,2003-08-04,169.0,
08JA013,2003-09-04,33.20000076293945,
08JA013,2003-10-04,32.900001525878906,
08JA013,2003-11-04,33.0,
08JA013,2003-12-04,32.599998474121094,
08JA013,2004-01-04,33.0,
08JA013,2004-02-04,32.29999923706055,
08JA013,2004-03-04,32.599998474121094,
08JA013,2004-04-04,33.0,
08JA013,2004-05-04,53.59999847412109,
08JA013,2004-06-04,53.70000076293945,
08JA013,2004-07-04,52.20000076293945,
08JA013,2004-08-04,170.0,
08JA013,2004-09-04,14.5,
08JA013,2004-10-04,29.399999618530277,
08JA013,2004-11-04,30.0,
08JA013,2004-12-04,30.899999618530277,
08JA013,2005-01-04,31.200000762939453,
08JA013,2005-02-04,31.299999237060547,
08JA013,2005-03-04,31.299999237060547,
08JA013,2005-04-04,44.70000076293945,
08JA013,2005-05-04,283.0,
08JA013,2005-06-04,49.29999923706055,
08JA013,2005-07-04,116.0,
08JA013,2005-08-04,170.0,
08JA013,2005-09-04,32.400001525878906,
08JA013,2005-10-04,32.20000076293945,
08JA013,2005-11-04,126.0,
08JA013,2005-12-04,86.4000015258789,
08JA013,2006-01-04,85.19999694824219,
08JA013,2006-02-04,55.0,
08JA013,2006-03-04,32.79999923706055,
08JA013,2006-04-04,32.099998474121094,
08JA013,2006-05-04,49.5,
08JA013,2006-06-04,49.400001525878906,
08JA013,2006-07-04,50.20000076293945,
08JA013,2006-08-04,172.0,
08JA013,2006-09-04,31.899999618530277,
08JA013,2006-10-04,32.29999923706055,
08JA013,2006-11-04,33.099998474121094,
08JA013,2006-12-04,33.20000076293945,
08JA013,2007-01-04,33.20000076293945,
08JA013,2007-02-04,32.900001525878906,
08JA013,2007-03-04,42.5,
08JA013,2007-04-04,125.0,
08JA013,2007-05-04,49.20000076293945,
08JA013,2007-06-04,203.0,
08JA013,2007-07-04,530.0,
08JA013,2007-08-04,404.0,
08JA013,2007-09-04,15.100000381469728,
08JA013,2007-10-04,64.19999694824219,
08JA013,2007-11-04,298.0,
08JA013,2007-12-04,84.19999694824219,
08JA013,2008-01-04,82.80000305175781,
08JA013,2008-02-04,80.80000305175781,
08JA013,2008-03-04,33.70000076293945,
08JA013,2008-04-04,32.900001525878906,
08JA013,2008-05-04,48.79999923706055,
08JA013,2008-06-04,50.400001525878906,
08JA013,2008-07-04,50.0,
08JA013,2008-08-04,169.0,
08JA013,2008-09-04,33.099998474121094,
08JA013,2008-10-04,32.70000076293945,
08JA013,2008-11-04,33.400001525878906,
08JA013,2008-12-04,33.400001525878906,
08JA013,2009-01-04,35.29999923706055,
08JA013,2009-02-04,34.79999923706055,
08JA013,2009-03-04,34.099998474121094,
08JA013,2009-04-04,33.29999923706055,
08JA013,2009-05-04,49.09999847412109,
08JA013,2009-06-04,51.5,
08JA013,2009-07-04,49.29999923706055,
08JA013,2009-08-04,277.0,
08JA013,2009-09-04,32.400001525878906,
08JA013,2009-10-04,34.099998474121094,
08JA013,2009-11-04,34.0,
08JA013,2009-12-04,33.900001525878906,
08JA013,2010-01-04,33.400001525878906,
08JA013,2010-02-04,32.900001525878906,
08JA013,2010-03-04,32.29999923706055,
08JA013,2010-04-04,31.5,
08JA013,2010-05-04,49.09999847412109,
08JA013,2010-06-04,51.5,
08JA013,2010-07-04,50.5,
08JA013,2010-08-04,247.0,
08JA013,2010-09-04,32.70000076293945,
08JA013,2010-10-04,33.20000076293945,
08JA013,2010-11-04,56.20000076293945,
08JA013,2010-12-04,74.4000015258789,
08JA013,2011-01-04,34.0,
08JA013,2011-02-04,33.5,
08JA013,2011-03-04,33.099998474121094,
08JA013,2011-04-04,32.5,
08JA013,2011-05-04,79.80000305175781,
08JA013,2011-06-04,281.0,
08JA013,2011-07-04,305.0,
08JA013,2011-08-04,325.0,
08JA013,2011-09-04,14.800000190734863,
08JA013,2011-10-04,507.0,
08JA013,2011-11-04,59.900001525878906,
08JA013,2011-12-04,59.70000076293945,
08JA013,2012-01-04,59.400001525878906,
08JA013,2012-02-04,79.4000015258789,
08JA013,2012-03-04,124.0,
08JA013,2012-04-04,119.0,
08JA013,2012-05-04,193.0,
08JA013,2012-06-04,230.0,
08JA013,2012-07-04,248.0,
08JA013,2012-08-04,293.0,
08JA013,2012-09-04,33.0,
08JA013,2012-10-04,63.79999923706055,
08JA013,2012-11-04,62.900001525878906,
08JA013,2012-12-04,38.900001525878906,
08JA013,2013-01-04,38.0,
08JA013,2013-02-04,31.200000762939453,
08JA013,2013-03-04,30.5,
08JA013,2013-04-04,29.799999237060547,
08JA013,2013-05-04,49.400001525878906,
08JA013,2013-06-04,49.29999923706055,
08JA013,2013-07-04,49.5,
08JA013,2013-08-04,281.0,
08JA013,2013-09-04,31.700000762939453,
08JA013,2013-10-04,31.299999237060547,
08JA013,2013-11-04,32.900001525878906,
08JA013,2013-12-04,34.20000076293945,
08JA013,2014-01-04,33.70000076293945,
08JA013,2014-02-04,33.099998474121094,
08JA013,2014-03-04,32.400001525878906,
08JA013,2014-04-04,34.599998474121094,
08JA013,2014-05-04,49.29999923706055,
08JA013,2014-06-04,49.59999847412109,
08JA013,2014-07-04,49.0,
08JA013,2014-08-04,199.0,
08JA013,2014-09-04,31.799999237060547,
08JA013,2014-10-04,31.399999618530277,
08JA013,2014-11-04,33.900001525878906,
08JA013,2014-12-04,34.29999923706055,
08JA013,2015-01-04,34.20000076293945,
08JA013,2015-02-04,30.399999618530277,
08JA013,2015-03-04,45.29999923706055,
08JA013,2015-04-04,115.0,
08JA013,2015-05-04,223.0,
08JA013,2015-06-04,467.0,
08JA013,2015-07-04,283.0,
08JA013,2015-08-04,327.0,
08JA013,2015-09-04,32.400001525878906,
08JA013,2015-10-04,32.099998474121094,
08JA013,2015-11-04,34.29999923706055,
08JA013,2015-12-04,30.5,
08JA013,2016-01-04,30.0,
08JA013,2016-02-04,29.399999618530277,
08JA013,2016-03-04,29.0,
08JA013,2016-04-04,29.600000381469727,
08JA013,2016-05-04,49.29999923706055,
08JA013,2016-06-04,48.70000076293945,
08JA013,2016-07-04,48.59999847412109,
08JA013,2016-08-04,253.0,
08JA013,2016-09-04,31.200000762939453,
08JA013,2016-10-04,32.099998474121094,
08JA013,2016-11-04,31.899999618530277,
08JA013,2016-12-04,31.600000381469727,
08JA013,2017-01-04,31.200000762939453,
08JA013,2017-02-04,30.799999237060547,
08JA013,2017-03-04,32.400001525878906,
08JA013,2017-04-04,32.0,
08JA013,2017-05-04,48.79999923706055,
08JA013,2017-06-04,204.0,
08JA013,2017-07-04,144.0,
08JA013,2017-08-04,283.0,
08JA013,2017-09-04,31.700000762939453,
08JA013,2017-10-04,32.5,
08JA013,2017-11-04,65.5999984741211,
08JA013,2017-12-04,79.69999694824219,
08JA013,2018-01-04,78.0,
08JA013,2018-02-04,35.900001525878906,
08JA013,2018-03-04,35.400001525878906,
08JA013,2018-04-04,64.0999984741211,
08JA013,2018-05-04,49.0,
08JA013,2018-06-04,99.9000015258789,
08JA013,2018-07-04,49.20000076293945,
08JA013,2018-08-04,282.0,
08JA013,2018-09-04,26.600000381469727,
08JA013,2018-10-04,28.200000762939453,
08JA013,2018-11-04,32.900001525878906,
08JA013,2018-12-04,32.599998474121094,
08JA013,2019-01-04,32.099998474121094,
08JA013,2019-02-04,31.5,
08JA013,2019-03-04,30.700000762939453,
08JA013,2019-04-04,31.899999618530277,
08JA013,2019-05-04,49.59999847412109,
08JA013,2019-06-04,48.5,
08JA013,2019-07-04,48.79999923706055,
08JA013,2019-08-04,147.0,
08JA013,2019-09-04,32.099998474121094,
08JA013,2019-10-04,31.700000762939453,
08JA013,2019-11-04,31.799999237060547,
08JA013,2019-12-04,32.099998474121094,
08JA013,2020-01-04,31.899999618530277,
08JA013,2020-02-04,31.700000762939453,
08JA013,2020-03-04,33.29999923706055,
08JA013,2020-04-04,34.400001525878906,
08JA013,2020-05-04,49.29999923706055,
08JA013,2020-06-04,49.29999923706055,
08JA013,2020-07-04,48.400001525878906,
08JA013,2020-08-04,171.0,
08JA013,2020-09-04,32.5,
08JA013,2020-10-04,32.29999923706055,
08JA013,2020-11-04,152.0,
08JA013,2020-12-04,70.5999984741211,
08JA013,2021-01-04,84.5,
08JA013,2021-02-04,83.9000015258789,
08JA013,2021-03-04,82.0999984741211,
08JA013,2021-04-04,100.0,
08JA013,2021-05-04,199.0,
08JA013,2021-06-04,275.0,
08JA013,2021-07-04,277.0,
08JA013,2021-08-04,281.0,
08JA013,2021-09-04,79.19999694824219,
08JA013,2021-10-04,79.30000305175781,
08JA013,2021-11-04,46.29999923706055,
08JA013,2021-12-04,40.400001525878906,
08JA013,2022-01-04,40.09999847412109,
08JA013,2022-02-04,39.70000076293945,
08JA013,2022-03-04,40.400001525878906,
08JA013,2022-04-04,41.400001525878906,
08JA013,2022-05-04,41.5,
08JA013,2022-06-04,279.0,
08JA013,2022-07-04,372.0,
08JA013,2022-08-04,298.0,
08JA013,2022-09-04,59.0,
08JA013,2022-10-04,60.5,
08JA013,2022-11-04,39.0,
08JA013,2022-12-04,33.79999923706055,
08JA013,2023-01-04,33.20000076293945,
08JA013,2023-02-04,32.599998474121094,
08JA013,2023-03-04,32.20000076293945,
08JA013,2023-04-04,33.599998474121094,
08JA013,2023-05-04,33.29999923706055,
08JA013,2023-06-04,49.79999923706055,
08JA013,2023-07-04,50.79999923706055,
08JA013,2023-08-04,249.0,
08JA013,2023-09-04,32.900001525878906,
08JA013,2023-10-04,33.0,
08JA013,2023-11-04,32.599998474121094,
08JA013,2023-12-04,32.20000076293945,
08JA013,2024-01-04,32.0,
08JA013,2024-02-04,33.29999923706055,
08JA013,2024-03-04,32.70000076293945,
08JA013,2024-04-04,32.099998474121094,
08JA013,2024-05-04,49.0,
08JA013,2024-06-04,50.79999923706055,
08JA013,2024-07-04,49.59999847412109,
08JA013,2024-08-04,280.0,
08JA013,2024-09-04,31.700000762939453,
08JA013,2024-10-04,32.20000076293945,
08JA013,2024-11-04,32.29999923706055,
08JA013,2024-12-04,32.0,
08JA013,2025-01-04,32.099998474121094,
08JA013,2025-02-04,31.799999237060547,
08JA013,2025-03-04,31.299999237060547,
08JA013,2025-04-04,30.799999237060547,
08JA013,2025-05-04,31.200000762939453,
08JA013,2025-06-04,32.20000076293945,
08JA013,2025-07-04,33.0,
08JA013,2025-08-04,275.0,
08JA013,2025-09-04,31.600000381469727,
08JA013,2025-10-04,31.399999618530277,
08JA013,2025-11-04,31.299999237060547,
08JA013,2025-12-04,31.600000381469727,
08JA013,1955-06-05,,
08JA013,1955-11-05,,
08JA013,1956-01-05,0.0,
08JA013,1956-02-05,2.8299999237060547,
08JA013,1956-03-05,5.659999847412109,
08JA013,1956-04-05,5.659999847412109,
08JA013,1956-05-05,5.659999847412109,
08JA013,1956-06-05,0.0,
08JA013,1956-07-05,0.0,
08JA013,1956-08-05,8.5,
08JA013,1956-09-05,45.29999923706055,
08JA013,1956-10-05,0.0,
08JA013,1956-11-05,0.0,
08JA013,1956-12-05,0.0,
08JA013,1957-01-05,56.59999847412109,
08JA013,1957-02-05,255.0,
08JA013,1957-03-05,241.0,
08JA013,1957-04-05,0.0,
08JA013,1957-05-05,258.0,
08JA013,1957-06-05,122.0,
08JA013,1957-07-05,0.0,
08JA013,1957-08-05,0.0,
08JA013,1957-09-05,137.0,
08JA013,1957-10-05,155.0,
08JA013,1957-11-05,154.0,
08JA013,1957-12-05,200.0,
08JA013,1958-01-05,292.0,
08JA013,1958-02-05,320.0,
08JA013,1958-03-05,286.0,
08JA013,1958-04-05,331.0,
08JA013,1958-05-05,385.0,
08JA013,1958-06-05,0.0,
08JA013,1958-07-05,306.0,
08JA013,1958-08-05,294.0,
08JA013,1958-09-05,283.0,
08JA013,1958-10-05,334.0,
08JA013,1958-11-05,326.0,
08JA013,1958-12-05,224.0,
08JA013,1959-01-05,124.0,
08JA013,1959-02-05,123.0,
08JA013,1959-03-05,63.400001525878906,
08JA013,1959-04-05,63.400001525878906,
08JA013,1959-05-05,64.5999984741211,
08JA013,1959-06-05,0.0,
08JA013,1959-07-05,158.0,
08JA013,1959-08-05,309.0,
08JA013,1959-09-05,371.0,
08JA013,1959-10-05,365.0,
08JA013,1959-11-05,411.0,
08JA013,1959-12-05,193.0,
08JA013,1960-01-05,37.70000076293945,
08JA013,1960-02-05,95.6999969482422,
08JA013,1960-03-05,59.5,
08JA013,1960-04-05,226.0,
08JA013,1960-05-05,368.0,
08JA013,1960-06-05,362.0,
08JA013,1960-07-05,0.0,
08JA013,1960-08-05,94.5999984741211,
08JA013,1960-09-05,264.0,
08JA013,1960-10-05,88.5999984741211,
08JA013,1960-11-05,189.0,
08JA013,1960-12-05,184.0,
08JA013,1961-01-05,59.70000076293945,
08JA013,1961-02-05,29.700000762939453,
08JA013,1961-03-05,42.5,
08JA013,1961-04-05,42.5,
08JA013,1961-05-05,160.0,
08JA013,1961-06-05,119.0,
08JA013,1961-07-05,362.0,
08JA013,1961-08-05,357.0,
08JA013,1961-09-05,481.0,
08JA013,1961-10-05,317.0,
08JA013,1961-11-05,30.600000381469727,
08JA013,1961-12-05,29.700000762939453,
08JA013,1962-01-05,30.0,
08JA013,1962-02-05,30.600000381469727,
08JA013,1962-03-05,30.600000381469727,
08JA013,1962-04-05,30.600000381469727,
08JA013,1962-05-05,182.0,
08JA013,1962-06-05,193.0,
08JA013,1962-07-05,251.0,
08JA013,1962-08-05,134.0,
08JA013,1962-09-05,227.0,
08JA013,1962-10-05,222.0,
08JA013,1962-11-05,221.0,
08JA013,1962-12-05,46.400001525878906,
08JA013,1963-01-05,46.70000076293945,
08JA013,1963-02-05,46.70000076293945,
08JA013,1963-03-05,46.400001525878906,
08JA013,1963-04-05,46.20000076293945,
08JA013,1963-05-05,337.0,
08JA013,1963-06-05,337.0,
08JA013,1963-07-05,197.0,
08JA013,1963-08-05,199.0,
08JA013,1963-09-05,194.0,
08JA013,1963-10-05,105.0,
08JA013,1963-11-05,191.0,
08JA013,1963-12-05,42.20000076293945,
08JA013,1964-01-05,42.79999923706055,
08JA013,1964-02-05,43.0,
08JA013,1964-03-05,42.5,
08JA013,1964-04-05,41.59999847412109,
08JA013,1964-05-05,422.0,
08JA013,1964-06-05,416.0,
08JA013,1964-07-05,425.0,
08JA013,1964-08-05,201.0,
08JA013,1964-09-05,200.0,
08JA013,1964-10-05,198.0,
08JA013,1964-11-05,195.0,
08JA013,1964-12-05,70.80000305175781,
08JA013,1965-01-05,69.9000015258789,
08JA013,1965-02-05,69.0999984741211,
08JA013,1965-03-05,68.0,
08JA013,1965-04-05,67.0999984741211,
08JA013,1965-05-05,191.0,
08JA013,1965-06-05,199.0,
08JA013,1965-07-05,203.0,
08JA013,1965-08-05,203.0,
08JA013,1965-09-05,198.0,
08JA013,1965-10-05,88.9000015258789,
08JA013,1965-11-05,45.900001525878906,
08JA013,1965-12-05,46.20000076293945,
08JA013,1966-01-05,46.20000076293945,
08JA013,1966-02-05,45.900001525878906,
08JA013,1966-03-05,45.29999923706055,
08JA013,1966-04-05,45.29999923706055,
08JA013,1966-05-05,221.0,
08JA013,1966-06-05,226.0,
08JA013,1966-07-05,117.0,
08JA013,1966-08-05,146.0,
08JA013,1966-09-05,314.0,
08JA013,1966-10-05,328.0,
08JA013,1966-11-05,88.30000305175781,
08JA013,1966-12-05,88.0999984741211,
08JA013,1967-01-05,87.19999694824219,
08JA013,1967-02-05,85.80000305175781,
08JA013,1967-03-05,84.4000015258789,
08JA013,1967-04-05,83.0,
08JA013,1967-05-05,326.0,
08JA013,1967-06-05,193.0,
08JA013,1967-07-05,260.0,
08JA013,1967-08-05,91.1999969482422,
08JA013,1967-09-05,123.0,
08JA013,1967-10-05,28.899999618530277,
08JA013,1967-11-05,94.9000015258789,
08JA013,1967-12-05,60.29999923706055,
08JA013,1968-01-05,60.29999923706055,
08JA013,1968-02-05,60.59999847412109,
08JA013,1968-03-05,60.29999923706055,
08JA013,1968-04-05,59.70000076293945,
08JA013,1968-05-05,222.0,
08JA013,1968-06-05,286.0,
08JA013,1968-07-05,348.0,
08JA013,1968-08-05,190.0,
08JA013,1968-09-05,217.0,
08JA013,1968-10-05,238.0,
08JA013,1968-11-05,236.0,
08JA013,1968-12-05,92.0,
08JA013,1969-01-05,90.5999984741211,
08JA013,1969-02-05,88.9000015258789,
08JA013,1969-03-05,86.9000015258789,
08JA013,1969-04-05,84.4000015258789,
08JA013,1969-05-05,83.5,
08JA013,1969-06-05,89.19999694824219,
08JA013,1969-07-05,129.0,
08JA013,1969-08-05,101.0,
08JA013,1969-09-05,157.0,
08JA013,1969-10-05,155.0,
08JA013,1969-11-05,75.9000015258789,
08JA013,1969-12-05,28.899999618530277,
08JA013,1970-01-05,75.30000305175781,
08JA013,1970-02-05,73.9000015258789,
08JA013,1970-03-05,72.19999694824219,
08JA013,1970-04-05,70.5,
08JA013,1970-05-05,44.5,
08JA013,1970-06-05,45.900001525878906,
08JA013,1970-07-05,47.900001525878906,
08JA013,1970-08-05,90.5999984741211,
08JA013,1970-09-05,118.0,
08JA013,1970-10-05,117.0,
08JA013,1970-11-05,89.5,
08JA013,1970-12-05,60.900001525878906,
08JA013,1971-01-05,59.70000076293945,
08JA013,1971-02-05,59.20000076293945,
08JA013,1971-03-05,58.0,
08JA013,1971-04-05,56.900001525878906,
08JA013,1971-05-05,54.900001525878906,
08JA013,1971-06-05,58.59999847412109,
08JA013,1971-07-05,40.79999923706055,
08JA013,1971-08-05,175.0,
08JA013,1971-09-05,173.0,
08JA013,1971-10-05,170.0,
08JA013,1971-11-05,136.0,
08JA013,1971-12-05,75.9000015258789,
08JA013,1972-01-05,74.80000305175781,
08JA013,1972-02-05,73.30000305175781,
08JA013,1972-03-05,72.19999694824219,
08JA013,1972-04-05,66.5,
08JA013,1972-05-05,362.0,
08JA013,1972-06-05,0.0,
08JA013,1972-07-05,258.0,
08JA013,1972-08-05,422.0,
08JA013,1972-09-05,77.30000305175781,
08JA013,1972-10-05,219.0,
08JA013,1972-11-05,74.19999694824219,
08JA013,1972-12-05,72.80000305175781,
08JA013,1973-01-05,71.5999984741211,
08JA013,1973-02-05,70.80000305175781,
08JA013,1973-03-05,69.0999984741211,
08JA013,1973-04-05,67.0999984741211,
08JA013,1973-05-05,66.30000305175781,
08JA013,1973-06-05,44.70000076293945,
08JA013,1973-07-05,174.0,
08JA013,1973-08-05,79.9000015258789,
08JA013,1973-09-05,33.400001525878906,
08JA013,1973-10-05,32.29999923706055,
08JA013,1973-11-05,50.09999847412109,
08JA013,1973-12-05,49.59999847412109,
08JA013,1974-01-05,48.70000076293945,
08JA013,1974-02-05,48.09999847412109,
08JA013,1974-03-05,47.29999923706055,
08JA013,1974-04-05,261.0,
08JA013,1974-05-05,247.0,
08JA013,1974-06-05,0.0,
08JA013,1974-07-05,0.0,
08JA013,1974-08-05,228.0,
08JA013,1974-09-05,25.600000381469727,
08JA013,1974-10-05,201.0,
08JA013,1974-11-05,172.0,
08JA013,1974-12-05,73.30000305175781,
08JA013,1975-01-05,75.9000015258789,
08JA013,1975-02-05,75.0,
08JA013,1975-03-05,73.5999984741211,
08JA013,1975-04-05,72.19999694824219,
08JA013,1975-05-05,71.4000015258789,
08JA013,1975-06-05,90.5999984741211,
08JA013,1975-07-05,96.5999984741211,
08JA013,1975-08-05,98.5,
08JA013,1975-09-05,0.0,
08JA013,1975-10-05,106.0,
08JA013,1975-11-05,226.0,
08JA013,1975-12-05,87.19999694824219,
08JA013,1976-01-05,85.80000305175781,
08JA013,1976-02-05,85.19999694824219,
08JA013,1976-03-05,83.5,
08JA013,1976-04-05,196.0,
08JA013,1976-05-05,289.0,
08JA013,1976-06-05,48.70000076293945,
08JA013,1976-07-05,382.0,
08JA013,1976-08-05,439.0,
08JA013,1976-09-05,283.0,
08JA013,1976-10-05,289.0,
08JA013,1976-11-05,281.0,
08JA013,1976-12-05,177.0,
08JA013,1977-01-05,174.0,
08JA013,1977-02-05,170.0,
08JA013,1977-03-05,165.0,
08JA013,1977-04-05,243.0,
08JA013,1977-05-05,0.0,
08JA013,1977-06-05,269.0,
08JA013,1977-07-05,225.0,
08JA013,1977-08-05,213.0,
08JA013,1977-09-05,86.9000015258789,
08JA013,1977-10-05,64.0,
08JA013,1977-11-05,52.09999847412109,
08JA013,1977-12-05,51.29999923706055,
08JA013,1978-01-05,51.0,
08JA013,1978-02-05,49.79999923706055,
08JA013,1978-03-05,53.5,
08JA013,1978-04-05,51.79999923706055,
08JA013,1978-05-05,51.29999923706055,
08JA013,1978-06-05,37.70000076293945,
08JA013,1978-07-05,39.59999847412109,
08JA013,1978-08-05,34.0,
08JA013,1978-09-05,34.29999923706055,
08JA013,1978-10-05,33.70000076293945,
08JA013,1978-11-05,36.5,
08JA013,1978-12-05,35.400001525878906,
08JA013,1979-01-05,33.0,
08JA013,1979-02-05,32.29999923706055,
08JA013,1979-03-05,31.200000762939453,
08JA013,1979-04-05,30.200000762939453,
08JA013,1979-05-05,30.399999618530277,
08JA013,1979-06-05,33.099998474121094,
08JA013,1979-07-05,34.099998474121094,
08JA013,1979-08-05,116.0,
08JA013,1979-09-05,33.79999923706055,
08JA013,1979-10-05,33.400001525878906,
08JA013,1979-11-05,21.0,
08JA013,1979-12-05,12.699999809265137,
08JA013,1980-01-05,12.899999618530272,
08JA013,1980-02-05,15.600000381469728,
08JA013,1980-03-05,15.0,
08JA013,1980-04-05,15.0,
08JA013,1980-05-05,15.0,
08JA013,1980-06-05,11.699999809265137,
08JA013,1980-07-05,22.600000381469727,
08JA013,1980-08-05,122.0,
08JA013,1980-09-05,14.199999809265137,
08JA013,1980-10-05,32.29999923706055,
08JA013,1980-11-05,32.29999923706055,
08JA013,1980-12-05,32.400001525878906,
08JA013,1981-01-05,33.099998474121094,
08JA013,1981-02-05,32.900001525878906,
08JA013,1981-03-05,32.70000076293945,
08JA013,1981-04-05,57.5,
08JA013,1981-05-05,56.79999923706055,
08JA013,1981-06-05,60.0,
08JA013,1981-07-05,62.400001525878906,
08JA013,1981-08-05,212.0,
08JA013,1981-09-05,22.899999618530277,
08JA013,1981-10-05,25.5,
08JA013,1981-11-05,32.5,
08JA013,1981-12-05,32.5,
08JA013,1982-01-05,32.20000076293945,
08JA013,1982-02-05,31.899999618530277,
08JA013,1982-03-05,31.399999618530277,
08JA013,1982-04-05,56.20000076293945,
08JA013,1982-05-05,54.900001525878906,
08JA013,1982-06-05,41.900001525878906,
08JA013,1982-07-05,60.0,
08JA013,1982-08-05,227.0,
08JA013,1982-09-05,31.100000381469727,
08JA013,1982-10-05,31.100000381469727,
08JA013,1982-11-05,31.100000381469727,
08JA013,1982-12-05,31.100000381469727,
08JA013,1983-01-05,31.100000381469727,
08JA013,1983-02-05,31.100000381469727,
08JA013,1983-03-05,31.100000381469727,
08JA013,1983-04-05,49.59999847412109,
08JA013,1983-05-05,49.59999847412109,
08JA013,1983-06-05,50.70000076293945,
08JA013,1983-07-05,57.59999847412109,
08JA013,1983-08-05,56.59999847412109,
08JA013,1983-09-05,31.100000381469727,
08JA013,1983-10-05,31.0,
08JA013,1983-11-05,31.200000762939453,
08JA013,1983-12-05,31.100000381469727,
08JA013,1984-01-05,30.700000762939453,
08JA013,1984-02-05,30.600000381469727,
08JA013,1984-03-05,30.299999237060547,
08JA013,1984-04-05,53.79999923706055,
08JA013,1984-05-05,53.70000076293945,
08JA013,1984-06-05,53.79999923706055,
08JA013,1984-07-05,55.20000076293945,
08JA013,1984-08-05,194.0,
08JA013,1984-09-05,30.899999618530277,
08JA013,1984-10-05,31.100000381469727,
08JA013,1984-11-05,31.299999237060547,
08JA013,1984-12-05,31.100000381469727,
08JA013,1985-01-05,31.0,
08JA013,1985-02-05,30.600000381469727,
08JA013,1985-03-05,30.399999618530277,
08JA013,1985-04-05,88.80000305175781,
08JA013,1985-05-05,53.5,
08JA013,1985-06-05,57.20000076293945,
08JA013,1985-07-05,166.0,
08JA013,1985-08-05,277.0,
08JA013,1985-09-05,63.79999923706055,
08JA013,1985-10-05,61.0,
08JA013,1985-11-05,33.70000076293945,
08JA013,1985-12-05,32.70000076293945,
08JA013,1986-01-05,34.0,
08JA013,1986-02-05,33.20000076293945,
08JA013,1986-03-05,32.599998474121094,
08JA013,1986-04-05,56.59999847412109,
08JA013,1986-05-05,56.79999923706055,
08JA013,1986-06-05,53.29999923706055,
08JA013,1986-07-05,53.400001525878906,
08JA013,1986-08-05,261.0,
08JA013,1986-09-05,28.299999237060547,
08JA013,1986-10-05,28.299999237060547,
08JA013,1986-11-05,33.79999923706055,
08JA013,1986-12-05,36.5,
08JA013,1987-01-05,36.09999847412109,
08JA013,1987-02-05,35.5,
08JA013,1987-03-05,34.29999923706055,
08JA013,1987-04-05,35.099998474121094,
08JA013,1987-05-05,58.29999923706055,
08JA013,1987-06-05,56.400001525878906,
08JA013,1987-07-05,57.29999923706055,
08JA013,1987-08-05,218.0,
08JA013,1987-09-05,56.59999847412109,
08JA013,1987-10-05,56.59999847412109,
08JA013,1987-11-05,31.100000381469727,
08JA013,1987-12-05,34.0,
08JA013,1988-01-05,34.5,
08JA013,1988-02-05,33.599998474121094,
08JA013,1988-03-05,32.599998474121094,
08JA013,1988-04-05,54.79999923706055,
08JA013,1988-05-05,44.0,
08JA013,1988-06-05,0.0,
08JA013,1988-07-05,48.5,
08JA013,1988-08-05,169.0,
08JA013,1988-09-05,29.899999618530277,
08JA013,1988-10-05,30.0,
08JA013,1988-11-05,30.100000381469727,
08JA013,1988-12-05,30.600000381469727,
08JA013,1989-01-05,30.399999618530277,
08JA013,1989-02-05,30.100000381469727,
08JA013,1989-03-05,29.5,
08JA013,1989-04-05,29.100000381469727,
08JA013,1989-05-05,48.5,
08JA013,1989-06-05,48.400001525878906,
08JA013,1989-07-05,47.79999923706055,
08JA013,1989-08-05,453.0,
08JA013,1989-09-05,32.599998474121094,
08JA013,1989-10-05,32.599998474121094,
08JA013,1989-11-05,32.0,
08JA013,1989-12-05,35.099998474121094,
08JA013,1990-01-05,35.29999923706055,
08JA013,1990-02-05,35.099998474121094,
08JA013,1990-03-05,34.400001525878906,
08JA013,1990-04-05,59.29999923706055,
08JA013,1990-05-05,49.0,
08JA013,1990-06-05,49.09999847412109,
08JA013,1990-07-05,49.0,
08JA013,1990-08-05,212.0,
08JA013,1990-09-05,31.0,
08JA013,1990-10-05,33.79999923706055,
08JA013,1990-11-05,33.400001525878906,
08JA013,1990-12-05,32.79999923706055,
08JA013,1991-01-05,32.599998474121094,
08JA013,1991-02-05,32.0,
08JA013,1991-03-05,51.0,
08JA013,1991-04-05,84.9000015258789,
08JA013,1991-05-05,49.900001525878906,
08JA013,1991-06-05,49.400001525878906,
08JA013,1991-07-05,49.0,
08JA013,1991-08-05,170.0,
08JA013,1991-09-05,19.799999237060547,
08JA013,1991-10-05,32.79999923706055,
08JA013,1991-11-05,32.599998474121094,
08JA013,1991-12-05,32.400001525878906,
08JA013,1992-01-05,32.20000076293945,
08JA013,1992-02-05,31.700000762939453,
08JA013,1992-03-05,31.5,
08JA013,1992-04-05,31.5,
08JA013,1992-05-05,49.29999923706055,
08JA013,1992-06-05,49.400001525878906,
08JA013,1992-07-05,283.0,
08JA013,1992-08-05,14.199999809265137,
08JA013,1992-09-05,32.599998474121094,
08JA013,1992-10-05,33.0,
08JA013,1992-11-05,33.400001525878906,
08JA013,1992-12-05,33.099998474121094,
08JA013,1993-01-05,32.70000076293945,
08JA013,1993-02-05,33.29999923706055,
08JA013,1993-03-05,32.599998474121094,
08JA013,1993-04-05,33.0,
08JA013,1993-05-05,49.400001525878906,
08JA013,1993-06-05,49.400001525878906,
08JA013,1993-07-05,49.400001525878906,
08JA013,1993-08-05,248.0,
08JA013,1993-09-05,32.599998474121094,
08JA013,1993-10-05,32.5,
08JA013,1993-11-05,32.599998474121094,
08JA013,1993-12-05,33.599998474121094,
08JA013,1994-01-05,33.099998474121094,
08JA013,1994-02-05,32.70000076293945,
08JA013,1994-03-05,32.29999923706055,
08JA013,1994-04-05,31.899999618530277,
08JA013,1994-05-05,49.5,
08JA013,1994-06-05,50.09999847412109,
08JA013,1994-07-05,48.900001525878906,
08JA013,1994-08-05,453.0,
08JA013,1994-09-05,31.5,
08JA013,1994-10-05,31.299999237060547,
08JA013,1994-11-05,31.200000762939453,
08JA013,1994-12-05,40.59999847412109,
08JA013,1995-01-05,36.59999847412109,
08JA013,1995-02-05,35.79999923706055,
08JA013,1995-03-05,35.099998474121094,
08JA013,1995-04-05,40.900001525878906,
08JA013,1995-05-05,28.299999237060547,
08JA013,1995-06-05,50.09999847412109,
08JA013,1995-07-05,46.400001525878906,
08JA013,1995-08-05,170.0,
08JA013,1995-09-05,32.20000076293945,
08JA013,1995-10-05,32.70000076293945,
08JA013,1995-11-05,32.099998474121094,
08JA013,1995-12-05,34.70000076293945,
08JA013,1996-01-05,34.0,
08JA013,1996-02-05,33.900001525878906,
08JA013,1996-03-05,33.400001525878906,
08JA013,1996-04-05,32.79999923706055,
08JA013,1996-05-05,50.20000076293945,
08JA013,1996-06-05,53.5,
08JA013,1996-07-05,255.0,
08JA013,1996-08-05,170.0,
08JA013,1996-09-05,32.900001525878906,
08JA013,1996-10-05,112.0,
08JA013,1996-11-05,227.0,
08JA013,1996-12-05,60.59999847412109,
08JA013,1997-01-05,59.59999847412109,
08JA013,1997-02-05,58.59999847412109,
08JA013,1997-03-05,57.5,
08JA013,1997-04-05,56.59999847412109,
08JA013,1997-05-05,85.4000015258789,
08JA013,1997-06-05,238.0,
08JA013,1997-07-05,342.0,
08JA013,1997-08-05,333.0,
08JA013,1997-09-05,85.30000305175781,
08JA013,1997-10-05,85.69999694824219,
08JA013,1997-11-05,57.400001525878906,
08JA013,1997-12-05,56.5,
08JA013,1998-01-05,55.59999847412109,
08JA013,1998-02-05,54.400001525878906,
08JA013,1998-03-05,53.09999847412109,
08JA013,1998-04-05,52.09999847412109,
08JA013,1998-05-05,51.29999923706055,
08JA013,1998-06-05,52.900001525878906,
08JA013,1998-07-05,49.70000076293945,
08JA013,1998-08-05,283.0,
08JA013,1998-09-05,29.399999618530277,
08JA013,1998-10-05,29.899999618530277,
08JA013,1998-11-05,29.899999618530277,
08JA013,1998-12-05,30.399999618530277,
08JA013,1999-01-05,30.0,
08JA013,1999-02-05,29.5,
08JA013,1999-03-05,30.100000381469727,
08JA013,1999-04-05,29.399999618530277,
08JA013,1999-05-05,49.20000076293945,
08JA013,1999-06-05,48.900001525878906,
08JA013,1999-07-05,49.59999847412109,
08JA013,1999-08-05,139.0,
08JA013,1999-09-05,33.0,
08JA013,1999-10-05,33.400001525878906,
08JA013,1999-11-05,33.29999923706055,
08JA013,1999-12-05,32.79999923706055,
08JA013,2000-01-05,33.29999923706055,
08JA013,2000-02-05,32.400001525878906,
08JA013,2000-03-05,32.5,
08JA013,2000-04-05,32.599998474121094,
08JA013,2000-05-05,49.0,
08JA013,2000-06-05,49.29999923706055,
08JA013,2000-07-05,49.29999923706055,
08JA013,2000-08-05,453.0,
08JA013,2000-09-05,33.0,
08JA013,2000-10-05,32.70000076293945,
08JA013,2000-11-05,33.0,
08JA013,2000-12-05,32.0,
08JA013,2001-01-05,32.5,
08JA013,2001-02-05,32.099998474121094,
08JA013,2001-03-05,32.5,
08JA013,2001-04-05,32.79999923706055,
08JA013,2001-05-05,52.5,
08JA013,2001-06-05,53.70000076293945,
08JA013,2001-07-05,52.400001525878906,
08JA013,2001-08-05,170.0,
08JA013,2001-09-05,30.0,
08JA013,2001-10-05,30.0,
08JA013,2001-11-05,30.0,
08JA013,2001-12-05,30.0,
08JA013,2002-01-05,31.799999237060547,
08JA013,2002-02-05,31.399999618530277,
08JA013,2002-03-05,30.899999618530277,
08JA013,2002-04-05,30.299999237060547,
08JA013,2002-05-05,54.59999847412109,
08JA013,2002-06-05,55.59999847412109,
08JA013,2002-07-05,55.20000076293945,
08JA013,2002-08-05,283.0,
08JA013,2002-09-05,30.0,
08JA013,2002-10-05,30.0,
08JA013,2002-11-05,85.0,
08JA013,2002-12-05,85.0,
08JA013,2003-01-05,31.5,
08JA013,2003-02-05,31.200000762939453,
08JA013,2003-03-05,30.700000762939453,
08JA013,2003-04-05,30.100000381469727,
08JA013,2003-05-05,50.29999923706055,
08JA013,2003-06-05,50.0,
08JA013,2003-07-05,49.400001525878906,
08JA013,2003-08-05,169.0,
08JA013,2003-09-05,33.20000076293945,
08JA013,2003-10-05,32.900001525878906,
08JA013,2003-11-05,33.0,
08JA013,2003-12-05,32.599998474121094,
08JA013,2004-01-05,32.900001525878906,
08JA013,2004-02-05,32.29999923706055,
08JA013,2004-03-05,32.599998474121094,
08JA013,2004-04-05,33.0,
08JA013,2004-05-05,53.59999847412109,
08JA013,2004-06-05,53.70000076293945,
08JA013,2004-07-05,52.59999847412109,
08JA013,2004-08-05,170.0,
08JA013,2004-09-05,14.5,
08JA013,2004-10-05,29.5,
08JA013,2004-11-05,30.0,
08JA013,2004-12-05,30.899999618530277,
08JA013,2005-01-05,31.200000762939453,
08JA013,2005-02-05,31.299999237060547,
08JA013,2005-03-05,31.299999237060547,
08JA013,2005-04-05,44.70000076293945,
08JA013,2005-05-05,283.0,
08JA013,2005-06-05,49.29999923706055,
08JA013,2005-07-05,90.9000015258789,
08JA013,2005-08-05,271.0,
08JA013,2005-09-05,32.400001525878906,
08JA013,2005-10-05,32.20000076293945,
08JA013,2005-11-05,126.0,
08JA013,2005-12-05,86.30000305175781,
08JA013,2006-01-05,85.19999694824219,
08JA013,2006-02-05,54.900001525878906,
08JA013,2006-03-05,32.79999923706055,
08JA013,2006-04-05,32.099998474121094,
08JA013,2006-05-05,49.5,
08JA013,2006-06-05,49.5,
08JA013,2006-07-05,50.20000076293945,
08JA013,2006-08-05,172.0,
08JA013,2006-09-05,31.899999618530277,
08JA013,2006-10-05,32.29999923706055,
08JA013,2006-11-05,33.20000076293945,
08JA013,2006-12-05,33.20000076293945,
08JA013,2007-01-05,33.20000076293945,
08JA013,2007-02-05,32.900001525878906,
08JA013,2007-03-05,42.5,
08JA013,2007-04-05,125.0,
08JA013,2007-05-05,49.400001525878906,
08JA013,2007-06-05,235.0,
08JA013,2007-07-05,530.0,
08JA013,2007-08-05,218.0,
08JA013,2007-09-05,15.100000381469728,
08JA013,2007-10-05,64.19999694824219,
08JA013,2007-11-05,298.0,
08JA013,2007-12-05,84.0999984741211,
08JA013,2008-01-05,82.80000305175781,
08JA013,2008-02-05,80.69999694824219,
08JA013,2008-03-05,33.70000076293945,
08JA013,2008-04-05,32.900001525878906,
08JA013,2008-05-05,48.900001525878906,
08JA013,2008-06-05,50.5,
08JA013,2008-07-05,50.09999847412109,
08JA013,2008-08-05,169.0,
08JA013,2008-09-05,33.099998474121094,
08JA013,2008-10-05,32.79999923706055,
08JA013,2008-11-05,33.400001525878906,
08JA013,2008-12-05,33.400001525878906,
08JA013,2009-01-05,35.29999923706055,
08JA013,2009-02-05,34.70000076293945,
08JA013,2009-03-05,34.099998474121094,
08JA013,2009-04-05,33.29999923706055,
08JA013,2009-05-05,49.20000076293945,
08JA013,2009-06-05,51.59999847412109,
08JA013,2009-07-05,49.400001525878906,
08JA013,2009-08-05,204.0,
08JA013,2009-09-05,32.400001525878906,
08JA013,2009-10-05,34.099998474121094,
08JA013,2009-11-05,34.0,
08JA013,2009-12-05,33.900001525878906,
08JA013,2010-01-05,33.29999923706055,
08JA013,2010-02-05,32.900001525878906,
08JA013,2010-03-05,32.29999923706055,
08JA013,2010-04-05,31.5,
08JA013,2010-05-05,49.09999847412109,
08JA013,2010-06-05,51.59999847412109,
08JA013,2010-07-05,50.5,
08JA013,2010-08-05,329.0,
08JA013,2010-09-05,32.70000076293945,
08JA013,2010-10-05,33.20000076293945,
08JA013,2010-11-05,125.0,
08JA013,2010-12-05,74.4000015258789,
08JA013,2011-01-05,33.900001525878906,
08JA013,2011-02-05,33.5,
08JA013,2011-03-05,33.099998474121094,
08JA013,2011-04-05,32.5,
08JA013,2011-05-05,79.80000305175781,
08JA013,2011-06-05,282.0,
08JA013,2011-07-05,326.0,
08JA013,2011-08-05,325.0,
08JA013,2011-09-05,14.800000190734863,
08JA013,2011-10-05,506.0,
08JA013,2011-11-05,59.900001525878906,
08JA013,2011-12-05,59.70000076293945,
08JA013,2012-01-05,66.0999984741211,
08JA013,2012-02-05,79.4000015258789,
08JA013,2012-03-05,123.0,
08JA013,2012-04-05,119.0,
08JA013,2012-05-05,175.0,
08JA013,2012-06-05,230.0,
08JA013,2012-07-05,248.0,
08JA013,2012-08-05,293.0,
08JA013,2012-09-05,33.0,
08JA013,2012-10-05,63.79999923706055,
08JA013,2012-11-05,63.0,
08JA013,2012-12-05,38.900001525878906,
08JA013,2013-01-05,38.0,
08JA013,2013-02-05,31.200000762939453,
08JA013,2013-03-05,30.5,
08JA013,2013-04-05,30.299999237060547,
08JA013,2013-05-05,49.400001525878906,
08JA013,2013-06-05,49.400001525878906,
08JA013,2013-07-05,49.5,
08JA013,2013-08-05,280.0,
08JA013,2013-09-05,31.700000762939453,
08JA013,2013-10-05,31.299999237060547,
08JA013,2013-11-05,32.900001525878906,
08JA013,2013-12-05,34.20000076293945,
08JA013,2014-01-05,33.599998474121094,
08JA013,2014-02-05,33.099998474121094,
08JA013,2014-03-05,32.400001525878906,
08JA013,2014-04-05,34.599998474121094,
08JA013,2014-05-05,49.29999923706055,
08JA013,2014-06-05,49.70000076293945,
08JA013,2014-07-05,49.0,
08JA013,2014-08-05,14.600000381469728,
08JA013,2014-09-05,31.799999237060547,
08JA013,2014-10-05,31.5,
08JA013,2014-11-05,33.900001525878906,
08JA013,2014-12-05,34.29999923706055,
08JA013,2015-01-05,34.20000076293945,
08JA013,2015-02-05,30.399999618530277,
08JA013,2015-03-05,45.29999923706055,
08JA013,2015-04-05,115.0,
08JA013,2015-05-05,282.0,
08JA013,2015-06-05,463.0,
08JA013,2015-07-05,283.0,
08JA013,2015-08-05,24.700000762939453,
08JA013,2015-09-05,32.400001525878906,
08JA013,2015-10-05,32.099998474121094,
08JA013,2015-11-05,34.29999923706055,
08JA013,2015-12-05,30.5,
08JA013,2016-01-05,30.0,
08JA013,2016-02-05,29.399999618530277,
08JA013,2016-03-05,29.0,
08JA013,2016-04-05,29.700000762939453,
08JA013,2016-05-05,48.400001525878906,
08JA013,2016-06-05,48.79999923706055,
08JA013,2016-07-05,48.59999847412109,
08JA013,2016-08-05,454.0,
08JA013,2016-09-05,31.200000762939453,
08JA013,2016-10-05,32.099998474121094,
08JA013,2016-11-05,32.0,
08JA013,2016-12-05,31.600000381469727,
08JA013,2017-01-05,31.200000762939453,
08JA013,2017-02-05,30.799999237060547,
08JA013,2017-03-05,32.400001525878906,
08JA013,2017-04-05,32.0,
08JA013,2017-05-05,48.900001525878906,
08JA013,2017-06-05,204.0,
08JA013,2017-07-05,144.0,
08JA013,2017-08-05,283.0,
08JA013,2017-09-05,31.700000762939453,
08JA013,2017-10-05,32.5,
08JA013,2017-11-05,65.5999984741211,
08JA013,2017-12-05,79.5999984741211,
08JA013,2018-01-05,78.0,
08JA013,2018-02-05,35.900001525878906,
08JA013,2018-03-05,35.400001525878906,
08JA013,2018-04-05,64.0,
08JA013,2018-05-05,49.29999923706055,
08JA013,2018-06-05,100.0,
08JA013,2018-07-05,49.29999923706055,
08JA013,2018-08-05,282.0,
08JA013,2018-09-05,26.600000381469727,
08JA013,2018-10-05,28.200000762939453,
08JA013,2018-11-05,32.900001525878906,
08JA013,2018-12-05,32.5,
08JA013,2019-01-05,32.099998474121094,
08JA013,2019-02-05,31.5,
08JA013,2019-03-05,30.700000762939453,
08JA013,2019-04-05,31.899999618530277,
08JA013,2019-05-05,49.59999847412109,
08JA013,2019-06-05,48.5,
08JA013,2019-07-05,48.79999923706055,
08JA013,2019-08-05,298.0,
08JA013,2019-09-05,32.099998474121094,
08JA013,2019-10-05,31.700000762939453,
08JA013,2019-11-05,31.799999237060547,
08JA013,2019-12-05,32.099998474121094,
08JA013,2020-01-05,31.899999618530277,
08JA013,2020-02-05,31.700000762939453,
08JA013,2020-03-05,33.29999923706055,
08JA013,2020-04-05,34.29999923706055,
08JA013,2020-05-05,49.09999847412109,
08JA013,2020-06-05,49.29999923706055,
08JA013,2020-07-05,48.5,
08JA013,2020-08-05,171.0,
08JA013,2020-09-05,32.5,
08JA013,2020-10-05,32.29999923706055,
08JA013,2020-11-05,153.0,
08JA013,2020-12-05,70.5,
08JA013,2021-01-05,84.4000015258789,
08JA013,2021-02-05,83.9000015258789,
08JA013,2021-03-05,82.0,
08JA013,2021-04-05,134.0,
08JA013,2021-05-05,199.0,
08JA013,2021-06-05,275.0,
08JA013,2021-07-05,242.0,
08JA013,2021-08-05,281.0,
08JA013,2021-09-05,79.19999694824219,
08JA013,2021-10-05,91.6999969482422,
08JA013,2021-11-05,40.29999923706055,
08JA013,2021-12-05,40.29999923706055,
08JA013,2022-01-05,40.09999847412109,
08JA013,2022-02-05,39.70000076293945,
08JA013,2022-03-05,41.59999847412109,
08JA013,2022-04-05,41.5,
08JA013,2022-05-05,41.5,
08JA013,2022-06-05,280.0,
08JA013,2022-07-05,372.0,
08JA013,2022-08-05,297.0,
08JA013,2022-09-05,59.0,
08JA013,2022-10-05,60.5,
08JA013,2022-11-05,39.0,
08JA013,2022-12-05,33.79999923706055,
08JA013,2023-01-05,33.20000076293945,
08JA013,2023-02-05,32.599998474121094,
08JA013,2023-03-05,32.099998474121094,
08JA013,2023-04-05,33.599998474121094,
08JA013,2023-05-05,33.400001525878906,
08JA013,2023-06-05,49.900001525878906,
08JA013,2023-07-05,50.79999923706055,
08JA013,2023-08-05,169.0,
08JA013,2023-09-05,32.900001525878906,
08JA013,2023-10-05,33.0,
08JA013,2023-11-05,32.599998474121094,
08JA013,2023-12-05,32.20000076293945,
08JA013,2024-01-05,31.899999618530277,
08JA013,2024-02-05,33.29999923706055,
08JA013,2024-03-05,32.70000076293945,
08JA013,2024-04-05,32.099998474121094,
08JA013,2024-05-05,49.0,
08JA013,2024-06-05,50.79999923706055,
08JA013,2024-07-05,49.70000076293945,
08JA013,2024-08-05,280.0,
08JA013,2024-09-05,31.700000762939453,
08JA013,2024-10-05,32.29999923706055,
08JA013,2024-11-05,32.29999923706055,
08JA013,2024-12-05,32.0,
08JA013,2025-01-05,32.099998474121094,
08JA013,2025-02-05,31.799999237060547,
08JA013,2025-03-05,31.299999237060547,
08JA013,2025-04-05,30.799999237060547,
08JA013,2025-05-05,31.200000762939453,
08JA013,2025-06-05,32.20000076293945,
08JA013,2025-07-05,33.099998474121094,
08JA013,2025-08-05,244.0,
08JA013,2025-09-05,31.600000381469727,
08JA013,2025-10-05,31.399999618530277,
08JA013,2025-11-05,31.299999237060547,
08JA013,2025-12-05,31.600000381469727,
08JA013,1955-06-06,,
08JA013,1955-11-06,,
08JA013,1956-01-06,0.0,
08JA013,1956-02-06,2.8299999237060547,
08JA013,1956-03-06,5.659999847412109,
08JA013,1956-04-06,5.659999847412109,
08JA013,1956-05-06,5.659999847412109,
08JA013,1956-06-06,0.0,
08JA013,1956-07-06,0.0,
08JA013,1956-08-06,8.5,
08JA013,1956-09-06,22.700000762939453,
08JA013,1956-10-06,0.0,
08JA013,1956-11-06,0.0,
08JA013,1956-12-06,0.0,
08JA013,1957-01-06,68.0,
08JA013,1957-02-06,255.0,
08JA013,1957-03-06,255.0,
08JA013,1957-04-06,0.0,
08JA013,1957-05-06,238.0,
08JA013,1957-06-06,108.0,
08JA013,1957-07-06,0.0,
08JA013,1957-08-06,0.0,
08JA013,1957-09-06,137.0,
08JA013,1957-10-06,155.0,
08JA013,1957-11-06,154.0,
08JA013,1957-12-06,218.0,
08JA013,1958-01-06,246.0,
08JA013,1958-02-06,260.0,
08JA013,1958-03-06,286.0,
08JA013,1958-04-06,331.0,
08JA013,1958-05-06,385.0,
08JA013,1958-06-06,0.0,
08JA013,1958-07-06,306.0,
08JA013,1958-08-06,294.0,
08JA013,1958-09-06,283.0,
08JA013,1958-10-06,334.0,
08JA013,1958-11-06,323.0,
08JA013,1958-12-06,195.0,
08JA013,1959-01-06,124.0,
08JA013,1959-02-06,89.19999694824219,
08JA013,1959-03-06,63.400001525878906,
08JA013,1959-04-06,63.400001525878906,
08JA013,1959-05-06,64.5999984741211,
08JA013,1959-06-06,0.0,
08JA013,1959-07-06,158.0,
08JA013,1959-08-06,309.0,
08JA013,1959-09-06,371.0,
08JA013,1959-10-06,365.0,
08JA013,1959-11-06,428.0,
08JA013,1959-12-06,193.0,
08JA013,1960-01-06,37.70000076293945,
08JA013,1960-02-06,95.6999969482422,
08JA013,1960-03-06,59.5,
08JA013,1960-04-06,226.0,
08JA013,1960-05-06,368.0,
08JA013,1960-06-06,362.0,
08JA013,1960-07-06,0.0,
08JA013,1960-08-06,175.0,
08JA013,1960-09-06,264.0,
08JA013,1960-10-06,88.5999984741211,
08JA013,1960-11-06,189.0,
08JA013,1960-12-06,184.0,
08JA013,1961-01-06,59.70000076293945,
08JA013,1961-02-06,29.700000762939453,
08JA013,1961-03-06,42.5,
08JA013,1961-04-06,42.5,
08JA013,1961-05-06,160.0,
08JA013,1961-06-06,119.0,
08JA013,1961-07-06,362.0,
08JA013,1961-08-06,357.0,
08JA013,1961-09-06,481.0,
08JA013,1961-10-06,317.0,
08JA013,1961-11-06,30.600000381469727,
08JA013,1961-12-06,29.700000762939453,
08JA013,1962-01-06,30.0,
08JA013,1962-02-06,30.600000381469727,
08JA013,1962-03-06,30.600000381469727,
08JA013,1962-04-06,30.600000381469727,
08JA013,1962-05-06,182.0,
08JA013,1962-06-06,193.0,
08JA013,1962-07-06,328.0,
08JA013,1962-08-06,231.0,
08JA013,1962-09-06,227.0,
08JA013,1962-10-06,222.0,
08JA013,1962-11-06,221.0,
08JA013,1962-12-06,46.400001525878906,
08JA013,1963-01-06,46.70000076293945,
08JA013,1963-02-06,46.70000076293945,
08JA013,1963-03-06,46.400001525878906,
08JA013,1963-04-06,46.20000076293945,
08JA013,1963-05-06,337.0,
08JA013,1963-06-06,337.0,
08JA013,1963-07-06,197.0,
08JA013,1963-08-06,199.0,
08JA013,1963-09-06,194.0,
08JA013,1963-10-06,193.0,
08JA013,1963-11-06,191.0,
08JA013,1963-12-06,42.20000076293945,
08JA013,1964-01-06,42.79999923706055,
08JA013,1964-02-06,43.0,
08JA013,1964-03-06,42.5,
08JA013,1964-04-06,41.59999847412109,
08JA013,1964-05-06,422.0,
08JA013,1964-06-06,416.0,
08JA013,1964-07-06,425.0,
08JA013,1964-08-06,201.0,
08JA013,1964-09-06,200.0,
08JA013,1964-10-06,198.0,
08JA013,1964-11-06,195.0,
08JA013,1964-12-06,70.80000305175781,
08JA013,1965-01-06,69.9000015258789,
08JA013,1965-02-06,69.0999984741211,
08JA013,1965-03-06,68.0,
08JA013,1965-04-06,67.0999984741211,
08JA013,1965-05-06,191.0,
08JA013,1965-06-06,199.0,
08JA013,1965-07-06,203.0,
08JA013,1965-08-06,203.0,
08JA013,1965-09-06,198.0,
08JA013,1965-10-06,88.9000015258789,
08JA013,1965-11-06,45.900001525878906,
08JA013,1965-12-06,46.20000076293945,
08JA013,1966-01-06,46.20000076293945,
08JA013,1966-02-06,45.900001525878906,
08JA013,1966-03-06,45.29999923706055,
08JA013,1966-04-06,45.29999923706055,
08JA013,1966-05-06,221.0,
08JA013,1966-06-06,227.0,
08JA013,1966-07-06,120.0,
08JA013,1966-08-06,94.9000015258789,
08JA013,1966-09-06,314.0,
08JA013,1966-10-06,328.0,
08JA013,1966-11-06,88.30000305175781,
08JA013,1966-12-06,88.0999984741211,
08JA013,1967-01-06,87.19999694824219,
08JA013,1967-02-06,85.80000305175781,
08JA013,1967-03-06,84.4000015258789,
08JA013,1967-04-06,83.0,
08JA013,1967-05-06,326.0,
08JA013,1967-06-06,31.399999618530277,
08JA013,1967-07-06,260.0,
08JA013,1967-08-06,177.0,
08JA013,1967-09-06,123.0,
08JA013,1967-10-06,87.80000305175781,
08JA013,1967-11-06,94.9000015258789,
08JA013,1967-12-06,60.29999923706055,
08JA013,1968-01-06,60.29999923706055,
08JA013,1968-02-06,60.59999847412109,
08JA013,1968-03-06,60.29999923706055,
08JA013,1968-04-06,59.70000076293945,
08JA013,1968-05-06,223.0,
08JA013,1968-06-06,286.0,
08JA013,1968-07-06,348.0,
08JA013,1968-08-06,190.0,
08JA013,1968-09-06,216.0,
08JA013,1968-10-06,238.0,
08JA013,1968-11-06,236.0,
08JA013,1968-12-06,92.0,
08JA013,1969-01-06,90.3000030517578,
08JA013,1969-02-06,88.9000015258789,
08JA013,1969-03-06,86.9000015258789,
08JA013,1969-04-06,84.4000015258789,
08JA013,1969-05-06,83.5,
08JA013,1969-06-06,89.5,
08JA013,1969-07-06,129.0,
08JA013,1969-08-06,101.0,
08JA013,1969-09-06,157.0,
08JA013,1969-10-06,155.0,
08JA013,1969-11-06,75.9000015258789,
08JA013,1969-12-06,0.0,
08JA013,1970-01-06,75.30000305175781,
08JA013,1970-02-06,73.9000015258789,
08JA013,1970-03-06,72.19999694824219,
08JA013,1970-04-06,70.5,
08JA013,1970-05-06,44.20000076293945,
08JA013,1970-06-06,46.20000076293945,
08JA013,1970-07-06,47.900001525878906,
08JA013,1970-08-06,90.5999984741211,
08JA013,1970-09-06,118.0,
08JA013,1970-10-06,117.0,
08JA013,1970-11-06,72.19999694824219,
08JA013,1970-12-06,60.900001525878906,
08JA013,1971-01-06,59.70000076293945,
08JA013,1971-02-06,59.20000076293945,
08JA013,1971-03-06,58.0,
08JA013,1971-04-06,56.900001525878906,
08JA013,1971-05-06,54.900001525878906,
08JA013,1971-06-06,58.900001525878906,
08JA013,1971-07-06,63.09999847412109,
08JA013,1971-08-06,175.0,
08JA013,1971-09-06,173.0,
08JA013,1971-10-06,170.0,
08JA013,1971-11-06,76.19999694824219,
08JA013,1971-12-06,75.9000015258789,
08JA013,1972-01-06,74.80000305175781,
08JA013,1972-02-06,73.30000305175781,
08JA013,1972-03-06,71.9000015258789,
08JA013,1972-04-06,70.80000305175781,
08JA013,1972-05-06,360.0,
08JA013,1972-06-06,0.0,
08JA013,1972-07-06,167.0,
08JA013,1972-08-06,419.0,
08JA013,1972-09-06,116.0,
08JA013,1972-10-06,219.0,
08JA013,1972-11-06,74.19999694824219,
08JA013,1972-12-06,72.80000305175781,
08JA013,1973-01-06,71.5999984741211,
08JA013,1973-02-06,70.5,
08JA013,1973-03-06,69.0999984741211,
08JA013,1973-04-06,66.80000305175781,
08JA013,1973-05-06,66.30000305175781,
08JA013,1973-06-06,45.0,
08JA013,1973-07-06,174.0,
08JA013,1973-08-06,76.19999694824219,
08JA013,1973-09-06,33.400001525878906,
08JA013,1973-10-06,33.70000076293945,
08JA013,1973-11-06,50.09999847412109,
08JA013,1973-12-06,49.59999847412109,
08JA013,1974-01-06,48.70000076293945,
08JA013,1974-02-06,48.09999847412109,
08JA013,1974-03-06,47.29999923706055,
08JA013,1974-04-06,260.0,
08JA013,1974-05-06,247.0,
08JA013,1974-06-06,0.0,
08JA013,1974-07-06,0.0,
08JA013,1974-08-06,228.0,
08JA013,1974-09-06,25.600000381469727,
08JA013,1974-10-06,200.0,
08JA013,1974-11-06,172.0,
08JA013,1974-12-06,73.30000305175781,
08JA013,1975-01-06,75.9000015258789,
08JA013,1975-02-06,75.0,
08JA013,1975-03-06,73.5999984741211,
08JA013,1975-04-06,72.19999694824219,
08JA013,1975-05-06,71.4000015258789,
08JA013,1975-06-06,90.9000015258789,
08JA013,1975-07-06,96.5999984741211,
08JA013,1975-08-06,98.5,
08JA013,1975-09-06,0.0,
08JA013,1975-10-06,0.0,
08JA013,1975-11-06,226.0,
08JA013,1975-12-06,87.19999694824219,
08JA013,1976-01-06,85.80000305175781,
08JA013,1976-02-06,85.0,
08JA013,1976-03-06,83.5,
08JA013,1976-04-06,275.0,
08JA013,1976-05-06,289.0,
08JA013,1976-06-06,82.69999694824219,
08JA013,1976-07-06,382.0,
08JA013,1976-08-06,439.0,
08JA013,1976-09-06,283.0,
08JA013,1976-10-06,289.0,
08JA013,1976-11-06,281.0,
08JA013,1976-12-06,177.0,
08JA013,1977-01-06,174.0,
08JA013,1977-02-06,170.0,
08JA013,1977-03-06,165.0,
08JA013,1977-04-06,328.0,
08JA013,1977-05-06,0.0,
08JA013,1977-06-06,168.0,
08JA013,1977-07-06,225.0,
08JA013,1977-08-06,182.0,
08JA013,1977-09-06,53.20000076293945,
08JA013,1977-10-06,64.0,
08JA013,1977-11-06,52.09999847412109,
08JA013,1977-12-06,51.29999923706055,
08JA013,1978-01-06,51.0,
08JA013,1978-02-06,49.79999923706055,
08JA013,1978-03-06,53.5,
08JA013,1978-04-06,51.79999923706055,
08JA013,1978-05-06,51.29999923706055,
08JA013,1978-06-06,37.900001525878906,
08JA013,1978-07-06,39.59999847412109,
08JA013,1978-08-06,34.0,
08JA013,1978-09-06,34.29999923706055,
08JA013,1978-10-06,33.70000076293945,
08JA013,1978-11-06,36.5,
08JA013,1978-12-06,35.099998474121094,
08JA013,1979-01-06,32.900001525878906,
08JA013,1979-02-06,32.29999923706055,
08JA013,1979-03-06,31.200000762939453,
08JA013,1979-04-06,30.200000762939453,
08JA013,1979-05-06,30.600000381469727,
08JA013,1979-06-06,33.099998474121094,
08JA013,1979-07-06,70.19999694824219,
08JA013,1979-08-06,116.0,
08JA013,1979-09-06,33.70000076293945,
08JA013,1979-10-06,33.400001525878906,
08JA013,1979-11-06,21.0,
08JA013,1979-12-06,12.699999809265137,
08JA013,1980-01-06,12.899999618530272,
08JA013,1980-02-06,15.600000381469728,
08JA013,1980-03-06,15.0,
08JA013,1980-04-06,15.0,
08JA013,1980-05-06,15.0,
08JA013,1980-06-06,11.800000190734863,
08JA013,1980-07-06,22.600000381469727,
08JA013,1980-08-06,227.0,
08JA013,1980-09-06,25.5,
08JA013,1980-10-06,32.400001525878906,
08JA013,1980-11-06,32.400001525878906,
08JA013,1980-12-06,32.400001525878906,
08JA013,1981-01-06,33.099998474121094,
08JA013,1981-02-06,32.900001525878906,
08JA013,1981-03-06,32.70000076293945,
08JA013,1981-04-06,57.29999923706055,
08JA013,1981-05-06,56.79999923706055,
08JA013,1981-06-06,60.20000076293945,
08JA013,1981-07-06,62.59999847412109,
08JA013,1981-08-06,411.0,
08JA013,1981-09-06,31.100000381469727,
08JA013,1981-10-06,25.5,
08JA013,1981-11-06,32.5,
08JA013,1981-12-06,32.5,
08JA013,1982-01-06,32.20000076293945,
08JA013,1982-02-06,31.899999618530277,
08JA013,1982-03-06,31.399999618530277,
08JA013,1982-04-06,56.09999847412109,
08JA013,1982-05-06,54.900001525878906,
08JA013,1982-06-06,42.20000076293945,
08JA013,1982-07-06,60.20000076293945,
08JA013,1982-08-06,227.0,
08JA013,1982-09-06,31.100000381469727,
08JA013,1982-10-06,31.100000381469727,
08JA013,1982-11-06,31.100000381469727,
08JA013,1982-12-06,31.100000381469727,
08JA013,1983-01-06,31.100000381469727,
08JA013,1983-02-06,31.100000381469727,
08JA013,1983-03-06,31.100000381469727,
08JA013,1983-04-06,49.59999847412109,
08JA013,1983-05-06,49.59999847412109,
08JA013,1983-06-06,52.400001525878906,
08JA013,1983-07-06,57.79999923706055,
08JA013,1983-08-06,75.0,
08JA013,1983-09-06,31.100000381469727,
08JA013,1983-10-06,31.0,
08JA013,1983-11-06,31.200000762939453,
08JA013,1983-12-06,31.100000381469727,
08JA013,1984-01-06,30.700000762939453,
08JA013,1984-02-06,30.5,
08JA013,1984-03-06,30.299999237060547,
08JA013,1984-04-06,53.79999923706055,
08JA013,1984-05-06,53.70000076293945,
08JA013,1984-06-06,52.70000076293945,
08JA013,1984-07-06,55.29999923706055,
08JA013,1984-08-06,14.199999809265137,
08JA013,1984-09-06,30.899999618530277,
08JA013,1984-10-06,31.299999237060547,
08JA013,1984-11-06,31.299999237060547,
08JA013,1984-12-06,31.100000381469727,
08JA013,1985-01-06,31.0,
08JA013,1985-02-06,30.399999618530277,
08JA013,1985-03-06,30.399999618530277,
08JA013,1985-04-06,81.80000305175781,
08JA013,1985-05-06,53.5,
08JA013,1985-06-06,57.29999923706055,
08JA013,1985-07-06,281.0,
08JA013,1985-08-06,277.0,
08JA013,1985-09-06,63.79999923706055,
08JA013,1985-10-06,60.900001525878906,
08JA013,1985-11-06,33.599998474121094,
08JA013,1985-12-06,32.599998474121094,
08JA013,1986-01-06,34.0,
08JA013,1986-02-06,33.099998474121094,
08JA013,1986-03-06,32.599998474121094,
08JA013,1986-04-06,56.59999847412109,
08JA013,1986-05-06,56.79999923706055,
08JA013,1986-06-06,56.900001525878906,
08JA013,1986-07-06,53.5,
08JA013,1986-08-06,14.199999809265137,
08JA013,1986-09-06,28.299999237060547,
08JA013,1986-10-06,28.299999237060547,
08JA013,1986-11-06,33.79999923706055,
08JA013,1986-12-06,36.5,
08JA013,1987-01-06,36.09999847412109,
08JA013,1987-02-06,35.5,
08JA013,1987-03-06,34.29999923706055,
08JA013,1987-04-06,35.099998474121094,
08JA013,1987-05-06,58.5,
08JA013,1987-06-06,56.5,
08JA013,1987-07-06,57.5,
08JA013,1987-08-06,218.0,
08JA013,1987-09-06,56.59999847412109,
08JA013,1987-10-06,56.59999847412109,
08JA013,1987-11-06,31.100000381469727,
08JA013,1987-12-06,34.0,
08JA013,1988-01-06,34.5,
08JA013,1988-02-06,33.599998474121094,
08JA013,1988-03-06,32.599998474121094,
08JA013,1988-04-06,54.70000076293945,
08JA013,1988-05-06,44.0,
08JA013,1988-06-06,14.800000190734863,
08JA013,1988-07-06,48.5,
08JA013,1988-08-06,168.0,
08JA013,1988-09-06,29.899999618530277,
08JA013,1988-10-06,30.0,
08JA013,1988-11-06,30.100000381469727,
08JA013,1988-12-06,30.600000381469727,
08JA013,1989-01-06,30.399999618530277,
08JA013,1989-02-06,30.100000381469727,
08JA013,1989-03-06,29.5,
08JA013,1989-04-06,29.100000381469727,
08JA013,1989-05-06,47.70000076293945,
08JA013,1989-06-06,45.20000076293945,
08JA013,1989-07-06,47.79999923706055,
08JA013,1989-08-06,396.0,
08JA013,1989-09-06,32.599998474121094,
08JA013,1989-10-06,32.599998474121094,
08JA013,1989-11-06,32.0,
08JA013,1989-12-06,35.099998474121094,
08JA013,1990-01-06,35.29999923706055,
08JA013,1990-02-06,35.099998474121094,
08JA013,1990-03-06,34.400001525878906,
08JA013,1990-04-06,85.0,
08JA013,1990-05-06,49.0,
08JA013,1990-06-06,48.79999923706055,
08JA013,1990-07-06,49.09999847412109,
08JA013,1990-08-06,453.0,
08JA013,1990-09-06,31.0,
08JA013,1990-10-06,33.70000076293945,
08JA013,1990-11-06,33.400001525878906,
08JA013,1990-12-06,32.79999923706055,
08JA013,1991-01-06,32.599998474121094,
08JA013,1991-02-06,32.0,
08JA013,1991-03-06,51.0,
08JA013,1991-04-06,84.9000015258789,
08JA013,1991-05-06,50.0,
08JA013,1991-06-06,49.5,
08JA013,1991-07-06,49.0,
08JA013,1991-08-06,170.0,
08JA013,1991-09-06,31.0,
08JA013,1991-10-06,32.79999923706055,
08JA013,1991-11-06,32.599998474121094,
08JA013,1991-12-06,32.400001525878906,
08JA013,1992-01-06,32.20000076293945,
08JA013,1992-02-06,31.700000762939453,
08JA013,1992-03-06,31.5,
08JA013,1992-04-06,31.5,
08JA013,1992-05-06,49.400001525878906,
08JA013,1992-06-06,49.5,
08JA013,1992-07-06,283.0,
08JA013,1992-08-06,14.199999809265137,
08JA013,1992-09-06,32.599998474121094,
08JA013,1992-10-06,33.0,
08JA013,1992-11-06,33.400001525878906,
08JA013,1992-12-06,33.099998474121094,
08JA013,1993-01-06,32.70000076293945,
08JA013,1993-02-06,33.20000076293945,
08JA013,1993-03-06,32.599998474121094,
08JA013,1993-04-06,33.0,
08JA013,1993-05-06,49.400001525878906,
08JA013,1993-06-06,49.59999847412109,
08JA013,1993-07-06,49.400001525878906,
08JA013,1993-08-06,14.199999809265137,
08JA013,1993-09-06,32.5,
08JA013,1993-10-06,32.79999923706055,
08JA013,1993-11-06,32.70000076293945,
08JA013,1993-12-06,33.599998474121094,
08JA013,1994-01-06,33.099998474121094,
08JA013,1994-02-06,32.599998474121094,
08JA013,1994-03-06,32.29999923706055,
08JA013,1994-04-06,31.899999618530277,
08JA013,1994-05-06,49.59999847412109,
08JA013,1994-06-06,49.400001525878906,
08JA013,1994-07-06,49.0,
08JA013,1994-08-06,270.0,
08JA013,1994-09-06,31.5,
08JA013,1994-10-06,31.299999237060547,
08JA013,1994-11-06,31.200000762939453,
08JA013,1994-12-06,40.59999847412109,
08JA013,1995-01-06,36.59999847412109,
08JA013,1995-02-06,35.79999923706055,
08JA013,1995-03-06,35.099998474121094,
08JA013,1995-04-06,40.900001525878906,
08JA013,1995-05-06,42.59999847412109,
08JA013,1995-06-06,50.20000076293945,
08JA013,1995-07-06,57.79999923706055,
08JA013,1995-08-06,170.0,
08JA013,1995-09-06,32.20000076293945,
08JA013,1995-10-06,32.70000076293945,
08JA013,1995-11-06,32.099998474121094,
08JA013,1995-12-06,34.70000076293945,
08JA013,1996-01-06,34.0,
08JA013,1996-02-06,33.900001525878906,
08JA013,1996-03-06,33.400001525878906,
08JA013,1996-04-06,32.79999923706055,
08JA013,1996-05-06,50.20000076293945,
08JA013,1996-06-06,53.70000076293945,
08JA013,1996-07-06,255.0,
08JA013,1996-08-06,170.0,
08JA013,1996-09-06,32.900001525878906,
08JA013,1996-10-06,112.0,
08JA013,1996-11-06,226.0,
08JA013,1996-12-06,60.59999847412109,
08JA013,1997-01-06,59.59999847412109,
08JA013,1997-02-06,58.5,
08JA013,1997-03-06,57.5,
08JA013,1997-04-06,56.59999847412109,
08JA013,1997-05-06,85.5999984741211,
08JA013,1997-06-06,255.0,
08JA013,1997-07-06,342.0,
08JA013,1997-08-06,333.0,
08JA013,1997-09-06,85.30000305175781,
08JA013,1997-10-06,85.69999694824219,
08JA013,1997-11-06,57.400001525878906,
08JA013,1997-12-06,56.5,
08JA013,1998-01-06,55.59999847412109,
08JA013,1998-02-06,54.29999923706055,
08JA013,1998-03-06,53.0,
08JA013,1998-04-06,51.5,
08JA013,1998-05-06,51.5,
08JA013,1998-06-06,53.0,
08JA013,1998-07-06,97.9000015258789,
08JA013,1998-08-06,195.0,
08JA013,1998-09-06,29.399999618530277,
08JA013,1998-10-06,30.0,
08JA013,1998-11-06,29.899999618530277,
08JA013,1998-12-06,30.299999237060547,
08JA013,1999-01-06,30.0,
08JA013,1999-02-06,29.5,
08JA013,1999-03-06,30.100000381469727,
08JA013,1999-04-06,29.399999618530277,
08JA013,1999-05-06,49.29999923706055,
08JA013,1999-06-06,49.09999847412109,
08JA013,1999-07-06,49.59999847412109,
08JA013,1999-08-06,453.0,
08JA013,1999-09-06,33.0,
08JA013,1999-10-06,33.70000076293945,
08JA013,1999-11-06,33.29999923706055,
08JA013,1999-12-06,32.900001525878906,
08JA013,2000-01-06,33.20000076293945,
08JA013,2000-02-06,32.400001525878906,
08JA013,2000-03-06,32.5,
08JA013,2000-04-06,32.5,
08JA013,2000-05-06,49.0,
08JA013,2000-06-06,49.20000076293945,
08JA013,2000-07-06,49.400001525878906,
08JA013,2000-08-06,453.0,
08JA013,2000-09-06,32.900001525878906,
08JA013,2000-10-06,32.70000076293945,
08JA013,2000-11-06,32.5,
08JA013,2000-12-06,32.0,
08JA013,2001-01-06,32.5,
08JA013,2001-02-06,32.099998474121094,
08JA013,2001-03-06,32.5,
08JA013,2001-04-06,32.79999923706055,
08JA013,2001-05-06,52.5,
08JA013,2001-06-06,53.79999923706055,
08JA013,2001-07-06,52.5,
08JA013,2001-08-06,170.0,
08JA013,2001-09-06,30.0,
08JA013,2001-10-06,30.0,
08JA013,2001-11-06,30.0,
08JA013,2001-12-06,30.0,
08JA013,2002-01-06,31.700000762939453,
08JA013,2002-02-06,31.299999237060547,
08JA013,2002-03-06,30.899999618530277,
08JA013,2002-04-06,30.299999237060547,
08JA013,2002-05-06,54.59999847412109,
08JA013,2002-06-06,55.79999923706055,
08JA013,2002-07-06,55.29999923706055,
08JA013,2002-08-06,264.0,
08JA013,2002-09-06,30.0,
08JA013,2002-10-06,30.0,
08JA013,2002-11-06,85.0,
08JA013,2002-12-06,85.0,
08JA013,2003-01-06,31.5,
08JA013,2003-02-06,31.200000762939453,
08JA013,2003-03-06,30.600000381469727,
08JA013,2003-04-06,30.0,
08JA013,2003-05-06,50.29999923706055,
08JA013,2003-06-06,49.70000076293945,
08JA013,2003-07-06,49.5,
08JA013,2003-08-06,169.0,
08JA013,2003-09-06,33.20000076293945,
08JA013,2003-10-06,32.900001525878906,
08JA013,2003-11-06,33.0,
08JA013,2003-12-06,32.599998474121094,
08JA013,2004-01-06,32.900001525878906,
08JA013,2004-02-06,32.29999923706055,
08JA013,2004-03-06,32.599998474121094,
08JA013,2004-04-06,33.0,
08JA013,2004-05-06,53.20000076293945,
08JA013,2004-06-06,53.79999923706055,
08JA013,2004-07-06,53.20000076293945,
08JA013,2004-08-06,170.0,
08JA013,2004-09-06,14.5,
08JA013,2004-10-06,29.5,
08JA013,2004-11-06,30.100000381469727,
08JA013,2004-12-06,30.899999618530277,
08JA013,2005-01-06,31.200000762939453,
08JA013,2005-02-06,31.399999618530277,
08JA013,2005-03-06,31.299999237060547,
08JA013,2005-04-06,44.70000076293945,
08JA013,2005-05-06,283.0,
08JA013,2005-06-06,49.400001525878906,
08JA013,2005-07-06,110.0,
08JA013,2005-08-06,297.0,
08JA013,2005-09-06,32.400001525878906,
08JA013,2005-10-06,32.20000076293945,
08JA013,2005-11-06,126.0,
08JA013,2005-12-06,86.19999694824219,
08JA013,2006-01-06,85.19999694824219,
08JA013,2006-02-06,54.900001525878906,
08JA013,2006-03-06,32.79999923706055,
08JA013,2006-04-06,32.099998474121094,
08JA013,2006-05-06,49.5,
08JA013,2006-06-06,49.59999847412109,
08JA013,2006-07-06,50.20000076293945,
08JA013,2006-08-06,172.0,
08JA013,2006-09-06,31.899999618530277,
08JA013,2006-10-06,32.29999923706055,
08JA013,2006-11-06,33.20000076293945,
08JA013,2006-12-06,33.20000076293945,
08JA013,2007-01-06,33.20000076293945,
08JA013,2007-02-06,32.900001525878906,
08JA013,2007-03-06,42.5,
08JA013,2007-04-06,125.0,
08JA013,2007-05-06,49.5,
08JA013,2007-06-06,302.0,
08JA013,2007-07-06,555.0,
08JA013,2007-08-06,180.0,
08JA013,2007-09-06,25.799999237060547,
08JA013,2007-10-06,64.19999694824219,
08JA013,2007-11-06,292.0,
08JA013,2007-12-06,84.0999984741211,
08JA013,2008-01-06,82.80000305175781,
08JA013,2008-02-06,80.69999694824219,
08JA013,2008-03-06,33.70000076293945,
08JA013,2008-04-06,32.900001525878906,
08JA013,2008-05-06,48.900001525878906,
08JA013,2008-06-06,50.59999847412109,
08JA013,2008-07-06,50.09999847412109,
08JA013,2008-08-06,168.0,
08JA013,2008-09-06,33.099998474121094,
08JA013,2008-10-06,32.70000076293945,
08JA013,2008-11-06,33.400001525878906,
08JA013,2008-12-06,33.5,
08JA013,2009-01-06,35.20000076293945,
08JA013,2009-02-06,34.70000076293945,
08JA013,2009-03-06,34.0,
08JA013,2009-04-06,33.29999923706055,
08JA013,2009-05-06,49.29999923706055,
08JA013,2009-06-06,51.79999923706055,
08JA013,2009-07-06,49.400001525878906,
08JA013,2009-08-06,14.600000381469728,
08JA013,2009-09-06,32.400001525878906,
08JA013,2009-10-06,34.099998474121094,
08JA013,2009-11-06,34.0,
08JA013,2009-12-06,33.900001525878906,
08JA013,2010-01-06,33.29999923706055,
08JA013,2010-02-06,32.79999923706055,
08JA013,2010-03-06,32.20000076293945,
08JA013,2010-04-06,31.5,
08JA013,2010-05-06,49.09999847412109,
08JA013,2010-06-06,51.70000076293945,
08JA013,2010-07-06,50.5,
08JA013,2010-08-06,58.900001525878906,
08JA013,2010-09-06,32.70000076293945,
08JA013,2010-10-06,33.20000076293945,
08JA013,2010-11-06,125.0,
08JA013,2010-12-06,74.30000305175781,
08JA013,2011-01-06,33.900001525878906,
08JA013,2011-02-06,33.5,
08JA013,2011-03-06,33.099998474121094,
08JA013,2011-04-06,32.400001525878906,
08JA013,2011-05-06,79.9000015258789,
08JA013,2011-06-06,264.0,
08JA013,2011-07-06,237.0,
08JA013,2011-08-06,324.0,
08JA013,2011-09-06,14.800000190734863,
08JA013,2011-10-06,505.0,
08JA013,2011-11-06,59.900001525878906,
08JA013,2011-12-06,59.70000076293945,
08JA013,2012-01-06,80.19999694824219,
08JA013,2012-02-06,79.30000305175781,
08JA013,2012-03-06,123.0,
08JA013,2012-04-06,118.0,
08JA013,2012-05-06,175.0,
08JA013,2012-06-06,231.0,
08JA013,2012-07-06,248.0,
08JA013,2012-08-06,293.0,
08JA013,2012-09-06,33.0,
08JA013,2012-10-06,63.70000076293945,
08JA013,2012-11-06,62.900001525878906,
08JA013,2012-12-06,38.900001525878906,
08JA013,2013-01-06,38.0,
08JA013,2013-02-06,31.100000381469727,
08JA013,2013-03-06,30.5,
08JA013,2013-04-06,31.600000381469727,
08JA013,2013-05-06,49.5,
08JA013,2013-06-06,49.5,
08JA013,2013-07-06,49.59999847412109,
08JA013,2013-08-06,280.0,
08JA013,2013-09-06,31.700000762939453,
08JA013,2013-10-06,31.299999237060547,
08JA013,2013-11-06,32.900001525878906,
08JA013,2013-12-06,34.099998474121094,
08JA013,2014-01-06,33.599998474121094,
08JA013,2014-02-06,33.0,
08JA013,2014-03-06,32.400001525878906,
08JA013,2014-04-06,34.599998474121094,
08JA013,2014-05-06,49.400001525878906,
08JA013,2014-06-06,49.20000076293945,
08JA013,2014-07-06,49.0,
08JA013,2014-08-06,14.600000381469728,
08JA013,2014-09-06,31.700000762939453,
08JA013,2014-10-06,32.5,
08JA013,2014-11-06,34.0,
08JA013,2014-12-06,34.29999923706055,
08JA013,2015-01-06,34.20000076293945,
08JA013,2015-02-06,30.399999618530277,
08JA013,2015-03-06,45.29999923706055,
08JA013,2015-04-06,115.0,
08JA013,2015-05-06,253.0,
08JA013,2015-06-06,449.0,
08JA013,2015-07-06,246.0,
08JA013,2015-08-06,24.700000762939453,
08JA013,2015-09-06,32.400001525878906,
08JA013,2015-10-06,32.099998474121094,
08JA013,2015-11-06,32.400001525878906,
08JA013,2015-12-06,30.5,
08JA013,2016-01-06,30.0,
08JA013,2016-02-06,29.399999618530277,
08JA013,2016-03-06,29.0,
08JA013,2016-04-06,29.700000762939453,
08JA013,2016-05-06,48.5,
08JA013,2016-06-06,48.79999923706055,
08JA013,2016-07-06,48.70000076293945,
08JA013,2016-08-06,453.0,
08JA013,2016-09-06,31.200000762939453,
08JA013,2016-10-06,32.099998474121094,
08JA013,2016-11-06,32.0,
08JA013,2016-12-06,31.600000381469727,
08JA013,2017-01-06,31.200000762939453,
08JA013,2017-02-06,30.799999237060547,
08JA013,2017-03-06,32.400001525878906,
08JA013,2017-04-06,31.899999618530277,
08JA013,2017-05-06,49.0,
08JA013,2017-06-06,204.0,
08JA013,2017-07-06,144.0,
08JA013,2017-08-06,283.0,
08JA013,2017-09-06,31.700000762939453,
08JA013,2017-10-06,32.599998474121094,
08JA013,2017-11-06,65.5999984741211,
08JA013,2017-12-06,79.5999984741211,
08JA013,2018-01-06,77.9000015258789,
08JA013,2018-02-06,35.900001525878906,
08JA013,2018-03-06,35.29999923706055,
08JA013,2018-04-06,64.0,
08JA013,2018-05-06,49.5,
08JA013,2018-06-06,100.0,
08JA013,2018-07-06,49.29999923706055,
08JA013,2018-08-06,282.0,
08JA013,2018-09-06,26.600000381469727,
08JA013,2018-10-06,28.200000762939453,
08JA013,2018-11-06,32.900001525878906,
08JA013,2018-12-06,32.5,
08JA013,2019-01-06,32.099998474121094,
08JA013,2019-02-06,31.399999618530277,
08JA013,2019-03-06,30.700000762939453,
08JA013,2019-04-06,31.899999618530277,
08JA013,2019-05-06,49.59999847412109,
08JA013,2019-06-06,48.59999847412109,
08JA013,2019-07-06,48.79999923706055,
08JA013,2019-08-06,170.0,
08JA013,2019-09-06,32.0,
08JA013,2019-10-06,31.700000762939453,
08JA013,2019-11-06,31.700000762939453,
08JA013,2019-12-06,32.0,
08JA013,2020-01-06,31.899999618530277,
08JA013,2020-02-06,31.700000762939453,
08JA013,2020-03-06,33.29999923706055,
08JA013,2020-04-06,34.29999923706055,
08JA013,2020-05-06,49.20000076293945,
08JA013,2020-06-06,49.400001525878906,
08JA013,2020-07-06,48.5,
08JA013,2020-08-06,171.0,
08JA013,2020-09-06,32.5,
08JA013,2020-10-06,32.29999923706055,
08JA013,2020-11-06,186.0,
08JA013,2020-12-06,70.5999984741211,
08JA013,2021-01-06,84.5,
08JA013,2021-02-06,83.80000305175781,
08JA013,2021-03-06,82.0,
08JA013,2021-04-06,200.0,
08JA013,2021-05-06,200.0,
08JA013,2021-06-06,276.0,
08JA013,2021-07-06,199.0,
08JA013,2021-08-06,280.0,
08JA013,2021-09-06,79.0999984741211,
08JA013,2021-10-06,141.0,
08JA013,2021-11-06,40.29999923706055,
08JA013,2021-12-06,40.29999923706055,
08JA013,2022-01-06,40.0,
08JA013,2022-02-06,39.70000076293945,
08JA013,2022-03-06,41.59999847412109,
08JA013,2022-04-06,41.400001525878906,
08JA013,2022-05-06,41.59999847412109,
08JA013,2022-06-06,281.0,
08JA013,2022-07-06,373.0,
08JA013,2022-08-06,297.0,
08JA013,2022-09-06,58.900001525878906,
08JA013,2022-10-06,60.400001525878906,
08JA013,2022-11-06,38.900001525878906,
08JA013,2022-12-06,33.79999923706055,
08JA013,2023-01-06,33.20000076293945,
08JA013,2023-02-06,32.599998474121094,
08JA013,2023-03-06,32.099998474121094,
08JA013,2023-04-06,33.5,
08JA013,2023-05-06,33.5,
08JA013,2023-06-06,49.900001525878906,
08JA013,2023-07-06,50.79999923706055,
08JA013,2023-08-06,169.0,
08JA013,2023-09-06,32.900001525878906,
08JA013,2023-10-06,33.0,
08JA013,2023-11-06,32.599998474121094,
08JA013,2023-12-06,32.20000076293945,
08JA013,2024-01-06,31.899999618530277,
08JA013,2024-02-06,33.29999923706055,
08JA013,2024-03-06,32.70000076293945,
08JA013,2024-04-06,32.099998474121094,
08JA013,2024-05-06,49.09999847412109,
08JA013,2024-06-06,50.900001525878906,
08JA013,2024-07-06,49.70000076293945,
08JA013,2024-08-06,279.0,
08JA013,2024-09-06,31.700000762939453,
08JA013,2024-10-06,32.29999923706055,
08JA013,2024-11-06,32.29999923706055,
08JA013,2024-12-06,32.099998474121094,
08JA013,2025-01-06,32.099998474121094,
08JA013,2025-02-06,31.700000762939453,
08JA013,2025-03-06,31.299999237060547,
08JA013,2025-04-06,30.799999237060547,
08JA013,2025-05-06,31.200000762939453,
08JA013,2025-06-06,32.29999923706055,
08JA013,2025-07-06,33.099998474121094,
08JA013,2025-08-06,134.0,
08JA013,2025-09-06,31.600000381469727,
08JA013,2025-10-06,31.399999618530277,
08JA013,2025-11-06,31.299999237060547,
08JA013,2025-12-06,31.600000381469727,
08JA013,1955-06-07,,
08JA013,1955-11-07,,
08JA013,1956-01-07,0.0,
08JA013,1956-02-07,2.8299999237060547,
08JA013,1956-03-07,5.659999847412109,
08JA013,1956-04-07,5.659999847412109,
08JA013,1956-05-07,5.659999847412109,
08JA013,1956-06-07,0.0,
08JA013,1956-07-07,0.0,
08JA013,1956-08-07,2.8299999237060547,
08JA013,1956-09-07,0.0,
08JA013,1956-10-07,0.0,
08JA013,1956-11-07,0.0,
08JA013,1956-12-07,0.0,
08JA013,1957-01-07,99.0999984741211,
08JA013,1957-02-07,255.0,
08JA013,1957-03-07,255.0,
08JA013,1957-04-07,0.0,
08JA013,1957-05-07,258.0,
08JA013,1957-06-07,118.0,
08JA013,1957-07-07,0.0,
08JA013,1957-08-07,0.0,
08JA013,1957-09-07,137.0,
08JA013,1957-10-07,155.0,
08JA013,1957-11-07,154.0,
08JA013,1957-12-07,241.0,
08JA013,1958-01-07,246.0,
08JA013,1958-02-07,118.0,
08JA013,1958-03-07,286.0,
08JA013,1958-04-07,331.0,
08JA013,1958-05-07,385.0,
08JA013,1958-06-07,0.0,
08JA013,1958-07-07,238.0,
08JA013,1958-08-07,294.0,
08JA013,1958-09-07,283.0,
08JA013,1958-10-07,334.0,
08JA013,1958-11-07,323.0,
08JA013,1958-12-07,126.0,
08JA013,1959-01-07,124.0,
08JA013,1959-02-07,65.0999984741211,
08JA013,1959-03-07,63.400001525878906,
08JA013,1959-04-07,63.400001525878906,
08JA013,1959-05-07,64.5999984741211,
08JA013,1959-06-07,0.0,
08JA013,1959-07-07,158.0,
08JA013,1959-08-07,309.0,
08JA013,1959-09-07,371.0,
08JA013,1959-10-07,365.0,
08JA013,1959-11-07,428.0,
08JA013,1959-12-07,238.0,
08JA013,1960-01-07,37.70000076293945,
08JA013,1960-02-07,95.6999969482422,
08JA013,1960-03-07,80.0999984741211,
08JA013,1960-04-07,226.0,
08JA013,1960-05-07,368.0,
08JA013,1960-06-07,362.0,
08JA013,1960-07-07,0.0,
08JA013,1960-08-07,175.0,
08JA013,1960-09-07,264.0,
08JA013,1960-10-07,88.5999984741211,
08JA013,1960-11-07,189.0,
08JA013,1960-12-07,163.0,
08JA013,1961-01-07,59.70000076293945,
08JA013,1961-02-07,29.700000762939453,
08JA013,1961-03-07,42.5,
08JA013,1961-04-07,42.5,
08JA013,1961-05-07,160.0,
08JA013,1961-06-07,119.0,
08JA013,1961-07-07,362.0,
08JA013,1961-08-07,357.0,
08JA013,1961-09-07,481.0,
08JA013,1961-10-07,317.0,
08JA013,1961-11-07,30.600000381469727,
08JA013,1961-12-07,29.700000762939453,
08JA013,1962-01-07,30.0,
08JA013,1962-02-07,30.600000381469727,
08JA013,1962-03-07,30.600000381469727,
08JA013,1962-04-07,30.600000381469727,
08JA013,1962-05-07,182.0,
08JA013,1962-06-07,193.0,
08JA013,1962-07-07,328.0,
08JA013,1962-08-07,231.0,
08JA013,1962-09-07,227.0,
08JA013,1962-10-07,222.0,
08JA013,1962-11-07,221.0,
08JA013,1962-12-07,46.400001525878906,
08JA013,1963-01-07,46.70000076293945,
08JA013,1963-02-07,46.70000076293945,
08JA013,1963-03-07,46.400001525878906,
08JA013,1963-04-07,46.20000076293945,
08JA013,1963-05-07,337.0,
08JA013,1963-06-07,337.0,
08JA013,1963-07-07,197.0,
08JA013,1963-08-07,199.0,
08JA013,1963-09-07,194.0,
08JA013,1963-10-07,193.0,
08JA013,1963-11-07,71.9000015258789,
08JA013,1963-12-07,42.20000076293945,
08JA013,1964-01-07,42.79999923706055,
08JA013,1964-02-07,43.0,
08JA013,1964-03-07,42.5,
08JA013,1964-04-07,35.70000076293945,
08JA013,1964-05-07,422.0,
08JA013,1964-06-07,416.0,
08JA013,1964-07-07,425.0,
08JA013,1964-08-07,201.0,
08JA013,1964-09-07,200.0,
08JA013,1964-10-07,198.0,
08JA013,1964-11-07,195.0,
08JA013,1964-12-07,70.80000305175781,
08JA013,1965-01-07,69.9000015258789,
08JA013,1965-02-07,69.0999984741211,
08JA013,1965-03-07,68.0,
08JA013,1965-04-07,67.0999984741211,
08JA013,1965-05-07,191.0,
08JA013,1965-06-07,199.0,
08JA013,1965-07-07,203.0,
08JA013,1965-08-07,203.0,
08JA013,1965-09-07,197.0,
08JA013,1965-10-07,88.9000015258789,
08JA013,1965-11-07,45.900001525878906,
08JA013,1965-12-07,46.20000076293945,
08JA013,1966-01-07,46.20000076293945,
08JA013,1966-02-07,45.900001525878906,
08JA013,1966-03-07,45.29999923706055,
08JA013,1966-04-07,45.29999923706055,
08JA013,1966-05-07,221.0,
08JA013,1966-06-07,227.0,
08JA013,1966-07-07,109.0,
08JA013,1966-08-07,34.79999923706055,
08JA013,1966-09-07,311.0,
08JA013,1966-10-07,328.0,
08JA013,1966-11-07,88.30000305175781,
08JA013,1966-12-07,88.0999984741211,
08JA013,1967-01-07,87.19999694824219,
08JA013,1967-02-07,85.80000305175781,
08JA013,1967-03-07,84.4000015258789,
08JA013,1967-04-07,83.0,
08JA013,1967-05-07,326.0,
08JA013,1967-06-07,31.399999618530277,
08JA013,1967-07-07,260.0,
08JA013,1967-08-07,255.0,
08JA013,1967-09-07,123.0,
08JA013,1967-10-07,87.80000305175781,
08JA013,1967-11-07,94.9000015258789,
08JA013,1967-12-07,60.29999923706055,
08JA013,1968-01-07,60.29999923706055,
08JA013,1968-02-07,60.59999847412109,
08JA013,1968-03-07,60.29999923706055,
08JA013,1968-04-07,59.70000076293945,
08JA013,1968-05-07,223.0,
08JA013,1968-06-07,286.0,
08JA013,1968-07-07,348.0,
08JA013,1968-08-07,190.0,
08JA013,1968-09-07,216.0,
08JA013,1968-10-07,238.0,
08JA013,1968-11-07,236.0,
08JA013,1968-12-07,92.0,
08JA013,1969-01-07,90.3000030517578,
08JA013,1969-02-07,88.9000015258789,
08JA013,1969-03-07,86.69999694824219,
08JA013,1969-04-07,84.0999984741211,
08JA013,1969-05-07,83.5,
08JA013,1969-06-07,89.80000305175781,
08JA013,1969-07-07,129.0,
08JA013,1969-08-07,101.0,
08JA013,1969-09-07,157.0,
08JA013,1969-10-07,155.0,
08JA013,1969-11-07,75.9000015258789,
08JA013,1969-12-07,30.600000381469727,
08JA013,1970-01-07,75.30000305175781,
08JA013,1970-02-07,73.9000015258789,
08JA013,1970-03-07,72.19999694824219,
08JA013,1970-04-07,70.5,
08JA013,1970-05-07,44.20000076293945,
08JA013,1970-06-07,46.20000076293945,
08JA013,1970-07-07,47.900001525878906,
08JA013,1970-08-07,90.9000015258789,
08JA013,1970-09-07,118.0,
08JA013,1970-10-07,117.0,
08JA013,1970-11-07,61.70000076293945,
08JA013,1970-12-07,60.900001525878906,
08JA013,1971-01-07,59.70000076293945,
08JA013,1971-02-07,59.20000076293945,
08JA013,1971-03-07,58.0,
08JA013,1971-04-07,56.900001525878906,
08JA013,1971-05-07,63.400001525878906,
08JA013,1971-06-07,58.900001525878906,
08JA013,1971-07-07,50.09999847412109,
08JA013,1971-08-07,175.0,
08JA013,1971-09-07,173.0,
08JA013,1971-10-07,170.0,
08JA013,1971-11-07,76.19999694824219,
08JA013,1971-12-07,75.9000015258789,
08JA013,1972-01-07,74.80000305175781,
08JA013,1972-02-07,73.30000305175781,
08JA013,1972-03-07,71.9000015258789,
08JA013,1972-04-07,70.80000305175781,
08JA013,1972-05-07,360.0,
08JA013,1972-06-07,0.0,
08JA013,1972-07-07,144.0,
08JA013,1972-08-07,419.0,
08JA013,1972-09-07,351.0,
08JA013,1972-10-07,219.0,
08JA013,1972-11-07,74.19999694824219,
08JA013,1972-12-07,72.80000305175781,
08JA013,1973-01-07,71.5999984741211,
08JA013,1973-02-07,70.5,
08JA013,1973-03-07,69.0999984741211,
08JA013,1973-04-07,66.80000305175781,
08JA013,1973-05-07,66.30000305175781,
08JA013,1973-06-07,45.0,
08JA013,1973-07-07,174.0,
08JA013,1973-08-07,110.0,
08JA013,1973-09-07,33.400001525878906,
08JA013,1973-10-07,33.70000076293945,
08JA013,1973-11-07,50.09999847412109,
08JA013,1973-12-07,49.59999847412109,
08JA013,1974-01-07,48.70000076293945,
08JA013,1974-02-07,47.900001525878906,
08JA013,1974-03-07,47.0,
08JA013,1974-04-07,259.0,
08JA013,1974-05-07,248.0,
08JA013,1974-06-07,0.0,
08JA013,1974-07-07,0.0,
08JA013,1974-08-07,228.0,
08JA013,1974-09-07,25.799999237060547,
08JA013,1974-10-07,200.0,
08JA013,1974-11-07,172.0,
08JA013,1974-12-07,73.0999984741211,
08JA013,1975-01-07,75.9000015258789,
08JA013,1975-02-07,75.0,
08JA013,1975-03-07,73.5999984741211,
08JA013,1975-04-07,72.19999694824219,
08JA013,1975-05-07,71.5999984741211,
08JA013,1975-06-07,91.1999969482422,
08JA013,1975-07-07,96.8000030517578,
08JA013,1975-08-07,98.5,
08JA013,1975-09-07,0.0,
08JA013,1975-10-07,0.0,
08JA013,1975-11-07,226.0,
08JA013,1975-12-07,87.19999694824219,
08JA013,1976-01-07,85.80000305175781,
08JA013,1976-02-07,85.0,
08JA013,1976-03-07,83.5,
08JA013,1976-04-07,272.0,
08JA013,1976-05-07,221.0,
08JA013,1976-06-07,331.0,
08JA013,1976-07-07,382.0,
08JA013,1976-08-07,442.0,
08JA013,1976-09-07,283.0,
08JA013,1976-10-07,286.0,
08JA013,1976-11-07,281.0,
08JA013,1976-12-07,177.0,
08JA013,1977-01-07,174.0,
08JA013,1977-02-07,170.0,
08JA013,1977-03-07,165.0,
08JA013,1977-04-07,328.0,
08JA013,1977-05-07,0.0,
08JA013,1977-06-07,181.0,
08JA013,1977-07-07,135.0,
08JA013,1977-08-07,182.0,
08JA013,1977-09-07,53.20000076293945,
08JA013,1977-10-07,57.5,
08JA013,1977-11-07,52.09999847412109,
08JA013,1977-12-07,51.29999923706055,
08JA013,1978-01-07,51.0,
08JA013,1978-02-07,49.59999847412109,
08JA013,1978-03-07,53.20000076293945,
08JA013,1978-04-07,51.5,
08JA013,1978-05-07,51.29999923706055,
08JA013,1978-06-07,37.900001525878906,
08JA013,1978-07-07,39.59999847412109,
08JA013,1978-08-07,34.0,
08JA013,1978-09-07,34.29999923706055,
08JA013,1978-10-07,33.400001525878906,
08JA013,1978-11-07,36.5,
08JA013,1978-12-07,35.099998474121094,
08JA013,1979-01-07,32.900001525878906,
08JA013,1979-02-07,32.099998474121094,
08JA013,1979-03-07,31.200000762939453,
08JA013,1979-04-07,30.200000762939453,
08JA013,1979-05-07,30.700000762939453,
08JA013,1979-06-07,33.099998474121094,
08JA013,1979-07-07,80.69999694824219,
08JA013,1979-08-07,116.0,
08JA013,1979-09-07,33.70000076293945,
08JA013,1979-10-07,33.400001525878906,
08JA013,1979-11-07,21.0,
08JA013,1979-12-07,12.600000381469728,
08JA013,1980-01-07,12.899999618530272,
08JA013,1980-02-07,15.600000381469728,
08JA013,1980-03-07,15.0,
08JA013,1980-04-07,15.0,
08JA013,1980-05-07,15.0,
08JA013,1980-06-07,11.800000190734863,
08JA013,1980-07-07,22.600000381469727,
08JA013,1980-08-07,227.0,
08JA013,1980-09-07,32.29999923706055,
08JA013,1980-10-07,32.400001525878906,
08JA013,1980-11-07,32.400001525878906,
08JA013,1980-12-07,32.400001525878906,
08JA013,1981-01-07,33.099998474121094,
08JA013,1981-02-07,32.900001525878906,
08JA013,1981-03-07,32.70000076293945,
08JA013,1981-04-07,57.29999923706055,
08JA013,1981-05-07,56.79999923706055,
08JA013,1981-06-07,60.29999923706055,
08JA013,1981-07-07,62.59999847412109,
08JA013,1981-08-07,501.0,
08JA013,1981-09-07,31.100000381469727,
08JA013,1981-10-07,25.5,
08JA013,1981-11-07,32.5,
08JA013,1981-12-07,32.5,
08JA013,1982-01-07,32.20000076293945,
08JA013,1982-02-07,31.899999618530277,
08JA013,1982-03-07,31.299999237060547,
08JA013,1982-04-07,56.09999847412109,
08JA013,1982-05-07,54.900001525878906,
08JA013,1982-06-07,42.20000076293945,
08JA013,1982-07-07,58.59999847412109,
08JA013,1982-08-07,194.0,
08JA013,1982-09-07,31.100000381469727,
08JA013,1982-10-07,31.100000381469727,
08JA013,1982-11-07,31.100000381469727,
08JA013,1982-12-07,31.100000381469727,
08JA013,1983-01-07,31.100000381469727,
08JA013,1983-02-07,31.100000381469727,
08JA013,1983-03-07,31.100000381469727,
08JA013,1983-04-07,49.59999847412109,
08JA013,1983-05-07,49.59999847412109,
08JA013,1983-06-07,55.20000076293945,
08JA013,1983-07-07,57.79999923706055,
08JA013,1983-08-07,164.0,
08JA013,1983-09-07,31.100000381469727,
08JA013,1983-10-07,31.0,
08JA013,1983-11-07,31.200000762939453,
08JA013,1983-12-07,31.100000381469727,
08JA013,1984-01-07,30.700000762939453,
08JA013,1984-02-07,30.5,
08JA013,1984-03-07,30.299999237060547,
08JA013,1984-04-07,53.79999923706055,
08JA013,1984-05-07,53.70000076293945,
08JA013,1984-06-07,52.79999923706055,
08JA013,1984-07-07,55.400001525878906,
08JA013,1984-08-07,14.199999809265137,
08JA013,1984-09-07,30.899999618530277,
08JA013,1984-10-07,31.299999237060547,
08JA013,1984-11-07,31.299999237060547,
08JA013,1984-12-07,31.100000381469727,
08JA013,1985-01-07,31.0,
08JA013,1985-02-07,30.399999618530277,
08JA013,1985-03-07,30.399999618530277,
08JA013,1985-04-07,58.20000076293945,
08JA013,1985-05-07,53.5,
08JA013,1985-06-07,57.5,
08JA013,1985-07-07,281.0,
08JA013,1985-08-07,276.0,
08JA013,1985-09-07,63.70000076293945,
08JA013,1985-10-07,60.79999923706055,
08JA013,1985-11-07,33.599998474121094,
08JA013,1985-12-07,32.599998474121094,
08JA013,1986-01-07,34.0,
08JA013,1986-02-07,33.099998474121094,
08JA013,1986-03-07,32.599998474121094,
08JA013,1986-04-07,56.59999847412109,
08JA013,1986-05-07,56.79999923706055,
08JA013,1986-06-07,57.20000076293945,
08JA013,1986-07-07,53.59999847412109,
08JA013,1986-08-07,32.599998474121094,
08JA013,1986-09-07,28.299999237060547,
08JA013,1986-10-07,28.299999237060547,
08JA013,1986-11-07,33.79999923706055,
08JA013,1986-12-07,36.5,
08JA013,1987-01-07,36.09999847412109,
08JA013,1987-02-07,35.5,
08JA013,1987-03-07,34.29999923706055,
08JA013,1987-04-07,35.099998474121094,
08JA013,1987-05-07,58.59999847412109,
08JA013,1987-06-07,56.59999847412109,
08JA013,1987-07-07,57.59999847412109,
08JA013,1987-08-07,218.0,
08JA013,1987-09-07,56.59999847412109,
08JA013,1987-10-07,56.59999847412109,
08JA013,1987-11-07,31.100000381469727,
08JA013,1987-12-07,34.0,
08JA013,1988-01-07,34.400001525878906,
08JA013,1988-02-07,33.400001525878906,
08JA013,1988-03-07,32.599998474121094,
08JA013,1988-04-07,54.70000076293945,
08JA013,1988-05-07,44.09999847412109,
08JA013,1988-06-07,48.900001525878906,
08JA013,1988-07-07,48.5,
08JA013,1988-08-07,168.0,
08JA013,1988-09-07,29.899999618530277,
08JA013,1988-10-07,30.0,
08JA013,1988-11-07,30.100000381469727,
08JA013,1988-12-07,30.799999237060547,
08JA013,1989-01-07,30.399999618530277,
08JA013,1989-02-07,30.100000381469727,
08JA013,1989-03-07,29.5,
08JA013,1989-04-07,29.100000381469727,
08JA013,1989-05-07,47.79999923706055,
08JA013,1989-06-07,48.09999847412109,
08JA013,1989-07-07,47.900001525878906,
08JA013,1989-08-07,283.0,
08JA013,1989-09-07,32.599998474121094,
08JA013,1989-10-07,32.599998474121094,
08JA013,1989-11-07,32.0,
08JA013,1989-12-07,35.099998474121094,
08JA013,1990-01-07,35.29999923706055,
08JA013,1990-02-07,35.099998474121094,
08JA013,1990-03-07,34.400001525878906,
08JA013,1990-04-07,85.0,
08JA013,1990-05-07,49.0,
08JA013,1990-06-07,49.0,
08JA013,1990-07-07,49.29999923706055,
08JA013,1990-08-07,425.0,
08JA013,1990-09-07,31.0,
08JA013,1990-10-07,33.70000076293945,
08JA013,1990-11-07,33.400001525878906,
08JA013,1990-12-07,32.79999923706055,
08JA013,1991-01-07,32.599998474121094,
08JA013,1991-02-07,32.0,
08JA013,1991-03-07,51.0,
08JA013,1991-04-07,84.80000305175781,
08JA013,1991-05-07,49.400001525878906,
08JA013,1991-06-07,49.59999847412109,
08JA013,1991-07-07,49.09999847412109,
08JA013,1991-08-07,264.0,
08JA013,1991-09-07,28.0,
08JA013,1991-10-07,32.79999923706055,
08JA013,1991-11-07,32.599998474121094,
08JA013,1991-12-07,32.400001525878906,
08JA013,1992-01-07,32.099998474121094,
08JA013,1992-02-07,31.700000762939453,
08JA013,1992-03-07,31.399999618530277,
08JA013,1992-04-07,31.5,
08JA013,1992-05-07,49.400001525878906,
08JA013,1992-06-07,49.59999847412109,
08JA013,1992-07-07,282.0,
08JA013,1992-08-07,66.0999984741211,
08JA013,1992-09-07,32.599998474121094,
08JA013,1992-10-07,33.0,
08JA013,1992-11-07,33.400001525878906,
08JA013,1992-12-07,33.099998474121094,
08JA013,1993-01-07,32.599998474121094,
08JA013,1993-02-07,33.20000076293945,
08JA013,1993-03-07,32.599998474121094,
08JA013,1993-04-07,33.0,
08JA013,1993-05-07,49.5,
08JA013,1993-06-07,49.70000076293945,
08JA013,1993-07-07,49.5,
08JA013,1993-08-07,14.199999809265137,
08JA013,1993-09-07,32.5,
08JA013,1993-10-07,32.79999923706055,
08JA013,1993-11-07,32.70000076293945,
08JA013,1993-12-07,33.599998474121094,
08JA013,1994-01-07,33.0,
08JA013,1994-02-07,32.599998474121094,
08JA013,1994-03-07,32.29999923706055,
08JA013,1994-04-07,31.899999618530277,
08JA013,1994-05-07,49.70000076293945,
08JA013,1994-06-07,49.09999847412109,
08JA013,1994-07-07,49.0,
08JA013,1994-08-07,14.199999809265137,
08JA013,1994-09-07,31.5,
08JA013,1994-10-07,31.299999237060547,
08JA013,1994-11-07,31.200000762939453,
08JA013,1994-12-07,40.59999847412109,
08JA013,1995-01-07,36.5,
08JA013,1995-02-07,35.79999923706055,
08JA013,1995-03-07,35.099998474121094,
08JA013,1995-04-07,40.900001525878906,
08JA013,1995-05-07,56.70000076293945,
08JA013,1995-06-07,49.400001525878906,
08JA013,1995-07-07,59.09999847412109,
08JA013,1995-08-07,170.0,
08JA013,1995-09-07,32.20000076293945,
08JA013,1995-10-07,32.70000076293945,
08JA013,1995-11-07,32.099998474121094,
08JA013,1995-12-07,34.599998474121094,
08JA013,1996-01-07,34.0,
08JA013,1996-02-07,33.900001525878906,
08JA013,1996-03-07,33.400001525878906,
08JA013,1996-04-07,32.79999923706055,
08JA013,1996-05-07,50.29999923706055,
08JA013,1996-06-07,53.79999923706055,
08JA013,1996-07-07,255.0,
08JA013,1996-08-07,170.0,
08JA013,1996-09-07,32.900001525878906,
08JA013,1996-10-07,112.0,
08JA013,1996-11-07,226.0,
08JA013,1996-12-07,60.5,
08JA013,1997-01-07,59.5,
08JA013,1997-02-07,58.5,
08JA013,1997-03-07,57.5,
08JA013,1997-04-07,56.59999847412109,
08JA013,1997-05-07,85.69999694824219,
08JA013,1997-06-07,256.0,
08JA013,1997-07-07,342.0,
08JA013,1997-08-07,333.0,
08JA013,1997-09-07,85.19999694824219,
08JA013,1997-10-07,85.5,
08JA013,1997-11-07,57.400001525878906,
08JA013,1997-12-07,56.5,
08JA013,1998-01-07,55.59999847412109,
08JA013,1998-02-07,54.29999923706055,
08JA013,1998-03-07,52.900001525878906,
08JA013,1998-04-07,54.29999923706055,
08JA013,1998-05-07,51.5,
08JA013,1998-06-07,53.09999847412109,
08JA013,1998-07-07,228.0,
08JA013,1998-08-07,14.800000190734863,
08JA013,1998-09-07,29.399999618530277,
08JA013,1998-10-07,30.100000381469727,
08JA013,1998-11-07,29.899999618530277,
08JA013,1998-12-07,30.299999237060547,
08JA013,1999-01-07,29.899999618530277,
08JA013,1999-02-07,29.5,
08JA013,1999-03-07,30.0,
08JA013,1999-04-07,29.399999618530277,
08JA013,1999-05-07,49.400001525878906,
08JA013,1999-06-07,49.20000076293945,
08JA013,1999-07-07,48.79999923706055,
08JA013,1999-08-07,381.0,
08JA013,1999-09-07,33.0,
08JA013,1999-10-07,33.70000076293945,
08JA013,1999-11-07,33.29999923706055,
08JA013,1999-12-07,32.79999923706055,
08JA013,2000-01-07,33.20000076293945,
08JA013,2000-02-07,32.400001525878906,
08JA013,2000-03-07,32.5,
08JA013,2000-04-07,32.5,
08JA013,2000-05-07,49.0,
08JA013,2000-06-07,48.79999923706055,
08JA013,2000-07-07,49.0,
08JA013,2000-08-07,269.0,
08JA013,2000-09-07,32.900001525878906,
08JA013,2000-10-07,32.70000076293945,
08JA013,2000-11-07,32.099998474121094,
08JA013,2000-12-07,31.899999618530277,
08JA013,2001-01-07,32.5,
08JA013,2001-02-07,32.099998474121094,
08JA013,2001-03-07,32.5,
08JA013,2001-04-07,32.79999923706055,
08JA013,2001-05-07,52.5,
08JA013,2001-06-07,53.900001525878906,
08JA013,2001-07-07,52.5,
08JA013,2001-08-07,253.0,
08JA013,2001-09-07,30.0,
08JA013,2001-10-07,30.0,
08JA013,2001-11-07,30.0,
08JA013,2001-12-07,30.0,
08JA013,2002-01-07,31.799999237060547,
08JA013,2002-02-07,31.299999237060547,
08JA013,2002-03-07,30.899999618530277,
08JA013,2002-04-07,30.299999237060547,
08JA013,2002-05-07,54.70000076293945,
08JA013,2002-06-07,56.0,
08JA013,2002-07-07,55.400001525878906,
08JA013,2002-08-07,227.0,
08JA013,2002-09-07,30.0,
08JA013,2002-10-07,30.0,
08JA013,2002-11-07,85.0,
08JA013,2002-12-07,85.0,
08JA013,2003-01-07,31.5,
08JA013,2003-02-07,31.200000762939453,
08JA013,2003-03-07,30.600000381469727,
08JA013,2003-04-07,30.0,
08JA013,2003-05-07,50.29999923706055,
08JA013,2003-06-07,49.20000076293945,
08JA013,2003-07-07,49.5,
08JA013,2003-08-07,169.0,
08JA013,2003-09-07,33.20000076293945,
08JA013,2003-10-07,32.79999923706055,
08JA013,2003-11-07,33.0,
08JA013,2003-12-07,32.599998474121094,
08JA013,2004-01-07,32.900001525878906,
08JA013,2004-02-07,32.29999923706055,
08JA013,2004-03-07,32.599998474121094,
08JA013,2004-04-07,33.0,
08JA013,2004-05-07,53.0,
08JA013,2004-06-07,53.400001525878906,
08JA013,2004-07-07,53.20000076293945,
08JA013,2004-08-07,222.0,
08JA013,2004-09-07,25.200000762939453,
08JA013,2004-10-07,29.5,
08JA013,2004-11-07,30.100000381469727,
08JA013,2004-12-07,30.899999618530277,
08JA013,2005-01-07,31.200000762939453,
08JA013,2005-02-07,31.399999618530277,
08JA013,2005-03-07,31.299999237060547,
08JA013,2005-04-07,44.70000076293945,
08JA013,2005-05-07,283.0,
08JA013,2005-06-07,49.5,
08JA013,2005-07-07,130.0,
08JA013,2005-08-07,17.100000381469727,
08JA013,2005-09-07,32.400001525878906,
08JA013,2005-10-07,32.20000076293945,
08JA013,2005-11-07,105.0,
08JA013,2005-12-07,86.19999694824219,
08JA013,2006-01-07,85.0999984741211,
08JA013,2006-02-07,54.900001525878906,
08JA013,2006-03-07,32.79999923706055,
08JA013,2006-04-07,32.099998474121094,
08JA013,2006-05-07,49.5,
08JA013,2006-06-07,49.70000076293945,
08JA013,2006-07-07,50.29999923706055,
08JA013,2006-08-07,171.0,
08JA013,2006-09-07,31.899999618530277,
08JA013,2006-10-07,32.29999923706055,
08JA013,2006-11-07,33.20000076293945,
08JA013,2006-12-07,33.20000076293945,
08JA013,2007-01-07,33.20000076293945,
08JA013,2007-02-07,32.900001525878906,
08JA013,2007-03-07,42.400001525878906,
08JA013,2007-04-07,125.0,
08JA013,2007-05-07,49.59999847412109,
08JA013,2007-06-07,303.0,
08JA013,2007-07-07,570.0,
08JA013,2007-08-07,194.0,
08JA013,2007-09-07,49.29999923706055,
08JA013,2007-10-07,64.30000305175781,
08JA013,2007-11-07,270.0,
08JA013,2007-12-07,84.0999984741211,
08JA013,2008-01-07,82.69999694824219,
08JA013,2008-02-07,80.5999984741211,
08JA013,2008-03-07,33.599998474121094,
08JA013,2008-04-07,32.900001525878906,
08JA013,2008-05-07,48.900001525878906,
08JA013,2008-06-07,50.59999847412109,
08JA013,2008-07-07,50.20000076293945,
08JA013,2008-08-07,168.0,
08JA013,2008-09-07,33.099998474121094,
08JA013,2008-10-07,32.70000076293945,
08JA013,2008-11-07,33.400001525878906,
08JA013,2008-12-07,33.5,
08JA013,2009-01-07,35.29999923706055,
08JA013,2009-02-07,34.70000076293945,
08JA013,2009-03-07,34.0,
08JA013,2009-04-07,33.20000076293945,
08JA013,2009-05-07,49.29999923706055,
08JA013,2009-06-07,52.0,
08JA013,2009-07-07,49.5,
08JA013,2009-08-07,133.0,
08JA013,2009-09-07,32.400001525878906,
08JA013,2009-10-07,34.099998474121094,
08JA013,2009-11-07,34.0,
08JA013,2009-12-07,33.900001525878906,
08JA013,2010-01-07,33.29999923706055,
08JA013,2010-02-07,32.79999923706055,
08JA013,2010-03-07,32.20000076293945,
08JA013,2010-04-07,31.399999618530277,
08JA013,2010-05-07,49.20000076293945,
08JA013,2010-06-07,51.79999923706055,
08JA013,2010-07-07,50.5,
08JA013,2010-08-07,169.0,
08JA013,2010-09-07,32.70000076293945,
08JA013,2010-10-07,33.20000076293945,
08JA013,2010-11-07,125.0,
08JA013,2010-12-07,74.30000305175781,
08JA013,2011-01-07,33.900001525878906,
08JA013,2011-02-07,33.5,
08JA013,2011-03-07,33.099998474121094,
08JA013,2011-04-07,32.400001525878906,
08JA013,2011-05-07,80.0,
08JA013,2011-06-07,226.0,
08JA013,2011-07-07,297.0,
08JA013,2011-08-07,324.0,
08JA013,2011-09-07,44.79999923706055,
08JA013,2011-10-07,504.0,
08JA013,2011-11-07,59.900001525878906,
08JA013,2011-12-07,59.59999847412109,
08JA013,2012-01-07,80.19999694824219,
08JA013,2012-02-07,79.30000305175781,
08JA013,2012-03-07,123.0,
08JA013,2012-04-07,118.0,
08JA013,2012-05-07,175.0,
08JA013,2012-06-07,231.0,
08JA013,2012-07-07,249.0,
08JA013,2012-08-07,292.0,
08JA013,2012-09-07,42.20000076293945,
08JA013,2012-10-07,63.70000076293945,
08JA013,2012-11-07,62.900001525878906,
08JA013,2012-12-07,38.900001525878906,
08JA013,2013-01-07,38.0,
08JA013,2013-02-07,31.100000381469727,
08JA013,2013-03-07,30.399999618530277,
08JA013,2013-04-07,31.600000381469727,
08JA013,2013-05-07,49.59999847412109,
08JA013,2013-06-07,49.59999847412109,
08JA013,2013-07-07,49.59999847412109,
08JA013,2013-08-07,280.0,
08JA013,2013-09-07,31.700000762939453,
08JA013,2013-10-07,31.399999618530277,
08JA013,2013-11-07,32.900001525878906,
08JA013,2013-12-07,34.099998474121094,
08JA013,2014-01-07,33.599998474121094,
08JA013,2014-02-07,33.0,
08JA013,2014-03-07,32.400001525878906,
08JA013,2014-04-07,34.599998474121094,
08JA013,2014-05-07,49.400001525878906,
08JA013,2014-06-07,47.900001525878906,
08JA013,2014-07-07,49.0,
08JA013,2014-08-07,59.0,
08JA013,2014-09-07,31.700000762939453,
08JA013,2014-10-07,33.400001525878906,
08JA013,2014-11-07,34.0,
08JA013,2014-12-07,34.29999923706055,
08JA013,2015-01-07,34.20000076293945,
08JA013,2015-02-07,30.399999618530277,
08JA013,2015-03-07,45.29999923706055,
08JA013,2015-04-07,125.0,
08JA013,2015-05-07,204.0,
08JA013,2015-06-07,445.0,
08JA013,2015-07-07,175.0,
08JA013,2015-08-07,115.0,
08JA013,2015-09-07,32.400001525878906,
08JA013,2015-10-07,32.099998474121094,
08JA013,2015-11-07,29.799999237060547,
08JA013,2015-12-07,30.5,
08JA013,2016-01-07,29.899999618530277,
08JA013,2016-02-07,29.399999618530277,
08JA013,2016-03-07,28.899999618530277,
08JA013,2016-04-07,29.700000762939453,
08JA013,2016-05-07,48.5,
08JA013,2016-06-07,48.79999923706055,
08JA013,2016-07-07,48.70000076293945,
08JA013,2016-08-07,324.0,
08JA013,2016-09-07,31.200000762939453,
08JA013,2016-10-07,32.0,
08JA013,2016-11-07,32.0,
08JA013,2016-12-07,31.5,
08JA013,2017-01-07,31.200000762939453,
08JA013,2017-02-07,30.700000762939453,
08JA013,2017-03-07,32.400001525878906,
08JA013,2017-04-07,31.899999618530277,
08JA013,2017-05-07,49.09999847412109,
08JA013,2017-06-07,205.0,
08JA013,2017-07-07,144.0,
08JA013,2017-08-07,282.0,
08JA013,2017-09-07,31.700000762939453,
08JA013,2017-10-07,32.5,
08JA013,2017-11-07,65.5,
08JA013,2017-12-07,79.5,
08JA013,2018-01-07,77.9000015258789,
08JA013,2018-02-07,35.900001525878906,
08JA013,2018-03-07,35.29999923706055,
08JA013,2018-04-07,63.900001525878906,
08JA013,2018-05-07,49.70000076293945,
08JA013,2018-06-07,100.0,
08JA013,2018-07-07,49.29999923706055,
08JA013,2018-08-07,281.0,
08JA013,2018-09-07,30.100000381469727,
08JA013,2018-10-07,28.200000762939453,
08JA013,2018-11-07,32.900001525878906,
08JA013,2018-12-07,32.5,
08JA013,2019-01-07,32.099998474121094,
08JA013,2019-02-07,31.399999618530277,
08JA013,2019-03-07,30.700000762939453,
08JA013,2019-04-07,31.899999618530277,
08JA013,2019-05-07,49.70000076293945,
08JA013,2019-06-07,48.59999847412109,
08JA013,2019-07-07,48.70000076293945,
08JA013,2019-08-07,170.0,
08JA013,2019-09-07,32.0,
08JA013,2019-10-07,31.700000762939453,
08JA013,2019-11-07,31.799999237060547,
08JA013,2019-12-07,32.099998474121094,
08JA013,2020-01-07,31.899999618530277,
08JA013,2020-02-07,31.700000762939453,
08JA013,2020-03-07,33.20000076293945,
08JA013,2020-04-07,34.29999923706055,
08JA013,2020-05-07,49.29999923706055,
08JA013,2020-06-07,49.5,
08JA013,2020-07-07,48.59999847412109,
08JA013,2020-08-07,171.0,
08JA013,2020-09-07,32.400001525878906,
08JA013,2020-10-07,32.20000076293945,
08JA013,2020-11-07,252.0,
08JA013,2020-12-07,70.69999694824219,
08JA013,2021-01-07,84.4000015258789,
08JA013,2021-02-07,83.80000305175781,
08JA013,2021-03-07,81.9000015258789,
08JA013,2021-04-07,200.0,
08JA013,2021-05-07,200.0,
08JA013,2021-06-07,275.0,
08JA013,2021-07-07,199.0,
08JA013,2021-08-07,280.0,
08JA013,2021-09-07,79.0999984741211,
08JA013,2021-10-07,183.0,
08JA013,2021-11-07,40.29999923706055,
08JA013,2021-12-07,40.29999923706055,
08JA013,2022-01-07,40.0,
08JA013,2022-02-07,39.70000076293945,
08JA013,2022-03-07,41.59999847412109,
08JA013,2022-04-07,41.400001525878906,
08JA013,2022-05-07,41.70000076293945,
08JA013,2022-06-07,282.0,
08JA013,2022-07-07,373.0,
08JA013,2022-08-07,297.0,
08JA013,2022-09-07,59.0,
08JA013,2022-10-07,60.400001525878906,
08JA013,2022-11-07,38.900001525878906,
08JA013,2022-12-07,33.70000076293945,
08JA013,2023-01-07,33.099998474121094,
08JA013,2023-02-07,32.599998474121094,
08JA013,2023-03-07,32.099998474121094,
08JA013,2023-04-07,33.5,
08JA013,2023-05-07,33.599998474121094,
08JA013,2023-06-07,49.900001525878906,
08JA013,2023-07-07,50.79999923706055,
08JA013,2023-08-07,169.0,
08JA013,2023-09-07,32.900001525878906,
08JA013,2023-10-07,32.900001525878906,
08JA013,2023-11-07,32.599998474121094,
08JA013,2023-12-07,32.20000076293945,
08JA013,2024-01-07,31.899999618530277,
08JA013,2024-02-07,33.29999923706055,
08JA013,2024-03-07,32.599998474121094,
08JA013,2024-04-07,32.099998474121094,
08JA013,2024-05-07,49.09999847412109,
08JA013,2024-06-07,50.900001525878906,
08JA013,2024-07-07,49.70000076293945,
08JA013,2024-08-07,279.0,
08JA013,2024-09-07,31.700000762939453,
08JA013,2024-10-07,32.29999923706055,
08JA013,2024-11-07,32.400001525878906,
08JA013,2024-12-07,32.099998474121094,
08JA013,2025-01-07,32.099998474121094,
08JA013,2025-02-07,31.700000762939453,
08JA013,2025-03-07,31.200000762939453,
08JA013,2025-04-07,30.799999237060547,
08JA013,2025-05-07,31.299999237060547,
08JA013,2025-06-07,32.29999923706055,
08JA013,2025-07-07,33.099998474121094,
08JA013,2025-08-07,167.0,
08JA013,2025-09-07,31.600000381469727,
08JA013,2025-10-07,31.399999618530277,
08JA013,2025-11-07,31.399999618530277,
08JA013,2025-12-07,31.700000762939453,
08JA013,1955-06-08,,
08JA013,1955-11-08,,
08JA013,1956-01-08,0.0,
08JA013,1956-02-08,2.8299999237060547,
08JA013,1956-03-08,5.659999847412109,
08JA013,1956-04-08,5.659999847412109,
08JA013,1956-05-08,5.659999847412109,
08JA013,1956-06-08,0.0,
08JA013,1956-07-08,0.0,
08JA013,1956-08-08,2.8299999237060547,
08JA013,1956-09-08,14.199999809265137,
08JA013,1956-10-08,0.0,
08JA013,1956-11-08,0.0,
08JA013,1956-12-08,0.0,
08JA013,1957-01-08,113.0,
08JA013,1957-02-08,255.0,
08JA013,1957-03-08,255.0,
08JA013,1957-04-08,0.0,
08JA013,1957-05-08,258.0,
08JA013,1957-06-08,153.0,
08JA013,1957-07-08,0.0,
08JA013,1957-08-08,0.0,
08JA013,1957-09-08,85.0,
08JA013,1957-10-08,155.0,
08JA013,1957-11-08,154.0,
08JA013,1957-12-08,241.0,
08JA013,1958-01-08,292.0,
08JA013,1958-02-08,118.0,
08JA013,1958-03-08,286.0,
08JA013,1958-04-08,331.0,
08JA013,1958-05-08,351.0,
08JA013,1958-06-08,0.0,
08JA013,1958-07-08,306.0,
08JA013,1958-08-08,294.0,
08JA013,1958-09-08,283.0,
08JA013,1958-10-08,334.0,
08JA013,1958-11-08,320.0,
08JA013,1958-12-08,126.0,
08JA013,1959-01-08,124.0,
08JA013,1959-02-08,65.0999984741211,
08JA013,1959-03-08,63.400001525878906,
08JA013,1959-04-08,63.400001525878906,
08JA013,1959-05-08,64.5999984741211,
08JA013,1959-06-08,0.0,
08JA013,1959-07-08,179.0,
08JA013,1959-08-08,309.0,
08JA013,1959-09-08,371.0,
08JA013,1959-10-08,365.0,
08JA013,1959-11-08,428.0,
08JA013,1959-12-08,286.0,
08JA013,1960-01-08,37.70000076293945,
08JA013,1960-02-08,95.6999969482422,
08JA013,1960-03-08,92.9000015258789,
08JA013,1960-04-08,226.0,
08JA013,1960-05-08,368.0,
08JA013,1960-06-08,362.0,
08JA013,1960-07-08,0.0,
08JA013,1960-08-08,175.0,
08JA013,1960-09-08,264.0,
08JA013,1960-10-08,88.5999984741211,
08JA013,1960-11-08,189.0,
08JA013,1960-12-08,111.0,
08JA013,1961-01-08,59.70000076293945,
08JA013,1961-02-08,29.700000762939453,
08JA013,1961-03-08,42.5,
08JA013,1961-04-08,42.5,
08JA013,1961-05-08,160.0,
08JA013,1961-06-08,119.0,
08JA013,1961-07-08,362.0,
08JA013,1961-08-08,357.0,
08JA013,1961-09-08,481.0,
08JA013,1961-10-08,317.0,
08JA013,1961-11-08,30.600000381469727,
08JA013,1961-12-08,29.700000762939453,
08JA013,1962-01-08,30.0,
08JA013,1962-02-08,30.600000381469727,
08JA013,1962-03-08,30.600000381469727,
08JA013,1962-04-08,30.600000381469727,
08JA013,1962-05-08,182.0,
08JA013,1962-06-08,193.0,
08JA013,1962-07-08,328.0,
08JA013,1962-08-08,231.0,
08JA013,1962-09-08,227.0,
08JA013,1962-10-08,222.0,
08JA013,1962-11-08,221.0,
08JA013,1962-12-08,46.400001525878906,
08JA013,1963-01-08,46.70000076293945,
08JA013,1963-02-08,46.70000076293945,
08JA013,1963-03-08,46.400001525878906,
08JA013,1963-04-08,46.20000076293945,
08JA013,1963-05-08,255.0,
08JA013,1963-06-08,337.0,
08JA013,1963-07-08,197.0,
08JA013,1963-08-08,199.0,
08JA013,1963-09-08,194.0,
08JA013,1963-10-08,193.0,
08JA013,1963-11-08,82.0999984741211,
08JA013,1963-12-08,42.20000076293945,
08JA013,1964-01-08,42.79999923706055,
08JA013,1964-02-08,43.0,
08JA013,1964-03-08,42.5,
08JA013,1964-04-08,38.5,
08JA013,1964-05-08,422.0,
08JA013,1964-06-08,416.0,
08JA013,1964-07-08,348.0,
08JA013,1964-08-08,201.0,
08JA013,1964-09-08,200.0,
08JA013,1964-10-08,198.0,
08JA013,1964-11-08,195.0,
08JA013,1964-12-08,70.80000305175781,
08JA013,1965-01-08,69.9000015258789,
08JA013,1965-02-08,69.0999984741211,
08JA013,1965-03-08,68.0,
08JA013,1965-04-08,67.0999984741211,
08JA013,1965-05-08,191.0,
08JA013,1965-06-08,199.0,
08JA013,1965-07-08,203.0,
08JA013,1965-08-08,203.0,
08JA013,1965-09-08,197.0,
08JA013,1965-10-08,88.9000015258789,
08JA013,1965-11-08,45.900001525878906,
08JA013,1965-12-08,46.20000076293945,
08JA013,1966-01-08,46.20000076293945,
08JA013,1966-02-08,45.900001525878906,
08JA013,1966-03-08,45.29999923706055,
08JA013,1966-04-08,45.29999923706055,
08JA013,1966-05-08,221.0,
08JA013,1966-06-08,227.0,
08JA013,1966-07-08,110.0,
08JA013,1966-08-08,34.79999923706055,
08JA013,1966-09-08,222.0,
08JA013,1966-10-08,328.0,
08JA013,1966-11-08,88.30000305175781,
08JA013,1966-12-08,88.0999984741211,
08JA013,1967-01-08,87.19999694824219,
08JA013,1967-02-08,85.80000305175781,
08JA013,1967-03-08,84.4000015258789,
08JA013,1967-04-08,111.0,
08JA013,1967-05-08,326.0,
08JA013,1967-06-08,31.399999618530277,
08JA013,1967-07-08,260.0,
08JA013,1967-08-08,259.0,
08JA013,1967-09-08,123.0,
08JA013,1967-10-08,87.80000305175781,
08JA013,1967-11-08,94.9000015258789,
08JA013,1967-12-08,60.29999923706055,
08JA013,1968-01-08,60.29999923706055,
08JA013,1968-02-08,60.59999847412109,
08JA013,1968-03-08,60.29999923706055,
08JA013,1968-04-08,59.70000076293945,
08JA013,1968-05-08,224.0,
08JA013,1968-06-08,286.0,
08JA013,1968-07-08,348.0,
08JA013,1968-08-08,190.0,
08JA013,1968-09-08,216.0,
08JA013,1968-10-08,238.0,
08JA013,1968-11-08,236.0,
08JA013,1968-12-08,92.0,
08JA013,1969-01-08,90.3000030517578,
08JA013,1969-02-08,88.5999984741211,
08JA013,1969-03-08,86.69999694824219,
08JA013,1969-04-08,84.0999984741211,
08JA013,1969-05-08,83.5,
08JA013,1969-06-08,90.0,
08JA013,1969-07-08,129.0,
08JA013,1969-08-08,101.0,
08JA013,1969-09-08,157.0,
08JA013,1969-10-08,155.0,
08JA013,1969-11-08,75.9000015258789,
08JA013,1969-12-08,76.19999694824219,
08JA013,1970-01-08,75.30000305175781,
08JA013,1970-02-08,73.9000015258789,
08JA013,1970-03-08,72.19999694824219,
08JA013,1970-04-08,70.5,
08JA013,1970-05-08,44.20000076293945,
08JA013,1970-06-08,46.400001525878906,
08JA013,1970-07-08,47.900001525878906,
08JA013,1970-08-08,90.9000015258789,
08JA013,1970-09-08,118.0,
08JA013,1970-10-08,117.0,
08JA013,1970-11-08,61.70000076293945,
08JA013,1970-12-08,60.900001525878906,
08JA013,1971-01-08,59.70000076293945,
08JA013,1971-02-08,59.20000076293945,
08JA013,1971-03-08,58.0,
08JA013,1971-04-08,56.59999847412109,
08JA013,1971-05-08,252.0,
08JA013,1971-06-08,59.5,
08JA013,1971-07-08,63.400001525878906,
08JA013,1971-08-08,174.0,
08JA013,1971-09-08,173.0,
08JA013,1971-10-08,170.0,
08JA013,1971-11-08,76.19999694824219,
08JA013,1971-12-08,75.9000015258789,
08JA013,1972-01-08,74.80000305175781,
08JA013,1972-02-08,73.30000305175781,
08JA013,1972-03-08,71.9000015258789,
08JA013,1972-04-08,70.80000305175781,
08JA013,1972-05-08,357.0,
08JA013,1972-06-08,0.0,
08JA013,1972-07-08,286.0,
08JA013,1972-08-08,419.0,
08JA013,1972-09-08,271.0,
08JA013,1972-10-08,218.0,
08JA013,1972-11-08,73.9000015258789,
08JA013,1972-12-08,72.80000305175781,
08JA013,1973-01-08,71.5999984741211,
08JA013,1973-02-08,70.5,
08JA013,1973-03-08,68.80000305175781,
08JA013,1973-04-08,66.80000305175781,
08JA013,1973-05-08,66.30000305175781,
08JA013,1973-06-08,45.29999923706055,
08JA013,1973-07-08,174.0,
08JA013,1973-08-08,124.0,
08JA013,1973-09-08,33.400001525878906,
08JA013,1973-10-08,33.70000076293945,
08JA013,1973-11-08,50.09999847412109,
08JA013,1973-12-08,49.29999923706055,
08JA013,1974-01-08,48.70000076293945,
08JA013,1974-02-08,47.900001525878906,
08JA013,1974-03-08,47.0,
08JA013,1974-04-08,259.0,
08JA013,1974-05-08,248.0,
08JA013,1974-06-08,0.0,
08JA013,1974-07-08,0.0,
08JA013,1974-08-08,227.0,
08JA013,1974-09-08,25.600000381469727,
08JA013,1974-10-08,200.0,
08JA013,1974-11-08,137.0,
08JA013,1974-12-08,73.0999984741211,
08JA013,1975-01-08,75.9000015258789,
08JA013,1975-02-08,75.0,
08JA013,1975-03-08,73.30000305175781,
08JA013,1975-04-08,72.19999694824219,
08JA013,1975-05-08,71.5999984741211,
08JA013,1975-06-08,91.5,
08JA013,1975-07-08,96.8000030517578,
08JA013,1975-08-08,98.5,
08JA013,1975-09-08,35.70000076293945,
08JA013,1975-10-08,0.0,
08JA013,1975-11-08,225.0,
08JA013,1975-12-08,86.9000015258789,
08JA013,1976-01-08,85.80000305175781,
08JA013,1976-02-08,85.0,
08JA013,1976-03-08,83.5,
08JA013,1976-04-08,274.0,
08JA013,1976-05-08,140.0,
08JA013,1976-06-08,289.0,
08JA013,1976-07-08,385.0,
08JA013,1976-08-08,442.0,
08JA013,1976-09-08,251.0,
08JA013,1976-10-08,286.0,
08JA013,1976-11-08,280.0,
08JA013,1976-12-08,176.0,
08JA013,1977-01-08,174.0,
08JA013,1977-02-08,170.0,
08JA013,1977-03-08,165.0,
08JA013,1977-04-08,328.0,
08JA013,1977-05-08,0.0,
08JA013,1977-06-08,190.0,
08JA013,1977-07-08,130.0,
08JA013,1977-08-08,106.0,
08JA013,1977-09-08,53.20000076293945,
08JA013,1977-10-08,51.79999923706055,
08JA013,1977-11-08,32.29999923706055,
08JA013,1977-12-08,51.29999923706055,
08JA013,1978-01-08,50.70000076293945,
08JA013,1978-02-08,54.900001525878906,
08JA013,1978-03-08,53.20000076293945,
08JA013,1978-04-08,51.5,
08JA013,1978-05-08,51.5,
08JA013,1978-06-08,38.20000076293945,
08JA013,1978-07-08,39.900001525878906,
08JA013,1978-08-08,34.0,
08JA013,1978-09-08,34.29999923706055,
08JA013,1978-10-08,33.400001525878906,
08JA013,1978-11-08,36.79999923706055,
08JA013,1978-12-08,35.099998474121094,
08JA013,1979-01-08,32.900001525878906,
08JA013,1979-02-08,32.099998474121094,
08JA013,1979-03-08,31.0,
08JA013,1979-04-08,30.0,
08JA013,1979-05-08,30.899999618530277,
08JA013,1979-06-08,33.099998474121094,
08JA013,1979-07-08,80.69999694824219,
08JA013,1979-08-08,93.3000030517578,
08JA013,1979-09-08,33.70000076293945,
08JA013,1979-10-08,33.400001525878906,
08JA013,1979-11-08,21.0,
08JA013,1979-12-08,12.600000381469728,
08JA013,1980-01-08,12.899999618530272,
08JA013,1980-02-08,15.600000381469728,
08JA013,1980-03-08,15.0,
08JA013,1980-04-08,15.0,
08JA013,1980-05-08,15.0,
08JA013,1980-06-08,11.800000190734863,
08JA013,1980-07-08,22.600000381469727,
08JA013,1980-08-08,227.0,
08JA013,1980-09-08,32.29999923706055,
08JA013,1980-10-08,32.400001525878906,
08JA013,1980-11-08,32.400001525878906,
08JA013,1980-12-08,32.400001525878906,
08JA013,1981-01-08,33.099998474121094,
08JA013,1981-02-08,32.900001525878906,
08JA013,1981-03-08,32.70000076293945,
08JA013,1981-04-08,57.29999923706055,
08JA013,1981-05-08,56.900001525878906,
08JA013,1981-06-08,60.5,
08JA013,1981-07-08,62.59999847412109,
08JA013,1981-08-08,535.0,
08JA013,1981-09-08,31.100000381469727,
08JA013,1981-10-08,25.5,
08JA013,1981-11-08,32.5,
08JA013,1981-12-08,32.5,
08JA013,1982-01-08,32.20000076293945,
08JA013,1982-02-08,31.899999618530277,
08JA013,1982-03-08,31.299999237060547,
08JA013,1982-04-08,55.900001525878906,
08JA013,1982-05-08,54.900001525878906,
08JA013,1982-06-08,42.5,
08JA013,1982-07-08,57.20000076293945,
08JA013,1982-08-08,142.0,
08JA013,1982-09-08,31.100000381469727,
08JA013,1982-10-08,31.100000381469727,
08JA013,1982-11-08,31.100000381469727,
08JA013,1982-12-08,31.100000381469727,
08JA013,1983-01-08,31.100000381469727,
08JA013,1983-02-08,31.100000381469727,
08JA013,1983-03-08,31.100000381469727,
08JA013,1983-04-08,49.59999847412109,
08JA013,1983-05-08,49.59999847412109,
08JA013,1983-06-08,55.20000076293945,
08JA013,1983-07-08,57.79999923706055,
08JA013,1983-08-08,164.0,
08JA013,1983-09-08,31.100000381469727,
08JA013,1983-10-08,31.0,
08JA013,1983-11-08,31.200000762939453,
08JA013,1983-12-08,31.0,
08JA013,1984-01-08,30.700000762939453,
08JA013,1984-02-08,30.5,
08JA013,1984-03-08,30.299999237060547,
08JA013,1984-04-08,53.70000076293945,
08JA013,1984-05-08,53.79999923706055,
08JA013,1984-06-08,53.0,
08JA013,1984-07-08,55.5,
08JA013,1984-08-08,40.59999847412109,
08JA013,1984-09-08,30.899999618530277,
08JA013,1984-10-08,31.299999237060547,
08JA013,1984-11-08,31.299999237060547,
08JA013,1984-12-08,31.100000381469727,
08JA013,1985-01-08,31.0,
08JA013,1985-02-08,30.399999618530277,
08JA013,1985-03-08,30.399999618530277,
08JA013,1985-04-08,58.20000076293945,
08JA013,1985-05-08,53.5,
08JA013,1985-06-08,57.59999847412109,
08JA013,1985-07-08,281.0,
08JA013,1985-08-08,276.0,
08JA013,1985-09-08,63.70000076293945,
08JA013,1985-10-08,60.70000076293945,
08JA013,1985-11-08,33.599998474121094,
08JA013,1985-12-08,32.599998474121094,
08JA013,1986-01-08,34.0,
08JA013,1986-02-08,33.099998474121094,
08JA013,1986-03-08,32.599998474121094,
08JA013,1986-04-08,56.59999847412109,
08JA013,1986-05-08,56.79999923706055,
08JA013,1986-06-08,57.5,
08JA013,1986-07-08,53.70000076293945,
08JA013,1986-08-08,161.0,
08JA013,1986-09-08,28.299999237060547,
08JA013,1986-10-08,28.299999237060547,
08JA013,1986-11-08,33.79999923706055,
08JA013,1986-12-08,36.5,
08JA013,1987-01-08,36.09999847412109,
08JA013,1987-02-08,35.5,
08JA013,1987-03-08,34.29999923706055,
08JA013,1987-04-08,35.099998474121094,
08JA013,1987-05-08,55.79999923706055,
08JA013,1987-06-08,56.79999923706055,
08JA013,1987-07-08,57.79999923706055,
08JA013,1987-08-08,223.0,
08JA013,1987-09-08,56.59999847412109,
08JA013,1987-10-08,56.59999847412109,
08JA013,1987-11-08,31.100000381469727,
08JA013,1987-12-08,34.0,
08JA013,1988-01-08,34.400001525878906,
08JA013,1988-02-08,33.400001525878906,
08JA013,1988-03-08,32.599998474121094,
08JA013,1988-04-08,54.70000076293945,
08JA013,1988-05-08,44.20000076293945,
08JA013,1988-06-08,122.0,
08JA013,1988-07-08,48.59999847412109,
08JA013,1988-08-08,168.0,
08JA013,1988-09-08,29.899999618530277,
08JA013,1988-10-08,30.0,
08JA013,1988-11-08,30.100000381469727,
08JA013,1988-12-08,30.799999237060547,
08JA013,1989-01-08,30.399999618530277,
08JA013,1989-02-08,30.0,
08JA013,1989-03-08,29.5,
08JA013,1989-04-08,29.100000381469727,
08JA013,1989-05-08,48.0,
08JA013,1989-06-08,48.20000076293945,
08JA013,1989-07-08,47.900001525878906,
08JA013,1989-08-08,194.0,
08JA013,1989-09-08,32.599998474121094,
08JA013,1989-10-08,32.599998474121094,
08JA013,1989-11-08,32.0,
08JA013,1989-12-08,35.20000076293945,
08JA013,1990-01-08,35.29999923706055,
08JA013,1990-02-08,35.099998474121094,
08JA013,1990-03-08,34.29999923706055,
08JA013,1990-04-08,85.0,
08JA013,1990-05-08,49.0,
08JA013,1990-06-08,49.0,
08JA013,1990-07-08,49.29999923706055,
08JA013,1990-08-08,171.0,
08JA013,1990-09-08,31.0,
08JA013,1990-10-08,33.70000076293945,
08JA013,1990-11-08,33.400001525878906,
08JA013,1990-12-08,32.79999923706055,
08JA013,1991-01-08,32.599998474121094,
08JA013,1991-02-08,32.0,
08JA013,1991-03-08,51.0,
08JA013,1991-04-08,84.80000305175781,
08JA013,1991-05-08,48.29999923706055,
08JA013,1991-06-08,49.70000076293945,
08JA013,1991-07-08,49.09999847412109,
08JA013,1991-08-08,289.0,
08JA013,1991-09-08,11.899999618530272,
08JA013,1991-10-08,32.79999923706055,
08JA013,1991-11-08,32.599998474121094,
08JA013,1991-12-08,32.400001525878906,
08JA013,1992-01-08,32.099998474121094,
08JA013,1992-02-08,31.700000762939453,
08JA013,1992-03-08,31.399999618530277,
08JA013,1992-04-08,31.5,
08JA013,1992-05-08,49.5,
08JA013,1992-06-08,49.70000076293945,
08JA013,1992-07-08,282.0,
08JA013,1992-08-08,170.0,
08JA013,1992-09-08,32.599998474121094,
08JA013,1992-10-08,33.0,
08JA013,1992-11-08,33.400001525878906,
08JA013,1992-12-08,33.099998474121094,
08JA013,1993-01-08,32.599998474121094,
08JA013,1993-02-08,33.20000076293945,
08JA013,1993-03-08,32.5,
08JA013,1993-04-08,33.0,
08JA013,1993-05-08,49.5,
08JA013,1993-06-08,49.70000076293945,
08JA013,1993-07-08,49.5,
08JA013,1993-08-08,14.199999809265137,
08JA013,1993-09-08,32.5,
08JA013,1993-10-08,32.79999923706055,
08JA013,1993-11-08,32.70000076293945,
08JA013,1993-12-08,33.5,
08JA013,1994-01-08,33.0,
08JA013,1994-02-08,32.599998474121094,
08JA013,1994-03-08,32.20000076293945,
08JA013,1994-04-08,31.899999618530277,
08JA013,1994-05-08,49.70000076293945,
08JA013,1994-06-08,49.20000076293945,
08JA013,1994-07-08,49.09999847412109,
08JA013,1994-08-08,14.199999809265137,
08JA013,1994-09-08,31.5,
08JA013,1994-10-08,31.299999237060547,
08JA013,1994-11-08,31.200000762939453,
08JA013,1994-12-08,40.59999847412109,
08JA013,1995-01-08,36.5,
08JA013,1995-02-08,35.70000076293945,
08JA013,1995-03-08,35.099998474121094,
08JA013,1995-04-08,40.79999923706055,
08JA013,1995-05-08,57.59999847412109,
08JA013,1995-06-08,49.400001525878906,
08JA013,1995-07-08,59.09999847412109,
08JA013,1995-08-08,170.0,
08JA013,1995-09-08,32.099998474121094,
08JA013,1995-10-08,32.599998474121094,
08JA013,1995-11-08,32.099998474121094,
08JA013,1995-12-08,34.599998474121094,
08JA013,1996-01-08,34.0,
08JA013,1996-02-08,33.900001525878906,
08JA013,1996-03-08,33.29999923706055,
08JA013,1996-04-08,32.900001525878906,
08JA013,1996-05-08,50.29999923706055,
08JA013,1996-06-08,54.0,
08JA013,1996-07-08,255.0,
08JA013,1996-08-08,170.0,
08JA013,1996-09-08,33.0,
08JA013,1996-10-08,151.0,
08JA013,1996-11-08,227.0,
08JA013,1996-12-08,60.5,
08JA013,1997-01-08,59.5,
08JA013,1997-02-08,58.5,
08JA013,1997-03-08,57.400001525878906,
08JA013,1997-04-08,56.5,
08JA013,1997-05-08,85.9000015258789,
08JA013,1997-06-08,256.0,
08JA013,1997-07-08,342.0,
08JA013,1997-08-08,332.0,
08JA013,1997-09-08,85.19999694824219,
08JA013,1997-10-08,85.30000305175781,
08JA013,1997-11-08,57.29999923706055,
08JA013,1997-12-08,56.400001525878906,
08JA013,1998-01-08,55.5,
08JA013,1998-02-08,54.29999923706055,
08JA013,1998-03-08,52.900001525878906,
08JA013,1998-04-08,51.5,
08JA013,1998-05-08,51.70000076293945,
08JA013,1998-06-08,53.20000076293945,
08JA013,1998-07-08,228.0,
08JA013,1998-08-08,14.800000190734863,
08JA013,1998-09-08,29.399999618530277,
08JA013,1998-10-08,30.100000381469727,
08JA013,1998-11-08,29.899999618530277,
08JA013,1998-12-08,30.299999237060547,
08JA013,1999-01-08,29.899999618530277,
08JA013,1999-02-08,29.5,
08JA013,1999-03-08,30.0,
08JA013,1999-04-08,29.399999618530277,
08JA013,1999-05-08,49.400001525878906,
08JA013,1999-06-08,49.29999923706055,
08JA013,1999-07-08,49.0,
08JA013,1999-08-08,195.0,
08JA013,1999-09-08,33.0,
08JA013,1999-10-08,33.70000076293945,
08JA013,1999-11-08,33.29999923706055,
08JA013,1999-12-08,32.79999923706055,
08JA013,2000-01-08,33.20000076293945,
08JA013,2000-02-08,32.29999923706055,
08JA013,2000-03-08,32.400001525878906,
08JA013,2000-04-08,32.5,
08JA013,2000-05-08,48.900001525878906,
08JA013,2000-06-08,48.900001525878906,
08JA013,2000-07-08,48.59999847412109,
08JA013,2000-08-08,14.100000381469728,
08JA013,2000-09-08,32.900001525878906,
08JA013,2000-10-08,32.599998474121094,
08JA013,2000-11-08,32.099998474121094,
08JA013,2000-12-08,31.899999618530277,
08JA013,2001-01-08,32.5,
08JA013,2001-02-08,32.5,
08JA013,2001-03-08,32.5,
08JA013,2001-04-08,32.79999923706055,
08JA013,2001-05-08,52.5,
08JA013,2001-06-08,54.0,
08JA013,2001-07-08,60.29999923706055,
08JA013,2001-08-08,325.0,
08JA013,2001-09-08,30.0,
08JA013,2001-10-08,30.0,
08JA013,2001-11-08,30.0,
08JA013,2001-12-08,30.0,
08JA013,2002-01-08,31.799999237060547,
08JA013,2002-02-08,31.299999237060547,
08JA013,2002-03-08,30.799999237060547,
08JA013,2002-04-08,30.299999237060547,
08JA013,2002-05-08,54.70000076293945,
08JA013,2002-06-08,56.20000076293945,
08JA013,2002-07-08,55.5,
08JA013,2002-08-08,227.0,
08JA013,2002-09-08,30.0,
08JA013,2002-10-08,30.0,
08JA013,2002-11-08,85.0,
08JA013,2002-12-08,85.0,
08JA013,2003-01-08,31.5,
08JA013,2003-02-08,31.100000381469727,
08JA013,2003-03-08,30.600000381469727,
08JA013,2003-04-08,30.0,
08JA013,2003-05-08,50.29999923706055,
08JA013,2003-06-08,49.29999923706055,
08JA013,2003-07-08,49.5,
08JA013,2003-08-08,270.0,
08JA013,2003-09-08,33.20000076293945,
08JA013,2003-10-08,32.79999923706055,
08JA013,2003-11-08,33.0,
08JA013,2003-12-08,32.5,
08JA013,2004-01-08,32.900001525878906,
08JA013,2004-02-08,32.29999923706055,
08JA013,2004-03-08,32.599998474121094,
08JA013,2004-04-08,33.0,
08JA013,2004-05-08,53.0,
08JA013,2004-06-08,53.0,
08JA013,2004-07-08,53.20000076293945,
08JA013,2004-08-08,450.0,
08JA013,2004-09-08,30.100000381469727,
08JA013,2004-10-08,29.5,
08JA013,2004-11-08,30.200000762939453,
08JA013,2004-12-08,31.0,
08JA013,2005-01-08,31.200000762939453,
08JA013,2005-02-08,31.399999618530277,
08JA013,2005-03-08,31.299999237060547,
08JA013,2005-04-08,44.70000076293945,
08JA013,2005-05-08,283.0,
08JA013,2005-06-08,64.0999984741211,
08JA013,2005-07-08,114.0,
08JA013,2005-08-08,170.0,
08JA013,2005-09-08,32.400001525878906,
08JA013,2005-10-08,32.20000076293945,
08JA013,2005-11-08,86.30000305175781,
08JA013,2005-12-08,86.19999694824219,
08JA013,2006-01-08,85.0999984741211,
08JA013,2006-02-08,54.900001525878906,
08JA013,2006-03-08,32.79999923706055,
08JA013,2006-04-08,32.099998474121094,
08JA013,2006-05-08,49.59999847412109,
08JA013,2006-06-08,49.79999923706055,
08JA013,2006-07-08,50.29999923706055,
08JA013,2006-08-08,171.0,
08JA013,2006-09-08,31.899999618530277,
08JA013,2006-10-08,32.20000076293945,
08JA013,2006-11-08,33.20000076293945,
08JA013,2006-12-08,33.20000076293945,
08JA013,2007-01-08,33.20000076293945,
08JA013,2007-02-08,32.900001525878906,
08JA013,2007-03-08,42.400001525878906,
08JA013,2007-04-08,125.0,
08JA013,2007-05-08,49.79999923706055,
08JA013,2007-06-08,304.0,
08JA013,2007-07-08,570.0,
08JA013,2007-08-08,279.0,
08JA013,2007-09-08,49.29999923706055,
08JA013,2007-10-08,64.30000305175781,
08JA013,2007-11-08,110.0,
08JA013,2007-12-08,84.0,
08JA013,2008-01-08,82.5999984741211,
08JA013,2008-02-08,80.5,
08JA013,2008-03-08,33.599998474121094,
08JA013,2008-04-08,32.79999923706055,
08JA013,2008-05-08,48.900001525878906,
08JA013,2008-06-08,50.70000076293945,
08JA013,2008-07-08,50.20000076293945,
08JA013,2008-08-08,168.0,
08JA013,2008-09-08,33.099998474121094,
08JA013,2008-10-08,32.70000076293945,
08JA013,2008-11-08,33.400001525878906,
08JA013,2008-12-08,33.5,
08JA013,2009-01-08,35.29999923706055,
08JA013,2009-02-08,34.70000076293945,
08JA013,2009-03-08,34.0,
08JA013,2009-04-08,33.20000076293945,
08JA013,2009-05-08,49.400001525878906,
08JA013,2009-06-08,50.70000076293945,
08JA013,2009-07-08,49.59999847412109,
08JA013,2009-08-08,452.0,
08JA013,2009-09-08,32.400001525878906,
08JA013,2009-10-08,34.0,
08JA013,2009-11-08,34.0,
08JA013,2009-12-08,33.900001525878906,
08JA013,2010-01-08,33.29999923706055,
08JA013,2010-02-08,32.79999923706055,
08JA013,2010-03-08,32.20000076293945,
08JA013,2010-04-08,31.399999618530277,
08JA013,2010-05-08,49.20000076293945,
08JA013,2010-06-08,50.79999923706055,
08JA013,2010-07-08,50.59999847412109,
08JA013,2010-08-08,169.0,
08JA013,2010-09-08,32.70000076293945,
08JA013,2010-10-08,33.29999923706055,
08JA013,2010-11-08,125.0,
08JA013,2010-12-08,74.19999694824219,
08JA013,2011-01-08,33.900001525878906,
08JA013,2011-02-08,33.5,
08JA013,2011-03-08,33.0,
08JA013,2011-04-08,32.400001525878906,
08JA013,2011-05-08,79.9000015258789,
08JA013,2011-06-08,242.0,
08JA013,2011-07-08,325.0,
08JA013,2011-08-08,324.0,
08JA013,2011-09-08,65.0999984741211,
08JA013,2011-10-08,503.0,
08JA013,2011-11-08,59.79999923706055,
08JA013,2011-12-08,59.59999847412109,
08JA013,2012-01-08,80.19999694824219,
08JA013,2012-02-08,79.19999694824219,
08JA013,2012-03-08,123.0,
08JA013,2012-04-08,118.0,
08JA013,2012-05-08,175.0,
08JA013,2012-06-08,231.0,
08JA013,2012-07-08,249.0,
08JA013,2012-08-08,292.0,
08JA013,2012-09-08,64.5,
08JA013,2012-10-08,63.70000076293945,
08JA013,2012-11-08,62.79999923706055,
08JA013,2012-12-08,38.79999923706055,
08JA013,2013-01-08,37.900001525878906,
08JA013,2013-02-08,31.100000381469727,
08JA013,2013-03-08,30.399999618530277,
08JA013,2013-04-08,31.600000381469727,
08JA013,2013-05-08,49.70000076293945,
08JA013,2013-06-08,49.70000076293945,
08JA013,2013-07-08,49.70000076293945,
08JA013,2013-08-08,279.0,
08JA013,2013-09-08,31.700000762939453,
08JA013,2013-10-08,31.399999618530277,
08JA013,2013-11-08,32.900001525878906,
08JA013,2013-12-08,34.099998474121094,
08JA013,2014-01-08,33.599998474121094,
08JA013,2014-02-08,33.0,
08JA013,2014-03-08,32.400001525878906,
08JA013,2014-04-08,34.599998474121094,
08JA013,2014-05-08,49.400001525878906,
08JA013,2014-06-08,48.0,
08JA013,2014-07-08,49.09999847412109,
08JA013,2014-08-08,170.0,
08JA013,2014-09-08,31.700000762939453,
08JA013,2014-10-08,33.400001525878906,
08JA013,2014-11-08,34.099998474121094,
08JA013,2014-12-08,34.29999923706055,
08JA013,2015-01-08,34.20000076293945,
08JA013,2015-02-08,30.399999618530277,
08JA013,2015-03-08,45.29999923706055,
08JA013,2015-04-08,135.0,
08JA013,2015-05-08,214.0,
08JA013,2015-06-08,458.0,
08JA013,2015-07-08,118.0,
08JA013,2015-08-08,169.0,
08JA013,2015-09-08,32.400001525878906,
08JA013,2015-10-08,32.099998474121094,
08JA013,2015-11-08,29.799999237060547,
08JA013,2015-12-08,30.5,
08JA013,2016-01-08,29.899999618530277,
08JA013,2016-02-08,29.399999618530277,
08JA013,2016-03-08,28.899999618530277,
08JA013,2016-04-08,29.799999237060547,
08JA013,2016-05-08,48.59999847412109,
08JA013,2016-06-08,48.900001525878906,
08JA013,2016-07-08,48.70000076293945,
08JA013,2016-08-08,92.5999984741211,
08JA013,2016-09-08,31.200000762939453,
08JA013,2016-10-08,32.0,
08JA013,2016-11-08,32.20000076293945,
08JA013,2016-12-08,31.5,
08JA013,2017-01-08,31.200000762939453,
08JA013,2017-02-08,30.700000762939453,
08JA013,2017-03-08,32.400001525878906,
08JA013,2017-04-08,31.899999618530277,
08JA013,2017-05-08,49.09999847412109,
08JA013,2017-06-08,205.0,
08JA013,2017-07-08,144.0,
08JA013,2017-08-08,282.0,
08JA013,2017-09-08,31.700000762939453,
08JA013,2017-10-08,32.5,
08JA013,2017-11-08,65.5,
08JA013,2017-12-08,79.5,
08JA013,2018-01-08,77.80000305175781,
08JA013,2018-02-08,35.900001525878906,
08JA013,2018-03-08,39.0,
08JA013,2018-04-08,63.900001525878906,
08JA013,2018-05-08,50.0,
08JA013,2018-06-08,151.0,
08JA013,2018-07-08,49.400001525878906,
08JA013,2018-08-08,203.0,
08JA013,2018-09-08,33.0,
08JA013,2018-10-08,28.200000762939453,
08JA013,2018-11-08,32.900001525878906,
08JA013,2018-12-08,32.5,
08JA013,2019-01-08,32.0,
08JA013,2019-02-08,31.399999618530277,
08JA013,2019-03-08,30.600000381469727,
08JA013,2019-04-08,31.899999618530277,
08JA013,2019-05-08,49.70000076293945,
08JA013,2019-06-08,48.70000076293945,
08JA013,2019-07-08,48.79999923706055,
08JA013,2019-08-08,253.0,
08JA013,2019-09-08,32.0,
08JA013,2019-10-08,31.700000762939453,
08JA013,2019-11-08,31.799999237060547,
08JA013,2019-12-08,32.099998474121094,
08JA013,2020-01-08,31.899999618530277,
08JA013,2020-02-08,31.700000762939453,
08JA013,2020-03-08,33.20000076293945,
08JA013,2020-04-08,34.29999923706055,
08JA013,2020-05-08,49.400001525878906,
08JA013,2020-06-08,48.900001525878906,
08JA013,2020-07-08,48.59999847412109,
08JA013,2020-08-08,171.0,
08JA013,2020-09-08,32.400001525878906,
08JA013,2020-10-08,32.20000076293945,
08JA013,2020-11-08,252.0,
08JA013,2020-12-08,70.69999694824219,
08JA013,2021-01-08,84.30000305175781,
08JA013,2021-02-08,83.69999694824219,
08JA013,2021-03-08,81.80000305175781,
08JA013,2021-04-08,199.0,
08JA013,2021-05-08,200.0,
08JA013,2021-06-08,275.0,
08JA013,2021-07-08,199.0,
08JA013,2021-08-08,280.0,
08JA013,2021-09-08,79.0999984741211,
08JA013,2021-10-08,230.0,
08JA013,2021-11-08,40.29999923706055,
08JA013,2021-12-08,40.29999923706055,
08JA013,2022-01-08,40.0,
08JA013,2022-02-08,39.70000076293945,
08JA013,2022-03-08,41.59999847412109,
08JA013,2022-04-08,41.5,
08JA013,2022-05-08,41.70000076293945,
08JA013,2022-06-08,282.0,
08JA013,2022-07-08,383.0,
08JA013,2022-08-08,296.0,
08JA013,2022-09-08,58.900001525878906,
08JA013,2022-10-08,60.400001525878906,
08JA013,2022-11-08,38.900001525878906,
08JA013,2022-12-08,33.70000076293945,
08JA013,2023-01-08,33.099998474121094,
08JA013,2023-02-08,32.599998474121094,
08JA013,2023-03-08,32.099998474121094,
08JA013,2023-04-08,33.5,
08JA013,2023-05-08,33.599998474121094,
08JA013,2023-06-08,50.0,
08JA013,2023-07-08,63.0,
08JA013,2023-08-08,169.0,
08JA013,2023-09-08,32.79999923706055,
08JA013,2023-10-08,32.900001525878906,
08JA013,2023-11-08,32.5,
08JA013,2023-12-08,32.20000076293945,
08JA013,2024-01-08,31.899999618530277,
08JA013,2024-02-08,33.29999923706055,
08JA013,2024-03-08,32.599998474121094,
08JA013,2024-04-08,32.099998474121094,
08JA013,2024-05-08,49.09999847412109,
08JA013,2024-06-08,50.900001525878906,
08JA013,2024-07-08,49.79999923706055,
08JA013,2024-08-08,278.0,
08JA013,2024-09-08,31.700000762939453,
08JA013,2024-10-08,32.400001525878906,
08JA013,2024-11-08,32.5,
08JA013,2024-12-08,32.099998474121094,
08JA013,2025-01-08,32.099998474121094,
08JA013,2025-02-08,31.700000762939453,
08JA013,2025-03-08,31.200000762939453,
08JA013,2025-04-08,30.799999237060547,
08JA013,2025-05-08,31.299999237060547,
08JA013,2025-06-08,32.400001525878906,
08JA013,2025-07-08,33.099998474121094,
08JA013,2025-08-08,386.0,
08JA013,2025-09-08,31.5,
08JA013,2025-10-08,31.299999237060547,
08JA013,2025-11-08,31.299999237060547,
08JA013,2025-12-08,31.700000762939453,
08JA013,1955-06-09,1.4199999570846558,
08JA013,1955-11-09,,
08JA013,1956-01-09,0.0,
08JA013,1956-02-09,2.8299999237060547,
08JA013,1956-03-09,5.659999847412109,
08JA013,1956-04-09,5.659999847412109,
08JA013,1956-05-09,5.659999847412109,
08JA013,1956-06-09,0.0,
08JA013,1956-07-09,0.0,
08JA013,1956-08-09,2.8299999237060547,
08JA013,1956-09-09,51.0,
08JA013,1956-10-09,0.0,
08JA013,1956-11-09,0.0,
08JA013,1956-12-09,0.0,
08JA013,1957-01-09,113.0,
08JA013,1957-02-09,255.0,
08JA013,1957-03-09,258.0,
08JA013,1957-04-09,0.0,
08JA013,1957-05-09,258.0,
08JA013,1957-06-09,170.0,
08JA013,1957-07-09,0.0,
08JA013,1957-08-09,0.0,
08JA013,1957-09-09,79.30000305175781,
08JA013,1957-10-09,155.0,
08JA013,1957-11-09,154.0,
08JA013,1957-12-09,241.0,
08JA013,1958-01-09,331.0,
08JA013,1958-02-09,118.0,
08JA013,1958-03-09,286.0,
08JA013,1958-04-09,331.0,
08JA013,1958-05-09,258.0,
08JA013,1958-06-09,0.0,
08JA013,1958-07-09,306.0,
08JA013,1958-08-09,294.0,
08JA013,1958-09-09,283.0,
08JA013,1958-10-09,334.0,
08JA013,1958-11-09,320.0,
08JA013,1958-12-09,126.0,
08JA013,1959-01-09,124.0,
08JA013,1959-02-09,65.0999984741211,
08JA013,1959-03-09,63.400001525878906,
08JA013,1959-04-09,63.400001525878906,
08JA013,1959-05-09,64.5999984741211,
08JA013,1959-06-09,0.0,
08JA013,1959-07-09,222.0,
08JA013,1959-08-09,309.0,
08JA013,1959-09-09,371.0,
08JA013,1959-10-09,365.0,
08JA013,1959-11-09,428.0,
08JA013,1959-12-09,283.0,
08JA013,1960-01-09,37.70000076293945,
08JA013,1960-02-09,95.6999969482422,
08JA013,1960-03-09,92.9000015258789,
08JA013,1960-04-09,226.0,
08JA013,1960-05-09,368.0,
08JA013,1960-06-09,362.0,
08JA013,1960-07-09,0.0,
08JA013,1960-08-09,175.0,
08JA013,1960-09-09,264.0,
08JA013,1960-10-09,88.5999984741211,
08JA013,1960-11-09,189.0,
08JA013,1960-12-09,111.0,
08JA013,1961-01-09,59.70000076293945,
08JA013,1961-02-09,29.700000762939453,
08JA013,1961-03-09,42.5,
08JA013,1961-04-09,42.5,
08JA013,1961-05-09,160.0,
08JA013,1961-06-09,119.0,
08JA013,1961-07-09,362.0,
08JA013,1961-08-09,241.0,
08JA013,1961-09-09,481.0,
08JA013,1961-10-09,215.0,
08JA013,1961-11-09,30.600000381469727,
08JA013,1961-12-09,29.700000762939453,
08JA013,1962-01-09,30.0,
08JA013,1962-02-09,30.600000381469727,
08JA013,1962-03-09,30.600000381469727,
08JA013,1962-04-09,30.600000381469727,
08JA013,1962-05-09,182.0,
08JA013,1962-06-09,193.0,
08JA013,1962-07-09,328.0,
08JA013,1962-08-09,231.0,
08JA013,1962-09-09,227.0,
08JA013,1962-10-09,222.0,
08JA013,1962-11-09,221.0,
08JA013,1962-12-09,46.400001525878906,
08JA013,1963-01-09,46.70000076293945,
08JA013,1963-02-09,46.70000076293945,
08JA013,1963-03-09,46.400001525878906,
08JA013,1963-04-09,46.20000076293945,
08JA013,1963-05-09,334.0,
08JA013,1963-06-09,337.0,
08JA013,1963-07-09,197.0,
08JA013,1963-08-09,199.0,
08JA013,1963-09-09,194.0,
08JA013,1963-10-09,193.0,
08JA013,1963-11-09,171.0,
08JA013,1963-12-09,42.20000076293945,
08JA013,1964-01-09,42.79999923706055,
08JA013,1964-02-09,43.0,
08JA013,1964-03-09,42.5,
08JA013,1964-04-09,38.5,
08JA013,1964-05-09,419.0,
08JA013,1964-06-09,416.0,
08JA013,1964-07-09,309.0,
08JA013,1964-08-09,201.0,
08JA013,1964-09-09,200.0,
08JA013,1964-10-09,198.0,
08JA013,1964-11-09,195.0,
08JA013,1964-12-09,70.80000305175781,
08JA013,1965-01-09,69.9000015258789,
08JA013,1965-02-09,69.0999984741211,
08JA013,1965-03-09,68.0,
08JA013,1965-04-09,67.0999984741211,
08JA013,1965-05-09,191.0,
08JA013,1965-06-09,199.0,
08JA013,1965-07-09,203.0,
08JA013,1965-08-09,203.0,
08JA013,1965-09-09,197.0,
08JA013,1965-10-09,88.9000015258789,
08JA013,1965-11-09,45.900001525878906,
08JA013,1965-12-09,46.20000076293945,
08JA013,1966-01-09,46.20000076293945,
08JA013,1966-02-09,45.900001525878906,
08JA013,1966-03-09,45.29999923706055,
08JA013,1966-04-09,45.29999923706055,
08JA013,1966-05-09,221.0,
08JA013,1966-06-09,227.0,
08JA013,1966-07-09,118.0,
08JA013,1966-08-09,34.79999923706055,
08JA013,1966-09-09,311.0,
08JA013,1966-10-09,328.0,
08JA013,1966-11-09,88.30000305175781,
08JA013,1966-12-09,88.0999984741211,
08JA013,1967-01-09,87.19999694824219,
08JA013,1967-02-09,85.80000305175781,
08JA013,1967-03-09,84.4000015258789,
08JA013,1967-04-09,166.0,
08JA013,1967-05-09,326.0,
08JA013,1967-06-09,31.399999618530277,
08JA013,1967-07-09,260.0,
08JA013,1967-08-09,259.0,
08JA013,1967-09-09,123.0,
08JA013,1967-10-09,87.80000305175781,
08JA013,1967-11-09,94.9000015258789,
08JA013,1967-12-09,60.29999923706055,
08JA013,1968-01-09,60.29999923706055,
08JA013,1968-02-09,60.59999847412109,
08JA013,1968-03-09,60.29999923706055,
08JA013,1968-04-09,59.70000076293945,
08JA013,1968-05-09,225.0,
08JA013,1968-06-09,286.0,
08JA013,1968-07-09,348.0,
08JA013,1968-08-09,190.0,
08JA013,1968-09-09,194.0,
08JA013,1968-10-09,238.0,
08JA013,1968-11-09,236.0,
08JA013,1968-12-09,91.6999969482422,
08JA013,1969-01-09,90.3000030517578,
08JA013,1969-02-09,88.5999984741211,
08JA013,1969-03-09,86.4000015258789,
08JA013,1969-04-09,84.0999984741211,
08JA013,1969-05-09,83.5,
08JA013,1969-06-09,96.8000030517578,
08JA013,1969-07-09,129.0,
08JA013,1969-08-09,101.0,
08JA013,1969-09-09,157.0,
08JA013,1969-10-09,155.0,
08JA013,1969-11-09,75.9000015258789,
08JA013,1969-12-09,76.19999694824219,
08JA013,1970-01-09,75.30000305175781,
08JA013,1970-02-09,73.5999984741211,
08JA013,1970-03-09,72.19999694824219,
08JA013,1970-04-09,55.5,
08JA013,1970-05-09,44.20000076293945,
08JA013,1970-06-09,46.400001525878906,
08JA013,1970-07-09,47.900001525878906,
08JA013,1970-08-09,90.9000015258789,
08JA013,1970-09-09,118.0,
08JA013,1970-10-09,117.0,
08JA013,1970-11-09,61.70000076293945,
08JA013,1970-12-09,60.900001525878906,
08JA013,1971-01-09,59.70000076293945,
08JA013,1971-02-09,59.20000076293945,
08JA013,1971-03-09,58.0,
08JA013,1971-04-09,56.59999847412109,
08JA013,1971-05-09,252.0,
08JA013,1971-06-09,59.70000076293945,
08JA013,1971-07-09,63.400001525878906,
08JA013,1971-08-09,174.0,
08JA013,1971-09-09,173.0,
08JA013,1971-10-09,170.0,
08JA013,1971-11-09,76.19999694824219,
08JA013,1971-12-09,75.9000015258789,
08JA013,1972-01-09,74.80000305175781,
08JA013,1972-02-09,73.30000305175781,
08JA013,1972-03-09,71.9000015258789,
08JA013,1972-04-09,70.80000305175781,
08JA013,1972-05-09,357.0,
08JA013,1972-06-09,0.0,
08JA013,1972-07-09,374.0,
08JA013,1972-08-09,351.0,
08JA013,1972-09-09,226.0,
08JA013,1972-10-09,218.0,
08JA013,1972-11-09,73.9000015258789,
08JA013,1972-12-09,72.5,
08JA013,1973-01-09,71.4000015258789,
08JA013,1973-02-09,70.5,
08JA013,1973-03-09,68.80000305175781,
08JA013,1973-04-09,66.80000305175781,
08JA013,1973-05-09,66.30000305175781,
08JA013,1973-06-09,45.29999923706055,
08JA013,1973-07-09,175.0,
08JA013,1973-08-09,88.5999984741211,
08JA013,1973-09-09,33.400001525878906,
08JA013,1973-10-09,33.70000076293945,
08JA013,1973-11-09,50.09999847412109,
08JA013,1973-12-09,49.29999923706055,
08JA013,1974-01-09,48.400001525878906,
08JA013,1974-02-09,47.900001525878906,
08JA013,1974-03-09,47.0,
08JA013,1974-04-09,258.0,
08JA013,1974-05-09,124.0,
08JA013,1974-06-09,0.0,
08JA013,1974-07-09,113.0,
08JA013,1974-08-09,227.0,
08JA013,1974-09-09,25.799999237060547,
08JA013,1974-10-09,200.0,
08JA013,1974-11-09,77.9000015258789,
08JA013,1974-12-09,73.0999984741211,
08JA013,1975-01-09,75.9000015258789,
08JA013,1975-02-09,74.80000305175781,
08JA013,1975-03-09,73.30000305175781,
08JA013,1975-04-09,72.19999694824219,
08JA013,1975-05-09,71.5999984741211,
08JA013,1975-06-09,91.6999969482422,
08JA013,1975-07-09,97.0999984741211,
08JA013,1975-08-09,98.8000030517578,
08JA013,1975-09-09,114.0,
08JA013,1975-10-09,0.0,
08JA013,1975-11-09,226.0,
08JA013,1975-12-09,86.9000015258789,
08JA013,1976-01-09,85.80000305175781,
08JA013,1976-02-09,85.0,
08JA013,1976-03-09,83.5,
08JA013,1976-04-09,273.0,
08JA013,1976-05-09,141.0,
08JA013,1976-06-09,292.0,
08JA013,1976-07-09,405.0,
08JA013,1976-08-09,442.0,
08JA013,1976-09-09,227.0,
08JA013,1976-10-09,286.0,
08JA013,1976-11-09,280.0,
08JA013,1976-12-09,176.0,
08JA013,1977-01-09,173.0,
08JA013,1977-02-09,170.0,
08JA013,1977-03-09,165.0,
08JA013,1977-04-09,328.0,
08JA013,1977-05-09,0.0,
08JA013,1977-06-09,197.0,
08JA013,1977-07-09,144.0,
08JA013,1977-08-09,106.0,
08JA013,1977-09-09,50.70000076293945,
08JA013,1977-10-09,51.79999923706055,
08JA013,1977-11-09,32.29999923706055,
08JA013,1977-12-09,51.29999923706055,
08JA013,1978-01-09,50.70000076293945,
08JA013,1978-02-09,54.900001525878906,
08JA013,1978-03-09,53.0,
08JA013,1978-04-09,51.29999923706055,
08JA013,1978-05-09,51.5,
08JA013,1978-06-09,38.20000076293945,
08JA013,1978-07-09,39.900001525878906,
08JA013,1978-08-09,34.0,
08JA013,1978-09-09,34.0,
08JA013,1978-10-09,33.70000076293945,
08JA013,1978-11-09,36.5,
08JA013,1978-12-09,35.400001525878906,
08JA013,1979-01-09,32.900001525878906,
08JA013,1979-02-09,32.099998474121094,
08JA013,1979-03-09,31.0,
08JA013,1979-04-09,30.0,
08JA013,1979-05-09,31.0,
08JA013,1979-06-09,33.29999923706055,
08JA013,1979-07-09,80.69999694824219,
08JA013,1979-08-09,82.0999984741211,
08JA013,1979-09-09,33.70000076293945,
08JA013,1979-10-09,33.400001525878906,
08JA013,1979-11-09,21.0,
08JA013,1979-12-09,12.600000381469728,
08JA013,1980-01-09,12.899999618530272,
08JA013,1980-02-09,15.600000381469728,
08JA013,1980-03-09,15.0,
08JA013,1980-04-09,15.0,
08JA013,1980-05-09,15.0,
08JA013,1980-06-09,11.800000190734863,
08JA013,1980-07-09,22.600000381469727,
08JA013,1980-08-09,292.0,
08JA013,1980-09-09,32.29999923706055,
08JA013,1980-10-09,32.400001525878906,
08JA013,1980-11-09,32.400001525878906,
08JA013,1980-12-09,32.400001525878906,
08JA013,1981-01-09,33.099998474121094,
08JA013,1981-02-09,32.900001525878906,
08JA013,1981-03-09,32.70000076293945,
08JA013,1981-04-09,57.29999923706055,
08JA013,1981-05-09,56.900001525878906,
08JA013,1981-06-09,60.59999847412109,
08JA013,1981-07-09,62.70000076293945,
08JA013,1981-08-09,534.0,
08JA013,1981-09-09,31.100000381469727,
08JA013,1981-10-09,25.5,
08JA013,1981-11-09,32.5,
08JA013,1981-12-09,32.5,
08JA013,1982-01-09,32.20000076293945,
08JA013,1982-02-09,31.899999618530277,
08JA013,1982-03-09,31.299999237060547,
08JA013,1982-04-09,55.900001525878906,
08JA013,1982-05-09,54.900001525878906,
08JA013,1982-06-09,42.5,
08JA013,1982-07-09,57.20000076293945,
08JA013,1982-08-09,142.0,
08JA013,1982-09-09,31.100000381469727,
08JA013,1982-10-09,31.100000381469727,
08JA013,1982-11-09,31.100000381469727,
08JA013,1982-12-09,31.100000381469727,
08JA013,1983-01-09,31.100000381469727,
08JA013,1983-02-09,31.100000381469727,
08JA013,1983-03-09,31.100000381469727,
08JA013,1983-04-09,49.59999847412109,
08JA013,1983-05-09,49.59999847412109,
08JA013,1983-06-09,55.5,
08JA013,1983-07-09,57.900001525878906,
08JA013,1983-08-09,260.0,
08JA013,1983-09-09,31.100000381469727,
08JA013,1983-10-09,31.0,
08JA013,1983-11-09,31.200000762939453,
08JA013,1983-12-09,31.0,
08JA013,1984-01-09,30.700000762939453,
08JA013,1984-02-09,30.5,
08JA013,1984-03-09,30.299999237060547,
08JA013,1984-04-09,53.70000076293945,
08JA013,1984-05-09,53.79999923706055,
08JA013,1984-06-09,53.09999847412109,
08JA013,1984-07-09,55.59999847412109,
08JA013,1984-08-09,170.0,
08JA013,1984-09-09,30.899999618530277,
08JA013,1984-10-09,31.299999237060547,
08JA013,1984-11-09,31.299999237060547,
08JA013,1984-12-09,31.100000381469727,
08JA013,1985-01-09,30.899999618530277,
08JA013,1985-02-09,30.399999618530277,
08JA013,1985-03-09,30.399999618530277,
08JA013,1985-04-09,58.20000076293945,
08JA013,1985-05-09,53.5,
08JA013,1985-06-09,57.79999923706055,
08JA013,1985-07-09,281.0,
08JA013,1985-08-09,276.0,
08JA013,1985-09-09,63.70000076293945,
08JA013,1985-10-09,60.70000076293945,
08JA013,1985-11-09,33.599998474121094,
08JA013,1985-12-09,32.400001525878906,
08JA013,1986-01-09,34.0,
08JA013,1986-02-09,33.0,
08JA013,1986-03-09,32.599998474121094,
08JA013,1986-04-09,56.59999847412109,
08JA013,1986-05-09,54.09999847412109,
08JA013,1986-06-09,57.79999923706055,
08JA013,1986-07-09,53.70000076293945,
08JA013,1986-08-09,259.0,
08JA013,1986-09-09,28.299999237060547,
08JA013,1986-10-09,28.299999237060547,
08JA013,1986-11-09,33.79999923706055,
08JA013,1986-12-09,36.5,
08JA013,1987-01-09,36.09999847412109,
08JA013,1987-02-09,35.5,
08JA013,1987-03-09,34.29999923706055,
08JA013,1987-04-09,35.099998474121094,
08JA013,1987-05-09,53.0,
08JA013,1987-06-09,56.79999923706055,
08JA013,1987-07-09,57.79999923706055,
08JA013,1987-08-09,227.0,
08JA013,1987-09-09,56.59999847412109,
08JA013,1987-10-09,56.59999847412109,
08JA013,1987-11-09,31.100000381469727,
08JA013,1987-12-09,34.0,
08JA013,1988-01-09,34.29999923706055,
08JA013,1988-02-09,33.400001525878906,
08JA013,1988-03-09,32.599998474121094,
08JA013,1988-04-09,54.70000076293945,
08JA013,1988-05-09,44.29999923706055,
08JA013,1988-06-09,85.19999694824219,
08JA013,1988-07-09,48.59999847412109,
08JA013,1988-08-09,168.0,
08JA013,1988-09-09,29.899999618530277,
08JA013,1988-10-09,30.0,
08JA013,1988-11-09,30.100000381469727,
08JA013,1988-12-09,30.799999237060547,
08JA013,1989-01-09,30.399999618530277,
08JA013,1989-02-09,30.0,
08JA013,1989-03-09,29.5,
08JA013,1989-04-09,29.100000381469727,
08JA013,1989-05-09,48.09999847412109,
08JA013,1989-06-09,48.29999923706055,
08JA013,1989-07-09,47.900001525878906,
08JA013,1989-08-09,14.199999809265137,
08JA013,1989-09-09,32.599998474121094,
08JA013,1989-10-09,32.599998474121094,
08JA013,1989-11-09,32.0,
08JA013,1989-12-09,35.20000076293945,
08JA013,1990-01-09,35.29999923706055,
08JA013,1990-02-09,35.0,
08JA013,1990-03-09,34.29999923706055,
08JA013,1990-04-09,113.0,
08JA013,1990-05-09,49.0,
08JA013,1990-06-09,49.09999847412109,
08JA013,1990-07-09,49.400001525878906,
08JA013,1990-08-09,161.0,
08JA013,1990-09-09,31.0,
08JA013,1990-10-09,33.70000076293945,
08JA013,1990-11-09,33.400001525878906,
08JA013,1990-12-09,32.79999923706055,
08JA013,1991-01-09,32.599998474121094,
08JA013,1991-02-09,32.0,
08JA013,1991-03-09,51.0,
08JA013,1991-04-09,84.69999694824219,
08JA013,1991-05-09,48.400001525878906,
08JA013,1991-06-09,49.79999923706055,
08JA013,1991-07-09,49.20000076293945,
08JA013,1991-08-09,14.199999809265137,
08JA013,1991-09-09,31.0,
08JA013,1991-10-09,32.79999923706055,
08JA013,1991-11-09,32.599998474121094,
08JA013,1991-12-09,32.400001525878906,
08JA013,1992-01-09,32.099998474121094,
08JA013,1992-02-09,31.700000762939453,
08JA013,1992-03-09,31.399999618530277,
08JA013,1992-04-09,31.5,
08JA013,1992-05-09,49.59999847412109,
08JA013,1992-06-09,49.79999923706055,
08JA013,1992-07-09,282.0,
08JA013,1992-08-09,170.0,
08JA013,1992-09-09,32.599998474121094,
08JA013,1992-10-09,33.0,
08JA013,1992-11-09,33.400001525878906,
08JA013,1992-12-09,33.099998474121094,
08JA013,1993-01-09,32.599998474121094,
08JA013,1993-02-09,33.20000076293945,
08JA013,1993-03-09,32.5,
08JA013,1993-04-09,33.0,
08JA013,1993-05-09,49.5,
08JA013,1993-06-09,49.79999923706055,
08JA013,1993-07-09,49.5,
08JA013,1993-08-09,61.29999923706055,
08JA013,1993-09-09,32.5,
08JA013,1993-10-09,32.79999923706055,
08JA013,1993-11-09,32.70000076293945,
08JA013,1993-12-09,33.5,
08JA013,1994-01-09,33.0,
08JA013,1994-02-09,32.599998474121094,
08JA013,1994-03-09,32.20000076293945,
08JA013,1994-04-09,31.899999618530277,
08JA013,1994-05-09,49.79999923706055,
08JA013,1994-06-09,49.20000076293945,
08JA013,1994-07-09,49.20000076293945,
08JA013,1994-08-09,101.0,
08JA013,1994-09-09,31.5,
08JA013,1994-10-09,31.299999237060547,
08JA013,1994-11-09,31.200000762939453,
08JA013,1994-12-09,40.59999847412109,
08JA013,1995-01-09,36.5,
08JA013,1995-02-09,35.70000076293945,
08JA013,1995-03-09,35.099998474121094,
08JA013,1995-04-09,40.79999923706055,
08JA013,1995-05-09,57.79999923706055,
08JA013,1995-06-09,49.400001525878906,
08JA013,1995-07-09,59.20000076293945,
08JA013,1995-08-09,170.0,
08JA013,1995-09-09,32.099998474121094,
08JA013,1995-10-09,32.599998474121094,
08JA013,1995-11-09,33.79999923706055,
08JA013,1995-12-09,34.5,
08JA013,1996-01-09,34.0,
08JA013,1996-02-09,33.900001525878906,
08JA013,1996-03-09,33.29999923706055,
08JA013,1996-04-09,33.0,
08JA013,1996-05-09,50.400001525878906,
08JA013,1996-06-09,54.09999847412109,
08JA013,1996-07-09,255.0,
08JA013,1996-08-09,170.0,
08JA013,1996-09-09,33.0,
08JA013,1996-10-09,228.0,
08JA013,1996-11-09,229.0,
08JA013,1996-12-09,60.5,
08JA013,1997-01-09,59.5,
08JA013,1997-02-09,58.400001525878906,
08JA013,1997-03-09,57.400001525878906,
08JA013,1997-04-09,56.5,
08JA013,1997-05-09,86.0999984741211,
08JA013,1997-06-09,257.0,
08JA013,1997-07-09,342.0,
08JA013,1997-08-09,331.0,
08JA013,1997-09-09,85.0999984741211,
08JA013,1997-10-09,85.4000015258789,
08JA013,1997-11-09,57.29999923706055,
08JA013,1997-12-09,56.400001525878906,
08JA013,1998-01-09,55.5,
08JA013,1998-02-09,54.20000076293945,
08JA013,1998-03-09,52.79999923706055,
08JA013,1998-04-09,51.5,
08JA013,1998-05-09,51.79999923706055,
08JA013,1998-06-09,53.29999923706055,
08JA013,1998-07-09,303.0,
08JA013,1998-08-09,14.800000190734863,
08JA013,1998-09-09,29.399999618530277,
08JA013,1998-10-09,30.100000381469727,
08JA013,1998-11-09,29.899999618530277,
08JA013,1998-12-09,30.299999237060547,
08JA013,1999-01-09,29.899999618530277,
08JA013,1999-02-09,29.5,
08JA013,1999-03-09,30.0,
08JA013,1999-04-09,29.399999618530277,
08JA013,1999-05-09,49.400001525878906,
08JA013,1999-06-09,49.400001525878906,
08JA013,1999-07-09,49.0,
08JA013,1999-08-09,15.300000190734863,
08JA013,1999-09-09,33.0,
08JA013,1999-10-09,33.70000076293945,
08JA013,1999-11-09,33.29999923706055,
08JA013,1999-12-09,32.79999923706055,
08JA013,2000-01-09,33.20000076293945,
08JA013,2000-02-09,32.29999923706055,
08JA013,2000-03-09,32.400001525878906,
08JA013,2000-04-09,32.400001525878906,
08JA013,2000-05-09,49.0,
08JA013,2000-06-09,49.0,
08JA013,2000-07-09,48.70000076293945,
08JA013,2000-08-09,14.100000381469728,
08JA013,2000-09-09,32.900001525878906,
08JA013,2000-10-09,32.599998474121094,
08JA013,2000-11-09,32.099998474121094,
08JA013,2000-12-09,31.899999618530277,
08JA013,2001-01-09,32.5,
08JA013,2001-02-09,32.5,
08JA013,2001-03-09,32.5,
08JA013,2001-04-09,32.79999923706055,
08JA013,2001-05-09,52.400001525878906,
08JA013,2001-06-09,54.20000076293945,
08JA013,2001-07-09,100.0,
08JA013,2001-08-09,28.299999237060547,
08JA013,2001-09-09,30.0,
08JA013,2001-10-09,30.0,
08JA013,2001-11-09,30.0,
08JA013,2001-12-09,30.0,
08JA013,2002-01-09,31.700000762939453,
08JA013,2002-02-09,31.299999237060547,
08JA013,2002-03-09,30.799999237060547,
08JA013,2002-04-09,30.200000762939453,
08JA013,2002-05-09,54.70000076293945,
08JA013,2002-06-09,56.29999923706055,
08JA013,2002-07-09,55.59999847412109,
08JA013,2002-08-09,227.0,
08JA013,2002-09-09,30.0,
08JA013,2002-10-09,30.0,
08JA013,2002-11-09,85.0,
08JA013,2002-12-09,85.0,
08JA013,2003-01-09,31.5,
08JA013,2003-02-09,31.100000381469727,
08JA013,2003-03-09,30.5,
08JA013,2003-04-09,30.0,
08JA013,2003-05-09,50.400001525878906,
08JA013,2003-06-09,49.400001525878906,
08JA013,2003-07-09,49.5,
08JA013,2003-08-09,280.0,
08JA013,2003-09-09,33.099998474121094,
08JA013,2003-10-09,32.79999923706055,
08JA013,2003-11-09,33.0,
08JA013,2003-12-09,32.5,
08JA013,2004-01-09,32.79999923706055,
08JA013,2004-02-09,32.20000076293945,
08JA013,2004-03-09,32.599998474121094,
08JA013,2004-04-09,33.0,
08JA013,2004-05-09,53.09999847412109,
08JA013,2004-06-09,53.09999847412109,
08JA013,2004-07-09,53.20000076293945,
08JA013,2004-08-09,448.0,
08JA013,2004-09-09,30.100000381469727,
08JA013,2004-10-09,29.5,
08JA013,2004-11-09,30.200000762939453,
08JA013,2004-12-09,31.0,
08JA013,2005-01-09,31.200000762939453,
08JA013,2005-02-09,31.399999618530277,
08JA013,2005-03-09,31.299999237060547,
08JA013,2005-04-09,44.70000076293945,
08JA013,2005-05-09,283.0,
08JA013,2005-06-09,90.5,
08JA013,2005-07-09,90.9000015258789,
08JA013,2005-08-09,170.0,
08JA013,2005-09-09,32.400001525878906,
08JA013,2005-10-09,32.20000076293945,
08JA013,2005-11-09,86.30000305175781,
08JA013,2005-12-09,86.19999694824219,
08JA013,2006-01-09,85.0,
08JA013,2006-02-09,54.79999923706055,
08JA013,2006-03-09,32.70000076293945,
08JA013,2006-04-09,32.0,
08JA013,2006-05-09,49.5,
08JA013,2006-06-09,49.5,
08JA013,2006-07-09,50.29999923706055,
08JA013,2006-08-09,171.0,
08JA013,2006-09-09,31.799999237060547,
08JA013,2006-10-09,32.20000076293945,
08JA013,2006-11-09,33.20000076293945,
08JA013,2006-12-09,33.20000076293945,
08JA013,2007-01-09,33.20000076293945,
08JA013,2007-02-09,32.900001525878906,
08JA013,2007-03-09,42.400001525878906,
08JA013,2007-04-09,170.0,
08JA013,2007-05-09,49.900001525878906,
08JA013,2007-06-09,305.0,
08JA013,2007-07-09,575.0,
08JA013,2007-08-09,279.0,
08JA013,2007-09-09,49.29999923706055,
08JA013,2007-10-09,64.19999694824219,
08JA013,2007-11-09,14.5,
08JA013,2007-12-09,84.0,
08JA013,2008-01-09,82.5999984741211,
08JA013,2008-02-09,80.4000015258789,
08JA013,2008-03-09,33.599998474121094,
08JA013,2008-04-09,32.79999923706055,
08JA013,2008-05-09,49.0,
08JA013,2008-06-09,50.09999847412109,
08JA013,2008-07-09,50.20000076293945,
08JA013,2008-08-09,168.0,
08JA013,2008-09-09,33.0,
08JA013,2008-10-09,32.70000076293945,
08JA013,2008-11-09,33.400001525878906,
08JA013,2008-12-09,34.400001525878906,
08JA013,2009-01-09,35.20000076293945,
08JA013,2009-02-09,34.70000076293945,
08JA013,2009-03-09,34.0,
08JA013,2009-04-09,33.20000076293945,
08JA013,2009-05-09,49.400001525878906,
08JA013,2009-06-09,48.59999847412109,
08JA013,2009-07-09,49.70000076293945,
08JA013,2009-08-09,451.0,
08JA013,2009-09-09,32.29999923706055,
08JA013,2009-10-09,34.0,
08JA013,2009-11-09,34.0,
08JA013,2009-12-09,33.900001525878906,
08JA013,2010-01-09,33.29999923706055,
08JA013,2010-02-09,32.79999923706055,
08JA013,2010-03-09,32.099998474121094,
08JA013,2010-04-09,31.399999618530277,
08JA013,2010-05-09,49.20000076293945,
08JA013,2010-06-09,49.09999847412109,
08JA013,2010-07-09,50.59999847412109,
08JA013,2010-08-09,169.0,
08JA013,2010-09-09,32.599998474121094,
08JA013,2010-10-09,33.29999923706055,
08JA013,2010-11-09,125.0,
08JA013,2010-12-09,74.19999694824219,
08JA013,2011-01-09,33.900001525878906,
08JA013,2011-02-09,33.5,
08JA013,2011-03-09,33.0,
08JA013,2011-04-09,32.400001525878906,
08JA013,2011-05-09,79.9000015258789,
08JA013,2011-06-09,280.0,
08JA013,2011-07-09,325.0,
08JA013,2011-08-09,323.0,
08JA013,2011-09-09,65.0999984741211,
08JA013,2011-10-09,502.0,
08JA013,2011-11-09,59.79999923706055,
08JA013,2011-12-09,59.59999847412109,
08JA013,2012-01-09,80.30000305175781,
08JA013,2012-02-09,89.19999694824219,
08JA013,2012-03-09,123.0,
08JA013,2012-04-09,118.0,
08JA013,2012-05-09,175.0,
08JA013,2012-06-09,232.0,
08JA013,2012-07-09,250.0,
08JA013,2012-08-09,292.0,
08JA013,2012-09-09,64.5,
08JA013,2012-10-09,63.59999847412109,
08JA013,2012-11-09,62.79999923706055,
08JA013,2012-12-09,38.79999923706055,
08JA013,2013-01-09,37.900001525878906,
08JA013,2013-02-09,31.100000381469727,
08JA013,2013-03-09,30.399999618530277,
08JA013,2013-04-09,31.600000381469727,
08JA013,2013-05-09,49.70000076293945,
08JA013,2013-06-09,49.79999923706055,
08JA013,2013-07-09,49.70000076293945,
08JA013,2013-08-09,280.0,
08JA013,2013-09-09,31.700000762939453,
08JA013,2013-10-09,31.399999618530277,
08JA013,2013-11-09,32.79999923706055,
08JA013,2013-12-09,34.099998474121094,
08JA013,2014-01-09,33.5,
08JA013,2014-02-09,32.900001525878906,
08JA013,2014-03-09,32.29999923706055,
08JA013,2014-04-09,34.599998474121094,
08JA013,2014-05-09,49.5,
08JA013,2014-06-09,48.09999847412109,
08JA013,2014-07-09,49.09999847412109,
08JA013,2014-08-09,249.0,
08JA013,2014-09-09,31.700000762939453,
08JA013,2014-10-09,33.400001525878906,
08JA013,2014-11-09,34.20000076293945,
08JA013,2014-12-09,34.29999923706055,
08JA013,2015-01-09,34.20000076293945,
08JA013,2015-02-09,30.399999618530277,
08JA013,2015-03-09,45.29999923706055,
08JA013,2015-04-09,135.0,
08JA013,2015-05-09,251.0,
08JA013,2015-06-09,478.0,
08JA013,2015-07-09,99.0,
08JA013,2015-08-09,169.0,
08JA013,2015-09-09,32.400001525878906,
08JA013,2015-10-09,32.099998474121094,
08JA013,2015-11-09,29.799999237060547,
08JA013,2015-12-09,30.5,
08JA013,2016-01-09,29.899999618530277,
08JA013,2016-02-09,29.299999237060547,
08JA013,2016-03-09,28.899999618530277,
08JA013,2016-04-09,29.799999237060547,
08JA013,2016-05-09,48.70000076293945,
08JA013,2016-06-09,48.900001525878906,
08JA013,2016-07-09,48.79999923706055,
08JA013,2016-08-09,283.0,
08JA013,2016-09-09,31.200000762939453,
08JA013,2016-10-09,32.0,
08JA013,2016-11-09,32.29999923706055,
08JA013,2016-12-09,31.5,
08JA013,2017-01-09,31.200000762939453,
08JA013,2017-02-09,30.700000762939453,
08JA013,2017-03-09,32.400001525878906,
08JA013,2017-04-09,31.899999618530277,
08JA013,2017-05-09,49.20000076293945,
08JA013,2017-06-09,206.0,
08JA013,2017-07-09,144.0,
08JA013,2017-08-09,281.0,
08JA013,2017-09-09,31.600000381469727,
08JA013,2017-10-09,32.5,
08JA013,2017-11-09,65.5,
08JA013,2017-12-09,79.4000015258789,
08JA013,2018-01-09,77.80000305175781,
08JA013,2018-02-09,35.900001525878906,
08JA013,2018-03-09,50.0,
08JA013,2018-04-09,63.79999923706055,
08JA013,2018-05-09,50.29999923706055,
08JA013,2018-06-09,251.0,
08JA013,2018-07-09,49.400001525878906,
08JA013,2018-08-09,14.5,
08JA013,2018-09-09,33.0,
08JA013,2018-10-09,28.100000381469727,
08JA013,2018-11-09,32.900001525878906,
08JA013,2018-12-09,32.400001525878906,
08JA013,2019-01-09,32.0,
08JA013,2019-02-09,31.399999618530277,
08JA013,2019-03-09,30.600000381469727,
08JA013,2019-04-09,31.899999618530277,
08JA013,2019-05-09,49.79999923706055,
08JA013,2019-06-09,48.79999923706055,
08JA013,2019-07-09,48.79999923706055,
08JA013,2019-08-09,327.0,
08JA013,2019-09-09,32.0,
08JA013,2019-10-09,31.700000762939453,
08JA013,2019-11-09,31.799999237060547,
08JA013,2019-12-09,32.0,
08JA013,2020-01-09,31.899999618530277,
08JA013,2020-02-09,31.700000762939453,
08JA013,2020-03-09,33.20000076293945,
08JA013,2020-04-09,34.20000076293945,
08JA013,2020-05-09,49.59999847412109,
08JA013,2020-06-09,48.59999847412109,
08JA013,2020-07-09,48.59999847412109,
08JA013,2020-08-09,170.0,
08JA013,2020-09-09,32.400001525878906,
08JA013,2020-10-09,32.20000076293945,
08JA013,2020-11-09,252.0,
08JA013,2020-12-09,70.69999694824219,
08JA013,2021-01-09,84.30000305175781,
08JA013,2021-02-09,83.5999984741211,
08JA013,2021-03-09,81.69999694824219,
08JA013,2021-04-09,199.0,
08JA013,2021-05-09,200.0,
08JA013,2021-06-09,275.0,
08JA013,2021-07-09,186.0,
08JA013,2021-08-09,279.0,
08JA013,2021-09-09,79.0999984741211,
08JA013,2021-10-09,249.0,
08JA013,2021-11-09,40.29999923706055,
08JA013,2021-12-09,40.29999923706055,
08JA013,2022-01-09,40.0,
08JA013,2022-02-09,39.70000076293945,
08JA013,2022-03-09,41.59999847412109,
08JA013,2022-04-09,41.5,
08JA013,2022-05-09,41.70000076293945,
08JA013,2022-06-09,283.0,
08JA013,2022-07-09,390.0,
08JA013,2022-08-09,296.0,
08JA013,2022-09-09,58.900001525878906,
08JA013,2022-10-09,60.29999923706055,
08JA013,2022-11-09,38.900001525878906,
08JA013,2022-12-09,33.70000076293945,
08JA013,2023-01-09,33.099998474121094,
08JA013,2023-02-09,32.599998474121094,
08JA013,2023-03-09,32.0,
08JA013,2023-04-09,33.5,
08JA013,2023-05-09,39.900001525878906,
08JA013,2023-06-09,50.0,
08JA013,2023-07-09,88.9000015258789,
08JA013,2023-08-09,169.0,
08JA013,2023-09-09,32.79999923706055,
08JA013,2023-10-09,32.900001525878906,
08JA013,2023-11-09,32.5,
08JA013,2023-12-09,32.20000076293945,
08JA013,2024-01-09,31.899999618530277,
08JA013,2024-02-09,33.29999923706055,
08JA013,2024-03-09,32.599998474121094,
08JA013,2024-04-09,32.099998474121094,
08JA013,2024-05-09,49.09999847412109,
08JA013,2024-06-09,51.0,
08JA013,2024-07-09,49.79999923706055,
08JA013,2024-08-09,278.0,
08JA013,2024-09-09,31.700000762939453,
08JA013,2024-10-09,32.5,
08JA013,2024-11-09,32.5,
08JA013,2024-12-09,32.099998474121094,
08JA013,2025-01-09,32.099998474121094,
08JA013,2025-02-09,31.700000762939453,
08JA013,2025-03-09,31.200000762939453,
08JA013,2025-04-09,30.799999237060547,
08JA013,2025-05-09,31.299999237060547,
08JA013,2025-06-09,32.400001525878906,
08JA013,2025-07-09,33.099998474121094,
08JA013,2025-08-09,279.0,
08JA013,2025-09-09,31.5,
08JA013,2025-10-09,31.299999237060547,
08JA013,2025-11-09,31.399999618530277,
08JA013,2025-12-09,31.700000762939453,
08JA013,1955-06-10,1.4199999570846558,
08JA013,1955-11-10,,
08JA013,1956-01-10,0.0,
08JA013,1956-02-10,2.8299999237060547,
08JA013,1956-03-10,5.659999847412109,
08JA013,1956-04-10,5.659999847412109,
08JA013,1956-05-10,5.659999847412109,
08JA013,1956-06-10,0.0,
08JA013,1956-07-10,0.0,
08JA013,1956-08-10,2.8299999237060547,
08JA013,1956-09-10,51.0,
08JA013,1956-10-10,0.0,
08JA013,1956-11-10,0.0,
08JA013,1956-12-10,0.0,
08JA013,1957-01-10,125.0,
08JA013,1957-02-10,255.0,
08JA013,1957-03-10,262.0,
08JA013,1957-04-10,0.0,
08JA013,1957-05-10,258.0,
08JA013,1957-06-10,0.0,
08JA013,1957-07-10,0.0,
08JA013,1957-08-10,0.0,
08JA013,1957-09-10,85.0,
08JA013,1957-10-10,155.0,
08JA013,1957-11-10,154.0,
08JA013,1957-12-10,241.0,
08JA013,1958-01-10,331.0,
08JA013,1958-02-10,118.0,
08JA013,1958-03-10,306.0,
08JA013,1958-04-10,331.0,
08JA013,1958-05-10,68.0,
08JA013,1958-06-10,0.0,
08JA013,1958-07-10,306.0,
08JA013,1958-08-10,294.0,
08JA013,1958-09-10,218.0,
08JA013,1958-10-10,334.0,
08JA013,1958-11-10,320.0,
08JA013,1958-12-10,126.0,
08JA013,1959-01-10,124.0,
08JA013,1959-02-10,65.0999984741211,
08JA013,1959-03-10,63.400001525878906,
08JA013,1959-04-10,63.400001525878906,
08JA013,1959-05-10,64.5999984741211,
08JA013,1959-06-10,0.0,
08JA013,1959-07-10,222.0,
08JA013,1959-08-10,309.0,
08JA013,1959-09-10,371.0,
08JA013,1959-10-10,365.0,
08JA013,1959-11-10,428.0,
08JA013,1959-12-10,283.0,
08JA013,1960-01-10,37.70000076293945,
08JA013,1960-02-10,95.6999969482422,
08JA013,1960-03-10,92.9000015258789,
08JA013,1960-04-10,226.0,
08JA013,1960-05-10,368.0,
08JA013,1960-06-10,362.0,
08JA013,1960-07-10,0.0,
08JA013,1960-08-10,175.0,
08JA013,1960-09-10,264.0,
08JA013,1960-10-10,88.5999984741211,
08JA013,1960-11-10,189.0,
08JA013,1960-12-10,111.0,
08JA013,1961-01-10,59.70000076293945,
08JA013,1961-02-10,29.700000762939453,
08JA013,1961-03-10,42.5,
08JA013,1961-04-10,42.5,
08JA013,1961-05-10,160.0,
08JA013,1961-06-10,119.0,
08JA013,1961-07-10,362.0,
08JA013,1961-08-10,212.0,
08JA013,1961-09-10,481.0,
08JA013,1961-10-10,164.0,
08JA013,1961-11-10,30.600000381469727,
08JA013,1961-12-10,29.700000762939453,
08JA013,1962-01-10,30.0,
08JA013,1962-02-10,30.600000381469727,
08JA013,1962-03-10,30.600000381469727,
08JA013,1962-04-10,30.600000381469727,
08JA013,1962-05-10,182.0,
08JA013,1962-06-10,193.0,
08JA013,1962-07-10,328.0,
08JA013,1962-08-10,231.0,
08JA013,1962-09-10,227.0,
08JA013,1962-10-10,222.0,
08JA013,1962-11-10,221.0,
08JA013,1962-12-10,46.400001525878906,
08JA013,1963-01-10,46.70000076293945,
08JA013,1963-02-10,46.70000076293945,
08JA013,1963-03-10,46.400001525878906,
08JA013,1963-04-10,46.20000076293945,
08JA013,1963-05-10,334.0,
08JA013,1963-06-10,337.0,
08JA013,1963-07-10,197.0,
08JA013,1963-08-10,199.0,
08JA013,1963-09-10,194.0,
08JA013,1963-10-10,193.0,
08JA013,1963-11-10,171.0,
08JA013,1963-12-10,42.20000076293945,
08JA013,1964-01-10,42.79999923706055,
08JA013,1964-02-10,43.0,
08JA013,1964-03-10,42.5,
08JA013,1964-04-10,41.59999847412109,
08JA013,1964-05-10,419.0,
08JA013,1964-06-10,416.0,
08JA013,1964-07-10,309.0,
08JA013,1964-08-10,201.0,
08JA013,1964-09-10,199.0,
08JA013,1964-10-10,198.0,
08JA013,1964-11-10,195.0,
08JA013,1964-12-10,70.80000305175781,
08JA013,1965-01-10,69.9000015258789,
08JA013,1965-02-10,69.0999984741211,
08JA013,1965-03-10,68.0,
08JA013,1965-04-10,67.0999984741211,
08JA013,1965-05-10,191.0,
08JA013,1965-06-10,199.0,
08JA013,1965-07-10,203.0,
08JA013,1965-08-10,203.0,
08JA013,1965-09-10,197.0,
08JA013,1965-10-10,88.9000015258789,
08JA013,1965-11-10,45.900001525878906,
08JA013,1965-12-10,46.20000076293945,
08JA013,1966-01-10,46.20000076293945,
08JA013,1966-02-10,45.900001525878906,
08JA013,1966-03-10,45.29999923706055,
08JA013,1966-04-10,45.29999923706055,
08JA013,1966-05-10,221.0,
08JA013,1966-06-10,228.0,
08JA013,1966-07-10,202.0,
08JA013,1966-08-10,34.79999923706055,
08JA013,1966-09-10,311.0,
08JA013,1966-10-10,326.0,
08JA013,1966-11-10,88.30000305175781,
08JA013,1966-12-10,88.0999984741211,
08JA013,1967-01-10,87.19999694824219,
08JA013,1967-02-10,85.80000305175781,
08JA013,1967-03-10,84.4000015258789,
08JA013,1967-04-10,165.0,
08JA013,1967-05-10,306.0,
08JA013,1967-06-10,31.399999618530277,
08JA013,1967-07-10,260.0,
08JA013,1967-08-10,259.0,
08JA013,1967-09-10,123.0,
08JA013,1967-10-10,29.700000762939453,
08JA013,1967-11-10,94.9000015258789,
08JA013,1967-12-10,60.29999923706055,
08JA013,1968-01-10,60.29999923706055,
08JA013,1968-02-10,60.59999847412109,
08JA013,1968-03-10,60.29999923706055,
08JA013,1968-04-10,59.70000076293945,
08JA013,1968-05-10,225.0,
08JA013,1968-06-10,286.0,
08JA013,1968-07-10,348.0,
08JA013,1968-08-10,190.0,
08JA013,1968-09-10,244.0,
08JA013,1968-10-10,237.0,
08JA013,1968-11-10,236.0,
08JA013,1968-12-10,91.6999969482422,
08JA013,1969-01-10,90.3000030517578,
08JA013,1969-02-10,88.5999984741211,
08JA013,1969-03-10,86.4000015258789,
08JA013,1969-04-10,84.0999984741211,
08JA013,1969-05-10,83.80000305175781,
08JA013,1969-06-10,83.30000305175781,
08JA013,1969-07-10,129.0,
08JA013,1969-08-10,101.0,
08JA013,1969-09-10,157.0,
08JA013,1969-10-10,154.0,
08JA013,1969-11-10,75.9000015258789,
08JA013,1969-12-10,76.19999694824219,
08JA013,1970-01-10,75.30000305175781,
08JA013,1970-02-10,73.5999984741211,
08JA013,1970-03-10,72.19999694824219,
08JA013,1970-04-10,45.0,
08JA013,1970-05-10,44.20000076293945,
08JA013,1970-06-10,46.400001525878906,
08JA013,1970-07-10,47.900001525878906,
08JA013,1970-08-10,90.9000015258789,
08JA013,1970-09-10,118.0,
08JA013,1970-10-10,117.0,
08JA013,1970-11-10,61.70000076293945,
08JA013,1970-12-10,60.900001525878906,
08JA013,1971-01-10,59.70000076293945,
08JA013,1971-02-10,58.900001525878906,
08JA013,1971-03-10,57.79999923706055,
08JA013,1971-04-10,55.5,
08JA013,1971-05-10,91.5,
08JA013,1971-06-10,49.79999923706055,
08JA013,1971-07-10,63.70000076293945,
08JA013,1971-08-10,174.0,
08JA013,1971-09-10,173.0,
08JA013,1971-10-10,170.0,
08JA013,1971-11-10,76.19999694824219,
08JA013,1971-12-10,75.5999984741211,
08JA013,1972-01-10,74.80000305175781,
08JA013,1972-02-10,73.0999984741211,
08JA013,1972-03-10,71.9000015258789,
08JA013,1972-04-10,70.80000305175781,
08JA013,1972-05-10,193.0,
08JA013,1972-06-10,0.0,
08JA013,1972-07-10,232.0,
08JA013,1972-08-10,294.0,
08JA013,1972-09-10,226.0,
08JA013,1972-10-10,218.0,
08JA013,1972-11-10,73.9000015258789,
08JA013,1972-12-10,72.5,
08JA013,1973-01-10,71.4000015258789,
08JA013,1973-02-10,70.5,
08JA013,1973-03-10,68.80000305175781,
08JA013,1973-04-10,66.5,
08JA013,1973-05-10,66.30000305175781,
08JA013,1973-06-10,45.59999847412109,
08JA013,1973-07-10,175.0,
08JA013,1973-08-10,117.0,
08JA013,1973-09-10,33.70000076293945,
08JA013,1973-10-10,33.70000076293945,
08JA013,1973-11-10,49.79999923706055,
08JA013,1973-12-10,49.29999923706055,
08JA013,1974-01-10,48.400001525878906,
08JA013,1974-02-10,47.900001525878906,
08JA013,1974-03-10,47.0,
08JA013,1974-04-10,257.0,
08JA013,1974-05-10,0.0,
08JA013,1974-06-10,0.0,
08JA013,1974-07-10,226.0,
08JA013,1974-08-10,132.0,
08JA013,1974-09-10,25.799999237060547,
08JA013,1974-10-10,200.0,
08JA013,1974-11-10,77.9000015258789,
08JA013,1974-12-10,72.80000305175781,
08JA013,1975-01-10,75.9000015258789,
08JA013,1975-02-10,74.80000305175781,
08JA013,1975-03-10,73.30000305175781,
08JA013,1975-04-10,72.19999694824219,
08JA013,1975-05-10,71.5999984741211,
08JA013,1975-06-10,92.0,
08JA013,1975-07-10,97.0999984741211,
08JA013,1975-08-10,98.8000030517578,
08JA013,1975-09-10,114.0,
08JA013,1975-10-10,0.0,
08JA013,1975-11-10,225.0,
08JA013,1975-12-10,86.69999694824219,
08JA013,1976-01-10,85.80000305175781,
08JA013,1976-02-10,85.0,
08JA013,1976-03-10,83.5,
08JA013,1976-04-10,273.0,
08JA013,1976-05-10,142.0,
08JA013,1976-06-10,292.0,
08JA013,1976-07-10,433.0,
08JA013,1976-08-10,442.0,
08JA013,1976-09-10,227.0,
08JA013,1976-10-10,286.0,
08JA013,1976-11-10,280.0,
08JA013,1976-12-10,176.0,
08JA013,1977-01-10,173.0,
08JA013,1977-02-10,170.0,
08JA013,1977-03-10,165.0,
08JA013,1977-04-10,326.0,
08JA013,1977-05-10,0.0,
08JA013,1977-06-10,197.0,
08JA013,1977-07-10,144.0,
08JA013,1977-08-10,126.0,
08JA013,1977-09-10,46.20000076293945,
08JA013,1977-10-10,51.5,
08JA013,1977-11-10,32.29999923706055,
08JA013,1977-12-10,51.29999923706055,
08JA013,1978-01-10,50.70000076293945,
08JA013,1978-02-10,54.900001525878906,
08JA013,1978-03-10,53.0,
08JA013,1978-04-10,51.29999923706055,
08JA013,1978-05-10,51.79999923706055,
08JA013,1978-06-10,38.20000076293945,
08JA013,1978-07-10,39.900001525878906,
08JA013,1978-08-10,34.0,
08JA013,1978-09-10,34.29999923706055,
08JA013,1978-10-10,33.70000076293945,
08JA013,1978-11-10,36.79999923706055,
08JA013,1978-12-10,35.400001525878906,
08JA013,1979-01-10,32.70000076293945,
08JA013,1979-02-10,32.0,
08JA013,1979-03-10,31.0,
08JA013,1979-04-10,30.0,
08JA013,1979-05-10,31.0,
08JA013,1979-06-10,30.399999618530277,
08JA013,1979-07-10,80.80000305175781,
08JA013,1979-08-10,82.0999984741211,
08JA013,1979-09-10,33.70000076293945,
08JA013,1979-10-10,33.400001525878906,
08JA013,1979-11-10,20.799999237060547,
08JA013,1979-12-10,12.600000381469728,
08JA013,1980-01-10,12.699999809265137,
08JA013,1980-02-10,15.600000381469728,
08JA013,1980-03-10,15.0,
08JA013,1980-04-10,15.0,
08JA013,1980-05-10,15.0,
08JA013,1980-06-10,11.800000190734863,
08JA013,1980-07-10,22.600000381469727,
08JA013,1980-08-10,453.0,
08JA013,1980-09-10,32.29999923706055,
08JA013,1980-10-10,32.400001525878906,
08JA013,1980-11-10,32.400001525878906,
08JA013,1980-12-10,32.400001525878906,
08JA013,1981-01-10,33.099998474121094,
08JA013,1981-02-10,32.900001525878906,
08JA013,1981-03-10,32.70000076293945,
08JA013,1981-04-10,57.29999923706055,
08JA013,1981-05-10,56.900001525878906,
08JA013,1981-06-10,60.70000076293945,
08JA013,1981-07-10,62.70000076293945,
08JA013,1981-08-10,403.0,
08JA013,1981-09-10,31.100000381469727,
08JA013,1981-10-10,25.5,
08JA013,1981-11-10,32.5,
08JA013,1981-12-10,32.5,
08JA013,1982-01-10,32.20000076293945,
08JA013,1982-02-10,31.899999618530277,
08JA013,1982-03-10,31.299999237060547,
08JA013,1982-04-10,55.79999923706055,
08JA013,1982-05-10,50.70000076293945,
08JA013,1982-06-10,49.70000076293945,
08JA013,1982-07-10,57.20000076293945,
08JA013,1982-08-10,142.0,
08JA013,1982-09-10,31.100000381469727,
08JA013,1982-10-10,31.100000381469727,
08JA013,1982-11-10,31.100000381469727,
08JA013,1982-12-10,31.100000381469727,
08JA013,1983-01-10,31.100000381469727,
08JA013,1983-02-10,31.100000381469727,
08JA013,1983-03-10,31.100000381469727,
08JA013,1983-04-10,49.59999847412109,
08JA013,1983-05-10,49.59999847412109,
08JA013,1983-06-10,55.5,
08JA013,1983-07-10,57.900001525878906,
08JA013,1983-08-10,453.0,
08JA013,1983-09-10,31.100000381469727,
08JA013,1983-10-10,31.0,
08JA013,1983-11-10,31.200000762939453,
08JA013,1983-12-10,31.0,
08JA013,1984-01-10,30.700000762939453,
08JA013,1984-02-10,30.5,
08JA013,1984-03-10,30.299999237060547,
08JA013,1984-04-10,53.70000076293945,
08JA013,1984-05-10,53.79999923706055,
08JA013,1984-06-10,53.20000076293945,
08JA013,1984-07-10,55.59999847412109,
08JA013,1984-08-10,263.0,
08JA013,1984-09-10,30.899999618530277,
08JA013,1984-10-10,31.299999237060547,
08JA013,1984-11-10,31.299999237060547,
08JA013,1984-12-10,31.100000381469727,
08JA013,1985-01-10,30.899999618530277,
08JA013,1985-02-10,30.399999618530277,
08JA013,1985-03-10,30.399999618530277,
08JA013,1985-04-10,58.20000076293945,
08JA013,1985-05-10,53.59999847412109,
08JA013,1985-06-10,57.900001525878906,
08JA013,1985-07-10,281.0,
08JA013,1985-08-10,275.0,
08JA013,1985-09-10,63.70000076293945,
08JA013,1985-10-10,60.59999847412109,
08JA013,1985-11-10,33.599998474121094,
08JA013,1985-12-10,32.400001525878906,
08JA013,1986-01-10,33.900001525878906,
08JA013,1986-02-10,33.0,
08JA013,1986-03-10,32.599998474121094,
08JA013,1986-04-10,56.59999847412109,
08JA013,1986-05-10,48.70000076293945,
08JA013,1986-06-10,58.0,
08JA013,1986-07-10,53.79999923706055,
08JA013,1986-08-10,307.0,
08JA013,1986-09-10,28.299999237060547,
08JA013,1986-10-10,28.299999237060547,
08JA013,1986-11-10,33.79999923706055,
08JA013,1986-12-10,36.5,
08JA013,1987-01-10,36.09999847412109,
08JA013,1987-02-10,35.5,
08JA013,1987-03-10,34.099998474121094,
08JA013,1987-04-10,35.099998474121094,
08JA013,1987-05-10,53.20000076293945,
08JA013,1987-06-10,56.900001525878906,
08JA013,1987-07-10,57.900001525878906,
08JA013,1987-08-10,227.0,
08JA013,1987-09-10,56.59999847412109,
08JA013,1987-10-10,56.59999847412109,
08JA013,1987-11-10,31.100000381469727,
08JA013,1987-12-10,34.0,
08JA013,1988-01-10,34.29999923706055,
08JA013,1988-02-10,33.400001525878906,
08JA013,1988-03-10,32.5,
08JA013,1988-04-10,54.70000076293945,
08JA013,1988-05-10,44.29999923706055,
08JA013,1988-06-10,48.400001525878906,
08JA013,1988-07-10,48.59999847412109,
08JA013,1988-08-10,168.0,
08JA013,1988-09-10,29.899999618530277,
08JA013,1988-10-10,30.0,
08JA013,1988-11-10,30.100000381469727,
08JA013,1988-12-10,30.899999618530277,
08JA013,1989-01-10,30.399999618530277,
08JA013,1989-02-10,30.0,
08JA013,1989-03-10,29.5,
08JA013,1989-04-10,29.100000381469727,
08JA013,1989-05-10,48.29999923706055,
08JA013,1989-06-10,48.400001525878906,
08JA013,1989-07-10,48.0,
08JA013,1989-08-10,14.199999809265137,
08JA013,1989-09-10,32.599998474121094,
08JA013,1989-10-10,32.599998474121094,
08JA013,1989-11-10,33.70000076293945,
08JA013,1989-12-10,35.20000076293945,
08JA013,1990-01-10,35.29999923706055,
08JA013,1990-02-10,35.0,
08JA013,1990-03-10,34.29999923706055,
08JA013,1990-04-10,170.0,
08JA013,1990-05-10,49.0,
08JA013,1990-06-10,49.29999923706055,
08JA013,1990-07-10,49.400001525878906,
08JA013,1990-08-10,396.0,
08JA013,1990-09-10,30.899999618530277,
08JA013,1990-10-10,33.599998474121094,
08JA013,1990-11-10,33.400001525878906,
08JA013,1990-12-10,32.79999923706055,
08JA013,1991-01-10,32.599998474121094,
08JA013,1991-02-10,32.0,
08JA013,1991-03-10,51.0,
08JA013,1991-04-10,84.5,
08JA013,1991-05-10,48.5,
08JA013,1991-06-10,50.0,
08JA013,1991-07-10,49.20000076293945,
08JA013,1991-08-10,118.0,
08JA013,1991-09-10,31.0,
08JA013,1991-10-10,32.79999923706055,
08JA013,1991-11-10,32.599998474121094,
08JA013,1991-12-10,32.400001525878906,
08JA013,1992-01-10,32.099998474121094,
08JA013,1992-02-10,31.700000762939453,
08JA013,1992-03-10,31.399999618530277,
08JA013,1992-04-10,31.5,
08JA013,1992-05-10,49.59999847412109,
08JA013,1992-06-10,49.900001525878906,
08JA013,1992-07-10,281.0,
08JA013,1992-08-10,264.0,
08JA013,1992-09-10,32.599998474121094,
08JA013,1992-10-10,33.0,
08JA013,1992-11-10,33.400001525878906,
08JA013,1992-12-10,33.099998474121094,
08JA013,1993-01-10,32.599998474121094,
08JA013,1993-02-10,33.20000076293945,
08JA013,1993-03-10,32.5,
08JA013,1993-04-10,33.0,
08JA013,1993-05-10,49.59999847412109,
08JA013,1993-06-10,49.900001525878906,
08JA013,1993-07-10,49.59999847412109,
08JA013,1993-08-10,156.0,
08JA013,1993-09-10,32.400001525878906,
08JA013,1993-10-10,32.79999923706055,
08JA013,1993-11-10,32.599998474121094,
08JA013,1993-12-10,33.5,
08JA013,1994-01-10,33.0,
08JA013,1994-02-10,32.599998474121094,
08JA013,1994-03-10,32.20000076293945,
08JA013,1994-04-10,31.899999618530277,
08JA013,1994-05-10,49.79999923706055,
08JA013,1994-06-10,49.29999923706055,
08JA013,1994-07-10,49.20000076293945,
08JA013,1994-08-10,164.0,
08JA013,1994-09-10,31.399999618530277,
08JA013,1994-10-10,31.299999237060547,
08JA013,1994-11-10,31.200000762939453,
08JA013,1994-12-10,40.5,
08JA013,1995-01-10,36.5,
08JA013,1995-02-10,35.70000076293945,
08JA013,1995-03-10,35.0,
08JA013,1995-04-10,40.79999923706055,
08JA013,1995-05-10,57.79999923706055,
08JA013,1995-06-10,49.59999847412109,
08JA013,1995-07-10,115.0,
08JA013,1995-08-10,170.0,
08JA013,1995-09-10,32.099998474121094,
08JA013,1995-10-10,32.599998474121094,
08JA013,1995-11-10,35.099998474121094,
08JA013,1995-12-10,34.5,
08JA013,1996-01-10,34.0,
08JA013,1996-02-10,33.900001525878906,
08JA013,1996-03-10,33.29999923706055,
08JA013,1996-04-10,33.0,
08JA013,1996-05-10,50.400001525878906,
08JA013,1996-06-10,54.29999923706055,
08JA013,1996-07-10,255.0,
08JA013,1996-08-10,170.0,
08JA013,1996-09-10,41.0,
08JA013,1996-10-10,227.0,
08JA013,1996-11-10,229.0,
08JA013,1996-12-10,60.400001525878906,
08JA013,1997-01-10,59.5,
08JA013,1997-02-10,58.400001525878906,
08JA013,1997-03-10,57.29999923706055,
08JA013,1997-04-10,56.5,
08JA013,1997-05-10,86.30000305175781,
08JA013,1997-06-10,274.0,
08JA013,1997-07-10,340.0,
08JA013,1997-08-10,331.0,
08JA013,1997-09-10,85.0,
08JA013,1997-10-10,85.30000305175781,
08JA013,1997-11-10,57.29999923706055,
08JA013,1997-12-10,56.29999923706055,
08JA013,1998-01-10,55.400001525878906,
08JA013,1998-02-10,54.20000076293945,
08JA013,1998-03-10,52.79999923706055,
08JA013,1998-04-10,51.400001525878906,
08JA013,1998-05-10,52.0,
08JA013,1998-06-10,53.400001525878906,
08JA013,1998-07-10,453.0,
08JA013,1998-08-10,118.0,
08JA013,1998-09-10,29.399999618530277,
08JA013,1998-10-10,30.100000381469727,
08JA013,1998-11-10,29.799999237060547,
08JA013,1998-12-10,30.299999237060547,
08JA013,1999-01-10,29.899999618530277,
08JA013,1999-02-10,29.5,
08JA013,1999-03-10,30.0,
08JA013,1999-04-10,29.299999237060547,
08JA013,1999-05-10,49.400001525878906,
08JA013,1999-06-10,48.59999847412109,
08JA013,1999-07-10,49.09999847412109,
08JA013,1999-08-10,15.300000190734863,
08JA013,1999-09-10,33.0,
08JA013,1999-10-10,33.70000076293945,
08JA013,1999-11-10,33.29999923706055,
08JA013,1999-12-10,32.79999923706055,
08JA013,2000-01-10,33.099998474121094,
08JA013,2000-02-10,32.599998474121094,
08JA013,2000-03-10,32.29999923706055,
08JA013,2000-04-10,32.400001525878906,
08JA013,2000-05-10,49.09999847412109,
08JA013,2000-06-10,49.09999847412109,
08JA013,2000-07-10,48.70000076293945,
08JA013,2000-08-10,66.0,
08JA013,2000-09-10,32.900001525878906,
08JA013,2000-10-10,32.599998474121094,
08JA013,2000-11-10,32.099998474121094,
08JA013,2000-12-10,31.899999618530277,
08JA013,2001-01-10,32.5,
08JA013,2001-02-10,33.0,
08JA013,2001-03-10,32.5,
08JA013,2001-04-10,32.70000076293945,
08JA013,2001-05-10,52.5,
08JA013,2001-06-10,54.29999923706055,
08JA013,2001-07-10,103.0,
08JA013,2001-08-10,170.0,
08JA013,2001-09-10,30.0,
08JA013,2001-10-10,30.0,
08JA013,2001-11-10,30.0,
08JA013,2001-12-10,30.0,
08JA013,2002-01-10,31.700000762939453,
08JA013,2002-02-10,31.299999237060547,
08JA013,2002-03-10,30.799999237060547,
08JA013,2002-04-10,30.299999237060547,
08JA013,2002-05-10,54.70000076293945,
08JA013,2002-06-10,56.59999847412109,
08JA013,2002-07-10,55.70000076293945,
08JA013,2002-08-10,227.0,
08JA013,2002-09-10,30.0,
08JA013,2002-10-10,30.0,
08JA013,2002-11-10,85.0,
08JA013,2002-12-10,85.0,
08JA013,2003-01-10,31.5,
08JA013,2003-02-10,31.100000381469727,
08JA013,2003-03-10,30.5,
08JA013,2003-04-10,30.0,
08JA013,2003-05-10,50.400001525878906,
08JA013,2003-06-10,49.5,
08JA013,2003-07-10,49.5,
08JA013,2003-08-10,75.9000015258789,
08JA013,2003-09-10,33.099998474121094,
08JA013,2003-10-10,32.79999923706055,
08JA013,2003-11-10,33.0,
08JA013,2003-12-10,32.5,
08JA013,2004-01-10,32.79999923706055,
08JA013,2004-02-10,32.20000076293945,
08JA013,2004-03-10,32.599998474121094,
08JA013,2004-04-10,32.900001525878906,
08JA013,2004-05-10,53.20000076293945,
08JA013,2004-06-10,53.20000076293945,
08JA013,2004-07-10,53.29999923706055,
08JA013,2004-08-10,236.0,
08JA013,2004-09-10,30.100000381469727,
08JA013,2004-10-10,29.5,
08JA013,2004-11-10,30.299999237060547,
08JA013,2004-12-10,31.0,
08JA013,2005-01-10,31.200000762939453,
08JA013,2005-02-10,31.399999618530277,
08JA013,2005-03-10,31.399999618530277,
08JA013,2005-04-10,44.59999847412109,
08JA013,2005-05-10,283.0,
08JA013,2005-06-10,104.0,
08JA013,2005-07-10,90.9000015258789,
08JA013,2005-08-10,170.0,
08JA013,2005-09-10,32.400001525878906,
08JA013,2005-10-10,32.29999923706055,
08JA013,2005-11-10,86.4000015258789,
08JA013,2005-12-10,86.19999694824219,
08JA013,2006-01-10,85.0,
08JA013,2006-02-10,54.70000076293945,
08JA013,2006-03-10,32.70000076293945,
08JA013,2006-04-10,32.0,
08JA013,2006-05-10,49.59999847412109,
08JA013,2006-06-10,49.0,
08JA013,2006-07-10,50.29999923706055,
08JA013,2006-08-10,171.0,
08JA013,2006-09-10,31.799999237060547,
08JA013,2006-10-10,32.20000076293945,
08JA013,2006-11-10,33.20000076293945,
08JA013,2006-12-10,33.20000076293945,
08JA013,2007-01-10,33.099998474121094,
08JA013,2007-02-10,32.900001525878906,
08JA013,2007-03-10,42.400001525878906,
08JA013,2007-04-10,280.0,
08JA013,2007-05-10,50.0,
08JA013,2007-06-10,378.0,
08JA013,2007-07-10,580.0,
08JA013,2007-08-10,279.0,
08JA013,2007-09-10,49.29999923706055,
08JA013,2007-10-10,64.30000305175781,
08JA013,2007-11-10,14.5,
08JA013,2007-12-10,83.9000015258789,
08JA013,2008-01-10,82.5,
08JA013,2008-02-10,80.4000015258789,
08JA013,2008-03-10,33.599998474121094,
08JA013,2008-04-10,32.79999923706055,
08JA013,2008-05-10,49.0,
08JA013,2008-06-10,48.79999923706055,
08JA013,2008-07-10,50.29999923706055,
08JA013,2008-08-10,168.0,
08JA013,2008-09-10,33.099998474121094,
08JA013,2008-10-10,32.599998474121094,
08JA013,2008-11-10,33.400001525878906,
08JA013,2008-12-10,35.599998474121094,
08JA013,2009-01-10,35.20000076293945,
08JA013,2009-02-10,34.599998474121094,
08JA013,2009-03-10,33.900001525878906,
08JA013,2009-04-10,33.20000076293945,
08JA013,2009-05-10,49.5,
08JA013,2009-06-10,48.70000076293945,
08JA013,2009-07-10,49.79999923706055,
08JA013,2009-08-10,276.0,
08JA013,2009-09-10,32.29999923706055,
08JA013,2009-10-10,34.0,
08JA013,2009-11-10,34.0,
08JA013,2009-12-10,33.900001525878906,
08JA013,2010-01-10,33.29999923706055,
08JA013,2010-02-10,32.79999923706055,
08JA013,2010-03-10,32.099998474121094,
08JA013,2010-04-10,31.399999618530277,
08JA013,2010-05-10,49.20000076293945,
08JA013,2010-06-10,49.20000076293945,
08JA013,2010-07-10,50.59999847412109,
08JA013,2010-08-10,168.0,
08JA013,2010-09-10,32.599998474121094,
08JA013,2010-10-10,33.400001525878906,
08JA013,2010-11-10,125.0,
08JA013,2010-12-10,74.19999694824219,
08JA013,2011-01-10,33.900001525878906,
08JA013,2011-02-10,33.5,
08JA013,2011-03-10,33.0,
08JA013,2011-04-10,32.29999923706055,
08JA013,2011-05-10,79.9000015258789,
08JA013,2011-06-10,292.0,
08JA013,2011-07-10,325.0,
08JA013,2011-08-10,323.0,
08JA013,2011-09-10,65.0999984741211,
08JA013,2011-10-10,501.0,
08JA013,2011-11-10,59.900001525878906,
08JA013,2011-12-10,59.59999847412109,
08JA013,2012-01-10,80.30000305175781,
08JA013,2012-02-10,100.0,
08JA013,2012-03-10,123.0,
08JA013,2012-04-10,118.0,
08JA013,2012-05-10,175.0,
08JA013,2012-06-10,232.0,
08JA013,2012-07-10,250.0,
08JA013,2012-08-10,292.0,
08JA013,2012-09-10,64.5,
08JA013,2012-10-10,63.59999847412109,
08JA013,2012-11-10,62.79999923706055,
08JA013,2012-12-10,38.79999923706055,
08JA013,2013-01-10,37.900001525878906,
08JA013,2013-02-10,31.100000381469727,
08JA013,2013-03-10,30.399999618530277,
08JA013,2013-04-10,31.600000381469727,
08JA013,2013-05-10,49.79999923706055,
08JA013,2013-06-10,49.79999923706055,
08JA013,2013-07-10,49.70000076293945,
08JA013,2013-08-10,283.0,
08JA013,2013-09-10,31.700000762939453,
08JA013,2013-10-10,31.299999237060547,
08JA013,2013-11-10,32.79999923706055,
08JA013,2013-12-10,34.0,
08JA013,2014-01-10,33.5,
08JA013,2014-02-10,32.900001525878906,
08JA013,2014-03-10,32.29999923706055,
08JA013,2014-04-10,34.599998474121094,
08JA013,2014-05-10,49.59999847412109,
08JA013,2014-06-10,48.09999847412109,
08JA013,2014-07-10,49.09999847412109,
08JA013,2014-08-10,450.0,
08JA013,2014-09-10,31.700000762939453,
08JA013,2014-10-10,33.400001525878906,
08JA013,2014-11-10,34.20000076293945,
08JA013,2014-12-10,34.29999923706055,
08JA013,2015-01-10,34.20000076293945,
08JA013,2015-02-10,30.5,
08JA013,2015-03-10,45.29999923706055,
08JA013,2015-04-10,136.0,
08JA013,2015-05-10,251.0,
08JA013,2015-06-10,481.0,
08JA013,2015-07-10,99.0,
08JA013,2015-08-10,169.0,
08JA013,2015-09-10,32.400001525878906,
08JA013,2015-10-10,32.20000076293945,
08JA013,2015-11-10,30.200000762939453,
08JA013,2015-12-10,30.5,
08JA013,2016-01-10,29.899999618530277,
08JA013,2016-02-10,29.299999237060547,
08JA013,2016-03-10,28.899999618530277,
08JA013,2016-04-10,29.799999237060547,
08JA013,2016-05-10,48.70000076293945,
08JA013,2016-06-10,48.900001525878906,
08JA013,2016-07-10,48.79999923706055,
08JA013,2016-08-10,331.0,
08JA013,2016-09-10,31.200000762939453,
08JA013,2016-10-10,32.0,
08JA013,2016-11-10,32.400001525878906,
08JA013,2016-12-10,31.5,
08JA013,2017-01-10,31.200000762939453,
08JA013,2017-02-10,30.700000762939453,
08JA013,2017-03-10,32.400001525878906,
08JA013,2017-04-10,31.899999618530277,
08JA013,2017-05-10,49.20000076293945,
08JA013,2017-06-10,206.0,
08JA013,2017-07-10,144.0,
08JA013,2017-08-10,203.0,
08JA013,2017-09-10,31.600000381469727,
08JA013,2017-10-10,32.5,
08JA013,2017-11-10,65.5999984741211,
08JA013,2017-12-10,79.4000015258789,
08JA013,2018-01-10,77.69999694824219,
08JA013,2018-02-10,35.900001525878906,
08JA013,2018-03-10,50.0,
08JA013,2018-04-10,63.70000076293945,
08JA013,2018-05-10,49.59999847412109,
08JA013,2018-06-10,251.0,
08JA013,2018-07-10,49.400001525878906,
08JA013,2018-08-10,142.0,
08JA013,2018-09-10,33.0,
08JA013,2018-10-10,28.100000381469727,
08JA013,2018-11-10,32.900001525878906,
08JA013,2018-12-10,32.400001525878906,
08JA013,2019-01-10,32.0,
08JA013,2019-02-10,31.399999618530277,
08JA013,2019-03-10,30.600000381469727,
08JA013,2019-04-10,31.899999618530277,
08JA013,2019-05-10,49.900001525878906,
08JA013,2019-06-10,48.79999923706055,
08JA013,2019-07-10,48.900001525878906,
08JA013,2019-08-10,60.09999847412109,
08JA013,2019-09-10,32.0,
08JA013,2019-10-10,31.600000381469727,
08JA013,2019-11-10,31.700000762939453,
08JA013,2019-12-10,32.0,
08JA013,2020-01-10,31.799999237060547,
08JA013,2020-02-10,31.600000381469727,
08JA013,2020-03-10,33.20000076293945,
08JA013,2020-04-10,34.20000076293945,
08JA013,2020-05-10,49.70000076293945,
08JA013,2020-06-10,48.70000076293945,
08JA013,2020-07-10,48.70000076293945,
08JA013,2020-08-10,170.0,
08JA013,2020-09-10,32.400001525878906,
08JA013,2020-10-10,32.29999923706055,
08JA013,2020-11-10,192.0,
08JA013,2020-12-10,70.69999694824219,
08JA013,2021-01-10,84.30000305175781,
08JA013,2021-02-10,83.5,
08JA013,2021-03-10,81.5999984741211,
08JA013,2021-04-10,199.0,
08JA013,2021-05-10,199.0,
08JA013,2021-06-10,250.0,
08JA013,2021-07-10,169.0,
08JA013,2021-08-10,279.0,
08JA013,2021-09-10,79.0,
08JA013,2021-10-10,249.0,
08JA013,2021-11-10,40.29999923706055,
08JA013,2021-12-10,40.29999923706055,
08JA013,2022-01-10,40.0,
08JA013,2022-02-10,39.70000076293945,
08JA013,2022-03-10,41.59999847412109,
08JA013,2022-04-10,41.400001525878906,
08JA013,2022-05-10,41.79999923706055,
08JA013,2022-06-10,284.0,
08JA013,2022-07-10,390.0,
08JA013,2022-08-10,296.0,
08JA013,2022-09-10,58.79999923706055,
08JA013,2022-10-10,60.400001525878906,
08JA013,2022-11-10,38.79999923706055,
08JA013,2022-12-10,33.599998474121094,
08JA013,2023-01-10,33.099998474121094,
08JA013,2023-02-10,32.599998474121094,
08JA013,2023-03-10,32.0,
08JA013,2023-04-10,33.400001525878906,
08JA013,2023-05-10,48.70000076293945,
08JA013,2023-06-10,50.09999847412109,
08JA013,2023-07-10,100.0,
08JA013,2023-08-10,204.0,
08JA013,2023-09-10,32.79999923706055,
08JA013,2023-10-10,32.900001525878906,
08JA013,2023-11-10,32.5,
08JA013,2023-12-10,32.20000076293945,
08JA013,2024-01-10,31.799999237060547,
08JA013,2024-02-10,33.20000076293945,
08JA013,2024-03-10,32.599998474121094,
08JA013,2024-04-10,32.0,
08JA013,2024-05-10,49.09999847412109,
08JA013,2024-06-10,51.09999847412109,
08JA013,2024-07-10,65.69999694824219,
08JA013,2024-08-10,277.0,
08JA013,2024-09-10,31.700000762939453,
08JA013,2024-10-10,32.5,
08JA013,2024-11-10,32.5,
08JA013,2024-12-10,32.099998474121094,
08JA013,2025-01-10,32.099998474121094,
08JA013,2025-02-10,31.600000381469727,
08JA013,2025-03-10,31.200000762939453,
08JA013,2025-04-10,30.799999237060547,
08JA013,2025-05-10,48.70000076293945,
08JA013,2025-06-10,32.5,
08JA013,2025-07-10,45.29999923706055,
08JA013,2025-08-10,247.0,
08JA013,2025-09-10,31.5,
08JA013,2025-10-10,31.299999237060547,
08JA013,2025-11-10,31.399999618530277,
08JA013,2025-12-10,31.700000762939453,
08JA013,1955-06-11,1.4199999570846558,
08JA013,1955-11-11,,
08JA013,1956-01-11,0.0,
08JA013,1956-02-11,2.8299999237060547,
08JA013,1956-03-11,5.659999847412109,
08JA013,1956-04-11,5.659999847412109,
08JA013,1956-05-11,5.659999847412109,
08JA013,1956-06-11,0.0,
08JA013,1956-07-11,0.0,
08JA013,1956-08-11,2.8299999237060547,
08JA013,1956-09-11,56.59999847412109,
08JA013,1956-10-11,0.0,
08JA013,1956-11-11,0.0,
08JA013,1956-12-11,0.0,
08JA013,1957-01-11,147.0,
08JA013,1957-02-11,227.0,
08JA013,1957-03-11,262.0,
08JA013,1957-04-11,0.0,
08JA013,1957-05-11,261.0,
08JA013,1957-06-11,261.0,
08JA013,1957-07-11,0.0,
08JA013,1957-08-11,0.0,
08JA013,1957-09-11,147.0,
08JA013,1957-10-11,155.0,
08JA013,1957-11-11,154.0,
08JA013,1957-12-11,244.0,
08JA013,1958-01-11,331.0,
08JA013,1958-02-11,118.0,
08JA013,1958-03-11,331.0,
08JA013,1958-04-11,331.0,
08JA013,1958-05-11,0.0,
08JA013,1958-06-11,49.59999847412109,
08JA013,1958-07-11,306.0,
08JA013,1958-08-11,294.0,
08JA013,1958-09-11,281.0,
08JA013,1958-10-11,334.0,
08JA013,1958-11-11,320.0,
08JA013,1958-12-11,126.0,
08JA013,1959-01-11,124.0,
08JA013,1959-02-11,65.0999984741211,
08JA013,1959-03-11,63.400001525878906,
08JA013,1959-04-11,63.400001525878906,
08JA013,1959-05-11,64.5999984741211,
08JA013,1959-06-11,0.0,
08JA013,1959-07-11,264.0,
08JA013,1959-08-11,314.0,
08JA013,1959-09-11,371.0,
08JA013,1959-10-11,365.0,
08JA013,1959-11-11,279.0,
08JA013,1959-12-11,283.0,
08JA013,1960-01-11,37.70000076293945,
08JA013,1960-02-11,95.6999969482422,
08JA013,1960-03-11,92.9000015258789,
08JA013,1960-04-11,226.0,
08JA013,1960-05-11,368.0,
08JA013,1960-06-11,362.0,
08JA013,1960-07-11,0.0,
08JA013,1960-08-11,175.0,
08JA013,1960-09-11,264.0,
08JA013,1960-10-11,88.5999984741211,
08JA013,1960-11-11,188.0,
08JA013,1960-12-11,111.0,
08JA013,1961-01-11,59.70000076293945,
08JA013,1961-02-11,29.700000762939453,
08JA013,1961-03-11,42.5,
08JA013,1961-04-11,42.5,
08JA013,1961-05-11,160.0,
08JA013,1961-06-11,119.0,
08JA013,1961-07-11,362.0,
08JA013,1961-08-11,275.0,
08JA013,1961-09-11,481.0,
08JA013,1961-10-11,235.0,
08JA013,1961-11-11,30.600000381469727,
08JA013,1961-12-11,29.700000762939453,
08JA013,1962-01-11,30.0,
08JA013,1962-02-11,30.600000381469727,
08JA013,1962-03-11,30.600000381469727,
08JA013,1962-04-11,30.600000381469727,
08JA013,1962-05-11,182.0,
08JA013,1962-06-11,193.0,
08JA013,1962-07-11,328.0,
08JA013,1962-08-11,231.0,
08JA013,1962-09-11,227.0,
08JA013,1962-10-11,222.0,
08JA013,1962-11-11,221.0,
08JA013,1962-12-11,46.400001525878906,
08JA013,1963-01-11,46.70000076293945,
08JA013,1963-02-11,46.70000076293945,
08JA013,1963-03-11,46.400001525878906,
08JA013,1963-04-11,46.20000076293945,
08JA013,1963-05-11,334.0,
08JA013,1963-06-11,337.0,
08JA013,1963-07-11,197.0,
08JA013,1963-08-11,199.0,
08JA013,1963-09-11,194.0,
08JA013,1963-10-11,193.0,
08JA013,1963-11-11,171.0,
08JA013,1963-12-11,42.20000076293945,
08JA013,1964-01-11,42.79999923706055,
08JA013,1964-02-11,43.0,
08JA013,1964-03-11,42.5,
08JA013,1964-04-11,41.59999847412109,
08JA013,1964-05-11,419.0,
08JA013,1964-06-11,416.0,
08JA013,1964-07-11,309.0,
08JA013,1964-08-11,201.0,
08JA013,1964-09-11,199.0,
08JA013,1964-10-11,198.0,
08JA013,1964-11-11,195.0,
08JA013,1964-12-11,70.80000305175781,
08JA013,1965-01-11,69.9000015258789,
08JA013,1965-02-11,69.0999984741211,
08JA013,1965-03-11,68.0,
08JA013,1965-04-11,67.0999984741211,
08JA013,1965-05-11,191.0,
08JA013,1965-06-11,199.0,
08JA013,1965-07-11,203.0,
08JA013,1965-08-11,202.0,
08JA013,1965-09-11,196.0,
08JA013,1965-10-11,88.9000015258789,
08JA013,1965-11-11,45.900001525878906,
08JA013,1965-12-11,46.20000076293945,
08JA013,1966-01-11,46.20000076293945,
08JA013,1966-02-11,45.900001525878906,
08JA013,1966-03-11,45.29999923706055,
08JA013,1966-04-11,45.29999923706055,
08JA013,1966-05-11,221.0,
08JA013,1966-06-11,228.0,
08JA013,1966-07-11,202.0,
08JA013,1966-08-11,34.79999923706055,
08JA013,1966-09-11,311.0,
08JA013,1966-10-11,326.0,
08JA013,1966-11-11,88.30000305175781,
08JA013,1966-12-11,88.0999984741211,
08JA013,1967-01-11,87.19999694824219,
08JA013,1967-02-11,85.80000305175781,
08JA013,1967-03-11,84.4000015258789,
08JA013,1967-04-11,165.0,
08JA013,1967-05-11,269.0,
08JA013,1967-06-11,17.0,
08JA013,1967-07-11,260.0,
08JA013,1967-08-11,259.0,
08JA013,1967-09-11,123.0,
08JA013,1967-10-11,77.5999984741211,
08JA013,1967-11-11,94.9000015258789,
08JA013,1967-12-11,60.29999923706055,
08JA013,1968-01-11,60.29999923706055,
08JA013,1968-02-11,60.59999847412109,
08JA013,1968-03-11,60.29999923706055,
08JA013,1968-04-11,59.70000076293945,
08JA013,1968-05-11,226.0,
08JA013,1968-06-11,286.0,
08JA013,1968-07-11,283.0,
08JA013,1968-08-11,124.0,
08JA013,1968-09-11,243.0,
08JA013,1968-10-11,237.0,
08JA013,1968-11-11,236.0,
08JA013,1968-12-11,91.6999969482422,
08JA013,1969-01-11,90.0,
08JA013,1969-02-11,88.30000305175781,
08JA013,1969-03-11,86.4000015258789,
08JA013,1969-04-11,84.0999984741211,
08JA013,1969-05-11,83.80000305175781,
08JA013,1969-06-11,167.0,
08JA013,1969-07-11,89.19999694824219,
08JA013,1969-08-11,101.0,
08JA013,1969-09-11,157.0,
08JA013,1969-10-11,154.0,
08JA013,1969-11-11,75.9000015258789,
08JA013,1969-12-11,76.19999694824219,
08JA013,1970-01-11,75.0,
08JA013,1970-02-11,73.5999984741211,
08JA013,1970-03-11,71.9000015258789,
08JA013,1970-04-11,45.0,
08JA013,1970-05-11,44.20000076293945,
08JA013,1970-06-11,46.70000076293945,
08JA013,1970-07-11,47.900001525878906,
08JA013,1970-08-11,90.9000015258789,
08JA013,1970-09-11,117.0,
08JA013,1970-10-11,117.0,
08JA013,1970-11-11,61.70000076293945,
08JA013,1970-12-11,60.900001525878906,
08JA013,1971-01-11,59.70000076293945,
08JA013,1971-02-11,58.900001525878906,
08JA013,1971-03-11,57.79999923706055,
08JA013,1971-04-11,56.59999847412109,
08JA013,1971-05-11,130.0,
08JA013,1971-06-11,60.29999923706055,
08JA013,1971-07-11,64.0,
08JA013,1971-08-11,174.0,
08JA013,1971-09-11,173.0,
08JA013,1971-10-11,170.0,
08JA013,1971-11-11,75.9000015258789,
08JA013,1971-12-11,75.5999984741211,
08JA013,1972-01-11,74.5,
08JA013,1972-02-11,73.0999984741211,
08JA013,1972-03-11,71.9000015258789,
08JA013,1972-04-11,70.5,
08JA013,1972-05-11,0.0,
08JA013,1972-06-11,0.0,
08JA013,1972-07-11,234.0,
08JA013,1972-08-11,294.0,
08JA013,1972-09-11,226.0,
08JA013,1972-10-11,217.0,
08JA013,1972-11-11,73.9000015258789,
08JA013,1972-12-11,72.5,
08JA013,1973-01-11,71.4000015258789,
08JA013,1973-02-11,70.19999694824219,
08JA013,1973-03-11,68.80000305175781,
08JA013,1973-04-11,66.5,
08JA013,1973-05-11,66.30000305175781,
08JA013,1973-06-11,45.900001525878906,
08JA013,1973-07-11,175.0,
08JA013,1973-08-11,177.0,
08JA013,1973-09-11,33.70000076293945,
08JA013,1973-10-11,33.70000076293945,
08JA013,1973-11-11,49.79999923706055,
08JA013,1973-12-11,49.29999923706055,
08JA013,1974-01-11,48.400001525878906,
08JA013,1974-02-11,47.900001525878906,
08JA013,1974-03-11,47.0,
08JA013,1974-04-11,257.0,
08JA013,1974-05-11,0.0,
08JA013,1974-06-11,0.0,
08JA013,1974-07-11,226.0,
08JA013,1974-08-11,14.699999809265137,
08JA013,1974-09-11,25.799999237060547,
08JA013,1974-10-11,200.0,
08JA013,1974-11-11,77.9000015258789,
08JA013,1974-12-11,72.80000305175781,
08JA013,1975-01-11,75.9000015258789,
08JA013,1975-02-11,74.80000305175781,
08JA013,1975-03-11,73.30000305175781,
08JA013,1975-04-11,72.19999694824219,
08JA013,1975-05-11,71.9000015258789,
08JA013,1975-06-11,92.3000030517578,
08JA013,1975-07-11,97.4000015258789,
08JA013,1975-08-11,98.8000030517578,
08JA013,1975-09-11,114.0,
08JA013,1975-10-11,76.19999694824219,
08JA013,1975-11-11,225.0,
08JA013,1975-12-11,86.69999694824219,
08JA013,1976-01-11,85.80000305175781,
08JA013,1976-02-11,85.0,
08JA013,1976-03-11,83.5,
08JA013,1976-04-11,272.0,
08JA013,1976-05-11,143.0,
08JA013,1976-06-11,300.0,
08JA013,1976-07-11,433.0,
08JA013,1976-08-11,442.0,
08JA013,1976-09-11,227.0,
08JA013,1976-10-11,286.0,
08JA013,1976-11-11,280.0,
08JA013,1976-12-11,176.0,
08JA013,1977-01-11,173.0,
08JA013,1977-02-11,169.0,
08JA013,1977-03-11,164.0,
08JA013,1977-04-11,326.0,
08JA013,1977-05-11,0.0,
08JA013,1977-06-11,197.0,
08JA013,1977-07-11,146.0,
08JA013,1977-08-11,113.0,
08JA013,1977-09-11,54.70000076293945,
08JA013,1977-10-11,51.5,
08JA013,1977-11-11,32.29999923706055,
08JA013,1977-12-11,51.29999923706055,
08JA013,1978-01-11,50.70000076293945,
08JA013,1978-02-11,54.70000076293945,
08JA013,1978-03-11,53.0,
08JA013,1978-04-11,51.29999923706055,
08JA013,1978-05-11,51.79999923706055,
08JA013,1978-06-11,38.20000076293945,
08JA013,1978-07-11,40.20000076293945,
08JA013,1978-08-11,34.0,
08JA013,1978-09-11,34.29999923706055,
08JA013,1978-10-11,33.70000076293945,
08JA013,1978-11-11,36.79999923706055,
08JA013,1978-12-11,35.400001525878906,
08JA013,1979-01-11,32.70000076293945,
08JA013,1979-02-11,32.0,
08JA013,1979-03-11,31.0,
08JA013,1979-04-11,30.0,
08JA013,1979-05-11,31.200000762939453,
08JA013,1979-06-11,33.400001525878906,
08JA013,1979-07-11,80.80000305175781,
08JA013,1979-08-11,82.0999984741211,
08JA013,1979-09-11,33.70000076293945,
08JA013,1979-10-11,33.29999923706055,
08JA013,1979-11-11,20.799999237060547,
08JA013,1979-12-11,12.600000381469728,
08JA013,1980-01-11,12.699999809265137,
08JA013,1980-02-11,15.600000381469728,
08JA013,1980-03-11,15.0,
08JA013,1980-04-11,15.0,
08JA013,1980-05-11,15.100000381469728,
08JA013,1980-06-11,11.800000190734863,
08JA013,1980-07-11,22.600000381469727,
08JA013,1980-08-11,453.0,
08JA013,1980-09-11,32.29999923706055,
08JA013,1980-10-11,32.5,
08JA013,1980-11-11,32.599998474121094,
08JA013,1980-12-11,32.400001525878906,
08JA013,1981-01-11,33.099998474121094,
08JA013,1981-02-11,32.79999923706055,
08JA013,1981-03-11,32.70000076293945,
08JA013,1981-04-11,57.20000076293945,
08JA013,1981-05-11,57.0,
08JA013,1981-06-11,60.900001525878906,
08JA013,1981-07-11,62.70000076293945,
08JA013,1981-08-11,294.0,
08JA013,1981-09-11,31.100000381469727,
08JA013,1981-10-11,25.5,
08JA013,1981-11-11,32.5,
08JA013,1981-12-11,32.5,
08JA013,1982-01-11,32.099998474121094,
08JA013,1982-02-11,31.799999237060547,
08JA013,1982-03-11,31.299999237060547,
08JA013,1982-04-11,55.79999923706055,
08JA013,1982-05-11,42.5,
08JA013,1982-06-11,64.30000305175781,
08JA013,1982-07-11,57.29999923706055,
08JA013,1982-08-11,142.0,
08JA013,1982-09-11,31.100000381469727,
08JA013,1982-10-11,31.100000381469727,
08JA013,1982-11-11,31.100000381469727,
08JA013,1982-12-11,31.100000381469727,
08JA013,1983-01-11,31.100000381469727,
08JA013,1983-02-11,31.100000381469727,
08JA013,1983-03-11,31.100000381469727,
08JA013,1983-04-11,49.59999847412109,
08JA013,1983-05-11,49.59999847412109,
08JA013,1983-06-11,55.5,
08JA013,1983-07-11,57.900001525878906,
08JA013,1983-08-11,453.0,
08JA013,1983-09-11,31.100000381469727,
08JA013,1983-10-11,30.799999237060547,
08JA013,1983-11-11,31.200000762939453,
08JA013,1983-12-11,31.0,
08JA013,1984-01-11,30.700000762939453,
08JA013,1984-02-11,30.5,
08JA013,1984-03-11,30.299999237060547,
08JA013,1984-04-11,53.70000076293945,
08JA013,1984-05-11,53.79999923706055,
08JA013,1984-06-11,53.20000076293945,
08JA013,1984-07-11,112.0,
08JA013,1984-08-11,389.0,
08JA013,1984-09-11,30.899999618530277,
08JA013,1984-10-11,31.299999237060547,
08JA013,1984-11-11,31.299999237060547,
08JA013,1984-12-11,31.100000381469727,
08JA013,1985-01-11,30.899999618530277,
08JA013,1985-02-11,30.399999618530277,
08JA013,1985-03-11,30.299999237060547,
08JA013,1985-04-11,58.20000076293945,
08JA013,1985-05-11,53.59999847412109,
08JA013,1985-06-11,58.0,
08JA013,1985-07-11,281.0,
08JA013,1985-08-11,275.0,
08JA013,1985-09-11,63.70000076293945,
08JA013,1985-10-11,60.5,
08JA013,1985-11-11,33.5,
08JA013,1985-12-11,32.400001525878906,
08JA013,1986-01-11,33.900001525878906,
08JA013,1986-02-11,32.900001525878906,
08JA013,1986-03-11,32.599998474121094,
08JA013,1986-04-11,57.5,
08JA013,1986-05-11,48.70000076293945,
08JA013,1986-06-11,58.29999923706055,
08JA013,1986-07-11,112.0,
08JA013,1986-08-11,14.199999809265137,
08JA013,1986-09-11,28.299999237060547,
08JA013,1986-10-11,28.299999237060547,
08JA013,1986-11-11,33.79999923706055,
08JA013,1986-12-11,36.5,
08JA013,1987-01-11,36.09999847412109,
08JA013,1987-02-11,35.5,
08JA013,1987-03-11,34.099998474121094,
08JA013,1987-04-11,35.099998474121094,
08JA013,1987-05-11,53.400001525878906,
08JA013,1987-06-11,57.09999847412109,
08JA013,1987-07-11,114.0,
08JA013,1987-08-11,227.0,
08JA013,1987-09-11,56.59999847412109,
08JA013,1987-10-11,56.59999847412109,
08JA013,1987-11-11,31.100000381469727,
08JA013,1987-12-11,34.0,
08JA013,1988-01-11,34.29999923706055,
08JA013,1988-02-11,33.400001525878906,
08JA013,1988-03-11,32.5,
08JA013,1988-04-11,54.59999847412109,
08JA013,1988-05-11,44.5,
08JA013,1988-06-11,48.400001525878906,
08JA013,1988-07-11,108.0,
08JA013,1988-08-11,168.0,
08JA013,1988-09-11,29.899999618530277,
08JA013,1988-10-11,30.0,
08JA013,1988-11-11,30.100000381469727,
08JA013,1988-12-11,30.799999237060547,
08JA013,1989-01-11,30.399999618530277,
08JA013,1989-02-11,30.0,
08JA013,1989-03-11,29.5,
08JA013,1989-04-11,29.100000381469727,
08JA013,1989-05-11,48.5,
08JA013,1989-06-11,48.5,
08JA013,1989-07-11,108.0,
08JA013,1989-08-11,66.0999984741211,
08JA013,1989-09-11,32.599998474121094,
08JA013,1989-10-11,32.599998474121094,
08JA013,1989-11-11,35.0,
08JA013,1989-12-11,35.20000076293945,
08JA013,1990-01-11,35.29999923706055,
08JA013,1990-02-11,35.0,
08JA013,1990-03-11,34.20000076293945,
08JA013,1990-04-11,227.0,
08JA013,1990-05-11,49.0,
08JA013,1990-06-11,49.400001525878906,
08JA013,1990-07-11,80.0999984741211,
08JA013,1990-08-11,283.0,
08JA013,1990-09-11,30.899999618530277,
08JA013,1990-10-11,33.599998474121094,
08JA013,1990-11-11,33.400001525878906,
08JA013,1990-12-11,32.79999923706055,
08JA013,1991-01-11,32.599998474121094,
08JA013,1991-02-11,32.0,
08JA013,1991-03-11,50.900001525878906,
08JA013,1991-04-11,84.4000015258789,
08JA013,1991-05-11,48.59999847412109,
08JA013,1991-06-11,50.09999847412109,
08JA013,1991-07-11,108.0,
08JA013,1991-08-11,170.0,
08JA013,1991-09-11,31.0,
08JA013,1991-10-11,32.79999923706055,
08JA013,1991-11-11,32.599998474121094,
08JA013,1991-12-11,32.400001525878906,
08JA013,1992-01-11,32.099998474121094,
08JA013,1992-02-11,31.700000762939453,
08JA013,1992-03-11,31.399999618530277,
08JA013,1992-04-11,31.5,
08JA013,1992-05-11,49.70000076293945,
08JA013,1992-06-11,50.0,
08JA013,1992-07-11,281.0,
08JA013,1992-08-11,453.0,
08JA013,1992-09-11,32.599998474121094,
08JA013,1992-10-11,33.099998474121094,
08JA013,1992-11-11,33.400001525878906,
08JA013,1992-12-11,33.099998474121094,
08JA013,1993-01-11,32.599998474121094,
08JA013,1993-02-11,33.099998474121094,
08JA013,1993-03-11,32.5,
08JA013,1993-04-11,32.900001525878906,
08JA013,1993-05-11,49.59999847412109,
08JA013,1993-06-11,50.0,
08JA013,1993-07-11,49.59999847412109,
08JA013,1993-08-11,156.0,
08JA013,1993-09-11,32.400001525878906,
08JA013,1993-10-11,32.79999923706055,
08JA013,1993-11-11,33.0,
08JA013,1993-12-11,33.5,
08JA013,1994-01-11,33.0,
08JA013,1994-02-11,32.5,
08JA013,1994-03-11,32.099998474121094,
08JA013,1994-04-11,31.899999618530277,
08JA013,1994-05-11,49.900001525878906,
08JA013,1994-06-11,49.400001525878906,
08JA013,1994-07-11,108.0,
08JA013,1994-08-11,261.0,
08JA013,1994-09-11,31.399999618530277,
08JA013,1994-10-11,31.299999237060547,
08JA013,1994-11-11,31.100000381469727,
08JA013,1994-12-11,40.5,
08JA013,1995-01-11,36.400001525878906,
08JA013,1995-02-11,35.70000076293945,
08JA013,1995-03-11,35.0,
08JA013,1995-04-11,40.79999923706055,
08JA013,1995-05-11,58.0,
08JA013,1995-06-11,49.70000076293945,
08JA013,1995-07-11,227.0,
08JA013,1995-08-11,170.0,
08JA013,1995-09-11,32.099998474121094,
08JA013,1995-10-11,32.599998474121094,
08JA013,1995-11-11,35.0,
08JA013,1995-12-11,34.5,
08JA013,1996-01-11,34.0,
08JA013,1996-02-11,33.79999923706055,
08JA013,1996-03-11,33.29999923706055,
08JA013,1996-04-11,33.099998474121094,
08JA013,1996-05-11,50.400001525878906,
08JA013,1996-06-11,54.400001525878906,
08JA013,1996-07-11,255.0,
08JA013,1996-08-11,170.0,
08JA013,1996-09-11,57.0,
08JA013,1996-10-11,227.0,
08JA013,1996-11-11,229.0,
08JA013,1996-12-11,60.400001525878906,
08JA013,1997-01-11,59.5,
08JA013,1997-02-11,58.400001525878906,
08JA013,1997-03-11,57.29999923706055,
08JA013,1997-04-11,56.5,
08JA013,1997-05-11,86.4000015258789,
08JA013,1997-06-11,283.0,
08JA013,1997-07-11,342.0,
08JA013,1997-08-11,330.0,
08JA013,1997-09-11,85.0,
08JA013,1997-10-11,85.30000305175781,
08JA013,1997-11-11,57.29999923706055,
08JA013,1997-12-11,56.29999923706055,
08JA013,1998-01-11,55.400001525878906,
08JA013,1998-02-11,54.09999847412109,
08JA013,1998-03-11,52.79999923706055,
08JA013,1998-04-11,51.29999923706055,
08JA013,1998-05-11,52.09999847412109,
08JA013,1998-06-11,53.5,
08JA013,1998-07-11,14.199999809265137,
08JA013,1998-08-11,171.0,
08JA013,1998-09-11,29.399999618530277,
08JA013,1998-10-11,30.100000381469727,
08JA013,1998-11-11,29.799999237060547,
08JA013,1998-12-11,30.299999237060547,
08JA013,1999-01-11,29.899999618530277,
08JA013,1999-02-11,29.399999618530277,
08JA013,1999-03-11,29.899999618530277,
08JA013,1999-04-11,29.299999237060547,
08JA013,1999-05-11,49.400001525878906,
08JA013,1999-06-11,48.79999923706055,
08JA013,1999-07-11,107.0,
08JA013,1999-08-11,112.0,
08JA013,1999-09-11,33.0,
08JA013,1999-10-11,33.70000076293945,
08JA013,1999-11-11,33.20000076293945,
08JA013,1999-12-11,32.70000076293945,
08JA013,2000-01-11,33.099998474121094,
08JA013,2000-02-11,33.20000076293945,
08JA013,2000-03-11,32.29999923706055,
08JA013,2000-04-11,32.400001525878906,
08JA013,2000-05-11,49.09999847412109,
08JA013,2000-06-11,49.29999923706055,
08JA013,2000-07-11,104.0,
08JA013,2000-08-11,170.0,
08JA013,2000-09-11,32.900001525878906,
08JA013,2000-10-11,32.599998474121094,
08JA013,2000-11-11,32.099998474121094,
08JA013,2000-12-11,31.899999618530277,
08JA013,2001-01-11,32.5,
08JA013,2001-02-11,33.0,
08JA013,2001-03-11,32.400001525878906,
08JA013,2001-04-11,32.70000076293945,
08JA013,2001-05-11,52.5,
08JA013,2001-06-11,54.400001525878906,
08JA013,2001-07-11,110.0,
08JA013,2001-08-11,170.0,
08JA013,2001-09-11,30.0,
08JA013,2001-10-11,30.0,
08JA013,2001-11-11,30.0,
08JA013,2001-12-11,30.0,
08JA013,2002-01-11,31.700000762939453,
08JA013,2002-02-11,31.299999237060547,
08JA013,2002-03-11,30.799999237060547,
08JA013,2002-04-11,30.200000762939453,
08JA013,2002-05-11,54.70000076293945,
08JA013,2002-06-11,56.79999923706055,
08JA013,2002-07-11,113.0,
08JA013,2002-08-11,227.0,
08JA013,2002-09-11,30.0,
08JA013,2002-10-11,30.0,
08JA013,2002-11-11,85.0,
08JA013,2002-12-11,85.0,
08JA013,2003-01-11,31.5,
08JA013,2003-02-11,31.100000381469727,
08JA013,2003-03-11,30.5,
08JA013,2003-04-11,30.0,
08JA013,2003-05-11,50.400001525878906,
08JA013,2003-06-11,49.59999847412109,
08JA013,2003-07-11,113.0,
08JA013,2003-08-11,170.0,
08JA013,2003-09-11,33.099998474121094,
08JA013,2003-10-11,32.70000076293945,
08JA013,2003-11-11,33.0,
08JA013,2003-12-11,32.5,
08JA013,2004-01-11,32.79999923706055,
08JA013,2004-02-11,32.20000076293945,
08JA013,2004-03-11,32.5,
08JA013,2004-04-11,32.900001525878906,
08JA013,2004-05-11,53.20000076293945,
08JA013,2004-06-11,53.20000076293945,
08JA013,2004-07-11,114.0,
08JA013,2004-08-11,284.0,
08JA013,2004-09-11,30.200000762939453,
08JA013,2004-10-11,29.600000381469727,
08JA013,2004-11-11,30.299999237060547,
08JA013,2004-12-11,31.0,
08JA013,2005-01-11,31.200000762939453,
08JA013,2005-02-11,31.399999618530277,
08JA013,2005-03-11,31.399999618530277,
08JA013,2005-04-11,44.59999847412109,
08JA013,2005-05-11,269.0,
08JA013,2005-06-11,129.0,
08JA013,2005-07-11,90.9000015258789,
08JA013,2005-08-11,170.0,
08JA013,2005-09-11,32.400001525878906,
08JA013,2005-10-11,32.29999923706055,
08JA013,2005-11-11,86.4000015258789,
08JA013,2005-12-11,86.0999984741211,
08JA013,2006-01-11,84.9000015258789,
08JA013,2006-02-11,54.70000076293945,
08JA013,2006-03-11,32.70000076293945,
08JA013,2006-04-11,32.0,
08JA013,2006-05-11,49.59999847412109,
08JA013,2006-06-11,49.09999847412109,
08JA013,2006-07-11,130.0,
08JA013,2006-08-11,171.0,
08JA013,2006-09-11,31.799999237060547,
08JA013,2006-10-11,32.20000076293945,
08JA013,2006-11-11,33.20000076293945,
08JA013,2006-12-11,33.20000076293945,
08JA013,2007-01-11,33.099998474121094,
08JA013,2007-02-11,32.900001525878906,
08JA013,2007-03-11,42.400001525878906,
08JA013,2007-04-11,280.0,
08JA013,2007-05-11,50.20000076293945,
08JA013,2007-06-11,413.0,
08JA013,2007-07-11,580.0,
08JA013,2007-08-11,320.0,
08JA013,2007-09-11,59.20000076293945,
08JA013,2007-10-11,64.30000305175781,
08JA013,2007-11-11,14.5,
08JA013,2007-12-11,84.0,
08JA013,2008-01-11,82.5,
08JA013,2008-02-11,80.30000305175781,
08JA013,2008-03-11,33.599998474121094,
08JA013,2008-04-11,32.79999923706055,
08JA013,2008-05-11,49.09999847412109,
08JA013,2008-06-11,48.900001525878906,
08JA013,2008-07-11,96.5,
08JA013,2008-08-11,168.0,
08JA013,2008-09-11,33.099998474121094,
08JA013,2008-10-11,32.599998474121094,
08JA013,2008-11-11,33.400001525878906,
08JA013,2008-12-11,35.599998474121094,
08JA013,2009-01-11,35.20000076293945,
08JA013,2009-02-11,34.599998474121094,
08JA013,2009-03-11,33.900001525878906,
08JA013,2009-04-11,33.099998474121094,
08JA013,2009-05-11,49.59999847412109,
08JA013,2009-06-11,48.79999923706055,
08JA013,2009-07-11,102.0,
08JA013,2009-08-11,14.5,
08JA013,2009-09-11,32.29999923706055,
08JA013,2009-10-11,33.900001525878906,
08JA013,2009-11-11,34.0,
08JA013,2009-12-11,33.79999923706055,
08JA013,2010-01-11,33.29999923706055,
08JA013,2010-02-11,32.70000076293945,
08JA013,2010-03-11,32.099998474121094,
08JA013,2010-04-11,31.299999237060547,
08JA013,2010-05-11,49.20000076293945,
08JA013,2010-06-11,49.29999923706055,
08JA013,2010-07-11,101.0,
08JA013,2010-08-11,168.0,
08JA013,2010-09-11,32.599998474121094,
08JA013,2010-10-11,33.400001525878906,
08JA013,2010-11-11,125.0,
08JA013,2010-12-11,74.19999694824219,
08JA013,2011-01-11,33.900001525878906,
08JA013,2011-02-11,33.5,
08JA013,2011-03-11,33.0,
08JA013,2011-04-11,32.400001525878906,
08JA013,2011-05-11,80.0,
08JA013,2011-06-11,301.0,
08JA013,2011-07-11,324.0,
08JA013,2011-08-11,330.0,
08JA013,2011-09-11,65.0999984741211,
08JA013,2011-10-11,500.0,
08JA013,2011-11-11,59.900001525878906,
08JA013,2011-12-11,59.59999847412109,
08JA013,2012-01-11,80.19999694824219,
08JA013,2012-02-11,99.9000015258789,
08JA013,2012-03-11,122.0,
08JA013,2012-04-11,118.0,
08JA013,2012-05-11,196.0,
08JA013,2012-06-11,232.0,
08JA013,2012-07-11,251.0,
08JA013,2012-08-11,292.0,
08JA013,2012-09-11,64.5,
08JA013,2012-10-11,63.5,
08JA013,2012-11-11,62.70000076293945,
08JA013,2012-12-11,38.70000076293945,
08JA013,2013-01-11,37.900001525878906,
08JA013,2013-02-11,31.0,
08JA013,2013-03-11,30.299999237060547,
08JA013,2013-04-11,31.600000381469727,
08JA013,2013-05-11,50.0,
08JA013,2013-06-11,49.900001525878906,
08JA013,2013-07-11,104.0,
08JA013,2013-08-11,282.0,
08JA013,2013-09-11,31.700000762939453,
08JA013,2013-10-11,31.299999237060547,
08JA013,2013-11-11,32.79999923706055,
08JA013,2013-12-11,34.0,
08JA013,2014-01-11,33.5,
08JA013,2014-02-11,32.900001525878906,
08JA013,2014-03-11,32.29999923706055,
08JA013,2014-04-11,34.5,
08JA013,2014-05-11,49.59999847412109,
08JA013,2014-06-11,48.09999847412109,
08JA013,2014-07-11,99.4000015258789,
08JA013,2014-08-11,448.0,
08JA013,2014-09-11,31.700000762939453,
08JA013,2014-10-11,33.5,
08JA013,2014-11-11,34.20000076293945,
08JA013,2014-12-11,34.29999923706055,
08JA013,2015-01-11,34.20000076293945,
08JA013,2015-02-11,30.5,
08JA013,2015-03-11,45.29999923706055,
08JA013,2015-04-11,144.0,
08JA013,2015-05-11,266.0,
08JA013,2015-06-11,496.0,
08JA013,2015-07-11,99.0,
08JA013,2015-08-11,169.0,
08JA013,2015-09-11,32.400001525878906,
08JA013,2015-10-11,32.20000076293945,
08JA013,2015-11-11,30.899999618530277,
08JA013,2015-12-11,30.5,
08JA013,2016-01-11,29.899999618530277,
08JA013,2016-02-11,29.299999237060547,
08JA013,2016-03-11,28.899999618530277,
08JA013,2016-04-11,36.09999847412109,
08JA013,2016-05-11,48.70000076293945,
08JA013,2016-06-11,49.0,
08JA013,2016-07-11,124.0,
08JA013,2016-08-11,390.0,
08JA013,2016-09-11,31.200000762939453,
08JA013,2016-10-11,32.0,
08JA013,2016-11-11,32.400001525878906,
08JA013,2016-12-11,31.5,
08JA013,2017-01-11,31.100000381469727,
08JA013,2017-02-11,30.700000762939453,
08JA013,2017-03-11,32.400001525878906,
08JA013,2017-04-11,31.899999618530277,
08JA013,2017-05-11,49.29999923706055,
08JA013,2017-06-11,206.0,
08JA013,2017-07-11,144.0,
08JA013,2017-08-11,14.600000381469728,
08JA013,2017-09-11,31.700000762939453,
08JA013,2017-10-11,32.5,
08JA013,2017-11-11,65.5,
08JA013,2017-12-11,79.4000015258789,
08JA013,2018-01-11,77.69999694824219,
08JA013,2018-02-11,35.900001525878906,
08JA013,2018-03-11,49.900001525878906,
08JA013,2018-04-11,73.30000305175781,
08JA013,2018-05-11,48.0,
08JA013,2018-06-11,251.0,
08JA013,2018-07-11,103.0,
08JA013,2018-08-11,452.0,
08JA013,2018-09-11,33.0,
08JA013,2018-10-11,28.100000381469727,
08JA013,2018-11-11,32.900001525878906,
08JA013,2018-12-11,32.400001525878906,
08JA013,2019-01-11,32.0,
08JA013,2019-02-11,31.299999237060547,
08JA013,2019-03-11,30.5,
08JA013,2019-04-11,31.899999618530277,
08JA013,2019-05-11,50.0,
08JA013,2019-06-11,48.900001525878906,
08JA013,2019-07-11,103.0,
08JA013,2019-08-11,171.0,
08JA013,2019-09-11,32.0,
08JA013,2019-10-11,31.700000762939453,
08JA013,2019-11-11,31.700000762939453,
08JA013,2019-12-11,32.0,
08JA013,2020-01-11,31.799999237060547,
08JA013,2020-02-11,31.600000381469727,
08JA013,2020-03-11,33.099998474121094,
08JA013,2020-04-11,34.20000076293945,
08JA013,2020-05-11,49.400001525878906,
08JA013,2020-06-11,48.79999923706055,
08JA013,2020-07-11,103.0,
08JA013,2020-08-11,170.0,
08JA013,2020-09-11,32.400001525878906,
08JA013,2020-10-11,32.29999923706055,
08JA013,2020-11-11,61.79999923706055,
08JA013,2020-12-11,77.30000305175781,
08JA013,2021-01-11,84.19999694824219,
08JA013,2021-02-11,83.5,
08JA013,2021-03-11,82.30000305175781,
08JA013,2021-04-11,199.0,
08JA013,2021-05-11,199.0,
08JA013,2021-06-11,200.0,
08JA013,2021-07-11,169.0,
08JA013,2021-08-11,279.0,
08JA013,2021-09-11,79.0,
08JA013,2021-10-11,249.0,
08JA013,2021-11-11,40.29999923706055,
08JA013,2021-12-11,40.29999923706055,
08JA013,2022-01-11,40.0,
08JA013,2022-02-11,39.70000076293945,
08JA013,2022-03-11,41.59999847412109,
08JA013,2022-04-11,41.400001525878906,
08JA013,2022-05-11,41.79999923706055,
08JA013,2022-06-11,285.0,
08JA013,2022-07-11,391.0,
08JA013,2022-08-11,296.0,
08JA013,2022-09-11,58.79999923706055,
08JA013,2022-10-11,60.29999923706055,
08JA013,2022-11-11,38.79999923706055,
08JA013,2022-12-11,33.599998474121094,
08JA013,2023-01-11,33.099998474121094,
08JA013,2023-02-11,32.599998474121094,
08JA013,2023-03-11,32.0,
08JA013,2023-04-11,33.400001525878906,
08JA013,2023-05-11,48.79999923706055,
08JA013,2023-06-11,50.09999847412109,
08JA013,2023-07-11,100.0,
08JA013,2023-08-11,451.0,
08JA013,2023-09-11,32.79999923706055,
08JA013,2023-10-11,32.900001525878906,
08JA013,2023-11-11,32.5,
08JA013,2023-12-11,32.20000076293945,
08JA013,2024-01-11,31.799999237060547,
08JA013,2024-02-11,33.20000076293945,
08JA013,2024-03-11,32.599998474121094,
08JA013,2024-04-11,32.0,
08JA013,2024-05-11,49.09999847412109,
08JA013,2024-06-11,51.20000076293945,
08JA013,2024-07-11,75.30000305175781,
08JA013,2024-08-11,220.0,
08JA013,2024-09-11,31.600000381469727,
08JA013,2024-10-11,32.099998474121094,
08JA013,2024-11-11,32.599998474121094,
08JA013,2024-12-11,32.099998474121094,
08JA013,2025-01-11,32.099998474121094,
08JA013,2025-02-11,31.600000381469727,
08JA013,2025-03-11,31.200000762939453,
08JA013,2025-04-11,30.799999237060547,
08JA013,2025-05-11,79.0,
08JA013,2025-06-11,32.5,
08JA013,2025-07-11,74.80000305175781,
08JA013,2025-08-11,134.0,
08JA013,2025-09-11,31.5,
08JA013,2025-10-11,31.299999237060547,
08JA013,2025-11-11,31.5,
08JA013,2025-12-11,31.700000762939453,
08JA013,1955-06-12,1.4199999570846558,
08JA013,1955-11-12,,
08JA013,1956-01-12,0.0,
08JA013,1956-02-12,5.659999847412109,
08JA013,1956-03-12,5.659999847412109,
08JA013,1956-04-12,5.659999847412109,
08JA013,1956-05-12,5.659999847412109,
08JA013,1956-06-12,0.0,
08JA013,1956-07-12,0.0,
08JA013,1956-08-12,2.8299999237060547,
08JA013,1956-09-12,59.5,
08JA013,1956-10-12,0.0,
08JA013,1956-11-12,0.0,
08JA013,1956-12-12,0.0,
08JA013,1957-01-12,181.0,
08JA013,1957-02-12,261.0,
08JA013,1957-03-12,262.0,
08JA013,1957-04-12,0.0,
08JA013,1957-05-12,261.0,
08JA013,1957-06-12,261.0,
08JA013,1957-07-12,0.0,
08JA013,1957-08-12,337.0,
08JA013,1957-09-12,241.0,
08JA013,1957-10-12,155.0,
08JA013,1957-11-12,154.0,
08JA013,1957-12-12,244.0,
08JA013,1958-01-12,331.0,
08JA013,1958-02-12,118.0,
08JA013,1958-03-12,331.0,
08JA013,1958-04-12,331.0,
08JA013,1958-05-12,0.0,
08JA013,1958-06-12,150.0,
08JA013,1958-07-12,306.0,
08JA013,1958-08-12,294.0,
08JA013,1958-09-12,281.0,
08JA013,1958-10-12,334.0,
08JA013,1958-11-12,317.0,
08JA013,1958-12-12,126.0,
08JA013,1959-01-12,124.0,
08JA013,1959-02-12,65.0999984741211,
08JA013,1959-03-12,63.400001525878906,
08JA013,1959-04-12,63.400001525878906,
08JA013,1959-05-12,64.5999984741211,
08JA013,1959-06-12,0.0,
08JA013,1959-07-12,309.0,
08JA013,1959-08-12,256.0,
08JA013,1959-09-12,371.0,
08JA013,1959-10-12,365.0,
08JA013,1959-11-12,39.09999847412109,
08JA013,1959-12-12,283.0,
08JA013,1960-01-12,37.70000076293945,
08JA013,1960-02-12,95.6999969482422,
08JA013,1960-03-12,92.9000015258789,
08JA013,1960-04-12,226.0,
08JA013,1960-05-12,368.0,
08JA013,1960-06-12,348.0,
08JA013,1960-07-12,0.0,
08JA013,1960-08-12,175.0,
08JA013,1960-09-12,264.0,
08JA013,1960-10-12,88.5999984741211,
08JA013,1960-11-12,188.0,
08JA013,1960-12-12,111.0,
08JA013,1961-01-12,59.70000076293945,
08JA013,1961-02-12,29.700000762939453,
08JA013,1961-03-12,42.5,
08JA013,1961-04-12,42.5,
08JA013,1961-05-12,160.0,
08JA013,1961-06-12,119.0,
08JA013,1961-07-12,362.0,
08JA013,1961-08-12,275.0,
08JA013,1961-09-12,481.0,
08JA013,1961-10-12,0.0,
08JA013,1961-11-12,30.600000381469727,
08JA013,1961-12-12,29.700000762939453,
08JA013,1962-01-12,30.0,
08JA013,1962-02-12,30.600000381469727,
08JA013,1962-03-12,30.600000381469727,
08JA013,1962-04-12,30.600000381469727,
08JA013,1962-05-12,182.0,
08JA013,1962-06-12,193.0,
08JA013,1962-07-12,328.0,
08JA013,1962-08-12,231.0,
08JA013,1962-09-12,227.0,
08JA013,1962-10-12,222.0,
08JA013,1962-11-12,221.0,
08JA013,1962-12-12,46.400001525878906,
08JA013,1963-01-12,46.70000076293945,
08JA013,1963-02-12,46.70000076293945,
08JA013,1963-03-12,46.400001525878906,
08JA013,1963-04-12,46.20000076293945,
08JA013,1963-05-12,334.0,
08JA013,1963-06-12,337.0,
08JA013,1963-07-12,197.0,
08JA013,1963-08-12,199.0,
08JA013,1963-09-12,194.0,
08JA013,1963-10-12,193.0,
08JA013,1963-11-12,171.0,
08JA013,1963-12-12,42.20000076293945,
08JA013,1964-01-12,42.79999923706055,
08JA013,1964-02-12,43.0,
08JA013,1964-03-12,42.5,
08JA013,1964-04-12,41.59999847412109,
08JA013,1964-05-12,416.0,
08JA013,1964-06-12,416.0,
08JA013,1964-07-12,309.0,
08JA013,1964-08-12,201.0,
08JA013,1964-09-12,199.0,
08JA013,1964-10-12,198.0,
08JA013,1964-11-12,195.0,
08JA013,1964-12-12,70.80000305175781,
08JA013,1965-01-12,69.9000015258789,
08JA013,1965-02-12,69.0999984741211,
08JA013,1965-03-12,68.0,
08JA013,1965-04-12,67.0999984741211,
08JA013,1965-05-12,191.0,
08JA013,1965-06-12,199.0,
08JA013,1965-07-12,203.0,
08JA013,1965-08-12,202.0,
08JA013,1965-09-12,196.0,
08JA013,1965-10-12,88.9000015258789,
08JA013,1965-11-12,45.900001525878906,
08JA013,1965-12-12,46.20000076293945,
08JA013,1966-01-12,46.20000076293945,
08JA013,1966-02-12,45.900001525878906,
08JA013,1966-03-12,45.29999923706055,
08JA013,1966-04-12,45.29999923706055,
08JA013,1966-05-12,221.0,
08JA013,1966-06-12,228.0,
08JA013,1966-07-12,67.4000015258789,
08JA013,1966-08-12,34.79999923706055,
08JA013,1966-09-12,311.0,
08JA013,1966-10-12,326.0,
08JA013,1966-11-12,88.30000305175781,
08JA013,1966-12-12,88.0999984741211,
08JA013,1967-01-12,87.19999694824219,
08JA013,1967-02-12,85.80000305175781,
08JA013,1967-03-12,84.4000015258789,
08JA013,1967-04-12,165.0,
08JA013,1967-05-12,269.0,
08JA013,1967-06-12,0.0,
08JA013,1967-07-12,260.0,
08JA013,1967-08-12,258.0,
08JA013,1967-09-12,123.0,
08JA013,1967-10-12,149.0,
08JA013,1967-11-12,94.9000015258789,
08JA013,1967-12-12,60.29999923706055,
08JA013,1968-01-12,60.29999923706055,
08JA013,1968-02-12,60.59999847412109,
08JA013,1968-03-12,60.29999923706055,
08JA013,1968-04-12,59.70000076293945,
08JA013,1968-05-12,226.0,
08JA013,1968-06-12,286.0,
08JA013,1968-07-12,348.0,
08JA013,1968-08-12,34.79999923706055,
08JA013,1968-09-12,243.0,
08JA013,1968-10-12,237.0,
08JA013,1968-11-12,236.0,
08JA013,1968-12-12,91.6999969482422,
08JA013,1969-01-12,90.0,
08JA013,1969-02-12,88.30000305175781,
08JA013,1969-03-12,86.4000015258789,
08JA013,1969-04-12,84.0999984741211,
08JA013,1969-05-12,84.0999984741211,
08JA013,1969-06-12,167.0,
08JA013,1969-07-12,64.80000305175781,
08JA013,1969-08-12,101.0,
08JA013,1969-09-12,157.0,
08JA013,1969-10-12,154.0,
08JA013,1969-11-12,75.9000015258789,
08JA013,1969-12-12,76.19999694824219,
08JA013,1970-01-12,75.0,
08JA013,1970-02-12,73.5999984741211,
08JA013,1970-03-12,71.9000015258789,
08JA013,1970-04-12,45.0,
08JA013,1970-05-12,44.20000076293945,
08JA013,1970-06-12,46.70000076293945,
08JA013,1970-07-12,47.900001525878906,
08JA013,1970-08-12,90.9000015258789,
08JA013,1970-09-12,117.0,
08JA013,1970-10-12,117.0,
08JA013,1970-11-12,61.70000076293945,
08JA013,1970-12-12,60.900001525878906,
08JA013,1971-01-12,59.5,
08JA013,1971-02-12,58.900001525878906,
08JA013,1971-03-12,57.79999923706055,
08JA013,1971-04-12,56.59999847412109,
08JA013,1971-05-12,204.0,
08JA013,1971-06-12,60.29999923706055,
08JA013,1971-07-12,64.0,
08JA013,1971-08-12,174.0,
08JA013,1971-09-12,173.0,
08JA013,1971-10-12,170.0,
08JA013,1971-11-12,75.9000015258789,
08JA013,1971-12-12,75.5999984741211,
08JA013,1972-01-12,74.5,
08JA013,1972-02-12,73.0999984741211,
08JA013,1972-03-12,71.5999984741211,
08JA013,1972-04-12,70.5,
08JA013,1972-05-12,0.0,
08JA013,1972-06-12,0.0,
08JA013,1972-07-12,229.0,
08JA013,1972-08-12,294.0,
08JA013,1972-09-12,225.0,
08JA013,1972-10-12,137.0,
08JA013,1972-11-12,73.9000015258789,
08JA013,1972-12-12,72.5,
08JA013,1973-01-12,71.4000015258789,
08JA013,1973-02-12,70.19999694824219,
08JA013,1973-03-12,68.80000305175781,
08JA013,1973-04-12,66.30000305175781,
08JA013,1973-05-12,66.5,
08JA013,1973-06-12,45.900001525878906,
08JA013,1973-07-12,175.0,
08JA013,1973-08-12,88.5999984741211,
08JA013,1973-09-12,33.70000076293945,
08JA013,1973-10-12,33.70000076293945,
08JA013,1973-11-12,49.79999923706055,
08JA013,1973-12-12,49.29999923706055,
08JA013,1974-01-12,48.400001525878906,
08JA013,1974-02-12,47.900001525878906,
08JA013,1974-03-12,47.0,
08JA013,1974-04-12,256.0,
08JA013,1974-05-12,0.0,
08JA013,1974-06-12,0.0,
08JA013,1974-07-12,227.0,
08JA013,1974-08-12,14.699999809265137,
08JA013,1974-09-12,25.799999237060547,
08JA013,1974-10-12,200.0,
08JA013,1974-11-12,77.9000015258789,
08JA013,1974-12-12,72.80000305175781,
08JA013,1975-01-12,75.9000015258789,
08JA013,1975-02-12,74.80000305175781,
08JA013,1975-03-12,73.30000305175781,
08JA013,1975-04-12,71.9000015258789,
08JA013,1975-05-12,71.9000015258789,
08JA013,1975-06-12,92.3000030517578,
08JA013,1975-07-12,97.4000015258789,
08JA013,1975-08-12,98.8000030517578,
08JA013,1975-09-12,114.0,
08JA013,1975-10-12,231.0,
08JA013,1975-11-12,224.0,
08JA013,1975-12-12,86.69999694824219,
08JA013,1976-01-12,85.80000305175781,
08JA013,1976-02-12,85.0,
08JA013,1976-03-12,83.5,
08JA013,1976-04-12,272.0,
08JA013,1976-05-12,144.0,
08JA013,1976-06-12,357.0,
08JA013,1976-07-12,433.0,
08JA013,1976-08-12,442.0,
08JA013,1976-09-12,227.0,
08JA013,1976-10-12,286.0,
08JA013,1976-11-12,279.0,
08JA013,1976-12-12,176.0,
08JA013,1977-01-12,172.0,
08JA013,1977-02-12,169.0,
08JA013,1977-03-12,164.0,
08JA013,1977-04-12,173.0,
08JA013,1977-05-12,0.0,
08JA013,1977-06-12,326.0,
08JA013,1977-07-12,158.0,
08JA013,1977-08-12,106.0,
08JA013,1977-09-12,52.400001525878906,
08JA013,1977-10-12,51.79999923706055,
08JA013,1977-11-12,51.79999923706055,
08JA013,1977-12-12,51.29999923706055,
08JA013,1978-01-12,50.70000076293945,
08JA013,1978-02-12,54.70000076293945,
08JA013,1978-03-12,53.0,
08JA013,1978-04-12,51.29999923706055,
08JA013,1978-05-12,51.79999923706055,
08JA013,1978-06-12,38.5,
08JA013,1978-07-12,40.20000076293945,
08JA013,1978-08-12,34.0,
08JA013,1978-09-12,34.0,
08JA013,1978-10-12,33.70000076293945,
08JA013,1978-11-12,36.79999923706055,
08JA013,1978-12-12,35.099998474121094,
08JA013,1979-01-12,32.70000076293945,
08JA013,1979-02-12,31.899999618530277,
08JA013,1979-03-12,31.0,
08JA013,1979-04-12,30.0,
08JA013,1979-05-12,31.299999237060547,
08JA013,1979-06-12,33.400001525878906,
08JA013,1979-07-12,80.80000305175781,
08JA013,1979-08-12,82.0,
08JA013,1979-09-12,33.70000076293945,
08JA013,1979-10-12,33.29999923706055,
08JA013,1979-11-12,20.799999237060547,
08JA013,1979-12-12,12.600000381469728,
08JA013,1980-01-12,12.699999809265137,
08JA013,1980-02-12,15.600000381469728,
08JA013,1980-03-12,15.0,
08JA013,1980-04-12,15.0,
08JA013,1980-05-12,15.100000381469728,
08JA013,1980-06-12,11.800000190734863,
08JA013,1980-07-12,22.600000381469727,
08JA013,1980-08-12,453.0,
08JA013,1980-09-12,32.29999923706055,
08JA013,1980-10-12,32.5,
08JA013,1980-11-12,32.599998474121094,
08JA013,1980-12-12,32.400001525878906,
08JA013,1981-01-12,33.099998474121094,
08JA013,1981-02-12,32.79999923706055,
08JA013,1981-03-12,32.70000076293945,
08JA013,1981-04-12,57.20000076293945,
08JA013,1981-05-12,57.0,
08JA013,1981-06-12,61.0,
08JA013,1981-07-12,62.900001525878906,
08JA013,1981-08-12,72.0,
08JA013,1981-09-12,31.100000381469727,
08JA013,1981-10-12,25.5,
08JA013,1981-11-12,32.5,
08JA013,1981-12-12,32.5,
08JA013,1982-01-12,32.099998474121094,
08JA013,1982-02-12,31.799999237060547,
08JA013,1982-03-12,31.299999237060547,
08JA013,1982-04-12,55.79999923706055,
08JA013,1982-05-12,41.0,
08JA013,1982-06-12,64.30000305175781,
08JA013,1982-07-12,57.29999923706055,
08JA013,1982-08-12,142.0,
08JA013,1982-09-12,31.100000381469727,
08JA013,1982-10-12,31.100000381469727,
08JA013,1982-11-12,31.100000381469727,
08JA013,1982-12-12,31.100000381469727,
08JA013,1983-01-12,31.100000381469727,
08JA013,1983-02-12,31.100000381469727,
08JA013,1983-03-12,31.100000381469727,
08JA013,1983-04-12,49.59999847412109,
08JA013,1983-05-12,49.59999847412109,
08JA013,1983-06-12,55.79999923706055,
08JA013,1983-07-12,58.0,
08JA013,1983-08-12,393.0,
08JA013,1983-09-12,31.100000381469727,
08JA013,1983-10-12,30.799999237060547,
08JA013,1983-11-12,31.200000762939453,
08JA013,1983-12-12,31.0,
08JA013,1984-01-12,30.600000381469727,
08JA013,1984-02-12,30.5,
08JA013,1984-03-12,30.299999237060547,
08JA013,1984-04-12,53.70000076293945,
08JA013,1984-05-12,53.900001525878906,
08JA013,1984-06-12,53.400001525878906,
08JA013,1984-07-12,227.0,
08JA013,1984-08-12,175.0,
08JA013,1984-09-12,30.899999618530277,
08JA013,1984-10-12,31.299999237060547,
08JA013,1984-11-12,31.299999237060547,
08JA013,1984-12-12,31.100000381469727,
08JA013,1985-01-12,30.899999618530277,
08JA013,1985-02-12,30.399999618530277,
08JA013,1985-03-12,30.299999237060547,
08JA013,1985-04-12,58.0,
08JA013,1985-05-12,53.59999847412109,
08JA013,1985-06-12,58.20000076293945,
08JA013,1985-07-12,281.0,
08JA013,1985-08-12,275.0,
08JA013,1985-09-12,63.59999847412109,
08JA013,1985-10-12,60.5,
08JA013,1985-11-12,33.5,
08JA013,1985-12-12,32.400001525878906,
08JA013,1986-01-12,33.900001525878906,
08JA013,1986-02-12,32.900001525878906,
08JA013,1986-03-12,32.599998474121094,
08JA013,1986-04-12,59.900001525878906,
08JA013,1986-05-12,48.70000076293945,
08JA013,1986-06-12,58.5,
08JA013,1986-07-12,227.0,
08JA013,1986-08-12,112.0,
08JA013,1986-09-12,28.299999237060547,
08JA013,1986-10-12,28.299999237060547,
08JA013,1986-11-12,33.79999923706055,
08JA013,1986-12-12,36.5,
08JA013,1987-01-12,36.09999847412109,
08JA013,1987-02-12,35.5,
08JA013,1987-03-12,34.099998474121094,
08JA013,1987-04-12,35.099998474121094,
08JA013,1987-05-12,53.5,
08JA013,1987-06-12,57.29999923706055,
08JA013,1987-07-12,312.0,
08JA013,1987-08-12,227.0,
08JA013,1987-09-12,56.59999847412109,
08JA013,1987-10-12,56.59999847412109,
08JA013,1987-11-12,32.29999923706055,
08JA013,1987-12-12,34.0,
08JA013,1988-01-12,34.099998474121094,
08JA013,1988-02-12,33.29999923706055,
08JA013,1988-03-12,32.5,
08JA013,1988-04-12,54.59999847412109,
08JA013,1988-05-12,44.59999847412109,
08JA013,1988-06-12,48.59999847412109,
08JA013,1988-07-12,227.0,
08JA013,1988-08-12,168.0,
08JA013,1988-09-12,29.899999618530277,
08JA013,1988-10-12,30.0,
08JA013,1988-11-12,30.100000381469727,
08JA013,1988-12-12,30.799999237060547,
08JA013,1989-01-12,30.399999618530277,
08JA013,1989-02-12,29.899999618530277,
08JA013,1989-03-12,29.5,
08JA013,1989-04-12,29.100000381469727,
08JA013,1989-05-12,48.09999847412109,
08JA013,1989-06-12,48.5,
08JA013,1989-07-12,227.0,
08JA013,1989-08-12,170.0,
08JA013,1989-09-12,32.599998474121094,
08JA013,1989-10-12,32.599998474121094,
08JA013,1989-11-12,35.0,
08JA013,1989-12-12,35.20000076293945,
08JA013,1990-01-12,35.29999923706055,
08JA013,1990-02-12,35.0,
08JA013,1990-03-12,34.20000076293945,
08JA013,1990-04-12,255.0,
08JA013,1990-05-12,49.09999847412109,
08JA013,1990-06-12,49.400001525878906,
08JA013,1990-07-12,227.0,
08JA013,1990-08-12,173.0,
08JA013,1990-09-12,30.899999618530277,
08JA013,1990-10-12,33.599998474121094,
08JA013,1990-11-12,33.400001525878906,
08JA013,1990-12-12,32.79999923706055,
08JA013,1991-01-12,32.599998474121094,
08JA013,1991-02-12,32.0,
08JA013,1991-03-12,50.900001525878906,
08JA013,1991-04-12,84.19999694824219,
08JA013,1991-05-12,48.79999923706055,
08JA013,1991-06-12,50.29999923706055,
08JA013,1991-07-12,227.0,
08JA013,1991-08-12,264.0,
08JA013,1991-09-12,31.0,
08JA013,1991-10-12,32.79999923706055,
08JA013,1991-11-12,32.599998474121094,
08JA013,1991-12-12,32.400001525878906,
08JA013,1992-01-12,32.099998474121094,
08JA013,1992-02-12,31.600000381469727,
08JA013,1992-03-12,31.399999618530277,
08JA013,1992-04-12,31.5,
08JA013,1992-05-12,49.70000076293945,
08JA013,1992-06-12,50.09999847412109,
08JA013,1992-07-12,281.0,
08JA013,1992-08-12,396.0,
08JA013,1992-09-12,32.599998474121094,
08JA013,1992-10-12,33.099998474121094,
08JA013,1992-11-12,33.400001525878906,
08JA013,1992-12-12,33.099998474121094,
08JA013,1993-01-12,32.599998474121094,
08JA013,1993-02-12,33.099998474121094,
08JA013,1993-03-12,32.5,
08JA013,1993-04-12,32.900001525878906,
08JA013,1993-05-12,49.70000076293945,
08JA013,1993-06-12,50.09999847412109,
08JA013,1993-07-12,109.0,
08JA013,1993-08-12,156.0,
08JA013,1993-09-12,32.400001525878906,
08JA013,1993-10-12,32.70000076293945,
08JA013,1993-11-12,33.79999923706055,
08JA013,1993-12-12,33.400001525878906,
08JA013,1994-01-12,33.0,
08JA013,1994-02-12,32.5,
08JA013,1994-03-12,32.099998474121094,
08JA013,1994-04-12,31.899999618530277,
08JA013,1994-05-12,49.900001525878906,
08JA013,1994-06-12,49.5,
08JA013,1994-07-12,227.0,
08JA013,1994-08-12,453.0,
08JA013,1994-09-12,31.399999618530277,
08JA013,1994-10-12,31.299999237060547,
08JA013,1994-11-12,31.100000381469727,
08JA013,1994-12-12,40.5,
08JA013,1995-01-12,36.400001525878906,
08JA013,1995-02-12,35.70000076293945,
08JA013,1995-03-12,35.0,
08JA013,1995-04-12,40.79999923706055,
08JA013,1995-05-12,49.59999847412109,
08JA013,1995-06-12,49.79999923706055,
08JA013,1995-07-12,227.0,
08JA013,1995-08-12,170.0,
08JA013,1995-09-12,32.099998474121094,
08JA013,1995-10-12,32.5,
08JA013,1995-11-12,35.0,
08JA013,1995-12-12,34.400001525878906,
08JA013,1996-01-12,34.099998474121094,
08JA013,1996-02-12,33.79999923706055,
08JA013,1996-03-12,33.29999923706055,
08JA013,1996-04-12,33.099998474121094,
08JA013,1996-05-12,50.5,
08JA013,1996-06-12,54.5,
08JA013,1996-07-12,255.0,
08JA013,1996-08-12,170.0,
08JA013,1996-09-12,57.0,
08JA013,1996-10-12,227.0,
08JA013,1996-11-12,228.0,
08JA013,1996-12-12,60.400001525878906,
08JA013,1997-01-12,59.5,
08JA013,1997-02-12,58.29999923706055,
08JA013,1997-03-12,57.29999923706055,
08JA013,1997-04-12,56.5,
08JA013,1997-05-12,86.5999984741211,
08JA013,1997-06-12,284.0,
08JA013,1997-07-12,342.0,
08JA013,1997-08-12,330.0,
08JA013,1997-09-12,84.9000015258789,
08JA013,1997-10-12,85.19999694824219,
08JA013,1997-11-12,57.29999923706055,
08JA013,1997-12-12,56.29999923706055,
08JA013,1998-01-12,55.29999923706055,
08JA013,1998-02-12,54.09999847412109,
08JA013,1998-03-12,52.70000076293945,
08JA013,1998-04-12,51.400001525878906,
08JA013,1998-05-12,52.20000076293945,
08JA013,1998-06-12,53.5,
08JA013,1998-07-12,310.0,
08JA013,1998-08-12,170.0,
08JA013,1998-09-12,29.399999618530277,
08JA013,1998-10-12,30.100000381469727,
08JA013,1998-11-12,29.799999237060547,
08JA013,1998-12-12,30.299999237060547,
08JA013,1999-01-12,29.899999618530277,
08JA013,1999-02-12,29.5,
08JA013,1999-03-12,29.899999618530277,
08JA013,1999-04-12,29.299999237060547,
08JA013,1999-05-12,49.5,
08JA013,1999-06-12,48.900001525878906,
08JA013,1999-07-12,227.0,
08JA013,1999-08-12,170.0,
08JA013,1999-09-12,33.0,
08JA013,1999-10-12,33.599998474121094,
08JA013,1999-11-12,33.20000076293945,
08JA013,1999-12-12,32.70000076293945,
08JA013,2000-01-12,33.099998474121094,
08JA013,2000-02-12,33.20000076293945,
08JA013,2000-03-12,32.29999923706055,
08JA013,2000-04-12,32.400001525878906,
08JA013,2000-05-12,49.09999847412109,
08JA013,2000-06-12,49.29999923706055,
08JA013,2000-07-12,227.0,
08JA013,2000-08-12,170.0,
08JA013,2000-09-12,32.900001525878906,
08JA013,2000-10-12,32.599998474121094,
08JA013,2000-11-12,32.099998474121094,
08JA013,2000-12-12,31.799999237060547,
08JA013,2001-01-12,32.400001525878906,
08JA013,2001-02-12,32.900001525878906,
08JA013,2001-03-12,32.400001525878906,
08JA013,2001-04-12,32.70000076293945,
08JA013,2001-05-12,52.400001525878906,
08JA013,2001-06-12,53.59999847412109,
08JA013,2001-07-12,113.0,
08JA013,2001-08-12,253.0,
08JA013,2001-09-12,30.0,
08JA013,2001-10-12,30.0,
08JA013,2001-11-12,30.0,
08JA013,2001-12-12,30.0,
08JA013,2002-01-12,31.700000762939453,
08JA013,2002-02-12,31.299999237060547,
08JA013,2002-03-12,30.799999237060547,
08JA013,2002-04-12,30.200000762939453,
08JA013,2002-05-12,54.79999923706055,
08JA013,2002-06-12,57.09999847412109,
08JA013,2002-07-12,227.0,
08JA013,2002-08-12,227.0,
08JA013,2002-09-12,30.0,
08JA013,2002-10-12,30.0,
08JA013,2002-11-12,85.0,
08JA013,2002-12-12,85.0,
08JA013,2003-01-12,31.5,
08JA013,2003-02-12,31.100000381469727,
08JA013,2003-03-12,30.5,
08JA013,2003-04-12,30.0,
08JA013,2003-05-12,50.5,
08JA013,2003-06-12,49.59999847412109,
08JA013,2003-07-12,228.0,
08JA013,2003-08-12,170.0,
08JA013,2003-09-12,33.099998474121094,
08JA013,2003-10-12,32.70000076293945,
08JA013,2003-11-12,32.900001525878906,
08JA013,2003-12-12,32.5,
08JA013,2004-01-12,32.79999923706055,
08JA013,2004-02-12,32.20000076293945,
08JA013,2004-03-12,32.900001525878906,
08JA013,2004-04-12,32.900001525878906,
08JA013,2004-05-12,53.29999923706055,
08JA013,2004-06-12,53.20000076293945,
08JA013,2004-07-12,225.0,
08JA013,2004-08-12,283.0,
08JA013,2004-09-12,30.200000762939453,
08JA013,2004-10-12,29.600000381469727,
08JA013,2004-11-12,30.399999618530277,
08JA013,2004-12-12,31.0,
08JA013,2005-01-12,31.200000762939453,
08JA013,2005-02-12,31.399999618530277,
08JA013,2005-03-12,31.399999618530277,
08JA013,2005-04-12,44.59999847412109,
08JA013,2005-05-12,229.0,
08JA013,2005-06-12,129.0,
08JA013,2005-07-12,91.0,
08JA013,2005-08-12,169.0,
08JA013,2005-09-12,32.400001525878906,
08JA013,2005-10-12,49.59999847412109,
08JA013,2005-11-12,86.4000015258789,
08JA013,2005-12-12,86.0999984741211,
08JA013,2006-01-12,84.80000305175781,
08JA013,2006-02-12,54.70000076293945,
08JA013,2006-03-12,32.70000076293945,
08JA013,2006-04-12,32.0,
08JA013,2006-05-12,49.59999847412109,
08JA013,2006-06-12,49.20000076293945,
08JA013,2006-07-12,229.0,
08JA013,2006-08-12,171.0,
08JA013,2006-09-12,31.799999237060547,
08JA013,2006-10-12,32.099998474121094,
08JA013,2006-11-12,33.20000076293945,
08JA013,2006-12-12,33.20000076293945,
08JA013,2007-01-12,33.099998474121094,
08JA013,2007-02-12,32.79999923706055,
08JA013,2007-03-12,42.400001525878906,
08JA013,2007-04-12,327.0,
08JA013,2007-05-12,50.29999923706055,
08JA013,2007-06-12,324.0,
08JA013,2007-07-12,580.0,
08JA013,2007-08-12,345.0,
08JA013,2007-09-12,64.5999984741211,
08JA013,2007-10-12,64.30000305175781,
08JA013,2007-11-12,14.5,
08JA013,2007-12-12,83.9000015258789,
08JA013,2008-01-12,82.4000015258789,
08JA013,2008-02-12,80.30000305175781,
08JA013,2008-03-12,33.5,
08JA013,2008-04-12,32.79999923706055,
08JA013,2008-05-12,49.09999847412109,
08JA013,2008-06-12,49.0,
08JA013,2008-07-12,137.0,
08JA013,2008-08-12,168.0,
08JA013,2008-09-12,33.0,
08JA013,2008-10-12,32.599998474121094,
08JA013,2008-11-12,33.400001525878906,
08JA013,2008-12-12,35.599998474121094,
08JA013,2009-01-12,35.20000076293945,
08JA013,2009-02-12,34.599998474121094,
08JA013,2009-03-12,33.900001525878906,
08JA013,2009-04-12,33.099998474121094,
08JA013,2009-05-12,49.59999847412109,
08JA013,2009-06-12,49.0,
08JA013,2009-07-12,136.0,
08JA013,2009-08-12,14.5,
08JA013,2009-09-12,32.29999923706055,
08JA013,2009-10-12,33.900001525878906,
08JA013,2009-11-12,34.0,
08JA013,2009-12-12,33.79999923706055,
08JA013,2010-01-12,33.29999923706055,
08JA013,2010-02-12,32.70000076293945,
08JA013,2010-03-12,32.099998474121094,
08JA013,2010-04-12,31.299999237060547,
08JA013,2010-05-12,49.20000076293945,
08JA013,2010-06-12,49.400001525878906,
08JA013,2010-07-12,136.0,
08JA013,2010-08-12,247.0,
08JA013,2010-09-12,32.599998474121094,
08JA013,2010-10-12,33.400001525878906,
08JA013,2010-11-12,111.0,
08JA013,2010-12-12,74.0999984741211,
08JA013,2011-01-12,33.79999923706055,
08JA013,2011-02-12,33.5,
08JA013,2011-03-12,33.0,
08JA013,2011-04-12,32.29999923706055,
08JA013,2011-05-12,80.19999694824219,
08JA013,2011-06-12,302.0,
08JA013,2011-07-12,324.0,
08JA013,2011-08-12,334.0,
08JA013,2011-09-12,65.0,
08JA013,2011-10-12,448.0,
08JA013,2011-11-12,59.900001525878906,
08JA013,2011-12-12,59.5,
08JA013,2012-01-12,80.19999694824219,
08JA013,2012-02-12,99.8000030517578,
08JA013,2012-03-12,122.0,
08JA013,2012-04-12,118.0,
08JA013,2012-05-12,225.0,
08JA013,2012-06-12,233.0,
08JA013,2012-07-12,251.0,
08JA013,2012-08-12,292.0,
08JA013,2012-09-12,64.4000015258789,
08JA013,2012-10-12,63.5,
08JA013,2012-11-12,62.70000076293945,
08JA013,2012-12-12,38.70000076293945,
08JA013,2013-01-12,37.79999923706055,
08JA013,2013-02-12,31.0,
08JA013,2013-03-12,30.299999237060547,
08JA013,2013-04-12,31.600000381469727,
08JA013,2013-05-12,50.20000076293945,
08JA013,2013-06-12,50.0,
08JA013,2013-07-12,189.0,
08JA013,2013-08-12,282.0,
08JA013,2013-09-12,31.700000762939453,
08JA013,2013-10-12,31.299999237060547,
08JA013,2013-11-12,32.79999923706055,
08JA013,2013-12-12,34.0,
08JA013,2014-01-12,33.5,
08JA013,2014-02-12,32.900001525878906,
08JA013,2014-03-12,32.29999923706055,
08JA013,2014-04-12,34.5,
08JA013,2014-05-12,49.29999923706055,
08JA013,2014-06-12,48.20000076293945,
08JA013,2014-07-12,183.0,
08JA013,2014-08-12,397.0,
08JA013,2014-09-12,31.700000762939453,
08JA013,2014-10-12,33.5,
08JA013,2014-11-12,34.29999923706055,
08JA013,2014-12-12,34.29999923706055,
08JA013,2015-01-12,34.20000076293945,
08JA013,2015-02-12,30.5,
08JA013,2015-03-12,45.29999923706055,
08JA013,2015-04-12,150.0,
08JA013,2015-05-12,277.0,
08JA013,2015-06-12,506.0,
08JA013,2015-07-12,120.0,
08JA013,2015-08-12,178.0,
08JA013,2015-09-12,32.400001525878906,
08JA013,2015-10-12,32.20000076293945,
08JA013,2015-11-12,30.899999618530277,
08JA013,2015-12-12,30.399999618530277,
08JA013,2016-01-12,29.799999237060547,
08JA013,2016-02-12,29.299999237060547,
08JA013,2016-03-12,28.899999618530277,
08JA013,2016-04-12,48.70000076293945,
08JA013,2016-05-12,48.79999923706055,
08JA013,2016-06-12,49.0,
08JA013,2016-07-12,170.0,
08JA013,2016-08-12,206.0,
08JA013,2016-09-12,31.200000762939453,
08JA013,2016-10-12,32.0,
08JA013,2016-11-12,32.5,
08JA013,2016-12-12,31.5,
08JA013,2017-01-12,31.100000381469727,
08JA013,2017-02-12,30.700000762939453,
08JA013,2017-03-12,32.400001525878906,
08JA013,2017-04-12,31.899999618530277,
08JA013,2017-05-12,49.5,
08JA013,2017-06-12,206.0,
08JA013,2017-07-12,144.0,
08JA013,2017-08-12,14.600000381469728,
08JA013,2017-09-12,31.700000762939453,
08JA013,2017-10-12,32.5,
08JA013,2017-11-12,65.5,
08JA013,2017-12-12,79.30000305175781,
08JA013,2018-01-12,77.5999984741211,
08JA013,2018-02-12,35.79999923706055,
08JA013,2018-03-12,49.900001525878906,
08JA013,2018-04-12,84.5999984741211,
08JA013,2018-05-12,48.29999923706055,
08JA013,2018-06-12,210.0,
08JA013,2018-07-12,135.0,
08JA013,2018-08-12,324.0,
08JA013,2018-09-12,33.0,
08JA013,2018-10-12,28.100000381469727,
08JA013,2018-11-12,32.79999923706055,
08JA013,2018-12-12,32.400001525878906,
08JA013,2019-01-12,32.0,
08JA013,2019-02-12,31.299999237060547,
08JA013,2019-03-12,30.5,
08JA013,2019-04-12,31.899999618530277,
08JA013,2019-05-12,50.09999847412109,
08JA013,2019-06-12,48.900001525878906,
08JA013,2019-07-12,135.0,
08JA013,2019-08-12,170.0,
08JA013,2019-09-12,32.0,
08JA013,2019-10-12,31.700000762939453,
08JA013,2019-11-12,31.700000762939453,
08JA013,2019-12-12,32.0,
08JA013,2020-01-12,31.799999237060547,
08JA013,2020-02-12,31.600000381469727,
08JA013,2020-03-12,33.099998474121094,
08JA013,2020-04-12,34.099998474121094,
08JA013,2020-05-12,49.09999847412109,
08JA013,2020-06-12,48.79999923706055,
08JA013,2020-07-12,136.0,
08JA013,2020-08-12,170.0,
08JA013,2020-09-12,32.400001525878906,
08JA013,2020-10-12,32.20000076293945,
08JA013,2020-11-12,61.79999923706055,
08JA013,2020-12-12,85.0999984741211,
08JA013,2021-01-12,84.19999694824219,
08JA013,2021-02-12,83.4000015258789,
08JA013,2021-03-12,84.19999694824219,
08JA013,2021-04-12,199.0,
08JA013,2021-05-12,199.0,
08JA013,2021-06-12,201.0,
08JA013,2021-07-12,169.0,
08JA013,2021-08-12,278.0,
08JA013,2021-09-12,79.0,
08JA013,2021-10-12,249.0,
08JA013,2021-11-12,40.29999923706055,
08JA013,2021-12-12,40.29999923706055,
08JA013,2022-01-12,40.0,
08JA013,2022-02-12,39.70000076293945,
08JA013,2022-03-12,41.5,
08JA013,2022-04-12,41.400001525878906,
08JA013,2022-05-12,59.20000076293945,
08JA013,2022-06-12,285.0,
08JA013,2022-07-12,391.0,
08JA013,2022-08-12,295.0,
08JA013,2022-09-12,58.79999923706055,
08JA013,2022-10-12,60.20000076293945,
08JA013,2022-11-12,38.79999923706055,
08JA013,2022-12-12,33.599998474121094,
08JA013,2023-01-12,33.0,
08JA013,2023-02-12,32.5,
08JA013,2023-03-12,32.0,
08JA013,2023-04-12,33.400001525878906,
08JA013,2023-05-12,48.900001525878906,
08JA013,2023-06-12,50.20000076293945,
08JA013,2023-07-12,100.0,
08JA013,2023-08-12,401.0,
08JA013,2023-09-12,32.79999923706055,
08JA013,2023-10-12,32.900001525878906,
08JA013,2023-11-12,32.5,
08JA013,2023-12-12,32.20000076293945,
08JA013,2024-01-12,31.799999237060547,
08JA013,2024-02-12,33.20000076293945,
08JA013,2024-03-12,32.599998474121094,
08JA013,2024-04-12,32.0,
08JA013,2024-05-12,49.20000076293945,
08JA013,2024-06-12,51.29999923706055,
08JA013,2024-07-12,90.0,
08JA013,2024-08-12,48.900001525878906,
08JA013,2024-09-12,31.600000381469727,
08JA013,2024-10-12,31.799999237060547,
08JA013,2024-11-12,32.599998474121094,
08JA013,2024-12-12,32.099998474121094,
08JA013,2025-01-12,32.099998474121094,
08JA013,2025-02-12,31.600000381469727,
08JA013,2025-03-12,31.200000762939453,
08JA013,2025-04-12,30.799999237060547,
08JA013,2025-05-12,91.8000030517578,
08JA013,2025-06-12,32.5,
08JA013,2025-07-12,90.0,
08JA013,2025-08-12,49.900001525878906,
08JA013,2025-09-12,31.5,
08JA013,2025-10-12,31.200000762939453,
08JA013,2025-11-12,31.5,
08JA013,2025-12-12,31.700000762939453,
08JA013,1955-06-13,1.4199999570846558,
08JA013,1955-11-13,,
08JA013,1956-01-13,0.0,
08JA013,1956-02-13,5.659999847412109,
08JA013,1956-03-13,5.659999847412109,
08JA013,1956-04-13,5.659999847412109,
08JA013,1956-05-13,5.659999847412109,
08JA013,1956-06-13,0.0,
08JA013,1956-07-13,0.0,
08JA013,1956-08-13,5.659999847412109,
08JA013,1956-09-13,60.900001525878906,
08JA013,1956-10-13,0.0,
08JA013,1956-11-13,0.0,
08JA013,1956-12-13,0.0,
08JA013,1957-01-13,170.0,
08JA013,1957-02-13,261.0,
08JA013,1957-03-13,262.0,
08JA013,1957-04-13,0.0,
08JA013,1957-05-13,261.0,
08JA013,1957-06-13,261.0,
08JA013,1957-07-13,0.0,
08JA013,1957-08-13,323.0,
08JA013,1957-09-13,238.0,
08JA013,1957-10-13,155.0,
08JA013,1957-11-13,154.0,
08JA013,1957-12-13,245.0,
08JA013,1958-01-13,331.0,
08JA013,1958-02-13,118.0,
08JA013,1958-03-13,331.0,
08JA013,1958-04-13,331.0,
08JA013,1958-05-13,0.0,
08JA013,1958-06-13,150.0,
08JA013,1958-07-13,306.0,
08JA013,1958-08-13,294.0,
08JA013,1958-09-13,281.0,
08JA013,1958-10-13,334.0,
08JA013,1958-11-13,317.0,
08JA013,1958-12-13,126.0,
08JA013,1959-01-13,124.0,
08JA013,1959-02-13,65.0999984741211,
08JA013,1959-03-13,63.400001525878906,
08JA013,1959-04-13,63.400001525878906,
08JA013,1959-05-13,64.5999984741211,
08JA013,1959-06-13,0.0,
08JA013,1959-07-13,309.0,
08JA013,1959-08-13,164.0,
08JA013,1959-09-13,371.0,
08JA013,1959-10-13,365.0,
08JA013,1959-11-13,56.400001525878906,
08JA013,1959-12-13,282.0,
08JA013,1960-01-13,37.70000076293945,
08JA013,1960-02-13,95.6999969482422,
08JA013,1960-03-13,92.9000015258789,
08JA013,1960-04-13,226.0,
08JA013,1960-05-13,368.0,
08JA013,1960-06-13,362.0,
08JA013,1960-07-13,0.0,
08JA013,1960-08-13,175.0,
08JA013,1960-09-13,264.0,
08JA013,1960-10-13,88.5999984741211,
08JA013,1960-11-13,188.0,
08JA013,1960-12-13,111.0,
08JA013,1961-01-13,59.70000076293945,
08JA013,1961-02-13,29.700000762939453,
08JA013,1961-03-13,42.5,
08JA013,1961-04-13,42.5,
08JA013,1961-05-13,203.0,
08JA013,1961-06-13,190.0,
08JA013,1961-07-13,362.0,
08JA013,1961-08-13,275.0,
08JA013,1961-09-13,481.0,
08JA013,1961-10-13,0.0,
08JA013,1961-11-13,30.600000381469727,
08JA013,1961-12-13,29.700000762939453,
08JA013,1962-01-13,30.0,
08JA013,1962-02-13,30.600000381469727,
08JA013,1962-03-13,30.600000381469727,
08JA013,1962-04-13,30.600000381469727,
08JA013,1962-05-13,182.0,
08JA013,1962-06-13,193.0,
08JA013,1962-07-13,259.0,
08JA013,1962-08-13,231.0,
08JA013,1962-09-13,227.0,
08JA013,1962-10-13,222.0,
08JA013,1962-11-13,221.0,
08JA013,1962-12-13,46.400001525878906,
08JA013,1963-01-13,46.70000076293945,
08JA013,1963-02-13,46.70000076293945,
08JA013,1963-03-13,46.400001525878906,
08JA013,1963-04-13,46.20000076293945,
08JA013,1963-05-13,334.0,
08JA013,1963-06-13,337.0,
08JA013,1963-07-13,197.0,
08JA013,1963-08-13,199.0,
08JA013,1963-09-13,194.0,
08JA013,1963-10-13,193.0,
08JA013,1963-11-13,171.0,
08JA013,1963-12-13,42.20000076293945,
08JA013,1964-01-13,42.79999923706055,
08JA013,1964-02-13,43.0,
08JA013,1964-03-13,42.5,
08JA013,1964-04-13,41.59999847412109,
08JA013,1964-05-13,416.0,
08JA013,1964-06-13,416.0,
08JA013,1964-07-13,311.0,
08JA013,1964-08-13,201.0,
08JA013,1964-09-13,199.0,
08JA013,1964-10-13,198.0,
08JA013,1964-11-13,195.0,
08JA013,1964-12-13,70.80000305175781,
08JA013,1965-01-13,69.9000015258789,
08JA013,1965-02-13,69.0999984741211,
08JA013,1965-03-13,68.0,
08JA013,1965-04-13,67.0999984741211,
08JA013,1965-05-13,191.0,
08JA013,1965-06-13,199.0,
08JA013,1965-07-13,203.0,
08JA013,1965-08-13,202.0,
08JA013,1965-09-13,196.0,
08JA013,1965-10-13,88.9000015258789,
08JA013,1965-11-13,45.900001525878906,
08JA013,1965-12-13,46.20000076293945,
08JA013,1966-01-13,46.20000076293945,
08JA013,1966-02-13,45.900001525878906,
08JA013,1966-03-13,45.29999923706055,
08JA013,1966-04-13,45.29999923706055,
08JA013,1966-05-13,221.0,
08JA013,1966-06-13,229.0,
08JA013,1966-07-13,0.0,
08JA013,1966-08-13,34.79999923706055,
08JA013,1966-09-13,311.0,
08JA013,1966-10-13,326.0,
08JA013,1966-11-13,88.30000305175781,
08JA013,1966-12-13,88.0999984741211,
08JA013,1967-01-13,87.19999694824219,
08JA013,1967-02-13,85.80000305175781,
08JA013,1967-03-13,84.4000015258789,
08JA013,1967-04-13,164.0,
08JA013,1967-05-13,269.0,
08JA013,1967-06-13,71.5999984741211,
08JA013,1967-07-13,260.0,
08JA013,1967-08-13,258.0,
08JA013,1967-09-13,123.0,
08JA013,1967-10-13,149.0,
08JA013,1967-11-13,94.9000015258789,
08JA013,1967-12-13,60.29999923706055,
08JA013,1968-01-13,60.29999923706055,
08JA013,1968-02-13,60.59999847412109,
08JA013,1968-03-13,60.29999923706055,
08JA013,1968-04-13,59.70000076293945,
08JA013,1968-05-13,227.0,
08JA013,1968-06-13,286.0,
08JA013,1968-07-13,348.0,
08JA013,1968-08-13,69.4000015258789,
08JA013,1968-09-13,243.0,
08JA013,1968-10-13,237.0,
08JA013,1968-11-13,161.0,
08JA013,1968-12-13,91.6999969482422,
08JA013,1969-01-13,90.0,
08JA013,1969-02-13,88.30000305175781,
08JA013,1969-03-13,86.0999984741211,
08JA013,1969-04-13,84.0999984741211,
08JA013,1969-05-13,84.0999984741211,
08JA013,1969-06-13,206.0,
08JA013,1969-07-13,64.80000305175781,
08JA013,1969-08-13,136.0,
08JA013,1969-09-13,157.0,
08JA013,1969-10-13,154.0,
08JA013,1969-11-13,75.9000015258789,
08JA013,1969-12-13,76.19999694824219,
08JA013,1970-01-13,75.0,
08JA013,1970-02-13,73.5999984741211,
08JA013,1970-03-13,71.9000015258789,
08JA013,1970-04-13,45.0,
08JA013,1970-05-13,44.5,
08JA013,1970-06-13,46.70000076293945,
08JA013,1970-07-13,47.900001525878906,
08JA013,1970-08-13,90.9000015258789,
08JA013,1970-09-13,117.0,
08JA013,1970-10-13,116.0,
08JA013,1970-11-13,61.400001525878906,
08JA013,1970-12-13,60.59999847412109,
08JA013,1971-01-13,59.5,
08JA013,1971-02-13,58.900001525878906,
08JA013,1971-03-13,57.79999923706055,
08JA013,1971-04-13,56.59999847412109,
08JA013,1971-05-13,103.0,
08JA013,1971-06-13,60.59999847412109,
08JA013,1971-07-13,64.30000305175781,
08JA013,1971-08-13,174.0,
08JA013,1971-09-13,172.0,
08JA013,1971-10-13,170.0,
08JA013,1971-11-13,75.9000015258789,
08JA013,1971-12-13,75.5999984741211,
08JA013,1972-01-13,74.5,
08JA013,1972-02-13,73.0999984741211,
08JA013,1972-03-13,71.5999984741211,
08JA013,1972-04-13,190.0,
08JA013,1972-05-13,0.0,
08JA013,1972-06-13,0.0,
08JA013,1972-07-13,428.0,
08JA013,1972-08-13,294.0,
08JA013,1972-09-13,225.0,
08JA013,1972-10-13,217.0,
08JA013,1972-11-13,73.5999984741211,
08JA013,1972-12-13,72.5,
08JA013,1973-01-13,71.4000015258789,
08JA013,1973-02-13,70.19999694824219,
08JA013,1973-03-13,68.5,
08JA013,1973-04-13,53.0,
08JA013,1973-05-13,66.5,
08JA013,1973-06-13,45.900001525878906,
08JA013,1973-07-13,175.0,
08JA013,1973-08-13,29.399999618530277,
08JA013,1973-09-13,33.400001525878906,
08JA013,1973-10-13,33.70000076293945,
08JA013,1973-11-13,49.79999923706055,
08JA013,1973-12-13,49.29999923706055,
08JA013,1974-01-13,48.400001525878906,
08JA013,1974-02-13,47.900001525878906,
08JA013,1974-03-13,47.0,
08JA013,1974-04-13,255.0,
08JA013,1974-05-13,0.0,
08JA013,1974-06-13,0.0,
08JA013,1974-07-13,227.0,
08JA013,1974-08-13,14.899999618530272,
08JA013,1974-09-13,25.799999237060547,
08JA013,1974-10-13,200.0,
08JA013,1974-11-13,77.9000015258789,
08JA013,1974-12-13,72.80000305175781,
08JA013,1975-01-13,75.9000015258789,
08JA013,1975-02-13,74.80000305175781,
08JA013,1975-03-13,73.30000305175781,
08JA013,1975-04-13,71.9000015258789,
08JA013,1975-05-13,76.69999694824219,
08JA013,1975-06-13,92.5999984741211,
08JA013,1975-07-13,97.6999969482422,
08JA013,1975-08-13,98.8000030517578,
08JA013,1975-09-13,114.0,
08JA013,1975-10-13,231.0,
08JA013,1975-11-13,225.0,
08JA013,1975-12-13,86.69999694824219,
08JA013,1976-01-13,85.80000305175781,
08JA013,1976-02-13,113.0,
08JA013,1976-03-13,83.30000305175781,
08JA013,1976-04-13,271.0,
08JA013,1976-05-13,144.0,
08JA013,1976-06-13,360.0,
08JA013,1976-07-13,433.0,
08JA013,1976-08-13,442.0,
08JA013,1976-09-13,227.0,
08JA013,1976-10-13,286.0,
08JA013,1976-11-13,279.0,
08JA013,1976-12-13,176.0,
08JA013,1977-01-13,172.0,
08JA013,1977-02-13,169.0,
08JA013,1977-03-13,164.0,
08JA013,1977-04-13,0.0,
08JA013,1977-05-13,0.0,
08JA013,1977-06-13,197.0,
08JA013,1977-07-13,183.0,
08JA013,1977-08-13,182.0,
08JA013,1977-09-13,52.400001525878906,
08JA013,1977-10-13,51.79999923706055,
08JA013,1977-11-13,51.79999923706055,
08JA013,1977-12-13,51.29999923706055,
08JA013,1978-01-13,50.70000076293945,
08JA013,1978-02-13,54.70000076293945,
08JA013,1978-03-13,53.0,
08JA013,1978-04-13,51.29999923706055,
08JA013,1978-05-13,51.79999923706055,
08JA013,1978-06-13,38.5,
08JA013,1978-07-13,40.20000076293945,
08JA013,1978-08-13,34.0,
08JA013,1978-09-13,34.0,
08JA013,1978-10-13,33.70000076293945,
08JA013,1978-11-13,36.79999923706055,
08JA013,1978-12-13,35.099998474121094,
08JA013,1979-01-13,32.70000076293945,
08JA013,1979-02-13,31.899999618530277,
08JA013,1979-03-13,30.899999618530277,
08JA013,1979-04-13,30.0,
08JA013,1979-05-13,31.399999618530277,
08JA013,1979-06-13,33.400001525878906,
08JA013,1979-07-13,81.0,
08JA013,1979-08-13,82.0,
08JA013,1979-09-13,33.70000076293945,
08JA013,1979-10-13,33.29999923706055,
08JA013,1979-11-13,20.799999237060547,
08JA013,1979-12-13,12.600000381469728,
08JA013,1980-01-13,12.899999618530272,
08JA013,1980-02-13,15.600000381469728,
08JA013,1980-03-13,15.0,
08JA013,1980-04-13,15.0,
08JA013,1980-05-13,15.100000381469728,
08JA013,1980-06-13,11.899999618530272,
08JA013,1980-07-13,22.600000381469727,
08JA013,1980-08-13,344.0,
08JA013,1980-09-13,32.29999923706055,
08JA013,1980-10-13,32.5,
08JA013,1980-11-13,32.599998474121094,
08JA013,1980-12-13,32.400001525878906,
08JA013,1981-01-13,33.099998474121094,
08JA013,1981-02-13,32.79999923706055,
08JA013,1981-03-13,32.70000076293945,
08JA013,1981-04-13,57.20000076293945,
08JA013,1981-05-13,57.0,
08JA013,1981-06-13,61.20000076293945,
08JA013,1981-07-13,56.900001525878906,
08JA013,1981-08-13,15.0,
08JA013,1981-09-13,31.100000381469727,
08JA013,1981-10-13,25.5,
08JA013,1981-11-13,32.5,
08JA013,1981-12-13,32.5,
08JA013,1982-01-13,32.099998474121094,
08JA013,1982-02-13,31.799999237060547,
08JA013,1982-03-13,31.100000381469727,
08JA013,1982-04-13,55.59999847412109,
08JA013,1982-05-13,37.70000076293945,
08JA013,1982-06-13,64.30000305175781,
08JA013,1982-07-13,57.29999923706055,
08JA013,1982-08-13,142.0,
08JA013,1982-09-13,31.100000381469727,
08JA013,1982-10-13,31.100000381469727,
08JA013,1982-11-13,31.100000381469727,
08JA013,1982-12-13,31.100000381469727,
08JA013,1983-01-13,31.100000381469727,
08JA013,1983-02-13,31.100000381469727,
08JA013,1983-03-13,31.100000381469727,
08JA013,1983-04-13,49.59999847412109,
08JA013,1983-05-13,49.59999847412109,
08JA013,1983-06-13,55.79999923706055,
08JA013,1983-07-13,58.0,
08JA013,1983-08-13,199.0,
08JA013,1983-09-13,31.100000381469727,
08JA013,1983-10-13,30.799999237060547,
08JA013,1983-11-13,31.200000762939453,
08JA013,1983-12-13,31.0,
08JA013,1984-01-13,30.600000381469727,
08JA013,1984-02-13,30.5,
08JA013,1984-03-13,30.299999237060547,
08JA013,1984-04-13,53.5,
08JA013,1984-05-13,53.900001525878906,
08JA013,1984-06-13,53.5,
08JA013,1984-07-13,227.0,
08JA013,1984-08-13,14.199999809265137,
08JA013,1984-09-13,30.899999618530277,
08JA013,1984-10-13,31.399999618530277,
08JA013,1984-11-13,31.299999237060547,
08JA013,1984-12-13,31.100000381469727,
08JA013,1985-01-13,30.899999618530277,
08JA013,1985-02-13,30.399999618530277,
08JA013,1985-03-13,30.299999237060547,
08JA013,1985-04-13,58.0,
08JA013,1985-05-13,53.70000076293945,
08JA013,1985-06-13,58.29999923706055,
08JA013,1985-07-13,281.0,
08JA013,1985-08-13,274.0,
08JA013,1985-09-13,63.59999847412109,
08JA013,1985-10-13,60.400001525878906,
08JA013,1985-11-13,33.5,
08JA013,1985-12-13,32.29999923706055,
08JA013,1986-01-13,33.900001525878906,
08JA013,1986-02-13,32.900001525878906,
08JA013,1986-03-13,32.599998474121094,
08JA013,1986-04-13,59.900001525878906,
08JA013,1986-05-13,48.70000076293945,
08JA013,1986-06-13,58.0,
08JA013,1986-07-13,227.0,
08JA013,1986-08-13,161.0,
08JA013,1986-09-13,28.299999237060547,
08JA013,1986-10-13,28.299999237060547,
08JA013,1986-11-13,33.79999923706055,
08JA013,1986-12-13,36.400001525878906,
08JA013,1987-01-13,36.09999847412109,
08JA013,1987-02-13,35.5,
08JA013,1987-03-13,34.099998474121094,
08JA013,1987-04-13,49.20000076293945,
08JA013,1987-05-13,53.5,
08JA013,1987-06-13,57.5,
08JA013,1987-07-13,453.0,
08JA013,1987-08-13,227.0,
08JA013,1987-09-13,56.59999847412109,
08JA013,1987-10-13,56.59999847412109,
08JA013,1987-11-13,34.0,
08JA013,1987-12-13,34.0,
08JA013,1988-01-13,34.099998474121094,
08JA013,1988-02-13,33.29999923706055,
08JA013,1988-03-13,32.5,
08JA013,1988-04-13,54.59999847412109,
08JA013,1988-05-13,46.400001525878906,
08JA013,1988-06-13,48.70000076293945,
08JA013,1988-07-13,226.0,
08JA013,1988-08-13,168.0,
08JA013,1988-09-13,29.899999618530277,
08JA013,1988-10-13,30.0,
08JA013,1988-11-13,30.100000381469727,
08JA013,1988-12-13,30.899999618530277,
08JA013,1989-01-13,30.399999618530277,
08JA013,1989-02-13,29.899999618530277,
08JA013,1989-03-13,29.5,
08JA013,1989-04-13,29.0,
08JA013,1989-05-13,47.59999847412109,
08JA013,1989-06-13,48.59999847412109,
08JA013,1989-07-13,227.0,
08JA013,1989-08-13,170.0,
08JA013,1989-09-13,32.599998474121094,
08JA013,1989-10-13,32.599998474121094,
08JA013,1989-11-13,35.0,
08JA013,1989-12-13,35.20000076293945,
08JA013,1990-01-13,35.29999923706055,
08JA013,1990-02-13,34.900001525878906,
08JA013,1990-03-13,34.20000076293945,
08JA013,1990-04-13,255.0,
08JA013,1990-05-13,49.09999847412109,
08JA013,1990-06-13,49.59999847412109,
08JA013,1990-07-13,227.0,
08JA013,1990-08-13,15.5,
08JA013,1990-09-13,30.899999618530277,
08JA013,1990-10-13,33.599998474121094,
08JA013,1990-11-13,33.400001525878906,
08JA013,1990-12-13,32.79999923706055,
08JA013,1991-01-13,32.599998474121094,
08JA013,1991-02-13,32.0,
08JA013,1991-03-13,50.79999923706055,
08JA013,1991-04-13,84.0999984741211,
08JA013,1991-05-13,48.900001525878906,
08JA013,1991-06-13,50.400001525878906,
08JA013,1991-07-13,227.0,
08JA013,1991-08-13,453.0,
08JA013,1991-09-13,31.0,
08JA013,1991-10-13,32.79999923706055,
08JA013,1991-11-13,32.599998474121094,
08JA013,1991-12-13,32.400001525878906,
08JA013,1992-01-13,32.099998474121094,
08JA013,1992-02-13,31.600000381469727,
08JA013,1992-03-13,31.399999618530277,
08JA013,1992-04-13,31.5,
08JA013,1992-05-13,49.79999923706055,
08JA013,1992-06-13,50.20000076293945,
08JA013,1992-07-13,281.0,
08JA013,1992-08-13,283.0,
08JA013,1992-09-13,32.599998474121094,
08JA013,1992-10-13,33.099998474121094,
08JA013,1992-11-13,33.400001525878906,
08JA013,1992-12-13,33.099998474121094,
08JA013,1993-01-13,32.5,
08JA013,1993-02-13,33.099998474121094,
08JA013,1993-03-13,32.5,
08JA013,1993-04-13,32.900001525878906,
08JA013,1993-05-13,49.79999923706055,
08JA013,1993-06-13,50.09999847412109,
08JA013,1993-07-13,227.0,
08JA013,1993-08-13,156.0,
08JA013,1993-09-13,32.29999923706055,
08JA013,1993-10-13,32.70000076293945,
08JA013,1993-11-13,33.79999923706055,
08JA013,1993-12-13,33.400001525878906,
08JA013,1994-01-13,33.0,
08JA013,1994-02-13,32.5,
08JA013,1994-03-13,32.099998474121094,
08JA013,1994-04-13,31.899999618530277,
08JA013,1994-05-13,49.59999847412109,
08JA013,1994-06-13,49.59999847412109,
08JA013,1994-07-13,227.0,
08JA013,1994-08-13,307.0,
08JA013,1994-09-13,31.399999618530277,
08JA013,1994-10-13,31.299999237060547,
08JA013,1994-11-13,31.100000381469727,
08JA013,1994-12-13,40.5,
08JA013,1995-01-13,36.400001525878906,
08JA013,1995-02-13,35.599998474121094,
08JA013,1995-03-13,36.900001525878906,
08JA013,1995-04-13,40.79999923706055,
08JA013,1995-05-13,49.70000076293945,
08JA013,1995-06-13,49.900001525878906,
08JA013,1995-07-13,227.0,
08JA013,1995-08-13,170.0,
08JA013,1995-09-13,32.099998474121094,
08JA013,1995-10-13,32.5,
08JA013,1995-11-13,35.0,
08JA013,1995-12-13,34.400001525878906,
08JA013,1996-01-13,34.20000076293945,
08JA013,1996-02-13,33.79999923706055,
08JA013,1996-03-13,33.29999923706055,
08JA013,1996-04-13,33.099998474121094,
08JA013,1996-05-13,50.5,
08JA013,1996-06-13,54.59999847412109,
08JA013,1996-07-13,255.0,
08JA013,1996-08-13,170.0,
08JA013,1996-09-13,57.0,
08JA013,1996-10-13,227.0,
08JA013,1996-11-13,228.0,
08JA013,1996-12-13,60.29999923706055,
08JA013,1997-01-13,59.400001525878906,
08JA013,1997-02-13,58.29999923706055,
08JA013,1997-03-13,57.20000076293945,
08JA013,1997-04-13,56.5,
08JA013,1997-05-13,86.80000305175781,
08JA013,1997-06-13,284.0,
08JA013,1997-07-13,341.0,
08JA013,1997-08-13,329.0,
08JA013,1997-09-13,84.80000305175781,
08JA013,1997-10-13,85.30000305175781,
08JA013,1997-11-13,57.20000076293945,
08JA013,1997-12-13,56.29999923706055,
08JA013,1998-01-13,55.29999923706055,
08JA013,1998-02-13,54.09999847412109,
08JA013,1998-03-13,52.70000076293945,
08JA013,1998-04-13,51.29999923706055,
08JA013,1998-05-13,52.29999923706055,
08JA013,1998-06-13,53.59999847412109,
08JA013,1998-07-13,80.4000015258789,
08JA013,1998-08-13,265.0,
08JA013,1998-09-13,29.399999618530277,
08JA013,1998-10-13,30.100000381469727,
08JA013,1998-11-13,29.799999237060547,
08JA013,1998-12-13,30.200000762939453,
08JA013,1999-01-13,29.899999618530277,
08JA013,1999-02-13,29.5,
08JA013,1999-03-13,29.899999618530277,
08JA013,1999-04-13,29.299999237060547,
08JA013,1999-05-13,49.5,
08JA013,1999-06-13,49.09999847412109,
08JA013,1999-07-13,227.0,
08JA013,1999-08-13,170.0,
08JA013,1999-09-13,33.0,
08JA013,1999-10-13,33.70000076293945,
08JA013,1999-11-13,33.20000076293945,
08JA013,1999-12-13,32.70000076293945,
08JA013,2000-01-13,33.0,
08JA013,2000-02-13,33.099998474121094,
08JA013,2000-03-13,32.70000076293945,
08JA013,2000-04-13,32.29999923706055,
08JA013,2000-05-13,49.09999847412109,
08JA013,2000-06-13,49.5,
08JA013,2000-07-13,227.0,
08JA013,2000-08-13,170.0,
08JA013,2000-09-13,32.900001525878906,
08JA013,2000-10-13,32.599998474121094,
08JA013,2000-11-13,32.099998474121094,
08JA013,2000-12-13,31.799999237060547,
08JA013,2001-01-13,32.400001525878906,
08JA013,2001-02-13,32.900001525878906,
08JA013,2001-03-13,32.400001525878906,
08JA013,2001-04-13,32.70000076293945,
08JA013,2001-05-13,52.5,
08JA013,2001-06-13,51.79999923706055,
08JA013,2001-07-13,120.0,
08JA013,2001-08-13,453.0,
08JA013,2001-09-13,30.0,
08JA013,2001-10-13,30.0,
08JA013,2001-11-13,30.0,
08JA013,2001-12-13,30.0,
08JA013,2002-01-13,31.700000762939453,
08JA013,2002-02-13,31.299999237060547,
08JA013,2002-03-13,30.799999237060547,
08JA013,2002-04-13,30.299999237060547,
08JA013,2002-05-13,54.79999923706055,
08JA013,2002-06-13,52.79999923706055,
08JA013,2002-07-13,227.0,
08JA013,2002-08-13,227.0,
08JA013,2002-09-13,30.0,
08JA013,2002-10-13,30.0,
08JA013,2002-11-13,85.0,
08JA013,2002-12-13,85.0,
08JA013,2003-01-13,31.5,
08JA013,2003-02-13,31.0,
08JA013,2003-03-13,30.5,
08JA013,2003-04-13,30.0,
08JA013,2003-05-13,50.5,
08JA013,2003-06-13,49.70000076293945,
08JA013,2003-07-13,228.0,
08JA013,2003-08-13,170.0,
08JA013,2003-09-13,33.099998474121094,
08JA013,2003-10-13,32.70000076293945,
08JA013,2003-11-13,32.900001525878906,
08JA013,2003-12-13,32.400001525878906,
08JA013,2004-01-13,32.79999923706055,
08JA013,2004-02-13,32.099998474121094,
08JA013,2004-03-13,33.5,
08JA013,2004-04-13,33.0,
08JA013,2004-05-13,53.29999923706055,
08JA013,2004-06-13,53.29999923706055,
08JA013,2004-07-13,225.0,
08JA013,2004-08-13,283.0,
08JA013,2004-09-13,30.299999237060547,
08JA013,2004-10-13,29.700000762939453,
08JA013,2004-11-13,30.399999618530277,
08JA013,2004-12-13,31.0,
08JA013,2005-01-13,31.200000762939453,
08JA013,2005-02-13,31.399999618530277,
08JA013,2005-03-13,31.399999618530277,
08JA013,2005-04-13,44.59999847412109,
08JA013,2005-05-13,178.0,
08JA013,2005-06-13,129.0,
08JA013,2005-07-13,117.0,
08JA013,2005-08-13,169.0,
08JA013,2005-09-13,32.400001525878906,
08JA013,2005-10-13,76.0,
08JA013,2005-11-13,86.4000015258789,
08JA013,2005-12-13,86.0999984741211,
08JA013,2006-01-13,84.80000305175781,
08JA013,2006-02-13,54.70000076293945,
08JA013,2006-03-13,32.599998474121094,
08JA013,2006-04-13,32.0,
08JA013,2006-05-13,49.59999847412109,
08JA013,2006-06-13,49.29999923706055,
08JA013,2006-07-13,229.0,
08JA013,2006-08-13,171.0,
08JA013,2006-09-13,31.700000762939453,
08JA013,2006-10-13,32.099998474121094,
08JA013,2006-11-13,33.20000076293945,
08JA013,2006-12-13,33.29999923706055,
08JA013,2007-01-13,33.099998474121094,
08JA013,2007-02-13,32.79999923706055,
08JA013,2007-03-13,42.400001525878906,
08JA013,2007-04-13,448.0,
08JA013,2007-05-13,50.400001525878906,
08JA013,2007-06-13,345.0,
08JA013,2007-07-13,580.0,
08JA013,2007-08-13,345.0,
08JA013,2007-09-13,64.5999984741211,
08JA013,2007-10-13,64.30000305175781,
08JA013,2007-11-13,14.5,
08JA013,2007-12-13,83.9000015258789,
08JA013,2008-01-13,82.4000015258789,
08JA013,2008-02-13,80.19999694824219,
08JA013,2008-03-13,33.5,
08JA013,2008-04-13,32.70000076293945,
08JA013,2008-05-13,49.20000076293945,
08JA013,2008-06-13,49.09999847412109,
08JA013,2008-07-13,137.0,
08JA013,2008-08-13,248.0,
08JA013,2008-09-13,33.0,
08JA013,2008-10-13,32.599998474121094,
08JA013,2008-11-13,33.400001525878906,
08JA013,2008-12-13,35.599998474121094,
08JA013,2009-01-13,35.20000076293945,
08JA013,2009-02-13,34.5,
08JA013,2009-03-13,33.900001525878906,
08JA013,2009-04-13,33.099998474121094,
08JA013,2009-05-13,49.70000076293945,
08JA013,2009-06-13,49.09999847412109,
08JA013,2009-07-13,193.0,
08JA013,2009-08-13,32.400001525878906,
08JA013,2009-09-13,32.29999923706055,
08JA013,2009-10-13,33.79999923706055,
08JA013,2009-11-13,34.0,
08JA013,2009-12-13,33.79999923706055,
08JA013,2010-01-13,33.20000076293945,
08JA013,2010-02-13,32.70000076293945,
08JA013,2010-03-13,32.0,
08JA013,2010-04-13,31.299999237060547,
08JA013,2010-05-13,49.29999923706055,
08JA013,2010-06-13,49.5,
08JA013,2010-07-13,192.0,
08JA013,2010-08-13,451.0,
08JA013,2010-09-13,32.599998474121094,
08JA013,2010-10-13,33.5,
08JA013,2010-11-13,74.5999984741211,
08JA013,2010-12-13,74.0999984741211,
08JA013,2011-01-13,33.79999923706055,
08JA013,2011-02-13,33.5,
08JA013,2011-03-13,32.900001525878906,
08JA013,2011-04-13,32.29999923706055,
08JA013,2011-05-13,80.19999694824219,
08JA013,2011-06-13,289.0,
08JA013,2011-07-13,325.0,
08JA013,2011-08-13,333.0,
08JA013,2011-09-13,65.0,
08JA013,2011-10-13,398.0,
08JA013,2011-11-13,59.900001525878906,
08JA013,2011-12-13,59.5,
08JA013,2012-01-13,80.19999694824219,
08JA013,2012-02-13,99.8000030517578,
08JA013,2012-03-13,122.0,
08JA013,2012-04-13,117.0,
08JA013,2012-05-13,225.0,
08JA013,2012-06-13,234.0,
08JA013,2012-07-13,262.0,
08JA013,2012-08-13,291.0,
08JA013,2012-09-13,64.4000015258789,
08JA013,2012-10-13,63.5,
08JA013,2012-11-13,62.70000076293945,
08JA013,2012-12-13,38.70000076293945,
08JA013,2013-01-13,37.79999923706055,
08JA013,2013-02-13,31.0,
08JA013,2013-03-13,30.299999237060547,
08JA013,2013-04-13,31.600000381469727,
08JA013,2013-05-13,50.400001525878906,
08JA013,2013-06-13,50.09999847412109,
08JA013,2013-07-13,226.0,
08JA013,2013-08-13,282.0,
08JA013,2013-09-13,31.700000762939453,
08JA013,2013-10-13,31.299999237060547,
08JA013,2013-11-13,32.79999923706055,
08JA013,2013-12-13,34.0,
08JA013,2014-01-13,33.5,
08JA013,2014-02-13,32.900001525878906,
08JA013,2014-03-13,32.29999923706055,
08JA013,2014-04-13,34.5,
08JA013,2014-05-13,49.0,
08JA013,2014-06-13,48.29999923706055,
08JA013,2014-07-13,224.0,
08JA013,2014-08-13,271.0,
08JA013,2014-09-13,31.600000381469727,
08JA013,2014-10-13,33.5,
08JA013,2014-11-13,34.29999923706055,
08JA013,2014-12-13,34.29999923706055,
08JA013,2015-01-13,34.20000076293945,
08JA013,2015-02-13,39.09999847412109,
08JA013,2015-03-13,45.29999923706055,
08JA013,2015-04-13,154.0,
08JA013,2015-05-13,295.0,
08JA013,2015-06-13,510.0,
08JA013,2015-07-13,201.0,
08JA013,2015-08-13,199.0,
08JA013,2015-09-13,32.400001525878906,
08JA013,2015-10-13,32.20000076293945,
08JA013,2015-11-13,30.899999618530277,
08JA013,2015-12-13,30.399999618530277,
08JA013,2016-01-13,29.799999237060547,
08JA013,2016-02-13,29.299999237060547,
08JA013,2016-03-13,28.799999237060547,
08JA013,2016-04-13,48.79999923706055,
08JA013,2016-05-13,48.79999923706055,
08JA013,2016-06-13,49.0,
08JA013,2016-07-13,170.0,
08JA013,2016-08-13,14.5,
08JA013,2016-09-13,31.200000762939453,
08JA013,2016-10-13,32.0,
08JA013,2016-11-13,32.5,
08JA013,2016-12-13,31.5,
08JA013,2017-01-13,31.100000381469727,
08JA013,2017-02-13,30.600000381469727,
08JA013,2017-03-13,32.400001525878906,
08JA013,2017-04-13,31.899999618530277,
08JA013,2017-05-13,69.0,
08JA013,2017-06-13,207.0,
08JA013,2017-07-13,169.0,
08JA013,2017-08-13,60.0,
08JA013,2017-09-13,31.700000762939453,
08JA013,2017-10-13,32.400001525878906,
08JA013,2017-11-13,65.5,
08JA013,2017-12-13,79.30000305175781,
08JA013,2018-01-13,77.5999984741211,
08JA013,2018-02-13,35.79999923706055,
08JA013,2018-03-13,49.79999923706055,
08JA013,2018-04-13,84.5,
08JA013,2018-05-13,48.5,
08JA013,2018-06-13,185.0,
08JA013,2018-07-13,192.0,
08JA013,2018-08-13,14.399999618530272,
08JA013,2018-09-13,32.900001525878906,
08JA013,2018-10-13,28.100000381469727,
08JA013,2018-11-13,32.79999923706055,
08JA013,2018-12-13,32.400001525878906,
08JA013,2019-01-13,32.0,
08JA013,2019-02-13,31.299999237060547,
08JA013,2019-03-13,30.5,
08JA013,2019-04-13,31.899999618530277,
08JA013,2019-05-13,50.20000076293945,
08JA013,2019-06-13,48.79999923706055,
08JA013,2019-07-13,192.0,
08JA013,2019-08-13,253.0,
08JA013,2019-09-13,32.0,
08JA013,2019-10-13,31.700000762939453,
08JA013,2019-11-13,31.799999237060547,
08JA013,2019-12-13,32.0,
08JA013,2020-01-13,31.799999237060547,
08JA013,2020-02-13,31.600000381469727,
08JA013,2020-03-13,33.099998474121094,
08JA013,2020-04-13,34.099998474121094,
08JA013,2020-05-13,49.20000076293945,
08JA013,2020-06-13,49.0,
08JA013,2020-07-13,192.0,
08JA013,2020-08-13,170.0,
08JA013,2020-09-13,32.400001525878906,
08JA013,2020-10-13,32.20000076293945,
08JA013,2020-11-13,61.79999923706055,
08JA013,2020-12-13,85.0,
08JA013,2021-01-13,84.19999694824219,
08JA013,2021-02-13,83.30000305175781,
08JA013,2021-03-13,84.19999694824219,
08JA013,2021-04-13,199.0,
08JA013,2021-05-13,199.0,
08JA013,2021-06-13,201.0,
08JA013,2021-07-13,169.0,
08JA013,2021-08-13,278.0,
08JA013,2021-09-13,78.9000015258789,
08JA013,2021-10-13,248.0,
08JA013,2021-11-13,40.29999923706055,
08JA013,2021-12-13,40.29999923706055,
08JA013,2022-01-13,40.0,
08JA013,2022-02-13,39.59999847412109,
08JA013,2022-03-13,41.5,
08JA013,2022-04-13,41.400001525878906,
08JA013,2022-05-13,71.80000305175781,
08JA013,2022-06-13,286.0,
08JA013,2022-07-13,391.0,
08JA013,2022-08-13,295.0,
08JA013,2022-09-13,58.79999923706055,
08JA013,2022-10-13,60.20000076293945,
08JA013,2022-11-13,38.79999923706055,
08JA013,2022-12-13,33.599998474121094,
08JA013,2023-01-13,33.0,
08JA013,2023-02-13,32.5,
08JA013,2023-03-13,32.0,
08JA013,2023-04-13,33.400001525878906,
08JA013,2023-05-13,49.0,
08JA013,2023-06-13,50.29999923706055,
08JA013,2023-07-13,100.0,
08JA013,2023-08-13,282.0,
08JA013,2023-09-13,32.79999923706055,
08JA013,2023-10-13,32.79999923706055,
08JA013,2023-11-13,32.5,
08JA013,2023-12-13,32.20000076293945,
08JA013,2024-01-13,31.799999237060547,
08JA013,2024-02-13,33.20000076293945,
08JA013,2024-03-13,32.599998474121094,
08JA013,2024-04-13,32.0,
08JA013,2024-05-13,49.29999923706055,
08JA013,2024-06-13,51.400001525878906,
08JA013,2024-07-13,98.8000030517578,
08JA013,2024-08-13,84.19999694824219,
08JA013,2024-09-13,31.600000381469727,
08JA013,2024-10-13,31.799999237060547,
08JA013,2024-11-13,32.599998474121094,
08JA013,2024-12-13,32.099998474121094,
08JA013,2025-01-13,32.099998474121094,
08JA013,2025-02-13,31.600000381469727,
08JA013,2025-03-13,31.100000381469727,
08JA013,2025-04-13,30.799999237060547,
08JA013,2025-05-13,91.9000015258789,
08JA013,2025-06-13,32.599998474121094,
08JA013,2025-07-13,101.0,
08JA013,2025-08-13,49.900001525878906,
08JA013,2025-09-13,31.5,
08JA013,2025-10-13,31.200000762939453,
08JA013,2025-11-13,31.5,
08JA013,2025-12-13,31.700000762939453,
08JA013,1955-06-14,1.4199999570846558,
08JA013,1955-11-14,,
08JA013,1956-01-14,7.079999923706055,
08JA013,1956-02-14,5.659999847412109,
08JA013,1956-03-14,5.659999847412109,
08JA013,1956-04-14,5.659999847412109,
08JA013,1956-05-14,5.659999847412109,
08JA013,1956-06-14,0.0,
08JA013,1956-07-14,0.0,
08JA013,1956-08-14,8.5,
08JA013,1956-09-14,39.59999847412109,
08JA013,1956-10-14,0.0,
08JA013,1956-11-14,0.0,
08JA013,1956-12-14,0.0,
08JA013,1957-01-14,215.0,
08JA013,1957-02-14,261.0,
08JA013,1957-03-14,262.0,
08JA013,1957-04-14,0.0,
08JA013,1957-05-14,261.0,
08JA013,1957-06-14,231.0,
08JA013,1957-07-14,0.0,
08JA013,1957-08-14,323.0,
08JA013,1957-09-14,178.0,
08JA013,1957-10-14,155.0,
08JA013,1957-11-14,200.0,
08JA013,1957-12-14,245.0,
08JA013,1958-01-14,331.0,
08JA013,1958-02-14,177.0,
08JA013,1958-03-14,331.0,
08JA013,1958-04-14,331.0,
08JA013,1958-05-14,0.0,
08JA013,1958-06-14,150.0,
08JA013,1958-07-14,306.0,
08JA013,1958-08-14,294.0,
08JA013,1958-09-14,246.0,
08JA013,1958-10-14,334.0,
08JA013,1958-11-14,317.0,
08JA013,1958-12-14,126.0,
08JA013,1959-01-14,124.0,
08JA013,1959-02-14,65.0999984741211,
08JA013,1959-03-14,63.400001525878906,
08JA013,1959-04-14,63.400001525878906,
08JA013,1959-05-14,64.5999984741211,
08JA013,1959-06-14,0.0,
08JA013,1959-07-14,309.0,
08JA013,1959-08-14,211.0,
08JA013,1959-09-14,371.0,
08JA013,1959-10-14,377.0,
08JA013,1959-11-14,88.0999984741211,
08JA013,1959-12-14,281.0,
08JA013,1960-01-14,53.20000076293945,
08JA013,1960-02-14,95.6999969482422,
08JA013,1960-03-14,106.0,
08JA013,1960-04-14,226.0,
08JA013,1960-05-14,368.0,
08JA013,1960-06-14,362.0,
08JA013,1960-07-14,0.0,
08JA013,1960-08-14,175.0,
08JA013,1960-09-14,264.0,
08JA013,1960-10-14,88.5999984741211,
08JA013,1960-11-14,188.0,
08JA013,1960-12-14,111.0,
08JA013,1961-01-14,59.70000076293945,
08JA013,1961-02-14,29.700000762939453,
08JA013,1961-03-14,42.5,
08JA013,1961-04-14,51.5,
08JA013,1961-05-14,230.0,
08JA013,1961-06-14,274.0,
08JA013,1961-07-14,362.0,
08JA013,1961-08-14,275.0,
08JA013,1961-09-14,481.0,
08JA013,1961-10-14,0.0,
08JA013,1961-11-14,30.600000381469727,
08JA013,1961-12-14,29.700000762939453,
08JA013,1962-01-14,30.0,
08JA013,1962-02-14,30.600000381469727,
08JA013,1962-03-14,30.600000381469727,
08JA013,1962-04-14,30.600000381469727,
08JA013,1962-05-14,182.0,
08JA013,1962-06-14,193.0,
08JA013,1962-07-14,0.0,
08JA013,1962-08-14,231.0,
08JA013,1962-09-14,227.0,
08JA013,1962-10-14,222.0,
08JA013,1962-11-14,221.0,
08JA013,1962-12-14,46.400001525878906,
08JA013,1963-01-14,46.70000076293945,
08JA013,1963-02-14,46.70000076293945,
08JA013,1963-03-14,46.400001525878906,
08JA013,1963-04-14,46.20000076293945,
08JA013,1963-05-14,334.0,
08JA013,1963-06-14,337.0,
08JA013,1963-07-14,195.0,
08JA013,1963-08-14,199.0,
08JA013,1963-09-14,194.0,
08JA013,1963-10-14,193.0,
08JA013,1963-11-14,171.0,
08JA013,1963-12-14,42.20000076293945,
08JA013,1964-01-14,42.79999923706055,
08JA013,1964-02-14,43.0,
08JA013,1964-03-14,42.5,
08JA013,1964-04-14,41.59999847412109,
08JA013,1964-05-14,416.0,
08JA013,1964-06-14,416.0,
08JA013,1964-07-14,311.0,
08JA013,1964-08-14,201.0,
08JA013,1964-09-14,199.0,
08JA013,1964-10-14,198.0,
08JA013,1964-11-14,195.0,
08JA013,1964-12-14,70.80000305175781,
08JA013,1965-01-14,69.9000015258789,
08JA013,1965-02-14,69.0999984741211,
08JA013,1965-03-14,68.0,
08JA013,1965-04-14,67.0999984741211,
08JA013,1965-05-14,184.0,
08JA013,1965-06-14,199.0,
08JA013,1965-07-14,203.0,
08JA013,1965-08-14,202.0,
08JA013,1965-09-14,196.0,
08JA013,1965-10-14,88.9000015258789,
08JA013,1965-11-14,45.900001525878906,
08JA013,1965-12-14,46.20000076293945,
08JA013,1966-01-14,46.20000076293945,
08JA013,1966-02-14,45.900001525878906,
08JA013,1966-03-14,45.29999923706055,
08JA013,1966-04-14,45.29999923706055,
08JA013,1966-05-14,165.0,
08JA013,1966-06-14,229.0,
08JA013,1966-07-14,0.0,
08JA013,1966-08-14,20.100000381469727,
08JA013,1966-09-14,309.0,
08JA013,1966-10-14,323.0,
08JA013,1966-11-14,88.30000305175781,
08JA013,1966-12-14,88.0999984741211,
08JA013,1967-01-14,87.19999694824219,
08JA013,1967-02-14,85.80000305175781,
08JA013,1967-03-14,84.4000015258789,
08JA013,1967-04-14,164.0,
08JA013,1967-05-14,269.0,
08JA013,1967-06-14,13.600000381469728,
08JA013,1967-07-14,260.0,
08JA013,1967-08-14,116.0,
08JA013,1967-09-14,123.0,
08JA013,1967-10-14,149.0,
08JA013,1967-11-14,94.9000015258789,
08JA013,1967-12-14,60.29999923706055,
08JA013,1968-01-14,60.29999923706055,
08JA013,1968-02-14,60.59999847412109,
08JA013,1968-03-14,60.29999923706055,
08JA013,1968-04-14,59.70000076293945,
08JA013,1968-05-14,227.0,
08JA013,1968-06-14,286.0,
08JA013,1968-07-14,348.0,
08JA013,1968-08-14,69.4000015258789,
08JA013,1968-09-14,242.0,
08JA013,1968-10-14,236.0,
08JA013,1968-11-14,91.5,
08JA013,1968-12-14,91.6999969482422,
08JA013,1969-01-14,90.0,
08JA013,1969-02-14,88.0999984741211,
08JA013,1969-03-14,86.0999984741211,
08JA013,1969-04-14,83.80000305175781,
08JA013,1969-05-14,84.4000015258789,
08JA013,1969-06-14,236.0,
08JA013,1969-07-14,47.900001525878906,
08JA013,1969-08-14,159.0,
08JA013,1969-09-14,157.0,
08JA013,1969-10-14,154.0,
08JA013,1969-11-14,75.9000015258789,
08JA013,1969-12-14,76.19999694824219,
08JA013,1970-01-14,75.0,
08JA013,1970-02-14,73.5999984741211,
08JA013,1970-03-14,71.9000015258789,
08JA013,1970-04-14,44.70000076293945,
08JA013,1970-05-14,44.5,
08JA013,1970-06-14,46.70000076293945,
08JA013,1970-07-14,47.900001525878906,
08JA013,1970-08-14,90.9000015258789,
08JA013,1970-09-14,117.0,
08JA013,1970-10-14,116.0,
08JA013,1970-11-14,61.400001525878906,
08JA013,1970-12-14,60.59999847412109,
08JA013,1971-01-14,59.5,
08JA013,1971-02-14,58.900001525878906,
08JA013,1971-03-14,57.79999923706055,
08JA013,1971-04-14,56.59999847412109,
08JA013,1971-05-14,121.0,
08JA013,1971-06-14,60.59999847412109,
08JA013,1971-07-14,64.30000305175781,
08JA013,1971-08-14,174.0,
08JA013,1971-09-14,172.0,
08JA013,1971-10-14,170.0,
08JA013,1971-11-14,75.9000015258789,
08JA013,1971-12-14,75.5999984741211,
08JA013,1972-01-14,74.5,
08JA013,1972-02-14,72.80000305175781,
08JA013,1972-03-14,71.5999984741211,
08JA013,1972-04-14,354.0,
08JA013,1972-05-14,0.0,
08JA013,1972-06-14,0.0,
08JA013,1972-07-14,428.0,
08JA013,1972-08-14,294.0,
08JA013,1972-09-14,225.0,
08JA013,1972-10-14,216.0,
08JA013,1972-11-14,73.5999984741211,
08JA013,1972-12-14,72.5,
08JA013,1973-01-14,71.4000015258789,
08JA013,1973-02-14,70.19999694824219,
08JA013,1973-03-14,68.5,
08JA013,1973-04-14,66.30000305175781,
08JA013,1973-05-14,66.5,
08JA013,1973-06-14,45.900001525878906,
08JA013,1973-07-14,175.0,
08JA013,1973-08-14,60.59999847412109,
08JA013,1973-09-14,33.400001525878906,
08JA013,1973-10-14,33.70000076293945,
08JA013,1973-11-14,49.79999923706055,
08JA013,1973-12-14,49.29999923706055,
08JA013,1974-01-14,48.400001525878906,
08JA013,1974-02-14,47.900001525878906,
08JA013,1974-03-14,47.0,
08JA013,1974-04-14,255.0,
08JA013,1974-05-14,0.0,
08JA013,1974-06-14,0.0,
08JA013,1974-07-14,227.0,
08JA013,1974-08-14,14.899999618530272,
08JA013,1974-09-14,25.799999237060547,
08JA013,1974-10-14,200.0,
08JA013,1974-11-14,77.5999984741211,
08JA013,1974-12-14,72.5,
08JA013,1975-01-14,75.5999984741211,
08JA013,1975-02-14,74.5,
08JA013,1975-03-14,73.30000305175781,
08JA013,1975-04-14,71.9000015258789,
08JA013,1975-05-14,88.0999984741211,
08JA013,1975-06-14,92.9000015258789,
08JA013,1975-07-14,97.6999969482422,
08JA013,1975-08-14,150.0,
08JA013,1975-09-14,103.0,
08JA013,1975-10-14,230.0,
08JA013,1975-11-14,225.0,
08JA013,1975-12-14,86.69999694824219,
08JA013,1976-01-14,85.80000305175781,
08JA013,1976-02-14,85.0,
08JA013,1976-03-14,83.30000305175781,
08JA013,1976-04-14,323.0,
08JA013,1976-05-14,145.0,
08JA013,1976-06-14,360.0,
08JA013,1976-07-14,433.0,
08JA013,1976-08-14,442.0,
08JA013,1976-09-14,227.0,
08JA013,1976-10-14,286.0,
08JA013,1976-11-14,279.0,
08JA013,1976-12-14,176.0,
08JA013,1977-01-14,172.0,
08JA013,1977-02-14,169.0,
08JA013,1977-03-14,163.0,
08JA013,1977-04-14,0.0,
08JA013,1977-05-14,0.0,
08JA013,1977-06-14,197.0,
08JA013,1977-07-14,198.0,
08JA013,1977-08-14,182.0,
08JA013,1977-09-14,43.59999847412109,
08JA013,1977-10-14,51.79999923706055,
08JA013,1977-11-14,51.79999923706055,
08JA013,1977-12-14,51.29999923706055,
08JA013,1978-01-14,50.400001525878906,
08JA013,1978-02-14,54.70000076293945,
08JA013,1978-03-14,52.70000076293945,
08JA013,1978-04-14,51.29999923706055,
08JA013,1978-05-14,52.09999847412109,
08JA013,1978-06-14,38.5,
08JA013,1978-07-14,38.5,
08JA013,1978-08-14,34.29999923706055,
08JA013,1978-09-14,34.0,
08JA013,1978-10-14,33.400001525878906,
08JA013,1978-11-14,36.79999923706055,
08JA013,1978-12-14,35.099998474121094,
08JA013,1979-01-14,32.70000076293945,
08JA013,1979-02-14,31.899999618530277,
08JA013,1979-03-14,30.899999618530277,
08JA013,1979-04-14,29.899999618530277,
08JA013,1979-05-14,31.399999618530277,
08JA013,1979-06-14,33.599998474121094,
08JA013,1979-07-14,81.0,
08JA013,1979-08-14,81.80000305175781,
08JA013,1979-09-14,33.70000076293945,
08JA013,1979-10-14,33.29999923706055,
08JA013,1979-11-14,20.799999237060547,
08JA013,1979-12-14,12.600000381469728,
08JA013,1980-01-14,12.699999809265137,
08JA013,1980-02-14,15.600000381469728,
08JA013,1980-03-14,15.0,
08JA013,1980-04-14,15.0,
08JA013,1980-05-14,15.100000381469728,
08JA013,1980-06-14,11.899999618530272,
08JA013,1980-07-14,22.600000381469727,
08JA013,1980-08-14,227.0,
08JA013,1980-09-14,32.29999923706055,
08JA013,1980-10-14,32.5,
08JA013,1980-11-14,32.599998474121094,
08JA013,1980-12-14,32.400001525878906,
08JA013,1981-01-14,33.099998474121094,
08JA013,1981-02-14,32.79999923706055,
08JA013,1981-03-14,32.70000076293945,
08JA013,1981-04-14,57.20000076293945,
08JA013,1981-05-14,57.20000076293945,
08JA013,1981-06-14,61.29999923706055,
08JA013,1981-07-14,56.59999847412109,
08JA013,1981-08-14,15.0,
08JA013,1981-09-14,31.100000381469727,
08JA013,1981-10-14,25.5,
08JA013,1981-11-14,32.5,
08JA013,1981-12-14,32.5,
08JA013,1982-01-14,32.099998474121094,
08JA013,1982-02-14,31.799999237060547,
08JA013,1982-03-14,31.100000381469727,
08JA013,1982-04-14,55.59999847412109,
08JA013,1982-05-14,29.399999618530277,
08JA013,1982-06-14,62.29999923706055,
08JA013,1982-07-14,57.5,
08JA013,1982-08-14,61.20000076293945,
08JA013,1982-09-14,31.100000381469727,
08JA013,1982-10-14,31.100000381469727,
08JA013,1982-11-14,31.100000381469727,
08JA013,1982-12-14,31.100000381469727,
08JA013,1983-01-14,31.100000381469727,
08JA013,1983-02-14,31.100000381469727,
08JA013,1983-03-14,31.100000381469727,
08JA013,1983-04-14,49.59999847412109,
08JA013,1983-05-14,49.59999847412109,
08JA013,1983-06-14,55.79999923706055,
08JA013,1983-07-14,151.0,
08JA013,1983-08-14,56.59999847412109,
08JA013,1983-09-14,31.100000381469727,
08JA013,1983-10-14,30.799999237060547,
08JA013,1983-11-14,31.200000762939453,
08JA013,1983-12-14,31.0,
08JA013,1984-01-14,30.600000381469727,
08JA013,1984-02-14,30.5,
08JA013,1984-03-14,30.200000762939453,
08JA013,1984-04-14,53.5,
08JA013,1984-05-14,54.09999847412109,
08JA013,1984-06-14,53.70000076293945,
08JA013,1984-07-14,227.0,
08JA013,1984-08-14,119.0,
08JA013,1984-09-14,30.899999618530277,
08JA013,1984-10-14,31.399999618530277,
08JA013,1984-11-14,31.299999237060547,
08JA013,1984-12-14,31.100000381469727,
08JA013,1985-01-14,30.899999618530277,
08JA013,1985-02-14,30.399999618530277,
08JA013,1985-03-14,30.299999237060547,
08JA013,1985-04-14,58.0,
08JA013,1985-05-14,53.70000076293945,
08JA013,1985-06-14,58.5,
08JA013,1985-07-14,281.0,
08JA013,1985-08-14,196.0,
08JA013,1985-09-14,63.5,
08JA013,1985-10-14,60.400001525878906,
08JA013,1985-11-14,33.5,
08JA013,1985-12-14,32.29999923706055,
08JA013,1986-01-14,33.900001525878906,
08JA013,1986-02-14,32.79999923706055,
08JA013,1986-03-14,32.599998474121094,
08JA013,1986-04-14,59.900001525878906,
08JA013,1986-05-14,48.79999923706055,
08JA013,1986-06-14,56.900001525878906,
08JA013,1986-07-14,227.0,
08JA013,1986-08-14,161.0,
08JA013,1986-09-14,28.299999237060547,
08JA013,1986-10-14,28.299999237060547,
08JA013,1986-11-14,33.29999923706055,
08JA013,1986-12-14,36.400001525878906,
08JA013,1987-01-14,36.09999847412109,
08JA013,1987-02-14,35.5,
08JA013,1987-03-14,34.099998474121094,
08JA013,1987-04-14,58.0,
08JA013,1987-05-14,53.70000076293945,
08JA013,1987-06-14,57.59999847412109,
08JA013,1987-07-14,307.0,
08JA013,1987-08-14,227.0,
08JA013,1987-09-14,56.59999847412109,
08JA013,1987-10-14,56.59999847412109,
08JA013,1987-11-14,34.0,
08JA013,1987-12-14,34.5,
08JA013,1988-01-14,34.099998474121094,
08JA013,1988-02-14,33.29999923706055,
08JA013,1988-03-14,32.400001525878906,
08JA013,1988-04-14,54.59999847412109,
08JA013,1988-05-14,48.29999923706055,
08JA013,1988-06-14,48.79999923706055,
08JA013,1988-07-14,226.0,
08JA013,1988-08-14,168.0,
08JA013,1988-09-14,29.899999618530277,
08JA013,1988-10-14,30.0,
08JA013,1988-11-14,30.100000381469727,
08JA013,1988-12-14,30.799999237060547,
08JA013,1989-01-14,30.399999618530277,
08JA013,1989-02-14,29.899999618530277,
08JA013,1989-03-14,29.5,
08JA013,1989-04-14,29.0,
08JA013,1989-05-14,47.70000076293945,
08JA013,1989-06-14,48.20000076293945,
08JA013,1989-07-14,302.0,
08JA013,1989-08-14,170.0,
08JA013,1989-09-14,32.599998474121094,
08JA013,1989-10-14,32.599998474121094,
08JA013,1989-11-14,35.0,
08JA013,1989-12-14,35.20000076293945,
08JA013,1990-01-14,35.29999923706055,
08JA013,1990-02-14,34.900001525878906,
08JA013,1990-03-14,34.20000076293945,
08JA013,1990-04-14,255.0,
08JA013,1990-05-14,49.29999923706055,
08JA013,1990-06-14,49.59999847412109,
08JA013,1990-07-14,227.0,
08JA013,1990-08-14,13.699999809265137,
08JA013,1990-09-14,30.899999618530277,
08JA013,1990-10-14,33.599998474121094,
08JA013,1990-11-14,33.400001525878906,
08JA013,1990-12-14,32.79999923706055,
08JA013,1991-01-14,32.599998474121094,
08JA013,1991-02-14,32.0,
08JA013,1991-03-14,50.79999923706055,
08JA013,1991-04-14,84.0999984741211,
08JA013,1991-05-14,49.0,
08JA013,1991-06-14,50.5,
08JA013,1991-07-14,227.0,
08JA013,1991-08-14,425.0,
08JA013,1991-09-14,31.0,
08JA013,1991-10-14,32.79999923706055,
08JA013,1991-11-14,32.599998474121094,
08JA013,1991-12-14,32.400001525878906,
08JA013,1992-01-14,32.099998474121094,
08JA013,1992-02-14,31.600000381469727,
08JA013,1992-03-14,31.399999618530277,
08JA013,1992-04-14,31.5,
08JA013,1992-05-14,49.79999923706055,
08JA013,1992-06-14,50.29999923706055,
08JA013,1992-07-14,280.0,
08JA013,1992-08-14,194.0,
08JA013,1992-09-14,32.599998474121094,
08JA013,1992-10-14,33.099998474121094,
08JA013,1992-11-14,33.400001525878906,
08JA013,1992-12-14,33.099998474121094,
08JA013,1993-01-14,32.5,
08JA013,1993-02-14,33.0,
08JA013,1993-03-14,32.5,
08JA013,1993-04-14,32.900001525878906,
08JA013,1993-05-14,49.400001525878906,
08JA013,1993-06-14,50.20000076293945,
08JA013,1993-07-14,227.0,
08JA013,1993-08-14,155.0,
08JA013,1993-09-14,32.29999923706055,
08JA013,1993-10-14,32.70000076293945,
08JA013,1993-11-14,33.79999923706055,
08JA013,1993-12-14,33.400001525878906,
08JA013,1994-01-14,33.0,
08JA013,1994-02-14,32.5,
08JA013,1994-03-14,32.099998474121094,
08JA013,1994-04-14,31.899999618530277,
08JA013,1994-05-14,49.0,
08JA013,1994-06-14,49.70000076293945,
08JA013,1994-07-14,227.0,
08JA013,1994-08-14,14.199999809265137,
08JA013,1994-09-14,31.399999618530277,
08JA013,1994-10-14,31.299999237060547,
08JA013,1994-11-14,31.100000381469727,
08JA013,1994-12-14,40.5,
08JA013,1995-01-14,36.400001525878906,
08JA013,1995-02-14,35.599998474121094,
08JA013,1995-03-14,37.900001525878906,
08JA013,1995-04-14,40.79999923706055,
08JA013,1995-05-14,49.900001525878906,
08JA013,1995-06-14,50.0,
08JA013,1995-07-14,227.0,
08JA013,1995-08-14,170.0,
08JA013,1995-09-14,32.0,
08JA013,1995-10-14,32.5,
08JA013,1995-11-14,35.0,
08JA013,1995-12-14,34.400001525878906,
08JA013,1996-01-14,34.20000076293945,
08JA013,1996-02-14,33.79999923706055,
08JA013,1996-03-14,33.29999923706055,
08JA013,1996-04-14,33.20000076293945,
08JA013,1996-05-14,50.59999847412109,
08JA013,1996-06-14,54.70000076293945,
08JA013,1996-07-14,255.0,
08JA013,1996-08-14,170.0,
08JA013,1996-09-14,57.0,
08JA013,1996-10-14,227.0,
08JA013,1996-11-14,228.0,
08JA013,1996-12-14,60.29999923706055,
08JA013,1997-01-14,59.400001525878906,
08JA013,1997-02-14,58.29999923706055,
08JA013,1997-03-14,57.20000076293945,
08JA013,1997-04-14,56.5,
08JA013,1997-05-14,87.0999984741211,
08JA013,1997-06-14,285.0,
08JA013,1997-07-14,341.0,
08JA013,1997-08-14,329.0,
08JA013,1997-09-14,84.9000015258789,
08JA013,1997-10-14,85.30000305175781,
08JA013,1997-11-14,57.20000076293945,
08JA013,1997-12-14,56.29999923706055,
08JA013,1998-01-14,55.20000076293945,
08JA013,1998-02-14,54.0,
08JA013,1998-03-14,52.59999847412109,
08JA013,1998-04-14,51.29999923706055,
08JA013,1998-05-14,52.400001525878906,
08JA013,1998-06-14,53.70000076293945,
08JA013,1998-07-14,264.0,
08JA013,1998-08-14,299.0,
08JA013,1998-09-14,29.399999618530277,
08JA013,1998-10-14,30.100000381469727,
08JA013,1998-11-14,29.799999237060547,
08JA013,1998-12-14,30.200000762939453,
08JA013,1999-01-14,29.899999618530277,
08JA013,1999-02-14,29.399999618530277,
08JA013,1999-03-14,29.899999618530277,
08JA013,1999-04-14,29.299999237060547,
08JA013,1999-05-14,49.5,
08JA013,1999-06-14,49.20000076293945,
08JA013,1999-07-14,227.0,
08JA013,1999-08-14,170.0,
08JA013,1999-09-14,33.0,
08JA013,1999-10-14,33.599998474121094,
08JA013,1999-11-14,33.20000076293945,
08JA013,1999-12-14,32.70000076293945,
08JA013,2000-01-14,33.0,
08JA013,2000-02-14,33.099998474121094,
08JA013,2000-03-14,33.20000076293945,
08JA013,2000-04-14,32.29999923706055,
08JA013,2000-05-14,95.0999984741211,
08JA013,2000-06-14,49.59999847412109,
08JA013,2000-07-14,227.0,
08JA013,2000-08-14,170.0,
08JA013,2000-09-14,32.900001525878906,
08JA013,2000-10-14,32.599998474121094,
08JA013,2000-11-14,32.099998474121094,
08JA013,2000-12-14,32.29999923706055,
08JA013,2001-01-14,32.400001525878906,
08JA013,2001-02-14,32.900001525878906,
08JA013,2001-03-14,32.400001525878906,
08JA013,2001-04-14,32.599998474121094,
08JA013,2001-05-14,52.5,
08JA013,2001-06-14,52.0,
08JA013,2001-07-14,159.0,
08JA013,2001-08-14,411.0,
08JA013,2001-09-14,30.0,
08JA013,2001-10-14,30.0,
08JA013,2001-11-14,30.0,
08JA013,2001-12-14,30.0,
08JA013,2002-01-14,31.700000762939453,
08JA013,2002-02-14,31.299999237060547,
08JA013,2002-03-14,30.700000762939453,
08JA013,2002-04-14,30.399999618530277,
08JA013,2002-05-14,54.900001525878906,
08JA013,2002-06-14,53.09999847412109,
08JA013,2002-07-14,227.0,
08JA013,2002-08-14,227.0,
08JA013,2002-09-14,30.0,
08JA013,2002-10-14,30.0,
08JA013,2002-11-14,85.0,
08JA013,2002-12-14,85.0,
08JA013,2003-01-14,31.5,
08JA013,2003-02-14,31.0,
08JA013,2003-03-14,30.5,
08JA013,2003-04-14,30.0,
08JA013,2003-05-14,49.70000076293945,
08JA013,2003-06-14,49.79999923706055,
08JA013,2003-07-14,227.0,
08JA013,2003-08-14,169.0,
08JA013,2003-09-14,33.099998474121094,
08JA013,2003-10-14,32.70000076293945,
08JA013,2003-11-14,32.900001525878906,
08JA013,2003-12-14,32.400001525878906,
08JA013,2004-01-14,32.70000076293945,
08JA013,2004-02-14,32.099998474121094,
08JA013,2004-03-14,33.5,
08JA013,2004-04-14,33.0,
08JA013,2004-05-14,53.400001525878906,
08JA013,2004-06-14,53.29999923706055,
08JA013,2004-07-14,225.0,
08JA013,2004-08-14,282.0,
08JA013,2004-09-14,30.299999237060547,
08JA013,2004-10-14,29.799999237060547,
08JA013,2004-11-14,30.399999618530277,
08JA013,2004-12-14,31.0,
08JA013,2005-01-14,31.100000381469727,
08JA013,2005-02-14,31.399999618530277,
08JA013,2005-03-14,31.399999618530277,
08JA013,2005-04-14,44.59999847412109,
08JA013,2005-05-14,161.0,
08JA013,2005-06-14,168.0,
08JA013,2005-07-14,176.0,
08JA013,2005-08-14,169.0,
08JA013,2005-09-14,32.29999923706055,
08JA013,2005-10-14,85.5999984741211,
08JA013,2005-11-14,86.4000015258789,
08JA013,2005-12-14,86.0,
08JA013,2006-01-14,84.80000305175781,
08JA013,2006-02-14,43.900001525878906,
08JA013,2006-03-14,32.599998474121094,
08JA013,2006-04-14,31.899999618530277,
08JA013,2006-05-14,49.59999847412109,
08JA013,2006-06-14,49.400001525878906,
08JA013,2006-07-14,228.0,
08JA013,2006-08-14,171.0,
08JA013,2006-09-14,31.700000762939453,
08JA013,2006-10-14,32.099998474121094,
08JA013,2006-11-14,33.20000076293945,
08JA013,2006-12-14,33.20000076293945,
08JA013,2007-01-14,33.099998474121094,
08JA013,2007-02-14,32.79999923706055,
08JA013,2007-03-14,42.400001525878906,
08JA013,2007-04-14,432.0,
08JA013,2007-05-14,73.30000305175781,
08JA013,2007-06-14,381.0,
08JA013,2007-07-14,581.0,
08JA013,2007-08-14,345.0,
08JA013,2007-09-14,64.5999984741211,
08JA013,2007-10-14,64.19999694824219,
08JA013,2007-11-14,14.5,
08JA013,2007-12-14,83.80000305175781,
08JA013,2008-01-14,82.30000305175781,
08JA013,2008-02-14,80.19999694824219,
08JA013,2008-03-14,33.5,
08JA013,2008-04-14,32.70000076293945,
08JA013,2008-05-14,49.20000076293945,
08JA013,2008-06-14,49.09999847412109,
08JA013,2008-07-14,190.0,
08JA013,2008-08-14,452.0,
08JA013,2008-09-14,33.0,
08JA013,2008-10-14,32.599998474121094,
08JA013,2008-11-14,33.400001525878906,
08JA013,2008-12-14,35.599998474121094,
08JA013,2009-01-14,35.20000076293945,
08JA013,2009-02-14,34.5,
08JA013,2009-03-14,33.79999923706055,
08JA013,2009-04-14,33.099998474121094,
08JA013,2009-05-14,49.70000076293945,
08JA013,2009-06-14,49.20000076293945,
08JA013,2009-07-14,227.0,
08JA013,2009-08-14,171.0,
08JA013,2009-09-14,32.29999923706055,
08JA013,2009-10-14,33.79999923706055,
08JA013,2009-11-14,34.0,
08JA013,2009-12-14,33.79999923706055,
08JA013,2010-01-14,33.20000076293945,
08JA013,2010-02-14,32.70000076293945,
08JA013,2010-03-14,32.0,
08JA013,2010-04-14,31.299999237060547,
08JA013,2010-05-14,49.29999923706055,
08JA013,2010-06-14,49.59999847412109,
08JA013,2010-07-14,226.0,
08JA013,2010-08-14,450.0,
08JA013,2010-09-14,32.5,
08JA013,2010-10-14,33.599998474121094,
08JA013,2010-11-14,74.5999984741211,
08JA013,2010-12-14,74.0999984741211,
08JA013,2011-01-14,33.79999923706055,
08JA013,2011-02-14,33.400001525878906,
08JA013,2011-03-14,32.900001525878906,
08JA013,2011-04-14,32.29999923706055,
08JA013,2011-05-14,80.30000305175781,
08JA013,2011-06-14,250.0,
08JA013,2011-07-14,325.0,
08JA013,2011-08-14,333.0,
08JA013,2011-09-14,65.0,
08JA013,2011-10-14,397.0,
08JA013,2011-11-14,59.900001525878906,
08JA013,2011-12-14,59.5,
08JA013,2012-01-14,80.19999694824219,
08JA013,2012-02-14,99.6999969482422,
08JA013,2012-03-14,122.0,
08JA013,2012-04-14,117.0,
08JA013,2012-05-14,225.0,
08JA013,2012-06-14,234.0,
08JA013,2012-07-14,281.0,
08JA013,2012-08-14,291.0,
08JA013,2012-09-14,64.4000015258789,
08JA013,2012-10-14,63.5,
08JA013,2012-11-14,62.70000076293945,
08JA013,2012-12-14,38.70000076293945,
08JA013,2013-01-14,37.79999923706055,
08JA013,2013-02-14,30.899999618530277,
08JA013,2013-03-14,30.299999237060547,
08JA013,2013-04-14,31.5,
08JA013,2013-05-14,50.5,
08JA013,2013-06-14,49.79999923706055,
08JA013,2013-07-14,226.0,
08JA013,2013-08-14,214.0,
08JA013,2013-09-14,31.600000381469727,
08JA013,2013-10-14,31.299999237060547,
08JA013,2013-11-14,34.79999923706055,
08JA013,2013-12-14,33.900001525878906,
08JA013,2014-01-14,33.5,
08JA013,2014-02-14,32.79999923706055,
08JA013,2014-03-14,32.20000076293945,
08JA013,2014-04-14,34.5,
08JA013,2014-05-14,49.09999847412109,
08JA013,2014-06-14,48.29999923706055,
08JA013,2014-07-14,224.0,
08JA013,2014-08-14,271.0,
08JA013,2014-09-14,31.600000381469727,
08JA013,2014-10-14,33.5,
08JA013,2014-11-14,34.29999923706055,
08JA013,2014-12-14,34.29999923706055,
08JA013,2015-01-14,34.20000076293945,
08JA013,2015-02-14,45.20000076293945,
08JA013,2015-03-14,45.400001525878906,
08JA013,2015-04-14,166.0,
08JA013,2015-05-14,304.0,
08JA013,2015-06-14,509.0,
08JA013,2015-07-14,201.0,
08JA013,2015-08-14,199.0,
08JA013,2015-09-14,32.29999923706055,
08JA013,2015-10-14,32.20000076293945,
08JA013,2015-11-14,30.899999618530277,
08JA013,2015-12-14,30.399999618530277,
08JA013,2016-01-14,29.799999237060547,
08JA013,2016-02-14,29.299999237060547,
08JA013,2016-03-14,28.799999237060547,
08JA013,2016-04-14,48.79999923706055,
08JA013,2016-05-14,48.900001525878906,
08JA013,2016-06-14,49.09999847412109,
08JA013,2016-07-14,205.0,
08JA013,2016-08-14,14.5,
08JA013,2016-09-14,31.200000762939453,
08JA013,2016-10-14,31.899999618530277,
08JA013,2016-11-14,32.5,
08JA013,2016-12-14,31.399999618530277,
08JA013,2017-01-14,31.100000381469727,
08JA013,2017-02-14,30.600000381469727,
08JA013,2017-03-14,32.29999923706055,
08JA013,2017-04-14,31.899999618530277,
08JA013,2017-05-14,101.0,
08JA013,2017-06-14,207.0,
08JA013,2017-07-14,228.0,
08JA013,2017-08-14,170.0,
08JA013,2017-09-14,31.700000762939453,
08JA013,2017-10-14,32.400001525878906,
08JA013,2017-11-14,65.5,
08JA013,2017-12-14,79.30000305175781,
08JA013,2018-01-14,77.5,
08JA013,2018-02-14,35.79999923706055,
08JA013,2018-03-14,49.79999923706055,
08JA013,2018-04-14,84.5,
08JA013,2018-05-14,48.09999847412109,
08JA013,2018-06-14,185.0,
08JA013,2018-07-14,225.0,
08JA013,2018-08-14,34.900001525878906,
08JA013,2018-09-14,32.900001525878906,
08JA013,2018-10-14,28.100000381469727,
08JA013,2018-11-14,32.79999923706055,
08JA013,2018-12-14,32.400001525878906,
08JA013,2019-01-14,31.899999618530277,
08JA013,2019-02-14,31.200000762939453,
08JA013,2019-03-14,30.5,
08JA013,2019-04-14,31.899999618530277,
08JA013,2019-05-14,50.29999923706055,
08JA013,2019-06-14,48.09999847412109,
08JA013,2019-07-14,226.0,
08JA013,2019-08-14,326.0,
08JA013,2019-09-14,32.0,
08JA013,2019-10-14,31.700000762939453,
08JA013,2019-11-14,31.700000762939453,
08JA013,2019-12-14,32.0,
08JA013,2020-01-14,31.799999237060547,
08JA013,2020-02-14,31.600000381469727,
08JA013,2020-03-14,33.0,
08JA013,2020-04-14,34.099998474121094,
08JA013,2020-05-14,49.29999923706055,
08JA013,2020-06-14,49.0,
08JA013,2020-07-14,226.0,
08JA013,2020-08-14,170.0,
08JA013,2020-09-14,32.29999923706055,
08JA013,2020-10-14,32.20000076293945,
08JA013,2020-11-14,61.79999923706055,
08JA013,2020-12-14,85.0,
08JA013,2021-01-14,84.0999984741211,
08JA013,2021-02-14,83.30000305175781,
08JA013,2021-03-14,84.0999984741211,
08JA013,2021-04-14,199.0,
08JA013,2021-05-14,200.0,
08JA013,2021-06-14,201.0,
08JA013,2021-07-14,169.0,
08JA013,2021-08-14,278.0,
08JA013,2021-09-14,78.9000015258789,
08JA013,2021-10-14,248.0,
08JA013,2021-11-14,40.29999923706055,
08JA013,2021-12-14,40.29999923706055,
08JA013,2022-01-14,40.0,
08JA013,2022-02-14,39.59999847412109,
08JA013,2022-03-14,41.5,
08JA013,2022-04-14,41.400001525878906,
08JA013,2022-05-14,71.80000305175781,
08JA013,2022-06-14,286.0,
08JA013,2022-07-14,391.0,
08JA013,2022-08-14,295.0,
08JA013,2022-09-14,58.79999923706055,
08JA013,2022-10-14,60.20000076293945,
08JA013,2022-11-14,38.70000076293945,
08JA013,2022-12-14,33.599998474121094,
08JA013,2023-01-14,33.0,
08JA013,2023-02-14,32.5,
08JA013,2023-03-14,31.899999618530277,
08JA013,2023-04-14,33.400001525878906,
08JA013,2023-05-14,49.20000076293945,
08JA013,2023-06-14,50.29999923706055,
08JA013,2023-07-14,154.0,
08JA013,2023-08-14,249.0,
08JA013,2023-09-14,32.900001525878906,
08JA013,2023-10-14,32.79999923706055,
08JA013,2023-11-14,32.5,
08JA013,2023-12-14,32.099998474121094,
08JA013,2024-01-14,31.700000762939453,
08JA013,2024-02-14,33.099998474121094,
08JA013,2024-03-14,32.5,
08JA013,2024-04-14,32.0,
08JA013,2024-05-14,49.400001525878906,
08JA013,2024-06-14,51.400001525878906,
08JA013,2024-07-14,177.0,
08JA013,2024-08-14,170.0,
08JA013,2024-09-14,31.600000381469727,
08JA013,2024-10-14,31.899999618530277,
08JA013,2024-11-14,32.29999923706055,
08JA013,2024-12-14,32.099998474121094,
08JA013,2025-01-14,32.099998474121094,
08JA013,2025-02-14,31.5,
08JA013,2025-03-14,31.100000381469727,
08JA013,2025-04-14,30.799999237060547,
08JA013,2025-05-14,91.9000015258789,
08JA013,2025-06-14,32.599998474121094,
08JA013,2025-07-14,179.0,
08JA013,2025-08-14,95.0999984741211,
08JA013,2025-09-14,31.5,
08JA013,2025-10-14,31.200000762939453,
08JA013,2025-11-14,31.5,
08JA013,2025-12-14,31.799999237060547,
08JA013,1955-06-15,1.4199999570846558,
08JA013,1955-11-15,,
08JA013,1956-01-15,7.079999923706055,
08JA013,1956-02-15,5.659999847412109,
08JA013,1956-03-15,5.659999847412109,
08JA013,1956-04-15,5.659999847412109,
08JA013,1956-05-15,5.659999847412109,
08JA013,1956-06-15,0.0,
08JA013,1956-07-15,0.0,
08JA013,1956-08-15,8.5,
08JA013,1956-09-15,0.0,
08JA013,1956-10-15,0.0,
08JA013,1956-11-15,0.0,
08JA013,1956-12-15,0.0,
08JA013,1957-01-15,235.0,
08JA013,1957-02-15,261.0,
08JA013,1957-03-15,259.0,
08JA013,1957-04-15,0.0,
08JA013,1957-05-15,261.0,
08JA013,1957-06-15,197.0,
08JA013,1957-07-15,0.0,
08JA013,1957-08-15,323.0,
08JA013,1957-09-15,79.30000305175781,
08JA013,1957-10-15,155.0,
08JA013,1957-11-15,200.0,
08JA013,1957-12-15,245.0,
08JA013,1958-01-15,331.0,
08JA013,1958-02-15,177.0,
08JA013,1958-03-15,331.0,
08JA013,1958-04-15,331.0,
08JA013,1958-05-15,0.0,
08JA013,1958-06-15,150.0,
08JA013,1958-07-15,275.0,
08JA013,1958-08-15,294.0,
08JA013,1958-09-15,351.0,
08JA013,1958-10-15,334.0,
08JA013,1958-11-15,317.0,
08JA013,1958-12-15,126.0,
08JA013,1959-01-15,124.0,
08JA013,1959-02-15,65.0999984741211,
08JA013,1959-03-15,63.400001525878906,
08JA013,1959-04-15,63.400001525878906,
08JA013,1959-05-15,154.0,
08JA013,1959-06-15,0.0,
08JA013,1959-07-15,309.0,
08JA013,1959-08-15,328.0,
08JA013,1959-09-15,371.0,
08JA013,1959-10-15,399.0,
08JA013,1959-11-15,114.0,
08JA013,1959-12-15,281.0,
08JA013,1960-01-15,68.80000305175781,
08JA013,1960-02-15,95.6999969482422,
08JA013,1960-03-15,117.0,
08JA013,1960-04-15,226.0,
08JA013,1960-05-15,368.0,
08JA013,1960-06-15,311.0,
08JA013,1960-07-15,65.4000015258789,
08JA013,1960-08-15,175.0,
08JA013,1960-09-15,264.0,
08JA013,1960-10-15,88.5999984741211,
08JA013,1960-11-15,187.0,
08JA013,1960-12-15,111.0,
08JA013,1961-01-15,59.70000076293945,
08JA013,1961-02-15,29.700000762939453,
08JA013,1961-03-15,42.5,
08JA013,1961-04-15,59.5,
08JA013,1961-05-15,230.0,
08JA013,1961-06-15,274.0,
08JA013,1961-07-15,362.0,
08JA013,1961-08-15,275.0,
08JA013,1961-09-15,481.0,
08JA013,1961-10-15,0.0,
08JA013,1961-11-15,30.600000381469727,
08JA013,1961-12-15,29.700000762939453,
08JA013,1962-01-15,30.0,
08JA013,1962-02-15,30.600000381469727,
08JA013,1962-03-15,30.600000381469727,
08JA013,1962-04-15,30.600000381469727,
08JA013,1962-05-15,182.0,
08JA013,1962-06-15,193.0,
08JA013,1962-07-15,0.0,
08JA013,1962-08-15,231.0,
08JA013,1962-09-15,227.0,
08JA013,1962-10-15,222.0,
08JA013,1962-11-15,221.0,
08JA013,1962-12-15,46.400001525878906,
08JA013,1963-01-15,46.70000076293945,
08JA013,1963-02-15,46.70000076293945,
08JA013,1963-03-15,46.400001525878906,
08JA013,1963-04-15,46.20000076293945,
08JA013,1963-05-15,334.0,
08JA013,1963-06-15,337.0,
08JA013,1963-07-15,192.0,
08JA013,1963-08-15,199.0,
08JA013,1963-09-15,194.0,
08JA013,1963-10-15,193.0,
08JA013,1963-11-15,171.0,
08JA013,1963-12-15,42.20000076293945,
08JA013,1964-01-15,42.79999923706055,
08JA013,1964-02-15,43.0,
08JA013,1964-03-15,42.5,
08JA013,1964-04-15,41.59999847412109,
08JA013,1964-05-15,413.0,
08JA013,1964-06-15,416.0,
08JA013,1964-07-15,311.0,
08JA013,1964-08-15,201.0,
08JA013,1964-09-15,199.0,
08JA013,1964-10-15,198.0,
08JA013,1964-11-15,195.0,
08JA013,1964-12-15,70.80000305175781,
08JA013,1965-01-15,69.9000015258789,
08JA013,1965-02-15,69.0999984741211,
08JA013,1965-03-15,68.0,
08JA013,1965-04-15,67.0999984741211,
08JA013,1965-05-15,192.0,
08JA013,1965-06-15,199.0,
08JA013,1965-07-15,203.0,
08JA013,1965-08-15,202.0,
08JA013,1965-09-15,196.0,
08JA013,1965-10-15,88.9000015258789,
08JA013,1965-11-15,45.900001525878906,
08JA013,1965-12-15,46.20000076293945,
08JA013,1966-01-15,46.20000076293945,
08JA013,1966-02-15,45.900001525878906,
08JA013,1966-03-15,45.29999923706055,
08JA013,1966-04-15,45.29999923706055,
08JA013,1966-05-15,141.0,
08JA013,1966-06-15,229.0,
08JA013,1966-07-15,0.0,
08JA013,1966-08-15,34.79999923706055,
08JA013,1966-09-15,167.0,
08JA013,1966-10-15,323.0,
08JA013,1966-11-15,88.30000305175781,
08JA013,1966-12-15,88.0999984741211,
08JA013,1967-01-15,87.19999694824219,
08JA013,1967-02-15,85.80000305175781,
08JA013,1967-03-15,84.4000015258789,
08JA013,1967-04-15,163.0,
08JA013,1967-05-15,269.0,
08JA013,1967-06-15,17.600000381469727,
08JA013,1967-07-15,260.0,
08JA013,1967-08-15,0.0,
08JA013,1967-09-15,123.0,
08JA013,1967-10-15,149.0,
08JA013,1967-11-15,94.9000015258789,
08JA013,1967-12-15,60.29999923706055,
08JA013,1968-01-15,60.29999923706055,
08JA013,1968-02-15,60.59999847412109,
08JA013,1968-03-15,60.29999923706055,
08JA013,1968-04-15,59.70000076293945,
08JA013,1968-05-15,228.0,
08JA013,1968-06-15,286.0,
08JA013,1968-07-15,348.0,
08JA013,1968-08-15,69.4000015258789,
08JA013,1968-09-15,242.0,
08JA013,1968-10-15,236.0,
08JA013,1968-11-15,91.5,
08JA013,1968-12-15,91.6999969482422,
08JA013,1969-01-15,90.0,
08JA013,1969-02-15,88.0999984741211,
08JA013,1969-03-15,86.0999984741211,
08JA013,1969-04-15,83.80000305175781,
08JA013,1969-05-15,84.4000015258789,
08JA013,1969-06-15,237.0,
08JA013,1969-07-15,34.79999923706055,
08JA013,1969-08-15,159.0,
08JA013,1969-09-15,157.0,
08JA013,1969-10-15,154.0,
08JA013,1969-11-15,75.9000015258789,
08JA013,1969-12-15,76.19999694824219,
08JA013,1970-01-15,75.0,
08JA013,1970-02-15,73.30000305175781,
08JA013,1970-03-15,71.9000015258789,
08JA013,1970-04-15,44.70000076293945,
08JA013,1970-05-15,44.5,
08JA013,1970-06-15,46.70000076293945,
08JA013,1970-07-15,47.900001525878906,
08JA013,1970-08-15,90.9000015258789,
08JA013,1970-09-15,117.0,
08JA013,1970-10-15,116.0,
08JA013,1970-11-15,61.400001525878906,
08JA013,1970-12-15,60.59999847412109,
08JA013,1971-01-15,59.5,
08JA013,1971-02-15,58.900001525878906,
08JA013,1971-03-15,57.79999923706055,
08JA013,1971-04-15,56.59999847412109,
08JA013,1971-05-15,447.0,
08JA013,1971-06-15,60.900001525878906,
08JA013,1971-07-15,64.5999984741211,
08JA013,1971-08-15,174.0,
08JA013,1971-09-15,172.0,
08JA013,1971-10-15,193.0,
08JA013,1971-11-15,75.9000015258789,
08JA013,1971-12-15,75.5999984741211,
08JA013,1972-01-15,74.5,
08JA013,1972-02-15,72.80000305175781,
08JA013,1972-03-15,71.5999984741211,
08JA013,1972-04-15,351.0,
08JA013,1972-05-15,0.0,
08JA013,1972-06-15,0.0,
08JA013,1972-07-15,428.0,
08JA013,1972-08-15,224.0,
08JA013,1972-09-15,225.0,
08JA013,1972-10-15,216.0,
08JA013,1972-11-15,73.5999984741211,
08JA013,1972-12-15,72.19999694824219,
08JA013,1973-01-15,71.4000015258789,
08JA013,1973-02-15,70.19999694824219,
08JA013,1973-03-15,68.19999694824219,
08JA013,1973-04-15,66.30000305175781,
08JA013,1973-05-15,66.5,
08JA013,1973-06-15,46.20000076293945,
08JA013,1973-07-15,175.0,
08JA013,1973-08-15,76.69999694824219,
08JA013,1973-09-15,33.400001525878906,
08JA013,1973-10-15,33.400001525878906,
08JA013,1973-11-15,49.79999923706055,
08JA013,1973-12-15,49.29999923706055,
08JA013,1974-01-15,48.400001525878906,
08JA013,1974-02-15,47.59999847412109,
08JA013,1974-03-15,47.0,
08JA013,1974-04-15,254.0,
08JA013,1974-05-15,0.0,
08JA013,1974-06-15,0.0,
08JA013,1974-07-15,227.0,
08JA013,1974-08-15,15.0,
08JA013,1974-09-15,25.799999237060547,
08JA013,1974-10-15,200.0,
08JA013,1974-11-15,77.5999984741211,
08JA013,1974-12-15,72.5,
08JA013,1975-01-15,75.5999984741211,
08JA013,1975-02-15,74.5,
08JA013,1975-03-15,73.30000305175781,
08JA013,1975-04-15,71.9000015258789,
08JA013,1975-05-15,88.30000305175781,
08JA013,1975-06-15,92.9000015258789,
08JA013,1975-07-15,83.30000305175781,
08JA013,1975-08-15,201.0,
08JA013,1975-09-15,97.4000015258789,
08JA013,1975-10-15,230.0,
08JA013,1975-11-15,225.0,
08JA013,1975-12-15,86.69999694824219,
08JA013,1976-01-15,85.5,
08JA013,1976-02-15,84.69999694824219,
08JA013,1976-03-15,83.30000305175781,
08JA013,1976-04-15,348.0,
08JA013,1976-05-15,146.0,
08JA013,1976-06-15,362.0,
08JA013,1976-07-15,436.0,
08JA013,1976-08-15,439.0,
08JA013,1976-09-15,227.0,
08JA013,1976-10-15,286.0,
08JA013,1976-11-15,278.0,
08JA013,1976-12-15,176.0,
08JA013,1977-01-15,172.0,
08JA013,1977-02-15,168.0,
08JA013,1977-03-15,163.0,
08JA013,1977-04-15,0.0,
08JA013,1977-05-15,0.0,
08JA013,1977-06-15,198.0,
08JA013,1977-07-15,198.0,
08JA013,1977-08-15,106.0,
08JA013,1977-09-15,50.400001525878906,
08JA013,1977-10-15,51.5,
08JA013,1977-11-15,51.79999923706055,
08JA013,1977-12-15,51.29999923706055,
08JA013,1978-01-15,50.400001525878906,
08JA013,1978-02-15,54.70000076293945,
08JA013,1978-03-15,52.70000076293945,
08JA013,1978-04-15,51.29999923706055,
08JA013,1978-05-15,52.09999847412109,
08JA013,1978-06-15,38.5,
08JA013,1978-07-15,36.0,
08JA013,1978-08-15,34.29999923706055,
08JA013,1978-09-15,34.29999923706055,
08JA013,1978-10-15,33.400001525878906,
08JA013,1978-11-15,36.79999923706055,
08JA013,1978-12-15,35.099998474121094,
08JA013,1979-01-15,32.70000076293945,
08JA013,1979-02-15,31.899999618530277,
08JA013,1979-03-15,30.899999618530277,
08JA013,1979-04-15,29.899999618530277,
08JA013,1979-05-15,31.399999618530277,
08JA013,1979-06-15,33.599998474121094,
08JA013,1979-07-15,81.0,
08JA013,1979-08-15,65.0999984741211,
08JA013,1979-09-15,33.70000076293945,
08JA013,1979-10-15,33.29999923706055,
08JA013,1979-11-15,20.799999237060547,
08JA013,1979-12-15,12.600000381469728,
08JA013,1980-01-15,12.699999809265137,
08JA013,1980-02-15,15.600000381469728,
08JA013,1980-03-15,15.0,
08JA013,1980-04-15,15.0,
08JA013,1980-05-15,15.100000381469728,
08JA013,1980-06-15,11.899999618530272,
08JA013,1980-07-15,22.600000381469727,
08JA013,1980-08-15,173.0,
08JA013,1980-09-15,32.29999923706055,
08JA013,1980-10-15,32.5,
08JA013,1980-11-15,32.599998474121094,
08JA013,1980-12-15,32.400001525878906,
08JA013,1981-01-15,33.0,
08JA013,1981-02-15,32.79999923706055,
08JA013,1981-03-15,32.70000076293945,
08JA013,1981-04-15,57.20000076293945,
08JA013,1981-05-15,57.20000076293945,
08JA013,1981-06-15,61.400001525878906,
08JA013,1981-07-15,56.59999847412109,
08JA013,1981-08-15,129.0,
08JA013,1981-09-15,30.899999618530277,
08JA013,1981-10-15,25.5,
08JA013,1981-11-15,32.5,
08JA013,1981-12-15,32.5,
08JA013,1982-01-15,32.099998474121094,
08JA013,1982-02-15,31.799999237060547,
08JA013,1982-03-15,31.100000381469727,
08JA013,1982-04-15,55.59999847412109,
08JA013,1982-05-15,9.300000190734863,
08JA013,1982-06-15,58.0,
08JA013,1982-07-15,57.5,
08JA013,1982-08-15,14.100000381469728,
08JA013,1982-09-15,31.100000381469727,
08JA013,1982-10-15,31.100000381469727,
08JA013,1982-11-15,31.100000381469727,
08JA013,1982-12-15,31.100000381469727,
08JA013,1983-01-15,31.100000381469727,
08JA013,1983-02-15,31.100000381469727,
08JA013,1983-03-15,31.100000381469727,
08JA013,1983-04-15,49.59999847412109,
08JA013,1983-05-15,49.59999847412109,
08JA013,1983-06-15,56.09999847412109,
08JA013,1983-07-15,340.0,
08JA013,1983-08-15,56.09999847412109,
08JA013,1983-09-15,31.100000381469727,
08JA013,1983-10-15,30.799999237060547,
08JA013,1983-11-15,31.200000762939453,
08JA013,1983-12-15,31.0,
08JA013,1984-01-15,30.600000381469727,
08JA013,1984-02-15,30.5,
08JA013,1984-03-15,30.200000762939453,
08JA013,1984-04-15,53.5,
08JA013,1984-05-15,54.09999847412109,
08JA013,1984-06-15,53.79999923706055,
08JA013,1984-07-15,227.0,
08JA013,1984-08-15,170.0,
08JA013,1984-09-15,30.899999618530277,
08JA013,1984-10-15,31.399999618530277,
08JA013,1984-11-15,31.100000381469727,
08JA013,1984-12-15,31.100000381469727,
08JA013,1985-01-15,30.899999618530277,
08JA013,1985-02-15,30.399999618530277,
08JA013,1985-03-15,30.299999237060547,
08JA013,1985-04-15,58.0,
08JA013,1985-05-15,53.70000076293945,
08JA013,1985-06-15,58.5,
08JA013,1985-07-15,280.0,
08JA013,1985-08-15,163.0,
08JA013,1985-09-15,63.5,
08JA013,1985-10-15,60.29999923706055,
08JA013,1985-11-15,33.400001525878906,
08JA013,1985-12-15,32.29999923706055,
08JA013,1986-01-15,33.79999923706055,
08JA013,1986-02-15,32.79999923706055,
08JA013,1986-03-15,32.400001525878906,
08JA013,1986-04-15,59.900001525878906,
08JA013,1986-05-15,48.79999923706055,
08JA013,1986-06-15,57.09999847412109,
08JA013,1986-07-15,227.0,
08JA013,1986-08-15,66.0999984741211,
08JA013,1986-09-15,28.299999237060547,
08JA013,1986-10-15,60.20000076293945,
08JA013,1986-11-15,32.79999923706055,
08JA013,1986-12-15,36.400001525878906,
08JA013,1987-01-15,36.09999847412109,
08JA013,1987-02-15,35.400001525878906,
08JA013,1987-03-15,34.099998474121094,
08JA013,1987-04-15,58.0,
08JA013,1987-05-15,53.79999923706055,
08JA013,1987-06-15,57.79999923706055,
08JA013,1987-07-15,14.199999809265137,
08JA013,1987-08-15,227.0,
08JA013,1987-09-15,56.59999847412109,
08JA013,1987-10-15,43.900001525878906,
08JA013,1987-11-15,34.0,
08JA013,1987-12-15,35.099998474121094,
08JA013,1988-01-15,34.099998474121094,
08JA013,1988-02-15,33.29999923706055,
08JA013,1988-03-15,32.400001525878906,
08JA013,1988-04-15,54.900001525878906,
08JA013,1988-05-15,48.29999923706055,
08JA013,1988-06-15,49.0,
08JA013,1988-07-15,226.0,
08JA013,1988-08-15,167.0,
08JA013,1988-09-15,29.899999618530277,
08JA013,1988-10-15,30.0,
08JA013,1988-11-15,30.100000381469727,
08JA013,1988-12-15,30.799999237060547,
08JA013,1989-01-15,30.399999618530277,
08JA013,1989-02-15,29.799999237060547,
08JA013,1989-03-15,29.5,
08JA013,1989-04-15,55.20000076293945,
08JA013,1989-05-15,47.70000076293945,
08JA013,1989-06-15,48.0,
08JA013,1989-07-15,453.0,
08JA013,1989-08-15,170.0,
08JA013,1989-09-15,32.599998474121094,
08JA013,1989-10-15,32.599998474121094,
08JA013,1989-11-15,35.0,
08JA013,1989-12-15,35.20000076293945,
08JA013,1990-01-15,35.29999923706055,
08JA013,1990-02-15,34.900001525878906,
08JA013,1990-03-15,34.099998474121094,
08JA013,1990-04-15,254.0,
08JA013,1990-05-15,49.400001525878906,
08JA013,1990-06-15,49.70000076293945,
08JA013,1990-07-15,227.0,
08JA013,1990-08-15,65.80000305175781,
08JA013,1990-09-15,30.899999618530277,
08JA013,1990-10-15,33.5,
08JA013,1990-11-15,33.400001525878906,
08JA013,1990-12-15,32.79999923706055,
08JA013,1991-01-15,32.29999923706055,
08JA013,1991-02-15,32.0,
08JA013,1991-03-15,50.70000076293945,
08JA013,1991-04-15,84.0,
08JA013,1991-05-15,49.09999847412109,
08JA013,1991-06-15,49.59999847412109,
08JA013,1991-07-15,227.0,
08JA013,1991-08-15,283.0,
08JA013,1991-09-15,31.0,
08JA013,1991-10-15,32.79999923706055,
08JA013,1991-11-15,32.599998474121094,
08JA013,1991-12-15,32.400001525878906,
08JA013,1992-01-15,32.0,
08JA013,1992-02-15,31.600000381469727,
08JA013,1992-03-15,31.399999618530277,
08JA013,1992-04-15,31.5,
08JA013,1992-05-15,49.900001525878906,
08JA013,1992-06-15,50.5,
08JA013,1992-07-15,280.0,
08JA013,1992-08-15,14.199999809265137,
08JA013,1992-09-15,32.599998474121094,
08JA013,1992-10-15,33.099998474121094,
08JA013,1992-11-15,33.400001525878906,
08JA013,1992-12-15,33.099998474121094,
08JA013,1993-01-15,32.5,
08JA013,1993-02-15,33.0,
08JA013,1993-03-15,32.5,
08JA013,1993-04-15,32.79999923706055,
08JA013,1993-05-15,48.79999923706055,
08JA013,1993-06-15,49.79999923706055,
08JA013,1993-07-15,226.0,
08JA013,1993-08-15,155.0,
08JA013,1993-09-15,32.29999923706055,
08JA013,1993-10-15,32.599998474121094,
08JA013,1993-11-15,33.79999923706055,
08JA013,1993-12-15,33.400001525878906,
08JA013,1994-01-15,33.0,
08JA013,1994-02-15,32.5,
08JA013,1994-03-15,32.099998474121094,
08JA013,1994-04-15,40.0,
08JA013,1994-05-15,49.20000076293945,
08JA013,1994-06-15,49.79999923706055,
08JA013,1994-07-15,302.0,
08JA013,1994-08-15,14.199999809265137,
08JA013,1994-09-15,31.399999618530277,
08JA013,1994-10-15,31.299999237060547,
08JA013,1994-11-15,31.100000381469727,
08JA013,1994-12-15,40.5,
08JA013,1995-01-15,36.29999923706055,
08JA013,1995-02-15,35.599998474121094,
08JA013,1995-03-15,37.900001525878906,
08JA013,1995-04-15,40.70000076293945,
08JA013,1995-05-15,50.0,
08JA013,1995-06-15,50.0,
08JA013,1995-07-15,227.0,
08JA013,1995-08-15,170.0,
08JA013,1995-09-15,32.0,
08JA013,1995-10-15,32.5,
08JA013,1995-11-15,35.0,
08JA013,1995-12-15,34.400001525878906,
08JA013,1996-01-15,34.20000076293945,
08JA013,1996-02-15,33.79999923706055,
08JA013,1996-03-15,33.29999923706055,
08JA013,1996-04-15,33.20000076293945,
08JA013,1996-05-15,50.70000076293945,
08JA013,1996-06-15,54.900001525878906,
08JA013,1996-07-15,255.0,
08JA013,1996-08-15,170.0,
08JA013,1996-09-15,57.0,
08JA013,1996-10-15,226.0,
08JA013,1996-11-15,172.0,
08JA013,1996-12-15,60.29999923706055,
08JA013,1997-01-15,59.400001525878906,
08JA013,1997-02-15,58.20000076293945,
08JA013,1997-03-15,57.09999847412109,
08JA013,1997-04-15,56.5,
08JA013,1997-05-15,87.5,
08JA013,1997-06-15,285.0,
08JA013,1997-07-15,341.0,
08JA013,1997-08-15,328.0,
08JA013,1997-09-15,83.9000015258789,
08JA013,1997-10-15,85.30000305175781,
08JA013,1997-11-15,57.20000076293945,
08JA013,1997-12-15,56.29999923706055,
08JA013,1998-01-15,55.20000076293945,
08JA013,1998-02-15,54.0,
08JA013,1998-03-15,52.59999847412109,
08JA013,1998-04-15,51.20000076293945,
08JA013,1998-05-15,52.59999847412109,
08JA013,1998-06-15,53.70000076293945,
08JA013,1998-07-15,308.0,
08JA013,1998-08-15,65.0,
08JA013,1998-09-15,29.299999237060547,
08JA013,1998-10-15,30.100000381469727,
08JA013,1998-11-15,29.799999237060547,
08JA013,1998-12-15,30.200000762939453,
08JA013,1999-01-15,29.799999237060547,
08JA013,1999-02-15,29.399999618530277,
08JA013,1999-03-15,29.899999618530277,
08JA013,1999-04-15,29.200000762939453,
08JA013,1999-05-15,49.5,
08JA013,1999-06-15,48.59999847412109,
08JA013,1999-07-15,227.0,
08JA013,1999-08-15,170.0,
08JA013,1999-09-15,33.0,
08JA013,1999-10-15,33.599998474121094,
08JA013,1999-11-15,33.20000076293945,
08JA013,1999-12-15,32.70000076293945,
08JA013,2000-01-15,33.0,
08JA013,2000-02-15,33.099998474121094,
08JA013,2000-03-15,33.099998474121094,
08JA013,2000-04-15,32.29999923706055,
08JA013,2000-05-15,227.0,
08JA013,2000-06-15,48.79999923706055,
08JA013,2000-07-15,227.0,
08JA013,2000-08-15,170.0,
08JA013,2000-09-15,32.900001525878906,
08JA013,2000-10-15,32.5,
08JA013,2000-11-15,32.099998474121094,
08JA013,2000-12-15,32.70000076293945,
08JA013,2001-01-15,32.400001525878906,
08JA013,2001-02-15,32.900001525878906,
08JA013,2001-03-15,32.400001525878906,
08JA013,2001-04-15,32.599998474121094,
08JA013,2001-05-15,52.5,
08JA013,2001-06-15,52.09999847412109,
08JA013,2001-07-15,255.0,
08JA013,2001-08-15,283.0,
08JA013,2001-09-15,30.0,
08JA013,2001-10-15,30.0,
08JA013,2001-11-15,30.0,
08JA013,2001-12-15,30.0,
08JA013,2002-01-15,31.700000762939453,
08JA013,2002-02-15,31.200000762939453,
08JA013,2002-03-15,30.700000762939453,
08JA013,2002-04-15,30.299999237060547,
08JA013,2002-05-15,54.900001525878906,
08JA013,2002-06-15,53.400001525878906,
08JA013,2002-07-15,227.0,
08JA013,2002-08-15,227.0,
08JA013,2002-09-15,30.0,
08JA013,2002-10-15,30.0,
08JA013,2002-11-15,85.0,
08JA013,2002-12-15,85.0,
08JA013,2003-01-15,31.5,
08JA013,2003-02-15,31.0,
08JA013,2003-03-15,30.399999618530277,
08JA013,2003-04-15,30.0,
08JA013,2003-05-15,48.70000076293945,
08JA013,2003-06-15,49.900001525878906,
08JA013,2003-07-15,227.0,
08JA013,2003-08-15,169.0,
08JA013,2003-09-15,33.099998474121094,
08JA013,2003-10-15,32.70000076293945,
08JA013,2003-11-15,32.900001525878906,
08JA013,2003-12-15,32.400001525878906,
08JA013,2004-01-15,32.70000076293945,
08JA013,2004-02-15,32.099998474121094,
08JA013,2004-03-15,33.400001525878906,
08JA013,2004-04-15,33.0,
08JA013,2004-05-15,53.400001525878906,
08JA013,2004-06-15,53.29999923706055,
08JA013,2004-07-15,229.0,
08JA013,2004-08-15,269.0,
08JA013,2004-09-15,30.299999237060547,
08JA013,2004-10-15,29.799999237060547,
08JA013,2004-11-15,30.5,
08JA013,2004-12-15,31.0,
08JA013,2005-01-15,31.100000381469727,
08JA013,2005-02-15,31.399999618530277,
08JA013,2005-03-15,31.399999618530277,
08JA013,2005-04-15,44.59999847412109,
08JA013,2005-05-15,161.0,
08JA013,2005-06-15,225.0,
08JA013,2005-07-15,211.0,
08JA013,2005-08-15,169.0,
08JA013,2005-09-15,32.29999923706055,
08JA013,2005-10-15,85.69999694824219,
08JA013,2005-11-15,86.4000015258789,
08JA013,2005-12-15,86.0,
08JA013,2006-01-15,84.69999694824219,
08JA013,2006-02-15,33.20000076293945,
08JA013,2006-03-15,32.599998474121094,
08JA013,2006-04-15,31.899999618530277,
08JA013,2006-05-15,49.59999847412109,
08JA013,2006-06-15,49.5,
08JA013,2006-07-15,228.0,
08JA013,2006-08-15,170.0,
08JA013,2006-09-15,31.700000762939453,
08JA013,2006-10-15,32.099998474121094,
08JA013,2006-11-15,33.29999923706055,
08JA013,2006-12-15,33.29999923706055,
08JA013,2007-01-15,33.099998474121094,
08JA013,2007-02-15,32.79999923706055,
08JA013,2007-03-15,42.29999923706055,
08JA013,2007-04-15,376.0,
08JA013,2007-05-15,113.0,
08JA013,2007-06-15,404.0,
08JA013,2007-07-15,581.0,
08JA013,2007-08-15,344.0,
08JA013,2007-09-15,64.5999984741211,
08JA013,2007-10-15,64.19999694824219,
08JA013,2007-11-15,14.5,
08JA013,2007-12-15,83.80000305175781,
08JA013,2008-01-15,82.30000305175781,
08JA013,2008-02-15,80.0999984741211,
08JA013,2008-03-15,33.5,
08JA013,2008-04-15,32.70000076293945,
08JA013,2008-05-15,49.29999923706055,
08JA013,2008-06-15,49.09999847412109,
08JA013,2008-07-15,223.0,
08JA013,2008-08-15,450.0,
08JA013,2008-09-15,33.0,
08JA013,2008-10-15,32.599998474121094,
08JA013,2008-11-15,33.400001525878906,
08JA013,2008-12-15,35.599998474121094,
08JA013,2009-01-15,35.099998474121094,
08JA013,2009-02-15,34.5,
08JA013,2009-03-15,33.79999923706055,
08JA013,2009-04-15,33.0,
08JA013,2009-05-15,49.79999923706055,
08JA013,2009-06-15,49.29999923706055,
08JA013,2009-07-15,227.0,
08JA013,2009-08-15,170.0,
08JA013,2009-09-15,32.20000076293945,
08JA013,2009-10-15,33.79999923706055,
08JA013,2009-11-15,34.0,
08JA013,2009-12-15,33.70000076293945,
08JA013,2010-01-15,33.20000076293945,
08JA013,2010-02-15,32.70000076293945,
08JA013,2010-03-15,32.0,
08JA013,2010-04-15,31.299999237060547,
08JA013,2010-05-15,49.29999923706055,
08JA013,2010-06-15,49.59999847412109,
08JA013,2010-07-15,226.0,
08JA013,2010-08-15,448.0,
08JA013,2010-09-15,32.5,
08JA013,2010-10-15,33.599998474121094,
08JA013,2010-11-15,74.69999694824219,
08JA013,2010-12-15,74.0,
08JA013,2011-01-15,33.79999923706055,
08JA013,2011-02-15,33.400001525878906,
08JA013,2011-03-15,32.900001525878906,
08JA013,2011-04-15,32.29999923706055,
08JA013,2011-05-15,80.4000015258789,
08JA013,2011-06-15,278.0,
08JA013,2011-07-15,325.0,
08JA013,2011-08-15,333.0,
08JA013,2011-09-15,65.0,
08JA013,2011-10-15,396.0,
08JA013,2011-11-15,59.79999923706055,
08JA013,2011-12-15,59.5,
08JA013,2012-01-15,80.0999984741211,
08JA013,2012-02-15,99.5999984741211,
08JA013,2012-03-15,122.0,
08JA013,2012-04-15,117.0,
08JA013,2012-05-15,225.0,
08JA013,2012-06-15,235.0,
08JA013,2012-07-15,281.0,
08JA013,2012-08-15,291.0,
08JA013,2012-09-15,64.30000305175781,
08JA013,2012-10-15,63.5,
08JA013,2012-11-15,62.59999847412109,
08JA013,2012-12-15,38.59999847412109,
08JA013,2013-01-15,37.70000076293945,
08JA013,2013-02-15,30.899999618530277,
08JA013,2013-03-15,30.299999237060547,
08JA013,2013-04-15,31.5,
08JA013,2013-05-15,50.59999847412109,
08JA013,2013-06-15,49.29999923706055,
08JA013,2013-07-15,226.0,
08JA013,2013-08-15,14.100000381469728,
08JA013,2013-09-15,31.600000381469727,
08JA013,2013-10-15,31.299999237060547,
08JA013,2013-11-15,34.70000076293945,
08JA013,2013-12-15,33.900001525878906,
08JA013,2014-01-15,33.5,
08JA013,2014-02-15,32.79999923706055,
08JA013,2014-03-15,32.20000076293945,
08JA013,2014-04-15,34.5,
08JA013,2014-05-15,49.20000076293945,
08JA013,2014-06-15,48.29999923706055,
08JA013,2014-07-15,224.0,
08JA013,2014-08-15,197.0,
08JA013,2014-09-15,31.600000381469727,
08JA013,2014-10-15,33.5,
08JA013,2014-11-15,34.29999923706055,
08JA013,2014-12-15,34.29999923706055,
08JA013,2015-01-15,34.20000076293945,
08JA013,2015-02-15,45.29999923706055,
08JA013,2015-03-15,45.400001525878906,
08JA013,2015-04-15,166.0,
08JA013,2015-05-15,277.0,
08JA013,2015-06-15,509.0,
08JA013,2015-07-15,201.0,
08JA013,2015-08-15,199.0,
08JA013,2015-09-15,32.29999923706055,
08JA013,2015-10-15,32.20000076293945,
08JA013,2015-11-15,30.899999618530277,
08JA013,2015-12-15,30.399999618530277,
08JA013,2016-01-15,29.799999237060547,
08JA013,2016-02-15,29.299999237060547,
08JA013,2016-03-15,28.799999237060547,
08JA013,2016-04-15,48.900001525878906,
08JA013,2016-05-15,49.0,
08JA013,2016-06-15,49.09999847412109,
08JA013,2016-07-15,227.0,
08JA013,2016-08-15,124.0,
08JA013,2016-09-15,31.100000381469727,
08JA013,2016-10-15,31.899999618530277,
08JA013,2016-11-15,32.599998474121094,
08JA013,2016-12-15,31.399999618530277,
08JA013,2017-01-15,31.100000381469727,
08JA013,2017-02-15,30.600000381469727,
08JA013,2017-03-15,32.29999923706055,
08JA013,2017-04-15,31.899999618530277,
08JA013,2017-05-15,199.0,
08JA013,2017-06-15,207.0,
08JA013,2017-07-15,228.0,
08JA013,2017-08-15,170.0,
08JA013,2017-09-15,31.700000762939453,
08JA013,2017-10-15,32.400001525878906,
08JA013,2017-11-15,65.5,
08JA013,2017-12-15,79.19999694824219,
08JA013,2018-01-15,77.4000015258789,
08JA013,2018-02-15,35.79999923706055,
08JA013,2018-03-15,49.79999923706055,
08JA013,2018-04-15,84.4000015258789,
08JA013,2018-05-15,48.0,
08JA013,2018-06-15,185.0,
08JA013,2018-07-15,225.0,
08JA013,2018-08-15,27.0,
08JA013,2018-09-15,32.900001525878906,
08JA013,2018-10-15,28.0,
08JA013,2018-11-15,32.79999923706055,
08JA013,2018-12-15,32.400001525878906,
08JA013,2019-01-15,31.899999618530277,
08JA013,2019-02-15,31.200000762939453,
08JA013,2019-03-15,30.399999618530277,
08JA013,2019-04-15,31.899999618530277,
08JA013,2019-05-15,50.400001525878906,
08JA013,2019-06-15,48.20000076293945,
08JA013,2019-07-15,226.0,
08JA013,2019-08-15,14.5,
08JA013,2019-09-15,32.0,
08JA013,2019-10-15,31.700000762939453,
08JA013,2019-11-15,31.799999237060547,
08JA013,2019-12-15,32.0,
08JA013,2020-01-15,31.799999237060547,
08JA013,2020-02-15,31.600000381469727,
08JA013,2020-03-15,33.0,
08JA013,2020-04-15,34.099998474121094,
08JA013,2020-05-15,49.5,
08JA013,2020-06-15,48.400001525878906,
08JA013,2020-07-15,226.0,
08JA013,2020-08-15,170.0,
08JA013,2020-09-15,32.29999923706055,
08JA013,2020-10-15,32.099998474121094,
08JA013,2020-11-15,61.79999923706055,
08JA013,2020-12-15,85.0,
08JA013,2021-01-15,84.0999984741211,
08JA013,2021-02-15,83.19999694824219,
08JA013,2021-03-15,84.0999984741211,
08JA013,2021-04-15,199.0,
08JA013,2021-05-15,200.0,
08JA013,2021-06-15,201.0,
08JA013,2021-07-15,169.0,
08JA013,2021-08-15,277.0,
08JA013,2021-09-15,78.9000015258789,
08JA013,2021-10-15,281.0,
08JA013,2021-11-15,40.29999923706055,
08JA013,2021-12-15,40.29999923706055,
08JA013,2022-01-15,40.0,
08JA013,2022-02-15,39.59999847412109,
08JA013,2022-03-15,41.5,
08JA013,2022-04-15,41.400001525878906,
08JA013,2022-05-15,71.80000305175781,
08JA013,2022-06-15,286.0,
08JA013,2022-07-15,391.0,
08JA013,2022-08-15,288.0,
08JA013,2022-09-15,58.79999923706055,
08JA013,2022-10-15,60.09999847412109,
08JA013,2022-11-15,38.70000076293945,
08JA013,2022-12-15,33.599998474121094,
08JA013,2023-01-15,33.0,
08JA013,2023-02-15,32.5,
08JA013,2023-03-15,31.899999618530277,
08JA013,2023-04-15,33.29999923706055,
08JA013,2023-05-15,49.400001525878906,
08JA013,2023-06-15,50.29999923706055,
08JA013,2023-07-15,200.0,
08JA013,2023-08-15,169.0,
08JA013,2023-09-15,32.900001525878906,
08JA013,2023-10-15,32.79999923706055,
08JA013,2023-11-15,32.5,
08JA013,2023-12-15,32.099998474121094,
08JA013,2024-01-15,31.700000762939453,
08JA013,2024-02-15,33.099998474121094,
08JA013,2024-03-15,32.5,
08JA013,2024-04-15,32.0,
08JA013,2024-05-15,49.5,
08JA013,2024-06-15,51.5,
08JA013,2024-07-15,224.0,
08JA013,2024-08-15,170.0,
08JA013,2024-09-15,31.600000381469727,
08JA013,2024-10-15,31.899999618530277,
08JA013,2024-11-15,32.0,
08JA013,2024-12-15,32.099998474121094,
08JA013,2025-01-15,32.099998474121094,
08JA013,2025-02-15,31.5,
08JA013,2025-03-15,31.100000381469727,
08JA013,2025-04-15,30.799999237060547,
08JA013,2025-05-15,92.0,
08JA013,2025-06-15,32.599998474121094,
08JA013,2025-07-15,226.0,
08JA013,2025-08-15,170.0,
08JA013,2025-09-15,31.5,
08JA013,2025-10-15,31.200000762939453,
08JA013,2025-11-15,31.5,
08JA013,2025-12-15,31.799999237060547,
08JA013,1955-06-16,,
08JA013,1955-11-16,,
08JA013,1956-01-16,7.079999923706055,
08JA013,1956-02-16,5.659999847412109,
08JA013,1956-03-16,5.659999847412109,
08JA013,1956-04-16,5.659999847412109,
08JA013,1956-05-16,5.659999847412109,
08JA013,1956-06-16,0.0,
08JA013,1956-07-16,0.0,
08JA013,1956-08-16,5.659999847412109,
08JA013,1956-09-16,0.0,
08JA013,1956-10-16,0.0,
08JA013,1956-11-16,0.0,
08JA013,1956-12-16,0.0,
08JA013,1957-01-16,221.0,
08JA013,1957-02-16,261.0,
08JA013,1957-03-16,259.0,
08JA013,1957-04-16,0.0,
08JA013,1957-05-16,266.0,
08JA013,1957-06-16,198.0,
08JA013,1957-07-16,0.0,
08JA013,1957-08-16,323.0,
08JA013,1957-09-16,79.30000305175781,
08JA013,1957-10-16,155.0,
08JA013,1957-11-16,200.0,
08JA013,1957-12-16,245.0,
08JA013,1958-01-16,331.0,
08JA013,1958-02-16,177.0,
08JA013,1958-03-16,331.0,
08JA013,1958-04-16,331.0,
08JA013,1958-05-16,0.0,
08JA013,1958-06-16,173.0,
08JA013,1958-07-16,306.0,
08JA013,1958-08-16,294.0,
08JA013,1958-09-16,442.0,
08JA013,1958-10-16,334.0,
08JA013,1958-11-16,314.0,
08JA013,1958-12-16,126.0,
08JA013,1959-01-16,124.0,
08JA013,1959-02-16,65.0999984741211,
08JA013,1959-03-16,63.400001525878906,
08JA013,1959-04-16,63.400001525878906,
08JA013,1959-05-16,154.0,
08JA013,1959-06-16,0.0,
08JA013,1959-07-16,309.0,
08JA013,1959-08-16,328.0,
08JA013,1959-09-16,371.0,
08JA013,1959-10-16,399.0,
08JA013,1959-11-16,151.0,
08JA013,1959-12-16,281.0,
08JA013,1960-01-16,68.80000305175781,
08JA013,1960-02-16,104.0,
08JA013,1960-03-16,117.0,
08JA013,1960-04-16,226.0,
08JA013,1960-05-16,368.0,
08JA013,1960-06-16,161.0,
08JA013,1960-07-16,172.0,
08JA013,1960-08-16,198.0,
08JA013,1960-09-16,264.0,
08JA013,1960-10-16,88.5999984741211,
08JA013,1960-11-16,187.0,
08JA013,1960-12-16,111.0,
08JA013,1961-01-16,59.70000076293945,
08JA013,1961-02-16,29.700000762939453,
08JA013,1961-03-16,42.5,
08JA013,1961-04-16,59.5,
08JA013,1961-05-16,230.0,
08JA013,1961-06-16,274.0,
08JA013,1961-07-16,362.0,
08JA013,1961-08-16,283.0,
08JA013,1961-09-16,481.0,
08JA013,1961-10-16,0.0,
08JA013,1961-11-16,30.600000381469727,
08JA013,1961-12-16,29.700000762939453,
08JA013,1962-01-16,30.0,
08JA013,1962-02-16,30.600000381469727,
08JA013,1962-03-16,30.600000381469727,
08JA013,1962-04-16,30.600000381469727,
08JA013,1962-05-16,182.0,
08JA013,1962-06-16,193.0,
08JA013,1962-07-16,217.0,
08JA013,1962-08-16,231.0,
08JA013,1962-09-16,227.0,
08JA013,1962-10-16,222.0,
08JA013,1962-11-16,221.0,
08JA013,1962-12-16,46.400001525878906,
08JA013,1963-01-16,46.70000076293945,
08JA013,1963-02-16,46.70000076293945,
08JA013,1963-03-16,46.400001525878906,
08JA013,1963-04-16,46.20000076293945,
08JA013,1963-05-16,334.0,
08JA013,1963-06-16,337.0,
08JA013,1963-07-16,192.0,
08JA013,1963-08-16,199.0,
08JA013,1963-09-16,194.0,
08JA013,1963-10-16,193.0,
08JA013,1963-11-16,171.0,
08JA013,1963-12-16,42.20000076293945,
08JA013,1964-01-16,42.79999923706055,
08JA013,1964-02-16,43.0,
08JA013,1964-03-16,42.5,
08JA013,1964-04-16,41.59999847412109,
08JA013,1964-05-16,413.0,
08JA013,1964-06-16,416.0,
08JA013,1964-07-16,311.0,
08JA013,1964-08-16,201.0,
08JA013,1964-09-16,199.0,
08JA013,1964-10-16,198.0,
08JA013,1964-11-16,195.0,
08JA013,1964-12-16,70.80000305175781,
08JA013,1965-01-16,69.9000015258789,
08JA013,1965-02-16,69.0999984741211,
08JA013,1965-03-16,68.0,
08JA013,1965-04-16,67.0999984741211,
08JA013,1965-05-16,192.0,
08JA013,1965-06-16,199.0,
08JA013,1965-07-16,203.0,
08JA013,1965-08-16,202.0,
08JA013,1965-09-16,195.0,
08JA013,1965-10-16,88.9000015258789,
08JA013,1965-11-16,45.900001525878906,
08JA013,1965-12-16,46.20000076293945,
08JA013,1966-01-16,46.20000076293945,
08JA013,1966-02-16,45.900001525878906,
08JA013,1966-03-16,45.29999923706055,
08JA013,1966-04-16,45.29999923706055,
08JA013,1966-05-16,146.0,
08JA013,1966-06-16,229.0,
08JA013,1966-07-16,0.0,
08JA013,1966-08-16,34.79999923706055,
08JA013,1966-09-16,340.0,
08JA013,1966-10-16,323.0,
08JA013,1966-11-16,88.30000305175781,
08JA013,1966-12-16,88.0999984741211,
08JA013,1967-01-16,87.19999694824219,
08JA013,1967-02-16,85.80000305175781,
08JA013,1967-03-16,84.4000015258789,
08JA013,1967-04-16,163.0,
08JA013,1967-05-16,269.0,
08JA013,1967-06-16,32.599998474121094,
08JA013,1967-07-16,260.0,
08JA013,1967-08-16,75.0,
08JA013,1967-09-16,100.0,
08JA013,1967-10-16,149.0,
08JA013,1967-11-16,94.9000015258789,
08JA013,1967-12-16,60.29999923706055,
08JA013,1968-01-16,60.29999923706055,
08JA013,1968-02-16,60.59999847412109,
08JA013,1968-03-16,60.29999923706055,
08JA013,1968-04-16,59.70000076293945,
08JA013,1968-05-16,229.0,
08JA013,1968-06-16,286.0,
08JA013,1968-07-16,348.0,
08JA013,1968-08-16,145.0,
08JA013,1968-09-16,242.0,
08JA013,1968-10-16,236.0,
08JA013,1968-11-16,91.5,
08JA013,1968-12-16,91.6999969482422,
08JA013,1969-01-16,89.80000305175781,
08JA013,1969-02-16,88.0999984741211,
08JA013,1969-03-16,86.0999984741211,
08JA013,1969-04-16,83.80000305175781,
08JA013,1969-05-16,84.69999694824219,
08JA013,1969-06-16,237.0,
08JA013,1969-07-16,34.79999923706055,
08JA013,1969-08-16,159.0,
08JA013,1969-09-16,157.0,
08JA013,1969-10-16,153.0,
08JA013,1969-11-16,75.9000015258789,
08JA013,1969-12-16,75.9000015258789,
08JA013,1970-01-16,75.0,
08JA013,1970-02-16,73.30000305175781,
08JA013,1970-03-16,71.9000015258789,
08JA013,1970-04-16,44.70000076293945,
08JA013,1970-05-16,44.5,
08JA013,1970-06-16,47.0,
08JA013,1970-07-16,47.900001525878906,
08JA013,1970-08-16,90.9000015258789,
08JA013,1970-09-16,117.0,
08JA013,1970-10-16,116.0,
08JA013,1970-11-16,47.900001525878906,
08JA013,1970-12-16,60.59999847412109,
08JA013,1971-01-16,59.5,
08JA013,1971-02-16,58.900001525878906,
08JA013,1971-03-16,57.79999923706055,
08JA013,1971-04-16,56.59999847412109,
08JA013,1971-05-16,447.0,
08JA013,1971-06-16,60.900001525878906,
08JA013,1971-07-16,64.5999984741211,
08JA013,1971-08-16,174.0,
08JA013,1971-09-16,172.0,
08JA013,1971-10-16,211.0,
08JA013,1971-11-16,75.9000015258789,
08JA013,1971-12-16,75.5999984741211,
08JA013,1972-01-16,74.5,
08JA013,1972-02-16,72.80000305175781,
08JA013,1972-03-16,71.5999984741211,
08JA013,1972-04-16,351.0,
08JA013,1972-05-16,0.0,
08JA013,1972-06-16,0.0,
08JA013,1972-07-16,428.0,
08JA013,1972-08-16,331.0,
08JA013,1972-09-16,225.0,
08JA013,1972-10-16,216.0,
08JA013,1972-11-16,73.5999984741211,
08JA013,1972-12-16,72.19999694824219,
08JA013,1973-01-16,71.4000015258789,
08JA013,1973-02-16,69.9000015258789,
08JA013,1973-03-16,68.19999694824219,
08JA013,1973-04-16,66.30000305175781,
08JA013,1973-05-16,61.70000076293945,
08JA013,1973-06-16,46.20000076293945,
08JA013,1973-07-16,175.0,
08JA013,1973-08-16,64.0,
08JA013,1973-09-16,33.400001525878906,
08JA013,1973-10-16,33.400001525878906,
08JA013,1973-11-16,49.79999923706055,
08JA013,1973-12-16,49.29999923706055,
08JA013,1974-01-16,48.400001525878906,
08JA013,1974-02-16,47.59999847412109,
08JA013,1974-03-16,47.0,
08JA013,1974-04-16,253.0,
08JA013,1974-05-16,0.0,
08JA013,1974-06-16,0.0,
08JA013,1974-07-16,227.0,
08JA013,1974-08-16,15.0,
08JA013,1974-09-16,25.799999237060547,
08JA013,1974-10-16,200.0,
08JA013,1974-11-16,77.5999984741211,
08JA013,1974-12-16,72.5,
08JA013,1975-01-16,75.5999984741211,
08JA013,1975-02-16,74.5,
08JA013,1975-03-16,73.30000305175781,
08JA013,1975-04-16,71.9000015258789,
08JA013,1975-05-16,88.30000305175781,
08JA013,1975-06-16,93.1999969482422,
08JA013,1975-07-16,90.5999984741211,
08JA013,1975-08-16,201.0,
08JA013,1975-09-16,97.4000015258789,
08JA013,1975-10-16,230.0,
08JA013,1975-11-16,225.0,
08JA013,1975-12-16,86.69999694824219,
08JA013,1976-01-16,85.80000305175781,
08JA013,1976-02-16,84.69999694824219,
08JA013,1976-03-16,83.30000305175781,
08JA013,1976-04-16,348.0,
08JA013,1976-05-16,146.0,
08JA013,1976-06-16,362.0,
08JA013,1976-07-16,436.0,
08JA013,1976-08-16,439.0,
08JA013,1976-09-16,227.0,
08JA013,1976-10-16,286.0,
08JA013,1976-11-16,278.0,
08JA013,1976-12-16,176.0,
08JA013,1977-01-16,172.0,
08JA013,1977-02-16,168.0,
08JA013,1977-03-16,163.0,
08JA013,1977-04-16,0.0,
08JA013,1977-05-16,0.0,
08JA013,1977-06-16,198.0,
08JA013,1977-07-16,331.0,
08JA013,1977-08-16,106.0,
08JA013,1977-09-16,52.09999847412109,
08JA013,1977-10-16,51.5,
08JA013,1977-11-16,51.79999923706055,
08JA013,1977-12-16,51.29999923706055,
08JA013,1978-01-16,50.400001525878906,
08JA013,1978-02-16,54.70000076293945,
08JA013,1978-03-16,52.70000076293945,
08JA013,1978-04-16,51.29999923706055,
08JA013,1978-05-16,52.09999847412109,
08JA013,1978-06-16,38.79999923706055,
08JA013,1978-07-16,36.0,
08JA013,1978-08-16,34.29999923706055,
08JA013,1978-09-16,34.0,
08JA013,1978-10-16,33.400001525878906,
08JA013,1978-11-16,36.79999923706055,
08JA013,1978-12-16,35.099998474121094,
08JA013,1979-01-16,32.70000076293945,
08JA013,1979-02-16,31.899999618530277,
08JA013,1979-03-16,30.899999618530277,
08JA013,1979-04-16,29.899999618530277,
08JA013,1979-05-16,31.600000381469727,
08JA013,1979-06-16,33.599998474121094,
08JA013,1979-07-16,81.0,
08JA013,1979-08-16,34.0,
08JA013,1979-09-16,33.599998474121094,
08JA013,1979-10-16,33.29999923706055,
08JA013,1979-11-16,20.799999237060547,
08JA013,1979-12-16,12.5,
08JA013,1980-01-16,12.699999809265137,
08JA013,1980-02-16,15.600000381469728,
08JA013,1980-03-16,15.0,
08JA013,1980-04-16,15.0,
08JA013,1980-05-16,15.100000381469728,
08JA013,1980-06-16,11.899999618530272,
08JA013,1980-07-16,22.600000381469727,
08JA013,1980-08-16,14.199999809265137,
08JA013,1980-09-16,32.29999923706055,
08JA013,1980-10-16,32.5,
08JA013,1980-11-16,32.599998474121094,
08JA013,1980-12-16,32.599998474121094,
08JA013,1981-01-16,33.0,
08JA013,1981-02-16,32.79999923706055,
08JA013,1981-03-16,32.70000076293945,
08JA013,1981-04-16,57.09999847412109,
08JA013,1981-05-16,57.20000076293945,
08JA013,1981-06-16,61.400001525878906,
08JA013,1981-07-16,56.59999847412109,
08JA013,1981-08-16,340.0,
08JA013,1981-09-16,30.899999618530277,
08JA013,1981-10-16,25.5,
08JA013,1981-11-16,32.5,
08JA013,1981-12-16,32.400001525878906,
08JA013,1982-01-16,32.099998474121094,
08JA013,1982-02-16,31.799999237060547,
08JA013,1982-03-16,31.100000381469727,
08JA013,1982-04-16,55.5,
08JA013,1982-05-16,9.300000190734863,
08JA013,1982-06-16,58.0,
08JA013,1982-07-16,85.4000015258789,
08JA013,1982-08-16,14.100000381469728,
08JA013,1982-09-16,31.100000381469727,
08JA013,1982-10-16,31.100000381469727,
08JA013,1982-11-16,31.100000381469727,
08JA013,1982-12-16,31.100000381469727,
08JA013,1983-01-16,31.100000381469727,
08JA013,1983-02-16,31.100000381469727,
08JA013,1983-03-16,31.100000381469727,
08JA013,1983-04-16,49.59999847412109,
08JA013,1983-05-16,49.59999847412109,
08JA013,1983-06-16,56.09999847412109,
08JA013,1983-07-16,340.0,
08JA013,1983-08-16,55.5,
08JA013,1983-09-16,31.100000381469727,
08JA013,1983-10-16,30.700000762939453,
08JA013,1983-11-16,31.100000381469727,
08JA013,1983-12-16,31.0,
08JA013,1984-01-16,30.600000381469727,
08JA013,1984-02-16,30.399999618530277,
08JA013,1984-03-16,30.200000762939453,
08JA013,1984-04-16,53.5,
08JA013,1984-05-16,54.20000076293945,
08JA013,1984-06-16,53.79999923706055,
08JA013,1984-07-16,227.0,
08JA013,1984-08-16,119.0,
08JA013,1984-09-16,30.899999618530277,
08JA013,1984-10-16,31.399999618530277,
08JA013,1984-11-16,31.100000381469727,
08JA013,1984-12-16,31.100000381469727,
08JA013,1985-01-16,30.899999618530277,
08JA013,1985-02-16,30.399999618530277,
08JA013,1985-03-16,30.299999237060547,
08JA013,1985-04-16,58.0,
08JA013,1985-05-16,53.70000076293945,
08JA013,1985-06-16,58.59999847412109,
08JA013,1985-07-16,280.0,
08JA013,1985-08-16,163.0,
08JA013,1985-09-16,63.5,
08JA013,1985-10-16,60.29999923706055,
08JA013,1985-11-16,33.400001525878906,
08JA013,1985-12-16,32.29999923706055,
08JA013,1986-01-16,33.79999923706055,
08JA013,1986-02-16,32.79999923706055,
08JA013,1986-03-16,32.400001525878906,
08JA013,1986-04-16,59.900001525878906,
08JA013,1986-05-16,48.79999923706055,
08JA013,1986-06-16,57.29999923706055,
08JA013,1986-07-16,227.0,
08JA013,1986-08-16,68.69999694824219,
08JA013,1986-09-16,28.299999237060547,
08JA013,1986-10-16,76.0999984741211,
08JA013,1986-11-16,32.79999923706055,
08JA013,1986-12-16,36.20000076293945,
08JA013,1987-01-16,36.09999847412109,
08JA013,1987-02-16,25.299999237060547,
08JA013,1987-03-16,34.099998474121094,
08JA013,1987-04-16,58.0,
08JA013,1987-05-16,53.79999923706055,
08JA013,1987-06-16,57.900001525878906,
08JA013,1987-07-16,166.0,
08JA013,1987-08-16,226.0,
08JA013,1987-09-16,56.59999847412109,
08JA013,1987-10-16,31.100000381469727,
08JA013,1987-11-16,34.0,
08JA013,1987-12-16,35.099998474121094,
08JA013,1988-01-16,34.099998474121094,
08JA013,1988-02-16,33.099998474121094,
08JA013,1988-03-16,32.29999923706055,
08JA013,1988-04-16,55.20000076293945,
08JA013,1988-05-16,48.400001525878906,
08JA013,1988-06-16,49.09999847412109,
08JA013,1988-07-16,226.0,
08JA013,1988-08-16,75.5999984741211,
08JA013,1988-09-16,29.899999618530277,
08JA013,1988-10-16,30.0,
08JA013,1988-11-16,30.100000381469727,
08JA013,1988-12-16,30.799999237060547,
08JA013,1989-01-16,30.299999237060547,
08JA013,1989-02-16,29.799999237060547,
08JA013,1989-03-16,29.399999618530277,
08JA013,1989-04-16,73.0999984741211,
08JA013,1989-05-16,47.79999923706055,
08JA013,1989-06-16,48.09999847412109,
08JA013,1989-07-16,453.0,
08JA013,1989-08-16,170.0,
08JA013,1989-09-16,32.599998474121094,
08JA013,1989-10-16,32.599998474121094,
08JA013,1989-11-16,35.0,
08JA013,1989-12-16,35.20000076293945,
08JA013,1990-01-16,35.29999923706055,
08JA013,1990-02-16,34.900001525878906,
08JA013,1990-03-16,34.099998474121094,
08JA013,1990-04-16,254.0,
08JA013,1990-05-16,49.59999847412109,
08JA013,1990-06-16,49.79999923706055,
08JA013,1990-07-16,227.0,
08JA013,1990-08-16,100.0,
08JA013,1990-09-16,30.899999618530277,
08JA013,1990-10-16,33.5,
08JA013,1990-11-16,33.400001525878906,
08JA013,1990-12-16,32.79999923706055,
08JA013,1991-01-16,32.29999923706055,
08JA013,1991-02-16,32.0,
08JA013,1991-03-16,50.70000076293945,
08JA013,1991-04-16,83.80000305175781,
08JA013,1991-05-16,49.20000076293945,
08JA013,1991-06-16,48.79999923706055,
08JA013,1991-07-16,227.0,
08JA013,1991-08-16,283.0,
08JA013,1991-09-16,31.0,
08JA013,1991-10-16,32.79999923706055,
08JA013,1991-11-16,32.599998474121094,
08JA013,1991-12-16,32.29999923706055,
08JA013,1992-01-16,32.0,
08JA013,1992-02-16,31.600000381469727,
08JA013,1992-03-16,31.399999618530277,
08JA013,1992-04-16,31.5,
08JA013,1992-05-16,50.0,
08JA013,1992-06-16,50.70000076293945,
08JA013,1992-07-16,280.0,
08JA013,1992-08-16,14.199999809265137,
08JA013,1992-09-16,32.599998474121094,
08JA013,1992-10-16,33.0,
08JA013,1992-11-16,33.400001525878906,
08JA013,1992-12-16,33.099998474121094,
08JA013,1993-01-16,32.5,
08JA013,1993-02-16,33.0,
08JA013,1993-03-16,32.5,
08JA013,1993-04-16,32.79999923706055,
08JA013,1993-05-16,49.09999847412109,
08JA013,1993-06-16,49.0,
08JA013,1993-07-16,226.0,
08JA013,1993-08-16,155.0,
08JA013,1993-09-16,32.29999923706055,
08JA013,1993-10-16,32.599998474121094,
08JA013,1993-11-16,33.70000076293945,
08JA013,1993-12-16,33.400001525878906,
08JA013,1994-01-16,33.0,
08JA013,1994-02-16,32.5,
08JA013,1994-03-16,32.099998474121094,
08JA013,1994-04-16,49.59999847412109,
08JA013,1994-05-16,49.29999923706055,
08JA013,1994-06-16,49.900001525878906,
08JA013,1994-07-16,453.0,
08JA013,1994-08-16,92.0,
08JA013,1994-09-16,31.399999618530277,
08JA013,1994-10-16,31.299999237060547,
08JA013,1994-11-16,31.100000381469727,
08JA013,1994-12-16,40.5,
08JA013,1995-01-16,36.29999923706055,
08JA013,1995-02-16,35.5,
08JA013,1995-03-16,41.59999847412109,
08JA013,1995-04-16,40.70000076293945,
08JA013,1995-05-16,50.20000076293945,
08JA013,1995-06-16,49.09999847412109,
08JA013,1995-07-16,302.0,
08JA013,1995-08-16,118.0,
08JA013,1995-09-16,32.0,
08JA013,1995-10-16,32.5,
08JA013,1995-11-16,35.0,
08JA013,1995-12-16,34.400001525878906,
08JA013,1996-01-16,34.20000076293945,
08JA013,1996-02-16,33.79999923706055,
08JA013,1996-03-16,33.20000076293945,
08JA013,1996-04-16,33.20000076293945,
08JA013,1996-05-16,50.70000076293945,
08JA013,1996-06-16,54.900001525878906,
08JA013,1996-07-16,255.0,
08JA013,1996-08-16,170.0,
08JA013,1996-09-16,57.0,
08JA013,1996-10-16,226.0,
08JA013,1996-11-16,61.0,
08JA013,1996-12-16,60.29999923706055,
08JA013,1997-01-16,59.29999923706055,
08JA013,1997-02-16,58.20000076293945,
08JA013,1997-03-16,57.09999847412109,
08JA013,1997-04-16,56.5,
08JA013,1997-05-16,122.0,
08JA013,1997-06-16,286.0,
08JA013,1997-07-16,341.0,
08JA013,1997-08-16,328.0,
08JA013,1997-09-16,86.30000305175781,
08JA013,1997-10-16,85.5999984741211,
08JA013,1997-11-16,57.09999847412109,
08JA013,1997-12-16,56.29999923706055,
08JA013,1998-01-16,55.20000076293945,
08JA013,1998-02-16,53.900001525878906,
08JA013,1998-03-16,52.5,
08JA013,1998-04-16,51.09999847412109,
08JA013,1998-05-16,52.70000076293945,
08JA013,1998-06-16,53.70000076293945,
08JA013,1998-07-16,452.0,
08JA013,1998-08-16,171.0,
08JA013,1998-09-16,29.299999237060547,
08JA013,1998-10-16,30.100000381469727,
08JA013,1998-11-16,29.799999237060547,
08JA013,1998-12-16,30.200000762939453,
08JA013,1999-01-16,29.799999237060547,
08JA013,1999-02-16,29.399999618530277,
08JA013,1999-03-16,29.799999237060547,
08JA013,1999-04-16,29.200000762939453,
08JA013,1999-05-16,49.59999847412109,
08JA013,1999-06-16,48.79999923706055,
08JA013,1999-07-16,227.0,
08JA013,1999-08-16,170.0,
08JA013,1999-09-16,33.0,
08JA013,1999-10-16,33.599998474121094,
08JA013,1999-11-16,33.20000076293945,
08JA013,1999-12-16,32.70000076293945,
08JA013,2000-01-16,32.900001525878906,
08JA013,2000-02-16,33.099998474121094,
08JA013,2000-03-16,33.099998474121094,
08JA013,2000-04-16,32.29999923706055,
08JA013,2000-05-16,227.0,
08JA013,2000-06-16,48.900001525878906,
08JA013,2000-07-16,227.0,
08JA013,2000-08-16,170.0,
08JA013,2000-09-16,32.900001525878906,
08JA013,2000-10-16,32.5,
08JA013,2000-11-16,32.099998474121094,
08JA013,2000-12-16,32.70000076293945,
08JA013,2001-01-16,32.400001525878906,
08JA013,2001-02-16,32.900001525878906,
08JA013,2001-03-16,32.29999923706055,
08JA013,2001-04-16,32.599998474121094,
08JA013,2001-05-16,52.5,
08JA013,2001-06-16,52.20000076293945,
08JA013,2001-07-16,255.0,
08JA013,2001-08-16,205.0,
08JA013,2001-09-16,30.0,
08JA013,2001-10-16,30.0,
08JA013,2001-11-16,30.0,
08JA013,2001-12-16,30.0,
08JA013,2002-01-16,31.700000762939453,
08JA013,2002-02-16,31.200000762939453,
08JA013,2002-03-16,30.700000762939453,
08JA013,2002-04-16,30.200000762939453,
08JA013,2002-05-16,55.0,
08JA013,2002-06-16,53.70000076293945,
08JA013,2002-07-16,227.0,
08JA013,2002-08-16,227.0,
08JA013,2002-09-16,30.0,
08JA013,2002-10-16,30.0,
08JA013,2002-11-16,85.0,
08JA013,2002-12-16,85.0,
08JA013,2003-01-16,31.399999618530277,
08JA013,2003-02-16,31.0,
08JA013,2003-03-16,30.399999618530277,
08JA013,2003-04-16,30.0,
08JA013,2003-05-16,48.70000076293945,
08JA013,2003-06-16,49.900001525878906,
08JA013,2003-07-16,307.0,
08JA013,2003-08-16,101.0,
08JA013,2003-09-16,33.0,
08JA013,2003-10-16,32.70000076293945,
08JA013,2003-11-16,32.900001525878906,
08JA013,2003-12-16,32.400001525878906,
08JA013,2004-01-16,32.70000076293945,
08JA013,2004-02-16,32.099998474121094,
08JA013,2004-03-16,33.400001525878906,
08JA013,2004-04-16,33.0,
08JA013,2004-05-16,53.5,
08JA013,2004-06-16,53.29999923706055,
08JA013,2004-07-16,452.0,
08JA013,2004-08-16,256.0,
08JA013,2004-09-16,30.299999237060547,
08JA013,2004-10-16,29.799999237060547,
08JA013,2004-11-16,30.600000381469727,
08JA013,2004-12-16,31.0,
08JA013,2005-01-16,31.100000381469727,
08JA013,2005-02-16,31.399999618530277,
08JA013,2005-03-16,31.5,
08JA013,2005-04-16,44.59999847412109,
08JA013,2005-05-16,161.0,
08JA013,2005-06-16,236.0,
08JA013,2005-07-16,210.0,
08JA013,2005-08-16,169.0,
08JA013,2005-09-16,32.29999923706055,
08JA013,2005-10-16,85.69999694824219,
08JA013,2005-11-16,86.5,
08JA013,2005-12-16,85.9000015258789,
08JA013,2006-01-16,84.5999984741211,
08JA013,2006-02-16,33.20000076293945,
08JA013,2006-03-16,32.599998474121094,
08JA013,2006-04-16,31.899999618530277,
08JA013,2006-05-16,49.59999847412109,
08JA013,2006-06-16,49.59999847412109,
08JA013,2006-07-16,228.0,
08JA013,2006-08-16,170.0,
08JA013,2006-09-16,31.600000381469727,
08JA013,2006-10-16,32.099998474121094,
08JA013,2006-11-16,33.29999923706055,
08JA013,2006-12-16,33.20000076293945,
08JA013,2007-01-16,33.099998474121094,
08JA013,2007-02-16,32.79999923706055,
08JA013,2007-03-16,42.29999923706055,
08JA013,2007-04-16,317.0,
08JA013,2007-05-16,175.0,
08JA013,2007-06-16,420.0,
08JA013,2007-07-16,582.0,
08JA013,2007-08-16,362.0,
08JA013,2007-09-16,64.5999984741211,
08JA013,2007-10-16,64.19999694824219,
08JA013,2007-11-16,14.5,
08JA013,2007-12-16,83.69999694824219,
08JA013,2008-01-16,82.19999694824219,
08JA013,2008-02-16,80.0,
08JA013,2008-03-16,33.400001525878906,
08JA013,2008-04-16,32.70000076293945,
08JA013,2008-05-16,49.400001525878906,
08JA013,2008-06-16,49.20000076293945,
08JA013,2008-07-16,242.0,
08JA013,2008-08-16,403.0,
08JA013,2008-09-16,33.0,
08JA013,2008-10-16,32.5,
08JA013,2008-11-16,33.400001525878906,
08JA013,2008-12-16,35.599998474121094,
08JA013,2009-01-16,35.099998474121094,
08JA013,2009-02-16,34.5,
08JA013,2009-03-16,33.79999923706055,
08JA013,2009-04-16,33.0,
08JA013,2009-05-16,49.79999923706055,
08JA013,2009-06-16,49.400001525878906,
08JA013,2009-07-16,227.0,
08JA013,2009-08-16,170.0,
08JA013,2009-09-16,32.20000076293945,
08JA013,2009-10-16,33.79999923706055,
08JA013,2009-11-16,34.0,
08JA013,2009-12-16,33.70000076293945,
08JA013,2010-01-16,33.20000076293945,
08JA013,2010-02-16,32.599998474121094,
08JA013,2010-03-16,32.79999923706055,
08JA013,2010-04-16,31.299999237060547,
08JA013,2010-05-16,49.400001525878906,
08JA013,2010-06-16,49.70000076293945,
08JA013,2010-07-16,226.0,
08JA013,2010-08-16,283.0,
08JA013,2010-09-16,32.5,
08JA013,2010-10-16,33.599998474121094,
08JA013,2010-11-16,74.69999694824219,
08JA013,2010-12-16,74.0,
08JA013,2011-01-16,33.79999923706055,
08JA013,2011-02-16,33.400001525878906,
08JA013,2011-03-16,32.900001525878906,
08JA013,2011-04-16,32.20000076293945,
08JA013,2011-05-16,80.69999694824219,
08JA013,2011-06-16,324.0,
08JA013,2011-07-16,325.0,
08JA013,2011-08-16,332.0,
08JA013,2011-09-16,65.0,
08JA013,2011-10-16,396.0,
08JA013,2011-11-16,59.79999923706055,
08JA013,2011-12-16,59.5,
08JA013,2012-01-16,80.0,
08JA013,2012-02-16,99.5,
08JA013,2012-03-16,122.0,
08JA013,2012-04-16,117.0,
08JA013,2012-05-16,225.0,
08JA013,2012-06-16,235.0,
08JA013,2012-07-16,284.0,
08JA013,2012-08-16,291.0,
08JA013,2012-09-16,64.30000305175781,
08JA013,2012-10-16,63.5,
08JA013,2012-11-16,39.29999923706055,
08JA013,2012-12-16,38.59999847412109,
08JA013,2013-01-16,31.700000762939453,
08JA013,2013-02-16,30.899999618530277,
08JA013,2013-03-16,30.299999237060547,
08JA013,2013-04-16,31.5,
08JA013,2013-05-16,50.70000076293945,
08JA013,2013-06-16,49.400001525878906,
08JA013,2013-07-16,292.0,
08JA013,2013-08-16,58.5,
08JA013,2013-09-16,31.700000762939453,
08JA013,2013-10-16,31.200000762939453,
08JA013,2013-11-16,34.70000076293945,
08JA013,2013-12-16,33.900001525878906,
08JA013,2014-01-16,33.5,
08JA013,2014-02-16,32.79999923706055,
08JA013,2014-03-16,32.20000076293945,
08JA013,2014-04-16,34.5,
08JA013,2014-05-16,49.400001525878906,
08JA013,2014-06-16,48.400001525878906,
08JA013,2014-07-16,223.0,
08JA013,2014-08-16,14.399999618530272,
08JA013,2014-09-16,31.600000381469727,
08JA013,2014-10-16,33.5,
08JA013,2014-11-16,34.29999923706055,
08JA013,2014-12-16,34.29999923706055,
08JA013,2015-01-16,34.20000076293945,
08JA013,2015-02-16,45.20000076293945,
08JA013,2015-03-16,45.400001525878906,
08JA013,2015-04-16,186.0,
08JA013,2015-05-16,276.0,
08JA013,2015-06-16,509.0,
08JA013,2015-07-16,274.0,
08JA013,2015-08-16,198.0,
08JA013,2015-09-16,32.29999923706055,
08JA013,2015-10-16,32.20000076293945,
08JA013,2015-11-16,30.799999237060547,
08JA013,2015-12-16,30.399999618530277,
08JA013,2016-01-16,29.700000762939453,
08JA013,2016-02-16,29.200000762939453,
08JA013,2016-03-16,29.200000762939453,
08JA013,2016-04-16,48.900001525878906,
08JA013,2016-05-16,49.09999847412109,
08JA013,2016-06-16,45.29999923706055,
08JA013,2016-07-16,368.0,
08JA013,2016-08-16,452.0,
08JA013,2016-09-16,31.100000381469727,
08JA013,2016-10-16,31.899999618530277,
08JA013,2016-11-16,32.599998474121094,
08JA013,2016-12-16,31.399999618530277,
08JA013,2017-01-16,31.0,
08JA013,2017-02-16,30.600000381469727,
08JA013,2017-03-16,32.29999923706055,
08JA013,2017-04-16,31.899999618530277,
08JA013,2017-05-16,199.0,
08JA013,2017-06-16,207.0,
08JA013,2017-07-16,228.0,
08JA013,2017-08-16,124.0,
08JA013,2017-09-16,31.700000762939453,
08JA013,2017-10-16,32.400001525878906,
08JA013,2017-11-16,65.5,
08JA013,2017-12-16,79.19999694824219,
08JA013,2018-01-16,77.30000305175781,
08JA013,2018-02-16,35.79999923706055,
08JA013,2018-03-16,49.70000076293945,
08JA013,2018-04-16,84.30000305175781,
08JA013,2018-05-16,48.20000076293945,
08JA013,2018-06-16,185.0,
08JA013,2018-07-16,225.0,
08JA013,2018-08-16,27.0,
08JA013,2018-09-16,32.900001525878906,
08JA013,2018-10-16,28.0,
08JA013,2018-11-16,32.79999923706055,
08JA013,2018-12-16,32.400001525878906,
08JA013,2019-01-16,31.899999618530277,
08JA013,2019-02-16,31.200000762939453,
08JA013,2019-03-16,30.399999618530277,
08JA013,2019-04-16,31.899999618530277,
08JA013,2019-05-16,50.5,
08JA013,2019-06-16,48.20000076293945,
08JA013,2019-07-16,226.0,
08JA013,2019-08-16,14.5,
08JA013,2019-09-16,32.0,
08JA013,2019-10-16,31.700000762939453,
08JA013,2019-11-16,31.799999237060547,
08JA013,2019-12-16,32.0,
08JA013,2020-01-16,31.799999237060547,
08JA013,2020-02-16,31.600000381469727,
08JA013,2020-03-16,33.0,
08JA013,2020-04-16,34.099998474121094,
08JA013,2020-05-16,49.70000076293945,
08JA013,2020-06-16,48.09999847412109,
08JA013,2020-07-16,226.0,
08JA013,2020-08-16,112.0,
08JA013,2020-09-16,32.29999923706055,
08JA013,2020-10-16,35.79999923706055,
08JA013,2020-11-16,61.79999923706055,
08JA013,2020-12-16,85.0,
08JA013,2021-01-16,84.0999984741211,
08JA013,2021-02-16,83.0999984741211,
08JA013,2021-03-16,84.0,
08JA013,2021-04-16,199.0,
08JA013,2021-05-16,200.0,
08JA013,2021-06-16,202.0,
08JA013,2021-07-16,252.0,
08JA013,2021-08-16,277.0,
08JA013,2021-09-16,78.80000305175781,
08JA013,2021-10-16,300.0,
08JA013,2021-11-16,40.29999923706055,
08JA013,2021-12-16,40.20000076293945,
08JA013,2022-01-16,40.0,
08JA013,2022-02-16,39.59999847412109,
08JA013,2022-03-16,41.5,
08JA013,2022-04-16,41.400001525878906,
08JA013,2022-05-16,88.19999694824219,
08JA013,2022-06-16,287.0,
08JA013,2022-07-16,391.0,
08JA013,2022-08-16,282.0,
08JA013,2022-09-16,58.79999923706055,
08JA013,2022-10-16,60.09999847412109,
08JA013,2022-11-16,38.70000076293945,
08JA013,2022-12-16,33.599998474121094,
08JA013,2023-01-16,33.0,
08JA013,2023-02-16,32.5,
08JA013,2023-03-16,31.899999618530277,
08JA013,2023-04-16,33.29999923706055,
08JA013,2023-05-16,49.59999847412109,
08JA013,2023-06-16,50.400001525878906,
08JA013,2023-07-16,213.0,
08JA013,2023-08-16,169.0,
08JA013,2023-09-16,32.900001525878906,
08JA013,2023-10-16,32.79999923706055,
08JA013,2023-11-16,32.5,
08JA013,2023-12-16,32.099998474121094,
08JA013,2024-01-16,31.700000762939453,
08JA013,2024-02-16,33.099998474121094,
08JA013,2024-03-16,32.5,
08JA013,2024-04-16,32.0,
08JA013,2024-05-16,49.59999847412109,
08JA013,2024-06-16,51.5,
08JA013,2024-07-16,247.0,
08JA013,2024-08-16,169.0,
08JA013,2024-09-16,31.600000381469727,
08JA013,2024-10-16,32.0,
08JA013,2024-11-16,32.099998474121094,
08JA013,2024-12-16,32.099998474121094,
08JA013,2025-01-16,32.099998474121094,
08JA013,2025-02-16,31.5,
08JA013,2025-03-16,31.100000381469727,
08JA013,2025-04-16,30.799999237060547,
08JA013,2025-05-16,92.0999984741211,
08JA013,2025-06-16,32.599998474121094,
08JA013,2025-07-16,321.0,
08JA013,2025-08-16,131.0,
08JA013,2025-09-16,31.399999618530277,
08JA013,2025-10-16,31.200000762939453,
08JA013,2025-11-16,31.5,
08JA013,2025-12-16,31.899999618530277,
08JA013,1955-06-17,,
08JA013,1955-11-17,25.5,
08JA013,1956-01-17,7.079999923706055,
08JA013,1956-02-17,5.659999847412109,
08JA013,1956-03-17,5.659999847412109,
08JA013,1956-04-17,5.659999847412109,
08JA013,1956-05-17,5.659999847412109,
08JA013,1956-06-17,0.0,
08JA013,1956-07-17,0.0,
08JA013,1956-08-17,2.8299999237060547,
08JA013,1956-09-17,0.0,
08JA013,1956-10-17,0.0,
08JA013,1956-11-17,0.0,
08JA013,1956-12-17,0.0,
08JA013,1957-01-17,234.0,
08JA013,1957-02-17,261.0,
08JA013,1957-03-17,259.0,
08JA013,1957-04-17,0.0,
08JA013,1957-05-17,266.0,
08JA013,1957-06-17,217.0,
08JA013,1957-07-17,0.0,
08JA013,1957-08-17,323.0,
08JA013,1957-09-17,79.30000305175781,
08JA013,1957-10-17,155.0,
08JA013,1957-11-17,200.0,
08JA013,1957-12-17,245.0,
08JA013,1958-01-17,331.0,
08JA013,1958-02-17,177.0,
08JA013,1958-03-17,331.0,
08JA013,1958-04-17,331.0,
08JA013,1958-05-17,0.0,
08JA013,1958-06-17,211.0,
08JA013,1958-07-17,306.0,
08JA013,1958-08-17,294.0,
08JA013,1958-09-17,385.0,
08JA013,1958-10-17,334.0,
08JA013,1958-11-17,314.0,
08JA013,1958-12-17,126.0,
08JA013,1959-01-17,124.0,
08JA013,1959-02-17,65.0999984741211,
08JA013,1959-03-17,63.400001525878906,
08JA013,1959-04-17,63.400001525878906,
08JA013,1959-05-17,154.0,
08JA013,1959-06-17,0.0,
08JA013,1959-07-17,309.0,
08JA013,1959-08-17,328.0,
08JA013,1959-09-17,371.0,
08JA013,1959-10-17,399.0,
08JA013,1959-11-17,143.0,
08JA013,1959-12-17,280.0,
08JA013,1960-01-17,68.80000305175781,
08JA013,1960-02-17,120.0,
08JA013,1960-03-17,126.0,
08JA013,1960-04-17,226.0,
08JA013,1960-05-17,368.0,
08JA013,1960-06-17,161.0,
08JA013,1960-07-17,172.0,
08JA013,1960-08-17,265.0,
08JA013,1960-09-17,264.0,
08JA013,1960-10-17,88.5999984741211,
08JA013,1960-11-17,187.0,
08JA013,1960-12-17,111.0,
08JA013,1961-01-17,59.70000076293945,
08JA013,1961-02-17,32.79999923706055,
08JA013,1961-03-17,42.5,
08JA013,1961-04-17,59.5,
08JA013,1961-05-17,230.0,
08JA013,1961-06-17,274.0,
08JA013,1961-07-17,362.0,
08JA013,1961-08-17,303.0,
08JA013,1961-09-17,481.0,
08JA013,1961-10-17,17.0,
08JA013,1961-11-17,30.600000381469727,
08JA013,1961-12-17,29.700000762939453,
08JA013,1962-01-17,30.0,
08JA013,1962-02-17,30.600000381469727,
08JA013,1962-03-17,30.600000381469727,
08JA013,1962-04-17,30.600000381469727,
08JA013,1962-05-17,182.0,
08JA013,1962-06-17,193.0,
08JA013,1962-07-17,261.0,
08JA013,1962-08-17,231.0,
08JA013,1962-09-17,227.0,
08JA013,1962-10-17,222.0,
08JA013,1962-11-17,221.0,
08JA013,1962-12-17,46.400001525878906,
08JA013,1963-01-17,46.70000076293945,
08JA013,1963-02-17,46.70000076293945,
08JA013,1963-03-17,46.400001525878906,
08JA013,1963-04-17,46.20000076293945,
08JA013,1963-05-17,334.0,
08JA013,1963-06-17,337.0,
08JA013,1963-07-17,192.0,
08JA013,1963-08-17,199.0,
08JA013,1963-09-17,194.0,
08JA013,1963-10-17,193.0,
08JA013,1963-11-17,171.0,
08JA013,1963-12-17,42.20000076293945,
08JA013,1964-01-17,42.79999923706055,
08JA013,1964-02-17,43.0,
08JA013,1964-03-17,42.5,
08JA013,1964-04-17,41.59999847412109,
08JA013,1964-05-17,413.0,
08JA013,1964-06-17,416.0,
08JA013,1964-07-17,311.0,
08JA013,1964-08-17,201.0,
08JA013,1964-09-17,199.0,
08JA013,1964-10-17,198.0,
08JA013,1964-11-17,195.0,
08JA013,1964-12-17,70.80000305175781,
08JA013,1965-01-17,69.9000015258789,
08JA013,1965-02-17,69.0999984741211,
08JA013,1965-03-17,68.0,
08JA013,1965-04-17,67.0999984741211,
08JA013,1965-05-17,192.0,
08JA013,1965-06-17,199.0,
08JA013,1965-07-17,203.0,
08JA013,1965-08-17,202.0,
08JA013,1965-09-17,137.0,
08JA013,1965-10-17,88.9000015258789,
08JA013,1965-11-17,45.900001525878906,
08JA013,1965-12-17,46.20000076293945,
08JA013,1966-01-17,46.20000076293945,
08JA013,1966-02-17,45.900001525878906,
08JA013,1966-03-17,45.29999923706055,
08JA013,1966-04-17,45.29999923706055,
08JA013,1966-05-17,224.0,
08JA013,1966-06-17,230.0,
08JA013,1966-07-17,0.0,
08JA013,1966-08-17,34.79999923706055,
08JA013,1966-09-17,340.0,
08JA013,1966-10-17,292.0,
08JA013,1966-11-17,88.30000305175781,
08JA013,1966-12-17,88.0999984741211,
08JA013,1967-01-17,87.19999694824219,
08JA013,1967-02-17,85.80000305175781,
08JA013,1967-03-17,84.4000015258789,
08JA013,1967-04-17,163.0,
08JA013,1967-05-17,269.0,
08JA013,1967-06-17,32.599998474121094,
08JA013,1967-07-17,98.8000030517578,
08JA013,1967-08-17,229.0,
08JA013,1967-09-17,87.80000305175781,
08JA013,1967-10-17,149.0,
08JA013,1967-11-17,94.9000015258789,
08JA013,1967-12-17,60.29999923706055,
08JA013,1968-01-17,60.29999923706055,
08JA013,1968-02-17,60.59999847412109,
08JA013,1968-03-17,60.29999923706055,
08JA013,1968-04-17,59.70000076293945,
08JA013,1968-05-17,229.0,
08JA013,1968-06-17,286.0,
08JA013,1968-07-17,348.0,
08JA013,1968-08-17,191.0,
08JA013,1968-09-17,242.0,
08JA013,1968-10-17,236.0,
08JA013,1968-11-17,91.5,
08JA013,1968-12-17,91.6999969482422,
08JA013,1969-01-17,89.80000305175781,
08JA013,1969-02-17,88.0999984741211,
08JA013,1969-03-17,85.80000305175781,
08JA013,1969-04-17,83.80000305175781,
08JA013,1969-05-17,84.69999694824219,
08JA013,1969-06-17,238.0,
08JA013,1969-07-17,34.79999923706055,
08JA013,1969-08-17,159.0,
08JA013,1969-09-17,156.0,
08JA013,1969-10-17,153.0,
08JA013,1969-11-17,75.9000015258789,
08JA013,1969-12-17,75.9000015258789,
08JA013,1970-01-17,75.0,
08JA013,1970-02-17,73.30000305175781,
08JA013,1970-03-17,71.9000015258789,
08JA013,1970-04-17,44.70000076293945,
08JA013,1970-05-17,44.5,
08JA013,1970-06-17,47.0,
08JA013,1970-07-17,47.900001525878906,
08JA013,1970-08-17,90.9000015258789,
08JA013,1970-09-17,117.0,
08JA013,1970-10-17,116.0,
08JA013,1970-11-17,61.400001525878906,
08JA013,1970-12-17,60.59999847412109,
08JA013,1971-01-17,59.5,
08JA013,1971-02-17,58.59999847412109,
08JA013,1971-03-17,57.79999923706055,
08JA013,1971-04-17,56.59999847412109,
08JA013,1971-05-17,268.0,
08JA013,1971-06-17,61.20000076293945,
08JA013,1971-07-17,64.80000305175781,
08JA013,1971-08-17,174.0,
08JA013,1971-09-17,172.0,
08JA013,1971-10-17,211.0,
08JA013,1971-11-17,75.9000015258789,
08JA013,1971-12-17,75.5999984741211,
08JA013,1972-01-17,74.5,
08JA013,1972-02-17,72.80000305175781,
08JA013,1972-03-17,71.5999984741211,
08JA013,1972-04-17,351.0,
08JA013,1972-05-17,0.0,
08JA013,1972-06-17,0.0,
08JA013,1972-07-17,428.0,
08JA013,1972-08-17,286.0,
08JA013,1972-09-17,224.0,
08JA013,1972-10-17,215.0,
08JA013,1972-11-17,73.5999984741211,
08JA013,1972-12-17,72.19999694824219,
08JA013,1973-01-17,71.0999984741211,
08JA013,1973-02-17,69.9000015258789,
08JA013,1973-03-17,68.19999694824219,
08JA013,1973-04-17,66.30000305175781,
08JA013,1973-05-17,42.79999923706055,
08JA013,1973-06-17,46.20000076293945,
08JA013,1973-07-17,175.0,
08JA013,1973-08-17,84.4000015258789,
08JA013,1973-09-17,33.400001525878906,
08JA013,1973-10-17,33.400001525878906,
08JA013,1973-11-17,49.79999923706055,
08JA013,1973-12-17,49.29999923706055,
08JA013,1974-01-17,48.400001525878906,
08JA013,1974-02-17,47.59999847412109,
08JA013,1974-03-17,46.70000076293945,
08JA013,1974-04-17,253.0,
08JA013,1974-05-17,0.0,
08JA013,1974-06-17,0.0,
08JA013,1974-07-17,227.0,
08JA013,1974-08-17,15.100000381469728,
08JA013,1974-09-17,25.799999237060547,
08JA013,1974-10-17,200.0,
08JA013,1974-11-17,77.5999984741211,
08JA013,1974-12-17,72.5,
08JA013,1975-01-17,75.5999984741211,
08JA013,1975-02-17,74.19999694824219,
08JA013,1975-03-17,73.0999984741211,
08JA013,1975-04-17,71.9000015258789,
08JA013,1975-05-17,88.5999984741211,
08JA013,1975-06-17,93.1999969482422,
08JA013,1975-07-17,90.5999984741211,
08JA013,1975-08-17,200.0,
08JA013,1975-09-17,97.4000015258789,
08JA013,1975-10-17,230.0,
08JA013,1975-11-17,176.0,
08JA013,1975-12-17,86.4000015258789,
08JA013,1976-01-17,85.5,
08JA013,1976-02-17,84.69999694824219,
08JA013,1976-03-17,83.0,
08JA013,1976-04-17,345.0,
08JA013,1976-05-17,147.0,
08JA013,1976-06-17,365.0,
08JA013,1976-07-17,436.0,
08JA013,1976-08-17,439.0,
08JA013,1976-09-17,227.0,
08JA013,1976-10-17,283.0,
08JA013,1976-11-17,279.0,
08JA013,1976-12-17,176.0,
08JA013,1977-01-17,172.0,
08JA013,1977-02-17,168.0,
08JA013,1977-03-17,163.0,
08JA013,1977-04-17,0.0,
08JA013,1977-05-17,0.0,
08JA013,1977-06-17,198.0,
08JA013,1977-07-17,328.0,
08JA013,1977-08-17,104.0,
08JA013,1977-09-17,28.899999618530277,
08JA013,1977-10-17,51.5,
08JA013,1977-11-17,51.79999923706055,
08JA013,1977-12-17,51.29999923706055,
08JA013,1978-01-17,50.400001525878906,
08JA013,1978-02-17,54.70000076293945,
08JA013,1978-03-17,52.70000076293945,
08JA013,1978-04-17,51.29999923706055,
08JA013,1978-05-17,52.09999847412109,
08JA013,1978-06-17,38.79999923706055,
08JA013,1978-07-17,36.0,
08JA013,1978-08-17,34.29999923706055,
08JA013,1978-09-17,34.0,
08JA013,1978-10-17,33.400001525878906,
08JA013,1978-11-17,36.79999923706055,
08JA013,1978-12-17,34.79999923706055,
08JA013,1979-01-17,32.70000076293945,
08JA013,1979-02-17,31.700000762939453,
08JA013,1979-03-17,30.700000762939453,
08JA013,1979-04-17,29.899999618530277,
08JA013,1979-05-17,31.600000381469727,
08JA013,1979-06-17,33.70000076293945,
08JA013,1979-07-17,81.0,
08JA013,1979-08-17,34.0,
08JA013,1979-09-17,33.599998474121094,
08JA013,1979-10-17,33.29999923706055,
08JA013,1979-11-17,20.799999237060547,
08JA013,1979-12-17,12.5,
08JA013,1980-01-17,13.399999618530272,
08JA013,1980-02-17,15.600000381469728,
08JA013,1980-03-17,15.0,
08JA013,1980-04-17,15.0,
08JA013,1980-05-17,15.300000190734863,
08JA013,1980-06-17,11.899999618530272,
08JA013,1980-07-17,22.600000381469727,
08JA013,1980-08-17,14.199999809265137,
08JA013,1980-09-17,32.29999923706055,
08JA013,1980-10-17,32.5,
08JA013,1980-11-17,32.599998474121094,
08JA013,1980-12-17,32.70000076293945,
08JA013,1981-01-17,33.0,
08JA013,1981-02-17,32.79999923706055,
08JA013,1981-03-17,32.599998474121094,
08JA013,1981-04-17,57.09999847412109,
08JA013,1981-05-17,57.29999923706055,
08JA013,1981-06-17,61.59999847412109,
08JA013,1981-07-17,56.59999847412109,
08JA013,1981-08-17,283.0,
08JA013,1981-09-17,30.899999618530277,
08JA013,1981-10-17,25.5,
08JA013,1981-11-17,32.5,
08JA013,1981-12-17,32.400001525878906,
08JA013,1982-01-17,32.099998474121094,
08JA013,1982-02-17,31.799999237060547,
08JA013,1982-03-17,31.100000381469727,
08JA013,1982-04-17,55.5,
08JA013,1982-05-17,9.300000190734863,
08JA013,1982-06-17,58.0,
08JA013,1982-07-17,165.0,
08JA013,1982-08-17,14.100000381469728,
08JA013,1982-09-17,31.100000381469727,
08JA013,1982-10-17,31.100000381469727,
08JA013,1982-11-17,31.100000381469727,
08JA013,1982-12-17,31.100000381469727,
08JA013,1983-01-17,31.100000381469727,
08JA013,1983-02-17,31.100000381469727,
08JA013,1983-03-17,31.100000381469727,
08JA013,1983-04-17,49.59999847412109,
08JA013,1983-05-17,49.59999847412109,
08JA013,1983-06-17,56.09999847412109,
08JA013,1983-07-17,340.0,
08JA013,1983-08-17,55.20000076293945,
08JA013,1983-09-17,31.100000381469727,
08JA013,1983-10-17,30.700000762939453,
08JA013,1983-11-17,31.100000381469727,
08JA013,1983-12-17,31.0,
08JA013,1984-01-17,30.600000381469727,
08JA013,1984-02-17,30.399999618530277,
08JA013,1984-03-17,30.200000762939453,
08JA013,1984-04-17,53.5,
08JA013,1984-05-17,54.20000076293945,
08JA013,1984-06-17,53.900001525878906,
08JA013,1984-07-17,301.0,
08JA013,1984-08-17,14.199999809265137,
08JA013,1984-09-17,30.899999618530277,
08JA013,1984-10-17,31.299999237060547,
08JA013,1984-11-17,31.100000381469727,
08JA013,1984-12-17,31.100000381469727,
08JA013,1985-01-17,30.899999618530277,
08JA013,1985-02-17,30.399999618530277,
08JA013,1985-03-17,30.299999237060547,
08JA013,1985-04-17,58.0,
08JA013,1985-05-17,53.79999923706055,
08JA013,1985-06-17,58.59999847412109,
08JA013,1985-07-17,280.0,
08JA013,1985-08-17,163.0,
08JA013,1985-09-17,63.400001525878906,
08JA013,1985-10-17,60.29999923706055,
08JA013,1985-11-17,33.400001525878906,
08JA013,1985-12-17,32.29999923706055,
08JA013,1986-01-17,33.79999923706055,
08JA013,1986-02-17,32.79999923706055,
08JA013,1986-03-17,32.400001525878906,
08JA013,1986-04-17,59.900001525878906,
08JA013,1986-05-17,49.0,
08JA013,1986-06-17,57.5,
08JA013,1986-07-17,227.0,
08JA013,1986-08-17,133.0,
08JA013,1986-09-17,28.299999237060547,
08JA013,1986-10-17,14.199999809265137,
08JA013,1986-11-17,32.79999923706055,
08JA013,1986-12-17,36.20000076293945,
08JA013,1987-01-17,36.09999847412109,
08JA013,1987-02-17,23.299999237060547,
08JA013,1987-03-17,34.099998474121094,
08JA013,1987-04-17,58.0,
08JA013,1987-05-17,53.900001525878906,
08JA013,1987-06-17,58.0,
08JA013,1987-07-17,396.0,
08JA013,1987-08-17,103.0,
08JA013,1987-09-17,56.59999847412109,
08JA013,1987-10-17,31.100000381469727,
08JA013,1987-11-17,34.0,
08JA013,1987-12-17,35.099998474121094,
08JA013,1988-01-17,34.0,
08JA013,1988-02-17,33.099998474121094,
08JA013,1988-03-17,32.29999923706055,
08JA013,1988-04-17,55.09999847412109,
08JA013,1988-05-17,48.5,
08JA013,1988-06-17,48.79999923706055,
08JA013,1988-07-17,226.0,
08JA013,1988-08-17,29.700000762939453,
08JA013,1988-09-17,29.899999618530277,
08JA013,1988-10-17,30.0,
08JA013,1988-11-17,30.600000381469727,
08JA013,1988-12-17,30.799999237060547,
08JA013,1989-01-17,30.399999618530277,
08JA013,1989-02-17,29.799999237060547,
08JA013,1989-03-17,29.399999618530277,
08JA013,1989-04-17,63.70000076293945,
08JA013,1989-05-17,47.900001525878906,
08JA013,1989-06-17,46.09999847412109,
08JA013,1989-07-17,252.0,
08JA013,1989-08-17,261.0,
08JA013,1989-09-17,32.599998474121094,
08JA013,1989-10-17,32.599998474121094,
08JA013,1989-11-17,35.0,
08JA013,1989-12-17,35.099998474121094,
08JA013,1990-01-17,35.29999923706055,
08JA013,1990-02-17,34.900001525878906,
08JA013,1990-03-17,34.0,
08JA013,1990-04-17,253.0,
08JA013,1990-05-17,49.59999847412109,
08JA013,1990-06-17,49.79999923706055,
08JA013,1990-07-17,227.0,
08JA013,1990-08-17,14.199999809265137,
08JA013,1990-09-17,30.700000762939453,
08JA013,1990-10-17,33.400001525878906,
08JA013,1990-11-17,33.400001525878906,
08JA013,1990-12-17,32.79999923706055,
08JA013,1991-01-17,32.29999923706055,
08JA013,1991-02-17,32.0,
08JA013,1991-03-17,50.59999847412109,
08JA013,1991-04-17,83.69999694824219,
08JA013,1991-05-17,49.400001525878906,
08JA013,1991-06-17,49.0,
08JA013,1991-07-17,227.0,
08JA013,1991-08-17,283.0,
08JA013,1991-09-17,31.0,
08JA013,1991-10-17,32.79999923706055,
08JA013,1991-11-17,32.599998474121094,
08JA013,1991-12-17,32.29999923706055,
08JA013,1992-01-17,32.0,
08JA013,1992-02-17,31.5,
08JA013,1992-03-17,31.399999618530277,
08JA013,1992-04-17,31.5,
08JA013,1992-05-17,50.0,
08JA013,1992-06-17,50.79999923706055,
08JA013,1992-07-17,279.0,
08JA013,1992-08-17,14.199999809265137,
08JA013,1992-09-17,32.599998474121094,
08JA013,1992-10-17,33.0,
08JA013,1992-11-17,33.400001525878906,
08JA013,1992-12-17,33.099998474121094,
08JA013,1993-01-17,32.5,
08JA013,1993-02-17,33.0,
08JA013,1993-03-17,32.400001525878906,
08JA013,1993-04-17,32.79999923706055,
08JA013,1993-05-17,49.400001525878906,
08JA013,1993-06-17,49.09999847412109,
08JA013,1993-07-17,203.0,
08JA013,1993-08-17,155.0,
08JA013,1993-09-17,32.20000076293945,
08JA013,1993-10-17,32.599998474121094,
08JA013,1993-11-17,33.70000076293945,
08JA013,1993-12-17,33.400001525878906,
08JA013,1994-01-17,33.0,
08JA013,1994-02-17,32.5,
08JA013,1994-03-17,32.099998474121094,
08JA013,1994-04-17,49.59999847412109,
08JA013,1994-05-17,49.400001525878906,
08JA013,1994-06-17,50.0,
08JA013,1994-07-17,307.0,
08JA013,1994-08-17,170.0,
08JA013,1994-09-17,31.399999618530277,
08JA013,1994-10-17,31.299999237060547,
08JA013,1994-11-17,31.100000381469727,
08JA013,1994-12-17,40.5,
08JA013,1995-01-17,36.29999923706055,
08JA013,1995-02-17,35.5,
08JA013,1995-03-17,41.59999847412109,
08JA013,1995-04-17,40.59999847412109,
08JA013,1995-05-17,50.400001525878906,
08JA013,1995-06-17,49.20000076293945,
08JA013,1995-07-17,453.0,
08JA013,1995-08-17,14.399999618530272,
08JA013,1995-09-17,32.0,
08JA013,1995-10-17,32.5,
08JA013,1995-11-17,34.900001525878906,
08JA013,1995-12-17,34.400001525878906,
08JA013,1996-01-17,34.099998474121094,
08JA013,1996-02-17,33.79999923706055,
08JA013,1996-03-17,33.20000076293945,
08JA013,1996-04-17,33.29999923706055,
08JA013,1996-05-17,50.79999923706055,
08JA013,1996-06-17,55.0,
08JA013,1996-07-17,255.0,
08JA013,1996-08-17,170.0,
08JA013,1996-09-17,57.0,
08JA013,1996-10-17,226.0,
08JA013,1996-11-17,61.0,
08JA013,1996-12-17,60.20000076293945,
08JA013,1997-01-17,59.20000076293945,
08JA013,1997-02-17,58.20000076293945,
08JA013,1997-03-17,57.09999847412109,
08JA013,1997-04-17,56.5,
08JA013,1997-05-17,143.0,
08JA013,1997-06-17,286.0,
08JA013,1997-07-17,341.0,
08JA013,1997-08-17,327.0,
08JA013,1997-09-17,86.30000305175781,
08JA013,1997-10-17,85.5999984741211,
08JA013,1997-11-17,57.09999847412109,
08JA013,1997-12-17,56.29999923706055,
08JA013,1998-01-17,55.20000076293945,
08JA013,1998-02-17,53.900001525878906,
08JA013,1998-03-17,52.5,
08JA013,1998-04-17,51.09999847412109,
08JA013,1998-05-17,52.79999923706055,
08JA013,1998-06-17,53.79999923706055,
08JA013,1998-07-17,453.0,
08JA013,1998-08-17,114.0,
08JA013,1998-09-17,30.200000762939453,
08JA013,1998-10-17,30.100000381469727,
08JA013,1998-11-17,29.799999237060547,
08JA013,1998-12-17,30.200000762939453,
08JA013,1999-01-17,29.799999237060547,
08JA013,1999-02-17,,
08JA013,1999-03-17,29.799999237060547,
08JA013,1999-04-17,29.200000762939453,
08JA013,1999-05-17,48.79999923706055,
08JA013,1999-06-17,49.0,
08JA013,1999-07-17,227.0,
08JA013,1999-08-17,118.0,
08JA013,1999-09-17,32.900001525878906,
08JA013,1999-10-17,33.599998474121094,
08JA013,1999-11-17,33.099998474121094,
08JA013,1999-12-17,32.599998474121094,
08JA013,2000-01-17,32.900001525878906,
08JA013,2000-02-17,33.0,
08JA013,2000-03-17,33.099998474121094,
08JA013,2000-04-17,32.29999923706055,
08JA013,2000-05-17,64.9000015258789,
08JA013,2000-06-17,49.0,
08JA013,2000-07-17,227.0,
08JA013,2000-08-17,118.0,
08JA013,2000-09-17,32.900001525878906,
08JA013,2000-10-17,32.5,
08JA013,2000-11-17,32.099998474121094,
08JA013,2000-12-17,32.70000076293945,
08JA013,2001-01-17,32.400001525878906,
08JA013,2001-02-17,32.900001525878906,
08JA013,2001-03-17,32.29999923706055,
08JA013,2001-04-17,32.70000076293945,
08JA013,2001-05-17,52.5,
08JA013,2001-06-17,52.29999923706055,
08JA013,2001-07-17,255.0,
08JA013,2001-08-17,14.0,
08JA013,2001-09-17,30.0,
08JA013,2001-10-17,30.0,
08JA013,2001-11-17,30.0,
08JA013,2001-12-17,30.0,
08JA013,2002-01-17,31.600000381469727,
08JA013,2002-02-17,31.200000762939453,
08JA013,2002-03-17,30.700000762939453,
08JA013,2002-04-17,30.200000762939453,
08JA013,2002-05-17,55.0,
08JA013,2002-06-17,54.0,
08JA013,2002-07-17,227.0,
08JA013,2002-08-17,227.0,
08JA013,2002-09-17,30.0,
08JA013,2002-10-17,30.0,
08JA013,2002-11-17,85.0,
08JA013,2002-12-17,85.0,
08JA013,2003-01-17,31.399999618530277,
08JA013,2003-02-17,31.0,
08JA013,2003-03-17,30.399999618530277,
08JA013,2003-04-17,29.899999618530277,
08JA013,2003-05-17,48.70000076293945,
08JA013,2003-06-17,49.900001525878906,
08JA013,2003-07-17,316.0,
08JA013,2003-08-17,14.300000190734863,
08JA013,2003-09-17,33.0,
08JA013,2003-10-17,32.70000076293945,
08JA013,2003-11-17,32.900001525878906,
08JA013,2003-12-17,32.400001525878906,
08JA013,2004-01-17,32.70000076293945,
08JA013,2004-02-17,32.0,
08JA013,2004-03-17,33.400001525878906,
08JA013,2004-04-17,33.0,
08JA013,2004-05-17,53.59999847412109,
08JA013,2004-06-17,53.400001525878906,
08JA013,2004-07-17,260.0,
08JA013,2004-08-17,256.0,
08JA013,2004-09-17,30.299999237060547,
08JA013,2004-10-17,29.799999237060547,
08JA013,2004-11-17,30.600000381469727,
08JA013,2004-12-17,31.0,
08JA013,2005-01-17,31.100000381469727,
08JA013,2005-02-17,31.399999618530277,
08JA013,2005-03-17,40.0,
08JA013,2005-04-17,44.59999847412109,
08JA013,2005-05-17,161.0,
08JA013,2005-06-17,196.0,
08JA013,2005-07-17,210.0,
08JA013,2005-08-17,169.0,
08JA013,2005-09-17,32.29999923706055,
08JA013,2005-10-17,85.80000305175781,
08JA013,2005-11-17,86.4000015258789,
08JA013,2005-12-17,85.9000015258789,
08JA013,2006-01-17,84.69999694824219,
08JA013,2006-02-17,33.20000076293945,
08JA013,2006-03-17,32.599998474121094,
08JA013,2006-04-17,31.899999618530277,
08JA013,2006-05-17,49.70000076293945,
08JA013,2006-06-17,49.59999847412109,
08JA013,2006-07-17,228.0,
08JA013,2006-08-17,170.0,
08JA013,2006-09-17,31.600000381469727,
08JA013,2006-10-17,32.099998474121094,
08JA013,2006-11-17,33.29999923706055,
08JA013,2006-12-17,33.20000076293945,
08JA013,2007-01-17,33.099998474121094,
08JA013,2007-02-17,32.79999923706055,
08JA013,2007-03-17,42.29999923706055,
08JA013,2007-04-17,280.0,
08JA013,2007-05-17,202.0,
08JA013,2007-06-17,474.0,
08JA013,2007-07-17,581.0,
08JA013,2007-08-17,375.0,
08JA013,2007-09-17,64.5999984741211,
08JA013,2007-10-17,64.19999694824219,
08JA013,2007-11-17,14.5,
08JA013,2007-12-17,83.69999694824219,
08JA013,2008-01-17,82.0999984741211,
08JA013,2008-02-17,79.9000015258789,
08JA013,2008-03-17,33.400001525878906,
08JA013,2008-04-17,32.599998474121094,
08JA013,2008-05-17,49.5,
08JA013,2008-06-17,49.20000076293945,
08JA013,2008-07-17,282.0,
08JA013,2008-08-17,207.0,
08JA013,2008-09-17,33.0,
08JA013,2008-10-17,32.900001525878906,
08JA013,2008-11-17,33.5,
08JA013,2008-12-17,35.5,
08JA013,2009-01-17,35.099998474121094,
08JA013,2009-02-17,34.400001525878906,
08JA013,2009-03-17,33.79999923706055,
08JA013,2009-04-17,33.0,
08JA013,2009-05-17,49.900001525878906,
08JA013,2009-06-17,49.5,
08JA013,2009-07-17,293.0,
08JA013,2009-08-17,170.0,
08JA013,2009-09-17,32.20000076293945,
08JA013,2009-10-17,33.79999923706055,
08JA013,2009-11-17,34.0,
08JA013,2009-12-17,33.70000076293945,
08JA013,2010-01-17,33.20000076293945,
08JA013,2010-02-17,32.599998474121094,
08JA013,2010-03-17,31.899999618530277,
08JA013,2010-04-17,31.299999237060547,
08JA013,2010-05-17,49.400001525878906,
08JA013,2010-06-17,49.70000076293945,
08JA013,2010-07-17,226.0,
08JA013,2010-08-17,14.800000190734863,
08JA013,2010-09-17,32.5,
08JA013,2010-10-17,33.70000076293945,
08JA013,2010-11-17,74.69999694824219,
08JA013,2010-12-17,73.9000015258789,
08JA013,2011-01-17,33.79999923706055,
08JA013,2011-02-17,33.400001525878906,
08JA013,2011-03-17,32.900001525878906,
08JA013,2011-04-17,32.20000076293945,
08JA013,2011-05-17,81.0999984741211,
08JA013,2011-06-17,324.0,
08JA013,2011-07-17,326.0,
08JA013,2011-08-17,332.0,
08JA013,2011-09-17,64.9000015258789,
08JA013,2011-10-17,395.0,
08JA013,2011-11-17,59.70000076293945,
08JA013,2011-12-17,59.5,
08JA013,2012-01-17,80.0,
08JA013,2012-02-17,99.4000015258789,
08JA013,2012-03-17,122.0,
08JA013,2012-04-17,117.0,
08JA013,2012-05-17,225.0,
08JA013,2012-06-17,236.0,
08JA013,2012-07-17,291.0,
08JA013,2012-08-17,290.0,
08JA013,2012-09-17,64.19999694824219,
08JA013,2012-10-17,63.5,
08JA013,2012-11-17,39.29999923706055,
08JA013,2012-12-17,38.59999847412109,
08JA013,2013-01-17,31.600000381469727,
08JA013,2013-02-17,30.899999618530277,
08JA013,2013-03-17,30.200000762939453,
08JA013,2013-04-17,31.5,
08JA013,2013-05-17,49.900001525878906,
08JA013,2013-06-17,49.5,
08JA013,2013-07-17,452.0,
08JA013,2013-08-17,170.0,
08JA013,2013-09-17,31.600000381469727,
08JA013,2013-10-17,31.200000762939453,
08JA013,2013-11-17,34.70000076293945,
08JA013,2013-12-17,33.900001525878906,
08JA013,2014-01-17,33.5,
08JA013,2014-02-17,32.79999923706055,
08JA013,2014-03-17,32.20000076293945,
08JA013,2014-04-17,34.400001525878906,
08JA013,2014-05-17,49.59999847412109,
08JA013,2014-06-17,48.400001525878906,
08JA013,2014-07-17,451.0,
08JA013,2014-08-17,14.399999618530272,
08JA013,2014-09-17,31.600000381469727,
08JA013,2014-10-17,33.5,
08JA013,2014-11-17,34.29999923706055,
08JA013,2014-12-17,34.29999923706055,
08JA013,2015-01-17,34.099998474121094,
08JA013,2015-02-17,45.29999923706055,
08JA013,2015-03-17,45.5,
08JA013,2015-04-17,219.0,
08JA013,2015-05-17,281.0,
08JA013,2015-06-17,508.0,
08JA013,2015-07-17,452.0,
08JA013,2015-08-17,198.0,
08JA013,2015-09-17,32.29999923706055,
08JA013,2015-10-17,32.20000076293945,
08JA013,2015-11-17,30.799999237060547,
08JA013,2015-12-17,30.299999237060547,
08JA013,2016-01-17,29.700000762939453,
08JA013,2016-02-17,29.200000762939453,
08JA013,2016-03-17,29.799999237060547,
08JA013,2016-04-17,48.900001525878906,
08JA013,2016-05-17,49.09999847412109,
08JA013,2016-06-17,32.5,
08JA013,2016-07-17,451.0,
08JA013,2016-08-17,323.0,
08JA013,2016-09-17,31.100000381469727,
08JA013,2016-10-17,31.899999618530277,
08JA013,2016-11-17,32.599998474121094,
08JA013,2016-12-17,31.399999618530277,
08JA013,2017-01-17,31.0,
08JA013,2017-02-17,30.600000381469727,
08JA013,2017-03-17,32.29999923706055,
08JA013,2017-04-17,31.899999618530277,
08JA013,2017-05-17,200.0,
08JA013,2017-06-17,203.0,
08JA013,2017-07-17,228.0,
08JA013,2017-08-17,14.600000381469728,
08JA013,2017-09-17,31.700000762939453,
08JA013,2017-10-17,32.400001525878906,
08JA013,2017-11-17,65.5,
08JA013,2017-12-17,79.0999984741211,
08JA013,2018-01-17,71.0999984741211,
08JA013,2018-02-17,35.70000076293945,
08JA013,2018-03-17,49.70000076293945,
08JA013,2018-04-17,84.19999694824219,
08JA013,2018-05-17,91.0,
08JA013,2018-06-17,185.0,
08JA013,2018-07-17,225.0,
08JA013,2018-08-17,26.899999618530277,
08JA013,2018-09-17,32.900001525878906,
08JA013,2018-10-17,28.0,
08JA013,2018-11-17,32.79999923706055,
08JA013,2018-12-17,32.400001525878906,
08JA013,2019-01-17,31.899999618530277,
08JA013,2019-02-17,31.200000762939453,
08JA013,2019-03-17,30.399999618530277,
08JA013,2019-04-17,31.899999618530277,
08JA013,2019-05-17,50.59999847412109,
08JA013,2019-06-17,48.20000076293945,
08JA013,2019-07-17,226.0,
08JA013,2019-08-17,14.5,
08JA013,2019-09-17,32.0,
08JA013,2019-10-17,31.700000762939453,
08JA013,2019-11-17,31.799999237060547,
08JA013,2019-12-17,32.0,
08JA013,2020-01-17,31.799999237060547,
08JA013,2020-02-17,31.600000381469727,
08JA013,2020-03-17,33.0,
08JA013,2020-04-17,34.099998474121094,
08JA013,2020-05-17,49.79999923706055,
08JA013,2020-06-17,48.20000076293945,
08JA013,2020-07-17,226.0,
08JA013,2020-08-17,14.899999618530272,
08JA013,2020-09-17,32.29999923706055,
08JA013,2020-10-17,49.400001525878906,
08JA013,2020-11-17,61.900001525878906,
08JA013,2020-12-17,85.0,
08JA013,2021-01-17,84.0999984741211,
08JA013,2021-02-17,83.0999984741211,
08JA013,2021-03-17,88.5999984741211,
08JA013,2021-04-17,199.0,
08JA013,2021-05-17,200.0,
08JA013,2021-06-17,202.0,
08JA013,2021-07-17,452.0,
08JA013,2021-08-17,277.0,
08JA013,2021-09-17,78.80000305175781,
08JA013,2021-10-17,299.0,
08JA013,2021-11-17,40.29999923706055,
08JA013,2021-12-17,40.20000076293945,
08JA013,2022-01-17,40.0,
08JA013,2022-02-17,39.59999847412109,
08JA013,2022-03-17,41.5,
08JA013,2022-04-17,41.400001525878906,
08JA013,2022-05-17,99.9000015258789,
08JA013,2022-06-17,287.0,
08JA013,2022-07-17,391.0,
08JA013,2022-08-17,282.0,
08JA013,2022-09-17,58.70000076293945,
08JA013,2022-10-17,60.0,
08JA013,2022-11-17,38.59999847412109,
08JA013,2022-12-17,33.5,
08JA013,2023-01-17,33.0,
08JA013,2023-02-17,32.400001525878906,
08JA013,2023-03-17,33.0,
08JA013,2023-04-17,33.29999923706055,
08JA013,2023-05-17,49.79999923706055,
08JA013,2023-06-17,50.400001525878906,
08JA013,2023-07-17,301.0,
08JA013,2023-08-17,169.0,
08JA013,2023-09-17,32.900001525878906,
08JA013,2023-10-17,32.79999923706055,
08JA013,2023-11-17,32.5,
08JA013,2023-12-17,32.099998474121094,
08JA013,2024-01-17,31.700000762939453,
08JA013,2024-02-17,33.099998474121094,
08JA013,2024-03-17,32.5,
08JA013,2024-04-17,32.0,
08JA013,2024-05-17,49.70000076293945,
08JA013,2024-06-17,51.59999847412109,
08JA013,2024-07-17,451.0,
08JA013,2024-08-17,169.0,
08JA013,2024-09-17,31.600000381469727,
08JA013,2024-10-17,32.0,
08JA013,2024-11-17,32.099998474121094,
08JA013,2024-12-17,32.099998474121094,
08JA013,2025-01-17,32.099998474121094,
08JA013,2025-02-17,31.5,
08JA013,2025-03-17,31.100000381469727,
08JA013,2025-04-17,30.799999237060547,
08JA013,2025-05-17,92.0999984741211,
08JA013,2025-06-17,32.599998474121094,
08JA013,2025-07-17,452.0,
08JA013,2025-08-17,52.5,
08JA013,2025-09-17,31.399999618530277,
08JA013,2025-10-17,31.200000762939453,
08JA013,2025-11-17,31.600000381469727,
08JA013,2025-12-17,31.899999618530277,
08JA013,1955-06-18,,
08JA013,1955-11-18,25.5,
08JA013,1956-01-18,7.079999923706055,
08JA013,1956-02-18,5.659999847412109,
08JA013,1956-03-18,5.659999847412109,
08JA013,1956-04-18,5.659999847412109,
08JA013,1956-05-18,5.659999847412109,
08JA013,1956-06-18,0.0,
08JA013,1956-07-18,0.0,
08JA013,1956-08-18,8.5,
08JA013,1956-09-18,0.0,
08JA013,1956-10-18,0.0,
08JA013,1956-11-18,0.0,
08JA013,1956-12-18,0.0,
08JA013,1957-01-18,234.0,
08JA013,1957-02-18,261.0,
08JA013,1957-03-18,259.0,
08JA013,1957-04-18,0.0,
08JA013,1957-05-18,266.0,
08JA013,1957-06-18,345.0,
08JA013,1957-07-18,0.0,
08JA013,1957-08-18,323.0,
08JA013,1957-09-18,79.30000305175781,
08JA013,1957-10-18,155.0,
08JA013,1957-11-18,200.0,
08JA013,1957-12-18,246.0,
08JA013,1958-01-18,331.0,
08JA013,1958-02-18,208.0,
08JA013,1958-03-18,331.0,
08JA013,1958-04-18,331.0,
08JA013,1958-05-18,0.0,
08JA013,1958-06-18,211.0,
08JA013,1958-07-18,306.0,
08JA013,1958-08-18,294.0,
08JA013,1958-09-18,343.0,
08JA013,1958-10-18,334.0,
08JA013,1958-11-18,314.0,
08JA013,1958-12-18,126.0,
08JA013,1959-01-18,124.0,
08JA013,1959-02-18,65.0999984741211,
08JA013,1959-03-18,63.400001525878906,
08JA013,1959-04-18,63.400001525878906,
08JA013,1959-05-18,154.0,
08JA013,1959-06-18,0.0,
08JA013,1959-07-18,309.0,
08JA013,1959-08-18,328.0,
08JA013,1959-09-18,371.0,
08JA013,1959-10-18,399.0,
08JA013,1959-11-18,115.0,
08JA013,1959-12-18,279.0,
08JA013,1960-01-18,68.80000305175781,
08JA013,1960-02-18,120.0,
08JA013,1960-03-18,137.0,
08JA013,1960-04-18,226.0,
08JA013,1960-05-18,368.0,
08JA013,1960-06-18,161.0,
08JA013,1960-07-18,173.0,
08JA013,1960-08-18,265.0,
08JA013,1960-09-18,264.0,
08JA013,1960-10-18,121.0,
08JA013,1960-11-18,187.0,
08JA013,1960-12-18,111.0,
08JA013,1961-01-18,59.70000076293945,
08JA013,1961-02-18,42.5,
08JA013,1961-03-18,42.5,
08JA013,1961-04-18,59.5,
08JA013,1961-05-18,292.0,
08JA013,1961-06-18,274.0,
08JA013,1961-07-18,362.0,
08JA013,1961-08-18,326.0,
08JA013,1961-09-18,481.0,
08JA013,1961-10-18,29.200000762939453,
08JA013,1961-11-18,30.600000381469727,
08JA013,1961-12-18,29.700000762939453,
08JA013,1962-01-18,30.0,
08JA013,1962-02-18,30.600000381469727,
08JA013,1962-03-18,30.600000381469727,
08JA013,1962-04-18,30.600000381469727,
08JA013,1962-05-18,182.0,
08JA013,1962-06-18,125.0,
08JA013,1962-07-18,311.0,
08JA013,1962-08-18,231.0,
08JA013,1962-09-18,227.0,
08JA013,1962-10-18,222.0,
08JA013,1962-11-18,221.0,
08JA013,1962-12-18,46.400001525878906,
08JA013,1963-01-18,46.70000076293945,
08JA013,1963-02-18,46.70000076293945,
08JA013,1963-03-18,46.400001525878906,
08JA013,1963-04-18,46.20000076293945,
08JA013,1963-05-18,334.0,
08JA013,1963-06-18,337.0,
08JA013,1963-07-18,192.0,
08JA013,1963-08-18,199.0,
08JA013,1963-09-18,194.0,
08JA013,1963-10-18,193.0,
08JA013,1963-11-18,171.0,
08JA013,1963-12-18,42.20000076293945,
08JA013,1964-01-18,42.79999923706055,
08JA013,1964-02-18,43.0,
08JA013,1964-03-18,42.5,
08JA013,1964-04-18,41.59999847412109,
08JA013,1964-05-18,413.0,
08JA013,1964-06-18,416.0,
08JA013,1964-07-18,311.0,
08JA013,1964-08-18,201.0,
08JA013,1964-09-18,198.0,
08JA013,1964-10-18,198.0,
08JA013,1964-11-18,195.0,
08JA013,1964-12-18,70.80000305175781,
08JA013,1965-01-18,69.9000015258789,
08JA013,1965-02-18,69.0999984741211,
08JA013,1965-03-18,68.0,
08JA013,1965-04-18,67.0999984741211,
08JA013,1965-05-18,192.0,
08JA013,1965-06-18,199.0,
08JA013,1965-07-18,203.0,
08JA013,1965-08-18,202.0,
08JA013,1965-09-18,87.19999694824219,
08JA013,1965-10-18,88.9000015258789,
08JA013,1965-11-18,45.900001525878906,
08JA013,1965-12-18,46.20000076293945,
08JA013,1966-01-18,46.20000076293945,
08JA013,1966-02-18,45.900001525878906,
08JA013,1966-03-18,45.29999923706055,
08JA013,1966-04-18,45.29999923706055,
08JA013,1966-05-18,224.0,
08JA013,1966-06-18,230.0,
08JA013,1966-07-18,0.0,
08JA013,1966-08-18,34.79999923706055,
08JA013,1966-09-18,340.0,
08JA013,1966-10-18,227.0,
08JA013,1966-11-18,88.30000305175781,
08JA013,1966-12-18,88.0999984741211,
08JA013,1967-01-18,87.19999694824219,
08JA013,1967-02-18,85.80000305175781,
08JA013,1967-03-18,84.4000015258789,
08JA013,1967-04-18,250.0,
08JA013,1967-05-18,269.0,
08JA013,1967-06-18,32.599998474121094,
08JA013,1967-07-18,0.0,
08JA013,1967-08-18,194.0,
08JA013,1967-09-18,87.80000305175781,
08JA013,1967-10-18,149.0,
08JA013,1967-11-18,94.9000015258789,
08JA013,1967-12-18,60.29999923706055,
08JA013,1968-01-18,60.29999923706055,
08JA013,1968-02-18,60.59999847412109,
08JA013,1968-03-18,60.29999923706055,
08JA013,1968-04-18,59.70000076293945,
08JA013,1968-05-18,229.0,
08JA013,1968-06-18,195.0,
08JA013,1968-07-18,348.0,
08JA013,1968-08-18,191.0,
08JA013,1968-09-18,242.0,
08JA013,1968-10-18,236.0,
08JA013,1968-11-18,91.5,
08JA013,1968-12-18,91.6999969482422,
08JA013,1969-01-18,89.80000305175781,
08JA013,1969-02-18,87.80000305175781,
08JA013,1969-03-18,85.80000305175781,
08JA013,1969-04-18,83.80000305175781,
08JA013,1969-05-18,85.0,
08JA013,1969-06-18,238.0,
08JA013,1969-07-18,34.79999923706055,
08JA013,1969-08-18,159.0,
08JA013,1969-09-18,156.0,
08JA013,1969-10-18,153.0,
08JA013,1969-11-18,75.9000015258789,
08JA013,1969-12-18,75.9000015258789,
08JA013,1970-01-18,75.0,
08JA013,1970-02-18,73.30000305175781,
08JA013,1970-03-18,71.5999984741211,
08JA013,1970-04-18,44.70000076293945,
08JA013,1970-05-18,44.70000076293945,
08JA013,1970-06-18,47.0,
08JA013,1970-07-18,47.900001525878906,
08JA013,1970-08-18,90.9000015258789,
08JA013,1970-09-18,117.0,
08JA013,1970-10-18,116.0,
08JA013,1970-11-18,61.400001525878906,
08JA013,1970-12-18,60.59999847412109,
08JA013,1971-01-18,59.5,
08JA013,1971-02-18,58.59999847412109,
08JA013,1971-03-18,57.79999923706055,
08JA013,1971-04-18,56.59999847412109,
08JA013,1971-05-18,278.0,
08JA013,1971-06-18,30.600000381469727,
08JA013,1971-07-18,64.80000305175781,
08JA013,1971-08-18,174.0,
08JA013,1971-09-18,172.0,
08JA013,1971-10-18,211.0,
08JA013,1971-11-18,75.9000015258789,
08JA013,1971-12-18,75.5999984741211,
08JA013,1972-01-18,74.19999694824219,
08JA013,1972-02-18,72.5,
08JA013,1972-03-18,71.5999984741211,
08JA013,1972-04-18,348.0,
08JA013,1972-05-18,0.0,
08JA013,1972-06-18,0.0,
08JA013,1972-07-18,428.0,
08JA013,1972-08-18,237.0,
08JA013,1972-09-18,224.0,
08JA013,1972-10-18,215.0,
08JA013,1972-11-18,73.5999984741211,
08JA013,1972-12-18,72.19999694824219,
08JA013,1973-01-18,71.0999984741211,
08JA013,1973-02-18,69.9000015258789,
08JA013,1973-03-18,68.19999694824219,
08JA013,1973-04-18,66.5,
08JA013,1973-05-18,43.0,
08JA013,1973-06-18,46.20000076293945,
08JA013,1973-07-18,161.0,
08JA013,1973-08-18,114.0,
08JA013,1973-09-18,33.400001525878906,
08JA013,1973-10-18,33.70000076293945,
08JA013,1973-11-18,49.79999923706055,
08JA013,1973-12-18,49.29999923706055,
08JA013,1974-01-18,48.400001525878906,
08JA013,1974-02-18,47.59999847412109,
08JA013,1974-03-18,46.70000076293945,
08JA013,1974-04-18,252.0,
08JA013,1974-05-18,0.0,
08JA013,1974-06-18,0.0,
08JA013,1974-07-18,227.0,
08JA013,1974-08-18,15.300000190734863,
08JA013,1974-09-18,25.600000381469727,
08JA013,1974-10-18,203.0,
08JA013,1974-11-18,77.30000305175781,
08JA013,1974-12-18,72.5,
08JA013,1975-01-18,75.5999984741211,
08JA013,1975-02-18,74.19999694824219,
08JA013,1975-03-18,73.0999984741211,
08JA013,1975-04-18,71.9000015258789,
08JA013,1975-05-18,88.5999984741211,
08JA013,1975-06-18,93.4000015258789,
08JA013,1975-07-18,90.9000015258789,
08JA013,1975-08-18,200.0,
08JA013,1975-09-18,97.4000015258789,
08JA013,1975-10-18,230.0,
08JA013,1975-11-18,138.0,
08JA013,1975-12-18,86.4000015258789,
08JA013,1976-01-18,85.80000305175781,
08JA013,1976-02-18,101.0,
08JA013,1976-03-18,83.0,
08JA013,1976-04-18,345.0,
08JA013,1976-05-18,148.0,
08JA013,1976-06-18,365.0,
08JA013,1976-07-18,436.0,
08JA013,1976-08-18,439.0,
08JA013,1976-09-18,227.0,
08JA013,1976-10-18,283.0,
08JA013,1976-11-18,279.0,
08JA013,1976-12-18,176.0,
08JA013,1977-01-18,172.0,
08JA013,1977-02-18,168.0,
08JA013,1977-03-18,163.0,
08JA013,1977-04-18,0.0,
08JA013,1977-05-18,0.0,
08JA013,1977-06-18,199.0,
08JA013,1977-07-18,165.0,
08JA013,1977-08-18,102.0,
08JA013,1977-09-18,0.0,
08JA013,1977-10-18,51.5,
08JA013,1977-11-18,51.79999923706055,
08JA013,1977-12-18,51.29999923706055,
08JA013,1978-01-18,50.400001525878906,
08JA013,1978-02-18,54.400001525878906,
08JA013,1978-03-18,52.70000076293945,
08JA013,1978-04-18,51.0,
08JA013,1978-05-18,52.09999847412109,
08JA013,1978-06-18,38.79999923706055,
08JA013,1978-07-18,36.0,
08JA013,1978-08-18,34.29999923706055,
08JA013,1978-09-18,34.0,
08JA013,1978-10-18,33.400001525878906,
08JA013,1978-11-18,36.79999923706055,
08JA013,1978-12-18,34.79999923706055,
08JA013,1979-01-18,32.70000076293945,
08JA013,1979-02-18,31.700000762939453,
08JA013,1979-03-18,30.700000762939453,
08JA013,1979-04-18,29.899999618530277,
08JA013,1979-05-18,31.700000762939453,
08JA013,1979-06-18,33.70000076293945,
08JA013,1979-07-18,81.0999984741211,
08JA013,1979-08-18,34.0,
08JA013,1979-09-18,33.599998474121094,
08JA013,1979-10-18,33.29999923706055,
08JA013,1979-11-18,20.799999237060547,
08JA013,1979-12-18,12.5,
08JA013,1980-01-18,15.0,
08JA013,1980-02-18,15.600000381469728,
08JA013,1980-03-18,15.0,
08JA013,1980-04-18,15.0,
08JA013,1980-05-18,15.300000190734863,
08JA013,1980-06-18,11.899999618530272,
08JA013,1980-07-18,22.600000381469727,
08JA013,1980-08-18,14.199999809265137,
08JA013,1980-09-18,32.29999923706055,
08JA013,1980-10-18,32.5,
08JA013,1980-11-18,32.599998474121094,
08JA013,1980-12-18,32.70000076293945,
08JA013,1981-01-18,33.0,
08JA013,1981-02-18,32.79999923706055,
08JA013,1981-03-18,32.599998474121094,
08JA013,1981-04-18,57.09999847412109,
08JA013,1981-05-18,57.29999923706055,
08JA013,1981-06-18,61.59999847412109,
08JA013,1981-07-18,56.59999847412109,
08JA013,1981-08-18,227.0,
08JA013,1981-09-18,30.899999618530277,
08JA013,1981-10-18,25.5,
08JA013,1981-11-18,32.5,
08JA013,1981-12-18,32.400001525878906,
08JA013,1982-01-18,32.099998474121094,
08JA013,1982-02-18,31.799999237060547,
08JA013,1982-03-18,31.100000381469727,
08JA013,1982-04-18,55.5,
08JA013,1982-05-18,9.300000190734863,
08JA013,1982-06-18,58.0,
08JA013,1982-07-18,279.0,
08JA013,1982-08-18,14.100000381469728,
08JA013,1982-09-18,31.100000381469727,
08JA013,1982-10-18,31.100000381469727,
08JA013,1982-11-18,31.100000381469727,
08JA013,1982-12-18,31.100000381469727,
08JA013,1983-01-18,31.100000381469727,
08JA013,1983-02-18,31.100000381469727,
08JA013,1983-03-18,31.100000381469727,
08JA013,1983-04-18,49.59999847412109,
08JA013,1983-05-18,49.59999847412109,
08JA013,1983-06-18,56.29999923706055,
08JA013,1983-07-18,309.0,
08JA013,1983-08-18,54.900001525878906,
08JA013,1983-09-18,31.100000381469727,
08JA013,1983-10-18,30.700000762939453,
08JA013,1983-11-18,31.100000381469727,
08JA013,1983-12-18,30.899999618530277,
08JA013,1984-01-18,30.600000381469727,
08JA013,1984-02-18,30.399999618530277,
08JA013,1984-03-18,30.200000762939453,
08JA013,1984-04-18,53.5,
08JA013,1984-05-18,54.400001525878906,
08JA013,1984-06-18,53.900001525878906,
08JA013,1984-07-18,360.0,
08JA013,1984-08-18,14.199999809265137,
08JA013,1984-09-18,30.899999618530277,
08JA013,1984-10-18,31.299999237060547,
08JA013,1984-11-18,31.100000381469727,
08JA013,1984-12-18,31.100000381469727,
08JA013,1985-01-18,30.700000762939453,
08JA013,1985-02-18,30.399999618530277,
08JA013,1985-03-18,30.299999237060547,
08JA013,1985-04-18,58.0,
08JA013,1985-05-18,53.900001525878906,
08JA013,1985-06-18,58.70000076293945,
08JA013,1985-07-18,280.0,
08JA013,1985-08-18,57.29999923706055,
08JA013,1985-09-18,63.400001525878906,
08JA013,1985-10-18,60.20000076293945,
08JA013,1985-11-18,33.400001525878906,
08JA013,1985-12-18,33.400001525878906,
08JA013,1986-01-18,33.79999923706055,
08JA013,1986-02-18,32.79999923706055,
08JA013,1986-03-18,32.400001525878906,
08JA013,1986-04-18,59.70000076293945,
08JA013,1986-05-18,49.0,
08JA013,1986-06-18,53.79999923706055,
08JA013,1986-07-18,207.0,
08JA013,1986-08-18,133.0,
08JA013,1986-09-18,28.299999237060547,
08JA013,1986-10-18,14.199999809265137,
08JA013,1986-11-18,32.79999923706055,
08JA013,1986-12-18,36.20000076293945,
08JA013,1987-01-18,36.0,
08JA013,1987-02-18,34.5,
08JA013,1987-03-18,34.099998474121094,
08JA013,1987-04-18,58.0,
08JA013,1987-05-18,53.900001525878906,
08JA013,1987-06-18,58.09999847412109,
08JA013,1987-07-18,396.0,
08JA013,1987-08-18,14.199999809265137,
08JA013,1987-09-18,56.59999847412109,
08JA013,1987-10-18,31.100000381469727,
08JA013,1987-11-18,34.0,
08JA013,1987-12-18,35.099998474121094,
08JA013,1988-01-18,34.0,
08JA013,1988-02-18,33.099998474121094,
08JA013,1988-03-18,32.29999923706055,
08JA013,1988-04-18,55.09999847412109,
08JA013,1988-05-18,48.5,
08JA013,1988-06-18,48.29999923706055,
08JA013,1988-07-18,207.0,
08JA013,1988-08-18,29.899999618530277,
08JA013,1988-09-18,29.899999618530277,
08JA013,1988-10-18,30.0,
08JA013,1988-11-18,31.0,
08JA013,1988-12-18,30.799999237060547,
08JA013,1989-01-18,30.299999237060547,
08JA013,1989-02-18,29.799999237060547,
08JA013,1989-03-18,29.399999618530277,
08JA013,1989-04-18,48.09999847412109,
08JA013,1989-05-18,47.900001525878906,
08JA013,1989-06-18,48.09999847412109,
08JA013,1989-07-18,160.0,
08JA013,1989-08-18,276.0,
08JA013,1989-09-18,32.599998474121094,
08JA013,1989-10-18,32.599998474121094,
08JA013,1989-11-18,35.0,
08JA013,1989-12-18,35.099998474121094,
08JA013,1990-01-18,35.29999923706055,
08JA013,1990-02-18,34.79999923706055,
08JA013,1990-03-18,34.0,
08JA013,1990-04-18,253.0,
08JA013,1990-05-18,49.59999847412109,
08JA013,1990-06-18,49.400001525878906,
08JA013,1990-07-18,208.0,
08JA013,1990-08-18,14.199999809265137,
08JA013,1990-09-18,30.700000762939453,
08JA013,1990-10-18,33.400001525878906,
08JA013,1990-11-18,33.400001525878906,
08JA013,1990-12-18,32.79999923706055,
08JA013,1991-01-18,32.29999923706055,
08JA013,1991-02-18,32.0,
08JA013,1991-03-18,50.59999847412109,
08JA013,1991-04-18,83.5,
08JA013,1991-05-18,49.5,
08JA013,1991-06-18,49.09999847412109,
08JA013,1991-07-18,208.0,
08JA013,1991-08-18,193.0,
08JA013,1991-09-18,31.0,
08JA013,1991-10-18,32.79999923706055,
08JA013,1991-11-18,32.599998474121094,
08JA013,1991-12-18,32.29999923706055,
08JA013,1992-01-18,32.0,
08JA013,1992-02-18,31.5,
08JA013,1992-03-18,31.399999618530277,
08JA013,1992-04-18,31.5,
08JA013,1992-05-18,50.09999847412109,
08JA013,1992-06-18,50.900001525878906,
08JA013,1992-07-18,279.0,
08JA013,1992-08-18,14.199999809265137,
08JA013,1992-09-18,32.599998474121094,
08JA013,1992-10-18,33.099998474121094,
08JA013,1992-11-18,33.400001525878906,
08JA013,1992-12-18,33.0,
08JA013,1993-01-18,32.5,
08JA013,1993-02-18,32.900001525878906,
08JA013,1993-03-18,32.400001525878906,
08JA013,1993-04-18,32.79999923706055,
08JA013,1993-05-18,49.70000076293945,
08JA013,1993-06-18,49.20000076293945,
08JA013,1993-07-18,156.0,
08JA013,1993-08-18,108.0,
08JA013,1993-09-18,32.20000076293945,
08JA013,1993-10-18,32.5,
08JA013,1993-11-18,33.70000076293945,
08JA013,1993-12-18,33.400001525878906,
08JA013,1994-01-18,32.900001525878906,
08JA013,1994-02-18,32.5,
08JA013,1994-03-18,32.099998474121094,
08JA013,1994-04-18,49.59999847412109,
08JA013,1994-05-18,49.59999847412109,
08JA013,1994-06-18,50.0,
08JA013,1994-07-18,14.199999809265137,
08JA013,1994-08-18,118.0,
08JA013,1994-09-18,31.399999618530277,
08JA013,1994-10-18,31.299999237060547,
08JA013,1994-11-18,31.100000381469727,
08JA013,1994-12-18,40.400001525878906,
08JA013,1995-01-18,36.29999923706055,
08JA013,1995-02-18,35.5,
08JA013,1995-03-18,41.5,
08JA013,1995-04-18,40.59999847412109,
08JA013,1995-05-18,50.59999847412109,
08JA013,1995-06-18,49.20000076293945,
08JA013,1995-07-18,453.0,
08JA013,1995-08-18,14.300000190734863,
08JA013,1995-09-18,31.899999618530277,
08JA013,1995-10-18,32.5,
08JA013,1995-11-18,34.900001525878906,
08JA013,1995-12-18,34.400001525878906,
08JA013,1996-01-18,34.099998474121094,
08JA013,1996-02-18,33.79999923706055,
08JA013,1996-03-18,33.20000076293945,
08JA013,1996-04-18,33.20000076293945,
08JA013,1996-05-18,50.900001525878906,
08JA013,1996-06-18,55.09999847412109,
08JA013,1996-07-18,255.0,
08JA013,1996-08-18,170.0,
08JA013,1996-09-18,57.0,
08JA013,1996-10-18,225.0,
08JA013,1996-11-18,61.0,
08JA013,1996-12-18,60.20000076293945,
08JA013,1997-01-18,59.20000076293945,
08JA013,1997-02-18,58.20000076293945,
08JA013,1997-03-18,57.0,
08JA013,1997-04-18,56.5,
08JA013,1997-05-18,144.0,
08JA013,1997-06-18,287.0,
08JA013,1997-07-18,340.0,
08JA013,1997-08-18,326.0,
08JA013,1997-09-18,86.30000305175781,
08JA013,1997-10-18,85.5999984741211,
08JA013,1997-11-18,57.09999847412109,
08JA013,1997-12-18,56.20000076293945,
08JA013,1998-01-18,55.09999847412109,
08JA013,1998-02-18,53.79999923706055,
08JA013,1998-03-18,52.400001525878906,
08JA013,1998-04-18,51.09999847412109,
08JA013,1998-05-18,53.0,
08JA013,1998-06-18,53.79999923706055,
08JA013,1998-07-18,159.0,
08JA013,1998-08-18,14.699999809265137,
08JA013,1998-09-18,39.79999923706055,
08JA013,1998-10-18,30.100000381469727,
08JA013,1998-11-18,29.700000762939453,
08JA013,1998-12-18,30.200000762939453,
08JA013,1999-01-18,29.799999237060547,
08JA013,1999-02-18,29.399999618530277,
08JA013,1999-03-18,29.799999237060547,
08JA013,1999-04-18,29.200000762939453,
08JA013,1999-05-18,48.79999923706055,
08JA013,1999-06-18,49.29999923706055,
08JA013,1999-07-18,227.0,
08JA013,1999-08-18,15.199999809265137,
08JA013,1999-09-18,32.900001525878906,
08JA013,1999-10-18,33.599998474121094,
08JA013,1999-11-18,33.099998474121094,
08JA013,1999-12-18,32.599998474121094,
08JA013,2000-01-18,32.900001525878906,
08JA013,2000-02-18,33.0,
08JA013,2000-03-18,33.099998474121094,
08JA013,2000-04-18,32.599998474121094,
08JA013,2000-05-18,2.299999952316284,
08JA013,2000-06-18,49.09999847412109,
08JA013,2000-07-18,212.0,
08JA013,2000-08-18,14.0,
08JA013,2000-09-18,32.900001525878906,
08JA013,2000-10-18,32.5,
08JA013,2000-11-18,32.099998474121094,
08JA013,2000-12-18,32.70000076293945,
08JA013,2001-01-18,32.400001525878906,
08JA013,2001-02-18,32.79999923706055,
08JA013,2001-03-18,32.29999923706055,
08JA013,2001-04-18,32.599998474121094,
08JA013,2001-05-18,52.59999847412109,
08JA013,2001-06-18,52.400001525878906,
08JA013,2001-07-18,236.0,
08JA013,2001-08-18,14.0,
08JA013,2001-09-18,30.0,
08JA013,2001-10-18,30.0,
08JA013,2001-11-18,30.0,
08JA013,2001-12-18,30.0,
08JA013,2002-01-18,31.600000381469727,
08JA013,2002-02-18,31.200000762939453,
08JA013,2002-03-18,30.600000381469727,
08JA013,2002-04-18,30.299999237060547,
08JA013,2002-05-18,55.09999847412109,
08JA013,2002-06-18,54.29999923706055,
08JA013,2002-07-18,227.0,
08JA013,2002-08-18,156.0,
08JA013,2002-09-18,30.0,
08JA013,2002-10-18,30.0,
08JA013,2002-11-18,72.5999984741211,
08JA013,2002-12-18,85.0,
08JA013,2003-01-18,31.399999618530277,
08JA013,2003-02-18,30.899999618530277,
08JA013,2003-03-18,30.399999618530277,
08JA013,2003-04-18,29.899999618530277,
08JA013,2003-05-18,48.70000076293945,
08JA013,2003-06-18,50.0,
08JA013,2003-07-18,89.4000015258789,
08JA013,2003-08-18,14.300000190734863,
08JA013,2003-09-18,33.0,
08JA013,2003-10-18,32.70000076293945,
08JA013,2003-11-18,32.900001525878906,
08JA013,2003-12-18,32.29999923706055,
08JA013,2004-01-18,32.70000076293945,
08JA013,2004-02-18,32.5,
08JA013,2004-03-18,33.400001525878906,
08JA013,2004-04-18,33.0,
08JA013,2004-05-18,53.59999847412109,
08JA013,2004-06-18,53.400001525878906,
08JA013,2004-07-18,152.0,
08JA013,2004-08-18,130.0,
08JA013,2004-09-18,30.299999237060547,
08JA013,2004-10-18,29.799999237060547,
08JA013,2004-11-18,30.600000381469727,
08JA013,2004-12-18,31.0,
08JA013,2005-01-18,31.100000381469727,
08JA013,2005-02-18,31.399999618530277,
08JA013,2005-03-18,44.70000076293945,
08JA013,2005-04-18,44.59999847412109,
08JA013,2005-05-18,161.0,
08JA013,2005-06-18,156.0,
08JA013,2005-07-18,210.0,
08JA013,2005-08-18,114.0,
08JA013,2005-09-18,32.29999923706055,
08JA013,2005-10-18,85.80000305175781,
08JA013,2005-11-18,86.5,
08JA013,2005-12-18,85.80000305175781,
08JA013,2006-01-18,84.5999984741211,
08JA013,2006-02-18,33.20000076293945,
08JA013,2006-03-18,32.5,
08JA013,2006-04-18,32.400001525878906,
08JA013,2006-05-18,49.70000076293945,
08JA013,2006-06-18,49.70000076293945,
08JA013,2006-07-18,296.0,
08JA013,2006-08-18,69.4000015258789,
08JA013,2006-09-18,31.600000381469727,
08JA013,2006-10-18,32.0,
08JA013,2006-11-18,33.29999923706055,
08JA013,2006-12-18,33.29999923706055,
08JA013,2007-01-18,33.099998474121094,
08JA013,2007-02-18,32.79999923706055,
08JA013,2007-03-18,42.29999923706055,
08JA013,2007-04-18,241.0,
08JA013,2007-05-18,154.0,
08JA013,2007-06-18,532.0,
08JA013,2007-07-18,541.0,
08JA013,2007-08-18,375.0,
08JA013,2007-09-18,64.5,
08JA013,2007-10-18,64.5999984741211,
08JA013,2007-11-18,14.600000381469728,
08JA013,2007-12-18,83.5999984741211,
08JA013,2008-01-18,82.0999984741211,
08JA013,2008-02-18,79.9000015258789,
08JA013,2008-03-18,33.400001525878906,
08JA013,2008-04-18,32.599998474121094,
08JA013,2008-05-18,49.70000076293945,
08JA013,2008-06-18,49.29999923706055,
08JA013,2008-07-18,282.0,
08JA013,2008-08-18,14.600000381469728,
08JA013,2008-09-18,33.0,
08JA013,2008-10-18,33.599998474121094,
08JA013,2008-11-18,33.5,
08JA013,2008-12-18,35.5,
08JA013,2009-01-18,35.099998474121094,
08JA013,2009-02-18,34.400001525878906,
08JA013,2009-03-18,33.70000076293945,
08JA013,2009-04-18,33.0,
08JA013,2009-05-18,50.0,
08JA013,2009-06-18,49.59999847412109,
08JA013,2009-07-18,452.0,
08JA013,2009-08-18,126.0,
08JA013,2009-09-18,32.20000076293945,
08JA013,2009-10-18,33.79999923706055,
08JA013,2009-11-18,34.0,
08JA013,2009-12-18,33.70000076293945,
08JA013,2010-01-18,33.20000076293945,
08JA013,2010-02-18,32.599998474121094,
08JA013,2010-03-18,31.899999618530277,
08JA013,2010-04-18,31.299999237060547,
08JA013,2010-05-18,49.5,
08JA013,2010-06-18,49.79999923706055,
08JA013,2010-07-18,225.0,
08JA013,2010-08-18,14.800000190734863,
08JA013,2010-09-18,32.5,
08JA013,2010-10-18,33.70000076293945,
08JA013,2010-11-18,74.69999694824219,
08JA013,2010-12-18,73.9000015258789,
08JA013,2011-01-18,33.79999923706055,
08JA013,2011-02-18,33.400001525878906,
08JA013,2011-03-18,32.900001525878906,
08JA013,2011-04-18,32.20000076293945,
08JA013,2011-05-18,81.4000015258789,
08JA013,2011-06-18,325.0,
08JA013,2011-07-18,326.0,
08JA013,2011-08-18,331.0,
08JA013,2011-09-18,64.9000015258789,
08JA013,2011-10-18,394.0,
08JA013,2011-11-18,59.70000076293945,
08JA013,2011-12-18,59.5,
08JA013,2012-01-18,80.0,
08JA013,2012-02-18,99.3000030517578,
08JA013,2012-03-18,121.0,
08JA013,2012-04-18,117.0,
08JA013,2012-05-18,225.0,
08JA013,2012-06-18,237.0,
08JA013,2012-07-18,291.0,
08JA013,2012-08-18,290.0,
08JA013,2012-09-18,64.19999694824219,
08JA013,2012-10-18,63.5,
08JA013,2012-11-18,39.29999923706055,
08JA013,2012-12-18,38.5,
08JA013,2013-01-18,31.600000381469727,
08JA013,2013-02-18,30.799999237060547,
08JA013,2013-03-18,30.200000762939453,
08JA013,2013-04-18,31.5,
08JA013,2013-05-18,49.20000076293945,
08JA013,2013-06-18,49.59999847412109,
08JA013,2013-07-18,452.0,
08JA013,2013-08-18,131.0,
08JA013,2013-09-18,31.600000381469727,
08JA013,2013-10-18,31.200000762939453,
08JA013,2013-11-18,34.599998474121094,
08JA013,2013-12-18,33.900001525878906,
08JA013,2014-01-18,33.5,
08JA013,2014-02-18,32.79999923706055,
08JA013,2014-03-18,32.20000076293945,
08JA013,2014-04-18,42.400001525878906,
08JA013,2014-05-18,49.900001525878906,
08JA013,2014-06-18,48.5,
08JA013,2014-07-18,341.0,
08JA013,2014-08-18,14.399999618530272,
08JA013,2014-09-18,31.600000381469727,
08JA013,2014-10-18,33.5,
08JA013,2014-11-18,34.29999923706055,
08JA013,2014-12-18,34.29999923706055,
08JA013,2015-01-18,34.099998474121094,
08JA013,2015-02-18,45.29999923706055,
08JA013,2015-03-18,45.5,
08JA013,2015-04-18,256.0,
08JA013,2015-05-18,282.0,
08JA013,2015-06-18,445.0,
08JA013,2015-07-18,392.0,
08JA013,2015-08-18,145.0,
08JA013,2015-09-18,32.29999923706055,
08JA013,2015-10-18,32.20000076293945,
08JA013,2015-11-18,30.799999237060547,
08JA013,2015-12-18,30.299999237060547,
08JA013,2016-01-18,29.700000762939453,
08JA013,2016-02-18,29.200000762939453,
08JA013,2016-03-18,29.799999237060547,
08JA013,2016-04-18,49.0,
08JA013,2016-05-18,49.20000076293945,
08JA013,2016-06-18,49.20000076293945,
08JA013,2016-07-18,451.0,
08JA013,2016-08-18,14.399999618530272,
08JA013,2016-09-18,31.100000381469727,
08JA013,2016-10-18,31.899999618530277,
08JA013,2016-11-18,32.599998474121094,
08JA013,2016-12-18,31.399999618530277,
08JA013,2017-01-18,31.0,
08JA013,2017-02-18,30.600000381469727,
08JA013,2017-03-18,32.29999923706055,
08JA013,2017-04-18,31.899999618530277,
08JA013,2017-05-18,200.0,
08JA013,2017-06-18,199.0,
08JA013,2017-07-18,211.0,
08JA013,2017-08-18,14.600000381469728,
08JA013,2017-09-18,31.700000762939453,
08JA013,2017-10-18,32.400001525878906,
08JA013,2017-11-18,65.5,
08JA013,2017-12-18,79.0999984741211,
08JA013,2018-01-18,56.09999847412109,
08JA013,2018-02-18,35.70000076293945,
08JA013,2018-03-18,49.70000076293945,
08JA013,2018-04-18,84.0999984741211,
08JA013,2018-05-18,151.0,
08JA013,2018-06-18,186.0,
08JA013,2018-07-18,224.0,
08JA013,2018-08-18,26.899999618530277,
08JA013,2018-09-18,32.900001525878906,
08JA013,2018-10-18,27.899999618530277,
08JA013,2018-11-18,32.79999923706055,
08JA013,2018-12-18,32.400001525878906,
08JA013,2019-01-18,31.799999237060547,
08JA013,2019-02-18,31.100000381469727,
08JA013,2019-03-18,30.399999618530277,
08JA013,2019-04-18,37.0,
08JA013,2019-05-18,50.79999923706055,
08JA013,2019-06-18,48.29999923706055,
08JA013,2019-07-18,226.0,
08JA013,2019-08-18,14.5,
08JA013,2019-09-18,32.0,
08JA013,2019-10-18,31.700000762939453,
08JA013,2019-11-18,31.899999618530277,
08JA013,2019-12-18,32.0,
08JA013,2020-01-18,31.799999237060547,
08JA013,2020-02-18,31.600000381469727,
08JA013,2020-03-18,32.900001525878906,
08JA013,2020-04-18,34.099998474121094,
08JA013,2020-05-18,49.400001525878906,
08JA013,2020-06-18,48.29999923706055,
08JA013,2020-07-18,226.0,
08JA013,2020-08-18,14.899999618530272,
08JA013,2020-09-18,32.20000076293945,
08JA013,2020-10-18,49.400001525878906,
08JA013,2020-11-18,61.900001525878906,
08JA013,2020-12-18,85.0,
08JA013,2021-01-18,84.0,
08JA013,2021-02-18,83.0,
08JA013,2021-03-18,99.9000015258789,
08JA013,2021-04-18,199.0,
08JA013,2021-05-18,200.0,
08JA013,2021-06-18,202.0,
08JA013,2021-07-18,452.0,
08JA013,2021-08-18,276.0,
08JA013,2021-09-18,78.80000305175781,
08JA013,2021-10-18,299.0,
08JA013,2021-11-18,40.29999923706055,
08JA013,2021-12-18,40.20000076293945,
08JA013,2022-01-18,39.900001525878906,
08JA013,2022-02-18,39.59999847412109,
08JA013,2022-03-18,41.400001525878906,
08JA013,2022-04-18,41.29999923706055,
08JA013,2022-05-18,99.9000015258789,
08JA013,2022-06-18,288.0,
08JA013,2022-07-18,391.0,
08JA013,2022-08-18,281.0,
08JA013,2022-09-18,58.70000076293945,
08JA013,2022-10-18,60.0,
08JA013,2022-11-18,38.59999847412109,
08JA013,2022-12-18,33.5,
08JA013,2023-01-18,32.900001525878906,
08JA013,2023-02-18,32.400001525878906,
08JA013,2023-03-18,34.0,
08JA013,2023-04-18,33.29999923706055,
08JA013,2023-05-18,50.09999847412109,
08JA013,2023-06-18,50.5,
08JA013,2023-07-18,452.0,
08JA013,2023-08-18,168.0,
08JA013,2023-09-18,32.900001525878906,
08JA013,2023-10-18,32.79999923706055,
08JA013,2023-11-18,32.400001525878906,
08JA013,2023-12-18,32.099998474121094,
08JA013,2024-01-18,31.600000381469727,
08JA013,2024-02-18,33.0,
08JA013,2024-03-18,32.5,
08JA013,2024-04-18,32.0,
08JA013,2024-05-18,49.70000076293945,
08JA013,2024-06-18,51.70000076293945,
08JA013,2024-07-18,449.0,
08JA013,2024-08-18,169.0,
08JA013,2024-09-18,31.600000381469727,
08JA013,2024-10-18,32.0,
08JA013,2024-11-18,32.099998474121094,
08JA013,2024-12-18,32.099998474121094,
08JA013,2025-01-18,32.0,
08JA013,2025-02-18,31.399999618530277,
08JA013,2025-03-18,31.100000381469727,
08JA013,2025-04-18,30.799999237060547,
08JA013,2025-05-18,92.3000030517578,
08JA013,2025-06-18,32.70000076293945,
08JA013,2025-07-18,451.0,
08JA013,2025-08-18,14.199999809265137,
08JA013,2025-09-18,31.399999618530277,
08JA013,2025-10-18,31.200000762939453,
08JA013,2025-11-18,31.600000381469727,
08JA013,2025-12-18,31.899999618530277,
08JA013,1955-06-19,,
08JA013,1955-11-19,25.5,
08JA013,1956-01-19,7.079999923706055,
08JA013,1956-02-19,5.659999847412109,
08JA013,1956-03-19,5.659999847412109,
08JA013,1956-04-19,5.659999847412109,
08JA013,1956-05-19,0.0,
08JA013,1956-06-19,0.0,
08JA013,1956-07-19,0.0,
08JA013,1956-08-19,8.5,
08JA013,1956-09-19,0.0,
08JA013,1956-10-19,0.0,
08JA013,1956-11-19,0.0,
08JA013,1956-12-19,7.079999923706055,
08JA013,1957-01-19,234.0,
08JA013,1957-02-19,261.0,
08JA013,1957-03-19,118.0,
08JA013,1957-04-19,0.0,
08JA013,1957-05-19,266.0,
08JA013,1957-06-19,345.0,
08JA013,1957-07-19,0.0,
08JA013,1957-08-19,323.0,
08JA013,1957-09-19,79.30000305175781,
08JA013,1957-10-19,155.0,
08JA013,1957-11-19,200.0,
08JA013,1957-12-19,246.0,
08JA013,1958-01-19,331.0,
08JA013,1958-02-19,252.0,
08JA013,1958-03-19,331.0,
08JA013,1958-04-19,331.0,
08JA013,1958-05-19,0.0,
08JA013,1958-06-19,114.0,
08JA013,1958-07-19,306.0,
08JA013,1958-08-19,294.0,
08JA013,1958-09-19,343.0,
08JA013,1958-10-19,334.0,
08JA013,1958-11-19,314.0,
08JA013,1958-12-19,126.0,
08JA013,1959-01-19,124.0,
08JA013,1959-02-19,65.0999984741211,
08JA013,1959-03-19,63.400001525878906,
08JA013,1959-04-19,63.400001525878906,
08JA013,1959-05-19,154.0,
08JA013,1959-06-19,0.0,
08JA013,1959-07-19,309.0,
08JA013,1959-08-19,328.0,
08JA013,1959-09-19,371.0,
08JA013,1959-10-19,399.0,
08JA013,1959-11-19,115.0,
08JA013,1959-12-19,279.0,
08JA013,1960-01-19,68.80000305175781,
08JA013,1960-02-19,120.0,
08JA013,1960-03-19,137.0,
08JA013,1960-04-19,249.0,
08JA013,1960-05-19,368.0,
08JA013,1960-06-19,161.0,
08JA013,1960-07-19,173.0,
08JA013,1960-08-19,265.0,
08JA013,1960-09-19,264.0,
08JA013,1960-10-19,141.0,
08JA013,1960-11-19,187.0,
08JA013,1960-12-19,111.0,
08JA013,1961-01-19,59.70000076293945,
08JA013,1961-02-19,42.5,
08JA013,1961-03-19,42.5,
08JA013,1961-04-19,59.5,
08JA013,1961-05-19,340.0,
08JA013,1961-06-19,274.0,
08JA013,1961-07-19,362.0,
08JA013,1961-08-19,343.0,
08JA013,1961-09-19,481.0,
08JA013,1961-10-19,29.200000762939453,
08JA013,1961-11-19,30.600000381469727,
08JA013,1961-12-19,29.700000762939453,
08JA013,1962-01-19,30.0,
08JA013,1962-02-19,30.600000381469727,
08JA013,1962-03-19,30.600000381469727,
08JA013,1962-04-19,30.600000381469727,
08JA013,1962-05-19,182.0,
08JA013,1962-06-19,198.0,
08JA013,1962-07-19,173.0,
08JA013,1962-08-19,231.0,
08JA013,1962-09-19,227.0,
08JA013,1962-10-19,222.0,
08JA013,1962-11-19,221.0,
08JA013,1962-12-19,46.400001525878906,
08JA013,1963-01-19,46.70000076293945,
08JA013,1963-02-19,46.70000076293945,
08JA013,1963-03-19,46.400001525878906,
08JA013,1963-04-19,46.20000076293945,
08JA013,1963-05-19,334.0,
08JA013,1963-06-19,337.0,
08JA013,1963-07-19,192.0,
08JA013,1963-08-19,199.0,
08JA013,1963-09-19,194.0,
08JA013,1963-10-19,193.0,
08JA013,1963-11-19,171.0,
08JA013,1963-12-19,42.20000076293945,
08JA013,1964-01-19,42.79999923706055,
08JA013,1964-02-19,43.0,
08JA013,1964-03-19,42.5,
08JA013,1964-04-19,41.59999847412109,
08JA013,1964-05-19,411.0,
08JA013,1964-06-19,416.0,
08JA013,1964-07-19,314.0,
08JA013,1964-08-19,201.0,
08JA013,1964-09-19,198.0,
08JA013,1964-10-19,198.0,
08JA013,1964-11-19,115.0,
08JA013,1964-12-19,70.80000305175781,
08JA013,1965-01-19,69.9000015258789,
08JA013,1965-02-19,69.0999984741211,
08JA013,1965-03-19,68.0,
08JA013,1965-04-19,67.0999984741211,
08JA013,1965-05-19,192.0,
08JA013,1965-06-19,199.0,
08JA013,1965-07-19,203.0,
08JA013,1965-08-19,201.0,
08JA013,1965-09-19,87.19999694824219,
08JA013,1965-10-19,88.9000015258789,
08JA013,1965-11-19,45.900001525878906,
08JA013,1965-12-19,46.20000076293945,
08JA013,1966-01-19,46.20000076293945,
08JA013,1966-02-19,45.900001525878906,
08JA013,1966-03-19,45.29999923706055,
08JA013,1966-04-19,45.29999923706055,
08JA013,1966-05-19,224.0,
08JA013,1966-06-19,230.0,
08JA013,1966-07-19,0.0,
08JA013,1966-08-19,34.79999923706055,
08JA013,1966-09-19,337.0,
08JA013,1966-10-19,227.0,
08JA013,1966-11-19,88.30000305175781,
08JA013,1966-12-19,88.0999984741211,
08JA013,1967-01-19,87.19999694824219,
08JA013,1967-02-19,85.80000305175781,
08JA013,1967-03-19,84.4000015258789,
08JA013,1967-04-19,337.0,
08JA013,1967-05-19,269.0,
08JA013,1967-06-19,32.599998474121094,
08JA013,1967-07-19,23.600000381469727,
08JA013,1967-08-19,228.0,
08JA013,1967-09-19,87.80000305175781,
08JA013,1967-10-19,149.0,
08JA013,1967-11-19,94.9000015258789,
08JA013,1967-12-19,60.29999923706055,
08JA013,1968-01-19,60.29999923706055,
08JA013,1968-02-19,60.59999847412109,
08JA013,1968-03-19,60.29999923706055,
08JA013,1968-04-19,59.70000076293945,
08JA013,1968-05-19,229.0,
08JA013,1968-06-19,129.0,
08JA013,1968-07-19,348.0,
08JA013,1968-08-19,191.0,
08JA013,1968-09-19,242.0,
08JA013,1968-10-19,236.0,
08JA013,1968-11-19,91.5,
08JA013,1968-12-19,91.5,
08JA013,1969-01-19,89.80000305175781,
08JA013,1969-02-19,87.80000305175781,
08JA013,1969-03-19,85.80000305175781,
08JA013,1969-04-19,83.80000305175781,
08JA013,1969-05-19,85.0,
08JA013,1969-06-19,238.0,
08JA013,1969-07-19,34.79999923706055,
08JA013,1969-08-19,159.0,
08JA013,1969-09-19,156.0,
08JA013,1969-10-19,153.0,
08JA013,1969-11-19,75.9000015258789,
08JA013,1969-12-19,75.9000015258789,
08JA013,1970-01-19,74.80000305175781,
08JA013,1970-02-19,73.30000305175781,
08JA013,1970-03-19,71.5999984741211,
08JA013,1970-04-19,44.70000076293945,
08JA013,1970-05-19,44.70000076293945,
08JA013,1970-06-19,47.0,
08JA013,1970-07-19,47.900001525878906,
08JA013,1970-08-19,90.9000015258789,
08JA013,1970-09-19,117.0,
08JA013,1970-10-19,116.0,
08JA013,1970-11-19,61.400001525878906,
08JA013,1970-12-19,60.29999923706055,
08JA013,1971-01-19,59.5,
08JA013,1971-02-19,58.59999847412109,
08JA013,1971-03-19,57.79999923706055,
08JA013,1971-04-19,54.400001525878906,
08JA013,1971-05-19,163.0,
08JA013,1971-06-19,61.20000076293945,
08JA013,1971-07-19,65.0999984741211,
08JA013,1971-08-19,174.0,
08JA013,1971-09-19,172.0,
08JA013,1971-10-19,211.0,
08JA013,1971-11-19,75.9000015258789,
08JA013,1971-12-19,75.30000305175781,
08JA013,1972-01-19,74.19999694824219,
08JA013,1972-02-19,72.5,
08JA013,1972-03-19,71.4000015258789,
08JA013,1972-04-19,348.0,
08JA013,1972-05-19,0.0,
08JA013,1972-06-19,0.0,
08JA013,1972-07-19,428.0,
08JA013,1972-08-19,286.0,
08JA013,1972-09-19,224.0,
08JA013,1972-10-19,215.0,
08JA013,1972-11-19,73.5999984741211,
08JA013,1972-12-19,72.19999694824219,
08JA013,1973-01-19,71.0999984741211,
08JA013,1973-02-19,69.9000015258789,
08JA013,1973-03-19,68.0,
08JA013,1973-04-19,66.30000305175781,
08JA013,1973-05-19,43.0,
08JA013,1973-06-19,46.20000076293945,
08JA013,1973-07-19,176.0,
08JA013,1973-08-19,114.0,
08JA013,1973-09-19,33.400001525878906,
08JA013,1973-10-19,33.70000076293945,
08JA013,1973-11-19,49.79999923706055,
08JA013,1973-12-19,49.29999923706055,
08JA013,1974-01-19,48.400001525878906,
08JA013,1974-02-19,47.59999847412109,
08JA013,1974-03-19,46.70000076293945,
08JA013,1974-04-19,251.0,
08JA013,1974-05-19,0.0,
08JA013,1974-06-19,0.0,
08JA013,1974-07-19,228.0,
08JA013,1974-08-19,15.300000190734863,
08JA013,1974-09-19,25.600000381469727,
08JA013,1974-10-19,203.0,
08JA013,1974-11-19,77.30000305175781,
08JA013,1974-12-19,72.5,
08JA013,1975-01-19,75.5999984741211,
08JA013,1975-02-19,74.19999694824219,
08JA013,1975-03-19,73.0999984741211,
08JA013,1975-04-19,71.9000015258789,
08JA013,1975-05-19,88.5999984741211,
08JA013,1975-06-19,93.6999969482422,
08JA013,1975-07-19,90.9000015258789,
08JA013,1975-08-19,200.0,
08JA013,1975-09-19,97.4000015258789,
08JA013,1975-10-19,227.0,
08JA013,1975-11-19,147.0,
08JA013,1975-12-19,86.4000015258789,
08JA013,1976-01-19,85.5,
08JA013,1976-02-19,84.4000015258789,
08JA013,1976-03-19,83.0,
08JA013,1976-04-19,382.0,
08JA013,1976-05-19,148.0,
08JA013,1976-06-19,368.0,
08JA013,1976-07-19,436.0,
08JA013,1976-08-19,439.0,
08JA013,1976-09-19,227.0,
08JA013,1976-10-19,283.0,
08JA013,1976-11-19,279.0,
08JA013,1976-12-19,176.0,
08JA013,1977-01-19,172.0,
08JA013,1977-02-19,168.0,
08JA013,1977-03-19,163.0,
08JA013,1977-04-19,0.0,
08JA013,1977-05-19,0.0,
08JA013,1977-06-19,328.0,
08JA013,1977-07-19,191.0,
08JA013,1977-08-19,105.0,
08JA013,1977-09-19,0.0,
08JA013,1977-10-19,38.79999923706055,
08JA013,1977-11-19,51.79999923706055,
08JA013,1977-12-19,51.29999923706055,
08JA013,1978-01-19,50.400001525878906,
08JA013,1978-02-19,54.400001525878906,
08JA013,1978-03-19,52.70000076293945,
08JA013,1978-04-19,51.0,
08JA013,1978-05-19,52.400001525878906,
08JA013,1978-06-19,38.79999923706055,
08JA013,1978-07-19,36.20000076293945,
08JA013,1978-08-19,34.29999923706055,
08JA013,1978-09-19,34.0,
08JA013,1978-10-19,33.400001525878906,
08JA013,1978-11-19,36.79999923706055,
08JA013,1978-12-19,34.79999923706055,
08JA013,1979-01-19,32.599998474121094,
08JA013,1979-02-19,31.700000762939453,
08JA013,1979-03-19,30.700000762939453,
08JA013,1979-04-19,29.899999618530277,
08JA013,1979-05-19,31.700000762939453,
08JA013,1979-06-19,33.70000076293945,
08JA013,1979-07-19,81.0999984741211,
08JA013,1979-08-19,34.0,
08JA013,1979-09-19,33.599998474121094,
08JA013,1979-10-19,33.29999923706055,
08JA013,1979-11-19,17.100000381469727,
08JA013,1979-12-19,12.5,
08JA013,1980-01-19,15.0,
08JA013,1980-02-19,15.600000381469728,
08JA013,1980-03-19,15.0,
08JA013,1980-04-19,15.0,
08JA013,1980-05-19,15.300000190734863,
08JA013,1980-06-19,11.899999618530272,
08JA013,1980-07-19,22.600000381469727,
08JA013,1980-08-19,14.199999809265137,
08JA013,1980-09-19,32.29999923706055,
08JA013,1980-10-19,32.5,
08JA013,1980-11-19,32.599998474121094,
08JA013,1980-12-19,32.70000076293945,
08JA013,1981-01-19,33.0,
08JA013,1981-02-19,32.79999923706055,
08JA013,1981-03-19,32.599998474121094,
08JA013,1981-04-19,57.09999847412109,
08JA013,1981-05-19,57.29999923706055,
08JA013,1981-06-19,61.70000076293945,
08JA013,1981-07-19,56.59999847412109,
08JA013,1981-08-19,194.0,
08JA013,1981-09-19,30.899999618530277,
08JA013,1981-10-19,28.299999237060547,
08JA013,1981-11-19,32.5,
08JA013,1981-12-19,32.400001525878906,
08JA013,1982-01-19,32.099998474121094,
08JA013,1982-02-19,31.799999237060547,
08JA013,1982-03-19,31.100000381469727,
08JA013,1982-04-19,55.400001525878906,
08JA013,1982-05-19,20.700000762939453,
08JA013,1982-06-19,58.29999923706055,
08JA013,1982-07-19,392.0,
08JA013,1982-08-19,14.100000381469728,
08JA013,1982-09-19,31.100000381469727,
08JA013,1982-10-19,31.100000381469727,
08JA013,1982-11-19,31.100000381469727,
08JA013,1982-12-19,31.100000381469727,
08JA013,1983-01-19,31.100000381469727,
08JA013,1983-02-19,31.100000381469727,
08JA013,1983-03-19,31.100000381469727,
08JA013,1983-04-19,49.59999847412109,
08JA013,1983-05-19,49.59999847412109,
08JA013,1983-06-19,56.29999923706055,
08JA013,1983-07-19,453.0,
08JA013,1983-08-19,54.59999847412109,
08JA013,1983-09-19,31.100000381469727,
08JA013,1983-10-19,30.700000762939453,
08JA013,1983-11-19,31.100000381469727,
08JA013,1983-12-19,30.899999618530277,
08JA013,1984-01-19,30.600000381469727,
08JA013,1984-02-19,30.399999618530277,
08JA013,1984-03-19,30.200000762939453,
08JA013,1984-04-19,53.5,
08JA013,1984-05-19,54.400001525878906,
08JA013,1984-06-19,54.09999847412109,
08JA013,1984-07-19,170.0,
08JA013,1984-08-19,14.199999809265137,
08JA013,1984-09-19,30.899999618530277,
08JA013,1984-10-19,31.299999237060547,
08JA013,1984-11-19,31.100000381469727,
08JA013,1984-12-19,31.100000381469727,
08JA013,1985-01-19,30.700000762939453,
08JA013,1985-02-19,30.399999618530277,
08JA013,1985-03-19,30.299999237060547,
08JA013,1985-04-19,58.0,
08JA013,1985-05-19,54.0,
08JA013,1985-06-19,58.900001525878906,
08JA013,1985-07-19,280.0,
08JA013,1985-08-19,13.899999618530272,
08JA013,1985-09-19,63.29999923706055,
08JA013,1985-10-19,60.20000076293945,
08JA013,1985-11-19,33.29999923706055,
08JA013,1985-12-19,34.5,
08JA013,1986-01-19,33.70000076293945,
08JA013,1986-02-19,32.70000076293945,
08JA013,1986-03-19,32.400001525878906,
08JA013,1986-04-19,59.70000076293945,
08JA013,1986-05-19,49.0,
08JA013,1986-06-19,49.0,
08JA013,1986-07-19,263.0,
08JA013,1986-08-19,113.0,
08JA013,1986-09-19,28.299999237060547,
08JA013,1986-10-19,20.5,
08JA013,1986-11-19,32.79999923706055,
08JA013,1986-12-19,36.20000076293945,
08JA013,1987-01-19,36.0,
08JA013,1987-02-19,34.5,
08JA013,1987-03-19,34.099998474121094,
08JA013,1987-04-19,58.0,
08JA013,1987-05-19,54.09999847412109,
08JA013,1987-06-19,58.20000076293945,
08JA013,1987-07-19,340.0,
08JA013,1987-08-19,14.199999809265137,
08JA013,1987-09-19,56.59999847412109,
08JA013,1987-10-19,31.100000381469727,
08JA013,1987-11-19,34.0,
08JA013,1987-12-19,35.099998474121094,
08JA013,1988-01-19,34.0,
08JA013,1988-02-19,33.099998474121094,
08JA013,1988-03-19,32.29999923706055,
08JA013,1988-04-19,55.0,
08JA013,1988-05-19,48.59999847412109,
08JA013,1988-06-19,48.29999923706055,
08JA013,1988-07-19,170.0,
08JA013,1988-08-19,29.899999618530277,
08JA013,1988-09-19,29.899999618530277,
08JA013,1988-10-19,30.0,
08JA013,1988-11-19,31.0,
08JA013,1988-12-19,30.799999237060547,
08JA013,1989-01-19,30.299999237060547,
08JA013,1989-02-19,29.700000762939453,
08JA013,1989-03-19,29.399999618530277,
08JA013,1989-04-19,48.09999847412109,
08JA013,1989-05-19,48.0,
08JA013,1989-06-19,48.20000076293945,
08JA013,1989-07-19,289.0,
08JA013,1989-08-19,14.199999809265137,
08JA013,1989-09-19,32.599998474121094,
08JA013,1989-10-19,32.599998474121094,
08JA013,1989-11-19,35.0,
08JA013,1989-12-19,35.099998474121094,
08JA013,1990-01-19,35.29999923706055,
08JA013,1990-02-19,34.79999923706055,
08JA013,1990-03-19,34.0,
08JA013,1990-04-19,252.0,
08JA013,1990-05-19,49.70000076293945,
08JA013,1990-06-19,49.0,
08JA013,1990-07-19,170.0,
08JA013,1990-08-19,14.199999809265137,
08JA013,1990-09-19,30.700000762939453,
08JA013,1990-10-19,33.400001525878906,
08JA013,1990-11-19,33.29999923706055,
08JA013,1990-12-19,32.79999923706055,
08JA013,1991-01-19,32.29999923706055,
08JA013,1991-02-19,32.0,
08JA013,1991-03-19,50.5,
08JA013,1991-04-19,83.5,
08JA013,1991-05-19,49.59999847412109,
08JA013,1991-06-19,49.20000076293945,
08JA013,1991-07-19,170.0,
08JA013,1991-08-19,14.199999809265137,
08JA013,1991-09-19,31.0,
08JA013,1991-10-19,32.79999923706055,
08JA013,1991-11-19,32.599998474121094,
08JA013,1991-12-19,32.29999923706055,
08JA013,1992-01-19,31.899999618530277,
08JA013,1992-02-19,31.5,
08JA013,1992-03-19,31.399999618530277,
08JA013,1992-04-19,31.5,
08JA013,1992-05-19,50.09999847412109,
08JA013,1992-06-19,51.0,
08JA013,1992-07-19,278.0,
08JA013,1992-08-19,14.199999809265137,
08JA013,1992-09-19,32.599998474121094,
08JA013,1992-10-19,33.0,
08JA013,1992-11-19,33.400001525878906,
08JA013,1992-12-19,33.0,
08JA013,1993-01-19,32.5,
08JA013,1993-02-19,32.900001525878906,
08JA013,1993-03-19,32.400001525878906,
08JA013,1993-04-19,32.79999923706055,
08JA013,1993-05-19,49.79999923706055,
08JA013,1993-06-19,49.29999923706055,
08JA013,1993-07-19,156.0,
08JA013,1993-08-19,14.199999809265137,
08JA013,1993-09-19,32.20000076293945,
08JA013,1993-10-19,32.5,
08JA013,1993-11-19,33.70000076293945,
08JA013,1993-12-19,33.400001525878906,
08JA013,1994-01-19,32.900001525878906,
08JA013,1994-02-19,32.5,
08JA013,1994-03-19,32.099998474121094,
08JA013,1994-04-19,49.59999847412109,
08JA013,1994-05-19,49.70000076293945,
08JA013,1994-06-19,50.09999847412109,
08JA013,1994-07-19,212.0,
08JA013,1994-08-19,14.199999809265137,
08JA013,1994-09-19,31.399999618530277,
08JA013,1994-10-19,31.299999237060547,
08JA013,1994-11-19,31.100000381469727,
08JA013,1994-12-19,40.400001525878906,
08JA013,1995-01-19,36.29999923706055,
08JA013,1995-02-19,35.5,
08JA013,1995-03-19,41.5,
08JA013,1995-04-19,40.59999847412109,
08JA013,1995-05-19,49.0,
08JA013,1995-06-19,49.29999923706055,
08JA013,1995-07-19,453.0,
08JA013,1995-08-19,14.300000190734863,
08JA013,1995-09-19,31.899999618530277,
08JA013,1995-10-19,32.5,
08JA013,1995-11-19,34.900001525878906,
08JA013,1995-12-19,34.400001525878906,
08JA013,1996-01-19,34.099998474121094,
08JA013,1996-02-19,33.70000076293945,
08JA013,1996-03-19,33.20000076293945,
08JA013,1996-04-19,33.29999923706055,
08JA013,1996-05-19,51.0,
08JA013,1996-06-19,55.20000076293945,
08JA013,1996-07-19,255.0,
08JA013,1996-08-19,118.0,
08JA013,1996-09-19,57.0,
08JA013,1996-10-19,225.0,
08JA013,1996-11-19,60.900001525878906,
08JA013,1996-12-19,60.20000076293945,
08JA013,1997-01-19,59.20000076293945,
08JA013,1997-02-19,58.09999847412109,
08JA013,1997-03-19,57.0,
08JA013,1997-04-19,56.5,
08JA013,1997-05-19,144.0,
08JA013,1997-06-19,287.0,
08JA013,1997-07-19,340.0,
08JA013,1997-08-19,326.0,
08JA013,1997-09-19,86.30000305175781,
08JA013,1997-10-19,85.5999984741211,
08JA013,1997-11-19,57.0,
08JA013,1997-12-19,56.20000076293945,
08JA013,1998-01-19,55.09999847412109,
08JA013,1998-02-19,53.79999923706055,
08JA013,1998-03-19,52.400001525878906,
08JA013,1998-04-19,51.09999847412109,
08JA013,1998-05-19,53.0,
08JA013,1998-06-19,53.79999923706055,
08JA013,1998-07-19,453.0,
08JA013,1998-08-19,14.699999809265137,
08JA013,1998-09-19,56.70000076293945,
08JA013,1998-10-19,30.100000381469727,
08JA013,1998-11-19,29.700000762939453,
08JA013,1998-12-19,30.200000762939453,
08JA013,1999-01-19,29.799999237060547,
08JA013,1999-02-19,29.399999618530277,
08JA013,1999-03-19,29.799999237060547,
08JA013,1999-04-19,29.299999237060547,
08JA013,1999-05-19,48.900001525878906,
08JA013,1999-06-19,49.400001525878906,
08JA013,1999-07-19,194.0,
08JA013,1999-08-19,15.199999809265137,
08JA013,1999-09-19,32.900001525878906,
08JA013,1999-10-19,33.5,
08JA013,1999-11-19,33.099998474121094,
08JA013,1999-12-19,32.599998474121094,
08JA013,2000-01-19,32.900001525878906,
08JA013,2000-02-19,33.0,
08JA013,2000-03-19,33.0,
08JA013,2000-04-19,33.099998474121094,
08JA013,2000-05-19,14.199999809265137,
08JA013,2000-06-19,49.20000076293945,
08JA013,2000-07-19,170.0,
08JA013,2000-08-19,14.0,
08JA013,2000-09-19,32.900001525878906,
08JA013,2000-10-19,32.5,
08JA013,2000-11-19,32.099998474121094,
08JA013,2000-12-19,32.70000076293945,
08JA013,2001-01-19,32.400001525878906,
08JA013,2001-02-19,32.79999923706055,
08JA013,2001-03-19,32.29999923706055,
08JA013,2001-04-19,32.599998474121094,
08JA013,2001-05-19,52.59999847412109,
08JA013,2001-06-19,52.5,
08JA013,2001-07-19,189.0,
08JA013,2001-08-19,14.0,
08JA013,2001-09-19,30.0,
08JA013,2001-10-19,30.0,
08JA013,2001-11-19,30.0,
08JA013,2001-12-19,30.0,
08JA013,2002-01-19,31.600000381469727,
08JA013,2002-02-19,31.200000762939453,
08JA013,2002-03-19,30.600000381469727,
08JA013,2002-04-19,30.299999237060547,
08JA013,2002-05-19,55.20000076293945,
08JA013,2002-06-19,54.5,
08JA013,2002-07-19,227.0,
08JA013,2002-08-19,14.800000190734863,
08JA013,2002-09-19,30.0,
08JA013,2002-10-19,30.0,
08JA013,2002-11-19,55.29999923706055,
08JA013,2002-12-19,85.0,
08JA013,2003-01-19,31.399999618530277,
08JA013,2003-02-19,30.899999618530277,
08JA013,2003-03-19,30.399999618530277,
08JA013,2003-04-19,29.899999618530277,
08JA013,2003-05-19,48.70000076293945,
08JA013,2003-06-19,50.0,
08JA013,2003-07-19,307.0,
08JA013,2003-08-19,14.300000190734863,
08JA013,2003-09-19,33.0,
08JA013,2003-10-19,32.70000076293945,
08JA013,2003-11-19,32.900001525878906,
08JA013,2003-12-19,32.29999923706055,
08JA013,2004-01-19,32.599998474121094,
08JA013,2004-02-19,33.0,
08JA013,2004-03-19,33.400001525878906,
08JA013,2004-04-19,33.0,
08JA013,2004-05-19,53.20000076293945,
08JA013,2004-06-19,53.400001525878906,
08JA013,2004-07-19,452.0,
08JA013,2004-08-19,14.399999618530272,
08JA013,2004-09-19,30.399999618530277,
08JA013,2004-10-19,29.899999618530277,
08JA013,2004-11-19,30.700000762939453,
08JA013,2004-12-19,31.100000381469727,
08JA013,2005-01-19,31.100000381469727,
08JA013,2005-02-19,31.399999618530277,
08JA013,2005-03-19,44.70000076293945,
08JA013,2005-04-19,58.70000076293945,
08JA013,2005-05-19,175.0,
08JA013,2005-06-19,130.0,
08JA013,2005-07-19,210.0,
08JA013,2005-08-19,14.899999618530272,
08JA013,2005-09-19,32.29999923706055,
08JA013,2005-10-19,85.80000305175781,
08JA013,2005-11-19,86.5,
08JA013,2005-12-19,85.80000305175781,
08JA013,2006-01-19,84.5,
08JA013,2006-02-19,33.099998474121094,
08JA013,2006-03-19,32.5,
08JA013,2006-04-19,32.900001525878906,
08JA013,2006-05-19,49.79999923706055,
08JA013,2006-06-19,49.79999923706055,
08JA013,2006-07-19,446.0,
08JA013,2006-08-19,14.300000190734863,
08JA013,2006-09-19,31.600000381469727,
08JA013,2006-10-19,32.0,
08JA013,2006-11-19,33.29999923706055,
08JA013,2006-12-19,33.20000076293945,
08JA013,2007-01-19,33.099998474121094,
08JA013,2007-02-19,32.79999923706055,
08JA013,2007-03-19,42.29999923706055,
08JA013,2007-04-19,265.0,
08JA013,2007-05-19,155.0,
08JA013,2007-06-19,497.0,
08JA013,2007-07-19,520.0,
08JA013,2007-08-19,375.0,
08JA013,2007-09-19,62.5,
08JA013,2007-10-19,75.0,
08JA013,2007-11-19,56.900001525878906,
08JA013,2007-12-19,83.5999984741211,
08JA013,2008-01-19,82.0,
08JA013,2008-02-19,79.80000305175781,
08JA013,2008-03-19,33.400001525878906,
08JA013,2008-04-19,32.599998474121094,
08JA013,2008-05-19,49.900001525878906,
08JA013,2008-06-19,49.29999923706055,
08JA013,2008-07-19,222.0,
08JA013,2008-08-19,14.600000381469728,
08JA013,2008-09-19,33.0,
08JA013,2008-10-19,33.599998474121094,
08JA013,2008-11-19,33.400001525878906,
08JA013,2008-12-19,35.5,
08JA013,2009-01-19,35.099998474121094,
08JA013,2009-02-19,34.400001525878906,
08JA013,2009-03-19,33.70000076293945,
08JA013,2009-04-19,33.0,
08JA013,2009-05-19,50.09999847412109,
08JA013,2009-06-19,49.70000076293945,
08JA013,2009-07-19,332.0,
08JA013,2009-08-19,14.5,
08JA013,2009-09-19,32.20000076293945,
08JA013,2009-10-19,33.79999923706055,
08JA013,2009-11-19,34.0,
08JA013,2009-12-19,33.70000076293945,
08JA013,2010-01-19,33.20000076293945,
08JA013,2010-02-19,32.599998474121094,
08JA013,2010-03-19,31.899999618530277,
08JA013,2010-04-19,31.299999237060547,
08JA013,2010-05-19,49.59999847412109,
08JA013,2010-06-19,49.900001525878906,
08JA013,2010-07-19,289.0,
08JA013,2010-08-19,14.800000190734863,
08JA013,2010-09-19,32.5,
08JA013,2010-10-19,33.70000076293945,
08JA013,2010-11-19,74.69999694824219,
08JA013,2010-12-19,73.80000305175781,
08JA013,2011-01-19,33.79999923706055,
08JA013,2011-02-19,33.400001525878906,
08JA013,2011-03-19,32.79999923706055,
08JA013,2011-04-19,32.20000076293945,
08JA013,2011-05-19,81.5,
08JA013,2011-06-19,325.0,
08JA013,2011-07-19,326.0,
08JA013,2011-08-19,331.0,
08JA013,2011-09-19,64.9000015258789,
08JA013,2011-10-19,393.0,
08JA013,2011-11-19,59.70000076293945,
08JA013,2011-12-19,59.5,
08JA013,2012-01-19,80.0,
08JA013,2012-02-19,99.1999969482422,
08JA013,2012-03-19,121.0,
08JA013,2012-04-19,117.0,
08JA013,2012-05-19,225.0,
08JA013,2012-06-19,237.0,
08JA013,2012-07-19,291.0,
08JA013,2012-08-19,290.0,
08JA013,2012-09-19,64.19999694824219,
08JA013,2012-10-19,63.5,
08JA013,2012-11-19,39.20000076293945,
08JA013,2012-12-19,38.5,
08JA013,2013-01-19,31.600000381469727,
08JA013,2013-02-19,30.799999237060547,
08JA013,2013-03-19,30.200000762939453,
08JA013,2013-04-19,36.900001525878906,
08JA013,2013-05-19,49.29999923706055,
08JA013,2013-06-19,49.70000076293945,
08JA013,2013-07-19,407.0,
08JA013,2013-08-19,14.0,
08JA013,2013-09-19,31.600000381469727,
08JA013,2013-10-19,31.200000762939453,
08JA013,2013-11-19,34.599998474121094,
08JA013,2013-12-19,33.79999923706055,
08JA013,2014-01-19,33.400001525878906,
08JA013,2014-02-19,32.70000076293945,
08JA013,2014-03-19,32.20000076293945,
08JA013,2014-04-19,49.09999847412109,
08JA013,2014-05-19,50.09999847412109,
08JA013,2014-06-19,48.5,
08JA013,2014-07-19,13.800000190734863,
08JA013,2014-08-19,14.399999618530272,
08JA013,2014-09-19,31.600000381469727,
08JA013,2014-10-19,33.599998474121094,
08JA013,2014-11-19,34.29999923706055,
08JA013,2014-12-19,34.29999923706055,
08JA013,2015-01-19,34.099998474121094,
08JA013,2015-02-19,45.29999923706055,
08JA013,2015-03-19,45.5,
08JA013,2015-04-19,286.0,
08JA013,2015-05-19,295.0,
08JA013,2015-06-19,401.0,
08JA013,2015-07-19,204.0,
08JA013,2015-08-19,14.899999618530272,
08JA013,2015-09-19,32.29999923706055,
08JA013,2015-10-19,32.20000076293945,
08JA013,2015-11-19,30.799999237060547,
08JA013,2015-12-19,30.299999237060547,
08JA013,2016-01-19,29.700000762939453,
08JA013,2016-02-19,29.200000762939453,
08JA013,2016-03-19,29.799999237060547,
08JA013,2016-04-19,49.09999847412109,
08JA013,2016-05-19,49.20000076293945,
08JA013,2016-06-19,49.29999923706055,
08JA013,2016-07-19,323.0,
08JA013,2016-08-19,14.399999618530272,
08JA013,2016-09-19,31.100000381469727,
08JA013,2016-10-19,31.899999618530277,
08JA013,2016-11-19,32.599998474121094,
08JA013,2016-12-19,31.399999618530277,
08JA013,2017-01-19,31.0,
08JA013,2017-02-19,30.600000381469727,
08JA013,2017-03-19,32.29999923706055,
08JA013,2017-04-19,31.899999618530277,
08JA013,2017-05-19,200.0,
08JA013,2017-06-19,195.0,
08JA013,2017-07-19,170.0,
08JA013,2017-08-19,14.600000381469728,
08JA013,2017-09-19,32.20000076293945,
08JA013,2017-10-19,32.400001525878906,
08JA013,2017-11-19,65.5999984741211,
08JA013,2017-12-19,79.0,
08JA013,2018-01-19,56.09999847412109,
08JA013,2018-02-19,35.70000076293945,
08JA013,2018-03-19,49.59999847412109,
08JA013,2018-04-19,84.0,
08JA013,2018-05-19,152.0,
08JA013,2018-06-19,186.0,
08JA013,2018-07-19,224.0,
08JA013,2018-08-19,26.899999618530277,
08JA013,2018-09-19,32.79999923706055,
08JA013,2018-10-19,27.899999618530277,
08JA013,2018-11-19,32.79999923706055,
08JA013,2018-12-19,32.29999923706055,
08JA013,2019-01-19,31.799999237060547,
08JA013,2019-02-19,31.100000381469727,
08JA013,2019-03-19,30.299999237060547,
08JA013,2019-04-19,49.5,
08JA013,2019-05-19,50.900001525878906,
08JA013,2019-06-19,48.29999923706055,
08JA013,2019-07-19,292.0,
08JA013,2019-08-19,14.5,
08JA013,2019-09-19,32.0,
08JA013,2019-10-19,31.700000762939453,
08JA013,2019-11-19,31.899999618530277,
08JA013,2019-12-19,32.0,
08JA013,2020-01-19,31.799999237060547,
08JA013,2020-02-19,31.5,
08JA013,2020-03-19,32.900001525878906,
08JA013,2020-04-19,34.20000076293945,
08JA013,2020-05-19,49.29999923706055,
08JA013,2020-06-19,48.29999923706055,
08JA013,2020-07-19,241.0,
08JA013,2020-08-19,14.899999618530272,
08JA013,2020-09-19,32.20000076293945,
08JA013,2020-10-19,49.400001525878906,
08JA013,2020-11-19,61.900001525878906,
08JA013,2020-12-19,85.0,
08JA013,2021-01-19,84.5,
08JA013,2021-02-19,82.9000015258789,
08JA013,2021-03-19,99.9000015258789,
08JA013,2021-04-19,199.0,
08JA013,2021-05-19,200.0,
08JA013,2021-06-19,202.0,
08JA013,2021-07-19,367.0,
08JA013,2021-08-19,276.0,
08JA013,2021-09-19,78.69999694824219,
08JA013,2021-10-19,298.0,
08JA013,2021-11-19,40.29999923706055,
08JA013,2021-12-19,40.20000076293945,
08JA013,2022-01-19,39.900001525878906,
08JA013,2022-02-19,39.59999847412109,
08JA013,2022-03-19,41.400001525878906,
08JA013,2022-04-19,41.400001525878906,
08JA013,2022-05-19,117.0,
08JA013,2022-06-19,289.0,
08JA013,2022-07-19,390.0,
08JA013,2022-08-19,255.0,
08JA013,2022-09-19,58.70000076293945,
08JA013,2022-10-19,60.0,
08JA013,2022-11-19,38.59999847412109,
08JA013,2022-12-19,33.5,
08JA013,2023-01-19,32.900001525878906,
08JA013,2023-02-19,32.400001525878906,
08JA013,2023-03-19,34.0,
08JA013,2023-04-19,33.20000076293945,
08JA013,2023-05-19,55.20000076293945,
08JA013,2023-06-19,50.5,
08JA013,2023-07-19,450.0,
08JA013,2023-08-19,168.0,
08JA013,2023-09-19,32.900001525878906,
08JA013,2023-10-19,32.79999923706055,
08JA013,2023-11-19,32.5,
08JA013,2023-12-19,32.099998474121094,
08JA013,2024-01-19,31.600000381469727,
08JA013,2024-02-19,33.0,
08JA013,2024-03-19,32.400001525878906,
08JA013,2024-04-19,31.899999618530277,
08JA013,2024-05-19,49.79999923706055,
08JA013,2024-06-19,51.70000076293945,
08JA013,2024-07-19,448.0,
08JA013,2024-08-19,169.0,
08JA013,2024-09-19,31.799999237060547,
08JA013,2024-10-19,32.099998474121094,
08JA013,2024-11-19,32.0,
08JA013,2024-12-19,32.099998474121094,
08JA013,2025-01-19,32.0,
08JA013,2025-02-19,31.399999618530277,
08JA013,2025-03-19,31.0,
08JA013,2025-04-19,30.799999237060547,
08JA013,2025-05-19,92.4000015258789,
08JA013,2025-06-19,32.70000076293945,
08JA013,2025-07-19,345.0,
08JA013,2025-08-19,14.199999809265137,
08JA013,2025-09-19,31.399999618530277,
08JA013,2025-10-19,31.200000762939453,
08JA013,2025-11-19,31.5,
08JA013,2025-12-19,32.0,
08JA013,1955-06-20,,
08JA013,1955-11-20,25.5,
08JA013,1956-01-20,7.079999923706055,
08JA013,1956-02-20,5.659999847412109,
08JA013,1956-03-20,5.659999847412109,
08JA013,1956-04-20,5.659999847412109,
08JA013,1956-05-20,0.0,
08JA013,1956-06-20,0.0,
08JA013,1956-07-20,0.0,
08JA013,1956-08-20,8.5,
08JA013,1956-09-20,0.0,
08JA013,1956-10-20,0.0,
08JA013,1956-11-20,0.0,
08JA013,1956-12-20,19.799999237060547,
08JA013,1957-01-20,234.0,
08JA013,1957-02-20,261.0,
08JA013,1957-03-20,283.0,
08JA013,1957-04-20,0.0,
08JA013,1957-05-20,266.0,
08JA013,1957-06-20,345.0,
08JA013,1957-07-20,0.0,
08JA013,1957-08-20,323.0,
08JA013,1957-09-20,79.30000305175781,
08JA013,1957-10-20,155.0,
08JA013,1957-11-20,200.0,
08JA013,1957-12-20,246.0,
08JA013,1958-01-20,294.0,
08JA013,1958-02-20,252.0,
08JA013,1958-03-20,331.0,
08JA013,1958-04-20,331.0,
08JA013,1958-05-20,0.0,
08JA013,1958-06-20,274.0,
08JA013,1958-07-20,306.0,
08JA013,1958-08-20,294.0,
08JA013,1958-09-20,343.0,
08JA013,1958-10-20,334.0,
08JA013,1958-11-20,311.0,
08JA013,1958-12-20,126.0,
08JA013,1959-01-20,124.0,
08JA013,1959-02-20,65.0999984741211,
08JA013,1959-03-20,63.400001525878906,
08JA013,1959-04-20,63.400001525878906,
08JA013,1959-05-20,154.0,
08JA013,1959-06-20,0.0,
08JA013,1959-07-20,309.0,
08JA013,1959-08-20,328.0,
08JA013,1959-09-20,371.0,
08JA013,1959-10-20,399.0,
08JA013,1959-11-20,111.0,
08JA013,1959-12-20,278.0,
08JA013,1960-01-20,68.80000305175781,
08JA013,1960-02-20,120.0,
08JA013,1960-03-20,137.0,
08JA013,1960-04-20,263.0,
08JA013,1960-05-20,292.0,
08JA013,1960-06-20,161.0,
08JA013,1960-07-20,173.0,
08JA013,1960-08-20,265.0,
08JA013,1960-09-20,264.0,
08JA013,1960-10-20,141.0,
08JA013,1960-11-20,186.0,
08JA013,1960-12-20,91.6999969482422,
08JA013,1961-01-20,59.70000076293945,
08JA013,1961-02-20,42.5,
08JA013,1961-03-20,42.5,
08JA013,1961-04-20,59.5,
08JA013,1961-05-20,340.0,
08JA013,1961-06-20,274.0,
08JA013,1961-07-20,362.0,
08JA013,1961-08-20,343.0,
08JA013,1961-09-20,481.0,
08JA013,1961-10-20,29.200000762939453,
08JA013,1961-11-20,30.600000381469727,
08JA013,1961-12-20,29.700000762939453,
08JA013,1962-01-20,30.0,
08JA013,1962-02-20,30.600000381469727,
08JA013,1962-03-20,30.600000381469727,
08JA013,1962-04-20,30.600000381469727,
08JA013,1962-05-20,182.0,
08JA013,1962-06-20,198.0,
08JA013,1962-07-20,56.09999847412109,
08JA013,1962-08-20,231.0,
08JA013,1962-09-20,227.0,
08JA013,1962-10-20,222.0,
08JA013,1962-11-20,221.0,
08JA013,1962-12-20,46.400001525878906,
08JA013,1963-01-20,46.70000076293945,
08JA013,1963-02-20,46.70000076293945,
08JA013,1963-03-20,46.400001525878906,
08JA013,1963-04-20,46.20000076293945,
08JA013,1963-05-20,334.0,
08JA013,1963-06-20,337.0,
08JA013,1963-07-20,192.0,
08JA013,1963-08-20,199.0,
08JA013,1963-09-20,194.0,
08JA013,1963-10-20,193.0,
08JA013,1963-11-20,171.0,
08JA013,1963-12-20,42.20000076293945,
08JA013,1964-01-20,42.79999923706055,
08JA013,1964-02-20,43.0,
08JA013,1964-03-20,42.5,
08JA013,1964-04-20,41.59999847412109,
08JA013,1964-05-20,411.0,
08JA013,1964-06-20,416.0,
08JA013,1964-07-20,314.0,
08JA013,1964-08-20,201.0,
08JA013,1964-09-20,198.0,
08JA013,1964-10-20,124.0,
08JA013,1964-11-20,71.5999984741211,
08JA013,1964-12-20,70.80000305175781,
08JA013,1965-01-20,69.9000015258789,
08JA013,1965-02-20,69.0999984741211,
08JA013,1965-03-20,68.0,
08JA013,1965-04-20,67.0999984741211,
08JA013,1965-05-20,192.0,
08JA013,1965-06-20,199.0,
08JA013,1965-07-20,203.0,
08JA013,1965-08-20,201.0,
08JA013,1965-09-20,87.19999694824219,
08JA013,1965-10-20,88.9000015258789,
08JA013,1965-11-20,45.900001525878906,
08JA013,1965-12-20,46.20000076293945,
08JA013,1966-01-20,46.20000076293945,
08JA013,1966-02-20,45.900001525878906,
08JA013,1966-03-20,45.29999923706055,
08JA013,1966-04-20,45.29999923706055,
08JA013,1966-05-20,224.0,
08JA013,1966-06-20,231.0,
08JA013,1966-07-20,0.0,
08JA013,1966-08-20,61.20000076293945,
08JA013,1966-09-20,337.0,
08JA013,1966-10-20,227.0,
08JA013,1966-11-20,88.30000305175781,
08JA013,1966-12-20,88.0999984741211,
08JA013,1967-01-20,87.19999694824219,
08JA013,1967-02-20,85.80000305175781,
08JA013,1967-03-20,84.4000015258789,
08JA013,1967-04-20,337.0,
08JA013,1967-05-20,269.0,
08JA013,1967-06-20,121.0,
08JA013,1967-07-20,280.0,
08JA013,1967-08-20,228.0,
08JA013,1967-09-20,87.80000305175781,
08JA013,1967-10-20,149.0,
08JA013,1967-11-20,94.9000015258789,
08JA013,1967-12-20,60.29999923706055,
08JA013,1968-01-20,60.29999923706055,
08JA013,1968-02-20,60.59999847412109,
08JA013,1968-03-20,60.29999923706055,
08JA013,1968-04-20,59.70000076293945,
08JA013,1968-05-20,230.0,
08JA013,1968-06-20,129.0,
08JA013,1968-07-20,348.0,
08JA013,1968-08-20,191.0,
08JA013,1968-09-20,242.0,
08JA013,1968-10-20,235.0,
08JA013,1968-11-20,91.5,
08JA013,1968-12-20,91.5,
08JA013,1969-01-20,89.80000305175781,
08JA013,1969-02-20,87.80000305175781,
08JA013,1969-03-20,85.80000305175781,
08JA013,1969-04-20,83.80000305175781,
08JA013,1969-05-20,85.19999694824219,
08JA013,1969-06-20,165.0,
08JA013,1969-07-20,34.79999923706055,
08JA013,1969-08-20,159.0,
08JA013,1969-09-20,156.0,
08JA013,1969-10-20,153.0,
08JA013,1969-11-20,75.9000015258789,
08JA013,1969-12-20,75.9000015258789,
08JA013,1970-01-20,74.80000305175781,
08JA013,1970-02-20,73.0999984741211,
08JA013,1970-03-20,71.5999984741211,
08JA013,1970-04-20,44.70000076293945,
08JA013,1970-05-20,44.70000076293945,
08JA013,1970-06-20,47.29999923706055,
08JA013,1970-07-20,48.09999847412109,
08JA013,1970-08-20,90.9000015258789,
08JA013,1970-09-20,117.0,
08JA013,1970-10-20,116.0,
08JA013,1970-11-20,61.400001525878906,
08JA013,1970-12-20,60.29999923706055,
08JA013,1971-01-20,59.5,
08JA013,1971-02-20,58.59999847412109,
08JA013,1971-03-20,57.5,
08JA013,1971-04-20,51.79999923706055,
08JA013,1971-05-20,62.900001525878906,
08JA013,1971-06-20,61.400001525878906,
08JA013,1971-07-20,65.0999984741211,
08JA013,1971-08-20,174.0,
08JA013,1971-09-20,171.0,
08JA013,1971-10-20,210.0,
08JA013,1971-11-20,75.9000015258789,
08JA013,1971-12-20,75.30000305175781,
08JA013,1972-01-20,74.19999694824219,
08JA013,1972-02-20,72.5,
08JA013,1972-03-20,71.4000015258789,
08JA013,1972-04-20,348.0,
08JA013,1972-05-20,0.0,
08JA013,1972-06-20,0.0,
08JA013,1972-07-20,428.0,
08JA013,1972-08-20,286.0,
08JA013,1972-09-20,174.0,
08JA013,1972-10-20,215.0,
08JA013,1972-11-20,73.5999984741211,
08JA013,1972-12-20,72.19999694824219,
08JA013,1973-01-20,71.0999984741211,
08JA013,1973-02-20,69.69999694824219,
08JA013,1973-03-20,68.0,
08JA013,1973-04-20,66.30000305175781,
08JA013,1973-05-20,43.29999923706055,
08JA013,1973-06-20,46.20000076293945,
08JA013,1973-07-20,176.0,
08JA013,1973-08-20,114.0,
08JA013,1973-09-20,33.400001525878906,
08JA013,1973-10-20,33.400001525878906,
08JA013,1973-11-20,49.79999923706055,
08JA013,1973-12-20,49.29999923706055,
08JA013,1974-01-20,48.400001525878906,
08JA013,1974-02-20,47.59999847412109,
08JA013,1974-03-20,46.70000076293945,
08JA013,1974-04-20,251.0,
08JA013,1974-05-20,0.0,
08JA013,1974-06-20,0.0,
08JA013,1974-07-20,228.0,
08JA013,1974-08-20,15.300000190734863,
08JA013,1974-09-20,25.600000381469727,
08JA013,1974-10-20,203.0,
08JA013,1974-11-20,77.30000305175781,
08JA013,1974-12-20,72.5,
08JA013,1975-01-20,75.5999984741211,
08JA013,1975-02-20,74.19999694824219,
08JA013,1975-03-20,73.0999984741211,
08JA013,1975-04-20,71.9000015258789,
08JA013,1975-05-20,88.9000015258789,
08JA013,1975-06-20,93.6999969482422,
08JA013,1975-07-20,91.1999969482422,
08JA013,1975-08-20,200.0,
08JA013,1975-09-20,97.0999984741211,
08JA013,1975-10-20,227.0,
08JA013,1975-11-20,147.0,
08JA013,1975-12-20,86.4000015258789,
08JA013,1976-01-20,85.5,
08JA013,1976-02-20,84.4000015258789,
08JA013,1976-03-20,83.0,
08JA013,1976-04-20,413.0,
08JA013,1976-05-20,149.0,
08JA013,1976-06-20,368.0,
08JA013,1976-07-20,436.0,
08JA013,1976-08-20,439.0,
08JA013,1976-09-20,227.0,
08JA013,1976-10-20,283.0,
08JA013,1976-11-20,278.0,
08JA013,1976-12-20,176.0,
08JA013,1977-01-20,172.0,
08JA013,1977-02-20,168.0,
08JA013,1977-03-20,163.0,
08JA013,1977-04-20,0.0,
08JA013,1977-05-20,0.0,
08JA013,1977-06-20,199.0,
08JA013,1977-07-20,191.0,
08JA013,1977-08-20,105.0,
08JA013,1977-09-20,0.0,
08JA013,1977-10-20,51.5,
08JA013,1977-11-20,51.5,
08JA013,1977-12-20,51.29999923706055,
08JA013,1978-01-20,50.400001525878906,
08JA013,1978-02-20,54.400001525878906,
08JA013,1978-03-20,52.70000076293945,
08JA013,1978-04-20,51.0,
08JA013,1978-05-20,52.70000076293945,
08JA013,1978-06-20,39.09999847412109,
08JA013,1978-07-20,36.20000076293945,
08JA013,1978-08-20,34.29999923706055,
08JA013,1978-09-20,34.0,
08JA013,1978-10-20,33.400001525878906,
08JA013,1978-11-20,36.79999923706055,
08JA013,1978-12-20,34.5,
08JA013,1979-01-20,32.599998474121094,
08JA013,1979-02-20,31.600000381469727,
08JA013,1979-03-20,30.700000762939453,
08JA013,1979-04-20,29.700000762939453,
08JA013,1979-05-20,31.899999618530277,
08JA013,1979-06-20,33.70000076293945,
08JA013,1979-07-20,81.0999984741211,
08JA013,1979-08-20,34.0,
08JA013,1979-09-20,33.599998474121094,
08JA013,1979-10-20,33.29999923706055,
08JA013,1979-11-20,12.699999809265137,
08JA013,1979-12-20,12.5,
08JA013,1980-01-20,15.0,
08JA013,1980-02-20,15.600000381469728,
08JA013,1980-03-20,15.0,
08JA013,1980-04-20,15.0,
08JA013,1980-05-20,15.300000190734863,
08JA013,1980-06-20,11.899999618530272,
08JA013,1980-07-20,22.600000381469727,
08JA013,1980-08-20,14.199999809265137,
08JA013,1980-09-20,32.29999923706055,
08JA013,1980-10-20,32.5,
08JA013,1980-11-20,32.599998474121094,
08JA013,1980-12-20,32.70000076293945,
08JA013,1981-01-20,33.0,
08JA013,1981-02-20,32.79999923706055,
08JA013,1981-03-20,32.599998474121094,
08JA013,1981-04-20,57.09999847412109,
08JA013,1981-05-20,57.5,
08JA013,1981-06-20,61.70000076293945,
08JA013,1981-07-20,158.0,
08JA013,1981-08-20,48.29999923706055,
08JA013,1981-09-20,30.899999618530277,
08JA013,1981-10-20,29.700000762939453,
08JA013,1981-11-20,32.5,
08JA013,1981-12-20,32.400001525878906,
08JA013,1982-01-20,32.099998474121094,
08JA013,1982-02-20,31.799999237060547,
08JA013,1982-03-20,31.0,
08JA013,1982-04-20,55.400001525878906,
08JA013,1982-05-20,39.09999847412109,
08JA013,1982-06-20,58.29999923706055,
08JA013,1982-07-20,405.0,
08JA013,1982-08-20,14.100000381469728,
08JA013,1982-09-20,31.100000381469727,
08JA013,1982-10-20,31.100000381469727,
08JA013,1982-11-20,31.100000381469727,
08JA013,1982-12-20,31.100000381469727,
08JA013,1983-01-20,31.100000381469727,
08JA013,1983-02-20,31.100000381469727,
08JA013,1983-03-20,31.100000381469727,
08JA013,1983-04-20,49.59999847412109,
08JA013,1983-05-20,49.59999847412109,
08JA013,1983-06-20,56.59999847412109,
08JA013,1983-07-20,453.0,
08JA013,1983-08-20,54.400001525878906,
08JA013,1983-09-20,31.100000381469727,
08JA013,1983-10-20,30.700000762939453,
08JA013,1983-11-20,31.100000381469727,
08JA013,1983-12-20,30.899999618530277,
08JA013,1984-01-20,30.600000381469727,
08JA013,1984-02-20,30.399999618530277,
08JA013,1984-03-20,30.200000762939453,
08JA013,1984-04-20,53.5,
08JA013,1984-05-20,54.5,
08JA013,1984-06-20,54.09999847412109,
08JA013,1984-07-20,170.0,
08JA013,1984-08-20,14.199999809265137,
08JA013,1984-09-20,30.899999618530277,
08JA013,1984-10-20,31.299999237060547,
08JA013,1984-11-20,31.100000381469727,
08JA013,1984-12-20,31.100000381469727,
08JA013,1985-01-20,30.700000762939453,
08JA013,1985-02-20,30.399999618530277,
08JA013,1985-03-20,30.299999237060547,
08JA013,1985-04-20,58.0,
08JA013,1985-05-20,54.09999847412109,
08JA013,1985-06-20,59.0,
08JA013,1985-07-20,280.0,
08JA013,1985-08-20,13.800000190734863,
08JA013,1985-09-20,63.29999923706055,
08JA013,1985-10-20,60.20000076293945,
08JA013,1985-11-20,33.29999923706055,
08JA013,1985-12-20,34.5,
08JA013,1986-01-20,33.70000076293945,
08JA013,1986-02-20,32.70000076293945,
08JA013,1986-03-20,32.400001525878906,
08JA013,1986-04-20,59.70000076293945,
08JA013,1986-05-20,45.70000076293945,
08JA013,1986-06-20,50.5,
08JA013,1986-07-20,453.0,
08JA013,1986-08-20,14.199999809265137,
08JA013,1986-09-20,28.299999237060547,
08JA013,1986-10-20,31.700000762939453,
08JA013,1986-11-20,32.79999923706055,
08JA013,1986-12-20,36.20000076293945,
08JA013,1987-01-20,36.0,
08JA013,1987-02-20,34.5,
08JA013,1987-03-20,34.099998474121094,
08JA013,1987-04-20,58.0,
08JA013,1987-05-20,54.09999847412109,
08JA013,1987-06-20,58.29999923706055,
08JA013,1987-07-20,227.0,
08JA013,1987-08-20,14.199999809265137,
08JA013,1987-09-20,56.59999847412109,
08JA013,1987-10-20,31.100000381469727,
08JA013,1987-11-20,34.0,
08JA013,1987-12-20,35.099998474121094,
08JA013,1988-01-20,34.0,
08JA013,1988-02-20,33.0,
08JA013,1988-03-20,32.20000076293945,
08JA013,1988-04-20,55.0,
08JA013,1988-05-20,48.59999847412109,
08JA013,1988-06-20,48.29999923706055,
08JA013,1988-07-20,170.0,
08JA013,1988-08-20,29.899999618530277,
08JA013,1988-09-20,29.799999237060547,
08JA013,1988-10-20,30.0,
08JA013,1988-11-20,31.0,
08JA013,1988-12-20,30.700000762939453,
08JA013,1989-01-20,30.299999237060547,
08JA013,1989-02-20,29.700000762939453,
08JA013,1989-03-20,29.399999618530277,
08JA013,1989-04-20,48.0,
08JA013,1989-05-20,48.09999847412109,
08JA013,1989-06-20,48.20000076293945,
08JA013,1989-07-20,14.199999809265137,
08JA013,1989-08-20,8.300000190734863,
08JA013,1989-09-20,32.599998474121094,
08JA013,1989-10-20,32.599998474121094,
08JA013,1989-11-20,35.099998474121094,
08JA013,1989-12-20,35.099998474121094,
08JA013,1990-01-20,35.29999923706055,
08JA013,1990-02-20,34.79999923706055,
08JA013,1990-03-20,34.0,
08JA013,1990-04-20,252.0,
08JA013,1990-05-20,49.79999923706055,
08JA013,1990-06-20,49.09999847412109,
08JA013,1990-07-20,264.0,
08JA013,1990-08-20,14.199999809265137,
08JA013,1990-09-20,30.700000762939453,
08JA013,1990-10-20,33.29999923706055,
08JA013,1990-11-20,33.29999923706055,
08JA013,1990-12-20,32.79999923706055,
08JA013,1991-01-20,32.29999923706055,
08JA013,1991-02-20,32.0,
08JA013,1991-03-20,67.0,
08JA013,1991-04-20,83.5,
08JA013,1991-05-20,49.70000076293945,
08JA013,1991-06-20,49.29999923706055,
08JA013,1991-07-20,264.0,
08JA013,1991-08-20,14.199999809265137,
08JA013,1991-09-20,30.899999618530277,
08JA013,1991-10-20,32.79999923706055,
08JA013,1991-11-20,32.599998474121094,
08JA013,1991-12-20,32.29999923706055,
08JA013,1992-01-20,31.899999618530277,
08JA013,1992-02-20,31.5,
08JA013,1992-03-20,31.399999618530277,
08JA013,1992-04-20,31.5,
08JA013,1992-05-20,50.09999847412109,
08JA013,1992-06-20,51.09999847412109,
08JA013,1992-07-20,278.0,
08JA013,1992-08-20,14.199999809265137,
08JA013,1992-09-20,32.599998474121094,
08JA013,1992-10-20,33.099998474121094,
08JA013,1992-11-20,33.400001525878906,
08JA013,1992-12-20,33.0,
08JA013,1993-01-20,32.5,
08JA013,1993-02-20,32.900001525878906,
08JA013,1993-03-20,32.400001525878906,
08JA013,1993-04-20,32.79999923706055,
08JA013,1993-05-20,50.09999847412109,
08JA013,1993-06-20,49.400001525878906,
08JA013,1993-07-20,163.0,
08JA013,1993-08-20,14.199999809265137,
08JA013,1993-09-20,32.099998474121094,
08JA013,1993-10-20,32.5,
08JA013,1993-11-20,33.70000076293945,
08JA013,1993-12-20,33.400001525878906,
08JA013,1994-01-20,32.900001525878906,
08JA013,1994-02-20,32.5,
08JA013,1994-03-20,32.099998474121094,
08JA013,1994-04-20,49.70000076293945,
08JA013,1994-05-20,49.79999923706055,
08JA013,1994-06-20,50.09999847412109,
08JA013,1994-07-20,453.0,
08JA013,1994-08-20,14.199999809265137,
08JA013,1994-09-20,31.399999618530277,
08JA013,1994-10-20,31.200000762939453,
08JA013,1994-11-20,31.100000381469727,
08JA013,1994-12-20,40.400001525878906,
08JA013,1995-01-20,36.20000076293945,
08JA013,1995-02-20,35.5,
08JA013,1995-03-20,41.5,
08JA013,1995-04-20,40.59999847412109,
08JA013,1995-05-20,49.20000076293945,
08JA013,1995-06-20,49.400001525878906,
08JA013,1995-07-20,340.0,
08JA013,1995-08-20,14.300000190734863,
08JA013,1995-09-20,31.899999618530277,
08JA013,1995-10-20,32.5,
08JA013,1995-11-20,34.900001525878906,
08JA013,1995-12-20,34.29999923706055,
08JA013,1996-01-20,34.099998474121094,
08JA013,1996-02-20,33.70000076293945,
08JA013,1996-03-20,33.20000076293945,
08JA013,1996-04-20,33.400001525878906,
08JA013,1996-05-20,51.09999847412109,
08JA013,1996-06-20,55.29999923706055,
08JA013,1996-07-20,255.0,
08JA013,1996-08-20,15.0,
08JA013,1996-09-20,75.80000305175781,
08JA013,1996-10-20,225.0,
08JA013,1996-11-20,60.900001525878906,
08JA013,1996-12-20,60.09999847412109,
08JA013,1997-01-20,59.09999847412109,
08JA013,1997-02-20,58.09999847412109,
08JA013,1997-03-20,56.900001525878906,
08JA013,1997-04-20,56.5,
08JA013,1997-05-20,145.0,
08JA013,1997-06-20,300.0,
08JA013,1997-07-20,340.0,
08JA013,1997-08-20,325.0,
08JA013,1997-09-20,86.19999694824219,
08JA013,1997-10-20,85.5999984741211,
08JA013,1997-11-20,57.0,
08JA013,1997-12-20,56.20000076293945,
08JA013,1998-01-20,55.0,
08JA013,1998-02-20,53.70000076293945,
08JA013,1998-03-20,52.29999923706055,
08JA013,1998-04-20,51.0,
08JA013,1998-05-20,53.20000076293945,
08JA013,1998-06-20,53.900001525878906,
08JA013,1998-07-20,451.0,
08JA013,1998-08-20,14.699999809265137,
08JA013,1998-09-20,43.400001525878906,
08JA013,1998-10-20,30.0,
08JA013,1998-11-20,29.700000762939453,
08JA013,1998-12-20,30.200000762939453,
08JA013,1999-01-20,29.700000762939453,
08JA013,1999-02-20,29.299999237060547,
08JA013,1999-03-20,29.799999237060547,
08JA013,1999-04-20,29.299999237060547,
08JA013,1999-05-20,48.900001525878906,
08JA013,1999-06-20,49.5,
08JA013,1999-07-20,170.0,
08JA013,1999-08-20,15.199999809265137,
08JA013,1999-09-20,32.900001525878906,
08JA013,1999-10-20,33.599998474121094,
08JA013,1999-11-20,33.099998474121094,
08JA013,1999-12-20,32.599998474121094,
08JA013,2000-01-20,32.900001525878906,
08JA013,2000-02-20,32.900001525878906,
08JA013,2000-03-20,33.0,
08JA013,2000-04-20,33.099998474121094,
08JA013,2000-05-20,14.199999809265137,
08JA013,2000-06-20,49.29999923706055,
08JA013,2000-07-20,170.0,
08JA013,2000-08-20,14.0,
08JA013,2000-09-20,32.900001525878906,
08JA013,2000-10-20,32.5,
08JA013,2000-11-20,32.099998474121094,
08JA013,2000-12-20,32.70000076293945,
08JA013,2001-01-20,32.29999923706055,
08JA013,2001-02-20,32.79999923706055,
08JA013,2001-03-20,32.29999923706055,
08JA013,2001-04-20,32.5,
08JA013,2001-05-20,52.59999847412109,
08JA013,2001-06-20,52.59999847412109,
08JA013,2001-07-20,264.0,
08JA013,2001-08-20,14.0,
08JA013,2001-09-20,30.0,
08JA013,2001-10-20,30.0,
08JA013,2001-11-20,30.0,
08JA013,2001-12-20,30.0,
08JA013,2002-01-20,31.600000381469727,
08JA013,2002-02-20,31.200000762939453,
08JA013,2002-03-20,30.600000381469727,
08JA013,2002-04-20,30.299999237060547,
08JA013,2002-05-20,55.29999923706055,
08JA013,2002-06-20,54.70000076293945,
08JA013,2002-07-20,227.0,
08JA013,2002-08-20,14.800000190734863,
08JA013,2002-09-20,30.0,
08JA013,2002-10-20,30.0,
08JA013,2002-11-20,55.29999923706055,
08JA013,2002-12-20,85.0,
08JA013,2003-01-20,31.399999618530277,
08JA013,2003-02-20,30.899999618530277,
08JA013,2003-03-20,30.399999618530277,
08JA013,2003-04-20,29.899999618530277,
08JA013,2003-05-20,48.79999923706055,
08JA013,2003-06-20,49.70000076293945,
08JA013,2003-07-20,341.0,
08JA013,2003-08-20,14.300000190734863,
08JA013,2003-09-20,33.0,
08JA013,2003-10-20,32.70000076293945,
08JA013,2003-11-20,32.79999923706055,
08JA013,2003-12-20,32.29999923706055,
08JA013,2004-01-20,32.599998474121094,
08JA013,2004-02-20,33.0,
08JA013,2004-03-20,33.29999923706055,
08JA013,2004-04-20,33.099998474121094,
08JA013,2004-05-20,52.900001525878906,
08JA013,2004-06-20,53.5,
08JA013,2004-07-20,420.0,
08JA013,2004-08-20,14.399999618530272,
08JA013,2004-09-20,30.399999618530277,
08JA013,2004-10-20,29.899999618530277,
08JA013,2004-11-20,30.700000762939453,
08JA013,2004-12-20,31.100000381469727,
08JA013,2005-01-20,31.100000381469727,
08JA013,2005-02-20,31.399999618530277,
08JA013,2005-03-20,44.79999923706055,
08JA013,2005-04-20,80.0999984741211,
08JA013,2005-05-20,215.0,
08JA013,2005-06-20,130.0,
08JA013,2005-07-20,210.0,
08JA013,2005-08-20,14.899999618530272,
08JA013,2005-09-20,32.29999923706055,
08JA013,2005-10-20,85.80000305175781,
08JA013,2005-11-20,86.5,
08JA013,2005-12-20,85.69999694824219,
08JA013,2006-01-20,69.30000305175781,
08JA013,2006-02-20,33.099998474121094,
08JA013,2006-03-20,32.5,
08JA013,2006-04-20,32.900001525878906,
08JA013,2006-05-20,49.79999923706055,
08JA013,2006-06-20,49.79999923706055,
08JA013,2006-07-20,445.0,
08JA013,2006-08-20,14.300000190734863,
08JA013,2006-09-20,31.600000381469727,
08JA013,2006-10-20,32.0,
08JA013,2006-11-20,33.29999923706055,
08JA013,2006-12-20,33.20000076293945,
08JA013,2007-01-20,33.0,
08JA013,2007-02-20,32.79999923706055,
08JA013,2007-03-20,42.29999923706055,
08JA013,2007-04-20,320.0,
08JA013,2007-05-20,155.0,
08JA013,2007-06-20,498.0,
08JA013,2007-07-20,588.0,
08JA013,2007-08-20,374.0,
08JA013,2007-09-20,58.0,
08JA013,2007-10-20,104.0,
08JA013,2007-11-20,84.5999984741211,
08JA013,2007-12-20,83.5999984741211,
08JA013,2008-01-20,81.9000015258789,
08JA013,2008-02-20,79.69999694824219,
08JA013,2008-03-20,33.29999923706055,
08JA013,2008-04-20,32.599998474121094,
08JA013,2008-05-20,50.09999847412109,
08JA013,2008-06-20,49.29999923706055,
08JA013,2008-07-20,170.0,
08JA013,2008-08-20,14.699999809265137,
08JA013,2008-09-20,33.0,
08JA013,2008-10-20,33.599998474121094,
08JA013,2008-11-20,33.400001525878906,
08JA013,2008-12-20,35.5,
08JA013,2009-01-20,35.0,
08JA013,2009-02-20,34.400001525878906,
08JA013,2009-03-20,33.70000076293945,
08JA013,2009-04-20,33.0,
08JA013,2009-05-20,50.09999847412109,
08JA013,2009-06-20,49.79999923706055,
08JA013,2009-07-20,14.899999618530272,
08JA013,2009-08-20,14.5,
08JA013,2009-09-20,32.20000076293945,
08JA013,2009-10-20,33.70000076293945,
08JA013,2009-11-20,34.0,
08JA013,2009-12-20,33.70000076293945,
08JA013,2010-01-20,33.099998474121094,
08JA013,2010-02-20,32.5,
08JA013,2010-03-20,31.899999618530277,
08JA013,2010-04-20,31.299999237060547,
08JA013,2010-05-20,49.79999923706055,
08JA013,2010-06-20,49.900001525878906,
08JA013,2010-07-20,376.0,
08JA013,2010-08-20,14.800000190734863,
08JA013,2010-09-20,32.5,
08JA013,2010-10-20,33.79999923706055,
08JA013,2010-11-20,74.69999694824219,
08JA013,2010-12-20,73.80000305175781,
08JA013,2011-01-20,33.79999923706055,
08JA013,2011-02-20,33.29999923706055,
08JA013,2011-03-20,32.79999923706055,
08JA013,2011-04-20,32.20000076293945,
08JA013,2011-05-20,81.69999694824219,
08JA013,2011-06-20,326.0,
08JA013,2011-07-20,326.0,
08JA013,2011-08-20,330.0,
08JA013,2011-09-20,64.80000305175781,
08JA013,2011-10-20,393.0,
08JA013,2011-11-20,59.70000076293945,
08JA013,2011-12-20,59.5,
08JA013,2012-01-20,79.9000015258789,
08JA013,2012-02-20,99.1999969482422,
08JA013,2012-03-20,121.0,
08JA013,2012-04-20,147.0,
08JA013,2012-05-20,225.0,
08JA013,2012-06-20,238.0,
08JA013,2012-07-20,292.0,
08JA013,2012-08-20,241.0,
08JA013,2012-09-20,64.0999984741211,
08JA013,2012-10-20,63.400001525878906,
08JA013,2012-11-20,39.20000076293945,
08JA013,2012-12-20,38.5,
08JA013,2013-01-20,31.600000381469727,
08JA013,2013-02-20,30.799999237060547,
08JA013,2013-03-20,30.200000762939453,
08JA013,2013-04-20,46.0,
08JA013,2013-05-20,49.29999923706055,
08JA013,2013-06-20,49.900001525878906,
08JA013,2013-07-20,282.0,
08JA013,2013-08-20,14.0,
08JA013,2013-09-20,31.600000381469727,
08JA013,2013-10-20,31.200000762939453,
08JA013,2013-11-20,34.599998474121094,
08JA013,2013-12-20,33.79999923706055,
08JA013,2014-01-20,33.400001525878906,
08JA013,2014-02-20,32.70000076293945,
08JA013,2014-03-20,32.20000076293945,
08JA013,2014-04-20,49.09999847412109,
08JA013,2014-05-20,49.0,
08JA013,2014-06-20,48.59999847412109,
08JA013,2014-07-20,52.900001525878906,
08JA013,2014-08-20,15.0,
08JA013,2014-09-20,31.5,
08JA013,2014-10-20,33.70000076293945,
08JA013,2014-11-20,34.29999923706055,
08JA013,2014-12-20,34.29999923706055,
08JA013,2015-01-20,34.099998474121094,
08JA013,2015-02-20,45.29999923706055,
08JA013,2015-03-20,45.59999847412109,
08JA013,2015-04-20,286.0,
08JA013,2015-05-20,415.0,
08JA013,2015-06-20,351.0,
08JA013,2015-07-20,14.0,
08JA013,2015-08-20,14.899999618530272,
08JA013,2015-09-20,32.29999923706055,
08JA013,2015-10-20,25.799999237060547,
08JA013,2015-11-20,30.799999237060547,
08JA013,2015-12-20,30.299999237060547,
08JA013,2016-01-20,29.700000762939453,
08JA013,2016-02-20,29.200000762939453,
08JA013,2016-03-20,29.700000762939453,
08JA013,2016-04-20,49.09999847412109,
08JA013,2016-05-20,49.20000076293945,
08JA013,2016-06-20,49.29999923706055,
08JA013,2016-07-20,13.699999809265137,
08JA013,2016-08-20,14.399999618530272,
08JA013,2016-09-20,31.100000381469727,
08JA013,2016-10-20,31.899999618530277,
08JA013,2016-11-20,32.70000076293945,
08JA013,2016-12-20,31.399999618530277,
08JA013,2017-01-20,31.0,
08JA013,2017-02-20,30.600000381469727,
08JA013,2017-03-20,32.20000076293945,
08JA013,2017-04-20,36.70000076293945,
08JA013,2017-05-20,200.0,
08JA013,2017-06-20,191.0,
08JA013,2017-07-20,170.0,
08JA013,2017-08-20,14.600000381469728,
08JA013,2017-09-20,32.79999923706055,
08JA013,2017-10-20,32.400001525878906,
08JA013,2017-11-20,65.5,
08JA013,2017-12-20,79.0,
08JA013,2018-01-20,56.09999847412109,
08JA013,2018-02-20,35.70000076293945,
08JA013,2018-03-20,64.80000305175781,
08JA013,2018-04-20,83.9000015258789,
08JA013,2018-05-20,152.0,
08JA013,2018-06-20,186.0,
08JA013,2018-07-20,291.0,
08JA013,2018-08-20,26.899999618530277,
08JA013,2018-09-20,32.79999923706055,
08JA013,2018-10-20,27.899999618530277,
08JA013,2018-11-20,32.79999923706055,
08JA013,2018-12-20,32.29999923706055,
08JA013,2019-01-20,31.799999237060547,
08JA013,2019-02-20,31.100000381469727,
08JA013,2019-03-20,30.299999237060547,
08JA013,2019-04-20,49.5,
08JA013,2019-05-20,51.0,
08JA013,2019-06-20,48.29999923706055,
08JA013,2019-07-20,452.0,
08JA013,2019-08-20,14.5,
08JA013,2019-09-20,32.0,
08JA013,2019-10-20,31.700000762939453,
08JA013,2019-11-20,31.899999618530277,
08JA013,2019-12-20,32.0,
08JA013,2020-01-20,31.799999237060547,
08JA013,2020-02-20,31.5,
08JA013,2020-03-20,32.900001525878906,
08JA013,2020-04-20,34.29999923706055,
08JA013,2020-05-20,49.400001525878906,
08JA013,2020-06-20,48.5,
08JA013,2020-07-20,276.0,
08JA013,2020-08-20,14.899999618530272,
08JA013,2020-09-20,32.20000076293945,
08JA013,2020-10-20,49.400001525878906,
08JA013,2020-11-20,61.900001525878906,
08JA013,2020-12-20,85.0,
08JA013,2021-01-20,84.80000305175781,
08JA013,2021-02-20,82.9000015258789,
08JA013,2021-03-20,99.8000030517578,
08JA013,2021-04-20,199.0,
08JA013,2021-05-20,200.0,
08JA013,2021-06-20,203.0,
08JA013,2021-07-20,283.0,
08JA013,2021-08-20,275.0,
08JA013,2021-09-20,78.69999694824219,
08JA013,2021-10-20,298.0,
08JA013,2021-11-20,40.29999923706055,
08JA013,2021-12-20,40.20000076293945,
08JA013,2022-01-20,40.0,
08JA013,2022-02-20,39.59999847412109,
08JA013,2022-03-20,41.400001525878906,
08JA013,2022-04-20,41.29999923706055,
08JA013,2022-05-20,130.0,
08JA013,2022-06-20,290.0,
08JA013,2022-07-20,390.0,
08JA013,2022-08-20,197.0,
08JA013,2022-09-20,58.59999847412109,
08JA013,2022-10-20,59.900001525878906,
08JA013,2022-11-20,38.59999847412109,
08JA013,2022-12-20,33.400001525878906,
08JA013,2023-01-20,32.900001525878906,
08JA013,2023-02-20,32.400001525878906,
08JA013,2023-03-20,34.0,
08JA013,2023-04-20,33.20000076293945,
08JA013,2023-05-20,65.30000305175781,
08JA013,2023-06-20,50.5,
08JA013,2023-07-20,368.0,
08JA013,2023-08-20,168.0,
08JA013,2023-09-20,32.79999923706055,
08JA013,2023-10-20,32.79999923706055,
08JA013,2023-11-20,32.400001525878906,
08JA013,2023-12-20,32.099998474121094,
08JA013,2024-01-20,31.600000381469727,
08JA013,2024-02-20,33.0,
08JA013,2024-03-20,32.400001525878906,
08JA013,2024-04-20,31.899999618530277,
08JA013,2024-05-20,49.900001525878906,
08JA013,2024-06-20,51.79999923706055,
08JA013,2024-07-20,427.0,
08JA013,2024-08-20,169.0,
08JA013,2024-09-20,31.799999237060547,
08JA013,2024-10-20,32.099998474121094,
08JA013,2024-11-20,32.0,
08JA013,2024-12-20,32.099998474121094,
08JA013,2025-01-20,32.0,
08JA013,2025-02-20,31.399999618530277,
08JA013,2025-03-20,31.0,
08JA013,2025-04-20,30.799999237060547,
08JA013,2025-05-20,92.5,
08JA013,2025-06-20,32.70000076293945,
08JA013,2025-07-20,94.5999984741211,
08JA013,2025-08-20,14.199999809265137,
08JA013,2025-09-20,31.399999618530277,
08JA013,2025-10-20,31.200000762939453,
08JA013,2025-11-20,31.600000381469727,
08JA013,2025-12-20,32.0,
08JA013,1955-06-21,,
08JA013,1955-11-21,25.5,
08JA013,1956-01-21,5.659999847412109,
08JA013,1956-02-21,5.659999847412109,
08JA013,1956-03-21,5.659999847412109,
08JA013,1956-04-21,5.659999847412109,
08JA013,1956-05-21,0.0,
08JA013,1956-06-21,0.0,
08JA013,1956-07-21,0.0,
08JA013,1956-08-21,11.300000190734863,
08JA013,1956-09-21,0.0,
08JA013,1956-10-21,0.0,
08JA013,1956-11-21,0.0,
08JA013,1956-12-21,19.799999237060547,
08JA013,1957-01-21,340.0,
08JA013,1957-02-21,261.0,
08JA013,1957-03-21,340.0,
08JA013,1957-04-21,0.0,
08JA013,1957-05-21,266.0,
08JA013,1957-06-21,345.0,
08JA013,1957-07-21,0.0,
08JA013,1957-08-21,320.0,
08JA013,1957-09-21,79.30000305175781,
08JA013,1957-10-21,155.0,
08JA013,1957-11-21,200.0,
08JA013,1957-12-21,246.0,
08JA013,1958-01-21,326.0,
08JA013,1958-02-21,252.0,
08JA013,1958-03-21,331.0,
08JA013,1958-04-21,331.0,
08JA013,1958-05-21,0.0,
08JA013,1958-06-21,274.0,
08JA013,1958-07-21,306.0,
08JA013,1958-08-21,294.0,
08JA013,1958-09-21,343.0,
08JA013,1958-10-21,117.0,
08JA013,1958-11-21,311.0,
08JA013,1958-12-21,126.0,
08JA013,1959-01-21,124.0,
08JA013,1959-02-21,65.0999984741211,
08JA013,1959-03-21,63.400001525878906,
08JA013,1959-04-21,63.400001525878906,
08JA013,1959-05-21,154.0,
08JA013,1959-06-21,0.0,
08JA013,1959-07-21,309.0,
08JA013,1959-08-21,328.0,
08JA013,1959-09-21,371.0,
08JA013,1959-10-21,399.0,
08JA013,1959-11-21,125.0,
08JA013,1959-12-21,278.0,
08JA013,1960-01-21,68.80000305175781,
08JA013,1960-02-21,120.0,
08JA013,1960-03-21,157.0,
08JA013,1960-04-21,263.0,
08JA013,1960-05-21,77.5999984741211,
08JA013,1960-06-21,161.0,
08JA013,1960-07-21,173.0,
08JA013,1960-08-21,265.0,
08JA013,1960-09-21,264.0,
08JA013,1960-10-21,141.0,
08JA013,1960-11-21,186.0,
08JA013,1960-12-21,60.0,
08JA013,1961-01-21,59.70000076293945,
08JA013,1961-02-21,42.5,
08JA013,1961-03-21,42.5,
08JA013,1961-04-21,59.5,
08JA013,1961-05-21,340.0,
08JA013,1961-06-21,274.0,
08JA013,1961-07-21,362.0,
08JA013,1961-08-21,379.0,
08JA013,1961-09-21,481.0,
08JA013,1961-10-21,29.200000762939453,
08JA013,1961-11-21,30.600000381469727,
08JA013,1961-12-21,29.700000762939453,
08JA013,1962-01-21,30.0,
08JA013,1962-02-21,30.600000381469727,
08JA013,1962-03-21,30.600000381469727,
08JA013,1962-04-21,30.600000381469727,
08JA013,1962-05-21,183.0,
08JA013,1962-06-21,198.0,
08JA013,1962-07-21,0.0,
08JA013,1962-08-21,231.0,
08JA013,1962-09-21,227.0,
08JA013,1962-10-21,222.0,
08JA013,1962-11-21,221.0,
08JA013,1962-12-21,46.400001525878906,
08JA013,1963-01-21,46.70000076293945,
08JA013,1963-02-21,46.70000076293945,
08JA013,1963-03-21,46.400001525878906,
08JA013,1963-04-21,46.20000076293945,
08JA013,1963-05-21,334.0,
08JA013,1963-06-21,337.0,
08JA013,1963-07-21,192.0,
08JA013,1963-08-21,199.0,
08JA013,1963-09-21,194.0,
08JA013,1963-10-21,193.0,
08JA013,1963-11-21,88.30000305175781,
08JA013,1963-12-21,42.20000076293945,
08JA013,1964-01-21,42.79999923706055,
08JA013,1964-02-21,43.0,
08JA013,1964-03-21,42.5,
08JA013,1964-04-21,41.59999847412109,
08JA013,1964-05-21,411.0,
08JA013,1964-06-21,416.0,
08JA013,1964-07-21,314.0,
08JA013,1964-08-21,116.0,
08JA013,1964-09-21,198.0,
08JA013,1964-10-21,197.0,
08JA013,1964-11-21,71.5999984741211,
08JA013,1964-12-21,70.80000305175781,
08JA013,1965-01-21,69.9000015258789,
08JA013,1965-02-21,69.0999984741211,
08JA013,1965-03-21,68.0,
08JA013,1965-04-21,67.0999984741211,
08JA013,1965-05-21,192.0,
08JA013,1965-06-21,199.0,
08JA013,1965-07-21,203.0,
08JA013,1965-08-21,201.0,
08JA013,1965-09-21,87.19999694824219,
08JA013,1965-10-21,88.9000015258789,
08JA013,1965-11-21,45.900001525878906,
08JA013,1965-12-21,46.20000076293945,
08JA013,1966-01-21,46.20000076293945,
08JA013,1966-02-21,45.900001525878906,
08JA013,1966-03-21,45.29999923706055,
08JA013,1966-04-21,45.29999923706055,
08JA013,1966-05-21,224.0,
08JA013,1966-06-21,231.0,
08JA013,1966-07-21,0.0,
08JA013,1966-08-21,253.0,
08JA013,1966-09-21,337.0,
08JA013,1966-10-21,227.0,
08JA013,1966-11-21,88.30000305175781,
08JA013,1966-12-21,88.0999984741211,
08JA013,1967-01-21,87.19999694824219,
08JA013,1967-02-21,85.80000305175781,
08JA013,1967-03-21,84.4000015258789,
08JA013,1967-04-21,334.0,
08JA013,1967-05-21,269.0,
08JA013,1967-06-21,172.0,
08JA013,1967-07-21,115.0,
08JA013,1967-08-21,228.0,
08JA013,1967-09-21,87.80000305175781,
08JA013,1967-10-21,149.0,
08JA013,1967-11-21,94.9000015258789,
08JA013,1967-12-21,60.29999923706055,
08JA013,1968-01-21,60.29999923706055,
08JA013,1968-02-21,60.59999847412109,
08JA013,1968-03-21,60.29999923706055,
08JA013,1968-04-21,59.70000076293945,
08JA013,1968-05-21,230.0,
08JA013,1968-06-21,129.0,
08JA013,1968-07-21,348.0,
08JA013,1968-08-21,191.0,
08JA013,1968-09-21,241.0,
08JA013,1968-10-21,235.0,
08JA013,1968-11-21,91.6999969482422,
08JA013,1968-12-21,91.1999969482422,
08JA013,1969-01-21,89.5,
08JA013,1969-02-21,87.80000305175781,
08JA013,1969-03-21,85.5,
08JA013,1969-04-21,83.80000305175781,
08JA013,1969-05-21,85.19999694824219,
08JA013,1969-06-21,239.0,
08JA013,1969-07-21,34.79999923706055,
08JA013,1969-08-21,159.0,
08JA013,1969-09-21,156.0,
08JA013,1969-10-21,153.0,
08JA013,1969-11-21,75.9000015258789,
08JA013,1969-12-21,75.9000015258789,
08JA013,1970-01-21,74.80000305175781,
08JA013,1970-02-21,73.0999984741211,
08JA013,1970-03-21,71.5999984741211,
08JA013,1970-04-21,44.70000076293945,
08JA013,1970-05-21,44.70000076293945,
08JA013,1970-06-21,47.29999923706055,
08JA013,1970-07-21,39.900001525878906,
08JA013,1970-08-21,90.9000015258789,
08JA013,1970-09-21,117.0,
08JA013,1970-10-21,116.0,
08JA013,1970-11-21,61.400001525878906,
08JA013,1970-12-21,60.29999923706055,
08JA013,1971-01-21,59.5,
08JA013,1971-02-21,58.59999847412109,
08JA013,1971-03-21,57.5,
08JA013,1971-04-21,51.79999923706055,
08JA013,1971-05-21,56.900001525878906,
08JA013,1971-06-21,43.900001525878906,
08JA013,1971-07-21,65.0999984741211,
08JA013,1971-08-21,174.0,
08JA013,1971-09-21,171.0,
08JA013,1971-10-21,210.0,
08JA013,1971-11-21,75.9000015258789,
08JA013,1971-12-21,75.30000305175781,
08JA013,1972-01-21,74.19999694824219,
08JA013,1972-02-21,72.5,
08JA013,1972-03-21,71.4000015258789,
08JA013,1972-04-21,345.0,
08JA013,1972-05-21,0.0,
08JA013,1972-06-21,0.0,
08JA013,1972-07-21,428.0,
08JA013,1972-08-21,286.0,
08JA013,1972-09-21,170.0,
08JA013,1972-10-21,215.0,
08JA013,1972-11-21,73.5999984741211,
08JA013,1972-12-21,72.19999694824219,
08JA013,1973-01-21,71.0999984741211,
08JA013,1973-02-21,69.69999694824219,
08JA013,1973-03-21,68.0,
08JA013,1973-04-21,66.30000305175781,
08JA013,1973-05-21,43.29999923706055,
08JA013,1973-06-21,46.20000076293945,
08JA013,1973-07-21,176.0,
08JA013,1973-08-21,69.4000015258789,
08JA013,1973-09-21,33.400001525878906,
08JA013,1973-10-21,33.400001525878906,
08JA013,1973-11-21,49.79999923706055,
08JA013,1973-12-21,49.29999923706055,
08JA013,1974-01-21,48.400001525878906,
08JA013,1974-02-21,47.59999847412109,
08JA013,1974-03-21,80.0999984741211,
08JA013,1974-04-21,250.0,
08JA013,1974-05-21,0.0,
08JA013,1974-06-21,0.0,
08JA013,1974-07-21,228.0,
08JA013,1974-08-21,15.399999618530272,
08JA013,1974-09-21,25.600000381469727,
08JA013,1974-10-21,203.0,
08JA013,1974-11-21,77.30000305175781,
08JA013,1974-12-21,72.19999694824219,
08JA013,1975-01-21,75.5999984741211,
08JA013,1975-02-21,74.19999694824219,
08JA013,1975-03-21,73.0999984741211,
08JA013,1975-04-21,71.5999984741211,
08JA013,1975-05-21,88.9000015258789,
08JA013,1975-06-21,56.400001525878906,
08JA013,1975-07-21,91.1999969482422,
08JA013,1975-08-21,199.0,
08JA013,1975-09-21,97.0999984741211,
08JA013,1975-10-21,226.0,
08JA013,1975-11-21,147.0,
08JA013,1975-12-21,86.4000015258789,
08JA013,1976-01-21,85.5,
08JA013,1976-02-21,84.4000015258789,
08JA013,1976-03-21,82.69999694824219,
08JA013,1976-04-21,411.0,
08JA013,1976-05-21,149.0,
08JA013,1976-06-21,371.0,
08JA013,1976-07-21,436.0,
08JA013,1976-08-21,439.0,
08JA013,1976-09-21,227.0,
08JA013,1976-10-21,283.0,
08JA013,1976-11-21,278.0,
08JA013,1976-12-21,176.0,
08JA013,1977-01-21,172.0,
08JA013,1977-02-21,168.0,
08JA013,1977-03-21,120.0,
08JA013,1977-04-21,0.0,
08JA013,1977-05-21,0.0,
08JA013,1977-06-21,199.0,
08JA013,1977-07-21,191.0,
08JA013,1977-08-21,105.0,
08JA013,1977-09-21,0.0,
08JA013,1977-10-21,51.5,
08JA013,1977-11-21,51.5,
08JA013,1977-12-21,51.29999923706055,
08JA013,1978-01-21,50.400001525878906,
08JA013,1978-02-21,54.400001525878906,
08JA013,1978-03-21,52.70000076293945,
08JA013,1978-04-21,51.0,
08JA013,1978-05-21,52.70000076293945,
08JA013,1978-06-21,39.09999847412109,
08JA013,1978-07-21,36.20000076293945,
08JA013,1978-08-21,34.29999923706055,
08JA013,1978-09-21,34.0,
08JA013,1978-10-21,33.400001525878906,
08JA013,1978-11-21,36.79999923706055,
08JA013,1978-12-21,34.79999923706055,
08JA013,1979-01-21,32.599998474121094,
08JA013,1979-02-21,31.600000381469727,
08JA013,1979-03-21,30.700000762939453,
08JA013,1979-04-21,29.700000762939453,
08JA013,1979-05-21,31.899999618530277,
08JA013,1979-06-21,33.79999923706055,
08JA013,1979-07-21,81.0999984741211,
08JA013,1979-08-21,34.0,
08JA013,1979-09-21,33.599998474121094,
08JA013,1979-10-21,33.099998474121094,
08JA013,1979-11-21,12.699999809265137,
08JA013,1979-12-21,12.5,
08JA013,1980-01-21,15.0,
08JA013,1980-02-21,15.600000381469728,
08JA013,1980-03-21,15.0,
08JA013,1980-04-21,15.0,
08JA013,1980-05-21,15.300000190734863,
08JA013,1980-06-21,12.0,
08JA013,1980-07-21,22.600000381469727,
08JA013,1980-08-21,14.199999809265137,
08JA013,1980-09-21,32.29999923706055,
08JA013,1980-10-21,32.400001525878906,
08JA013,1980-11-21,32.400001525878906,
08JA013,1980-12-21,32.70000076293945,
08JA013,1981-01-21,33.0,
08JA013,1981-02-21,32.70000076293945,
08JA013,1981-03-21,32.599998474121094,
08JA013,1981-04-21,56.900001525878906,
08JA013,1981-05-21,57.5,
08JA013,1981-06-21,61.70000076293945,
08JA013,1981-07-21,538.0,
08JA013,1981-08-21,15.899999618530272,
08JA013,1981-09-21,30.899999618530277,
08JA013,1981-10-21,29.700000762939453,
08JA013,1981-11-21,32.5,
08JA013,1981-12-21,32.400001525878906,
08JA013,1982-01-21,32.0,
08JA013,1982-02-21,31.700000762939453,
08JA013,1982-03-21,31.0,
08JA013,1982-04-21,55.400001525878906,
08JA013,1982-05-21,39.09999847412109,
08JA013,1982-06-21,58.29999923706055,
08JA013,1982-07-21,170.0,
08JA013,1982-08-21,14.100000381469728,
08JA013,1982-09-21,31.100000381469727,
08JA013,1982-10-21,31.100000381469727,
08JA013,1982-11-21,31.100000381469727,
08JA013,1982-12-21,31.100000381469727,
08JA013,1983-01-21,31.100000381469727,
08JA013,1983-02-21,31.100000381469727,
08JA013,1983-03-21,31.100000381469727,
08JA013,1983-04-21,49.59999847412109,
08JA013,1983-05-21,49.59999847412109,
08JA013,1983-06-21,56.59999847412109,
08JA013,1983-07-21,260.0,
08JA013,1983-08-21,54.09999847412109,
08JA013,1983-09-21,31.100000381469727,
08JA013,1983-10-21,30.600000381469727,
08JA013,1983-11-21,31.100000381469727,
08JA013,1983-12-21,30.899999618530277,
08JA013,1984-01-21,30.600000381469727,
08JA013,1984-02-21,30.399999618530277,
08JA013,1984-03-21,30.200000762939453,
08JA013,1984-04-21,53.5,
08JA013,1984-05-21,54.5,
08JA013,1984-06-21,54.20000076293945,
08JA013,1984-07-21,170.0,
08JA013,1984-08-21,14.199999809265137,
08JA013,1984-09-21,30.899999618530277,
08JA013,1984-10-21,31.299999237060547,
08JA013,1984-11-21,31.100000381469727,
08JA013,1984-12-21,31.0,
08JA013,1985-01-21,30.700000762939453,
08JA013,1985-02-21,30.399999618530277,
08JA013,1985-03-21,30.299999237060547,
08JA013,1985-04-21,58.0,
08JA013,1985-05-21,54.29999923706055,
08JA013,1985-06-21,59.20000076293945,
08JA013,1985-07-21,280.0,
08JA013,1985-08-21,13.699999809265137,
08JA013,1985-09-21,63.29999923706055,
08JA013,1985-10-21,60.20000076293945,
08JA013,1985-11-21,33.29999923706055,
08JA013,1985-12-21,34.5,
08JA013,1986-01-21,33.70000076293945,
08JA013,1986-02-21,32.70000076293945,
08JA013,1986-03-21,32.400001525878906,
08JA013,1986-04-21,59.70000076293945,
08JA013,1986-05-21,42.5,
08JA013,1986-06-21,53.70000076293945,
08JA013,1986-07-21,452.0,
08JA013,1986-08-21,14.199999809265137,
08JA013,1986-09-21,28.299999237060547,
08JA013,1986-10-21,32.599998474121094,
08JA013,1986-11-21,32.79999923706055,
08JA013,1986-12-21,36.20000076293945,
08JA013,1987-01-21,36.0,
08JA013,1987-02-21,34.5,
08JA013,1987-03-21,34.099998474121094,
08JA013,1987-04-21,58.0,
08JA013,1987-05-21,54.09999847412109,
08JA013,1987-06-21,58.5,
08JA013,1987-07-21,227.0,
08JA013,1987-08-21,14.199999809265137,
08JA013,1987-09-21,56.59999847412109,
08JA013,1987-10-21,31.100000381469727,
08JA013,1987-11-21,34.0,
08JA013,1987-12-21,35.099998474121094,
08JA013,1988-01-21,33.79999923706055,
08JA013,1988-02-21,33.0,
08JA013,1988-03-21,32.20000076293945,
08JA013,1988-04-21,54.79999923706055,
08JA013,1988-05-21,48.70000076293945,
08JA013,1988-06-21,48.400001525878906,
08JA013,1988-07-21,170.0,
08JA013,1988-08-21,29.899999618530277,
08JA013,1988-09-21,29.799999237060547,
08JA013,1988-10-21,30.0,
08JA013,1988-11-21,31.0,
08JA013,1988-12-21,30.700000762939453,
08JA013,1989-01-21,30.299999237060547,
08JA013,1989-02-21,29.700000762939453,
08JA013,1989-03-21,29.399999618530277,
08JA013,1989-04-21,48.0,
08JA013,1989-05-21,48.09999847412109,
08JA013,1989-06-21,48.20000076293945,
08JA013,1989-07-21,28.799999237060547,
08JA013,1989-08-21,0.0,
08JA013,1989-09-21,32.599998474121094,
08JA013,1989-10-21,32.599998474121094,
08JA013,1989-11-21,35.099998474121094,
08JA013,1989-12-21,35.099998474121094,
08JA013,1990-01-21,35.29999923706055,
08JA013,1990-02-21,34.79999923706055,
08JA013,1990-03-21,34.0,
08JA013,1990-04-21,252.0,
08JA013,1990-05-21,49.79999923706055,
08JA013,1990-06-21,49.09999847412109,
08JA013,1990-07-21,453.0,
08JA013,1990-08-21,14.199999809265137,
08JA013,1990-09-21,30.700000762939453,
08JA013,1990-10-21,33.400001525878906,
08JA013,1990-11-21,33.29999923706055,
08JA013,1990-12-21,32.79999923706055,
08JA013,1991-01-21,32.29999923706055,
08JA013,1991-02-21,32.0,
08JA013,1991-03-21,86.4000015258789,
08JA013,1991-04-21,83.5,
08JA013,1991-05-21,49.79999923706055,
08JA013,1991-06-21,49.400001525878906,
08JA013,1991-07-21,307.0,
08JA013,1991-08-21,14.199999809265137,
08JA013,1991-09-21,30.899999618530277,
08JA013,1991-10-21,32.79999923706055,
08JA013,1991-11-21,32.599998474121094,
08JA013,1991-12-21,32.29999923706055,
08JA013,1992-01-21,31.899999618530277,
08JA013,1992-02-21,31.5,
08JA013,1992-03-21,31.399999618530277,
08JA013,1992-04-21,37.20000076293945,
08JA013,1992-05-21,50.09999847412109,
08JA013,1992-06-21,51.20000076293945,
08JA013,1992-07-21,278.0,
08JA013,1992-08-21,14.199999809265137,
08JA013,1992-09-21,32.599998474121094,
08JA013,1992-10-21,33.099998474121094,
08JA013,1992-11-21,33.400001525878906,
08JA013,1992-12-21,33.0,
08JA013,1993-01-21,32.5,
08JA013,1993-02-21,32.900001525878906,
08JA013,1993-03-21,32.29999923706055,
08JA013,1993-04-21,32.79999923706055,
08JA013,1993-05-21,49.400001525878906,
08JA013,1993-06-21,49.400001525878906,
08JA013,1993-07-21,170.0,
08JA013,1993-08-21,14.199999809265137,
08JA013,1993-09-21,32.099998474121094,
08JA013,1993-10-21,32.5,
08JA013,1993-11-21,33.599998474121094,
08JA013,1993-12-21,33.400001525878906,
08JA013,1994-01-21,32.900001525878906,
08JA013,1994-02-21,32.5,
08JA013,1994-03-21,32.0,
08JA013,1994-04-21,49.70000076293945,
08JA013,1994-05-21,49.900001525878906,
08JA013,1994-06-21,50.20000076293945,
08JA013,1994-07-21,450.0,
08JA013,1994-08-21,14.199999809265137,
08JA013,1994-09-21,31.399999618530277,
08JA013,1994-10-21,31.200000762939453,
08JA013,1994-11-21,31.100000381469727,
08JA013,1994-12-21,40.400001525878906,
08JA013,1995-01-21,36.20000076293945,
08JA013,1995-02-21,35.5,
08JA013,1995-03-21,41.400001525878906,
08JA013,1995-04-21,40.5,
08JA013,1995-05-21,49.29999923706055,
08JA013,1995-06-21,49.400001525878906,
08JA013,1995-07-21,283.0,
08JA013,1995-08-21,14.399999618530272,
08JA013,1995-09-21,31.899999618530277,
08JA013,1995-10-21,32.5,
08JA013,1995-11-21,34.900001525878906,
08JA013,1995-12-21,34.29999923706055,
08JA013,1996-01-21,34.099998474121094,
08JA013,1996-02-21,33.70000076293945,
08JA013,1996-03-21,33.20000076293945,
08JA013,1996-04-21,33.400001525878906,
08JA013,1996-05-21,51.20000076293945,
08JA013,1996-06-21,55.400001525878906,
08JA013,1996-07-21,255.0,
08JA013,1996-08-21,15.0,
08JA013,1996-09-21,113.0,
08JA013,1996-10-21,225.0,
08JA013,1996-11-21,60.900001525878906,
08JA013,1996-12-21,60.09999847412109,
08JA013,1997-01-21,59.09999847412109,
08JA013,1997-02-21,58.09999847412109,
08JA013,1997-03-21,56.900001525878906,
08JA013,1997-04-21,56.5,
08JA013,1997-05-21,145.0,
08JA013,1997-06-21,340.0,
08JA013,1997-07-21,340.0,
08JA013,1997-08-21,42.400001525878906,
08JA013,1997-09-21,86.19999694824219,
08JA013,1997-10-21,85.5999984741211,
08JA013,1997-11-21,57.0,
08JA013,1997-12-21,56.20000076293945,
08JA013,1998-01-21,55.0,
08JA013,1998-02-21,53.70000076293945,
08JA013,1998-03-21,52.29999923706055,
08JA013,1998-04-21,50.900001525878906,
08JA013,1998-05-21,53.29999923706055,
08JA013,1998-06-21,53.900001525878906,
08JA013,1998-07-21,281.0,
08JA013,1998-08-21,14.699999809265137,
08JA013,1998-09-21,30.200000762939453,
08JA013,1998-10-21,30.0,
08JA013,1998-11-21,29.700000762939453,
08JA013,1998-12-21,30.200000762939453,
08JA013,1999-01-21,29.700000762939453,
08JA013,1999-02-21,29.299999237060547,
08JA013,1999-03-21,29.700000762939453,
08JA013,1999-04-21,29.299999237060547,
08JA013,1999-05-21,49.0,
08JA013,1999-06-21,48.79999923706055,
08JA013,1999-07-21,264.0,
08JA013,1999-08-21,15.300000190734863,
08JA013,1999-09-21,32.900001525878906,
08JA013,1999-10-21,33.5,
08JA013,1999-11-21,33.099998474121094,
08JA013,1999-12-21,32.900001525878906,
08JA013,2000-01-21,32.79999923706055,
08JA013,2000-02-21,32.900001525878906,
08JA013,2000-03-21,33.0,
08JA013,2000-04-21,33.099998474121094,
08JA013,2000-05-21,14.199999809265137,
08JA013,2000-06-21,49.29999923706055,
08JA013,2000-07-21,170.0,
08JA013,2000-08-21,14.0,
08JA013,2000-09-21,32.79999923706055,
08JA013,2000-10-21,32.5,
08JA013,2000-11-21,32.099998474121094,
08JA013,2000-12-21,32.599998474121094,
08JA013,2001-01-21,32.29999923706055,
08JA013,2001-02-21,32.79999923706055,
08JA013,2001-03-21,32.20000076293945,
08JA013,2001-04-21,35.0,
08JA013,2001-05-21,52.59999847412109,
08JA013,2001-06-21,52.70000076293945,
08JA013,2001-07-21,284.0,
08JA013,2001-08-21,14.0,
08JA013,2001-09-21,30.0,
08JA013,2001-10-21,30.0,
08JA013,2001-11-21,30.0,
08JA013,2001-12-21,32.0,
08JA013,2002-01-21,31.600000381469727,
08JA013,2002-02-21,31.100000381469727,
08JA013,2002-03-21,30.600000381469727,
08JA013,2002-04-21,30.399999618530277,
08JA013,2002-05-21,55.5,
08JA013,2002-06-21,54.900001525878906,
08JA013,2002-07-21,227.0,
08JA013,2002-08-21,14.800000190734863,
08JA013,2002-09-21,30.0,
08JA013,2002-10-21,30.899999618530277,
08JA013,2002-11-21,55.29999923706055,
08JA013,2002-12-21,85.0,
08JA013,2003-01-21,31.299999237060547,
08JA013,2003-02-21,30.899999618530277,
08JA013,2003-03-21,30.299999237060547,
08JA013,2003-04-21,29.899999618530277,
08JA013,2003-05-21,48.79999923706055,
08JA013,2003-06-21,49.09999847412109,
08JA013,2003-07-21,171.0,
08JA013,2003-08-21,14.300000190734863,
08JA013,2003-09-21,33.0,
08JA013,2003-10-21,32.70000076293945,
08JA013,2003-11-21,32.79999923706055,
08JA013,2003-12-21,32.29999923706055,
08JA013,2004-01-21,32.599998474121094,
08JA013,2004-02-21,32.900001525878906,
08JA013,2004-03-21,33.29999923706055,
08JA013,2004-04-21,33.099998474121094,
08JA013,2004-05-21,53.0,
08JA013,2004-06-21,53.5,
08JA013,2004-07-21,272.0,
08JA013,2004-08-21,14.399999618530272,
08JA013,2004-09-21,30.399999618530277,
08JA013,2004-10-21,29.899999618530277,
08JA013,2004-11-21,30.700000762939453,
08JA013,2004-12-21,31.100000381469727,
08JA013,2005-01-21,31.100000381469727,
08JA013,2005-02-21,31.399999618530277,
08JA013,2005-03-21,44.79999923706055,
08JA013,2005-04-21,88.19999694824219,
08JA013,2005-05-21,255.0,
08JA013,2005-06-21,130.0,
08JA013,2005-07-21,210.0,
08JA013,2005-08-21,14.899999618530272,
08JA013,2005-09-21,32.20000076293945,
08JA013,2005-10-21,85.80000305175781,
08JA013,2005-11-21,86.5,
08JA013,2005-12-21,85.69999694824219,
08JA013,2006-01-21,55.400001525878906,
08JA013,2006-02-21,33.099998474121094,
08JA013,2006-03-21,32.5,
08JA013,2006-04-21,32.900001525878906,
08JA013,2006-05-21,49.900001525878906,
08JA013,2006-06-21,49.900001525878906,
08JA013,2006-07-21,361.0,
08JA013,2006-08-21,14.300000190734863,
08JA013,2006-09-21,31.600000381469727,
08JA013,2006-10-21,32.0,
08JA013,2006-11-21,33.29999923706055,
08JA013,2006-12-21,33.20000076293945,
08JA013,2007-01-21,33.0,
08JA013,2007-02-21,32.79999923706055,
08JA013,2007-03-21,42.29999923706055,
08JA013,2007-04-21,320.0,
08JA013,2007-05-21,138.0,
08JA013,2007-06-21,499.0,
08JA013,2007-07-21,600.0,
08JA013,2007-08-21,374.0,
08JA013,2007-09-21,58.0,
08JA013,2007-10-21,104.0,
08JA013,2007-11-21,84.5999984741211,
08JA013,2007-12-21,83.5,
08JA013,2008-01-21,81.80000305175781,
08JA013,2008-02-21,79.5999984741211,
08JA013,2008-03-21,33.29999923706055,
08JA013,2008-04-21,32.5,
08JA013,2008-05-21,50.29999923706055,
08JA013,2008-06-21,49.400001525878906,
08JA013,2008-07-21,170.0,
08JA013,2008-08-21,14.699999809265137,
08JA013,2008-09-21,32.900001525878906,
08JA013,2008-10-21,33.5,
08JA013,2008-11-21,33.400001525878906,
08JA013,2008-12-21,35.5,
08JA013,2009-01-21,35.0,
08JA013,2009-02-21,34.29999923706055,
08JA013,2009-03-21,33.70000076293945,
08JA013,2009-04-21,33.0,
08JA013,2009-05-21,50.20000076293945,
08JA013,2009-06-21,49.79999923706055,
08JA013,2009-07-21,453.0,
08JA013,2009-08-21,14.5,
08JA013,2009-09-21,32.20000076293945,
08JA013,2009-10-21,33.70000076293945,
08JA013,2009-11-21,34.0,
08JA013,2009-12-21,33.599998474121094,
08JA013,2010-01-21,33.099998474121094,
08JA013,2010-02-21,32.5,
08JA013,2010-03-21,31.799999237060547,
08JA013,2010-04-21,31.299999237060547,
08JA013,2010-05-21,49.900001525878906,
08JA013,2010-06-21,50.0,
08JA013,2010-07-21,170.0,
08JA013,2010-08-21,14.800000190734863,
08JA013,2010-09-21,32.400001525878906,
08JA013,2010-10-21,33.900001525878906,
08JA013,2010-11-21,74.69999694824219,
08JA013,2010-12-21,63.0,
08JA013,2011-01-21,33.70000076293945,
08JA013,2011-02-21,33.29999923706055,
08JA013,2011-03-21,32.79999923706055,
08JA013,2011-04-21,32.099998474121094,
08JA013,2011-05-21,82.0,
08JA013,2011-06-21,326.0,
08JA013,2011-07-21,326.0,
08JA013,2011-08-21,330.0,
08JA013,2011-09-21,64.80000305175781,
08JA013,2011-10-21,392.0,
08JA013,2011-11-21,59.59999847412109,
08JA013,2011-12-21,59.5,
08JA013,2012-01-21,79.9000015258789,
08JA013,2012-02-21,99.0999984741211,
08JA013,2012-03-21,121.0,
08JA013,2012-04-21,174.0,
08JA013,2012-05-21,225.0,
08JA013,2012-06-21,239.0,
08JA013,2012-07-21,292.0,
08JA013,2012-08-21,32.900001525878906,
08JA013,2012-09-21,64.0999984741211,
08JA013,2012-10-21,63.400001525878906,
08JA013,2012-11-21,39.20000076293945,
08JA013,2012-12-21,38.400001525878906,
08JA013,2013-01-21,31.5,
08JA013,2013-02-21,30.799999237060547,
08JA013,2013-03-21,30.100000381469727,
08JA013,2013-04-21,45.900001525878906,
08JA013,2013-05-21,49.400001525878906,
08JA013,2013-06-21,49.5,
08JA013,2013-07-21,282.0,
08JA013,2013-08-21,14.0,
08JA013,2013-09-21,31.600000381469727,
08JA013,2013-10-21,31.200000762939453,
08JA013,2013-11-21,34.599998474121094,
08JA013,2013-12-21,33.79999923706055,
08JA013,2014-01-21,33.400001525878906,
08JA013,2014-02-21,32.70000076293945,
08JA013,2014-03-21,32.099998474121094,
08JA013,2014-04-21,49.09999847412109,
08JA013,2014-05-21,47.79999923706055,
08JA013,2014-06-21,48.59999847412109,
08JA013,2014-07-21,170.0,
08JA013,2014-08-21,15.399999618530272,
08JA013,2014-09-21,31.5,
08JA013,2014-10-21,33.70000076293945,
08JA013,2014-11-21,34.29999923706055,
08JA013,2014-12-21,34.29999923706055,
08JA013,2015-01-21,34.099998474121094,
08JA013,2015-02-21,45.29999923706055,
08JA013,2015-03-21,45.59999847412109,
08JA013,2015-04-21,286.0,
08JA013,2015-05-21,378.0,
08JA013,2015-06-21,321.0,
08JA013,2015-07-21,59.70000076293945,
08JA013,2015-08-21,25.899999618530277,
08JA013,2015-09-21,32.29999923706055,
08JA013,2015-10-21,14.199999809265137,
08JA013,2015-11-21,30.799999237060547,
08JA013,2015-12-21,30.299999237060547,
08JA013,2016-01-21,29.700000762939453,
08JA013,2016-02-21,29.200000762939453,
08JA013,2016-03-21,29.700000762939453,
08JA013,2016-04-21,49.20000076293945,
08JA013,2016-05-21,49.29999923706055,
08JA013,2016-06-21,49.29999923706055,
08JA013,2016-07-21,55.79999923706055,
08JA013,2016-08-21,14.399999618530272,
08JA013,2016-09-21,31.100000381469727,
08JA013,2016-10-21,31.899999618530277,
08JA013,2016-11-21,32.70000076293945,
08JA013,2016-12-21,31.399999618530277,
08JA013,2017-01-21,31.0,
08JA013,2017-02-21,30.600000381469727,
08JA013,2017-03-21,32.20000076293945,
08JA013,2017-04-21,48.5,
08JA013,2017-05-21,201.0,
08JA013,2017-06-21,186.0,
08JA013,2017-07-21,170.0,
08JA013,2017-08-21,14.600000381469728,
08JA013,2017-09-21,32.70000076293945,
08JA013,2017-10-21,32.400001525878906,
08JA013,2017-11-21,65.5,
08JA013,2017-12-21,78.9000015258789,
08JA013,2018-01-21,56.0,
08JA013,2018-02-21,35.599998474121094,
08JA013,2018-03-21,64.80000305175781,
08JA013,2018-04-21,99.1999969482422,
08JA013,2018-05-21,153.0,
08JA013,2018-06-21,186.0,
08JA013,2018-07-21,453.0,
08JA013,2018-08-21,26.899999618530277,
08JA013,2018-09-21,32.79999923706055,
08JA013,2018-10-21,27.899999618530277,
08JA013,2018-11-21,32.79999923706055,
08JA013,2018-12-21,32.29999923706055,
08JA013,2019-01-21,31.799999237060547,
08JA013,2019-02-21,31.0,
08JA013,2019-03-21,30.299999237060547,
08JA013,2019-04-21,49.5,
08JA013,2019-05-21,51.20000076293945,
08JA013,2019-06-21,48.29999923706055,
08JA013,2019-07-21,324.0,
08JA013,2019-08-21,14.5,
08JA013,2019-09-21,31.899999618530277,
08JA013,2019-10-21,31.700000762939453,
08JA013,2019-11-21,31.899999618530277,
08JA013,2019-12-21,32.0,
08JA013,2020-01-21,31.700000762939453,
08JA013,2020-02-21,32.20000076293945,
08JA013,2020-03-21,32.900001525878906,
08JA013,2020-04-21,40.400001525878906,
08JA013,2020-05-21,49.59999847412109,
08JA013,2020-06-21,48.59999847412109,
08JA013,2020-07-21,276.0,
08JA013,2020-08-21,14.899999618530272,
08JA013,2020-09-21,32.20000076293945,
08JA013,2020-10-21,49.400001525878906,
08JA013,2020-11-21,61.900001525878906,
08JA013,2020-12-21,85.0,
08JA013,2021-01-21,84.69999694824219,
08JA013,2021-02-21,82.9000015258789,
08JA013,2021-03-21,99.6999969482422,
08JA013,2021-04-21,199.0,
08JA013,2021-05-21,199.0,
08JA013,2021-06-21,201.0,
08JA013,2021-07-21,283.0,
08JA013,2021-08-21,232.0,
08JA013,2021-09-21,79.5,
08JA013,2021-10-21,297.0,
08JA013,2021-11-21,40.29999923706055,
08JA013,2021-12-21,40.20000076293945,
08JA013,2022-01-21,40.0,
08JA013,2022-02-21,39.59999847412109,
08JA013,2022-03-21,41.400001525878906,
08JA013,2022-04-21,41.29999923706055,
08JA013,2022-05-21,130.0,
08JA013,2022-06-21,290.0,
08JA013,2022-07-21,390.0,
08JA013,2022-08-21,147.0,
08JA013,2022-09-21,58.59999847412109,
08JA013,2022-10-21,59.900001525878906,
08JA013,2022-11-21,38.59999847412109,
08JA013,2022-12-21,33.400001525878906,
08JA013,2023-01-21,32.900001525878906,
08JA013,2023-02-21,32.400001525878906,
08JA013,2023-03-21,34.0,
08JA013,2023-04-21,33.20000076293945,
08JA013,2023-05-21,65.5999984741211,
08JA013,2023-06-21,50.59999847412109,
08JA013,2023-07-21,170.0,
08JA013,2023-08-21,84.80000305175781,
08JA013,2023-09-21,32.79999923706055,
08JA013,2023-10-21,32.79999923706055,
08JA013,2023-11-21,32.400001525878906,
08JA013,2023-12-21,32.099998474121094,
08JA013,2024-01-21,31.600000381469727,
08JA013,2024-02-21,33.0,
08JA013,2024-03-21,32.400001525878906,
08JA013,2024-04-21,31.899999618530277,
08JA013,2024-05-21,49.900001525878906,
08JA013,2024-06-21,50.20000076293945,
08JA013,2024-07-21,282.0,
08JA013,2024-08-21,59.0,
08JA013,2024-09-21,31.700000762939453,
08JA013,2024-10-21,32.099998474121094,
08JA013,2024-11-21,32.099998474121094,
08JA013,2024-12-21,32.099998474121094,
08JA013,2025-01-21,32.0,
08JA013,2025-02-21,31.399999618530277,
08JA013,2025-03-21,31.0,
08JA013,2025-04-21,30.799999237060547,
08JA013,2025-05-21,92.5999984741211,
08JA013,2025-06-21,32.70000076293945,
08JA013,2025-07-21,167.0,
08JA013,2025-08-21,14.199999809265137,
08JA013,2025-09-21,31.399999618530277,
08JA013,2025-10-21,31.200000762939453,
08JA013,2025-11-21,31.600000381469727,
08JA013,2025-12-21,32.0,
08JA013,1955-06-22,,
08JA013,1955-11-22,25.5,
08JA013,1956-01-22,2.8299999237060547,
08JA013,1956-02-22,5.659999847412109,
08JA013,1956-03-22,5.659999847412109,
08JA013,1956-04-22,5.659999847412109,
08JA013,1956-05-22,0.0,
08JA013,1956-06-22,0.0,
08JA013,1956-07-22,0.0,
08JA013,1956-08-22,22.700000762939453,
08JA013,1956-09-22,0.0,
08JA013,1956-10-22,0.0,
08JA013,1956-11-22,0.0,
08JA013,1956-12-22,19.799999237060547,
08JA013,1957-01-22,269.0,
08JA013,1957-02-22,261.0,
08JA013,1957-03-22,340.0,
08JA013,1957-04-22,0.0,
08JA013,1957-05-22,268.0,
08JA013,1957-06-22,345.0,
08JA013,1957-07-22,0.0,
08JA013,1957-08-22,320.0,
08JA013,1957-09-22,79.30000305175781,
08JA013,1957-10-22,155.0,
08JA013,1957-11-22,200.0,
08JA013,1957-12-22,246.0,
08JA013,1958-01-22,326.0,
08JA013,1958-02-22,252.0,
08JA013,1958-03-22,331.0,
08JA013,1958-04-22,331.0,
08JA013,1958-05-22,0.0,
08JA013,1958-06-22,274.0,
08JA013,1958-07-22,261.0,
08JA013,1958-08-22,294.0,
08JA013,1958-09-22,343.0,
08JA013,1958-10-22,176.0,
08JA013,1958-11-22,311.0,
08JA013,1958-12-22,126.0,
08JA013,1959-01-22,124.0,
08JA013,1959-02-22,65.0999984741211,
08JA013,1959-03-22,63.400001525878906,
08JA013,1959-04-22,63.400001525878906,
08JA013,1959-05-22,154.0,
08JA013,1959-06-22,0.0,
08JA013,1959-07-22,309.0,
08JA013,1959-08-22,328.0,
08JA013,1959-09-22,371.0,
08JA013,1959-10-22,399.0,
08JA013,1959-11-22,139.0,
08JA013,1959-12-22,277.0,
08JA013,1960-01-22,68.80000305175781,
08JA013,1960-02-22,120.0,
08JA013,1960-03-22,176.0,
08JA013,1960-04-22,263.0,
08JA013,1960-05-22,371.0,
08JA013,1960-06-22,161.0,
08JA013,1960-07-22,173.0,
08JA013,1960-08-22,265.0,
08JA013,1960-09-22,264.0,
08JA013,1960-10-22,141.0,
08JA013,1960-11-22,186.0,
08JA013,1960-12-22,60.0,
08JA013,1961-01-22,59.70000076293945,
08JA013,1961-02-22,42.5,
08JA013,1961-03-22,42.5,
08JA013,1961-04-22,59.5,
08JA013,1961-05-22,340.0,
08JA013,1961-06-22,274.0,
08JA013,1961-07-22,362.0,
08JA013,1961-08-22,408.0,
08JA013,1961-09-22,481.0,
08JA013,1961-10-22,29.200000762939453,
08JA013,1961-11-22,30.600000381469727,
08JA013,1961-12-22,29.700000762939453,
08JA013,1962-01-22,30.0,
08JA013,1962-02-22,30.600000381469727,
08JA013,1962-03-22,30.600000381469727,
08JA013,1962-04-22,30.600000381469727,
08JA013,1962-05-22,183.0,
08JA013,1962-06-22,198.0,
08JA013,1962-07-22,0.0,
08JA013,1962-08-22,231.0,
08JA013,1962-09-22,227.0,
08JA013,1962-10-22,222.0,
08JA013,1962-11-22,221.0,
08JA013,1962-12-22,46.400001525878906,
08JA013,1963-01-22,46.70000076293945,
08JA013,1963-02-22,46.70000076293945,
08JA013,1963-03-22,46.400001525878906,
08JA013,1963-04-22,46.20000076293945,
08JA013,1963-05-22,334.0,
08JA013,1963-06-22,337.0,
08JA013,1963-07-22,193.0,
08JA013,1963-08-22,199.0,
08JA013,1963-09-22,194.0,
08JA013,1963-10-22,193.0,
08JA013,1963-11-22,29.399999618530277,
08JA013,1963-12-22,42.20000076293945,
08JA013,1964-01-22,42.79999923706055,
08JA013,1964-02-22,43.0,
08JA013,1964-03-22,42.5,
08JA013,1964-04-22,47.900001525878906,
08JA013,1964-05-22,408.0,
08JA013,1964-06-22,416.0,
08JA013,1964-07-22,314.0,
08JA013,1964-08-22,201.0,
08JA013,1964-09-22,198.0,
08JA013,1964-10-22,197.0,
08JA013,1964-11-22,71.5999984741211,
08JA013,1964-12-22,70.80000305175781,
08JA013,1965-01-22,69.9000015258789,
08JA013,1965-02-22,69.0999984741211,
08JA013,1965-03-22,68.0,
08JA013,1965-04-22,67.0999984741211,
08JA013,1965-05-22,192.0,
08JA013,1965-06-22,69.4000015258789,
08JA013,1965-07-22,203.0,
08JA013,1965-08-22,201.0,
08JA013,1965-09-22,87.19999694824219,
08JA013,1965-10-22,88.9000015258789,
08JA013,1965-11-22,45.900001525878906,
08JA013,1965-12-22,46.20000076293945,
08JA013,1966-01-22,46.20000076293945,
08JA013,1966-02-22,45.900001525878906,
08JA013,1966-03-22,45.29999923706055,
08JA013,1966-04-22,45.29999923706055,
08JA013,1966-05-22,224.0,
08JA013,1966-06-22,231.0,
08JA013,1966-07-22,0.0,
08JA013,1966-08-22,253.0,
08JA013,1966-09-22,337.0,
08JA013,1966-10-22,227.0,
08JA013,1966-11-22,88.30000305175781,
08JA013,1966-12-22,88.0999984741211,
08JA013,1967-01-22,87.19999694824219,
08JA013,1967-02-22,85.80000305175781,
08JA013,1967-03-22,84.4000015258789,
08JA013,1967-04-22,334.0,
08JA013,1967-05-22,269.0,
08JA013,1967-06-22,172.0,
08JA013,1967-07-22,0.0,
08JA013,1967-08-22,227.0,
08JA013,1967-09-22,87.80000305175781,
08JA013,1967-10-22,149.0,
08JA013,1967-11-22,94.9000015258789,
08JA013,1967-12-22,60.29999923706055,
08JA013,1968-01-22,60.29999923706055,
08JA013,1968-02-22,60.59999847412109,
08JA013,1968-03-22,60.29999923706055,
08JA013,1968-04-22,59.70000076293945,
08JA013,1968-05-22,231.0,
08JA013,1968-06-22,129.0,
08JA013,1968-07-22,348.0,
08JA013,1968-08-22,191.0,
08JA013,1968-09-22,241.0,
08JA013,1968-10-22,235.0,
08JA013,1968-11-22,91.6999969482422,
08JA013,1968-12-22,91.1999969482422,
08JA013,1969-01-22,89.5,
08JA013,1969-02-22,87.5,
08JA013,1969-03-22,85.5,
08JA013,1969-04-22,83.5,
08JA013,1969-05-22,85.5,
08JA013,1969-06-22,240.0,
08JA013,1969-07-22,34.79999923706055,
08JA013,1969-08-22,158.0,
08JA013,1969-09-22,156.0,
08JA013,1969-10-22,153.0,
08JA013,1969-11-22,75.9000015258789,
08JA013,1969-12-22,75.9000015258789,
08JA013,1970-01-22,74.80000305175781,
08JA013,1970-02-22,73.0999984741211,
08JA013,1970-03-22,71.5999984741211,
08JA013,1970-04-22,44.70000076293945,
08JA013,1970-05-22,45.0,
08JA013,1970-06-22,47.29999923706055,
08JA013,1970-07-22,14.0,
08JA013,1970-08-22,90.9000015258789,
08JA013,1970-09-22,117.0,
08JA013,1970-10-22,116.0,
08JA013,1970-11-22,61.20000076293945,
08JA013,1970-12-22,60.29999923706055,
08JA013,1971-01-22,59.5,
08JA013,1971-02-22,58.59999847412109,
08JA013,1971-03-22,57.5,
08JA013,1971-04-22,52.400001525878906,
08JA013,1971-05-22,106.0,
08JA013,1971-06-22,61.70000076293945,
08JA013,1971-07-22,65.4000015258789,
08JA013,1971-08-22,174.0,
08JA013,1971-09-22,171.0,
08JA013,1971-10-22,210.0,
08JA013,1971-11-22,75.9000015258789,
08JA013,1971-12-22,75.30000305175781,
08JA013,1972-01-22,74.19999694824219,
08JA013,1972-02-22,72.5,
08JA013,1972-03-22,71.4000015258789,
08JA013,1972-04-22,345.0,
08JA013,1972-05-22,0.0,
08JA013,1972-06-22,0.0,
08JA013,1972-07-22,430.0,
08JA013,1972-08-22,286.0,
08JA013,1972-09-22,223.0,
08JA013,1972-10-22,214.0,
08JA013,1972-11-22,73.30000305175781,
08JA013,1972-12-22,72.19999694824219,
08JA013,1973-01-22,71.0999984741211,
08JA013,1973-02-22,69.69999694824219,
08JA013,1973-03-22,68.0,
08JA013,1973-04-22,66.30000305175781,
08JA013,1973-05-22,43.29999923706055,
08JA013,1973-06-22,46.400001525878906,
08JA013,1973-07-22,176.0,
08JA013,1973-08-22,51.5,
08JA013,1973-09-22,33.400001525878906,
08JA013,1973-10-22,33.400001525878906,
08JA013,1973-11-22,49.59999847412109,
08JA013,1973-12-22,49.0,
08JA013,1974-01-22,48.400001525878906,
08JA013,1974-02-22,47.59999847412109,
08JA013,1974-03-22,140.0,
08JA013,1974-04-22,249.0,
08JA013,1974-05-22,0.0,
08JA013,1974-06-22,0.0,
08JA013,1974-07-22,228.0,
08JA013,1974-08-22,15.399999618530272,
08JA013,1974-09-22,25.600000381469727,
08JA013,1974-10-22,203.0,
08JA013,1974-11-22,77.30000305175781,
08JA013,1974-12-22,72.19999694824219,
08JA013,1975-01-22,75.5999984741211,
08JA013,1975-02-22,74.19999694824219,
08JA013,1975-03-22,73.0999984741211,
08JA013,1975-04-22,71.5999984741211,
08JA013,1975-05-22,89.19999694824219,
08JA013,1975-06-22,32.79999923706055,
08JA013,1975-07-22,91.1999969482422,
08JA013,1975-08-22,199.0,
08JA013,1975-09-22,97.0999984741211,
08JA013,1975-10-22,226.0,
08JA013,1975-11-22,147.0,
08JA013,1975-12-22,86.4000015258789,
08JA013,1976-01-22,85.5,
08JA013,1976-02-22,84.4000015258789,
08JA013,1976-03-22,82.69999694824219,
08JA013,1976-04-22,411.0,
08JA013,1976-05-22,150.0,
08JA013,1976-06-22,371.0,
08JA013,1976-07-22,436.0,
08JA013,1976-08-22,439.0,
08JA013,1976-09-22,227.0,
08JA013,1976-10-22,283.0,
08JA013,1976-11-22,278.0,
08JA013,1976-12-22,176.0,
08JA013,1977-01-22,172.0,
08JA013,1977-02-22,167.0,
08JA013,1977-03-22,153.0,
08JA013,1977-04-22,0.0,
08JA013,1977-05-22,0.0,
08JA013,1977-06-22,171.0,
08JA013,1977-07-22,191.0,
08JA013,1977-08-22,105.0,
08JA013,1977-09-22,0.0,
08JA013,1977-10-22,51.5,
08JA013,1977-11-22,51.5,
08JA013,1977-12-22,51.29999923706055,
08JA013,1978-01-22,50.400001525878906,
08JA013,1978-02-22,54.09999847412109,
08JA013,1978-03-22,52.70000076293945,
08JA013,1978-04-22,51.0,
08JA013,1978-05-22,52.70000076293945,
08JA013,1978-06-22,39.400001525878906,
08JA013,1978-07-22,36.5,
08JA013,1978-08-22,34.29999923706055,
08JA013,1978-09-22,34.0,
08JA013,1978-10-22,33.099998474121094,
08JA013,1978-11-22,36.79999923706055,
08JA013,1978-12-22,34.5,
08JA013,1979-01-22,32.599998474121094,
08JA013,1979-02-22,31.600000381469727,
08JA013,1979-03-22,30.600000381469727,
08JA013,1979-04-22,29.700000762939453,
08JA013,1979-05-22,31.899999618530277,
08JA013,1979-06-22,33.79999923706055,
08JA013,1979-07-22,81.0999984741211,
08JA013,1979-08-22,34.0,
08JA013,1979-09-22,33.599998474121094,
08JA013,1979-10-22,33.099998474121094,
08JA013,1979-11-22,12.699999809265137,
08JA013,1979-12-22,12.5,
08JA013,1980-01-22,14.899999618530272,
08JA013,1980-02-22,15.600000381469728,
08JA013,1980-03-22,15.0,
08JA013,1980-04-22,15.0,
08JA013,1980-05-22,15.399999618530272,
08JA013,1980-06-22,12.0,
08JA013,1980-07-22,22.600000381469727,
08JA013,1980-08-22,14.199999809265137,
08JA013,1980-09-22,32.29999923706055,
08JA013,1980-10-22,32.400001525878906,
08JA013,1980-11-22,32.400001525878906,
08JA013,1980-12-22,32.79999923706055,
08JA013,1981-01-22,33.0,
08JA013,1981-02-22,32.70000076293945,
08JA013,1981-03-22,32.599998474121094,
08JA013,1981-04-22,56.900001525878906,
08JA013,1981-05-22,57.59999847412109,
08JA013,1981-06-22,61.900001525878906,
08JA013,1981-07-22,538.0,
08JA013,1981-08-22,15.899999618530272,
08JA013,1981-09-22,28.299999237060547,
08JA013,1981-10-22,29.700000762939453,
08JA013,1981-11-22,32.5,
08JA013,1981-12-22,32.400001525878906,
08JA013,1982-01-22,32.0,
08JA013,1982-02-22,31.700000762939453,
08JA013,1982-03-22,31.0,
08JA013,1982-04-22,55.400001525878906,
08JA013,1982-05-22,39.09999847412109,
08JA013,1982-06-22,58.59999847412109,
08JA013,1982-07-22,170.0,
08JA013,1982-08-22,14.100000381469728,
08JA013,1982-09-22,31.100000381469727,
08JA013,1982-10-22,31.100000381469727,
08JA013,1982-11-22,31.100000381469727,
08JA013,1982-12-22,31.100000381469727,
08JA013,1983-01-22,31.100000381469727,
08JA013,1983-02-22,31.100000381469727,
08JA013,1983-03-22,31.100000381469727,
08JA013,1983-04-22,49.59999847412109,
08JA013,1983-05-22,49.59999847412109,
08JA013,1983-06-22,56.59999847412109,
08JA013,1983-07-22,56.59999847412109,
08JA013,1983-08-22,53.79999923706055,
08JA013,1983-09-22,31.100000381469727,
08JA013,1983-10-22,30.600000381469727,
08JA013,1983-11-22,31.100000381469727,
08JA013,1983-12-22,30.899999618530277,
08JA013,1984-01-22,30.600000381469727,
08JA013,1984-02-22,30.399999618530277,
08JA013,1984-03-22,30.200000762939453,
08JA013,1984-04-22,53.5,
08JA013,1984-05-22,54.5,
08JA013,1984-06-22,54.20000076293945,
08JA013,1984-07-22,170.0,
08JA013,1984-08-22,14.199999809265137,
08JA013,1984-09-22,30.899999618530277,
08JA013,1984-10-22,31.299999237060547,
08JA013,1984-11-22,31.100000381469727,
08JA013,1984-12-22,31.0,
08JA013,1985-01-22,30.700000762939453,
08JA013,1985-02-22,30.399999618530277,
08JA013,1985-03-22,30.299999237060547,
08JA013,1985-04-22,58.0,
08JA013,1985-05-22,54.5,
08JA013,1985-06-22,59.29999923706055,
08JA013,1985-07-22,280.0,
08JA013,1985-08-22,13.699999809265137,
08JA013,1985-09-22,63.29999923706055,
08JA013,1985-10-22,60.20000076293945,
08JA013,1985-11-22,33.29999923706055,
08JA013,1985-12-22,34.400001525878906,
08JA013,1986-01-22,33.599998474121094,
08JA013,1986-02-22,32.70000076293945,
08JA013,1986-03-22,32.400001525878906,
08JA013,1986-04-22,59.70000076293945,
08JA013,1986-05-22,42.59999847412109,
08JA013,1986-06-22,53.79999923706055,
08JA013,1986-07-22,275.0,
08JA013,1986-08-22,14.199999809265137,
08JA013,1986-09-22,28.299999237060547,
08JA013,1986-10-22,32.599998474121094,
08JA013,1986-11-22,32.79999923706055,
08JA013,1986-12-22,36.20000076293945,
08JA013,1987-01-22,36.0,
08JA013,1987-02-22,34.5,
08JA013,1987-03-22,34.099998474121094,
08JA013,1987-04-22,57.900001525878906,
08JA013,1987-05-22,54.20000076293945,
08JA013,1987-06-22,58.5,
08JA013,1987-07-22,227.0,
08JA013,1987-08-22,14.199999809265137,
08JA013,1987-09-22,56.59999847412109,
08JA013,1987-10-22,31.100000381469727,
08JA013,1987-11-22,34.0,
08JA013,1987-12-22,35.099998474121094,
08JA013,1988-01-22,33.79999923706055,
08JA013,1988-02-22,33.0,
08JA013,1988-03-22,32.20000076293945,
08JA013,1988-04-22,54.79999923706055,
08JA013,1988-05-22,48.70000076293945,
08JA013,1988-06-22,48.59999847412109,
08JA013,1988-07-22,170.0,
08JA013,1988-08-22,29.899999618530277,
08JA013,1988-09-22,29.799999237060547,
08JA013,1988-10-22,30.100000381469727,
08JA013,1988-11-22,31.0,
08JA013,1988-12-22,30.700000762939453,
08JA013,1989-01-22,30.299999237060547,
08JA013,1989-02-22,29.700000762939453,
08JA013,1989-03-22,29.399999618530277,
08JA013,1989-04-22,48.0,
08JA013,1989-05-22,48.20000076293945,
08JA013,1989-06-22,48.29999923706055,
08JA013,1989-07-22,170.0,
08JA013,1989-08-22,0.0,
08JA013,1989-09-22,32.599998474121094,
08JA013,1989-10-22,32.599998474121094,
08JA013,1989-11-22,35.099998474121094,
08JA013,1989-12-22,35.099998474121094,
08JA013,1990-01-22,35.29999923706055,
08JA013,1990-02-22,34.79999923706055,
08JA013,1990-03-22,33.900001525878906,
08JA013,1990-04-22,252.0,
08JA013,1990-05-22,49.400001525878906,
08JA013,1990-06-22,49.29999923706055,
08JA013,1990-07-22,307.0,
08JA013,1990-08-22,14.199999809265137,
08JA013,1990-09-22,30.700000762939453,
08JA013,1990-10-22,33.29999923706055,
08JA013,1990-11-22,33.29999923706055,
08JA013,1990-12-22,32.79999923706055,
08JA013,1991-01-22,32.29999923706055,
08JA013,1991-02-22,40.20000076293945,
08JA013,1991-03-22,86.19999694824219,
08JA013,1991-04-22,83.5,
08JA013,1991-05-22,50.0,
08JA013,1991-06-22,49.59999847412109,
08JA013,1991-07-22,193.0,
08JA013,1991-08-22,14.199999809265137,
08JA013,1991-09-22,30.899999618530277,
08JA013,1991-10-22,32.79999923706055,
08JA013,1991-11-22,32.599998474121094,
08JA013,1991-12-22,32.29999923706055,
08JA013,1992-01-22,31.899999618530277,
08JA013,1992-02-22,31.5,
08JA013,1992-03-22,31.399999618530277,
08JA013,1992-04-22,48.70000076293945,
08JA013,1992-05-22,49.70000076293945,
08JA013,1992-06-22,51.29999923706055,
08JA013,1992-07-22,278.0,
08JA013,1992-08-22,14.199999809265137,
08JA013,1992-09-22,32.599998474121094,
08JA013,1992-10-22,33.099998474121094,
08JA013,1992-11-22,33.400001525878906,
08JA013,1992-12-22,33.0,
08JA013,1993-01-22,32.400001525878906,
08JA013,1993-02-22,32.79999923706055,
08JA013,1993-03-22,32.29999923706055,
08JA013,1993-04-22,32.79999923706055,
08JA013,1993-05-22,49.0,
08JA013,1993-06-22,49.59999847412109,
08JA013,1993-07-22,170.0,
08JA013,1993-08-22,14.199999809265137,
08JA013,1993-09-22,32.099998474121094,
08JA013,1993-10-22,32.5,
08JA013,1993-11-22,33.599998474121094,
08JA013,1993-12-22,33.29999923706055,
08JA013,1994-01-22,32.900001525878906,
08JA013,1994-02-22,32.400001525878906,
08JA013,1994-03-22,32.0,
08JA013,1994-04-22,49.79999923706055,
08JA013,1994-05-22,50.0,
08JA013,1994-06-22,50.29999923706055,
08JA013,1994-07-22,367.0,
08JA013,1994-08-22,14.199999809265137,
08JA013,1994-09-22,31.399999618530277,
08JA013,1994-10-22,31.200000762939453,
08JA013,1994-11-22,33.400001525878906,
08JA013,1994-12-22,37.0,
08JA013,1995-01-22,36.20000076293945,
08JA013,1995-02-22,35.400001525878906,
08JA013,1995-03-22,41.400001525878906,
08JA013,1995-04-22,49.5,
08JA013,1995-05-22,49.400001525878906,
08JA013,1995-06-22,49.5,
08JA013,1995-07-22,283.0,
08JA013,1995-08-22,14.399999618530272,
08JA013,1995-09-22,44.09999847412109,
08JA013,1995-10-22,32.5,
08JA013,1995-11-22,34.900001525878906,
08JA013,1995-12-22,34.29999923706055,
08JA013,1996-01-22,34.099998474121094,
08JA013,1996-02-22,33.70000076293945,
08JA013,1996-03-22,33.099998474121094,
08JA013,1996-04-22,33.400001525878906,
08JA013,1996-05-22,51.29999923706055,
08JA013,1996-06-22,55.5,
08JA013,1996-07-22,255.0,
08JA013,1996-08-22,15.0,
08JA013,1996-09-22,113.0,
08JA013,1996-10-22,225.0,
08JA013,1996-11-22,60.79999923706055,
08JA013,1996-12-22,60.09999847412109,
08JA013,1997-01-22,59.09999847412109,
08JA013,1997-02-22,58.0,
08JA013,1997-03-22,56.900001525878906,
08JA013,1997-04-22,56.5,
08JA013,1997-05-22,145.0,
08JA013,1997-06-22,341.0,
08JA013,1997-07-22,339.0,
08JA013,1997-08-22,42.29999923706055,
08JA013,1997-09-22,86.0999984741211,
08JA013,1997-10-22,85.5999984741211,
08JA013,1997-11-22,56.900001525878906,
08JA013,1997-12-22,56.09999847412109,
08JA013,1998-01-22,55.0,
08JA013,1998-02-22,53.59999847412109,
08JA013,1998-03-22,52.20000076293945,
08JA013,1998-04-22,50.900001525878906,
08JA013,1998-05-22,53.400001525878906,
08JA013,1998-06-22,50.79999923706055,
08JA013,1998-07-22,99.0,
08JA013,1998-08-22,14.699999809265137,
08JA013,1998-09-22,30.200000762939453,
08JA013,1998-10-22,30.0,
08JA013,1998-11-22,29.700000762939453,
08JA013,1998-12-22,30.100000381469727,
08JA013,1999-01-22,29.700000762939453,
08JA013,1999-02-22,29.299999237060547,
08JA013,1999-03-22,29.700000762939453,
08JA013,1999-04-22,29.299999237060547,
08JA013,1999-05-22,49.0,
08JA013,1999-06-22,48.900001525878906,
08JA013,1999-07-22,310.0,
08JA013,1999-08-22,15.300000190734863,
08JA013,1999-09-22,32.900001525878906,
08JA013,1999-10-22,33.5,
08JA013,1999-11-22,33.099998474121094,
08JA013,1999-12-22,32.900001525878906,
08JA013,2000-01-22,32.79999923706055,
08JA013,2000-02-22,32.900001525878906,
08JA013,2000-03-22,32.900001525878906,
08JA013,2000-04-22,33.099998474121094,
08JA013,2000-05-22,22.200000762939453,
08JA013,2000-06-22,49.400001525878906,
08JA013,2000-07-22,170.0,
08JA013,2000-08-22,14.0,
08JA013,2000-09-22,32.79999923706055,
08JA013,2000-10-22,32.5,
08JA013,2000-11-22,32.0,
08JA013,2000-12-22,32.599998474121094,
08JA013,2001-01-22,32.29999923706055,
08JA013,2001-02-22,32.79999923706055,
08JA013,2001-03-22,32.20000076293945,
08JA013,2001-04-22,42.09999847412109,
08JA013,2001-05-22,52.59999847412109,
08JA013,2001-06-22,52.79999923706055,
08JA013,2001-07-22,40.09999847412109,
08JA013,2001-08-22,14.0,
08JA013,2001-09-22,30.0,
08JA013,2001-10-22,30.0,
08JA013,2001-11-22,30.0,
08JA013,2001-12-22,32.0,
08JA013,2002-01-22,31.600000381469727,
08JA013,2002-02-22,31.100000381469727,
08JA013,2002-03-22,30.5,
08JA013,2002-04-22,30.399999618530277,
08JA013,2002-05-22,56.0,
08JA013,2002-06-22,55.09999847412109,
08JA013,2002-07-22,227.0,
08JA013,2002-08-22,14.800000190734863,
08JA013,2002-09-22,30.0,
08JA013,2002-10-22,30.0,
08JA013,2002-11-22,55.29999923706055,
08JA013,2002-12-22,85.0,
08JA013,2003-01-22,31.299999237060547,
08JA013,2003-02-22,30.899999618530277,
08JA013,2003-03-22,30.299999237060547,
08JA013,2003-04-22,29.899999618530277,
08JA013,2003-05-22,48.79999923706055,
08JA013,2003-06-22,49.09999847412109,
08JA013,2003-07-22,171.0,
08JA013,2003-08-22,14.300000190734863,
08JA013,2003-09-22,33.0,
08JA013,2003-10-22,32.70000076293945,
08JA013,2003-11-22,32.79999923706055,
08JA013,2003-12-22,32.29999923706055,
08JA013,2004-01-22,32.599998474121094,
08JA013,2004-02-22,32.900001525878906,
08JA013,2004-03-22,33.29999923706055,
08JA013,2004-04-22,33.099998474121094,
08JA013,2004-05-22,53.09999847412109,
08JA013,2004-06-22,53.59999847412109,
08JA013,2004-07-22,255.0,
08JA013,2004-08-22,14.399999618530272,
08JA013,2004-09-22,30.399999618530277,
08JA013,2004-10-22,29.899999618530277,
08JA013,2004-11-22,30.700000762939453,
08JA013,2004-12-22,31.200000762939453,
08JA013,2005-01-22,31.100000381469727,
08JA013,2005-02-22,31.399999618530277,
08JA013,2005-03-22,44.79999923706055,
08JA013,2005-04-22,106.0,
08JA013,2005-05-22,284.0,
08JA013,2005-06-22,144.0,
08JA013,2005-07-22,210.0,
08JA013,2005-08-22,14.899999618530272,
08JA013,2005-09-22,32.20000076293945,
08JA013,2005-10-22,102.0,
08JA013,2005-11-22,86.5,
08JA013,2005-12-22,85.69999694824219,
08JA013,2006-01-22,55.400001525878906,
08JA013,2006-02-22,33.099998474121094,
08JA013,2006-03-22,32.400001525878906,
08JA013,2006-04-22,32.900001525878906,
08JA013,2006-05-22,49.900001525878906,
08JA013,2006-06-22,49.900001525878906,
08JA013,2006-07-22,284.0,
08JA013,2006-08-22,14.300000190734863,
08JA013,2006-09-22,32.099998474121094,
08JA013,2006-10-22,31.899999618530277,
08JA013,2006-11-22,33.29999923706055,
08JA013,2006-12-22,33.20000076293945,
08JA013,2007-01-22,33.0,
08JA013,2007-02-22,32.79999923706055,
08JA013,2007-03-22,42.29999923706055,
08JA013,2007-04-22,290.0,
08JA013,2007-05-22,98.9000015258789,
08JA013,2007-06-22,565.0,
08JA013,2007-07-22,599.0,
08JA013,2007-08-22,373.0,
08JA013,2007-09-22,57.900001525878906,
08JA013,2007-10-22,114.0,
08JA013,2007-11-22,84.5999984741211,
08JA013,2007-12-22,83.5,
08JA013,2008-01-22,81.69999694824219,
08JA013,2008-02-22,68.5,
08JA013,2008-03-22,33.29999923706055,
08JA013,2008-04-22,32.5,
08JA013,2008-05-22,50.5,
08JA013,2008-06-22,49.400001525878906,
08JA013,2008-07-22,227.0,
08JA013,2008-08-22,14.699999809265137,
08JA013,2008-09-22,32.900001525878906,
08JA013,2008-10-22,33.5,
08JA013,2008-11-22,33.5,
08JA013,2008-12-22,35.5,
08JA013,2009-01-22,35.0,
08JA013,2009-02-22,34.29999923706055,
08JA013,2009-03-22,33.599998474121094,
08JA013,2009-04-22,33.0,
08JA013,2009-05-22,50.29999923706055,
08JA013,2009-06-22,49.900001525878906,
08JA013,2009-07-22,452.0,
08JA013,2009-08-22,14.5,
08JA013,2009-09-22,32.20000076293945,
08JA013,2009-10-22,33.70000076293945,
08JA013,2009-11-22,34.0,
08JA013,2009-12-22,33.599998474121094,
08JA013,2010-01-22,33.099998474121094,
08JA013,2010-02-22,32.5,
08JA013,2010-03-22,31.799999237060547,
08JA013,2010-04-22,31.299999237060547,
08JA013,2010-05-22,50.0,
08JA013,2010-06-22,50.09999847412109,
08JA013,2010-07-22,170.0,
08JA013,2010-08-22,14.800000190734863,
08JA013,2010-09-22,32.400001525878906,
08JA013,2010-10-22,34.0,
08JA013,2010-11-22,74.69999694824219,
08JA013,2010-12-22,34.099998474121094,
08JA013,2011-01-22,33.70000076293945,
08JA013,2011-02-22,33.29999923706055,
08JA013,2011-03-22,32.79999923706055,
08JA013,2011-04-22,32.099998474121094,
08JA013,2011-05-22,82.30000305175781,
08JA013,2011-06-22,326.0,
08JA013,2011-07-22,326.0,
08JA013,2011-08-22,329.0,
08JA013,2011-09-22,64.9000015258789,
08JA013,2011-10-22,391.0,
08JA013,2011-11-22,59.59999847412109,
08JA013,2011-12-22,59.400001525878906,
08JA013,2012-01-22,79.69999694824219,
08JA013,2012-02-22,99.0,
08JA013,2012-03-22,121.0,
08JA013,2012-04-22,174.0,
08JA013,2012-05-22,225.0,
08JA013,2012-06-22,239.0,
08JA013,2012-07-22,292.0,
08JA013,2012-08-22,33.0,
08JA013,2012-09-22,64.0999984741211,
08JA013,2012-10-22,63.29999923706055,
08JA013,2012-11-22,39.20000076293945,
08JA013,2012-12-22,38.400001525878906,
08JA013,2013-01-22,31.5,
08JA013,2013-02-22,30.700000762939453,
08JA013,2013-03-22,30.100000381469727,
08JA013,2013-04-22,45.900001525878906,
08JA013,2013-05-22,49.5,
08JA013,2013-06-22,49.20000076293945,
08JA013,2013-07-22,282.0,
08JA013,2013-08-22,14.0,
08JA013,2013-09-22,31.600000381469727,
08JA013,2013-10-22,31.100000381469727,
08JA013,2013-11-22,34.5,
08JA013,2013-12-22,33.79999923706055,
08JA013,2014-01-22,33.400001525878906,
08JA013,2014-02-22,32.70000076293945,
08JA013,2014-03-22,32.099998474121094,
08JA013,2014-04-22,49.09999847412109,
08JA013,2014-05-22,47.900001525878906,
08JA013,2014-06-22,48.59999847412109,
08JA013,2014-07-22,170.0,
08JA013,2014-08-22,15.399999618530272,
08JA013,2014-09-22,31.5,
08JA013,2014-10-22,33.79999923706055,
08JA013,2014-11-22,34.29999923706055,
08JA013,2014-12-22,34.29999923706055,
08JA013,2015-01-22,34.099998474121094,
08JA013,2015-02-22,45.29999923706055,
08JA013,2015-03-22,45.70000076293945,
08JA013,2015-04-22,287.0,
08JA013,2015-05-22,339.0,
08JA013,2015-06-22,321.0,
08JA013,2015-07-22,171.0,
08JA013,2015-08-22,32.5,
08JA013,2015-09-22,32.29999923706055,
08JA013,2015-10-22,14.199999809265137,
08JA013,2015-11-22,30.700000762939453,
08JA013,2015-12-22,30.299999237060547,
08JA013,2016-01-22,29.600000381469727,
08JA013,2016-02-22,29.100000381469727,
08JA013,2016-03-22,29.700000762939453,
08JA013,2016-04-22,49.29999923706055,
08JA013,2016-05-22,49.29999923706055,
08JA013,2016-06-22,49.29999923706055,
08JA013,2016-07-22,169.0,
08JA013,2016-08-22,14.399999618530272,
08JA013,2016-09-22,31.0,
08JA013,2016-10-22,31.899999618530277,
08JA013,2016-11-22,32.20000076293945,
08JA013,2016-12-22,31.399999618530277,
08JA013,2017-01-22,31.0,
08JA013,2017-02-22,30.600000381469727,
08JA013,2017-03-22,32.20000076293945,
08JA013,2017-04-22,48.5,
08JA013,2017-05-22,201.0,
08JA013,2017-06-22,183.0,
08JA013,2017-07-22,170.0,
08JA013,2017-08-22,14.600000381469728,
08JA013,2017-09-22,32.70000076293945,
08JA013,2017-10-22,32.400001525878906,
08JA013,2017-11-22,65.5,
08JA013,2017-12-22,78.9000015258789,
08JA013,2018-01-22,56.0,
08JA013,2018-02-22,35.599998474121094,
08JA013,2018-03-22,64.69999694824219,
08JA013,2018-04-22,151.0,
08JA013,2018-05-22,153.0,
08JA013,2018-06-22,186.0,
08JA013,2018-07-22,452.0,
08JA013,2018-08-22,26.899999618530277,
08JA013,2018-09-22,32.70000076293945,
08JA013,2018-10-22,27.799999237060547,
08JA013,2018-11-22,32.70000076293945,
08JA013,2018-12-22,32.29999923706055,
08JA013,2019-01-22,31.799999237060547,
08JA013,2019-02-22,31.0,
08JA013,2019-03-22,30.299999237060547,
08JA013,2019-04-22,49.5,
08JA013,2019-05-22,51.400001525878906,
08JA013,2019-06-22,48.400001525878906,
08JA013,2019-07-22,14.800000190734863,
08JA013,2019-08-22,14.5,
08JA013,2019-09-22,31.899999618530277,
08JA013,2019-10-22,31.600000381469727,
08JA013,2019-11-22,31.899999618530277,
08JA013,2019-12-22,32.0,
08JA013,2020-01-22,31.700000762939453,
08JA013,2020-02-22,33.400001525878906,
08JA013,2020-03-22,32.79999923706055,
08JA013,2020-04-22,48.900001525878906,
08JA013,2020-05-22,49.70000076293945,
08JA013,2020-06-22,48.59999847412109,
08JA013,2020-07-22,276.0,
08JA013,2020-08-22,15.0,
08JA013,2020-09-22,32.20000076293945,
08JA013,2020-10-22,49.400001525878906,
08JA013,2020-11-22,61.900001525878906,
08JA013,2020-12-22,84.9000015258789,
08JA013,2021-01-22,84.69999694824219,
08JA013,2021-02-22,82.80000305175781,
08JA013,2021-03-22,99.5999984741211,
08JA013,2021-04-22,199.0,
08JA013,2021-05-22,199.0,
08JA013,2021-06-22,200.0,
08JA013,2021-07-22,250.0,
08JA013,2021-08-22,134.0,
08JA013,2021-09-22,81.0,
08JA013,2021-10-22,290.0,
08JA013,2021-11-22,40.29999923706055,
08JA013,2021-12-22,40.20000076293945,
08JA013,2022-01-22,39.900001525878906,
08JA013,2022-02-22,39.59999847412109,
08JA013,2022-03-22,41.400001525878906,
08JA013,2022-04-22,41.29999923706055,
08JA013,2022-05-22,130.0,
08JA013,2022-06-22,291.0,
08JA013,2022-07-22,348.0,
08JA013,2022-08-22,104.0,
08JA013,2022-09-22,58.59999847412109,
08JA013,2022-10-22,59.79999923706055,
08JA013,2022-11-22,38.5,
08JA013,2022-12-22,33.400001525878906,
08JA013,2023-01-22,32.900001525878906,
08JA013,2023-02-22,32.29999923706055,
08JA013,2023-03-22,33.900001525878906,
08JA013,2023-04-22,33.20000076293945,
08JA013,2023-05-22,65.69999694824219,
08JA013,2023-06-22,50.59999847412109,
08JA013,2023-07-22,170.0,
08JA013,2023-08-22,14.199999809265137,
08JA013,2023-09-22,32.79999923706055,
08JA013,2023-10-22,32.79999923706055,
08JA013,2023-11-22,32.400001525878906,
08JA013,2023-12-22,32.099998474121094,
08JA013,2024-01-22,31.5,
08JA013,2024-02-22,32.900001525878906,
08JA013,2024-03-22,32.400001525878906,
08JA013,2024-04-22,31.899999618530277,
08JA013,2024-05-22,49.900001525878906,
08JA013,2024-06-22,48.79999923706055,
08JA013,2024-07-22,282.0,
08JA013,2024-08-22,14.0,
08JA013,2024-09-22,31.700000762939453,
08JA013,2024-10-22,32.20000076293945,
08JA013,2024-11-22,32.0,
08JA013,2024-12-22,32.099998474121094,
08JA013,2025-01-22,32.0,
08JA013,2025-02-22,31.399999618530277,
08JA013,2025-03-22,31.0,
08JA013,2025-04-22,30.799999237060547,
08JA013,2025-05-22,92.5999984741211,
08JA013,2025-06-22,32.79999923706055,
08JA013,2025-07-22,451.0,
08JA013,2025-08-22,14.199999809265137,
08JA013,2025-09-22,31.399999618530277,
08JA013,2025-10-22,31.100000381469727,
08JA013,2025-11-22,31.600000381469727,
08JA013,2025-12-22,32.0,
08JA013,1955-06-23,,
08JA013,1955-11-23,25.5,
08JA013,1956-01-23,2.8299999237060547,
08JA013,1956-02-23,5.659999847412109,
08JA013,1956-03-23,5.659999847412109,
08JA013,1956-04-23,5.659999847412109,
08JA013,1956-05-23,0.0,
08JA013,1956-06-23,0.0,
08JA013,1956-07-23,0.0,
08JA013,1956-08-23,45.29999923706055,
08JA013,1956-09-23,0.0,
08JA013,1956-10-23,0.0,
08JA013,1956-11-23,0.0,
08JA013,1956-12-23,19.799999237060547,
08JA013,1957-01-23,283.0,
08JA013,1957-02-23,261.0,
08JA013,1957-03-23,170.0,
08JA013,1957-04-23,65.0999984741211,
08JA013,1957-05-23,271.0,
08JA013,1957-06-23,345.0,
08JA013,1957-07-23,0.0,
08JA013,1957-08-23,320.0,
08JA013,1957-09-23,79.30000305175781,
08JA013,1957-10-23,155.0,
08JA013,1957-11-23,200.0,
08JA013,1957-12-23,246.0,
08JA013,1958-01-23,326.0,
08JA013,1958-02-23,252.0,
08JA013,1958-03-23,331.0,
08JA013,1958-04-23,331.0,
08JA013,1958-05-23,0.0,
08JA013,1958-06-23,300.0,
08JA013,1958-07-23,300.0,
08JA013,1958-08-23,294.0,
08JA013,1958-09-23,343.0,
08JA013,1958-10-23,326.0,
08JA013,1958-11-23,311.0,
08JA013,1958-12-23,126.0,
08JA013,1959-01-23,124.0,
08JA013,1959-02-23,65.0999984741211,
08JA013,1959-03-23,63.400001525878906,
08JA013,1959-04-23,63.400001525878906,
08JA013,1959-05-23,154.0,
08JA013,1959-06-23,0.0,
08JA013,1959-07-23,309.0,
08JA013,1959-08-23,328.0,
08JA013,1959-09-23,371.0,
08JA013,1959-10-23,399.0,
08JA013,1959-11-23,139.0,
08JA013,1959-12-23,277.0,
08JA013,1960-01-23,68.80000305175781,
08JA013,1960-02-23,127.0,
08JA013,1960-03-23,176.0,
08JA013,1960-04-23,263.0,
08JA013,1960-05-23,371.0,
08JA013,1960-06-23,161.0,
08JA013,1960-07-23,173.0,
08JA013,1960-08-23,265.0,
08JA013,1960-09-23,264.0,
08JA013,1960-10-23,141.0,
08JA013,1960-11-23,186.0,
08JA013,1960-12-23,60.0,
08JA013,1961-01-23,59.70000076293945,
08JA013,1961-02-23,42.5,
08JA013,1961-03-23,42.5,
08JA013,1961-04-23,59.5,
08JA013,1961-05-23,340.0,
08JA013,1961-06-23,274.0,
08JA013,1961-07-23,362.0,
08JA013,1961-08-23,408.0,
08JA013,1961-09-23,481.0,
08JA013,1961-10-23,29.200000762939453,
08JA013,1961-11-23,30.600000381469727,
08JA013,1961-12-23,29.700000762939453,
08JA013,1962-01-23,30.0,
08JA013,1962-02-23,30.600000381469727,
08JA013,1962-03-23,30.600000381469727,
08JA013,1962-04-23,30.600000381469727,
08JA013,1962-05-23,184.0,
08JA013,1962-06-23,198.0,
08JA013,1962-07-23,254.0,
08JA013,1962-08-23,231.0,
08JA013,1962-09-23,227.0,
08JA013,1962-10-23,222.0,
08JA013,1962-11-23,221.0,
08JA013,1962-12-23,46.400001525878906,
08JA013,1963-01-23,46.70000076293945,
08JA013,1963-02-23,46.70000076293945,
08JA013,1963-03-23,46.400001525878906,
08JA013,1963-04-23,46.20000076293945,
08JA013,1963-05-23,334.0,
08JA013,1963-06-23,337.0,
08JA013,1963-07-23,193.0,
08JA013,1963-08-23,199.0,
08JA013,1963-09-23,194.0,
08JA013,1963-10-23,193.0,
08JA013,1963-11-23,29.399999618530277,
08JA013,1963-12-23,42.20000076293945,
08JA013,1964-01-23,42.79999923706055,
08JA013,1964-02-23,43.0,
08JA013,1964-03-23,42.5,
08JA013,1964-04-23,83.80000305175781,
08JA013,1964-05-23,408.0,
08JA013,1964-06-23,416.0,
08JA013,1964-07-23,241.0,
08JA013,1964-08-23,201.0,
08JA013,1964-09-23,198.0,
08JA013,1964-10-23,197.0,
08JA013,1964-11-23,71.5999984741211,
08JA013,1964-12-23,70.80000305175781,
08JA013,1965-01-23,69.9000015258789,
08JA013,1965-02-23,69.0999984741211,
08JA013,1965-03-23,68.0,
08JA013,1965-04-23,67.0999984741211,
08JA013,1965-05-23,192.0,
08JA013,1965-06-23,119.0,
08JA013,1965-07-23,203.0,
08JA013,1965-08-23,201.0,
08JA013,1965-09-23,87.19999694824219,
08JA013,1965-10-23,88.9000015258789,
08JA013,1965-11-23,45.900001525878906,
08JA013,1965-12-23,46.20000076293945,
08JA013,1966-01-23,46.20000076293945,
08JA013,1966-02-23,45.900001525878906,
08JA013,1966-03-23,45.29999923706055,
08JA013,1966-04-23,45.29999923706055,
08JA013,1966-05-23,224.0,
08JA013,1966-06-23,231.0,
08JA013,1966-07-23,0.0,
08JA013,1966-08-23,253.0,
08JA013,1966-09-23,337.0,
08JA013,1966-10-23,227.0,
08JA013,1966-11-23,88.30000305175781,
08JA013,1966-12-23,88.0999984741211,
08JA013,1967-01-23,87.19999694824219,
08JA013,1967-02-23,85.80000305175781,
08JA013,1967-03-23,84.4000015258789,
08JA013,1967-04-23,331.0,
08JA013,1967-05-23,269.0,
08JA013,1967-06-23,172.0,
08JA013,1967-07-23,0.0,
08JA013,1967-08-23,227.0,
08JA013,1967-09-23,87.80000305175781,
08JA013,1967-10-23,149.0,
08JA013,1967-11-23,94.9000015258789,
08JA013,1967-12-23,60.29999923706055,
08JA013,1968-01-23,60.29999923706055,
08JA013,1968-02-23,60.59999847412109,
08JA013,1968-03-23,60.29999923706055,
08JA013,1968-04-23,59.70000076293945,
08JA013,1968-05-23,231.0,
08JA013,1968-06-23,129.0,
08JA013,1968-07-23,348.0,
08JA013,1968-08-23,191.0,
08JA013,1968-09-23,241.0,
08JA013,1968-10-23,235.0,
08JA013,1968-11-23,91.6999969482422,
08JA013,1968-12-23,91.1999969482422,
08JA013,1969-01-23,89.5,
08JA013,1969-02-23,87.5,
08JA013,1969-03-23,85.5,
08JA013,1969-04-23,83.5,
08JA013,1969-05-23,85.80000305175781,
08JA013,1969-06-23,240.0,
08JA013,1969-07-23,34.79999923706055,
08JA013,1969-08-23,158.0,
08JA013,1969-09-23,156.0,
08JA013,1969-10-23,153.0,
08JA013,1969-11-23,75.9000015258789,
08JA013,1969-12-23,75.9000015258789,
08JA013,1970-01-23,74.80000305175781,
08JA013,1970-02-23,73.0999984741211,
08JA013,1970-03-23,71.5999984741211,
08JA013,1970-04-23,44.5,
08JA013,1970-05-23,45.0,
08JA013,1970-06-23,47.29999923706055,
08JA013,1970-07-23,48.09999847412109,
08JA013,1970-08-23,90.9000015258789,
08JA013,1970-09-23,117.0,
08JA013,1970-10-23,116.0,
08JA013,1970-11-23,61.20000076293945,
08JA013,1970-12-23,60.29999923706055,
08JA013,1971-01-23,59.20000076293945,
08JA013,1971-02-23,58.59999847412109,
08JA013,1971-03-23,57.5,
08JA013,1971-04-23,52.400001525878906,
08JA013,1971-05-23,106.0,
08JA013,1971-06-23,61.70000076293945,
08JA013,1971-07-23,65.4000015258789,
08JA013,1971-08-23,174.0,
08JA013,1971-09-23,171.0,
08JA013,1971-10-23,210.0,
08JA013,1971-11-23,75.9000015258789,
08JA013,1971-12-23,75.30000305175781,
08JA013,1972-01-23,73.9000015258789,
08JA013,1972-02-23,72.5,
08JA013,1972-03-23,71.4000015258789,
08JA013,1972-04-23,345.0,
08JA013,1972-05-23,0.0,
08JA013,1972-06-23,45.29999923706055,
08JA013,1972-07-23,428.0,
08JA013,1972-08-23,286.0,
08JA013,1972-09-23,223.0,
08JA013,1972-10-23,214.0,
08JA013,1972-11-23,73.30000305175781,
08JA013,1972-12-23,72.19999694824219,
08JA013,1973-01-23,71.4000015258789,
08JA013,1973-02-23,69.69999694824219,
08JA013,1973-03-23,68.0,
08JA013,1973-04-23,66.30000305175781,
08JA013,1973-05-23,43.59999847412109,
08JA013,1973-06-23,46.400001525878906,
08JA013,1973-07-23,177.0,
08JA013,1973-08-23,66.30000305175781,
08JA013,1973-09-23,33.400001525878906,
08JA013,1973-10-23,33.400001525878906,
08JA013,1973-11-23,49.59999847412109,
08JA013,1973-12-23,49.0,
08JA013,1974-01-23,48.400001525878906,
08JA013,1974-02-23,47.29999923706055,
08JA013,1974-03-23,140.0,
08JA013,1974-04-23,249.0,
08JA013,1974-05-23,0.0,
08JA013,1974-06-23,0.0,
08JA013,1974-07-23,228.0,
08JA013,1974-08-23,15.399999618530272,
08JA013,1974-09-23,25.600000381469727,
08JA013,1974-10-23,200.0,
08JA013,1974-11-23,77.0,
08JA013,1974-12-23,72.19999694824219,
08JA013,1975-01-23,75.5999984741211,
08JA013,1975-02-23,74.19999694824219,
08JA013,1975-03-23,73.0999984741211,
08JA013,1975-04-23,71.5999984741211,
08JA013,1975-05-23,89.19999694824219,
08JA013,1975-06-23,94.5999984741211,
08JA013,1975-07-23,91.1999969482422,
08JA013,1975-08-23,199.0,
08JA013,1975-09-23,97.0999984741211,
08JA013,1975-10-23,226.0,
08JA013,1975-11-23,146.0,
08JA013,1975-12-23,86.4000015258789,
08JA013,1976-01-23,85.5,
08JA013,1976-02-23,84.0999984741211,
08JA013,1976-03-23,82.4000015258789,
08JA013,1976-04-23,408.0,
08JA013,1976-05-23,150.0,
08JA013,1976-06-23,334.0,
08JA013,1976-07-23,439.0,
08JA013,1976-08-23,439.0,
08JA013,1976-09-23,227.0,
08JA013,1976-10-23,283.0,
08JA013,1976-11-23,278.0,
08JA013,1976-12-23,176.0,
08JA013,1977-01-23,172.0,
08JA013,1977-02-23,167.0,
08JA013,1977-03-23,198.0,
08JA013,1977-04-23,1.840000033378601,
08JA013,1977-05-23,0.0,
08JA013,1977-06-23,226.0,
08JA013,1977-07-23,328.0,
08JA013,1977-08-23,87.19999694824219,
08JA013,1977-09-23,11.0,
08JA013,1977-10-23,51.79999923706055,
08JA013,1977-11-23,51.5,
08JA013,1977-12-23,51.29999923706055,
08JA013,1978-01-23,50.400001525878906,
08JA013,1978-02-23,54.09999847412109,
08JA013,1978-03-23,52.70000076293945,
08JA013,1978-04-23,51.0,
08JA013,1978-05-23,52.70000076293945,
08JA013,1978-06-23,39.400001525878906,
08JA013,1978-07-23,36.5,
08JA013,1978-08-23,34.29999923706055,
08JA013,1978-09-23,34.0,
08JA013,1978-10-23,33.099998474121094,
08JA013,1978-11-23,36.79999923706055,
08JA013,1978-12-23,34.29999923706055,
08JA013,1979-01-23,32.599998474121094,
08JA013,1979-02-23,31.399999618530277,
08JA013,1979-03-23,30.600000381469727,
08JA013,1979-04-23,29.700000762939453,
08JA013,1979-05-23,32.0,
08JA013,1979-06-23,33.79999923706055,
08JA013,1979-07-23,92.0,
08JA013,1979-08-23,34.0,
08JA013,1979-09-23,33.599998474121094,
08JA013,1979-10-23,33.099998474121094,
08JA013,1979-11-23,12.699999809265137,
08JA013,1979-12-23,12.5,
08JA013,1980-01-23,14.899999618530272,
08JA013,1980-02-23,15.600000381469728,
08JA013,1980-03-23,15.0,
08JA013,1980-04-23,15.0,
08JA013,1980-05-23,15.399999618530272,
08JA013,1980-06-23,12.0,
08JA013,1980-07-23,22.600000381469727,
08JA013,1980-08-23,14.199999809265137,
08JA013,1980-09-23,32.29999923706055,
08JA013,1980-10-23,32.400001525878906,
08JA013,1980-11-23,32.400001525878906,
08JA013,1980-12-23,32.79999923706055,
08JA013,1981-01-23,33.0,
08JA013,1981-02-23,32.70000076293945,
08JA013,1981-03-23,32.599998474121094,
08JA013,1981-04-23,56.900001525878906,
08JA013,1981-05-23,57.59999847412109,
08JA013,1981-06-23,61.900001525878906,
08JA013,1981-07-23,489.0,
08JA013,1981-08-23,15.899999618530272,
08JA013,1981-09-23,26.899999618530277,
08JA013,1981-10-23,29.700000762939453,
08JA013,1981-11-23,32.5,
08JA013,1981-12-23,32.400001525878906,
08JA013,1982-01-23,32.0,
08JA013,1982-02-23,31.700000762939453,
08JA013,1982-03-23,31.0,
08JA013,1982-04-23,55.20000076293945,
08JA013,1982-05-23,39.09999847412109,
08JA013,1982-06-23,58.59999847412109,
08JA013,1982-07-23,170.0,
08JA013,1982-08-23,14.100000381469728,
08JA013,1982-09-23,31.100000381469727,
08JA013,1982-10-23,31.100000381469727,
08JA013,1982-11-23,31.100000381469727,
08JA013,1982-12-23,31.100000381469727,
08JA013,1983-01-23,31.100000381469727,
08JA013,1983-02-23,31.100000381469727,
08JA013,1983-03-23,31.100000381469727,
08JA013,1983-04-23,49.59999847412109,
08JA013,1983-05-23,49.59999847412109,
08JA013,1983-06-23,56.59999847412109,
08JA013,1983-07-23,56.59999847412109,
08JA013,1983-08-23,37.900001525878906,
08JA013,1983-09-23,31.100000381469727,
08JA013,1983-10-23,30.600000381469727,
08JA013,1983-11-23,31.100000381469727,
08JA013,1983-12-23,30.899999618530277,
08JA013,1984-01-23,30.600000381469727,
08JA013,1984-02-23,30.399999618530277,
08JA013,1984-03-23,30.200000762939453,
08JA013,1984-04-23,53.5,
08JA013,1984-05-23,54.59999847412109,
08JA013,1984-06-23,54.400001525878906,
08JA013,1984-07-23,263.0,
08JA013,1984-08-23,14.199999809265137,
08JA013,1984-09-23,30.899999618530277,
08JA013,1984-10-23,31.399999618530277,
08JA013,1984-11-23,31.299999237060547,
08JA013,1984-12-23,31.0,
08JA013,1985-01-23,30.700000762939453,
08JA013,1985-02-23,30.399999618530277,
08JA013,1985-03-23,30.200000762939453,
08JA013,1985-04-23,57.900001525878906,
08JA013,1985-05-23,54.70000076293945,
08JA013,1985-06-23,59.29999923706055,
08JA013,1985-07-23,280.0,
08JA013,1985-08-23,13.600000381469728,
08JA013,1985-09-23,63.20000076293945,
08JA013,1985-10-23,60.20000076293945,
08JA013,1985-11-23,33.29999923706055,
08JA013,1985-12-23,34.29999923706055,
08JA013,1986-01-23,33.599998474121094,
08JA013,1986-02-23,32.70000076293945,
08JA013,1986-03-23,32.400001525878906,
08JA013,1986-04-23,59.70000076293945,
08JA013,1986-05-23,42.79999923706055,
08JA013,1986-06-23,53.900001525878906,
08JA013,1986-07-23,14.199999809265137,
08JA013,1986-08-23,14.199999809265137,
08JA013,1986-09-23,28.299999237060547,
08JA013,1986-10-23,32.599998474121094,
08JA013,1986-11-23,32.79999923706055,
08JA013,1986-12-23,36.20000076293945,
08JA013,1987-01-23,36.0,
08JA013,1987-02-23,34.5,
08JA013,1987-03-23,34.0,
08JA013,1987-04-23,57.900001525878906,
08JA013,1987-05-23,54.400001525878906,
08JA013,1987-06-23,58.59999847412109,
08JA013,1987-07-23,227.0,
08JA013,1987-08-23,14.199999809265137,
08JA013,1987-09-23,56.59999847412109,
08JA013,1987-10-23,31.100000381469727,
08JA013,1987-11-23,34.0,
08JA013,1987-12-23,35.099998474121094,
08JA013,1988-01-23,33.79999923706055,
08JA013,1988-02-23,33.0,
08JA013,1988-03-23,32.20000076293945,
08JA013,1988-04-23,54.79999923706055,
08JA013,1988-05-23,48.79999923706055,
08JA013,1988-06-23,48.70000076293945,
08JA013,1988-07-23,170.0,
08JA013,1988-08-23,29.899999618530277,
08JA013,1988-09-23,29.799999237060547,
08JA013,1988-10-23,30.100000381469727,
08JA013,1988-11-23,31.0,
08JA013,1988-12-23,30.700000762939453,
08JA013,1989-01-23,30.299999237060547,
08JA013,1989-02-23,29.700000762939453,
08JA013,1989-03-23,29.299999237060547,
08JA013,1989-04-23,48.0,
08JA013,1989-05-23,48.29999923706055,
08JA013,1989-06-23,48.29999923706055,
08JA013,1989-07-23,170.0,
08JA013,1989-08-23,0.0,
08JA013,1989-09-23,32.599998474121094,
08JA013,1989-10-23,32.599998474121094,
08JA013,1989-11-23,35.099998474121094,
08JA013,1989-12-23,35.099998474121094,
08JA013,1990-01-23,35.29999923706055,
08JA013,1990-02-23,34.70000076293945,
08JA013,1990-03-23,33.900001525878906,
08JA013,1990-04-23,252.0,
08JA013,1990-05-23,49.0,
08JA013,1990-06-23,49.29999923706055,
08JA013,1990-07-23,156.0,
08JA013,1990-08-23,14.199999809265137,
08JA013,1990-09-23,30.700000762939453,
08JA013,1990-10-23,33.20000076293945,
08JA013,1990-11-23,33.29999923706055,
08JA013,1990-12-23,32.79999923706055,
08JA013,1991-01-23,32.29999923706055,
08JA013,1991-02-23,51.0,
08JA013,1991-03-23,86.0999984741211,
08JA013,1991-04-23,83.5,
08JA013,1991-05-23,49.0,
08JA013,1991-06-23,49.59999847412109,
08JA013,1991-07-23,453.0,
08JA013,1991-08-23,14.199999809265137,
08JA013,1991-09-23,30.899999618530277,
08JA013,1991-10-23,32.79999923706055,
08JA013,1991-11-23,32.599998474121094,
08JA013,1991-12-23,32.29999923706055,
08JA013,1992-01-23,31.799999237060547,
08JA013,1992-02-23,31.5,
08JA013,1992-03-23,31.399999618530277,
08JA013,1992-04-23,48.70000076293945,
08JA013,1992-05-23,49.20000076293945,
08JA013,1992-06-23,51.400001525878906,
08JA013,1992-07-23,278.0,
08JA013,1992-08-23,14.199999809265137,
08JA013,1992-09-23,32.599998474121094,
08JA013,1992-10-23,33.099998474121094,
08JA013,1992-11-23,33.400001525878906,
08JA013,1992-12-23,33.0,
08JA013,1993-01-23,32.400001525878906,
08JA013,1993-02-23,32.79999923706055,
08JA013,1993-03-23,32.79999923706055,
08JA013,1993-04-23,37.400001525878906,
08JA013,1993-05-23,49.400001525878906,
08JA013,1993-06-23,49.70000076293945,
08JA013,1993-07-23,169.0,
08JA013,1993-08-23,14.199999809265137,
08JA013,1993-09-23,32.099998474121094,
08JA013,1993-10-23,32.400001525878906,
08JA013,1993-11-23,33.599998474121094,
08JA013,1993-12-23,33.29999923706055,
08JA013,1994-01-23,32.900001525878906,
08JA013,1994-02-23,32.400001525878906,
08JA013,1994-03-23,32.0,
08JA013,1994-04-23,49.79999923706055,
08JA013,1994-05-23,50.09999847412109,
08JA013,1994-06-23,50.400001525878906,
08JA013,1994-07-23,283.0,
08JA013,1994-08-23,14.199999809265137,
08JA013,1994-09-23,31.399999618530277,
08JA013,1994-10-23,31.200000762939453,
08JA013,1994-11-23,55.79999923706055,
08JA013,1994-12-23,37.0,
08JA013,1995-01-23,36.09999847412109,
08JA013,1995-02-23,35.400001525878906,
08JA013,1995-03-23,41.29999923706055,
08JA013,1995-04-23,49.400001525878906,
08JA013,1995-05-23,49.5,
08JA013,1995-06-23,49.59999847412109,
08JA013,1995-07-23,283.0,
08JA013,1995-08-23,14.399999618530272,
08JA013,1995-09-23,32.099998474121094,
08JA013,1995-10-23,32.5,
08JA013,1995-11-23,34.79999923706055,
08JA013,1995-12-23,34.29999923706055,
08JA013,1996-01-23,34.099998474121094,
08JA013,1996-02-23,33.70000076293945,
08JA013,1996-03-23,33.099998474121094,
08JA013,1996-04-23,33.5,
08JA013,1996-05-23,51.5,
08JA013,1996-06-23,55.59999847412109,
08JA013,1996-07-23,255.0,
08JA013,1996-08-23,15.0,
08JA013,1996-09-23,113.0,
08JA013,1996-10-23,224.0,
08JA013,1996-11-23,60.79999923706055,
08JA013,1996-12-23,60.09999847412109,
08JA013,1997-01-23,59.0,
08JA013,1997-02-23,58.0,
08JA013,1997-03-23,56.79999923706055,
08JA013,1997-04-23,56.5,
08JA013,1997-05-23,146.0,
08JA013,1997-06-23,341.0,
08JA013,1997-07-23,339.0,
08JA013,1997-08-23,42.29999923706055,
08JA013,1997-09-23,86.0999984741211,
08JA013,1997-10-23,85.5999984741211,
08JA013,1997-11-23,56.900001525878906,
08JA013,1997-12-23,56.09999847412109,
08JA013,1998-01-23,54.900001525878906,
08JA013,1998-02-23,53.59999847412109,
08JA013,1998-03-23,52.20000076293945,
08JA013,1998-04-23,50.900001525878906,
08JA013,1998-05-23,53.5,
08JA013,1998-06-23,51.20000076293945,
08JA013,1998-07-23,283.0,
08JA013,1998-08-23,14.699999809265137,
08JA013,1998-09-23,30.200000762939453,
08JA013,1998-10-23,30.0,
08JA013,1998-11-23,29.600000381469727,
08JA013,1998-12-23,30.100000381469727,
08JA013,1999-01-23,29.700000762939453,
08JA013,1999-02-23,29.299999237060547,
08JA013,1999-03-23,29.700000762939453,
08JA013,1999-04-23,29.299999237060547,
08JA013,1999-05-23,49.09999847412109,
08JA013,1999-06-23,49.0,
08JA013,1999-07-23,14.199999809265137,
08JA013,1999-08-23,15.300000190734863,
08JA013,1999-09-23,32.900001525878906,
08JA013,1999-10-23,33.5,
08JA013,1999-11-23,33.099998474121094,
08JA013,1999-12-23,32.5,
08JA013,2000-01-23,32.79999923706055,
08JA013,2000-02-23,32.79999923706055,
08JA013,2000-03-23,32.900001525878906,
08JA013,2000-04-23,33.0,
08JA013,2000-05-23,49.400001525878906,
08JA013,2000-06-23,49.5,
08JA013,2000-07-23,170.0,
08JA013,2000-08-23,14.0,
08JA013,2000-09-23,32.79999923706055,
08JA013,2000-10-23,32.70000076293945,
08JA013,2000-11-23,32.0,
08JA013,2000-12-23,32.599998474121094,
08JA013,2001-01-23,32.29999923706055,
08JA013,2001-02-23,32.70000076293945,
08JA013,2001-03-23,32.20000076293945,
08JA013,2001-04-23,49.400001525878906,
08JA013,2001-05-23,52.59999847412109,
08JA013,2001-06-23,52.900001525878906,
08JA013,2001-07-23,170.0,
08JA013,2001-08-23,14.199999809265137,
08JA013,2001-09-23,30.0,
08JA013,2001-10-23,30.0,
08JA013,2001-11-23,30.0,
08JA013,2001-12-23,32.0,
08JA013,2002-01-23,31.5,
08JA013,2002-02-23,31.100000381469727,
08JA013,2002-03-23,30.600000381469727,
08JA013,2002-04-23,30.299999237060547,
08JA013,2002-05-23,56.20000076293945,
08JA013,2002-06-23,55.29999923706055,
08JA013,2002-07-23,227.0,
08JA013,2002-08-23,14.699999809265137,
08JA013,2002-09-23,30.0,
08JA013,2002-10-23,54.29999923706055,
08JA013,2002-11-23,55.29999923706055,
08JA013,2002-12-23,85.0,
08JA013,2003-01-23,31.299999237060547,
08JA013,2003-02-23,30.799999237060547,
08JA013,2003-03-23,30.299999237060547,
08JA013,2003-04-23,29.799999237060547,
08JA013,2003-05-23,48.900001525878906,
08JA013,2003-06-23,49.09999847412109,
08JA013,2003-07-23,171.0,
08JA013,2003-08-23,14.300000190734863,
08JA013,2003-09-23,33.0,
08JA013,2003-10-23,32.79999923706055,
08JA013,2003-11-23,32.79999923706055,
08JA013,2003-12-23,32.20000076293945,
08JA013,2004-01-23,32.599998474121094,
08JA013,2004-02-23,32.900001525878906,
08JA013,2004-03-23,33.29999923706055,
08JA013,2004-04-23,42.70000076293945,
08JA013,2004-05-23,53.09999847412109,
08JA013,2004-06-23,53.59999847412109,
08JA013,2004-07-23,255.0,
08JA013,2004-08-23,14.399999618530272,
08JA013,2004-09-23,30.399999618530277,
08JA013,2004-10-23,29.899999618530277,
08JA013,2004-11-23,30.799999237060547,
08JA013,2004-12-23,31.200000762939453,
08JA013,2005-01-23,31.100000381469727,
08JA013,2005-02-23,31.399999618530277,
08JA013,2005-03-23,44.79999923706055,
08JA013,2005-04-23,116.0,
08JA013,2005-05-23,284.0,
08JA013,2005-06-23,188.0,
08JA013,2005-07-23,210.0,
08JA013,2005-08-23,14.899999618530272,
08JA013,2005-09-23,32.20000076293945,
08JA013,2005-10-23,126.0,
08JA013,2005-11-23,86.5,
08JA013,2005-12-23,85.5999984741211,
08JA013,2006-01-23,55.400001525878906,
08JA013,2006-02-23,33.099998474121094,
08JA013,2006-03-23,32.400001525878906,
08JA013,2006-04-23,32.900001525878906,
08JA013,2006-05-23,49.5,
08JA013,2006-06-23,49.900001525878906,
08JA013,2006-07-23,283.0,
08JA013,2006-08-23,14.300000190734863,
08JA013,2006-09-23,32.599998474121094,
08JA013,2006-10-23,31.899999618530277,
08JA013,2006-11-23,33.29999923706055,
08JA013,2006-12-23,33.20000076293945,
08JA013,2007-01-23,33.0,
08JA013,2007-02-23,37.5,
08JA013,2007-03-23,42.20000076293945,
08JA013,2007-04-23,244.0,
08JA013,2007-05-23,120.0,
08JA013,2007-06-23,583.0,
08JA013,2007-07-23,599.0,
08JA013,2007-08-23,373.0,
08JA013,2007-09-23,59.79999923706055,
08JA013,2007-10-23,125.0,
08JA013,2007-11-23,84.5,
08JA013,2007-12-23,83.4000015258789,
08JA013,2008-01-23,81.69999694824219,
08JA013,2008-02-23,33.900001525878906,
08JA013,2008-03-23,33.29999923706055,
08JA013,2008-04-23,32.5,
08JA013,2008-05-23,50.59999847412109,
08JA013,2008-06-23,49.5,
08JA013,2008-07-23,291.0,
08JA013,2008-08-23,14.699999809265137,
08JA013,2008-09-23,32.900001525878906,
08JA013,2008-10-23,33.599998474121094,
08JA013,2008-11-23,33.400001525878906,
08JA013,2008-12-23,35.400001525878906,
08JA013,2009-01-23,35.0,
08JA013,2009-02-23,34.29999923706055,
08JA013,2009-03-23,33.599998474121094,
08JA013,2009-04-23,33.0,
08JA013,2009-05-23,50.29999923706055,
08JA013,2009-06-23,49.900001525878906,
08JA013,2009-07-23,451.0,
08JA013,2009-08-23,14.5,
08JA013,2009-09-23,32.20000076293945,
08JA013,2009-10-23,33.70000076293945,
08JA013,2009-11-23,34.0,
08JA013,2009-12-23,33.599998474121094,
08JA013,2010-01-23,33.099998474121094,
08JA013,2010-02-23,32.5,
08JA013,2010-03-23,31.799999237060547,
08JA013,2010-04-23,36.20000076293945,
08JA013,2010-05-23,50.09999847412109,
08JA013,2010-06-23,50.09999847412109,
08JA013,2010-07-23,170.0,
08JA013,2010-08-23,14.800000190734863,
08JA013,2010-09-23,32.400001525878906,
08JA013,2010-10-23,34.0,
08JA013,2010-11-23,74.69999694824219,
08JA013,2010-12-23,34.099998474121094,
08JA013,2011-01-23,33.70000076293945,
08JA013,2011-02-23,33.29999923706055,
08JA013,2011-03-23,32.70000076293945,
08JA013,2011-04-23,32.099998474121094,
08JA013,2011-05-23,82.5999984741211,
08JA013,2011-06-23,262.0,
08JA013,2011-07-23,326.0,
08JA013,2011-08-23,329.0,
08JA013,2011-09-23,65.19999694824219,
08JA013,2011-10-23,390.0,
08JA013,2011-11-23,59.59999847412109,
08JA013,2011-12-23,59.400001525878906,
08JA013,2012-01-23,79.80000305175781,
08JA013,2012-02-23,98.9000015258789,
08JA013,2012-03-23,121.0,
08JA013,2012-04-23,174.0,
08JA013,2012-05-23,226.0,
08JA013,2012-06-23,240.0,
08JA013,2012-07-23,293.0,
08JA013,2012-08-23,33.0,
08JA013,2012-09-23,64.0999984741211,
08JA013,2012-10-23,63.29999923706055,
08JA013,2012-11-23,39.20000076293945,
08JA013,2012-12-23,38.400001525878906,
08JA013,2013-01-23,31.5,
08JA013,2013-02-23,30.700000762939453,
08JA013,2013-03-23,30.100000381469727,
08JA013,2013-04-23,45.900001525878906,
08JA013,2013-05-23,49.59999847412109,
08JA013,2013-06-23,49.400001525878906,
08JA013,2013-07-23,205.0,
08JA013,2013-08-23,14.0,
08JA013,2013-09-23,31.5,
08JA013,2013-10-23,31.100000381469727,
08JA013,2013-11-23,34.5,
08JA013,2013-12-23,33.79999923706055,
08JA013,2014-01-23,33.400001525878906,
08JA013,2014-02-23,32.599998474121094,
08JA013,2014-03-23,32.099998474121094,
08JA013,2014-04-23,49.09999847412109,
08JA013,2014-05-23,48.09999847412109,
08JA013,2014-06-23,48.70000076293945,
08JA013,2014-07-23,170.0,
08JA013,2014-08-23,15.399999618530272,
08JA013,2014-09-23,31.5,
08JA013,2014-10-23,33.79999923706055,
08JA013,2014-11-23,34.29999923706055,
08JA013,2014-12-23,34.29999923706055,
08JA013,2015-01-23,34.099998474121094,
08JA013,2015-02-23,45.29999923706055,
08JA013,2015-03-23,45.70000076293945,
08JA013,2015-04-23,287.0,
08JA013,2015-05-23,321.0,
08JA013,2015-06-23,321.0,
08JA013,2015-07-23,171.0,
08JA013,2015-08-23,32.5,
08JA013,2015-09-23,32.29999923706055,
08JA013,2015-10-23,14.199999809265137,
08JA013,2015-11-23,30.700000762939453,
08JA013,2015-12-23,30.200000762939453,
08JA013,2016-01-23,29.600000381469727,
08JA013,2016-02-23,29.100000381469727,
08JA013,2016-03-23,29.700000762939453,
08JA013,2016-04-23,49.400001525878906,
08JA013,2016-05-23,49.400001525878906,
08JA013,2016-06-23,49.400001525878906,
08JA013,2016-07-23,240.0,
08JA013,2016-08-23,14.399999618530272,
08JA013,2016-09-23,31.0,
08JA013,2016-10-23,31.899999618530277,
08JA013,2016-11-23,31.600000381469727,
08JA013,2016-12-23,31.399999618530277,
08JA013,2017-01-23,31.0,
08JA013,2017-02-23,30.600000381469727,
08JA013,2017-03-23,32.20000076293945,
08JA013,2017-04-23,48.5,
08JA013,2017-05-23,182.0,
08JA013,2017-06-23,179.0,
08JA013,2017-07-23,170.0,
08JA013,2017-08-23,14.600000381469728,
08JA013,2017-09-23,32.70000076293945,
08JA013,2017-10-23,32.400001525878906,
08JA013,2017-11-23,65.5999984741211,
08JA013,2017-12-23,78.80000305175781,
08JA013,2018-01-23,56.0,
08JA013,2018-02-23,35.599998474121094,
08JA013,2018-03-23,64.69999694824219,
08JA013,2018-04-23,150.0,
08JA013,2018-05-23,206.0,
08JA013,2018-06-23,186.0,
08JA013,2018-07-23,346.0,
08JA013,2018-08-23,26.899999618530277,
08JA013,2018-09-23,32.79999923706055,
08JA013,2018-10-23,27.799999237060547,
08JA013,2018-11-23,32.70000076293945,
08JA013,2018-12-23,32.29999923706055,
08JA013,2019-01-23,31.799999237060547,
08JA013,2019-02-23,31.0,
08JA013,2019-03-23,30.299999237060547,
08JA013,2019-04-23,49.5,
08JA013,2019-05-23,51.5,
08JA013,2019-06-23,48.400001525878906,
08JA013,2019-07-23,60.400001525878906,
08JA013,2019-08-23,14.5,
08JA013,2019-09-23,31.899999618530277,
08JA013,2019-10-23,31.600000381469727,
08JA013,2019-11-23,32.0,
08JA013,2019-12-23,32.0,
08JA013,2020-01-23,31.700000762939453,
08JA013,2020-02-23,33.400001525878906,
08JA013,2020-03-23,32.79999923706055,
08JA013,2020-04-23,49.09999847412109,
08JA013,2020-05-23,49.900001525878906,
08JA013,2020-06-23,48.70000076293945,
08JA013,2020-07-23,276.0,
08JA013,2020-08-23,14.899999618530272,
08JA013,2020-09-23,32.20000076293945,
08JA013,2020-10-23,49.400001525878906,
08JA013,2020-11-23,61.900001525878906,
08JA013,2020-12-23,84.9000015258789,
08JA013,2021-01-23,84.5999984741211,
08JA013,2021-02-23,82.69999694824219,
08JA013,2021-03-23,99.5,
08JA013,2021-04-23,199.0,
08JA013,2021-05-23,200.0,
08JA013,2021-06-23,200.0,
08JA013,2021-07-23,170.0,
08JA013,2021-08-23,79.5,
08JA013,2021-09-23,81.0,
08JA013,2021-10-23,268.0,
08JA013,2021-11-23,40.29999923706055,
08JA013,2021-12-23,40.20000076293945,
08JA013,2022-01-23,39.900001525878906,
08JA013,2022-02-23,39.5,
08JA013,2022-03-23,41.400001525878906,
08JA013,2022-04-23,41.29999923706055,
08JA013,2022-05-23,131.0,
08JA013,2022-06-23,292.0,
08JA013,2022-07-23,300.0,
08JA013,2022-08-23,69.19999694824219,
08JA013,2022-09-23,58.59999847412109,
08JA013,2022-10-23,59.79999923706055,
08JA013,2022-11-23,36.20000076293945,
08JA013,2022-12-23,33.400001525878906,
08JA013,2023-01-23,32.900001525878906,
08JA013,2023-02-23,32.29999923706055,
08JA013,2023-03-23,33.900001525878906,
08JA013,2023-04-23,33.20000076293945,
08JA013,2023-05-23,65.9000015258789,
08JA013,2023-06-23,50.59999847412109,
08JA013,2023-07-23,,
08JA013,2023-08-23,14.199999809265137,
08JA013,2023-09-23,32.79999923706055,
08JA013,2023-10-23,32.79999923706055,
08JA013,2023-11-23,32.400001525878906,
08JA013,2023-12-23,32.099998474121094,
08JA013,2024-01-23,31.5,
08JA013,2024-02-23,32.900001525878906,
08JA013,2024-03-23,32.29999923706055,
08JA013,2024-04-23,31.899999618530277,
08JA013,2024-05-23,50.0,
08JA013,2024-06-23,48.900001525878906,
08JA013,2024-07-23,282.0,
08JA013,2024-08-23,14.0,
08JA013,2024-09-23,31.799999237060547,
08JA013,2024-10-23,32.20000076293945,
08JA013,2024-11-23,32.099998474121094,
08JA013,2024-12-23,32.099998474121094,
08JA013,2025-01-23,32.0,
08JA013,2025-02-23,31.399999618530277,
08JA013,2025-03-23,31.0,
08JA013,2025-04-23,30.799999237060547,
08JA013,2025-05-23,92.6999969482422,
08JA013,2025-06-23,32.79999923706055,
08JA013,2025-07-23,368.0,
08JA013,2025-08-23,14.199999809265137,
08JA013,2025-09-23,31.399999618530277,
08JA013,2025-10-23,31.200000762939453,
08JA013,2025-11-23,31.600000381469727,
08JA013,2025-12-23,32.0,
08JA013,1955-06-24,,
08JA013,1955-11-24,17.0,
08JA013,1956-01-24,2.8299999237060547,
08JA013,1956-02-24,5.659999847412109,
08JA013,1956-03-24,5.659999847412109,
08JA013,1956-04-24,5.659999847412109,
08JA013,1956-05-24,0.0,
08JA013,1956-06-24,0.0,
08JA013,1956-07-24,0.0,
08JA013,1956-08-24,45.29999923706055,
08JA013,1956-09-24,0.0,
08JA013,1956-10-24,0.0,
08JA013,1956-11-24,0.0,
08JA013,1956-12-24,19.799999237060547,
08JA013,1957-01-24,311.0,
08JA013,1957-02-24,261.0,
08JA013,1957-03-24,0.0,
08JA013,1957-04-24,198.0,
08JA013,1957-05-24,273.0,
08JA013,1957-06-24,345.0,
08JA013,1957-07-24,0.0,
08JA013,1957-08-24,320.0,
08JA013,1957-09-24,79.30000305175781,
08JA013,1957-10-24,155.0,
08JA013,1957-11-24,200.0,
08JA013,1957-12-24,246.0,
08JA013,1958-01-24,326.0,
08JA013,1958-02-24,252.0,
08JA013,1958-03-24,331.0,
08JA013,1958-04-24,331.0,
08JA013,1958-05-24,0.0,
08JA013,1958-06-24,303.0,
08JA013,1958-07-24,300.0,
08JA013,1958-08-24,294.0,
08JA013,1958-09-24,343.0,
08JA013,1958-10-24,326.0,
08JA013,1958-11-24,309.0,
08JA013,1958-12-24,126.0,
08JA013,1959-01-24,124.0,
08JA013,1959-02-24,65.0999984741211,
08JA013,1959-03-24,63.400001525878906,
08JA013,1959-04-24,63.400001525878906,
08JA013,1959-05-24,154.0,
08JA013,1959-06-24,0.0,
08JA013,1959-07-24,309.0,
08JA013,1959-08-24,273.0,
08JA013,1959-09-24,371.0,
08JA013,1959-10-24,399.0,
08JA013,1959-11-24,139.0,
08JA013,1959-12-24,276.0,
08JA013,1960-01-24,68.80000305175781,
08JA013,1960-02-24,141.0,
08JA013,1960-03-24,176.0,
08JA013,1960-04-24,263.0,
08JA013,1960-05-24,371.0,
08JA013,1960-06-24,161.0,
08JA013,1960-07-24,174.0,
08JA013,1960-08-24,265.0,
08JA013,1960-09-24,264.0,
08JA013,1960-10-24,141.0,
08JA013,1960-11-24,185.0,
08JA013,1960-12-24,60.0,
08JA013,1961-01-24,59.70000076293945,
08JA013,1961-02-24,42.5,
08JA013,1961-03-24,42.5,
08JA013,1961-04-24,64.5999984741211,
08JA013,1961-05-24,365.0,
08JA013,1961-06-24,354.0,
08JA013,1961-07-24,362.0,
08JA013,1961-08-24,436.0,
08JA013,1961-09-24,481.0,
08JA013,1961-10-24,29.200000762939453,
08JA013,1961-11-24,30.600000381469727,
08JA013,1961-12-24,29.700000762939453,
08JA013,1962-01-24,30.0,
08JA013,1962-02-24,30.600000381469727,
08JA013,1962-03-24,30.600000381469727,
08JA013,1962-04-24,30.600000381469727,
08JA013,1962-05-24,185.0,
08JA013,1962-06-24,198.0,
08JA013,1962-07-24,467.0,
08JA013,1962-08-24,231.0,
08JA013,1962-09-24,227.0,
08JA013,1962-10-24,222.0,
08JA013,1962-11-24,221.0,
08JA013,1962-12-24,46.400001525878906,
08JA013,1963-01-24,46.70000076293945,
08JA013,1963-02-24,46.70000076293945,
08JA013,1963-03-24,46.400001525878906,
08JA013,1963-04-24,46.20000076293945,
08JA013,1963-05-24,334.0,
08JA013,1963-06-24,337.0,
08JA013,1963-07-24,193.0,
08JA013,1963-08-24,199.0,
08JA013,1963-09-24,194.0,
08JA013,1963-10-24,193.0,
08JA013,1963-11-24,29.399999618530277,
08JA013,1963-12-24,42.20000076293945,
08JA013,1964-01-24,42.79999923706055,
08JA013,1964-02-24,43.0,
08JA013,1964-03-24,42.5,
08JA013,1964-04-24,123.0,
08JA013,1964-05-24,408.0,
08JA013,1964-06-24,416.0,
08JA013,1964-07-24,197.0,
08JA013,1964-08-24,201.0,
08JA013,1964-09-24,197.0,
08JA013,1964-10-24,197.0,
08JA013,1964-11-24,71.5999984741211,
08JA013,1964-12-24,70.80000305175781,
08JA013,1965-01-24,69.9000015258789,
08JA013,1965-02-24,69.0999984741211,
08JA013,1965-03-24,68.0,
08JA013,1965-04-24,67.0999984741211,
08JA013,1965-05-24,192.0,
08JA013,1965-06-24,202.0,
08JA013,1965-07-24,203.0,
08JA013,1965-08-24,201.0,
08JA013,1965-09-24,87.19999694824219,
08JA013,1965-10-24,88.9000015258789,
08JA013,1965-11-24,45.900001525878906,
08JA013,1965-12-24,46.20000076293945,
08JA013,1966-01-24,46.20000076293945,
08JA013,1966-02-24,45.900001525878906,
08JA013,1966-03-24,45.29999923706055,
08JA013,1966-04-24,45.29999923706055,
08JA013,1966-05-24,224.0,
08JA013,1966-06-24,232.0,
08JA013,1966-07-24,0.0,
08JA013,1966-08-24,253.0,
08JA013,1966-09-24,334.0,
08JA013,1966-10-24,227.0,
08JA013,1966-11-24,88.30000305175781,
08JA013,1966-12-24,88.0999984741211,
08JA013,1967-01-24,87.19999694824219,
08JA013,1967-02-24,85.80000305175781,
08JA013,1967-03-24,84.4000015258789,
08JA013,1967-04-24,331.0,
08JA013,1967-05-24,269.0,
08JA013,1967-06-24,172.0,
08JA013,1967-07-24,173.0,
08JA013,1967-08-24,227.0,
08JA013,1967-09-24,87.80000305175781,
08JA013,1967-10-24,149.0,
08JA013,1967-11-24,94.9000015258789,
08JA013,1967-12-24,60.29999923706055,
08JA013,1968-01-24,60.29999923706055,
08JA013,1968-02-24,60.59999847412109,
08JA013,1968-03-24,60.29999923706055,
08JA013,1968-04-24,59.70000076293945,
08JA013,1968-05-24,232.0,
08JA013,1968-06-24,129.0,
08JA013,1968-07-24,348.0,
08JA013,1968-08-24,191.0,
08JA013,1968-09-24,241.0,
08JA013,1968-10-24,235.0,
08JA013,1968-11-24,91.6999969482422,
08JA013,1968-12-24,91.1999969482422,
08JA013,1969-01-24,89.5,
08JA013,1969-02-24,87.5,
08JA013,1969-03-24,85.19999694824219,
08JA013,1969-04-24,83.5,
08JA013,1969-05-24,86.0999984741211,
08JA013,1969-06-24,240.0,
08JA013,1969-07-24,34.79999923706055,
08JA013,1969-08-24,158.0,
08JA013,1969-09-24,156.0,
08JA013,1969-10-24,153.0,
08JA013,1969-11-24,75.9000015258789,
08JA013,1969-12-24,75.9000015258789,
08JA013,1970-01-24,74.80000305175781,
08JA013,1970-02-24,72.80000305175781,
08JA013,1970-03-24,71.5999984741211,
08JA013,1970-04-24,44.5,
08JA013,1970-05-24,28.899999618530277,
08JA013,1970-06-24,47.29999923706055,
08JA013,1970-07-24,48.09999847412109,
08JA013,1970-08-24,90.9000015258789,
08JA013,1970-09-24,117.0,
08JA013,1970-10-24,116.0,
08JA013,1970-11-24,61.20000076293945,
08JA013,1970-12-24,60.29999923706055,
08JA013,1971-01-24,59.20000076293945,
08JA013,1971-02-24,58.29999923706055,
08JA013,1971-03-24,57.5,
08JA013,1971-04-24,80.69999694824219,
08JA013,1971-05-24,106.0,
08JA013,1971-06-24,62.0,
08JA013,1971-07-24,101.0,
08JA013,1971-08-24,174.0,
08JA013,1971-09-24,171.0,
08JA013,1971-10-24,210.0,
08JA013,1971-11-24,75.9000015258789,
08JA013,1971-12-24,75.30000305175781,
08JA013,1972-01-24,73.9000015258789,
08JA013,1972-02-24,72.5,
08JA013,1972-03-24,71.4000015258789,
08JA013,1972-04-24,343.0,
08JA013,1972-05-24,0.0,
08JA013,1972-06-24,362.0,
08JA013,1972-07-24,428.0,
08JA013,1972-08-24,283.0,
08JA013,1972-09-24,223.0,
08JA013,1972-10-24,214.0,
08JA013,1972-11-24,73.30000305175781,
08JA013,1972-12-24,71.9000015258789,
08JA013,1973-01-24,71.0999984741211,
08JA013,1973-02-24,69.4000015258789,
08JA013,1973-03-24,67.69999694824219,
08JA013,1973-04-24,66.30000305175781,
08JA013,1973-05-24,43.59999847412109,
08JA013,1973-06-24,46.70000076293945,
08JA013,1973-07-24,177.0,
08JA013,1973-08-24,64.0,
08JA013,1973-09-24,33.400001525878906,
08JA013,1973-10-24,33.400001525878906,
08JA013,1973-11-24,49.59999847412109,
08JA013,1973-12-24,49.0,
08JA013,1974-01-24,48.400001525878906,
08JA013,1974-02-24,47.29999923706055,
08JA013,1974-03-24,140.0,
08JA013,1974-04-24,249.0,
08JA013,1974-05-24,0.0,
08JA013,1974-06-24,0.0,
08JA013,1974-07-24,228.0,
08JA013,1974-08-24,15.600000381469728,
08JA013,1974-09-24,25.5,
08JA013,1974-10-24,200.0,
08JA013,1974-11-24,77.0,
08JA013,1974-12-24,72.19999694824219,
08JA013,1975-01-24,75.5999984741211,
08JA013,1975-02-24,74.19999694824219,
08JA013,1975-03-24,73.0999984741211,
08JA013,1975-04-24,71.5999984741211,
08JA013,1975-05-24,89.19999694824219,
08JA013,1975-06-24,94.9000015258789,
08JA013,1975-07-24,91.1999969482422,
08JA013,1975-08-24,199.0,
08JA013,1975-09-24,97.0999984741211,
08JA013,1975-10-24,226.0,
08JA013,1975-11-24,147.0,
08JA013,1975-12-24,86.4000015258789,
08JA013,1976-01-24,85.5,
08JA013,1976-02-24,84.0999984741211,
08JA013,1976-03-24,82.4000015258789,
08JA013,1976-04-24,408.0,
08JA013,1976-05-24,151.0,
08JA013,1976-06-24,374.0,
08JA013,1976-07-24,439.0,
08JA013,1976-08-24,439.0,
08JA013,1976-09-24,226.0,
08JA013,1976-10-24,282.0,
08JA013,1976-11-24,225.0,
08JA013,1976-12-24,176.0,
08JA013,1977-01-24,172.0,
08JA013,1977-02-24,167.0,
08JA013,1977-03-24,161.0,
08JA013,1977-04-24,6.650000095367432,
08JA013,1977-05-24,0.0,
08JA013,1977-06-24,226.0,
08JA013,1977-07-24,328.0,
08JA013,1977-08-24,105.0,
08JA013,1977-09-24,79.5999984741211,
08JA013,1977-10-24,51.79999923706055,
08JA013,1977-11-24,51.5,
08JA013,1977-12-24,51.29999923706055,
08JA013,1978-01-24,50.400001525878906,
08JA013,1978-02-24,53.79999923706055,
08JA013,1978-03-24,52.70000076293945,
08JA013,1978-04-24,51.0,
08JA013,1978-05-24,33.400001525878906,
08JA013,1978-06-24,39.400001525878906,
08JA013,1978-07-24,36.5,
08JA013,1978-08-24,34.29999923706055,
08JA013,1978-09-24,34.0,
08JA013,1978-10-24,33.400001525878906,
08JA013,1978-11-24,36.79999923706055,
08JA013,1978-12-24,34.29999923706055,
08JA013,1979-01-24,32.599998474121094,
08JA013,1979-02-24,31.399999618530277,
08JA013,1979-03-24,30.600000381469727,
08JA013,1979-04-24,29.700000762939453,
08JA013,1979-05-24,32.099998474121094,
08JA013,1979-06-24,33.79999923706055,
08JA013,1979-07-24,116.0,
08JA013,1979-08-24,34.0,
08JA013,1979-09-24,33.599998474121094,
08JA013,1979-10-24,33.099998474121094,
08JA013,1979-11-24,12.699999809265137,
08JA013,1979-12-24,12.5,
08JA013,1980-01-24,14.899999618530272,
08JA013,1980-02-24,15.600000381469728,
08JA013,1980-03-24,15.0,
08JA013,1980-04-24,15.0,
08JA013,1980-05-24,15.399999618530272,
08JA013,1980-06-24,12.0,
08JA013,1980-07-24,22.600000381469727,
08JA013,1980-08-24,14.199999809265137,
08JA013,1980-09-24,32.29999923706055,
08JA013,1980-10-24,32.400001525878906,
08JA013,1980-11-24,32.400001525878906,
08JA013,1980-12-24,32.79999923706055,
08JA013,1981-01-24,33.0,
08JA013,1981-02-24,32.70000076293945,
08JA013,1981-03-24,32.599998474121094,
08JA013,1981-04-24,56.900001525878906,
08JA013,1981-05-24,57.79999923706055,
08JA013,1981-06-24,36.0,
08JA013,1981-07-24,276.0,
08JA013,1981-08-24,15.899999618530272,
08JA013,1981-09-24,26.899999618530277,
08JA013,1981-10-24,29.700000762939453,
08JA013,1981-11-24,32.5,
08JA013,1981-12-24,32.400001525878906,
08JA013,1982-01-24,32.0,
08JA013,1982-02-24,31.700000762939453,
08JA013,1982-03-24,48.0,
08JA013,1982-04-24,55.20000076293945,
08JA013,1982-05-24,39.09999847412109,
08JA013,1982-06-24,58.59999847412109,
08JA013,1982-07-24,170.0,
08JA013,1982-08-24,14.100000381469728,
08JA013,1982-09-24,31.100000381469727,
08JA013,1982-10-24,31.100000381469727,
08JA013,1982-11-24,31.100000381469727,
08JA013,1982-12-24,31.100000381469727,
08JA013,1983-01-24,31.100000381469727,
08JA013,1983-02-24,31.100000381469727,
08JA013,1983-03-24,31.100000381469727,
08JA013,1983-04-24,49.59999847412109,
08JA013,1983-05-24,49.59999847412109,
08JA013,1983-06-24,56.59999847412109,
08JA013,1983-07-24,123.0,
08JA013,1983-08-24,5.699999809265137,
08JA013,1983-09-24,31.100000381469727,
08JA013,1983-10-24,30.600000381469727,
08JA013,1983-11-24,31.100000381469727,
08JA013,1983-12-24,30.899999618530277,
08JA013,1984-01-24,30.600000381469727,
08JA013,1984-02-24,30.399999618530277,
08JA013,1984-03-24,30.200000762939453,
08JA013,1984-04-24,53.5,
08JA013,1984-05-24,54.59999847412109,
08JA013,1984-06-24,54.400001525878906,
08JA013,1984-07-24,453.0,
08JA013,1984-08-24,14.199999809265137,
08JA013,1984-09-24,30.899999618530277,
08JA013,1984-10-24,31.299999237060547,
08JA013,1984-11-24,31.299999237060547,
08JA013,1984-12-24,31.0,
08JA013,1985-01-24,30.700000762939453,
08JA013,1985-02-24,30.399999618530277,
08JA013,1985-03-24,30.200000762939453,
08JA013,1985-04-24,57.900001525878906,
08JA013,1985-05-24,54.900001525878906,
08JA013,1985-06-24,59.5,
08JA013,1985-07-24,280.0,
08JA013,1985-08-24,13.5,
08JA013,1985-09-24,63.20000076293945,
08JA013,1985-10-24,60.09999847412109,
08JA013,1985-11-24,33.29999923706055,
08JA013,1985-12-24,34.29999923706055,
08JA013,1986-01-24,33.599998474121094,
08JA013,1986-02-24,32.70000076293945,
08JA013,1986-03-24,32.400001525878906,
08JA013,1986-04-24,59.59999847412109,
08JA013,1986-05-24,42.79999923706055,
08JA013,1986-06-24,54.09999847412109,
08JA013,1986-07-24,14.199999809265137,
08JA013,1986-08-24,14.199999809265137,
08JA013,1986-09-24,28.299999237060547,
08JA013,1986-10-24,32.599998474121094,
08JA013,1986-11-24,32.79999923706055,
08JA013,1986-12-24,25.5,
08JA013,1987-01-24,35.79999923706055,
08JA013,1987-02-24,34.400001525878906,
08JA013,1987-03-24,34.0,
08JA013,1987-04-24,57.79999923706055,
08JA013,1987-05-24,54.5,
08JA013,1987-06-24,58.79999923706055,
08JA013,1987-07-24,227.0,
08JA013,1987-08-24,14.199999809265137,
08JA013,1987-09-24,56.59999847412109,
08JA013,1987-10-24,31.100000381469727,
08JA013,1987-11-24,34.0,
08JA013,1987-12-24,35.099998474121094,
08JA013,1988-01-24,33.79999923706055,
08JA013,1988-02-24,32.79999923706055,
08JA013,1988-03-24,32.099998474121094,
08JA013,1988-04-24,54.79999923706055,
08JA013,1988-05-24,48.900001525878906,
08JA013,1988-06-24,48.79999923706055,
08JA013,1988-07-24,170.0,
08JA013,1988-08-24,29.899999618530277,
08JA013,1988-09-24,29.700000762939453,
08JA013,1988-10-24,30.100000381469727,
08JA013,1988-11-24,31.0,
08JA013,1988-12-24,30.600000381469727,
08JA013,1989-01-24,30.299999237060547,
08JA013,1989-02-24,29.700000762939453,
08JA013,1989-03-24,29.299999237060547,
08JA013,1989-04-24,48.0,
08JA013,1989-05-24,48.400001525878906,
08JA013,1989-06-24,48.400001525878906,
08JA013,1989-07-24,170.0,
08JA013,1989-08-24,0.0,
08JA013,1989-09-24,32.599998474121094,
08JA013,1989-10-24,32.599998474121094,
08JA013,1989-11-24,35.099998474121094,
08JA013,1989-12-24,35.099998474121094,
08JA013,1990-01-24,35.29999923706055,
08JA013,1990-02-24,34.70000076293945,
08JA013,1990-03-24,33.900001525878906,
08JA013,1990-04-24,252.0,
08JA013,1990-05-24,49.0,
08JA013,1990-06-24,49.400001525878906,
08JA013,1990-07-24,396.0,
08JA013,1990-08-24,14.199999809265137,
08JA013,1990-09-24,30.700000762939453,
08JA013,1990-10-24,33.29999923706055,
08JA013,1990-11-24,33.29999923706055,
08JA013,1990-12-24,32.79999923706055,
08JA013,1991-01-24,32.29999923706055,
08JA013,1991-02-24,51.0,
08JA013,1991-03-24,85.9000015258789,
08JA013,1991-04-24,83.69999694824219,
08JA013,1991-05-24,48.29999923706055,
08JA013,1991-06-24,49.70000076293945,
08JA013,1991-07-24,396.0,
08JA013,1991-08-24,14.199999809265137,
08JA013,1991-09-24,30.899999618530277,
08JA013,1991-10-24,32.79999923706055,
08JA013,1991-11-24,32.599998474121094,
08JA013,1991-12-24,32.20000076293945,
08JA013,1992-01-24,31.799999237060547,
08JA013,1992-02-24,31.5,
08JA013,1992-03-24,31.399999618530277,
08JA013,1992-04-24,48.70000076293945,
08JA013,1992-05-24,49.20000076293945,
08JA013,1992-06-24,139.0,
08JA013,1992-07-24,278.0,
08JA013,1992-08-24,14.199999809265137,
08JA013,1992-09-24,32.599998474121094,
08JA013,1992-10-24,33.29999923706055,
08JA013,1992-11-24,33.400001525878906,
08JA013,1992-12-24,33.0,
08JA013,1993-01-24,32.400001525878906,
08JA013,1993-02-24,32.79999923706055,
08JA013,1993-03-24,33.29999923706055,
08JA013,1993-04-24,49.20000076293945,
08JA013,1993-05-24,49.79999923706055,
08JA013,1993-06-24,49.70000076293945,
08JA013,1993-07-24,169.0,
08JA013,1993-08-24,14.199999809265137,
08JA013,1993-09-24,32.0,
08JA013,1993-10-24,32.400001525878906,
08JA013,1993-11-24,33.599998474121094,
08JA013,1993-12-24,33.29999923706055,
08JA013,1994-01-24,32.900001525878906,
08JA013,1994-02-24,32.400001525878906,
08JA013,1994-03-24,32.0,
08JA013,1994-04-24,49.900001525878906,
08JA013,1994-05-24,49.59999847412109,
08JA013,1994-06-24,50.5,
08JA013,1994-07-24,194.0,
08JA013,1994-08-24,14.199999809265137,
08JA013,1994-09-24,31.399999618530277,
08JA013,1994-10-24,31.200000762939453,
08JA013,1994-11-24,55.70000076293945,
08JA013,1994-12-24,37.0,
08JA013,1995-01-24,36.09999847412109,
08JA013,1995-02-24,35.400001525878906,
08JA013,1995-03-24,41.29999923706055,
08JA013,1995-04-24,49.400001525878906,
08JA013,1995-05-24,49.59999847412109,
08JA013,1995-06-24,49.70000076293945,
08JA013,1995-07-24,194.0,
08JA013,1995-08-24,14.399999618530272,
08JA013,1995-09-24,14.199999809265137,
08JA013,1995-10-24,32.400001525878906,
08JA013,1995-11-24,34.79999923706055,
08JA013,1995-12-24,34.29999923706055,
08JA013,1996-01-24,34.099998474121094,
08JA013,1996-02-24,33.70000076293945,
08JA013,1996-03-24,33.099998474121094,
08JA013,1996-04-24,33.599998474121094,
08JA013,1996-05-24,51.59999847412109,
08JA013,1996-06-24,55.79999923706055,
08JA013,1996-07-24,255.0,
08JA013,1996-08-24,14.600000381469728,
08JA013,1996-09-24,113.0,
08JA013,1996-10-24,224.0,
08JA013,1996-11-24,60.79999923706055,
08JA013,1996-12-24,60.0,
08JA013,1997-01-24,59.0,
08JA013,1997-02-24,57.900001525878906,
08JA013,1997-03-24,56.79999923706055,
08JA013,1997-04-24,56.5,
08JA013,1997-05-24,146.0,
08JA013,1997-06-24,341.0,
08JA013,1997-07-24,339.0,
08JA013,1997-08-24,42.29999923706055,
08JA013,1997-09-24,86.0,
08JA013,1997-10-24,85.5,
08JA013,1997-11-24,56.900001525878906,
08JA013,1997-12-24,56.09999847412109,
08JA013,1998-01-24,54.900001525878906,
08JA013,1998-02-24,53.5,
08JA013,1998-03-24,52.20000076293945,
08JA013,1998-04-24,50.900001525878906,
08JA013,1998-05-24,53.59999847412109,
08JA013,1998-06-24,51.20000076293945,
08JA013,1998-07-24,283.0,
08JA013,1998-08-24,14.699999809265137,
08JA013,1998-09-24,30.200000762939453,
08JA013,1998-10-24,30.0,
08JA013,1998-11-24,29.600000381469727,
08JA013,1998-12-24,30.100000381469727,
08JA013,1999-01-24,29.700000762939453,
08JA013,1999-02-24,29.299999237060547,
08JA013,1999-03-24,29.700000762939453,
08JA013,1999-04-24,29.299999237060547,
08JA013,1999-05-24,49.29999923706055,
08JA013,1999-06-24,49.09999847412109,
08JA013,1999-07-24,105.0,
08JA013,1999-08-24,15.300000190734863,
08JA013,1999-09-24,32.900001525878906,
08JA013,1999-10-24,33.5,
08JA013,1999-11-24,33.0,
08JA013,1999-12-24,32.5,
08JA013,2000-01-24,32.70000076293945,
08JA013,2000-02-24,32.79999923706055,
08JA013,2000-03-24,32.900001525878906,
08JA013,2000-04-24,33.0,
08JA013,2000-05-24,49.400001525878906,
08JA013,2000-06-24,48.70000076293945,
08JA013,2000-07-24,170.0,
08JA013,2000-08-24,14.0,
08JA013,2000-09-24,32.79999923706055,
08JA013,2000-10-24,32.79999923706055,
08JA013,2000-11-24,32.0,
08JA013,2000-12-24,32.599998474121094,
08JA013,2001-01-24,32.29999923706055,
08JA013,2001-02-24,32.70000076293945,
08JA013,2001-03-24,32.20000076293945,
08JA013,2001-04-24,52.59999847412109,
08JA013,2001-05-24,52.70000076293945,
08JA013,2001-06-24,53.0,
08JA013,2001-07-24,170.0,
08JA013,2001-08-24,14.199999809265137,
08JA013,2001-09-24,30.0,
08JA013,2001-10-24,30.0,
08JA013,2001-11-24,30.0,
08JA013,2001-12-24,32.0,
08JA013,2002-01-24,31.600000381469727,
08JA013,2002-02-24,31.100000381469727,
08JA013,2002-03-24,30.5,
08JA013,2002-04-24,30.200000762939453,
08JA013,2002-05-24,56.400001525878906,
08JA013,2002-06-24,55.400001525878906,
08JA013,2002-07-24,302.0,
08JA013,2002-08-24,14.899999618530272,
08JA013,2002-09-24,30.0,
08JA013,2002-10-24,85.0,
08JA013,2002-11-24,55.29999923706055,
08JA013,2002-12-24,72.5,
08JA013,2003-01-24,31.299999237060547,
08JA013,2003-02-24,30.799999237060547,
08JA013,2003-03-24,30.299999237060547,
08JA013,2003-04-24,36.400001525878906,
08JA013,2003-05-24,49.0,
08JA013,2003-06-24,49.09999847412109,
08JA013,2003-07-24,171.0,
08JA013,2003-08-24,14.300000190734863,
08JA013,2003-09-24,33.0,
08JA013,2003-10-24,32.79999923706055,
08JA013,2003-11-24,32.79999923706055,
08JA013,2003-12-24,32.20000076293945,
08JA013,2004-01-24,32.5,
08JA013,2004-02-24,32.79999923706055,
08JA013,2004-03-24,33.20000076293945,
08JA013,2004-04-24,53.09999847412109,
08JA013,2004-05-24,53.20000076293945,
08JA013,2004-06-24,53.59999847412109,
08JA013,2004-07-24,150.0,
08JA013,2004-08-24,14.399999618530272,
08JA013,2004-09-24,30.5,
08JA013,2004-10-24,29.899999618530277,
08JA013,2004-11-24,30.799999237060547,
08JA013,2004-12-24,31.200000762939453,
08JA013,2005-01-24,31.100000381469727,
08JA013,2005-02-24,31.399999618530277,
08JA013,2005-03-24,44.79999923706055,
08JA013,2005-04-24,135.0,
08JA013,2005-05-24,284.0,
08JA013,2005-06-24,211.0,
08JA013,2005-07-24,210.0,
08JA013,2005-08-24,14.899999618530272,
08JA013,2005-09-24,32.20000076293945,
08JA013,2005-10-24,126.0,
08JA013,2005-11-24,86.5,
08JA013,2005-12-24,85.5999984741211,
08JA013,2006-01-24,55.29999923706055,
08JA013,2006-02-24,33.0,
08JA013,2006-03-24,32.400001525878906,
08JA013,2006-04-24,32.79999923706055,
08JA013,2006-05-24,49.20000076293945,
08JA013,2006-06-24,49.900001525878906,
08JA013,2006-07-24,196.0,
08JA013,2006-08-24,14.300000190734863,
08JA013,2006-09-24,32.599998474121094,
08JA013,2006-10-24,31.899999618530277,
08JA013,2006-11-24,33.29999923706055,
08JA013,2006-12-24,33.20000076293945,
08JA013,2007-01-24,33.0,
08JA013,2007-02-24,42.59999847412109,
08JA013,2007-03-24,42.20000076293945,
08JA013,2007-04-24,192.0,
08JA013,2007-05-24,184.0,
08JA013,2007-06-24,549.0,
08JA013,2007-07-24,599.0,
08JA013,2007-08-24,372.0,
08JA013,2007-09-24,64.4000015258789,
08JA013,2007-10-24,148.0,
08JA013,2007-11-24,84.5,
08JA013,2007-12-24,83.4000015258789,
08JA013,2008-01-24,81.5999984741211,
08JA013,2008-02-24,33.900001525878906,
08JA013,2008-03-24,33.20000076293945,
08JA013,2008-04-24,32.5,
08JA013,2008-05-24,50.0,
08JA013,2008-06-24,49.5,
08JA013,2008-07-24,61.70000076293945,
08JA013,2008-08-24,14.699999809265137,
08JA013,2008-09-24,32.79999923706055,
08JA013,2008-10-24,33.599998474121094,
08JA013,2008-11-24,33.5,
08JA013,2008-12-24,35.400001525878906,
08JA013,2009-01-24,34.900001525878906,
08JA013,2009-02-24,34.29999923706055,
08JA013,2009-03-24,33.599998474121094,
08JA013,2009-04-24,33.0,
08JA013,2009-05-24,50.400001525878906,
08JA013,2009-06-24,50.0,
08JA013,2009-07-24,280.0,
08JA013,2009-08-24,14.399999618530272,
08JA013,2009-09-24,32.20000076293945,
08JA013,2009-10-24,33.70000076293945,
08JA013,2009-11-24,34.0,
08JA013,2009-12-24,33.599998474121094,
08JA013,2010-01-24,33.099998474121094,
08JA013,2010-02-24,32.5,
08JA013,2010-03-24,31.799999237060547,
08JA013,2010-04-24,48.900001525878906,
08JA013,2010-05-24,50.20000076293945,
08JA013,2010-06-24,50.20000076293945,
08JA013,2010-07-24,170.0,
08JA013,2010-08-24,14.800000190734863,
08JA013,2010-09-24,32.400001525878906,
08JA013,2010-10-24,34.099998474121094,
08JA013,2010-11-24,74.69999694824219,
08JA013,2010-12-24,34.099998474121094,
08JA013,2011-01-24,33.70000076293945,
08JA013,2011-02-24,33.29999923706055,
08JA013,2011-03-24,32.70000076293945,
08JA013,2011-04-24,32.099998474121094,
08JA013,2011-05-24,65.9000015258789,
08JA013,2011-06-24,243.0,
08JA013,2011-07-24,326.0,
08JA013,2011-08-24,329.0,
08JA013,2011-09-24,90.6999969482422,
08JA013,2011-10-24,390.0,
08JA013,2011-11-24,59.59999847412109,
08JA013,2011-12-24,59.400001525878906,
08JA013,2012-01-24,79.80000305175781,
08JA013,2012-02-24,111.0,
08JA013,2012-03-24,121.0,
08JA013,2012-04-24,174.0,
08JA013,2012-05-24,226.0,
08JA013,2012-06-24,241.0,
08JA013,2012-07-24,293.0,
08JA013,2012-08-24,33.0,
08JA013,2012-09-24,64.0,
08JA013,2012-10-24,63.20000076293945,
08JA013,2012-11-24,39.20000076293945,
08JA013,2012-12-24,38.400001525878906,
08JA013,2013-01-24,31.5,
08JA013,2013-02-24,30.700000762939453,
08JA013,2013-03-24,30.100000381469727,
08JA013,2013-04-24,46.900001525878906,
08JA013,2013-05-24,49.70000076293945,
08JA013,2013-06-24,49.5,
08JA013,2013-07-24,14.399999618530272,
08JA013,2013-08-24,14.0,
08JA013,2013-09-24,31.5,
08JA013,2013-10-24,31.100000381469727,
08JA013,2013-11-24,34.5,
08JA013,2013-12-24,33.79999923706055,
08JA013,2014-01-24,33.29999923706055,
08JA013,2014-02-24,31.399999618530277,
08JA013,2014-03-24,33.099998474121094,
08JA013,2014-04-24,49.09999847412109,
08JA013,2014-05-24,48.29999923706055,
08JA013,2014-06-24,48.70000076293945,
08JA013,2014-07-24,253.0,
08JA013,2014-08-24,15.399999618530272,
08JA013,2014-09-24,31.5,
08JA013,2014-10-24,33.79999923706055,
08JA013,2014-11-24,34.29999923706055,
08JA013,2014-12-24,34.29999923706055,
08JA013,2015-01-24,34.099998474121094,
08JA013,2015-02-24,45.29999923706055,
08JA013,2015-03-24,45.70000076293945,
08JA013,2015-04-24,272.0,
08JA013,2015-05-24,331.0,
08JA013,2015-06-24,321.0,
08JA013,2015-07-24,171.0,
08JA013,2015-08-24,32.5,
08JA013,2015-09-24,32.20000076293945,
08JA013,2015-10-24,14.199999809265137,
08JA013,2015-11-24,30.700000762939453,
08JA013,2015-12-24,30.200000762939453,
08JA013,2016-01-24,29.600000381469727,
08JA013,2016-02-24,29.100000381469727,
08JA013,2016-03-24,29.700000762939453,
08JA013,2016-04-24,49.59999847412109,
08JA013,2016-05-24,49.400001525878906,
08JA013,2016-06-24,49.400001525878906,
08JA013,2016-07-24,452.0,
08JA013,2016-08-24,14.399999618530272,
08JA013,2016-09-24,31.0,
08JA013,2016-10-24,31.899999618530277,
08JA013,2016-11-24,31.600000381469727,
08JA013,2016-12-24,31.399999618530277,
08JA013,2017-01-24,30.899999618530277,
08JA013,2017-02-24,30.600000381469727,
08JA013,2017-03-24,32.20000076293945,
08JA013,2017-04-24,48.5,
08JA013,2017-05-24,171.0,
08JA013,2017-06-24,174.0,
08JA013,2017-07-24,170.0,
08JA013,2017-08-24,14.600000381469728,
08JA013,2017-09-24,32.70000076293945,
08JA013,2017-10-24,32.5,
08JA013,2017-11-24,65.5999984741211,
08JA013,2017-12-24,78.69999694824219,
08JA013,2018-01-24,55.900001525878906,
08JA013,2018-02-24,35.599998474121094,
08JA013,2018-03-24,64.69999694824219,
08JA013,2018-04-24,150.0,
08JA013,2018-05-24,251.0,
08JA013,2018-06-24,186.0,
08JA013,2018-07-24,282.0,
08JA013,2018-08-24,26.799999237060547,
08JA013,2018-09-24,32.70000076293945,
08JA013,2018-10-24,27.799999237060547,
08JA013,2018-11-24,32.70000076293945,
08JA013,2018-12-24,32.29999923706055,
08JA013,2019-01-24,31.700000762939453,
08JA013,2019-02-24,31.0,
08JA013,2019-03-24,30.299999237060547,
08JA013,2019-04-24,49.5,
08JA013,2019-05-24,49.0,
08JA013,2019-06-24,48.400001525878906,
08JA013,2019-07-24,171.0,
08JA013,2019-08-24,14.5,
08JA013,2019-09-24,31.799999237060547,
08JA013,2019-10-24,31.600000381469727,
08JA013,2019-11-24,32.0,
08JA013,2019-12-24,31.899999618530277,
08JA013,2020-01-24,31.700000762939453,
08JA013,2020-02-24,33.400001525878906,
08JA013,2020-03-24,33.5,
08JA013,2020-04-24,49.29999923706055,
08JA013,2020-05-24,50.0,
08JA013,2020-06-24,48.79999923706055,
08JA013,2020-07-24,276.0,
08JA013,2020-08-24,14.899999618530272,
08JA013,2020-09-24,32.20000076293945,
08JA013,2020-10-24,49.400001525878906,
08JA013,2020-11-24,61.900001525878906,
08JA013,2020-12-24,84.80000305175781,
08JA013,2021-01-24,84.5999984741211,
08JA013,2021-02-24,82.5999984741211,
08JA013,2021-03-24,99.4000015258789,
08JA013,2021-04-24,199.0,
08JA013,2021-05-24,200.0,
08JA013,2021-06-24,222.0,
08JA013,2021-07-24,170.0,
08JA013,2021-08-24,79.5,
08JA013,2021-09-24,81.0,
08JA013,2021-10-24,253.0,
08JA013,2021-11-24,40.29999923706055,
08JA013,2021-12-24,40.20000076293945,
08JA013,2022-01-24,39.900001525878906,
08JA013,2022-02-24,39.5,
08JA013,2022-03-24,41.400001525878906,
08JA013,2022-04-24,41.29999923706055,
08JA013,2022-05-24,148.0,
08JA013,2022-06-24,307.0,
08JA013,2022-07-24,300.0,
08JA013,2022-08-24,59.0,
08JA013,2022-09-24,58.59999847412109,
08JA013,2022-10-24,59.79999923706055,
08JA013,2022-11-24,33.900001525878906,
08JA013,2022-12-24,33.400001525878906,
08JA013,2023-01-24,32.79999923706055,
08JA013,2023-02-24,32.29999923706055,
08JA013,2023-03-24,33.900001525878906,
08JA013,2023-04-24,33.20000076293945,
08JA013,2023-05-24,66.0999984741211,
08JA013,2023-06-24,50.70000076293945,
08JA013,2023-07-24,170.0,
08JA013,2023-08-24,14.199999809265137,
08JA013,2023-09-24,32.79999923706055,
08JA013,2023-10-24,32.70000076293945,
08JA013,2023-11-24,32.400001525878906,
08JA013,2023-12-24,32.0,
08JA013,2024-01-24,31.5,
08JA013,2024-02-24,32.900001525878906,
08JA013,2024-03-24,32.29999923706055,
08JA013,2024-04-24,31.899999618530277,
08JA013,2024-05-24,50.09999847412109,
08JA013,2024-06-24,49.0,
08JA013,2024-07-24,281.0,
08JA013,2024-08-24,14.0,
08JA013,2024-09-24,31.799999237060547,
08JA013,2024-10-24,32.20000076293945,
08JA013,2024-11-24,32.099998474121094,
08JA013,2024-12-24,32.099998474121094,
08JA013,2025-01-24,32.0,
08JA013,2025-02-24,31.399999618530277,
08JA013,2025-03-24,31.0,
08JA013,2025-04-24,30.899999618530277,
08JA013,2025-05-24,92.8000030517578,
08JA013,2025-06-24,32.79999923706055,
08JA013,2025-07-24,252.0,
08JA013,2025-08-24,14.199999809265137,
08JA013,2025-09-24,31.399999618530277,
08JA013,2025-10-24,31.200000762939453,
08JA013,2025-11-24,31.600000381469727,
08JA013,2025-12-24,32.0,
08JA013,1955-06-25,,
08JA013,1955-11-25,,
08JA013,1956-01-25,2.8299999237060547,
08JA013,1956-02-25,5.659999847412109,
08JA013,1956-03-25,5.659999847412109,
08JA013,1956-04-25,5.659999847412109,
08JA013,1956-05-25,0.0,
08JA013,1956-06-25,0.0,
08JA013,1956-07-25,2.8299999237060547,
08JA013,1956-08-25,45.29999923706055,
08JA013,1956-09-25,0.0,
08JA013,1956-10-25,0.0,
08JA013,1956-11-25,0.0,
08JA013,1956-12-25,19.799999237060547,
08JA013,1957-01-25,331.0,
08JA013,1957-02-25,255.0,
08JA013,1957-03-25,0.0,
08JA013,1957-04-25,261.0,
08JA013,1957-05-25,275.0,
08JA013,1957-06-25,0.0,
08JA013,1957-07-25,0.0,
08JA013,1957-08-25,320.0,
08JA013,1957-09-25,34.0,
08JA013,1957-10-25,155.0,
08JA013,1957-11-25,200.0,
08JA013,1957-12-25,246.0,
08JA013,1958-01-25,326.0,
08JA013,1958-02-25,252.0,
08JA013,1958-03-25,331.0,
08JA013,1958-04-25,331.0,
08JA013,1958-05-25,0.0,
08JA013,1958-06-25,303.0,
08JA013,1958-07-25,300.0,
08JA013,1958-08-25,294.0,
08JA013,1958-09-25,343.0,
08JA013,1958-10-25,326.0,
08JA013,1958-11-25,309.0,
08JA013,1958-12-25,126.0,
08JA013,1959-01-25,124.0,
08JA013,1959-02-25,65.0999984741211,
08JA013,1959-03-25,63.400001525878906,
08JA013,1959-04-25,63.400001525878906,
08JA013,1959-05-25,154.0,
08JA013,1959-06-25,0.0,
08JA013,1959-07-25,309.0,
08JA013,1959-08-25,80.4000015258789,
08JA013,1959-09-25,371.0,
08JA013,1959-10-25,399.0,
08JA013,1959-11-25,139.0,
08JA013,1959-12-25,276.0,
08JA013,1960-01-25,68.80000305175781,
08JA013,1960-02-25,141.0,
08JA013,1960-03-25,176.0,
08JA013,1960-04-25,276.0,
08JA013,1960-05-25,371.0,
08JA013,1960-06-25,161.0,
08JA013,1960-07-25,174.0,
08JA013,1960-08-25,265.0,
08JA013,1960-09-25,264.0,
08JA013,1960-10-25,141.0,
08JA013,1960-11-25,185.0,
08JA013,1960-12-25,60.0,
08JA013,1961-01-25,48.70000076293945,
08JA013,1961-02-25,42.5,
08JA013,1961-03-25,42.5,
08JA013,1961-04-25,83.5,
08JA013,1961-05-25,382.0,
08JA013,1961-06-25,365.0,
08JA013,1961-07-25,362.0,
08JA013,1961-08-25,462.0,
08JA013,1961-09-25,481.0,
08JA013,1961-10-25,29.200000762939453,
08JA013,1961-11-25,30.600000381469727,
08JA013,1961-12-25,29.700000762939453,
08JA013,1962-01-25,30.0,
08JA013,1962-02-25,30.600000381469727,
08JA013,1962-03-25,30.600000381469727,
08JA013,1962-04-25,30.600000381469727,
08JA013,1962-05-25,185.0,
08JA013,1962-06-25,198.0,
08JA013,1962-07-25,467.0,
08JA013,1962-08-25,231.0,
08JA013,1962-09-25,227.0,
08JA013,1962-10-25,222.0,
08JA013,1962-11-25,221.0,
08JA013,1962-12-25,46.400001525878906,
08JA013,1963-01-25,46.70000076293945,
08JA013,1963-02-25,46.70000076293945,
08JA013,1963-03-25,46.400001525878906,
08JA013,1963-04-25,46.20000076293945,
08JA013,1963-05-25,334.0,
08JA013,1963-06-25,337.0,
08JA013,1963-07-25,193.0,
08JA013,1963-08-25,199.0,
08JA013,1963-09-25,194.0,
08JA013,1963-10-25,193.0,
08JA013,1963-11-25,29.399999618530277,
08JA013,1963-12-25,42.20000076293945,
08JA013,1964-01-25,42.79999923706055,
08JA013,1964-02-25,43.0,
08JA013,1964-03-25,42.5,
08JA013,1964-04-25,154.0,
08JA013,1964-05-25,405.0,
08JA013,1964-06-25,416.0,
08JA013,1964-07-25,198.0,
08JA013,1964-08-25,201.0,
08JA013,1964-09-25,197.0,
08JA013,1964-10-25,197.0,
08JA013,1964-11-25,71.5999984741211,
08JA013,1964-12-25,70.80000305175781,
08JA013,1965-01-25,69.9000015258789,
08JA013,1965-02-25,69.0999984741211,
08JA013,1965-03-25,68.0,
08JA013,1965-04-25,67.0999984741211,
08JA013,1965-05-25,192.0,
08JA013,1965-06-25,96.8000030517578,
08JA013,1965-07-25,203.0,
08JA013,1965-08-25,200.0,
08JA013,1965-09-25,87.19999694824219,
08JA013,1965-10-25,88.9000015258789,
08JA013,1965-11-25,45.900001525878906,
08JA013,1965-12-25,46.20000076293945,
08JA013,1966-01-25,46.20000076293945,
08JA013,1966-02-25,45.900001525878906,
08JA013,1966-03-25,45.29999923706055,
08JA013,1966-04-25,45.29999923706055,
08JA013,1966-05-25,224.0,
08JA013,1966-06-25,232.0,
08JA013,1966-07-25,0.0,
08JA013,1966-08-25,253.0,
08JA013,1966-09-25,334.0,
08JA013,1966-10-25,228.0,
08JA013,1966-11-25,88.30000305175781,
08JA013,1966-12-25,88.0999984741211,
08JA013,1967-01-25,87.19999694824219,
08JA013,1967-02-25,85.80000305175781,
08JA013,1967-03-25,84.4000015258789,
08JA013,1967-04-25,331.0,
08JA013,1967-05-25,269.0,
08JA013,1967-06-25,172.0,
08JA013,1967-07-25,262.0,
08JA013,1967-08-25,91.1999969482422,
08JA013,1967-09-25,87.80000305175781,
08JA013,1967-10-25,149.0,
08JA013,1967-11-25,94.9000015258789,
08JA013,1967-12-25,60.29999923706055,
08JA013,1968-01-25,60.29999923706055,
08JA013,1968-02-25,60.59999847412109,
08JA013,1968-03-25,60.29999923706055,
08JA013,1968-04-25,59.70000076293945,
08JA013,1968-05-25,232.0,
08JA013,1968-06-25,129.0,
08JA013,1968-07-25,348.0,
08JA013,1968-08-25,191.0,
08JA013,1968-09-25,240.0,
08JA013,1968-10-25,235.0,
08JA013,1968-11-25,92.0,
08JA013,1968-12-25,91.1999969482422,
08JA013,1969-01-25,89.5,
08JA013,1969-02-25,87.5,
08JA013,1969-03-25,85.19999694824219,
08JA013,1969-04-25,83.5,
08JA013,1969-05-25,86.4000015258789,
08JA013,1969-06-25,240.0,
08JA013,1969-07-25,34.79999923706055,
08JA013,1969-08-25,158.0,
08JA013,1969-09-25,156.0,
08JA013,1969-10-25,152.0,
08JA013,1969-11-25,75.9000015258789,
08JA013,1969-12-25,75.9000015258789,
08JA013,1970-01-25,74.5,
08JA013,1970-02-25,72.80000305175781,
08JA013,1970-03-25,71.5999984741211,
08JA013,1970-04-25,44.5,
08JA013,1970-05-25,45.0,
08JA013,1970-06-25,47.29999923706055,
08JA013,1970-07-25,48.09999847412109,
08JA013,1970-08-25,90.9000015258789,
08JA013,1970-09-25,117.0,
08JA013,1970-10-25,116.0,
08JA013,1970-11-25,61.20000076293945,
08JA013,1970-12-25,60.29999923706055,
08JA013,1971-01-25,59.20000076293945,
08JA013,1971-02-25,58.29999923706055,
08JA013,1971-03-25,57.5,
08JA013,1971-04-25,80.69999694824219,
08JA013,1971-05-25,40.5,
08JA013,1971-06-25,62.0,
08JA013,1971-07-25,122.0,
08JA013,1971-08-25,174.0,
08JA013,1971-09-25,171.0,
08JA013,1971-10-25,209.0,
08JA013,1971-11-25,75.9000015258789,
08JA013,1971-12-25,75.30000305175781,
08JA013,1972-01-25,73.9000015258789,
08JA013,1972-02-25,72.19999694824219,
08JA013,1972-03-25,71.4000015258789,
08JA013,1972-04-25,343.0,
08JA013,1972-05-25,0.0,
08JA013,1972-06-25,362.0,
08JA013,1972-07-25,428.0,
08JA013,1972-08-25,283.0,
08JA013,1972-09-25,222.0,
08JA013,1972-10-25,214.0,
08JA013,1972-11-25,73.30000305175781,
08JA013,1972-12-25,71.9000015258789,
08JA013,1973-01-25,71.0999984741211,
08JA013,1973-02-25,69.4000015258789,
08JA013,1973-03-25,67.69999694824219,
08JA013,1973-04-25,66.30000305175781,
08JA013,1973-05-25,43.59999847412109,
08JA013,1973-06-25,46.70000076293945,
08JA013,1973-07-25,139.0,
08JA013,1973-08-25,50.70000076293945,
08JA013,1973-09-25,33.400001525878906,
08JA013,1973-10-25,33.400001525878906,
08JA013,1973-11-25,49.59999847412109,
08JA013,1973-12-25,49.0,
08JA013,1974-01-25,48.09999847412109,
08JA013,1974-02-25,47.29999923706055,
08JA013,1974-03-25,139.0,
08JA013,1974-04-25,248.0,
08JA013,1974-05-25,0.0,
08JA013,1974-06-25,0.0,
08JA013,1974-07-25,228.0,
08JA013,1974-08-25,15.399999618530272,
08JA013,1974-09-25,25.5,
08JA013,1974-10-25,200.0,
08JA013,1974-11-25,77.0,
08JA013,1974-12-25,72.19999694824219,
08JA013,1975-01-25,75.5999984741211,
08JA013,1975-02-25,73.9000015258789,
08JA013,1975-03-25,72.80000305175781,
08JA013,1975-04-25,71.5999984741211,
08JA013,1975-05-25,89.5,
08JA013,1975-06-25,94.9000015258789,
08JA013,1975-07-25,91.1999969482422,
08JA013,1975-08-25,198.0,
08JA013,1975-09-25,96.8000030517578,
08JA013,1975-10-25,226.0,
08JA013,1975-11-25,146.0,
08JA013,1975-12-25,86.4000015258789,
08JA013,1976-01-25,85.5,
08JA013,1976-02-25,84.0999984741211,
08JA013,1976-03-25,82.4000015258789,
08JA013,1976-04-25,405.0,
08JA013,1976-05-25,151.0,
08JA013,1976-06-25,374.0,
08JA013,1976-07-25,439.0,
08JA013,1976-08-25,439.0,
08JA013,1976-09-25,226.0,
08JA013,1976-10-25,282.0,
08JA013,1976-11-25,177.0,
08JA013,1976-12-25,175.0,
08JA013,1977-01-25,172.0,
08JA013,1977-02-25,167.0,
08JA013,1977-03-25,161.0,
08JA013,1977-04-25,0.0,
08JA013,1977-05-25,0.0,
08JA013,1977-06-25,226.0,
08JA013,1977-07-25,102.0,
08JA013,1977-08-25,102.0,
08JA013,1977-09-25,71.5999984741211,
08JA013,1977-10-25,52.09999847412109,
08JA013,1977-11-25,51.5,
08JA013,1977-12-25,51.0,
08JA013,1978-01-25,50.09999847412109,
08JA013,1978-02-25,53.79999923706055,
08JA013,1978-03-25,52.70000076293945,
08JA013,1978-04-25,51.0,
08JA013,1978-05-25,37.70000076293945,
08JA013,1978-06-25,39.400001525878906,
08JA013,1978-07-25,36.5,
08JA013,1978-08-25,34.29999923706055,
08JA013,1978-09-25,33.70000076293945,
08JA013,1978-10-25,33.400001525878906,
08JA013,1978-11-25,36.79999923706055,
08JA013,1978-12-25,34.29999923706055,
08JA013,1979-01-25,32.599998474121094,
08JA013,1979-02-25,31.399999618530277,
08JA013,1979-03-25,30.399999618530277,
08JA013,1979-04-25,29.700000762939453,
08JA013,1979-05-25,32.29999923706055,
08JA013,1979-06-25,34.0,
08JA013,1979-07-25,116.0,
08JA013,1979-08-25,34.0,
08JA013,1979-09-25,33.599998474121094,
08JA013,1979-10-25,33.099998474121094,
08JA013,1979-11-25,12.699999809265137,
08JA013,1979-12-25,12.300000190734863,
08JA013,1980-01-25,14.899999618530272,
08JA013,1980-02-25,15.600000381469728,
08JA013,1980-03-25,15.0,
08JA013,1980-04-25,15.0,
08JA013,1980-05-25,15.399999618530272,
08JA013,1980-06-25,12.0,
08JA013,1980-07-25,22.600000381469727,
08JA013,1980-08-25,14.199999809265137,
08JA013,1980-09-25,32.29999923706055,
08JA013,1980-10-25,32.400001525878906,
08JA013,1980-11-25,32.400001525878906,
08JA013,1980-12-25,32.79999923706055,
08JA013,1981-01-25,33.0,
08JA013,1981-02-25,32.70000076293945,
08JA013,1981-03-25,32.599998474121094,
08JA013,1981-04-25,56.900001525878906,
08JA013,1981-05-25,58.0,
08JA013,1981-06-25,0.0,
08JA013,1981-07-25,255.0,
08JA013,1981-08-25,15.899999618530272,
08JA013,1981-09-25,26.899999618530277,
08JA013,1981-10-25,29.700000762939453,
08JA013,1981-11-25,32.5,
08JA013,1981-12-25,32.400001525878906,
08JA013,1982-01-25,32.0,
08JA013,1982-02-25,31.700000762939453,
08JA013,1982-03-25,56.79999923706055,
08JA013,1982-04-25,55.20000076293945,
08JA013,1982-05-25,39.09999847412109,
08JA013,1982-06-25,58.900001525878906,
08JA013,1982-07-25,170.0,
08JA013,1982-08-25,14.100000381469728,
08JA013,1982-09-25,31.100000381469727,
08JA013,1982-10-25,31.100000381469727,
08JA013,1982-11-25,31.100000381469727,
08JA013,1982-12-25,31.100000381469727,
08JA013,1983-01-25,31.100000381469727,
08JA013,1983-02-25,31.100000381469727,
08JA013,1983-03-25,31.100000381469727,
08JA013,1983-04-25,49.59999847412109,
08JA013,1983-05-25,49.59999847412109,
08JA013,1983-06-25,56.900001525878906,
08JA013,1983-07-25,371.0,
08JA013,1983-08-25,5.699999809265137,
08JA013,1983-09-25,31.100000381469727,
08JA013,1983-10-25,30.799999237060547,
08JA013,1983-11-25,31.100000381469727,
08JA013,1983-12-25,30.700000762939453,
08JA013,1984-01-25,30.600000381469727,
08JA013,1984-02-25,30.399999618530277,
08JA013,1984-03-25,30.200000762939453,
08JA013,1984-04-25,53.5,
08JA013,1984-05-25,54.59999847412109,
08JA013,1984-06-25,54.5,
08JA013,1984-07-25,453.0,
08JA013,1984-08-25,14.199999809265137,
08JA013,1984-09-25,30.899999618530277,
08JA013,1984-10-25,31.399999618530277,
08JA013,1984-11-25,31.299999237060547,
08JA013,1984-12-25,31.0,
08JA013,1985-01-25,30.600000381469727,
08JA013,1985-02-25,30.399999618530277,
08JA013,1985-03-25,30.200000762939453,
08JA013,1985-04-25,57.900001525878906,
08JA013,1985-05-25,55.09999847412109,
08JA013,1985-06-25,59.5,
08JA013,1985-07-25,279.0,
08JA013,1985-08-25,13.5,
08JA013,1985-09-25,63.20000076293945,
08JA013,1985-10-25,60.09999847412109,
08JA013,1985-11-25,33.20000076293945,
08JA013,1985-12-25,34.29999923706055,
08JA013,1986-01-25,33.599998474121094,
08JA013,1986-02-25,32.70000076293945,
08JA013,1986-03-25,32.29999923706055,
08JA013,1986-04-25,59.59999847412109,
08JA013,1986-05-25,42.900001525878906,
08JA013,1986-06-25,54.20000076293945,
08JA013,1986-07-25,66.0999984741211,
08JA013,1986-08-25,14.199999809265137,
08JA013,1986-09-25,28.299999237060547,
08JA013,1986-10-25,32.599998474121094,
08JA013,1986-11-25,32.79999923706055,
08JA013,1986-12-25,24.0,
08JA013,1987-01-25,35.79999923706055,
08JA013,1987-02-25,34.400001525878906,
08JA013,1987-03-25,34.0,
08JA013,1987-04-25,57.79999923706055,
08JA013,1987-05-25,54.70000076293945,
08JA013,1987-06-25,58.900001525878906,
08JA013,1987-07-25,227.0,
08JA013,1987-08-25,14.199999809265137,
08JA013,1987-09-25,56.59999847412109,
08JA013,1987-10-25,31.100000381469727,
08JA013,1987-11-25,34.0,
08JA013,1987-12-25,35.099998474121094,
08JA013,1988-01-25,33.70000076293945,
08JA013,1988-02-25,32.79999923706055,
08JA013,1988-03-25,32.099998474121094,
08JA013,1988-04-25,54.79999923706055,
08JA013,1988-05-25,49.0,
08JA013,1988-06-25,49.0,
08JA013,1988-07-25,170.0,
08JA013,1988-08-25,29.899999618530277,
08JA013,1988-09-25,29.700000762939453,
08JA013,1988-10-25,30.100000381469727,
08JA013,1988-11-25,31.0,
08JA013,1988-12-25,30.600000381469727,
08JA013,1989-01-25,30.299999237060547,
08JA013,1989-02-25,29.600000381469727,
08JA013,1989-03-25,29.299999237060547,
08JA013,1989-04-25,48.0,
08JA013,1989-05-25,48.5,
08JA013,1989-06-25,48.400001525878906,
08JA013,1989-07-25,170.0,
08JA013,1989-08-25,0.0,
08JA013,1989-09-25,32.599998474121094,
08JA013,1989-10-25,32.599998474121094,
08JA013,1989-11-25,35.099998474121094,
08JA013,1989-12-25,35.20000076293945,
08JA013,1990-01-25,35.29999923706055,
08JA013,1990-02-25,34.70000076293945,
08JA013,1990-03-25,33.900001525878906,
08JA013,1990-04-25,244.0,
08JA013,1990-05-25,49.0,
08JA013,1990-06-25,49.400001525878906,
08JA013,1990-07-25,283.0,
08JA013,1990-08-25,14.199999809265137,
08JA013,1990-09-25,30.700000762939453,
08JA013,1990-10-25,33.29999923706055,
08JA013,1990-11-25,33.099998474121094,
08JA013,1990-12-25,32.79999923706055,
08JA013,1991-01-25,32.0,
08JA013,1991-02-25,51.0,
08JA013,1991-03-25,85.80000305175781,
08JA013,1991-04-25,83.80000305175781,
08JA013,1991-05-25,48.400001525878906,
08JA013,1991-06-25,49.79999923706055,
08JA013,1991-07-25,164.0,
08JA013,1991-08-25,14.199999809265137,
08JA013,1991-09-25,30.899999618530277,
08JA013,1991-10-25,32.79999923706055,
08JA013,1991-11-25,32.599998474121094,
08JA013,1991-12-25,32.20000076293945,
08JA013,1992-01-25,31.799999237060547,
08JA013,1992-02-25,31.5,
08JA013,1992-03-25,31.399999618530277,
08JA013,1992-04-25,48.79999923706055,
08JA013,1992-05-25,49.29999923706055,
08JA013,1992-06-25,227.0,
08JA013,1992-07-25,277.0,
08JA013,1992-08-25,14.199999809265137,
08JA013,1992-09-25,32.599998474121094,
08JA013,1992-10-25,33.29999923706055,
08JA013,1992-11-25,33.400001525878906,
08JA013,1992-12-25,33.0,
08JA013,1993-01-25,32.29999923706055,
08JA013,1993-02-25,32.70000076293945,
08JA013,1993-03-25,33.29999923706055,
08JA013,1993-04-25,49.20000076293945,
08JA013,1993-05-25,49.400001525878906,
08JA013,1993-06-25,49.79999923706055,
08JA013,1993-07-25,169.0,
08JA013,1993-08-25,14.199999809265137,
08JA013,1993-09-25,32.0,
08JA013,1993-10-25,32.400001525878906,
08JA013,1993-11-25,33.599998474121094,
08JA013,1993-12-25,33.29999923706055,
08JA013,1994-01-25,32.900001525878906,
08JA013,1994-02-25,32.400001525878906,
08JA013,1994-03-25,32.0,
08JA013,1994-04-25,50.0,
08JA013,1994-05-25,49.0,
08JA013,1994-06-25,50.5,
08JA013,1994-07-25,14.199999809265137,
08JA013,1994-08-25,14.199999809265137,
08JA013,1994-09-25,31.399999618530277,
08JA013,1994-10-25,31.200000762939453,
08JA013,1994-11-25,55.59999847412109,
08JA013,1994-12-25,37.0,
08JA013,1995-01-25,36.09999847412109,
08JA013,1995-02-25,35.29999923706055,
08JA013,1995-03-25,41.29999923706055,
08JA013,1995-04-25,49.400001525878906,
08JA013,1995-05-25,49.70000076293945,
08JA013,1995-06-25,49.70000076293945,
08JA013,1995-07-25,14.600000381469728,
08JA013,1995-08-25,14.399999618530272,
08JA013,1995-09-25,17.799999237060547,
08JA013,1995-10-25,32.400001525878906,
08JA013,1995-11-25,34.79999923706055,
08JA013,1995-12-25,34.20000076293945,
08JA013,1996-01-25,34.099998474121094,
08JA013,1996-02-25,33.599998474121094,
08JA013,1996-03-25,33.0,
08JA013,1996-04-25,33.599998474121094,
08JA013,1996-05-25,51.70000076293945,
08JA013,1996-06-25,55.900001525878906,
08JA013,1996-07-25,255.0,
08JA013,1996-08-25,15.100000381469728,
08JA013,1996-09-25,113.0,
08JA013,1996-10-25,224.0,
08JA013,1996-11-25,60.79999923706055,
08JA013,1996-12-25,60.0,
08JA013,1997-01-25,59.0,
08JA013,1997-02-25,57.900001525878906,
08JA013,1997-03-25,56.79999923706055,
08JA013,1997-04-25,56.5,
08JA013,1997-05-25,146.0,
08JA013,1997-06-25,342.0,
08JA013,1997-07-25,338.0,
08JA013,1997-08-25,42.29999923706055,
08JA013,1997-09-25,86.0,
08JA013,1997-10-25,85.5,
08JA013,1997-11-25,56.900001525878906,
08JA013,1997-12-25,56.09999847412109,
08JA013,1998-01-25,54.900001525878906,
08JA013,1998-02-25,53.5,
08JA013,1998-03-25,52.09999847412109,
08JA013,1998-04-25,50.79999923706055,
08JA013,1998-05-25,53.79999923706055,
08JA013,1998-06-25,51.20000076293945,
08JA013,1998-07-25,282.0,
08JA013,1998-08-25,14.699999809265137,
08JA013,1998-09-25,30.100000381469727,
08JA013,1998-10-25,30.0,
08JA013,1998-11-25,29.600000381469727,
08JA013,1998-12-25,30.100000381469727,
08JA013,1999-01-25,29.700000762939453,
08JA013,1999-02-25,29.299999237060547,
08JA013,1999-03-25,29.700000762939453,
08JA013,1999-04-25,29.299999237060547,
08JA013,1999-05-25,49.400001525878906,
08JA013,1999-06-25,49.20000076293945,
08JA013,1999-07-25,170.0,
08JA013,1999-08-25,15.300000190734863,
08JA013,1999-09-25,32.900001525878906,
08JA013,1999-10-25,33.5,
08JA013,1999-11-25,33.0,
08JA013,1999-12-25,32.5,
08JA013,2000-01-25,32.70000076293945,
08JA013,2000-02-25,32.79999923706055,
08JA013,2000-03-25,32.79999923706055,
08JA013,2000-04-25,33.0,
08JA013,2000-05-25,49.400001525878906,
08JA013,2000-06-25,48.70000076293945,
08JA013,2000-07-25,170.0,
08JA013,2000-08-25,14.0,
08JA013,2000-09-25,32.79999923706055,
08JA013,2000-10-25,32.79999923706055,
08JA013,2000-11-25,32.0,
08JA013,2000-12-25,32.599998474121094,
08JA013,2001-01-25,32.29999923706055,
08JA013,2001-02-25,32.70000076293945,
08JA013,2001-03-25,32.099998474121094,
08JA013,2001-04-25,52.5,
08JA013,2001-05-25,52.70000076293945,
08JA013,2001-06-25,53.09999847412109,
08JA013,2001-07-25,170.0,
08JA013,2001-08-25,14.199999809265137,
08JA013,2001-09-25,30.0,
08JA013,2001-10-25,30.0,
08JA013,2001-11-25,30.0,
08JA013,2001-12-25,31.899999618530277,
08JA013,2002-01-25,31.5,
08JA013,2002-02-25,31.100000381469727,
08JA013,2002-03-25,30.5,
08JA013,2002-04-25,30.200000762939453,
08JA013,2002-05-25,56.5,
08JA013,2002-06-25,55.59999847412109,
08JA013,2002-07-25,378.0,
08JA013,2002-08-25,14.899999618530272,
08JA013,2002-09-25,30.0,
08JA013,2002-10-25,85.0,
08JA013,2002-11-25,55.29999923706055,
08JA013,2002-12-25,55.0,
08JA013,2003-01-25,31.299999237060547,
08JA013,2003-02-25,30.799999237060547,
08JA013,2003-03-25,30.299999237060547,
08JA013,2003-04-25,49.59999847412109,
08JA013,2003-05-25,49.09999847412109,
08JA013,2003-06-25,49.20000076293945,
08JA013,2003-07-25,271.0,
08JA013,2003-08-25,14.300000190734863,
08JA013,2003-09-25,33.099998474121094,
08JA013,2003-10-25,32.900001525878906,
08JA013,2003-11-25,32.79999923706055,
08JA013,2003-12-25,32.20000076293945,
08JA013,2004-01-25,32.5,
08JA013,2004-02-25,32.79999923706055,
08JA013,2004-03-25,33.20000076293945,
08JA013,2004-04-25,53.09999847412109,
08JA013,2004-05-25,53.29999923706055,
08JA013,2004-06-25,53.70000076293945,
08JA013,2004-07-25,98.6999969482422,
08JA013,2004-08-25,14.399999618530272,
08JA013,2004-09-25,30.5,
08JA013,2004-10-25,29.899999618530277,
08JA013,2004-11-25,30.799999237060547,
08JA013,2004-12-25,31.200000762939453,
08JA013,2005-01-25,31.100000381469727,
08JA013,2005-02-25,31.399999618530277,
08JA013,2005-03-25,44.70000076293945,
08JA013,2005-04-25,144.0,
08JA013,2005-05-25,284.0,
08JA013,2005-06-25,211.0,
08JA013,2005-07-25,145.0,
08JA013,2005-08-25,14.899999618530272,
08JA013,2005-09-25,32.20000076293945,
08JA013,2005-10-25,126.0,
08JA013,2005-11-25,86.5,
08JA013,2005-12-25,85.5999984741211,
08JA013,2006-01-25,55.29999923706055,
08JA013,2006-02-25,33.0,
08JA013,2006-03-25,32.400001525878906,
08JA013,2006-04-25,32.79999923706055,
08JA013,2006-05-25,49.29999923706055,
08JA013,2006-06-25,50.0,
08JA013,2006-07-25,14.5,
08JA013,2006-08-25,14.300000190734863,
08JA013,2006-09-25,32.599998474121094,
08JA013,2006-10-25,31.899999618530277,
08JA013,2006-11-25,33.29999923706055,
08JA013,2006-12-25,33.20000076293945,
08JA013,2007-01-25,33.0,
08JA013,2007-02-25,42.59999847412109,
08JA013,2007-03-25,42.20000076293945,
08JA013,2007-04-25,141.0,
08JA013,2007-05-25,242.0,
08JA013,2007-06-25,549.0,
08JA013,2007-07-25,598.0,
08JA013,2007-08-25,172.0,
08JA013,2007-09-25,64.4000015258789,
08JA013,2007-10-25,200.0,
08JA013,2007-11-25,84.5,
08JA013,2007-12-25,83.30000305175781,
08JA013,2008-01-25,81.5,
08JA013,2008-02-25,33.900001525878906,
08JA013,2008-03-25,33.20000076293945,
08JA013,2008-04-25,32.5,
08JA013,2008-05-25,48.900001525878906,
08JA013,2008-06-25,49.5,
08JA013,2008-07-25,170.0,
08JA013,2008-08-25,14.699999809265137,
08JA013,2008-09-25,32.79999923706055,
08JA013,2008-10-25,33.5,
08JA013,2008-11-25,33.5,
08JA013,2008-12-25,35.400001525878906,
08JA013,2009-01-25,34.900001525878906,
08JA013,2009-02-25,34.29999923706055,
08JA013,2009-03-25,33.599998474121094,
08JA013,2009-04-25,33.0,
08JA013,2009-05-25,50.5,
08JA013,2009-06-25,50.09999847412109,
08JA013,2009-07-25,280.0,
08JA013,2009-08-25,14.399999618530272,
08JA013,2009-09-25,32.20000076293945,
08JA013,2009-10-25,33.599998474121094,
08JA013,2009-11-25,34.0,
08JA013,2009-12-25,33.599998474121094,
08JA013,2010-01-25,33.0,
08JA013,2010-02-25,32.400001525878906,
08JA013,2010-03-25,31.700000762939453,
08JA013,2010-04-25,48.900001525878906,
08JA013,2010-05-25,50.20000076293945,
08JA013,2010-06-25,50.29999923706055,
08JA013,2010-07-25,226.0,
08JA013,2010-08-25,14.800000190734863,
08JA013,2010-09-25,32.5,
08JA013,2010-10-25,34.099998474121094,
08JA013,2010-11-25,74.5999984741211,
08JA013,2010-12-25,34.099998474121094,
08JA013,2011-01-25,33.70000076293945,
08JA013,2011-02-25,33.20000076293945,
08JA013,2011-03-25,32.70000076293945,
08JA013,2011-04-25,32.0,
08JA013,2011-05-25,49.20000076293945,
08JA013,2011-06-25,326.0,
08JA013,2011-07-25,326.0,
08JA013,2011-08-25,328.0,
08JA013,2011-09-25,129.0,
08JA013,2011-10-25,233.0,
08JA013,2011-11-25,59.59999847412109,
08JA013,2011-12-25,59.400001525878906,
08JA013,2012-01-25,79.80000305175781,
08JA013,2012-02-25,125.0,
08JA013,2012-03-25,120.0,
08JA013,2012-04-25,174.0,
08JA013,2012-05-25,226.0,
08JA013,2012-06-25,242.0,
08JA013,2012-07-25,293.0,
08JA013,2012-08-25,32.900001525878906,
08JA013,2012-09-25,64.0,
08JA013,2012-10-25,63.20000076293945,
08JA013,2012-11-25,39.09999847412109,
08JA013,2012-12-25,38.29999923706055,
08JA013,2013-01-25,31.399999618530277,
08JA013,2013-02-25,30.700000762939453,
08JA013,2013-03-25,30.0,
08JA013,2013-04-25,49.400001525878906,
08JA013,2013-05-25,49.79999923706055,
08JA013,2013-06-25,49.59999847412109,
08JA013,2013-07-25,14.399999618530272,
08JA013,2013-08-25,14.100000381469728,
08JA013,2013-09-25,31.5,
08JA013,2013-10-25,31.100000381469727,
08JA013,2013-11-25,34.400001525878906,
08JA013,2013-12-25,33.70000076293945,
08JA013,2014-01-25,33.29999923706055,
08JA013,2014-02-25,32.599998474121094,
08JA013,2014-03-25,34.79999923706055,
08JA013,2014-04-25,49.09999847412109,
08JA013,2014-05-25,48.400001525878906,
08JA013,2014-06-25,48.79999923706055,
08JA013,2014-07-25,452.0,
08JA013,2014-08-25,15.399999618530272,
08JA013,2014-09-25,31.5,
08JA013,2014-10-25,33.79999923706055,
08JA013,2014-11-25,34.29999923706055,
08JA013,2014-12-25,34.29999923706055,
08JA013,2015-01-25,34.20000076293945,
08JA013,2015-02-25,45.29999923706055,
08JA013,2015-03-25,45.79999923706055,
08JA013,2015-04-25,191.0,
08JA013,2015-05-25,341.0,
08JA013,2015-06-25,321.0,
08JA013,2015-07-25,170.0,
08JA013,2015-08-25,32.400001525878906,
08JA013,2015-09-25,32.20000076293945,
08JA013,2015-10-25,31.600000381469727,
08JA013,2015-11-25,30.700000762939453,
08JA013,2015-12-25,30.200000762939453,
08JA013,2016-01-25,29.600000381469727,
08JA013,2016-02-25,29.100000381469727,
08JA013,2016-03-25,29.700000762939453,
08JA013,2016-04-25,49.70000076293945,
08JA013,2016-05-25,49.5,
08JA013,2016-06-25,49.400001525878906,
08JA013,2016-07-25,451.0,
08JA013,2016-08-25,14.399999618530272,
08JA013,2016-09-25,31.0,
08JA013,2016-10-25,31.899999618530277,
08JA013,2016-11-25,31.600000381469727,
08JA013,2016-12-25,31.399999618530277,
08JA013,2017-01-25,30.899999618530277,
08JA013,2017-02-25,30.600000381469727,
08JA013,2017-03-25,32.099998474121094,
08JA013,2017-04-25,48.59999847412109,
08JA013,2017-05-25,171.0,
08JA013,2017-06-25,171.0,
08JA013,2017-07-25,170.0,
08JA013,2017-08-25,14.600000381469728,
08JA013,2017-09-25,32.70000076293945,
08JA013,2017-10-25,55.20000076293945,
08JA013,2017-11-25,65.5999984741211,
08JA013,2017-12-25,78.69999694824219,
08JA013,2018-01-25,50.09999847412109,
08JA013,2018-02-25,35.5,
08JA013,2018-03-25,64.5999984741211,
08JA013,2018-04-25,150.0,
08JA013,2018-05-25,251.0,
08JA013,2018-06-25,186.0,
08JA013,2018-07-25,282.0,
08JA013,2018-08-25,26.799999237060547,
08JA013,2018-09-25,32.70000076293945,
08JA013,2018-10-25,27.799999237060547,
08JA013,2018-11-25,32.70000076293945,
08JA013,2018-12-25,32.20000076293945,
08JA013,2019-01-25,31.700000762939453,
08JA013,2019-02-25,30.899999618530277,
08JA013,2019-03-25,30.899999618530277,
08JA013,2019-04-25,49.5,
08JA013,2019-05-25,49.20000076293945,
08JA013,2019-06-25,48.400001525878906,
08JA013,2019-07-25,171.0,
08JA013,2019-08-25,14.5,
08JA013,2019-09-25,31.799999237060547,
08JA013,2019-10-25,31.700000762939453,
08JA013,2019-11-25,32.0,
08JA013,2019-12-25,31.899999618530277,
08JA013,2020-01-25,31.700000762939453,
08JA013,2020-02-25,33.400001525878906,
08JA013,2020-03-25,34.70000076293945,
08JA013,2020-04-25,49.5,
08JA013,2020-05-25,49.400001525878906,
08JA013,2020-06-25,48.900001525878906,
08JA013,2020-07-25,250.0,
08JA013,2020-08-25,14.899999618530272,
08JA013,2020-09-25,32.20000076293945,
08JA013,2020-10-25,49.400001525878906,
08JA013,2020-11-25,66.5999984741211,
08JA013,2020-12-25,84.80000305175781,
08JA013,2021-01-25,84.5,
08JA013,2021-02-25,82.5999984741211,
08JA013,2021-03-25,99.3000030517578,
08JA013,2021-04-25,199.0,
08JA013,2021-05-25,199.0,
08JA013,2021-06-25,275.0,
08JA013,2021-07-25,170.0,
08JA013,2021-08-25,79.4000015258789,
08JA013,2021-09-25,81.0,
08JA013,2021-10-25,229.0,
08JA013,2021-11-25,40.29999923706055,
08JA013,2021-12-25,40.20000076293945,
08JA013,2022-01-25,39.900001525878906,
08JA013,2022-02-25,39.5,
08JA013,2022-03-25,41.400001525878906,
08JA013,2022-04-25,41.29999923706055,
08JA013,2022-05-25,161.0,
08JA013,2022-06-25,321.0,
08JA013,2022-07-25,299.0,
08JA013,2022-08-25,59.0,
08JA013,2022-09-25,58.5,
08JA013,2022-10-25,59.70000076293945,
08JA013,2022-11-25,34.0,
08JA013,2022-12-25,33.400001525878906,
08JA013,2023-01-25,32.79999923706055,
08JA013,2023-02-25,32.29999923706055,
08JA013,2023-03-25,33.900001525878906,
08JA013,2023-04-25,33.20000076293945,
08JA013,2023-05-25,66.19999694824219,
08JA013,2023-06-25,50.70000076293945,
08JA013,2023-07-25,170.0,
08JA013,2023-08-25,14.199999809265137,
08JA013,2023-09-25,32.70000076293945,
08JA013,2023-10-25,32.70000076293945,
08JA013,2023-11-25,32.400001525878906,
08JA013,2023-12-25,32.0,
08JA013,2024-01-25,31.5,
08JA013,2024-02-25,32.900001525878906,
08JA013,2024-03-25,32.29999923706055,
08JA013,2024-04-25,31.899999618530277,
08JA013,2024-05-25,50.09999847412109,
08JA013,2024-06-25,49.0,
08JA013,2024-07-25,213.0,
08JA013,2024-08-25,14.0,
08JA013,2024-09-25,31.899999618530277,
08JA013,2024-10-25,32.20000076293945,
08JA013,2024-11-25,32.099998474121094,
08JA013,2024-12-25,32.099998474121094,
08JA013,2025-01-25,31.899999618530277,
08JA013,2025-02-25,31.399999618530277,
08JA013,2025-03-25,30.899999618530277,
08JA013,2025-04-25,30.899999618530277,
08JA013,2025-05-25,92.9000015258789,
08JA013,2025-06-25,32.900001525878906,
08JA013,2025-07-25,353.0,
08JA013,2025-08-25,14.199999809265137,
08JA013,2025-09-25,31.399999618530277,
08JA013,2025-10-25,31.200000762939453,
08JA013,2025-11-25,31.600000381469727,
08JA013,2025-12-25,32.099998474121094,
08JA013,1955-06-26,,
08JA013,1955-11-26,,
08JA013,1956-01-26,2.8299999237060547,
08JA013,1956-02-26,5.659999847412109,
08JA013,1956-03-26,5.659999847412109,
08JA013,1956-04-26,5.659999847412109,
08JA013,1956-05-26,0.0,
08JA013,1956-06-26,0.0,
08JA013,1956-07-26,5.659999847412109,
08JA013,1956-08-26,45.29999923706055,
08JA013,1956-09-26,0.0,
08JA013,1956-10-26,0.0,
08JA013,1956-11-26,0.0,
08JA013,1956-12-26,19.799999237060547,
08JA013,1957-01-26,283.0,
08JA013,1957-02-26,256.0,
08JA013,1957-03-26,0.0,
08JA013,1957-04-26,261.0,
08JA013,1957-05-26,278.0,
08JA013,1957-06-26,0.0,
08JA013,1957-07-26,0.0,
08JA013,1957-08-26,320.0,
08JA013,1957-09-26,36.79999923706055,
08JA013,1957-10-26,155.0,
08JA013,1957-11-26,200.0,
08JA013,1957-12-26,246.0,
08JA013,1958-01-26,326.0,
08JA013,1958-02-26,252.0,
08JA013,1958-03-26,331.0,
08JA013,1958-04-26,331.0,
08JA013,1958-05-26,0.0,
08JA013,1958-06-26,303.0,
08JA013,1958-07-26,300.0,
08JA013,1958-08-26,294.0,
08JA013,1958-09-26,343.0,
08JA013,1958-10-26,326.0,
08JA013,1958-11-26,309.0,
08JA013,1958-12-26,126.0,
08JA013,1959-01-26,124.0,
08JA013,1959-02-26,65.0999984741211,
08JA013,1959-03-26,63.400001525878906,
08JA013,1959-04-26,63.400001525878906,
08JA013,1959-05-26,154.0,
08JA013,1959-06-26,0.0,
08JA013,1959-07-26,309.0,
08JA013,1959-08-26,213.0,
08JA013,1959-09-26,371.0,
08JA013,1959-10-26,399.0,
08JA013,1959-11-26,172.0,
08JA013,1959-12-26,275.0,
08JA013,1960-01-26,68.80000305175781,
08JA013,1960-02-26,141.0,
08JA013,1960-03-26,176.0,
08JA013,1960-04-26,300.0,
08JA013,1960-05-26,371.0,
08JA013,1960-06-26,161.0,
08JA013,1960-07-26,174.0,
08JA013,1960-08-26,265.0,
08JA013,1960-09-26,264.0,
08JA013,1960-10-26,141.0,
08JA013,1960-11-26,185.0,
08JA013,1960-12-26,60.0,
08JA013,1961-01-26,29.700000762939453,
08JA013,1961-02-26,42.5,
08JA013,1961-03-26,42.5,
08JA013,1961-04-26,83.5,
08JA013,1961-05-26,258.0,
08JA013,1961-06-26,365.0,
08JA013,1961-07-26,362.0,
08JA013,1961-08-26,462.0,
08JA013,1961-09-26,481.0,
08JA013,1961-10-26,29.200000762939453,
08JA013,1961-11-26,30.600000381469727,
08JA013,1961-12-26,29.700000762939453,
08JA013,1962-01-26,30.0,
08JA013,1962-02-26,30.600000381469727,
08JA013,1962-03-26,30.600000381469727,
08JA013,1962-04-26,30.600000381469727,
08JA013,1962-05-26,186.0,
08JA013,1962-06-26,198.0,
08JA013,1962-07-26,467.0,
08JA013,1962-08-26,231.0,
08JA013,1962-09-26,227.0,
08JA013,1962-10-26,222.0,
08JA013,1962-11-26,221.0,
08JA013,1962-12-26,46.400001525878906,
08JA013,1963-01-26,46.70000076293945,
08JA013,1963-02-26,46.70000076293945,
08JA013,1963-03-26,46.400001525878906,
08JA013,1963-04-26,46.20000076293945,
08JA013,1963-05-26,334.0,
08JA013,1963-06-26,337.0,
08JA013,1963-07-26,201.0,
08JA013,1963-08-26,199.0,
08JA013,1963-09-26,194.0,
08JA013,1963-10-26,193.0,
08JA013,1963-11-26,29.399999618530277,
08JA013,1963-12-26,42.20000076293945,
08JA013,1964-01-26,42.79999923706055,
08JA013,1964-02-26,43.0,
08JA013,1964-03-26,42.5,
08JA013,1964-04-26,181.0,
08JA013,1964-05-26,405.0,
08JA013,1964-06-26,416.0,
08JA013,1964-07-26,198.0,
08JA013,1964-08-26,201.0,
08JA013,1964-09-26,197.0,
08JA013,1964-10-26,197.0,
08JA013,1964-11-26,71.5999984741211,
08JA013,1964-12-26,70.80000305175781,
08JA013,1965-01-26,69.9000015258789,
08JA013,1965-02-26,69.0999984741211,
08JA013,1965-03-26,68.0,
08JA013,1965-04-26,67.0999984741211,
08JA013,1965-05-26,192.0,
08JA013,1965-06-26,202.0,
08JA013,1965-07-26,203.0,
08JA013,1965-08-26,200.0,
08JA013,1965-09-26,87.19999694824219,
08JA013,1965-10-26,88.9000015258789,
08JA013,1965-11-26,45.900001525878906,
08JA013,1965-12-26,46.20000076293945,
08JA013,1966-01-26,46.20000076293945,
08JA013,1966-02-26,45.900001525878906,
08JA013,1966-03-26,45.29999923706055,
08JA013,1966-04-26,45.29999923706055,
08JA013,1966-05-26,224.0,
08JA013,1966-06-26,232.0,
08JA013,1966-07-26,0.0,
08JA013,1966-08-26,253.0,
08JA013,1966-09-26,334.0,
08JA013,1966-10-26,228.0,
08JA013,1966-11-26,88.30000305175781,
08JA013,1966-12-26,88.0999984741211,
08JA013,1967-01-26,87.19999694824219,
08JA013,1967-02-26,85.80000305175781,
08JA013,1967-03-26,84.4000015258789,
08JA013,1967-04-26,328.0,
08JA013,1967-05-26,269.0,
08JA013,1967-06-26,172.0,
08JA013,1967-07-26,262.0,
08JA013,1967-08-26,119.0,
08JA013,1967-09-26,87.80000305175781,
08JA013,1967-10-26,149.0,
08JA013,1967-11-26,94.9000015258789,
08JA013,1967-12-26,60.29999923706055,
08JA013,1968-01-26,60.29999923706055,
08JA013,1968-02-26,60.59999847412109,
08JA013,1968-03-26,60.29999923706055,
08JA013,1968-04-26,59.70000076293945,
08JA013,1968-05-26,233.0,
08JA013,1968-06-26,129.0,
08JA013,1968-07-26,289.0,
08JA013,1968-08-26,191.0,
08JA013,1968-09-26,240.0,
08JA013,1968-10-26,236.0,
08JA013,1968-11-26,92.0,
08JA013,1968-12-26,90.9000015258789,
08JA013,1969-01-26,89.5,
08JA013,1969-02-26,87.19999694824219,
08JA013,1969-03-26,85.19999694824219,
08JA013,1969-04-26,83.5,
08JA013,1969-05-26,86.4000015258789,
08JA013,1969-06-26,240.0,
08JA013,1969-07-26,34.79999923706055,
08JA013,1969-08-26,158.0,
08JA013,1969-09-26,156.0,
08JA013,1969-10-26,152.0,
08JA013,1969-11-26,75.9000015258789,
08JA013,1969-12-26,75.9000015258789,
08JA013,1970-01-26,74.5,
08JA013,1970-02-26,72.80000305175781,
08JA013,1970-03-26,71.4000015258789,
08JA013,1970-04-26,44.5,
08JA013,1970-05-26,45.0,
08JA013,1970-06-26,47.59999847412109,
08JA013,1970-07-26,48.400001525878906,
08JA013,1970-08-26,90.9000015258789,
08JA013,1970-09-26,117.0,
08JA013,1970-10-26,116.0,
08JA013,1970-11-26,61.20000076293945,
08JA013,1970-12-26,60.29999923706055,
08JA013,1971-01-26,59.20000076293945,
08JA013,1971-02-26,58.29999923706055,
08JA013,1971-03-26,57.5,
08JA013,1971-04-26,54.900001525878906,
08JA013,1971-05-26,35.099998474121094,
08JA013,1971-06-26,62.29999923706055,
08JA013,1971-07-26,122.0,
08JA013,1971-08-26,174.0,
08JA013,1971-09-26,171.0,
08JA013,1971-10-26,209.0,
08JA013,1971-11-26,75.9000015258789,
08JA013,1971-12-26,75.30000305175781,
08JA013,1972-01-26,73.9000015258789,
08JA013,1972-02-26,72.19999694824219,
08JA013,1972-03-26,71.4000015258789,
08JA013,1972-04-26,340.0,
08JA013,1972-05-26,0.0,
08JA013,1972-06-26,362.0,
08JA013,1972-07-26,428.0,
08JA013,1972-08-26,283.0,
08JA013,1972-09-26,222.0,
08JA013,1972-10-26,214.0,
08JA013,1972-11-26,73.30000305175781,
08JA013,1972-12-26,71.9000015258789,
08JA013,1973-01-26,71.0999984741211,
08JA013,1973-02-26,69.4000015258789,
08JA013,1973-03-26,67.69999694824219,
08JA013,1973-04-26,66.30000305175781,
08JA013,1973-05-26,43.900001525878906,
08JA013,1973-06-26,47.0,
08JA013,1973-07-26,122.0,
08JA013,1973-08-26,52.400001525878906,
08JA013,1973-09-26,33.400001525878906,
08JA013,1973-10-26,33.400001525878906,
08JA013,1973-11-26,49.59999847412109,
08JA013,1973-12-26,49.0,
08JA013,1974-01-26,48.09999847412109,
08JA013,1974-02-26,47.29999923706055,
08JA013,1974-03-26,139.0,
08JA013,1974-04-26,248.0,
08JA013,1974-05-26,0.0,
08JA013,1974-06-26,0.0,
08JA013,1974-07-26,228.0,
08JA013,1974-08-26,15.600000381469728,
08JA013,1974-09-26,25.5,
08JA013,1974-10-26,200.0,
08JA013,1974-11-26,77.0,
08JA013,1974-12-26,72.19999694824219,
08JA013,1975-01-26,75.30000305175781,
08JA013,1975-02-26,73.9000015258789,
08JA013,1975-03-26,72.80000305175781,
08JA013,1975-04-26,71.5999984741211,
08JA013,1975-05-26,89.5,
08JA013,1975-06-26,95.0999984741211,
08JA013,1975-07-26,91.1999969482422,
08JA013,1975-08-26,198.0,
08JA013,1975-09-26,96.8000030517578,
08JA013,1975-10-26,226.0,
08JA013,1975-11-26,146.0,
08JA013,1975-12-26,86.4000015258789,
08JA013,1976-01-26,85.5,
08JA013,1976-02-26,84.0999984741211,
08JA013,1976-03-26,114.0,
08JA013,1976-04-26,405.0,
08JA013,1976-05-26,151.0,
08JA013,1976-06-26,377.0,
08JA013,1976-07-26,439.0,
08JA013,1976-08-26,436.0,
08JA013,1976-09-26,226.0,
08JA013,1976-10-26,282.0,
08JA013,1976-11-26,177.0,
08JA013,1976-12-26,175.0,
08JA013,1977-01-26,172.0,
08JA013,1977-02-26,167.0,
08JA013,1977-03-26,161.0,
08JA013,1977-04-26,0.0,
08JA013,1977-05-26,0.0,
08JA013,1977-06-26,226.0,
08JA013,1977-07-26,0.0,
08JA013,1977-08-26,105.0,
08JA013,1977-09-26,54.400001525878906,
08JA013,1977-10-26,52.09999847412109,
08JA013,1977-11-26,51.5,
08JA013,1977-12-26,51.0,
08JA013,1978-01-26,50.09999847412109,
08JA013,1978-02-26,53.79999923706055,
08JA013,1978-03-26,52.70000076293945,
08JA013,1978-04-26,51.0,
08JA013,1978-05-26,36.79999923706055,
08JA013,1978-06-26,39.400001525878906,
08JA013,1978-07-26,36.5,
08JA013,1978-08-26,34.29999923706055,
08JA013,1978-09-26,33.70000076293945,
08JA013,1978-10-26,33.099998474121094,
08JA013,1978-11-26,36.79999923706055,
08JA013,1978-12-26,34.0,
08JA013,1979-01-26,32.599998474121094,
08JA013,1979-02-26,31.399999618530277,
08JA013,1979-03-26,30.399999618530277,
08JA013,1979-04-26,29.700000762939453,
08JA013,1979-05-26,32.400001525878906,
08JA013,1979-06-26,34.0,
08JA013,1979-07-26,116.0,
08JA013,1979-08-26,33.79999923706055,
08JA013,1979-09-26,33.400001525878906,
08JA013,1979-10-26,33.099998474121094,
08JA013,1979-11-26,12.699999809265137,
08JA013,1979-12-26,12.300000190734863,
08JA013,1980-01-26,14.899999618530272,
08JA013,1980-02-26,15.600000381469728,
08JA013,1980-03-26,15.0,
08JA013,1980-04-26,15.0,
08JA013,1980-05-26,15.600000381469728,
08JA013,1980-06-26,12.0,
08JA013,1980-07-26,121.0,
08JA013,1980-08-26,14.199999809265137,
08JA013,1980-09-26,32.29999923706055,
08JA013,1980-10-26,32.400001525878906,
08JA013,1980-11-26,32.400001525878906,
08JA013,1980-12-26,32.79999923706055,
08JA013,1981-01-26,33.0,
08JA013,1981-02-26,32.70000076293945,
08JA013,1981-03-26,32.599998474121094,
08JA013,1981-04-26,56.79999923706055,
08JA013,1981-05-26,58.29999923706055,
08JA013,1981-06-26,7.400000095367432,
08JA013,1981-07-26,255.0,
08JA013,1981-08-26,15.899999618530272,
08JA013,1981-09-26,26.899999618530277,
08JA013,1981-10-26,29.700000762939453,
08JA013,1981-11-26,32.5,
08JA013,1981-12-26,32.400001525878906,
08JA013,1982-01-26,32.0,
08JA013,1982-02-26,31.700000762939453,
08JA013,1982-03-26,56.59999847412109,
08JA013,1982-04-26,55.09999847412109,
08JA013,1982-05-26,31.0,
08JA013,1982-06-26,58.900001525878906,
08JA013,1982-07-26,170.0,
08JA013,1982-08-26,14.100000381469728,
08JA013,1982-09-26,31.100000381469727,
08JA013,1982-10-26,31.100000381469727,
08JA013,1982-11-26,31.100000381469727,
08JA013,1982-12-26,31.100000381469727,
08JA013,1983-01-26,31.100000381469727,
08JA013,1983-02-26,31.100000381469727,
08JA013,1983-03-26,31.100000381469727,
08JA013,1983-04-26,49.59999847412109,
08JA013,1983-05-26,49.59999847412109,
08JA013,1983-06-26,56.900001525878906,
08JA013,1983-07-26,56.59999847412109,
08JA013,1983-08-26,5.699999809265137,
08JA013,1983-09-26,31.100000381469727,
08JA013,1983-10-26,31.200000762939453,
08JA013,1983-11-26,31.100000381469727,
08JA013,1983-12-26,30.700000762939453,
08JA013,1984-01-26,30.600000381469727,
08JA013,1984-02-26,30.299999237060547,
08JA013,1984-03-26,30.200000762939453,
08JA013,1984-04-26,53.5,
08JA013,1984-05-26,54.79999923706055,
08JA013,1984-06-26,54.59999847412109,
08JA013,1984-07-26,397.0,
08JA013,1984-08-26,14.199999809265137,
08JA013,1984-09-26,30.899999618530277,
08JA013,1984-10-26,31.399999618530277,
08JA013,1984-11-26,31.299999237060547,
08JA013,1984-12-26,31.0,
08JA013,1985-01-26,30.600000381469727,
08JA013,1985-02-26,30.399999618530277,
08JA013,1985-03-26,30.200000762939453,
08JA013,1985-04-26,57.900001525878906,
08JA013,1985-05-26,55.29999923706055,
08JA013,1985-06-26,59.59999847412109,
08JA013,1985-07-26,279.0,
08JA013,1985-08-26,13.399999618530272,
08JA013,1985-09-26,63.20000076293945,
08JA013,1985-10-26,60.09999847412109,
08JA013,1985-11-26,33.099998474121094,
08JA013,1985-12-26,34.29999923706055,
08JA013,1986-01-26,33.599998474121094,
08JA013,1986-02-26,32.70000076293945,
08JA013,1986-03-26,32.29999923706055,
08JA013,1986-04-26,59.59999847412109,
08JA013,1986-05-26,43.0,
08JA013,1986-06-26,54.29999923706055,
08JA013,1986-07-26,170.0,
08JA013,1986-08-26,14.199999809265137,
08JA013,1986-09-26,28.299999237060547,
08JA013,1986-10-26,32.599998474121094,
08JA013,1986-11-26,32.79999923706055,
08JA013,1986-12-26,36.20000076293945,
08JA013,1987-01-26,35.79999923706055,
08JA013,1987-02-26,34.400001525878906,
08JA013,1987-03-26,34.0,
08JA013,1987-04-26,57.79999923706055,
08JA013,1987-05-26,54.79999923706055,
08JA013,1987-06-26,59.0,
08JA013,1987-07-26,227.0,
08JA013,1987-08-26,14.199999809265137,
08JA013,1987-09-26,56.59999847412109,
08JA013,1987-10-26,31.100000381469727,
08JA013,1987-11-26,34.0,
08JA013,1987-12-26,35.099998474121094,
08JA013,1988-01-26,33.70000076293945,
08JA013,1988-02-26,32.79999923706055,
08JA013,1988-03-26,32.099998474121094,
08JA013,1988-04-26,54.70000076293945,
08JA013,1988-05-26,49.09999847412109,
08JA013,1988-06-26,49.09999847412109,
08JA013,1988-07-26,170.0,
08JA013,1988-08-26,29.899999618530277,
08JA013,1988-09-26,29.700000762939453,
08JA013,1988-10-26,30.100000381469727,
08JA013,1988-11-26,30.899999618530277,
08JA013,1988-12-26,30.600000381469727,
08JA013,1989-01-26,30.299999237060547,
08JA013,1989-02-26,29.600000381469727,
08JA013,1989-03-26,29.299999237060547,
08JA013,1989-04-26,48.0,
08JA013,1989-05-26,48.59999847412109,
08JA013,1989-06-26,46.400001525878906,
08JA013,1989-07-26,170.0,
08JA013,1989-08-26,0.0,
08JA013,1989-09-26,32.599998474121094,
08JA013,1989-10-26,32.599998474121094,
08JA013,1989-11-26,35.099998474121094,
08JA013,1989-12-26,35.20000076293945,
08JA013,1990-01-26,35.29999923706055,
08JA013,1990-02-26,34.599998474121094,
08JA013,1990-03-26,33.79999923706055,
08JA013,1990-04-26,252.0,
08JA013,1990-05-26,49.09999847412109,
08JA013,1990-06-26,49.400001525878906,
08JA013,1990-07-26,283.0,
08JA013,1990-08-26,14.199999809265137,
08JA013,1990-09-26,30.600000381469727,
08JA013,1990-10-26,33.29999923706055,
08JA013,1990-11-26,33.099998474121094,
08JA013,1990-12-26,32.79999923706055,
08JA013,1991-01-26,32.0,
08JA013,1991-02-26,51.0,
08JA013,1991-03-26,85.69999694824219,
08JA013,1991-04-26,83.80000305175781,
08JA013,1991-05-26,48.5,
08JA013,1991-06-26,50.0,
08JA013,1991-07-26,14.199999809265137,
08JA013,1991-08-26,14.199999809265137,
08JA013,1991-09-26,30.899999618530277,
08JA013,1991-10-26,32.79999923706055,
08JA013,1991-11-26,32.599998474121094,
08JA013,1991-12-26,32.20000076293945,
08JA013,1992-01-26,31.799999237060547,
08JA013,1992-02-26,31.5,
08JA013,1992-03-26,31.399999618530277,
08JA013,1992-04-26,48.79999923706055,
08JA013,1992-05-26,49.400001525878906,
08JA013,1992-06-26,189.0,
08JA013,1992-07-26,277.0,
08JA013,1992-08-26,14.199999809265137,
08JA013,1992-09-26,32.599998474121094,
08JA013,1992-10-26,33.400001525878906,
08JA013,1992-11-26,33.400001525878906,
08JA013,1992-12-26,33.0,
08JA013,1993-01-26,32.29999923706055,
08JA013,1993-02-26,32.70000076293945,
08JA013,1993-03-26,33.20000076293945,
08JA013,1993-04-26,49.20000076293945,
08JA013,1993-05-26,49.0,
08JA013,1993-06-26,50.0,
08JA013,1993-07-26,169.0,
08JA013,1993-08-26,14.199999809265137,
08JA013,1993-09-26,32.0,
08JA013,1993-10-26,32.400001525878906,
08JA013,1993-11-26,33.599998474121094,
08JA013,1993-12-26,33.29999923706055,
08JA013,1994-01-26,32.79999923706055,
08JA013,1994-02-26,32.400001525878906,
08JA013,1994-03-26,32.0,
08JA013,1994-04-26,49.59999847412109,
08JA013,1994-05-26,49.20000076293945,
08JA013,1994-06-26,50.59999847412109,
08JA013,1994-07-26,14.199999809265137,
08JA013,1994-08-26,14.199999809265137,
08JA013,1994-09-26,31.399999618530277,
08JA013,1994-10-26,31.200000762939453,
08JA013,1994-11-26,41.59999847412109,
08JA013,1994-12-26,37.0,
08JA013,1995-01-26,36.09999847412109,
08JA013,1995-02-26,35.29999923706055,
08JA013,1995-03-26,41.29999923706055,
08JA013,1995-04-26,49.400001525878906,
08JA013,1995-05-26,49.79999923706055,
08JA013,1995-06-26,58.70000076293945,
08JA013,1995-07-26,14.600000381469728,
08JA013,1995-08-26,14.399999618530272,
08JA013,1995-09-26,32.29999923706055,
08JA013,1995-10-26,32.400001525878906,
08JA013,1995-11-26,34.79999923706055,
08JA013,1995-12-26,34.20000076293945,
08JA013,1996-01-26,34.099998474121094,
08JA013,1996-02-26,33.599998474121094,
08JA013,1996-03-26,33.0,
08JA013,1996-04-26,33.70000076293945,
08JA013,1996-05-26,51.900001525878906,
08JA013,1996-06-26,56.0,
08JA013,1996-07-26,255.0,
08JA013,1996-08-26,13.5,
08JA013,1996-09-26,113.0,
08JA013,1996-10-26,223.0,
08JA013,1996-11-26,60.70000076293945,
08JA013,1996-12-26,60.0,
08JA013,1997-01-26,58.900001525878906,
08JA013,1997-02-26,57.79999923706055,
08JA013,1997-03-26,56.79999923706055,
08JA013,1997-04-26,56.5,
08JA013,1997-05-26,146.0,
08JA013,1997-06-26,342.0,
08JA013,1997-07-26,338.0,
08JA013,1997-08-26,42.29999923706055,
08JA013,1997-09-26,86.0,
08JA013,1997-10-26,85.5,
08JA013,1997-11-26,56.79999923706055,
08JA013,1997-12-26,56.0,
08JA013,1998-01-26,54.79999923706055,
08JA013,1998-02-26,53.400001525878906,
08JA013,1998-03-26,52.09999847412109,
08JA013,1998-04-26,50.79999923706055,
08JA013,1998-05-26,54.0,
08JA013,1998-06-26,51.29999923706055,
08JA013,1998-07-26,282.0,
08JA013,1998-08-26,14.699999809265137,
08JA013,1998-09-26,30.100000381469727,
08JA013,1998-10-26,30.0,
08JA013,1998-11-26,29.600000381469727,
08JA013,1998-12-26,30.100000381469727,
08JA013,1999-01-26,29.700000762939453,
08JA013,1999-02-26,29.200000762939453,
08JA013,1999-03-26,29.600000381469727,
08JA013,1999-04-26,49.0,
08JA013,1999-05-26,48.70000076293945,
08JA013,1999-06-26,49.400001525878906,
08JA013,1999-07-26,170.0,
08JA013,1999-08-26,15.300000190734863,
08JA013,1999-09-26,32.900001525878906,
08JA013,1999-10-26,33.5,
08JA013,1999-11-26,33.0,
08JA013,1999-12-26,32.5,
08JA013,2000-01-26,32.70000076293945,
08JA013,2000-02-26,32.70000076293945,
08JA013,2000-03-26,32.79999923706055,
08JA013,2000-04-26,36.400001525878906,
08JA013,2000-05-26,49.5,
08JA013,2000-06-26,48.79999923706055,
08JA013,2000-07-26,170.0,
08JA013,2000-08-26,14.0,
08JA013,2000-09-26,32.79999923706055,
08JA013,2000-10-26,32.79999923706055,
08JA013,2000-11-26,32.0,
08JA013,2000-12-26,32.599998474121094,
08JA013,2001-01-26,32.29999923706055,
08JA013,2001-02-26,32.70000076293945,
08JA013,2001-03-26,32.400001525878906,
08JA013,2001-04-26,52.5,
08JA013,2001-05-26,52.79999923706055,
08JA013,2001-06-26,53.20000076293945,
08JA013,2001-07-26,170.0,
08JA013,2001-08-26,14.199999809265137,
08JA013,2001-09-26,30.0,
08JA013,2001-10-26,30.0,
08JA013,2001-11-26,30.0,
08JA013,2001-12-26,31.899999618530277,
08JA013,2002-01-26,31.5,
08JA013,2002-02-26,31.0,
08JA013,2002-03-26,30.5,
08JA013,2002-04-26,37.70000076293945,
08JA013,2002-05-26,56.59999847412109,
08JA013,2002-06-26,55.79999923706055,
08JA013,2002-07-26,227.0,
08JA013,2002-08-26,14.899999618530272,
08JA013,2002-09-26,30.0,
08JA013,2002-10-26,85.0,
08JA013,2002-11-26,55.29999923706055,
08JA013,2002-12-26,55.0,
08JA013,2003-01-26,31.299999237060547,
08JA013,2003-02-26,30.799999237060547,
08JA013,2003-03-26,30.200000762939453,
08JA013,2003-04-26,49.70000076293945,
08JA013,2003-05-26,49.20000076293945,
08JA013,2003-06-26,49.20000076293945,
08JA013,2003-07-26,453.0,
08JA013,2003-08-26,14.300000190734863,
08JA013,2003-09-26,33.0,
08JA013,2003-10-26,32.900001525878906,
08JA013,2003-11-26,32.70000076293945,
08JA013,2003-12-26,32.20000076293945,
08JA013,2004-01-26,32.5,
08JA013,2004-02-26,32.79999923706055,
08JA013,2004-03-26,33.20000076293945,
08JA013,2004-04-26,53.09999847412109,
08JA013,2004-05-26,53.29999923706055,
08JA013,2004-06-26,53.70000076293945,
08JA013,2004-07-26,336.0,
08JA013,2004-08-26,14.399999618530272,
08JA013,2004-09-26,30.5,
08JA013,2004-10-26,29.899999618530277,
08JA013,2004-11-26,30.799999237060547,
08JA013,2004-12-26,31.200000762939453,
08JA013,2005-01-26,31.100000381469727,
08JA013,2005-02-26,31.399999618530277,
08JA013,2005-03-26,44.70000076293945,
08JA013,2005-04-26,160.0,
08JA013,2005-05-26,284.0,
08JA013,2005-06-26,211.0,
08JA013,2005-07-26,78.80000305175781,
08JA013,2005-08-26,14.899999618530272,
08JA013,2005-09-26,32.20000076293945,
08JA013,2005-10-26,126.0,
08JA013,2005-11-26,86.5,
08JA013,2005-12-26,85.5999984741211,
08JA013,2006-01-26,55.29999923706055,
08JA013,2006-02-26,33.0,
08JA013,2006-03-26,32.29999923706055,
08JA013,2006-04-26,39.400001525878906,
08JA013,2006-05-26,49.400001525878906,
08JA013,2006-06-26,50.0,
08JA013,2006-07-26,14.5,
08JA013,2006-08-26,14.300000190734863,
08JA013,2006-09-26,32.5,
08JA013,2006-10-26,32.599998474121094,
08JA013,2006-11-26,33.20000076293945,
08JA013,2006-12-26,33.20000076293945,
08JA013,2007-01-26,33.0,
08JA013,2007-02-26,42.59999847412109,
08JA013,2007-03-26,42.20000076293945,
08JA013,2007-04-26,87.5999984741211,
08JA013,2007-05-26,232.0,
08JA013,2007-06-26,549.0,
08JA013,2007-07-26,596.0,
08JA013,2007-08-26,15.0,
08JA013,2007-09-26,64.4000015258789,
08JA013,2007-10-26,218.0,
08JA013,2007-11-26,84.5,
08JA013,2007-12-26,83.30000305175781,
08JA013,2008-01-26,81.5,
08JA013,2008-02-26,33.900001525878906,
08JA013,2008-03-26,33.20000076293945,
08JA013,2008-04-26,32.5,
08JA013,2008-05-26,49.09999847412109,
08JA013,2008-06-26,49.59999847412109,
08JA013,2008-07-26,170.0,
08JA013,2008-08-26,14.699999809265137,
08JA013,2008-09-26,32.79999923706055,
08JA013,2008-10-26,33.5,
08JA013,2008-11-26,33.400001525878906,
08JA013,2008-12-26,35.400001525878906,
08JA013,2009-01-26,34.900001525878906,
08JA013,2009-02-26,34.20000076293945,
08JA013,2009-03-26,33.5,
08JA013,2009-04-26,33.0,
08JA013,2009-05-26,50.59999847412109,
08JA013,2009-06-26,50.09999847412109,
08JA013,2009-07-26,280.0,
08JA013,2009-08-26,14.399999618530272,
08JA013,2009-09-26,32.20000076293945,
08JA013,2009-10-26,33.70000076293945,
08JA013,2009-11-26,34.0,
08JA013,2009-12-26,33.599998474121094,
08JA013,2010-01-26,33.0,
08JA013,2010-02-26,32.400001525878906,
08JA013,2010-03-26,31.700000762939453,
08JA013,2010-04-26,48.900001525878906,
08JA013,2010-05-26,50.29999923706055,
08JA013,2010-06-26,50.29999923706055,
08JA013,2010-07-26,452.0,
08JA013,2010-08-26,14.800000190734863,
08JA013,2010-09-26,32.70000076293945,
08JA013,2010-10-26,34.20000076293945,
08JA013,2010-11-26,74.5999984741211,
08JA013,2010-12-26,34.099998474121094,
08JA013,2011-01-26,33.70000076293945,
08JA013,2011-02-26,33.20000076293945,
08JA013,2011-03-26,32.70000076293945,
08JA013,2011-04-26,32.0,
08JA013,2011-05-26,49.400001525878906,
08JA013,2011-06-26,326.0,
08JA013,2011-07-26,326.0,
08JA013,2011-08-26,132.0,
08JA013,2011-09-26,130.0,
08JA013,2011-10-26,32.0,
08JA013,2011-11-26,59.59999847412109,
08JA013,2011-12-26,59.400001525878906,
08JA013,2012-01-26,79.80000305175781,
08JA013,2012-02-26,124.0,
08JA013,2012-03-26,120.0,
08JA013,2012-04-26,174.0,
08JA013,2012-05-26,226.0,
08JA013,2012-06-26,243.0,
08JA013,2012-07-26,293.0,
08JA013,2012-08-26,32.900001525878906,
08JA013,2012-09-26,63.900001525878906,
08JA013,2012-10-26,63.20000076293945,
08JA013,2012-11-26,39.09999847412109,
08JA013,2012-12-26,38.29999923706055,
08JA013,2013-01-26,31.399999618530277,
08JA013,2013-02-26,30.600000381469727,
08JA013,2013-03-26,30.0,
08JA013,2013-04-26,49.400001525878906,
08JA013,2013-05-26,49.900001525878906,
08JA013,2013-06-26,49.400001525878906,
08JA013,2013-07-26,133.0,
08JA013,2013-08-26,14.0,
08JA013,2013-09-26,31.5,
08JA013,2013-10-26,31.100000381469727,
08JA013,2013-11-26,34.400001525878906,
08JA013,2013-12-26,33.70000076293945,
08JA013,2014-01-26,33.29999923706055,
08JA013,2014-02-26,32.599998474121094,
08JA013,2014-03-26,34.79999923706055,
08JA013,2014-04-26,49.09999847412109,
08JA013,2014-05-26,48.5,
08JA013,2014-06-26,48.79999923706055,
08JA013,2014-07-26,450.0,
08JA013,2014-08-26,15.399999618530272,
08JA013,2014-09-26,31.399999618530277,
08JA013,2014-10-26,33.79999923706055,
08JA013,2014-11-26,34.29999923706055,
08JA013,2014-12-26,34.29999923706055,
08JA013,2015-01-26,34.20000076293945,
08JA013,2015-02-26,45.29999923706055,
08JA013,2015-03-26,45.79999923706055,
08JA013,2015-04-26,137.0,
08JA013,2015-05-26,427.0,
08JA013,2015-06-26,321.0,
08JA013,2015-07-26,170.0,
08JA013,2015-08-26,32.400001525878906,
08JA013,2015-09-26,32.20000076293945,
08JA013,2015-10-26,34.400001525878906,
08JA013,2015-11-26,30.700000762939453,
08JA013,2015-12-26,30.200000762939453,
08JA013,2016-01-26,29.600000381469727,
08JA013,2016-02-26,29.100000381469727,
08JA013,2016-03-26,29.700000762939453,
08JA013,2016-04-26,49.70000076293945,
08JA013,2016-05-26,49.5,
08JA013,2016-06-26,49.400001525878906,
08JA013,2016-07-26,406.0,
08JA013,2016-08-26,14.399999618530272,
08JA013,2016-09-26,28.200000762939453,
08JA013,2016-10-26,31.899999618530277,
08JA013,2016-11-26,31.600000381469727,
08JA013,2016-12-26,31.399999618530277,
08JA013,2017-01-26,30.899999618530277,
08JA013,2017-02-26,30.600000381469727,
08JA013,2017-03-26,32.099998474121094,
08JA013,2017-04-26,48.59999847412109,
08JA013,2017-05-26,183.0,
08JA013,2017-06-26,167.0,
08JA013,2017-07-26,170.0,
08JA013,2017-08-26,14.600000381469728,
08JA013,2017-09-26,32.70000076293945,
08JA013,2017-10-26,192.0,
08JA013,2017-11-26,65.69999694824219,
08JA013,2017-12-26,78.5999984741211,
08JA013,2018-01-26,36.0,
08JA013,2018-02-26,35.5,
08JA013,2018-03-26,64.5999984741211,
08JA013,2018-04-26,150.0,
08JA013,2018-05-26,251.0,
08JA013,2018-06-26,186.0,
08JA013,2018-07-26,282.0,
08JA013,2018-08-26,26.799999237060547,
08JA013,2018-09-26,32.70000076293945,
08JA013,2018-10-26,27.799999237060547,
08JA013,2018-11-26,32.70000076293945,
08JA013,2018-12-26,32.20000076293945,
08JA013,2019-01-26,31.700000762939453,
08JA013,2019-02-26,30.899999618530277,
08JA013,2019-03-26,32.099998474121094,
08JA013,2019-04-26,49.5,
08JA013,2019-05-26,49.29999923706055,
08JA013,2019-06-26,48.5,
08JA013,2019-07-26,171.0,
08JA013,2019-08-26,14.5,
08JA013,2019-09-26,31.799999237060547,
08JA013,2019-10-26,31.799999237060547,
08JA013,2019-11-26,32.0,
08JA013,2019-12-26,31.899999618530277,
08JA013,2020-01-26,31.700000762939453,
08JA013,2020-02-26,33.400001525878906,
08JA013,2020-03-26,34.599998474121094,
08JA013,2020-04-26,49.59999847412109,
08JA013,2020-05-26,49.29999923706055,
08JA013,2020-06-26,48.900001525878906,
08JA013,2020-07-26,295.0,
08JA013,2020-08-26,14.899999618530272,
08JA013,2020-09-26,32.20000076293945,
08JA013,2020-10-26,49.400001525878906,
08JA013,2020-11-26,70.5999984741211,
08JA013,2020-12-26,84.69999694824219,
08JA013,2021-01-26,84.4000015258789,
08JA013,2021-02-26,82.5,
08JA013,2021-03-26,99.1999969482422,
08JA013,2021-04-26,199.0,
08JA013,2021-05-26,199.0,
08JA013,2021-06-26,275.0,
08JA013,2021-07-26,239.0,
08JA013,2021-08-26,79.4000015258789,
08JA013,2021-09-26,81.0,
08JA013,2021-10-26,207.0,
08JA013,2021-11-26,40.29999923706055,
08JA013,2021-12-26,40.20000076293945,
08JA013,2022-01-26,39.900001525878906,
08JA013,2022-02-26,39.5,
08JA013,2022-03-26,41.400001525878906,
08JA013,2022-04-26,41.400001525878906,
08JA013,2022-05-26,173.0,
08JA013,2022-06-26,321.0,
08JA013,2022-07-26,299.0,
08JA013,2022-08-26,59.0,
08JA013,2022-09-26,58.5,
08JA013,2022-10-26,59.70000076293945,
08JA013,2022-11-26,34.0,
08JA013,2022-12-26,33.400001525878906,
08JA013,2023-01-26,32.79999923706055,
08JA013,2023-02-26,32.29999923706055,
08JA013,2023-03-26,33.79999923706055,
08JA013,2023-04-26,33.20000076293945,
08JA013,2023-05-26,66.4000015258789,
08JA013,2023-06-26,50.70000076293945,
08JA013,2023-07-26,170.0,
08JA013,2023-08-26,14.199999809265137,
08JA013,2023-09-26,32.70000076293945,
08JA013,2023-10-26,32.70000076293945,
08JA013,2023-11-26,32.400001525878906,
08JA013,2023-12-26,32.0,
08JA013,2024-01-26,31.399999618530277,
08JA013,2024-02-26,32.79999923706055,
08JA013,2024-03-26,32.20000076293945,
08JA013,2024-04-26,31.899999618530277,
08JA013,2024-05-26,50.20000076293945,
08JA013,2024-06-26,49.09999847412109,
08JA013,2024-07-26,50.09999847412109,
08JA013,2024-08-26,14.0,
08JA013,2024-09-26,32.0,
08JA013,2024-10-26,32.20000076293945,
08JA013,2024-11-26,32.099998474121094,
08JA013,2024-12-26,32.099998474121094,
08JA013,2025-01-26,31.899999618530277,
08JA013,2025-02-26,31.399999618530277,
08JA013,2025-03-26,30.899999618530277,
08JA013,2025-04-26,30.899999618530277,
08JA013,2025-05-26,93.0,
08JA013,2025-06-26,32.900001525878906,
08JA013,2025-07-26,279.0,
08JA013,2025-08-26,14.199999809265137,
08JA013,2025-09-26,31.399999618530277,
08JA013,2025-10-26,31.200000762939453,
08JA013,2025-11-26,31.600000381469727,
08JA013,2025-12-26,32.099998474121094,
08JA013,1955-06-27,,
08JA013,1955-11-27,,
08JA013,1956-01-27,2.8299999237060547,
08JA013,1956-02-27,5.659999847412109,
08JA013,1956-03-27,5.659999847412109,
08JA013,1956-04-27,5.659999847412109,
08JA013,1956-05-27,0.0,
08JA013,1956-06-27,0.0,
08JA013,1956-07-27,5.659999847412109,
08JA013,1956-08-27,42.5,
08JA013,1956-09-27,0.0,
08JA013,1956-10-27,0.0,
08JA013,1956-11-27,0.0,
08JA013,1956-12-27,19.799999237060547,
08JA013,1957-01-27,255.0,
08JA013,1957-02-27,256.0,
08JA013,1957-03-27,0.0,
08JA013,1957-04-27,261.0,
08JA013,1957-05-27,153.0,
08JA013,1957-06-27,0.0,
08JA013,1957-07-27,0.0,
08JA013,1957-08-27,320.0,
08JA013,1957-09-27,79.30000305175781,
08JA013,1957-10-27,155.0,
08JA013,1957-11-27,200.0,
08JA013,1957-12-27,246.0,
08JA013,1958-01-27,326.0,
08JA013,1958-02-27,252.0,
08JA013,1958-03-27,331.0,
08JA013,1958-04-27,331.0,
08JA013,1958-05-27,0.0,
08JA013,1958-06-27,303.0,
08JA013,1958-07-27,300.0,
08JA013,1958-08-27,294.0,
08JA013,1958-09-27,343.0,
08JA013,1958-10-27,326.0,
08JA013,1958-11-27,309.0,
08JA013,1958-12-27,126.0,
08JA013,1959-01-27,124.0,
08JA013,1959-02-27,65.0999984741211,
08JA013,1959-03-27,63.400001525878906,
08JA013,1959-04-27,63.400001525878906,
08JA013,1959-05-27,154.0,
08JA013,1959-06-27,0.0,
08JA013,1959-07-27,309.0,
08JA013,1959-08-27,289.0,
08JA013,1959-09-27,371.0,
08JA013,1959-10-27,399.0,
08JA013,1959-11-27,193.0,
08JA013,1959-12-27,274.0,
08JA013,1960-01-27,68.80000305175781,
08JA013,1960-02-27,141.0,
08JA013,1960-03-27,176.0,
08JA013,1960-04-27,300.0,
08JA013,1960-05-27,371.0,
08JA013,1960-06-27,161.0,
08JA013,1960-07-27,174.0,
08JA013,1960-08-27,265.0,
08JA013,1960-09-27,264.0,
08JA013,1960-10-27,171.0,
08JA013,1960-11-27,185.0,
08JA013,1960-12-27,60.0,
08JA013,1961-01-27,29.700000762939453,
08JA013,1961-02-27,42.5,
08JA013,1961-03-27,42.5,
08JA013,1961-04-27,83.5,
08JA013,1961-05-27,116.0,
08JA013,1961-06-27,365.0,
08JA013,1961-07-27,362.0,
08JA013,1961-08-27,476.0,
08JA013,1961-09-27,481.0,
08JA013,1961-10-27,29.200000762939453,
08JA013,1961-11-27,30.600000381469727,
08JA013,1961-12-27,29.700000762939453,
08JA013,1962-01-27,30.0,
08JA013,1962-02-27,30.600000381469727,
08JA013,1962-03-27,30.600000381469727,
08JA013,1962-04-27,30.600000381469727,
08JA013,1962-05-27,186.0,
08JA013,1962-06-27,198.0,
08JA013,1962-07-27,467.0,
08JA013,1962-08-27,231.0,
08JA013,1962-09-27,227.0,
08JA013,1962-10-27,222.0,
08JA013,1962-11-27,221.0,
08JA013,1962-12-27,46.400001525878906,
08JA013,1963-01-27,46.70000076293945,
08JA013,1963-02-27,46.70000076293945,
08JA013,1963-03-27,46.400001525878906,
08JA013,1963-04-27,46.20000076293945,
08JA013,1963-05-27,258.0,
08JA013,1963-06-27,337.0,
08JA013,1963-07-27,201.0,
08JA013,1963-08-27,199.0,
08JA013,1963-09-27,194.0,
08JA013,1963-10-27,193.0,
08JA013,1963-11-27,36.79999923706055,
08JA013,1963-12-27,42.20000076293945,
08JA013,1964-01-27,42.79999923706055,
08JA013,1964-02-27,43.0,
08JA013,1964-03-27,42.5,
08JA013,1964-04-27,242.0,
08JA013,1964-05-27,405.0,
08JA013,1964-06-27,416.0,
08JA013,1964-07-27,198.0,
08JA013,1964-08-27,201.0,
08JA013,1964-09-27,197.0,
08JA013,1964-10-27,197.0,
08JA013,1964-11-27,71.5999984741211,
08JA013,1964-12-27,70.80000305175781,
08JA013,1965-01-27,69.9000015258789,
08JA013,1965-02-27,69.0999984741211,
08JA013,1965-03-27,68.0,
08JA013,1965-04-27,67.0999984741211,
08JA013,1965-05-27,59.70000076293945,
08JA013,1965-06-27,202.0,
08JA013,1965-07-27,203.0,
08JA013,1965-08-27,200.0,
08JA013,1965-09-27,87.19999694824219,
08JA013,1965-10-27,88.9000015258789,
08JA013,1965-11-27,45.900001525878906,
08JA013,1965-12-27,46.20000076293945,
08JA013,1966-01-27,46.20000076293945,
08JA013,1966-02-27,45.900001525878906,
08JA013,1966-03-27,45.29999923706055,
08JA013,1966-04-27,45.29999923706055,
08JA013,1966-05-27,224.0,
08JA013,1966-06-27,233.0,
08JA013,1966-07-27,176.0,
08JA013,1966-08-27,253.0,
08JA013,1966-09-27,334.0,
08JA013,1966-10-27,228.0,
08JA013,1966-11-27,88.30000305175781,
08JA013,1966-12-27,88.0999984741211,
08JA013,1967-01-27,87.19999694824219,
08JA013,1967-02-27,85.80000305175781,
08JA013,1967-03-27,84.4000015258789,
08JA013,1967-04-27,328.0,
08JA013,1967-05-27,269.0,
08JA013,1967-06-27,107.0,
08JA013,1967-07-27,262.0,
08JA013,1967-08-27,184.0,
08JA013,1967-09-27,87.80000305175781,
08JA013,1967-10-27,149.0,
08JA013,1967-11-27,94.9000015258789,
08JA013,1967-12-27,60.29999923706055,
08JA013,1968-01-27,60.29999923706055,
08JA013,1968-02-27,60.59999847412109,
08JA013,1968-03-27,60.29999923706055,
08JA013,1968-04-27,59.70000076293945,
08JA013,1968-05-27,234.0,
08JA013,1968-06-27,129.0,
08JA013,1968-07-27,245.0,
08JA013,1968-08-27,191.0,
08JA013,1968-09-27,240.0,
08JA013,1968-10-27,236.0,
08JA013,1968-11-27,92.0,
08JA013,1968-12-27,90.9000015258789,
08JA013,1969-01-27,89.5,
08JA013,1969-02-27,87.19999694824219,
08JA013,1969-03-27,85.0,
08JA013,1969-04-27,83.5,
08JA013,1969-05-27,86.69999694824219,
08JA013,1969-06-27,193.0,
08JA013,1969-07-27,34.79999923706055,
08JA013,1969-08-27,158.0,
08JA013,1969-09-27,156.0,
08JA013,1969-10-27,152.0,
08JA013,1969-11-27,75.9000015258789,
08JA013,1969-12-27,75.9000015258789,
08JA013,1970-01-27,74.5,
08JA013,1970-02-27,72.80000305175781,
08JA013,1970-03-27,71.4000015258789,
08JA013,1970-04-27,44.5,
08JA013,1970-05-27,45.29999923706055,
08JA013,1970-06-27,47.59999847412109,
08JA013,1970-07-27,48.400001525878906,
08JA013,1970-08-27,90.9000015258789,
08JA013,1970-09-27,117.0,
08JA013,1970-10-27,116.0,
08JA013,1970-11-27,61.20000076293945,
08JA013,1970-12-27,60.29999923706055,
08JA013,1971-01-27,59.20000076293945,
08JA013,1971-02-27,58.29999923706055,
08JA013,1971-03-27,57.20000076293945,
08JA013,1971-04-27,54.900001525878906,
08JA013,1971-05-27,30.899999618530277,
08JA013,1971-06-27,62.29999923706055,
08JA013,1971-07-27,122.0,
08JA013,1971-08-27,170.0,
08JA013,1971-09-27,171.0,
08JA013,1971-10-27,209.0,
08JA013,1971-11-27,75.9000015258789,
08JA013,1971-12-27,75.30000305175781,
08JA013,1972-01-27,73.9000015258789,
08JA013,1972-02-27,72.19999694824219,
08JA013,1972-03-27,71.4000015258789,
08JA013,1972-04-27,340.0,
08JA013,1972-05-27,0.0,
08JA013,1972-06-27,362.0,
08JA013,1972-07-27,428.0,
08JA013,1972-08-27,283.0,
08JA013,1972-09-27,221.0,
08JA013,1972-10-27,213.0,
08JA013,1972-11-27,73.30000305175781,
08JA013,1972-12-27,71.9000015258789,
08JA013,1973-01-27,71.0999984741211,
08JA013,1973-02-27,69.4000015258789,
08JA013,1973-03-27,67.69999694824219,
08JA013,1973-04-27,66.0,
08JA013,1973-05-27,43.900001525878906,
08JA013,1973-06-27,47.0,
08JA013,1973-07-27,122.0,
08JA013,1973-08-27,49.29999923706055,
08JA013,1973-09-27,33.70000076293945,
08JA013,1973-10-27,33.400001525878906,
08JA013,1973-11-27,49.59999847412109,
08JA013,1973-12-27,49.0,
08JA013,1974-01-27,48.09999847412109,
08JA013,1974-02-27,47.29999923706055,
08JA013,1974-03-27,139.0,
08JA013,1974-04-27,247.0,
08JA013,1974-05-27,0.0,
08JA013,1974-06-27,0.0,
08JA013,1974-07-27,228.0,
08JA013,1974-08-27,15.600000381469728,
08JA013,1974-09-27,25.5,
08JA013,1974-10-27,200.0,
08JA013,1974-11-27,76.69999694824219,
08JA013,1974-12-27,71.9000015258789,
08JA013,1975-01-27,75.30000305175781,
08JA013,1975-02-27,73.9000015258789,
08JA013,1975-03-27,72.80000305175781,
08JA013,1975-04-27,71.5999984741211,
08JA013,1975-05-27,89.5,
08JA013,1975-06-27,95.0999984741211,
08JA013,1975-07-27,91.1999969482422,
08JA013,1975-08-27,198.0,
08JA013,1975-09-27,96.8000030517578,
08JA013,1975-10-27,225.0,
08JA013,1975-11-27,146.0,
08JA013,1975-12-27,86.4000015258789,
08JA013,1976-01-27,85.5,
08JA013,1976-02-27,84.0999984741211,
08JA013,1976-03-27,139.0,
08JA013,1976-04-27,402.0,
08JA013,1976-05-27,47.0,
08JA013,1976-06-27,377.0,
08JA013,1976-07-27,439.0,
08JA013,1976-08-27,436.0,
08JA013,1976-09-27,226.0,
08JA013,1976-10-27,282.0,
08JA013,1976-11-27,177.0,
08JA013,1976-12-27,175.0,
08JA013,1977-01-27,171.0,
08JA013,1977-02-27,167.0,
08JA013,1977-03-27,161.0,
08JA013,1977-04-27,0.0,
08JA013,1977-05-27,0.0,
08JA013,1977-06-27,226.0,
08JA013,1977-07-27,0.0,
08JA013,1977-08-27,182.0,
08JA013,1977-09-27,41.59999847412109,
08JA013,1977-10-27,34.79999923706055,
08JA013,1977-11-27,51.5,
08JA013,1977-12-27,51.0,
08JA013,1978-01-27,50.09999847412109,
08JA013,1978-02-27,53.79999923706055,
08JA013,1978-03-27,52.70000076293945,
08JA013,1978-04-27,46.70000076293945,
08JA013,1978-05-27,36.79999923706055,
08JA013,1978-06-27,39.400001525878906,
08JA013,1978-07-27,36.5,
08JA013,1978-08-27,34.29999923706055,
08JA013,1978-09-27,33.70000076293945,
08JA013,1978-10-27,33.099998474121094,
08JA013,1978-11-27,36.79999923706055,
08JA013,1978-12-27,34.0,
08JA013,1979-01-27,32.400001525878906,
08JA013,1979-02-27,31.299999237060547,
08JA013,1979-03-27,30.399999618530277,
08JA013,1979-04-27,29.600000381469727,
08JA013,1979-05-27,32.599998474121094,
08JA013,1979-06-27,34.0,
08JA013,1979-07-27,116.0,
08JA013,1979-08-27,33.79999923706055,
08JA013,1979-09-27,33.400001525878906,
08JA013,1979-10-27,33.099998474121094,
08JA013,1979-11-27,12.699999809265137,
08JA013,1979-12-27,12.300000190734863,
08JA013,1980-01-27,14.899999618530272,
08JA013,1980-02-27,15.600000381469728,
08JA013,1980-03-27,15.0,
08JA013,1980-04-27,15.0,
08JA013,1980-05-27,15.600000381469728,
08JA013,1980-06-27,46.0,
08JA013,1980-07-27,171.0,
08JA013,1980-08-27,14.199999809265137,
08JA013,1980-09-27,32.29999923706055,
08JA013,1980-10-27,32.400001525878906,
08JA013,1980-11-27,32.400001525878906,
08JA013,1980-12-27,33.0,
08JA013,1981-01-27,33.0,
08JA013,1981-02-27,32.70000076293945,
08JA013,1981-03-27,32.599998474121094,
08JA013,1981-04-27,56.79999923706055,
08JA013,1981-05-27,58.59999847412109,
08JA013,1981-06-27,62.0,
08JA013,1981-07-27,255.0,
08JA013,1981-08-27,15.899999618530272,
08JA013,1981-09-27,26.899999618530277,
08JA013,1981-10-27,29.700000762939453,
08JA013,1981-11-27,32.5,
08JA013,1981-12-27,32.400001525878906,
08JA013,1982-01-27,32.0,
08JA013,1982-02-27,31.700000762939453,
08JA013,1982-03-27,56.59999847412109,
08JA013,1982-04-27,55.09999847412109,
08JA013,1982-05-27,14.399999618530272,
08JA013,1982-06-27,58.900001525878906,
08JA013,1982-07-27,170.0,
08JA013,1982-08-27,14.100000381469728,
08JA013,1982-09-27,31.100000381469727,
08JA013,1982-10-27,31.100000381469727,
08JA013,1982-11-27,31.100000381469727,
08JA013,1982-12-27,31.100000381469727,
08JA013,1983-01-27,31.100000381469727,
08JA013,1983-02-27,31.100000381469727,
08JA013,1983-03-27,31.100000381469727,
08JA013,1983-04-27,49.59999847412109,
08JA013,1983-05-27,49.59999847412109,
08JA013,1983-06-27,56.900001525878906,
08JA013,1983-07-27,56.59999847412109,
08JA013,1983-08-27,5.699999809265137,
08JA013,1983-09-27,31.100000381469727,
08JA013,1983-10-27,31.200000762939453,
08JA013,1983-11-27,31.100000381469727,
08JA013,1983-12-27,30.700000762939453,
08JA013,1984-01-27,30.600000381469727,
08JA013,1984-02-27,30.299999237060547,
08JA013,1984-03-27,46.400001525878906,
08JA013,1984-04-27,53.5,
08JA013,1984-05-27,54.79999923706055,
08JA013,1984-06-27,54.70000076293945,
08JA013,1984-07-27,246.0,
08JA013,1984-08-27,14.199999809265137,
08JA013,1984-09-27,30.899999618530277,
08JA013,1984-10-27,31.299999237060547,
08JA013,1984-11-27,31.100000381469727,
08JA013,1984-12-27,31.0,
08JA013,1985-01-27,30.600000381469727,
08JA013,1985-02-27,30.399999618530277,
08JA013,1985-03-27,30.200000762939453,
08JA013,1985-04-27,57.900001525878906,
08JA013,1985-05-27,55.5,
08JA013,1985-06-27,59.59999847412109,
08JA013,1985-07-27,279.0,
08JA013,1985-08-27,13.300000190734863,
08JA013,1985-09-27,63.09999847412109,
08JA013,1985-10-27,60.09999847412109,
08JA013,1985-11-27,33.099998474121094,
08JA013,1985-12-27,34.29999923706055,
08JA013,1986-01-27,33.5,
08JA013,1986-02-27,32.70000076293945,
08JA013,1986-03-27,32.29999923706055,
08JA013,1986-04-27,59.59999847412109,
08JA013,1986-05-27,43.20000076293945,
08JA013,1986-06-27,54.5,
08JA013,1986-07-27,170.0,
08JA013,1986-08-27,14.199999809265137,
08JA013,1986-09-27,28.299999237060547,
08JA013,1986-10-27,32.599998474121094,
08JA013,1986-11-27,32.79999923706055,
08JA013,1986-12-27,36.20000076293945,
08JA013,1987-01-27,35.79999923706055,
08JA013,1987-02-27,34.400001525878906,
08JA013,1987-03-27,34.0,
08JA013,1987-04-27,57.79999923706055,
08JA013,1987-05-27,54.900001525878906,
08JA013,1987-06-27,59.09999847412109,
08JA013,1987-07-27,222.0,
08JA013,1987-08-27,28.299999237060547,
08JA013,1987-09-27,56.59999847412109,
08JA013,1987-10-27,31.100000381469727,
08JA013,1987-11-27,34.0,
08JA013,1987-12-27,35.099998474121094,
08JA013,1988-01-27,33.70000076293945,
08JA013,1988-02-27,32.79999923706055,
08JA013,1988-03-27,32.099998474121094,
08JA013,1988-04-27,54.70000076293945,
08JA013,1988-05-27,48.0,
08JA013,1988-06-27,48.5,
08JA013,1988-07-27,170.0,
08JA013,1988-08-27,29.899999618530277,
08JA013,1988-09-27,29.700000762939453,
08JA013,1988-10-27,30.100000381469727,
08JA013,1988-11-27,30.899999618530277,
08JA013,1988-12-27,30.600000381469727,
08JA013,1989-01-27,30.299999237060547,
08JA013,1989-02-27,29.600000381469727,
08JA013,1989-03-27,29.299999237060547,
08JA013,1989-04-27,48.0,
08JA013,1989-05-27,48.59999847412109,
08JA013,1989-06-27,48.5,
08JA013,1989-07-27,170.0,
08JA013,1989-08-27,0.0,
08JA013,1989-09-27,32.599998474121094,
08JA013,1989-10-27,32.599998474121094,
08JA013,1989-11-27,35.099998474121094,
08JA013,1989-12-27,35.20000076293945,
08JA013,1990-01-27,35.29999923706055,
08JA013,1990-02-27,34.599998474121094,
08JA013,1990-03-27,33.79999923706055,
08JA013,1990-04-27,251.0,
08JA013,1990-05-27,49.29999923706055,
08JA013,1990-06-27,49.400001525878906,
08JA013,1990-07-27,283.0,
08JA013,1990-08-27,14.199999809265137,
08JA013,1990-09-27,30.600000381469727,
08JA013,1990-10-27,33.29999923706055,
08JA013,1990-11-27,33.099998474121094,
08JA013,1990-12-27,32.79999923706055,
08JA013,1991-01-27,32.0,
08JA013,1991-02-27,51.0,
08JA013,1991-03-27,85.5,
08JA013,1991-04-27,84.0,
08JA013,1991-05-27,48.59999847412109,
08JA013,1991-06-27,50.09999847412109,
08JA013,1991-07-27,14.199999809265137,
08JA013,1991-08-27,14.199999809265137,
08JA013,1991-09-27,30.899999618530277,
08JA013,1991-10-27,32.79999923706055,
08JA013,1991-11-27,32.599998474121094,
08JA013,1991-12-27,32.20000076293945,
08JA013,1992-01-27,31.799999237060547,
08JA013,1992-02-27,31.5,
08JA013,1992-03-27,31.399999618530277,
08JA013,1992-04-27,48.79999923706055,
08JA013,1992-05-27,49.59999847412109,
08JA013,1992-06-27,113.0,
08JA013,1992-07-27,276.0,
08JA013,1992-08-27,14.199999809265137,
08JA013,1992-09-27,32.599998474121094,
08JA013,1992-10-27,33.400001525878906,
08JA013,1992-11-27,33.400001525878906,
08JA013,1992-12-27,33.0,
08JA013,1993-01-27,32.29999923706055,
08JA013,1993-02-27,32.70000076293945,
08JA013,1993-03-27,33.20000076293945,
08JA013,1993-04-27,49.29999923706055,
08JA013,1993-05-27,49.20000076293945,
08JA013,1993-06-27,50.09999847412109,
08JA013,1993-07-27,167.0,
08JA013,1993-08-27,14.199999809265137,
08JA013,1993-09-27,32.0,
08JA013,1993-10-27,32.400001525878906,
08JA013,1993-11-27,33.599998474121094,
08JA013,1993-12-27,33.20000076293945,
08JA013,1994-01-27,32.79999923706055,
08JA013,1994-02-27,32.29999923706055,
08JA013,1994-03-27,32.0,
08JA013,1994-04-27,49.0,
08JA013,1994-05-27,49.400001525878906,
08JA013,1994-06-27,50.70000076293945,
08JA013,1994-07-27,66.0999984741211,
08JA013,1994-08-27,14.199999809265137,
08JA013,1994-09-27,31.399999618530277,
08JA013,1994-10-27,31.200000762939453,
08JA013,1994-11-27,41.59999847412109,
08JA013,1994-12-27,37.0,
08JA013,1995-01-27,36.0,
08JA013,1995-02-27,35.29999923706055,
08JA013,1995-03-27,41.20000076293945,
08JA013,1995-04-27,58.70000076293945,
08JA013,1995-05-27,49.09999847412109,
08JA013,1995-06-27,58.70000076293945,
08JA013,1995-07-27,40.5,
08JA013,1995-08-27,14.300000190734863,
08JA013,1995-09-27,46.59999847412109,
08JA013,1995-10-27,32.400001525878906,
08JA013,1995-11-27,34.79999923706055,
08JA013,1995-12-27,34.20000076293945,
08JA013,1996-01-27,34.099998474121094,
08JA013,1996-02-27,33.599998474121094,
08JA013,1996-03-27,33.0,
08JA013,1996-04-27,43.70000076293945,
08JA013,1996-05-27,52.0,
08JA013,1996-06-27,56.20000076293945,
08JA013,1996-07-27,175.0,
08JA013,1996-08-27,15.100000381469728,
08JA013,1996-09-27,113.0,
08JA013,1996-10-27,223.0,
08JA013,1996-11-27,60.79999923706055,
08JA013,1996-12-27,59.900001525878906,
08JA013,1997-01-27,58.900001525878906,
08JA013,1997-02-27,57.79999923706055,
08JA013,1997-03-27,56.70000076293945,
08JA013,1997-04-27,56.59999847412109,
08JA013,1997-05-27,147.0,
08JA013,1997-06-27,342.0,
08JA013,1997-07-27,337.0,
08JA013,1997-08-27,42.400001525878906,
08JA013,1997-09-27,85.9000015258789,
08JA013,1997-10-27,85.5,
08JA013,1997-11-27,56.79999923706055,
08JA013,1997-12-27,56.0,
08JA013,1998-01-27,54.79999923706055,
08JA013,1998-02-27,53.400001525878906,
08JA013,1998-03-27,52.0,
08JA013,1998-04-27,50.79999923706055,
08JA013,1998-05-27,53.0,
08JA013,1998-06-27,51.29999923706055,
08JA013,1998-07-27,281.0,
08JA013,1998-08-27,14.699999809265137,
08JA013,1998-09-27,30.100000381469727,
08JA013,1998-10-27,30.0,
08JA013,1998-11-27,30.200000762939453,
08JA013,1998-12-27,30.100000381469727,
08JA013,1999-01-27,29.700000762939453,
08JA013,1999-02-27,29.200000762939453,
08JA013,1999-03-27,29.600000381469727,
08JA013,1999-04-27,49.0,
08JA013,1999-05-27,48.79999923706055,
08JA013,1999-06-27,49.5,
08JA013,1999-07-27,170.0,
08JA013,1999-08-27,15.300000190734863,
08JA013,1999-09-27,32.79999923706055,
08JA013,1999-10-27,33.5,
08JA013,1999-11-27,33.0,
08JA013,1999-12-27,32.400001525878906,
08JA013,2000-01-27,32.70000076293945,
08JA013,2000-02-27,32.70000076293945,
08JA013,2000-03-27,32.79999923706055,
08JA013,2000-04-27,42.09999847412109,
08JA013,2000-05-27,49.5,
08JA013,2000-06-27,48.79999923706055,
08JA013,2000-07-27,170.0,
08JA013,2000-08-27,14.0,
08JA013,2000-09-27,32.79999923706055,
08JA013,2000-10-27,32.900001525878906,
08JA013,2000-11-27,32.099998474121094,
08JA013,2000-12-27,32.599998474121094,
08JA013,2001-01-27,32.20000076293945,
08JA013,2001-02-27,32.70000076293945,
08JA013,2001-03-27,32.099998474121094,
08JA013,2001-04-27,52.5,
08JA013,2001-05-27,52.900001525878906,
08JA013,2001-06-27,53.20000076293945,
08JA013,2001-07-27,170.0,
08JA013,2001-08-27,14.199999809265137,
08JA013,2001-09-27,30.0,
08JA013,2001-10-27,30.0,
08JA013,2001-11-27,30.0,
08JA013,2001-12-27,31.899999618530277,
08JA013,2002-01-27,31.5,
08JA013,2002-02-27,31.0,
08JA013,2002-03-27,30.5,
08JA013,2002-04-27,53.0,
08JA013,2002-05-27,56.5,
08JA013,2002-06-27,55.400001525878906,
08JA013,2002-07-27,227.0,
08JA013,2002-08-27,14.800000190734863,
08JA013,2002-09-27,30.0,
08JA013,2002-10-27,85.0,
08JA013,2002-11-27,55.29999923706055,
08JA013,2002-12-27,55.0,
08JA013,2003-01-27,31.299999237060547,
08JA013,2003-02-27,30.799999237060547,
08JA013,2003-03-27,30.200000762939453,
08JA013,2003-04-27,49.79999923706055,
08JA013,2003-05-27,49.20000076293945,
08JA013,2003-06-27,49.20000076293945,
08JA013,2003-07-27,452.0,
08JA013,2003-08-27,14.300000190734863,
08JA013,2003-09-27,33.0,
08JA013,2003-10-27,32.900001525878906,
08JA013,2003-11-27,32.70000076293945,
08JA013,2003-12-27,32.099998474121094,
08JA013,2004-01-27,32.5,
08JA013,2004-02-27,32.79999923706055,
08JA013,2004-03-27,33.20000076293945,
08JA013,2004-04-27,53.09999847412109,
08JA013,2004-05-27,53.400001525878906,
08JA013,2004-06-27,53.79999923706055,
08JA013,2004-07-27,241.0,
08JA013,2004-08-27,14.399999618530272,
08JA013,2004-09-27,30.100000381469727,
08JA013,2004-10-27,29.899999618530277,
08JA013,2004-11-27,30.899999618530277,
08JA013,2004-12-27,31.200000762939453,
08JA013,2005-01-27,31.100000381469727,
08JA013,2005-02-27,31.399999618530277,
08JA013,2005-03-27,44.70000076293945,
08JA013,2005-04-27,161.0,
08JA013,2005-05-27,268.0,
08JA013,2005-06-27,211.0,
08JA013,2005-07-27,171.0,
08JA013,2005-08-27,14.899999618530272,
08JA013,2005-09-27,32.20000076293945,
08JA013,2005-10-27,126.0,
08JA013,2005-11-27,86.5,
08JA013,2005-12-27,85.5999984741211,
08JA013,2006-01-27,55.20000076293945,
08JA013,2006-02-27,33.0,
08JA013,2006-03-27,32.29999923706055,
08JA013,2006-04-27,49.400001525878906,
08JA013,2006-05-27,49.5,
08JA013,2006-06-27,50.09999847412109,
08JA013,2006-07-27,76.9000015258789,
08JA013,2006-08-27,14.199999809265137,
08JA013,2006-09-27,32.5,
08JA013,2006-10-27,32.900001525878906,
08JA013,2006-11-27,33.20000076293945,
08JA013,2006-12-27,33.20000076293945,
08JA013,2007-01-27,33.0,
08JA013,2007-02-27,42.59999847412109,
08JA013,2007-03-27,42.20000076293945,
08JA013,2007-04-27,101.0,
08JA013,2007-05-27,162.0,
08JA013,2007-06-27,550.0,
08JA013,2007-07-27,583.0,
08JA013,2007-08-27,15.0,
08JA013,2007-09-27,64.4000015258789,
08JA013,2007-10-27,250.0,
08JA013,2007-11-27,84.5,
08JA013,2007-12-27,83.19999694824219,
08JA013,2008-01-27,81.4000015258789,
08JA013,2008-02-27,33.79999923706055,
08JA013,2008-03-27,33.20000076293945,
08JA013,2008-04-27,32.5,
08JA013,2008-05-27,49.29999923706055,
08JA013,2008-06-27,49.59999847412109,
08JA013,2008-07-27,170.0,
08JA013,2008-08-27,14.699999809265137,
08JA013,2008-09-27,32.79999923706055,
08JA013,2008-10-27,33.5,
08JA013,2008-11-27,33.400001525878906,
08JA013,2008-12-27,35.400001525878906,
08JA013,2009-01-27,34.900001525878906,
08JA013,2009-02-27,34.20000076293945,
08JA013,2009-03-27,33.5,
08JA013,2009-04-27,33.0,
08JA013,2009-05-27,50.70000076293945,
08JA013,2009-06-27,50.20000076293945,
08JA013,2009-07-27,280.0,
08JA013,2009-08-27,14.399999618530272,
08JA013,2009-09-27,32.20000076293945,
08JA013,2009-10-27,33.599998474121094,
08JA013,2009-11-27,34.0,
08JA013,2009-12-27,33.5,
08JA013,2010-01-27,33.0,
08JA013,2010-02-27,32.400001525878906,
08JA013,2010-03-27,31.700000762939453,
08JA013,2010-04-27,48.900001525878906,
08JA013,2010-05-27,50.400001525878906,
08JA013,2010-06-27,50.29999923706055,
08JA013,2010-07-27,450.0,
08JA013,2010-08-27,14.800000190734863,
08JA013,2010-09-27,32.79999923706055,
08JA013,2010-10-27,34.20000076293945,
08JA013,2010-11-27,74.5999984741211,
08JA013,2010-12-27,34.099998474121094,
08JA013,2011-01-27,33.70000076293945,
08JA013,2011-02-27,33.20000076293945,
08JA013,2011-03-27,32.70000076293945,
08JA013,2011-04-27,32.0,
08JA013,2011-05-27,49.79999923706055,
08JA013,2011-06-27,326.0,
08JA013,2011-07-27,326.0,
08JA013,2011-08-27,14.800000190734863,
08JA013,2011-09-27,186.0,
08JA013,2011-10-27,32.0,
08JA013,2011-11-27,59.70000076293945,
08JA013,2011-12-27,59.400001525878906,
08JA013,2012-01-27,79.80000305175781,
08JA013,2012-02-27,124.0,
08JA013,2012-03-27,120.0,
08JA013,2012-04-27,182.0,
08JA013,2012-05-27,227.0,
08JA013,2012-06-27,244.0,
08JA013,2012-07-27,293.0,
08JA013,2012-08-27,33.0,
08JA013,2012-09-27,63.900001525878906,
08JA013,2012-10-27,63.09999847412109,
08JA013,2012-11-27,39.09999847412109,
08JA013,2012-12-27,38.29999923706055,
08JA013,2013-01-27,31.399999618530277,
08JA013,2013-02-27,30.600000381469727,
08JA013,2013-03-27,30.0,
08JA013,2013-04-27,49.400001525878906,
08JA013,2013-05-27,49.70000076293945,
08JA013,2013-06-27,48.900001525878906,
08JA013,2013-07-27,452.0,
08JA013,2013-08-27,14.100000381469728,
08JA013,2013-09-27,31.5,
08JA013,2013-10-27,31.0,
08JA013,2013-11-27,34.400001525878906,
08JA013,2013-12-27,33.70000076293945,
08JA013,2014-01-27,33.29999923706055,
08JA013,2014-02-27,32.5,
08JA013,2014-03-27,34.79999923706055,
08JA013,2014-04-27,49.09999847412109,
08JA013,2014-05-27,48.70000076293945,
08JA013,2014-06-27,48.79999923706055,
08JA013,2014-07-27,406.0,
08JA013,2014-08-27,15.399999618530272,
08JA013,2014-09-27,31.399999618530277,
08JA013,2014-10-27,33.79999923706055,
08JA013,2014-11-27,34.29999923706055,
08JA013,2014-12-27,34.29999923706055,
08JA013,2015-01-27,34.29999923706055,
08JA013,2015-02-27,45.29999923706055,
08JA013,2015-03-27,51.79999923706055,
08JA013,2015-04-27,199.0,
08JA013,2015-05-27,501.0,
08JA013,2015-06-27,321.0,
08JA013,2015-07-27,170.0,
08JA013,2015-08-27,32.400001525878906,
08JA013,2015-09-27,32.20000076293945,
08JA013,2015-10-27,34.400001525878906,
08JA013,2015-11-27,30.600000381469727,
08JA013,2015-12-27,30.200000762939453,
08JA013,2016-01-27,29.5,
08JA013,2016-02-27,29.100000381469727,
08JA013,2016-03-27,29.600000381469727,
08JA013,2016-04-27,49.79999923706055,
08JA013,2016-05-27,49.5,
08JA013,2016-06-27,49.400001525878906,
08JA013,2016-07-27,215.0,
08JA013,2016-08-27,14.399999618530272,
08JA013,2016-09-27,32.099998474121094,
08JA013,2016-10-27,31.899999618530277,
08JA013,2016-11-27,31.600000381469727,
08JA013,2016-12-27,31.399999618530277,
08JA013,2017-01-27,30.899999618530277,
08JA013,2017-02-27,30.600000381469727,
08JA013,2017-03-27,32.099998474121094,
08JA013,2017-04-27,48.59999847412109,
08JA013,2017-05-27,200.0,
08JA013,2017-06-27,163.0,
08JA013,2017-07-27,170.0,
08JA013,2017-08-27,14.600000381469728,
08JA013,2017-09-27,32.70000076293945,
08JA013,2017-10-27,300.0,
08JA013,2017-11-27,69.80000305175781,
08JA013,2017-12-27,78.5,
08JA013,2018-01-27,36.0,
08JA013,2018-02-27,35.5,
08JA013,2018-03-27,64.5,
08JA013,2018-04-27,150.0,
08JA013,2018-05-27,252.0,
08JA013,2018-06-27,153.0,
08JA013,2018-07-27,281.0,
08JA013,2018-08-27,26.799999237060547,
08JA013,2018-09-27,32.599998474121094,
08JA013,2018-10-27,27.700000762939453,
08JA013,2018-11-27,32.70000076293945,
08JA013,2018-12-27,32.20000076293945,
08JA013,2019-01-27,31.700000762939453,
08JA013,2019-02-27,30.899999618530277,
08JA013,2019-03-27,32.0,
08JA013,2019-04-27,49.5,
08JA013,2019-05-27,48.29999923706055,
08JA013,2019-06-27,48.5,
08JA013,2019-07-27,171.0,
08JA013,2019-08-27,23.299999237060547,
08JA013,2019-09-27,31.700000762939453,
08JA013,2019-10-27,31.799999237060547,
08JA013,2019-11-27,32.0,
08JA013,2019-12-27,31.899999618530277,
08JA013,2020-01-27,31.700000762939453,
08JA013,2020-02-27,33.400001525878906,
08JA013,2020-03-27,34.599998474121094,
08JA013,2020-04-27,49.400001525878906,
08JA013,2020-05-27,49.400001525878906,
08JA013,2020-06-27,49.0,
08JA013,2020-07-27,453.0,
08JA013,2020-08-27,14.899999618530272,
08JA013,2020-09-27,32.20000076293945,
08JA013,2020-10-27,81.30000305175781,
08JA013,2020-11-27,70.5999984741211,
08JA013,2020-12-27,84.69999694824219,
08JA013,2021-01-27,84.4000015258789,
08JA013,2021-02-27,82.5,
08JA013,2021-03-27,99.1999969482422,
08JA013,2021-04-27,199.0,
08JA013,2021-05-27,221.0,
08JA013,2021-06-27,276.0,
08JA013,2021-07-27,448.0,
08JA013,2021-08-27,79.4000015258789,
08JA013,2021-09-27,81.0999984741211,
08JA013,2021-10-27,188.0,
08JA013,2021-11-27,40.29999923706055,
08JA013,2021-12-27,40.09999847412109,
08JA013,2022-01-27,39.79999923706055,
08JA013,2022-02-27,39.5,
08JA013,2022-03-27,41.400001525878906,
08JA013,2022-04-27,41.400001525878906,
08JA013,2022-05-27,191.0,
08JA013,2022-06-27,322.0,
08JA013,2022-07-27,299.0,
08JA013,2022-08-27,59.0,
08JA013,2022-09-27,58.400001525878906,
08JA013,2022-10-27,59.70000076293945,
08JA013,2022-11-27,33.900001525878906,
08JA013,2022-12-27,33.29999923706055,
08JA013,2023-01-27,32.79999923706055,
08JA013,2023-02-27,32.29999923706055,
08JA013,2023-03-27,33.79999923706055,
08JA013,2023-04-27,33.099998474121094,
08JA013,2023-05-27,66.5999984741211,
08JA013,2023-06-27,50.70000076293945,
08JA013,2023-07-27,170.0,
08JA013,2023-08-27,14.199999809265137,
08JA013,2023-09-27,32.70000076293945,
08JA013,2023-10-27,32.70000076293945,
08JA013,2023-11-27,32.29999923706055,
08JA013,2023-12-27,32.0,
08JA013,2024-01-27,32.099998474121094,
08JA013,2024-02-27,32.79999923706055,
08JA013,2024-03-27,32.20000076293945,
08JA013,2024-04-27,31.899999618530277,
08JA013,2024-05-27,50.29999923706055,
08JA013,2024-06-27,49.09999847412109,
08JA013,2024-07-27,50.09999847412109,
08JA013,2024-08-27,14.0,
08JA013,2024-09-27,32.099998474121094,
08JA013,2024-10-27,32.20000076293945,
08JA013,2024-11-27,32.099998474121094,
08JA013,2024-12-27,32.099998474121094,
08JA013,2025-01-27,31.899999618530277,
08JA013,2025-02-27,31.399999618530277,
08JA013,2025-03-27,30.899999618530277,
08JA013,2025-04-27,30.899999618530277,
08JA013,2025-05-27,93.0999984741211,
08JA013,2025-06-27,32.900001525878906,
08JA013,2025-07-27,279.0,
08JA013,2025-08-27,14.199999809265137,
08JA013,2025-09-27,31.399999618530277,
08JA013,2025-10-27,31.200000762939453,
08JA013,2025-11-27,31.600000381469727,
08JA013,2025-12-27,32.099998474121094,
08JA013,1955-06-28,,
08JA013,1955-11-28,,
08JA013,1956-01-28,2.8299999237060547,
08JA013,1956-02-28,5.659999847412109,
08JA013,1956-03-28,5.659999847412109,
08JA013,1956-04-28,5.659999847412109,
08JA013,1956-05-28,0.0,
08JA013,1956-06-28,0.0,
08JA013,1956-07-28,5.659999847412109,
08JA013,1956-08-28,0.0,
08JA013,1956-09-28,0.0,
08JA013,1956-10-28,0.0,
08JA013,1956-11-28,0.0,
08JA013,1956-12-28,28.299999237060547,
08JA013,1957-01-28,255.0,
08JA013,1957-02-28,256.0,
08JA013,1957-03-28,0.0,
08JA013,1957-04-28,261.0,
08JA013,1957-05-28,147.0,
08JA013,1957-06-28,0.0,
08JA013,1957-07-28,0.0,
08JA013,1957-08-28,151.0,
08JA013,1957-09-28,79.30000305175781,
08JA013,1957-10-28,155.0,
08JA013,1957-11-28,200.0,
08JA013,1957-12-28,246.0,
08JA013,1958-01-28,326.0,
08JA013,1958-02-28,252.0,
08JA013,1958-03-28,331.0,
08JA013,1958-04-28,331.0,
08JA013,1958-05-28,0.0,
08JA013,1958-06-28,303.0,
08JA013,1958-07-28,300.0,
08JA013,1958-08-28,294.0,
08JA013,1958-09-28,343.0,
08JA013,1958-10-28,326.0,
08JA013,1958-11-28,306.0,
08JA013,1958-12-28,126.0,
08JA013,1959-01-28,124.0,
08JA013,1959-02-28,65.0999984741211,
08JA013,1959-03-28,63.400001525878906,
08JA013,1959-04-28,63.400001525878906,
08JA013,1959-05-28,154.0,
08JA013,1959-06-28,0.0,
08JA013,1959-07-28,309.0,
08JA013,1959-08-28,328.0,
08JA013,1959-09-28,371.0,
08JA013,1959-10-28,399.0,
08JA013,1959-11-28,193.0,
08JA013,1959-12-28,274.0,
08JA013,1960-01-28,68.5,
08JA013,1960-02-28,141.0,
08JA013,1960-03-28,176.0,
08JA013,1960-04-28,300.0,
08JA013,1960-05-28,371.0,
08JA013,1960-06-28,161.0,
08JA013,1960-07-28,174.0,
08JA013,1960-08-28,265.0,
08JA013,1960-09-28,264.0,
08JA013,1960-10-28,189.0,
08JA013,1960-11-28,185.0,
08JA013,1960-12-28,60.0,
08JA013,1961-01-28,29.700000762939453,
08JA013,1961-02-28,42.5,
08JA013,1961-03-28,42.5,
08JA013,1961-04-28,83.5,
08JA013,1961-05-28,116.0,
08JA013,1961-06-28,365.0,
08JA013,1961-07-28,362.0,
08JA013,1961-08-28,507.0,
08JA013,1961-09-28,481.0,
08JA013,1961-10-28,29.200000762939453,
08JA013,1961-11-28,30.600000381469727,
08JA013,1961-12-28,29.700000762939453,
08JA013,1962-01-28,30.0,
08JA013,1962-02-28,30.600000381469727,
08JA013,1962-03-28,30.600000381469727,
08JA013,1962-04-28,30.600000381469727,
08JA013,1962-05-28,187.0,
08JA013,1962-06-28,174.0,
08JA013,1962-07-28,467.0,
08JA013,1962-08-28,231.0,
08JA013,1962-09-28,227.0,
08JA013,1962-10-28,222.0,
08JA013,1962-11-28,221.0,
08JA013,1962-12-28,46.400001525878906,
08JA013,1963-01-28,46.70000076293945,
08JA013,1963-02-28,46.70000076293945,
08JA013,1963-03-28,46.400001525878906,
08JA013,1963-04-28,46.20000076293945,
08JA013,1963-05-28,337.0,
08JA013,1963-06-28,337.0,
08JA013,1963-07-28,201.0,
08JA013,1963-08-28,199.0,
08JA013,1963-09-28,194.0,
08JA013,1963-10-28,193.0,
08JA013,1963-11-28,42.5,
08JA013,1963-12-28,42.20000076293945,
08JA013,1964-01-28,42.79999923706055,
08JA013,1964-02-28,43.0,
08JA013,1964-03-28,42.5,
08JA013,1964-04-28,280.0,
08JA013,1964-05-28,405.0,
08JA013,1964-06-28,416.0,
08JA013,1964-07-28,199.0,
08JA013,1964-08-28,201.0,
08JA013,1964-09-28,197.0,
08JA013,1964-10-28,197.0,
08JA013,1964-11-28,71.5999984741211,
08JA013,1964-12-28,70.80000305175781,
08JA013,1965-01-28,69.9000015258789,
08JA013,1965-02-28,69.0999984741211,
08JA013,1965-03-28,68.0,
08JA013,1965-04-28,67.0999984741211,
08JA013,1965-05-28,62.0,
08JA013,1965-06-28,202.0,
08JA013,1965-07-28,203.0,
08JA013,1965-08-28,200.0,
08JA013,1965-09-28,87.19999694824219,
08JA013,1965-10-28,88.9000015258789,
08JA013,1965-11-28,45.900001525878906,
08JA013,1965-12-28,46.20000076293945,
08JA013,1966-01-28,46.20000076293945,
08JA013,1966-02-28,45.900001525878906,
08JA013,1966-03-28,45.29999923706055,
08JA013,1966-04-28,45.29999923706055,
08JA013,1966-05-28,224.0,
08JA013,1966-06-28,233.0,
08JA013,1966-07-28,263.0,
08JA013,1966-08-28,253.0,
08JA013,1966-09-28,334.0,
08JA013,1966-10-28,228.0,
08JA013,1966-11-28,88.30000305175781,
08JA013,1966-12-28,88.0999984741211,
08JA013,1967-01-28,87.19999694824219,
08JA013,1967-02-28,85.80000305175781,
08JA013,1967-03-28,84.4000015258789,
08JA013,1967-04-28,328.0,
08JA013,1967-05-28,269.0,
08JA013,1967-06-28,174.0,
08JA013,1967-07-28,262.0,
08JA013,1967-08-28,184.0,
08JA013,1967-09-28,48.400001525878906,
08JA013,1967-10-28,149.0,
08JA013,1967-11-28,94.9000015258789,
08JA013,1967-12-28,60.29999923706055,
08JA013,1968-01-28,60.29999923706055,
08JA013,1968-02-28,60.59999847412109,
08JA013,1968-03-28,60.29999923706055,
08JA013,1968-04-28,59.70000076293945,
08JA013,1968-05-28,265.0,
08JA013,1968-06-28,129.0,
08JA013,1968-07-28,245.0,
08JA013,1968-08-28,191.0,
08JA013,1968-09-28,240.0,
08JA013,1968-10-28,236.0,
08JA013,1968-11-28,92.0,
08JA013,1968-12-28,90.9000015258789,
08JA013,1969-01-28,89.5,
08JA013,1969-02-28,86.9000015258789,
08JA013,1969-03-28,85.0,
08JA013,1969-04-28,83.5,
08JA013,1969-05-28,86.9000015258789,
08JA013,1969-06-28,129.0,
08JA013,1969-07-28,34.79999923706055,
08JA013,1969-08-28,158.0,
08JA013,1969-09-28,156.0,
08JA013,1969-10-28,152.0,
08JA013,1969-11-28,75.9000015258789,
08JA013,1969-12-28,75.9000015258789,
08JA013,1970-01-28,74.5,
08JA013,1970-02-28,72.5,
08JA013,1970-03-28,71.4000015258789,
08JA013,1970-04-28,44.5,
08JA013,1970-05-28,45.29999923706055,
08JA013,1970-06-28,47.59999847412109,
08JA013,1970-07-28,48.400001525878906,
08JA013,1970-08-28,90.9000015258789,
08JA013,1970-09-28,117.0,
08JA013,1970-10-28,116.0,
08JA013,1970-11-28,61.20000076293945,
08JA013,1970-12-28,60.0,
08JA013,1971-01-28,59.20000076293945,
08JA013,1971-02-28,58.29999923706055,
08JA013,1971-03-28,57.20000076293945,
08JA013,1971-04-28,54.900001525878906,
08JA013,1971-05-28,66.30000305175781,
08JA013,1971-06-28,62.59999847412109,
08JA013,1971-07-28,122.0,
08JA013,1971-08-28,174.0,
08JA013,1971-09-28,171.0,
08JA013,1971-10-28,209.0,
08JA013,1971-11-28,75.9000015258789,
08JA013,1971-12-28,75.0,
08JA013,1972-01-28,73.5999984741211,
08JA013,1972-02-28,72.19999694824219,
08JA013,1972-03-28,71.0999984741211,
08JA013,1972-04-28,340.0,
08JA013,1972-05-28,0.0,
08JA013,1972-06-28,196.0,
08JA013,1972-07-28,428.0,
08JA013,1972-08-28,283.0,
08JA013,1972-09-28,221.0,
08JA013,1972-10-28,98.0,
08JA013,1972-11-28,73.30000305175781,
08JA013,1972-12-28,71.9000015258789,
08JA013,1973-01-28,71.0999984741211,
08JA013,1973-02-28,69.0999984741211,
08JA013,1973-03-28,67.4000015258789,
08JA013,1973-04-28,66.0,
08JA013,1973-05-28,43.900001525878906,
08JA013,1973-06-28,47.29999923706055,
08JA013,1973-07-28,122.0,
08JA013,1973-08-28,38.5,
08JA013,1973-09-28,33.70000076293945,
08JA013,1973-10-28,33.70000076293945,
08JA013,1973-11-28,49.59999847412109,
08JA013,1973-12-28,49.0,
08JA013,1974-01-28,48.09999847412109,
08JA013,1974-02-28,47.29999923706055,
08JA013,1974-03-28,138.0,
08JA013,1974-04-28,247.0,
08JA013,1974-05-28,0.0,
08JA013,1974-06-28,0.0,
08JA013,1974-07-28,228.0,
08JA013,1974-08-28,15.600000381469728,
08JA013,1974-09-28,25.5,
08JA013,1974-10-28,200.0,
08JA013,1974-11-28,76.69999694824219,
08JA013,1974-12-28,71.9000015258789,
08JA013,1975-01-28,75.30000305175781,
08JA013,1975-02-28,73.9000015258789,
08JA013,1975-03-28,72.80000305175781,
08JA013,1975-04-28,71.4000015258789,
08JA013,1975-05-28,89.5,
08JA013,1975-06-28,95.4000015258789,
08JA013,1975-07-28,91.5,
08JA013,1975-08-28,198.0,
08JA013,1975-09-28,96.8000030517578,
08JA013,1975-10-28,225.0,
08JA013,1975-11-28,94.0,
08JA013,1975-12-28,86.0999984741211,
08JA013,1976-01-28,85.5,
08JA013,1976-02-28,83.80000305175781,
08JA013,1976-03-28,139.0,
08JA013,1976-04-28,402.0,
08JA013,1976-05-28,46.70000076293945,
08JA013,1976-06-28,377.0,
08JA013,1976-07-28,439.0,
08JA013,1976-08-28,436.0,
08JA013,1976-09-28,226.0,
08JA013,1976-10-28,282.0,
08JA013,1976-11-28,177.0,
08JA013,1976-12-28,175.0,
08JA013,1977-01-28,171.0,
08JA013,1977-02-28,167.0,
08JA013,1977-03-28,141.0,
08JA013,1977-04-28,0.0,
08JA013,1977-05-28,0.0,
08JA013,1977-06-28,202.0,
08JA013,1977-07-28,0.0,
08JA013,1977-08-28,181.0,
08JA013,1977-09-28,52.400001525878906,
08JA013,1977-10-28,52.09999847412109,
08JA013,1977-11-28,51.5,
08JA013,1977-12-28,51.0,
08JA013,1978-01-28,50.09999847412109,
08JA013,1978-02-28,53.5,
08JA013,1978-03-28,52.70000076293945,
08JA013,1978-04-28,51.0,
08JA013,1978-05-28,37.09999847412109,
08JA013,1978-06-28,39.59999847412109,
08JA013,1978-07-28,36.5,
08JA013,1978-08-28,34.29999923706055,
08JA013,1978-09-28,33.70000076293945,
08JA013,1978-10-28,33.099998474121094,
08JA013,1978-11-28,36.79999923706055,
08JA013,1978-12-28,34.0,
08JA013,1979-01-28,32.400001525878906,
08JA013,1979-02-28,31.299999237060547,
08JA013,1979-03-28,30.399999618530277,
08JA013,1979-04-28,29.600000381469727,
08JA013,1979-05-28,32.70000076293945,
08JA013,1979-06-28,34.0,
08JA013,1979-07-28,116.0,
08JA013,1979-08-28,33.79999923706055,
08JA013,1979-09-28,33.400001525878906,
08JA013,1979-10-28,33.099998474121094,
08JA013,1979-11-28,12.699999809265137,
08JA013,1979-12-28,12.300000190734863,
08JA013,1980-01-28,14.699999809265137,
08JA013,1980-02-28,15.600000381469728,
08JA013,1980-03-28,15.0,
08JA013,1980-04-28,15.0,
08JA013,1980-05-28,15.600000381469728,
08JA013,1980-06-28,24.399999618530277,
08JA013,1980-07-28,17.0,
08JA013,1980-08-28,14.199999809265137,
08JA013,1980-09-28,32.29999923706055,
08JA013,1980-10-28,32.400001525878906,
08JA013,1980-11-28,32.400001525878906,
08JA013,1980-12-28,33.0,
08JA013,1981-01-28,33.0,
08JA013,1981-02-28,32.70000076293945,
08JA013,1981-03-28,32.599998474121094,
08JA013,1981-04-28,56.79999923706055,
08JA013,1981-05-28,58.900001525878906,
08JA013,1981-06-28,62.0,
08JA013,1981-07-28,255.0,
08JA013,1981-08-28,15.899999618530272,
08JA013,1981-09-28,26.899999618530277,
08JA013,1981-10-28,29.700000762939453,
08JA013,1981-11-28,32.5,
08JA013,1981-12-28,32.400001525878906,
08JA013,1982-01-28,32.0,
08JA013,1982-02-28,31.700000762939453,
08JA013,1982-03-28,56.59999847412109,
08JA013,1982-04-28,55.09999847412109,
08JA013,1982-05-28,23.200000762939453,
08JA013,1982-06-28,58.900001525878906,
08JA013,1982-07-28,211.0,
08JA013,1982-08-28,14.100000381469728,
08JA013,1982-09-28,31.100000381469727,
08JA013,1982-10-28,31.100000381469727,
08JA013,1982-11-28,31.100000381469727,
08JA013,1982-12-28,31.100000381469727,
08JA013,1983-01-28,31.100000381469727,
08JA013,1983-02-28,31.100000381469727,
08JA013,1983-03-28,31.100000381469727,
08JA013,1983-04-28,49.59999847412109,
08JA013,1983-05-28,49.59999847412109,
08JA013,1983-06-28,56.900001525878906,
08JA013,1983-07-28,56.59999847412109,
08JA013,1983-08-28,5.699999809265137,
08JA013,1983-09-28,31.100000381469727,
08JA013,1983-10-28,31.200000762939453,
08JA013,1983-11-28,31.100000381469727,
08JA013,1983-12-28,30.700000762939453,
08JA013,1984-01-28,30.600000381469727,
08JA013,1984-02-28,30.299999237060547,
08JA013,1984-03-28,54.400001525878906,
08JA013,1984-04-28,53.5,
08JA013,1984-05-28,54.900001525878906,
08JA013,1984-06-28,54.900001525878906,
08JA013,1984-07-28,119.0,
08JA013,1984-08-28,14.199999809265137,
08JA013,1984-09-28,30.899999618530277,
08JA013,1984-10-28,31.299999237060547,
08JA013,1984-11-28,31.100000381469727,
08JA013,1984-12-28,31.0,
08JA013,1985-01-28,30.600000381469727,
08JA013,1985-02-28,30.399999618530277,
08JA013,1985-03-28,30.200000762939453,
08JA013,1985-04-28,57.900001525878906,
08JA013,1985-05-28,55.70000076293945,
08JA013,1985-06-28,59.59999847412109,
08JA013,1985-07-28,278.0,
08JA013,1985-08-28,48.59999847412109,
08JA013,1985-09-28,63.09999847412109,
08JA013,1985-10-28,60.0,
08JA013,1985-11-28,33.099998474121094,
08JA013,1985-12-28,34.29999923706055,
08JA013,1986-01-28,33.5,
08JA013,1986-02-28,32.70000076293945,
08JA013,1986-03-28,32.29999923706055,
08JA013,1986-04-28,51.0,
08JA013,1986-05-28,43.29999923706055,
08JA013,1986-06-28,54.59999847412109,
08JA013,1986-07-28,167.0,
08JA013,1986-08-28,14.199999809265137,
08JA013,1986-09-28,28.299999237060547,
08JA013,1986-10-28,59.5,
08JA013,1986-11-28,32.79999923706055,
08JA013,1986-12-28,36.20000076293945,
08JA013,1987-01-28,35.79999923706055,
08JA013,1987-02-28,34.400001525878906,
08JA013,1987-03-28,34.0,
08JA013,1987-04-28,57.79999923706055,
08JA013,1987-05-28,55.20000076293945,
08JA013,1987-06-28,59.20000076293945,
08JA013,1987-07-28,218.0,
08JA013,1987-08-28,56.59999847412109,
08JA013,1987-09-28,56.59999847412109,
08JA013,1987-10-28,31.100000381469727,
08JA013,1987-11-28,34.0,
08JA013,1987-12-28,35.099998474121094,
08JA013,1988-01-28,33.70000076293945,
08JA013,1988-02-28,32.79999923706055,
08JA013,1988-03-28,32.099998474121094,
08JA013,1988-04-28,54.70000076293945,
08JA013,1988-05-28,47.29999923706055,
08JA013,1988-06-28,48.20000076293945,
08JA013,1988-07-28,170.0,
08JA013,1988-08-28,29.899999618530277,
08JA013,1988-09-28,29.700000762939453,
08JA013,1988-10-28,30.100000381469727,
08JA013,1988-11-28,30.899999618530277,
08JA013,1988-12-28,30.600000381469727,
08JA013,1989-01-28,30.299999237060547,
08JA013,1989-02-28,29.600000381469727,
08JA013,1989-03-28,29.200000762939453,
08JA013,1989-04-28,48.0,
08JA013,1989-05-28,48.70000076293945,
08JA013,1989-06-28,48.5,
08JA013,1989-07-28,170.0,
08JA013,1989-08-28,10.800000190734863,
08JA013,1989-09-28,32.599998474121094,
08JA013,1989-10-28,32.599998474121094,
08JA013,1989-11-28,35.099998474121094,
08JA013,1989-12-28,35.20000076293945,
08JA013,1990-01-28,35.20000076293945,
08JA013,1990-02-28,34.599998474121094,
08JA013,1990-03-28,33.79999923706055,
08JA013,1990-04-28,251.0,
08JA013,1990-05-28,49.59999847412109,
08JA013,1990-06-28,49.400001525878906,
08JA013,1990-07-28,283.0,
08JA013,1990-08-28,14.199999809265137,
08JA013,1990-09-28,30.600000381469727,
08JA013,1990-10-28,33.29999923706055,
08JA013,1990-11-28,33.099998474121094,
08JA013,1990-12-28,32.79999923706055,
08JA013,1991-01-28,32.0,
08JA013,1991-02-28,51.0,
08JA013,1991-03-28,85.4000015258789,
08JA013,1991-04-28,84.0999984741211,
08JA013,1991-05-28,48.79999923706055,
08JA013,1991-06-28,50.20000076293945,
08JA013,1991-07-28,61.20000076293945,
08JA013,1991-08-28,14.199999809265137,
08JA013,1991-09-28,30.799999237060547,
08JA013,1991-10-28,32.70000076293945,
08JA013,1991-11-28,32.599998474121094,
08JA013,1991-12-28,32.20000076293945,
08JA013,1992-01-28,31.700000762939453,
08JA013,1992-02-28,31.5,
08JA013,1992-03-28,31.399999618530277,
08JA013,1992-04-28,48.900001525878906,
08JA013,1992-05-28,49.59999847412109,
08JA013,1992-06-28,113.0,
08JA013,1992-07-28,276.0,
08JA013,1992-08-28,14.199999809265137,
08JA013,1992-09-28,32.599998474121094,
08JA013,1992-10-28,33.400001525878906,
08JA013,1992-11-28,33.400001525878906,
08JA013,1992-12-28,32.900001525878906,
08JA013,1993-01-28,32.29999923706055,
08JA013,1993-02-28,32.599998474121094,
08JA013,1993-03-28,33.20000076293945,
08JA013,1993-04-28,49.29999923706055,
08JA013,1993-05-28,49.29999923706055,
08JA013,1993-06-28,50.20000076293945,
08JA013,1993-07-28,161.0,
08JA013,1993-08-28,14.199999809265137,
08JA013,1993-09-28,32.0,
08JA013,1993-10-28,32.400001525878906,
08JA013,1993-11-28,33.599998474121094,
08JA013,1993-12-28,33.20000076293945,
08JA013,1994-01-28,32.79999923706055,
08JA013,1994-02-28,32.29999923706055,
08JA013,1994-03-28,32.0,
08JA013,1994-04-28,49.0,
08JA013,1994-05-28,49.5,
08JA013,1994-06-28,50.79999923706055,
08JA013,1994-07-28,282.0,
08JA013,1994-08-28,14.199999809265137,
08JA013,1994-09-28,31.299999237060547,
08JA013,1994-10-28,31.200000762939453,
08JA013,1994-11-28,41.5,
08JA013,1994-12-28,37.0,
08JA013,1995-01-28,36.0,
08JA013,1995-02-28,35.29999923706055,
08JA013,1995-03-28,41.20000076293945,
08JA013,1995-04-28,58.70000076293945,
08JA013,1995-05-28,49.20000076293945,
08JA013,1995-06-28,58.70000076293945,
08JA013,1995-07-28,170.0,
08JA013,1995-08-28,14.300000190734863,
08JA013,1995-09-28,49.400001525878906,
08JA013,1995-10-28,32.29999923706055,
08JA013,1995-11-28,34.70000076293945,
08JA013,1995-12-28,34.20000076293945,
08JA013,1996-01-28,34.099998474121094,
08JA013,1996-02-28,33.599998474121094,
08JA013,1996-03-28,33.0,
08JA013,1996-04-28,49.79999923706055,
08JA013,1996-05-28,52.09999847412109,
08JA013,1996-06-28,95.5,
08JA013,1996-07-28,15.100000381469728,
08JA013,1996-08-28,15.100000381469728,
08JA013,1996-09-28,113.0,
08JA013,1996-10-28,223.0,
08JA013,1996-11-28,60.70000076293945,
08JA013,1996-12-28,59.900001525878906,
08JA013,1997-01-28,58.79999923706055,
08JA013,1997-02-28,57.70000076293945,
08JA013,1997-03-28,56.70000076293945,
08JA013,1997-04-28,56.70000076293945,
08JA013,1997-05-28,180.0,
08JA013,1997-06-28,342.0,
08JA013,1997-07-28,337.0,
08JA013,1997-08-28,42.29999923706055,
08JA013,1997-09-28,85.9000015258789,
08JA013,1997-10-28,85.5,
08JA013,1997-11-28,56.79999923706055,
08JA013,1997-12-28,55.900001525878906,
08JA013,1998-01-28,54.70000076293945,
08JA013,1998-02-28,53.29999923706055,
08JA013,1998-03-28,52.0,
08JA013,1998-04-28,50.79999923706055,
08JA013,1998-05-28,54.400001525878906,
08JA013,1998-06-28,51.29999923706055,
08JA013,1998-07-28,255.0,
08JA013,1998-08-28,14.699999809265137,
08JA013,1998-09-28,30.100000381469727,
08JA013,1998-10-28,30.0,
08JA013,1998-11-28,30.600000381469727,
08JA013,1998-12-28,30.100000381469727,
08JA013,1999-01-28,29.600000381469727,
08JA013,1999-02-28,29.200000762939453,
08JA013,1999-03-28,29.600000381469727,
08JA013,1999-04-28,,
08JA013,1999-05-28,49.0,
08JA013,1999-06-28,49.59999847412109,
08JA013,1999-07-28,170.0,
08JA013,1999-08-28,15.300000190734863,
08JA013,1999-09-28,32.79999923706055,
08JA013,1999-10-28,33.5,
08JA013,1999-11-28,32.900001525878906,
08JA013,1999-12-28,32.400001525878906,
08JA013,2000-01-28,32.599998474121094,
08JA013,2000-02-28,32.70000076293945,
08JA013,2000-03-28,32.79999923706055,
08JA013,2000-04-28,47.400001525878906,
08JA013,2000-05-28,49.5,
08JA013,2000-06-28,48.900001525878906,
08JA013,2000-07-28,256.0,
08JA013,2000-08-28,14.0,
08JA013,2000-09-28,32.79999923706055,
08JA013,2000-10-28,32.900001525878906,
08JA013,2000-11-28,32.0,
08JA013,2000-12-28,32.599998474121094,
08JA013,2001-01-28,32.20000076293945,
08JA013,2001-02-28,32.599998474121094,
08JA013,2001-03-28,33.0,
08JA013,2001-04-28,52.5,
08JA013,2001-05-28,52.900001525878906,
08JA013,2001-06-28,53.70000076293945,
08JA013,2001-07-28,170.0,
08JA013,2001-08-28,14.199999809265137,
08JA013,2001-09-28,30.0,
08JA013,2001-10-28,30.0,
08JA013,2001-11-28,30.0,
08JA013,2001-12-28,31.899999618530277,
08JA013,2002-01-28,31.5,
08JA013,2002-02-28,31.0,
08JA013,2002-03-28,30.399999618530277,
08JA013,2002-04-28,52.900001525878906,
08JA013,2002-05-28,53.70000076293945,
08JA013,2002-06-28,54.29999923706055,
08JA013,2002-07-28,227.0,
08JA013,2002-08-28,14.800000190734863,
08JA013,2002-09-28,30.0,
08JA013,2002-10-28,85.0,
08JA013,2002-11-28,55.29999923706055,
08JA013,2002-12-28,55.0,
08JA013,2003-01-28,31.299999237060547,
08JA013,2003-02-28,30.700000762939453,
08JA013,2003-03-28,30.200000762939453,
08JA013,2003-04-28,49.900001525878906,
08JA013,2003-05-28,49.29999923706055,
08JA013,2003-06-28,49.20000076293945,
08JA013,2003-07-28,378.0,
08JA013,2003-08-28,14.300000190734863,
08JA013,2003-09-28,33.0,
08JA013,2003-10-28,33.0,
08JA013,2003-11-28,32.70000076293945,
08JA013,2003-12-28,32.099998474121094,
08JA013,2004-01-28,32.5,
08JA013,2004-02-28,32.79999923706055,
08JA013,2004-03-28,33.20000076293945,
08JA013,2004-04-28,53.20000076293945,
08JA013,2004-05-28,53.5,
08JA013,2004-06-28,52.79999923706055,
08JA013,2004-07-28,14.899999618530272,
08JA013,2004-08-28,16.5,
08JA013,2004-09-28,29.5,
08JA013,2004-10-28,29.899999618530277,
08JA013,2004-11-28,30.899999618530277,
08JA013,2004-12-28,31.200000762939453,
08JA013,2005-01-28,31.100000381469727,
08JA013,2005-02-28,31.399999618530277,
08JA013,2005-03-28,44.70000076293945,
08JA013,2005-04-28,161.0,
08JA013,2005-05-28,226.0,
08JA013,2005-06-28,211.0,
08JA013,2005-07-28,171.0,
08JA013,2005-08-28,14.899999618530272,
08JA013,2005-09-28,32.20000076293945,
08JA013,2005-10-28,126.0,
08JA013,2005-11-28,86.5,
08JA013,2005-12-28,85.5,
08JA013,2006-01-28,55.20000076293945,
08JA013,2006-02-28,32.900001525878906,
08JA013,2006-03-28,32.29999923706055,
08JA013,2006-04-28,49.5,
08JA013,2006-05-28,49.59999847412109,
08JA013,2006-06-28,50.09999847412109,
08JA013,2006-07-28,172.0,
08JA013,2006-08-28,14.199999809265137,
08JA013,2006-09-28,32.5,
08JA013,2006-10-28,33.099998474121094,
08JA013,2006-11-28,33.20000076293945,
08JA013,2006-12-28,33.20000076293945,
08JA013,2007-01-28,33.0,
08JA013,2007-02-28,42.59999847412109,
08JA013,2007-03-28,42.20000076293945,
08JA013,2007-04-28,162.0,
08JA013,2007-05-28,118.0,
08JA013,2007-06-28,486.0,
08JA013,2007-07-28,583.0,
08JA013,2007-08-28,15.0,
08JA013,2007-09-28,64.4000015258789,
08JA013,2007-10-28,250.0,
08JA013,2007-11-28,84.4000015258789,
08JA013,2007-12-28,83.19999694824219,
08JA013,2008-01-28,81.30000305175781,
08JA013,2008-02-28,33.79999923706055,
08JA013,2008-03-28,33.099998474121094,
08JA013,2008-04-28,32.400001525878906,
08JA013,2008-05-28,49.5,
08JA013,2008-06-28,49.59999847412109,
08JA013,2008-07-28,169.0,
08JA013,2008-08-28,14.699999809265137,
08JA013,2008-09-28,32.79999923706055,
08JA013,2008-10-28,33.5,
08JA013,2008-11-28,33.400001525878906,
08JA013,2008-12-28,35.400001525878906,
08JA013,2009-01-28,34.900001525878906,
08JA013,2009-02-28,34.20000076293945,
08JA013,2009-03-28,33.5,
08JA013,2009-04-28,33.0,
08JA013,2009-05-28,50.79999923706055,
08JA013,2009-06-28,50.20000076293945,
08JA013,2009-07-28,279.0,
08JA013,2009-08-28,14.399999618530272,
08JA013,2009-09-28,32.099998474121094,
08JA013,2009-10-28,33.599998474121094,
08JA013,2009-11-28,34.0,
08JA013,2009-12-28,33.5,
08JA013,2010-01-28,33.0,
08JA013,2010-02-28,32.400001525878906,
08JA013,2010-03-28,31.700000762939453,
08JA013,2010-04-28,49.0,
08JA013,2010-05-28,50.5,
08JA013,2010-06-28,50.29999923706055,
08JA013,2010-07-28,347.0,
08JA013,2010-08-28,14.800000190734863,
08JA013,2010-09-28,33.0,
08JA013,2010-10-28,34.20000076293945,
08JA013,2010-11-28,74.5999984741211,
08JA013,2010-12-28,34.099998474121094,
08JA013,2011-01-28,33.599998474121094,
08JA013,2011-02-28,33.20000076293945,
08JA013,2011-03-28,32.599998474121094,
08JA013,2011-04-28,32.0,
08JA013,2011-05-28,50.0,
08JA013,2011-06-28,327.0,
08JA013,2011-07-28,326.0,
08JA013,2011-08-28,14.800000190734863,
08JA013,2011-09-28,330.0,
08JA013,2011-10-28,32.0,
08JA013,2011-11-28,59.79999923706055,
08JA013,2011-12-28,59.400001525878906,
08JA013,2012-01-28,79.69999694824219,
08JA013,2012-02-28,124.0,
08JA013,2012-03-28,120.0,
08JA013,2012-04-28,200.0,
08JA013,2012-05-28,227.0,
08JA013,2012-06-28,244.0,
08JA013,2012-07-28,293.0,
08JA013,2012-08-28,33.0,
08JA013,2012-09-28,63.900001525878906,
08JA013,2012-10-28,63.09999847412109,
08JA013,2012-11-28,39.0,
08JA013,2012-12-28,38.20000076293945,
08JA013,2013-01-28,31.399999618530277,
08JA013,2013-02-28,30.600000381469727,
08JA013,2013-03-28,30.0,
08JA013,2013-04-28,49.400001525878906,
08JA013,2013-05-28,49.29999923706055,
08JA013,2013-06-28,49.0,
08JA013,2013-07-28,451.0,
08JA013,2013-08-28,14.100000381469728,
08JA013,2013-09-28,31.399999618530277,
08JA013,2013-10-28,31.600000381469727,
08JA013,2013-11-28,34.400001525878906,
08JA013,2013-12-28,33.70000076293945,
08JA013,2014-01-28,33.20000076293945,
08JA013,2014-02-28,32.5,
08JA013,2014-03-28,34.79999923706055,
08JA013,2014-04-28,49.09999847412109,
08JA013,2014-05-28,48.900001525878906,
08JA013,2014-06-28,48.79999923706055,
08JA013,2014-07-28,277.0,
08JA013,2014-08-28,15.399999618530272,
08JA013,2014-09-28,31.399999618530277,
08JA013,2014-10-28,33.79999923706055,
08JA013,2014-11-28,34.29999923706055,
08JA013,2014-12-28,34.29999923706055,
08JA013,2015-01-28,34.29999923706055,
08JA013,2015-02-28,45.29999923706055,
08JA013,2015-03-28,55.400001525878906,
08JA013,2015-04-28,285.0,
08JA013,2015-05-28,438.0,
08JA013,2015-06-28,321.0,
08JA013,2015-07-28,170.0,
08JA013,2015-08-28,32.400001525878906,
08JA013,2015-09-28,32.20000076293945,
08JA013,2015-10-28,34.400001525878906,
08JA013,2015-11-28,30.600000381469727,
08JA013,2015-12-28,30.200000762939453,
08JA013,2016-01-28,29.5,
08JA013,2016-02-28,29.0,
08JA013,2016-03-28,29.600000381469727,
08JA013,2016-04-28,49.900001525878906,
08JA013,2016-05-28,49.59999847412109,
08JA013,2016-06-28,49.5,
08JA013,2016-07-28,14.800000190734863,
08JA013,2016-08-28,14.300000190734863,
08JA013,2016-09-28,32.099998474121094,
08JA013,2016-10-28,31.899999618530277,
08JA013,2016-11-28,31.600000381469727,
08JA013,2016-12-28,31.299999237060547,
08JA013,2017-01-28,30.899999618530277,
08JA013,2017-02-28,30.600000381469727,
08JA013,2017-03-28,32.099998474121094,
08JA013,2017-04-28,48.70000076293945,
08JA013,2017-05-28,201.0,
08JA013,2017-06-28,160.0,
08JA013,2017-07-28,170.0,
08JA013,2017-08-28,14.600000381469728,
08JA013,2017-09-28,32.70000076293945,
08JA013,2017-10-28,300.0,
08JA013,2017-11-28,79.9000015258789,
08JA013,2017-12-28,78.5,
08JA013,2018-01-28,36.0,
08JA013,2018-02-28,35.5,
08JA013,2018-03-28,64.5,
08JA013,2018-04-28,150.0,
08JA013,2018-05-28,252.0,
08JA013,2018-06-28,106.0,
08JA013,2018-07-28,281.0,
08JA013,2018-08-28,26.799999237060547,
08JA013,2018-09-28,30.0,
08JA013,2018-10-28,27.700000762939453,
08JA013,2018-11-28,32.70000076293945,
08JA013,2018-12-28,32.20000076293945,
08JA013,2019-01-28,31.600000381469727,
08JA013,2019-02-28,30.899999618530277,
08JA013,2019-03-28,32.0,
08JA013,2019-04-28,49.5,
08JA013,2019-05-28,47.79999923706055,
08JA013,2019-06-28,48.5,
08JA013,2019-07-28,171.0,
08JA013,2019-08-28,32.099998474121094,
08JA013,2019-09-28,31.700000762939453,
08JA013,2019-10-28,31.799999237060547,
08JA013,2019-11-28,32.099998474121094,
08JA013,2019-12-28,31.899999618530277,
08JA013,2020-01-28,31.700000762939453,
08JA013,2020-02-28,33.29999923706055,
08JA013,2020-03-28,34.599998474121094,
08JA013,2020-04-28,49.09999847412109,
08JA013,2020-05-28,49.5,
08JA013,2020-06-28,49.09999847412109,
08JA013,2020-07-28,347.0,
08JA013,2020-08-28,14.899999618530272,
08JA013,2020-09-28,32.20000076293945,
08JA013,2020-10-28,115.0,
08JA013,2020-11-28,70.69999694824219,
08JA013,2020-12-28,84.69999694824219,
08JA013,2021-01-28,84.30000305175781,
08JA013,2021-02-28,82.4000015258789,
08JA013,2021-03-28,99.0999984741211,
08JA013,2021-04-28,200.0,
08JA013,2021-05-28,275.0,
08JA013,2021-06-28,276.0,
08JA013,2021-07-28,344.0,
08JA013,2021-08-28,79.4000015258789,
08JA013,2021-09-28,80.69999694824219,
08JA013,2021-10-28,167.0,
08JA013,2021-11-28,40.29999923706055,
08JA013,2021-12-28,40.09999847412109,
08JA013,2022-01-28,39.79999923706055,
08JA013,2022-02-28,39.5,
08JA013,2022-03-28,41.400001525878906,
08JA013,2022-04-28,41.400001525878906,
08JA013,2022-05-28,191.0,
08JA013,2022-06-28,322.0,
08JA013,2022-07-28,299.0,
08JA013,2022-08-28,59.0,
08JA013,2022-09-28,59.5,
08JA013,2022-10-28,59.70000076293945,
08JA013,2022-11-28,33.900001525878906,
08JA013,2022-12-28,33.29999923706055,
08JA013,2023-01-28,32.79999923706055,
08JA013,2023-02-28,32.20000076293945,
08JA013,2023-03-28,33.79999923706055,
08JA013,2023-04-28,33.099998474121094,
08JA013,2023-05-28,66.69999694824219,
08JA013,2023-06-28,50.70000076293945,
08JA013,2023-07-28,169.0,
08JA013,2023-08-28,14.199999809265137,
08JA013,2023-09-28,32.70000076293945,
08JA013,2023-10-28,32.70000076293945,
08JA013,2023-11-28,32.29999923706055,
08JA013,2023-12-28,32.0,
08JA013,2024-01-28,33.29999923706055,
08JA013,2024-02-28,32.79999923706055,
08JA013,2024-03-28,32.20000076293945,
08JA013,2024-04-28,31.899999618530277,
08JA013,2024-05-28,50.29999923706055,
08JA013,2024-06-28,49.20000076293945,
08JA013,2024-07-28,85.0,
08JA013,2024-08-28,14.0,
08JA013,2024-09-28,32.099998474121094,
08JA013,2024-10-28,32.20000076293945,
08JA013,2024-11-28,32.099998474121094,
08JA013,2024-12-28,32.099998474121094,
08JA013,2025-01-28,31.899999618530277,
08JA013,2025-02-28,31.399999618530277,
08JA013,2025-03-28,30.899999618530277,
08JA013,2025-04-28,30.899999618530277,
08JA013,2025-05-28,93.1999969482422,
08JA013,2025-06-28,32.900001525878906,
08JA013,2025-07-28,278.0,
08JA013,2025-08-28,14.199999809265137,
08JA013,2025-09-28,31.399999618530277,
08JA013,2025-10-28,31.200000762939453,
08JA013,2025-11-28,31.600000381469727,
08JA013,2025-12-28,32.099998474121094,
08JA013,1955-06-29,,
08JA013,1955-11-29,,
08JA013,1956-01-29,2.8299999237060547,
08JA013,1956-02-29,5.659999847412109,
08JA013,1956-03-29,5.659999847412109,
08JA013,1956-04-29,5.659999847412109,
08JA013,1956-05-29,0.0,
08JA013,1956-06-29,0.0,
08JA013,1956-07-29,5.659999847412109,
08JA013,1956-08-29,0.0,
08JA013,1956-09-29,0.0,
08JA013,1956-10-29,0.0,
08JA013,1956-11-29,0.0,
08JA013,1956-12-29,28.299999237060547,
08JA013,1957-01-29,142.0,
08JA013,1957-03-29,0.0,
08JA013,1957-04-29,261.0,
08JA013,1957-05-29,159.0,
08JA013,1957-06-29,0.0,
08JA013,1957-07-29,0.0,
08JA013,1957-08-29,151.0,
08JA013,1957-09-29,79.30000305175781,
08JA013,1957-10-29,155.0,
08JA013,1957-11-29,200.0,
08JA013,1957-12-29,246.0,
08JA013,1958-01-29,326.0,
08JA013,1958-03-29,331.0,
08JA013,1958-04-29,357.0,
08JA013,1958-05-29,0.0,
08JA013,1958-06-29,303.0,
08JA013,1958-07-29,300.0,
08JA013,1958-08-29,294.0,
08JA013,1958-09-29,343.0,
08JA013,1958-10-29,326.0,
08JA013,1958-11-29,306.0,
08JA013,1958-12-29,126.0,
08JA013,1959-01-29,124.0,
08JA013,1959-03-29,63.400001525878906,
08JA013,1959-04-29,63.400001525878906,
08JA013,1959-05-29,154.0,
08JA013,1959-06-29,0.0,
08JA013,1959-07-29,309.0,
08JA013,1959-08-29,328.0,
08JA013,1959-09-29,371.0,
08JA013,1959-10-29,399.0,
08JA013,1959-11-29,193.0,
08JA013,1959-12-29,274.0,
08JA013,1960-01-29,68.5,
08JA013,1960-02-29,141.0,
08JA013,1960-03-29,176.0,
08JA013,1960-04-29,300.0,
08JA013,1960-05-29,374.0,
08JA013,1960-06-29,108.0,
08JA013,1960-07-29,174.0,
08JA013,1960-08-29,265.0,
08JA013,1960-09-29,264.0,
08JA013,1960-10-29,189.0,
08JA013,1960-11-29,184.0,
08JA013,1960-12-29,60.0,
08JA013,1961-01-29,29.700000762939453,
08JA013,1961-03-29,42.5,
08JA013,1961-04-29,83.80000305175781,
08JA013,1961-05-29,116.0,
08JA013,1961-06-29,365.0,
08JA013,1961-07-29,362.0,
08JA013,1961-08-29,507.0,
08JA013,1961-09-29,481.0,
08JA013,1961-10-29,29.200000762939453,
08JA013,1961-11-29,30.600000381469727,
08JA013,1961-12-29,29.700000762939453,
08JA013,1962-01-29,30.0,
08JA013,1962-03-29,30.600000381469727,
08JA013,1962-04-29,30.600000381469727,
08JA013,1962-05-29,187.0,
08JA013,1962-06-29,201.0,
08JA013,1962-07-29,467.0,
08JA013,1962-08-29,231.0,
08JA013,1962-09-29,227.0,
08JA013,1962-10-29,222.0,
08JA013,1962-11-29,221.0,
08JA013,1962-12-29,46.400001525878906,
08JA013,1963-01-29,46.70000076293945,
08JA013,1963-03-29,46.400001525878906,
08JA013,1963-04-29,46.20000076293945,
08JA013,1963-05-29,337.0,
08JA013,1963-06-29,337.0,
08JA013,1963-07-29,201.0,
08JA013,1963-08-29,161.0,
08JA013,1963-09-29,194.0,
08JA013,1963-10-29,193.0,
08JA013,1963-11-29,42.5,
08JA013,1963-12-29,42.20000076293945,
08JA013,1964-01-29,42.79999923706055,
08JA013,1964-02-29,43.0,
08JA013,1964-03-29,42.5,
08JA013,1964-04-29,311.0,
08JA013,1964-05-29,402.0,
08JA013,1964-06-29,416.0,
08JA013,1964-07-29,199.0,
08JA013,1964-08-29,201.0,
08JA013,1964-09-29,197.0,
08JA013,1964-10-29,197.0,
08JA013,1964-11-29,71.5999984741211,
08JA013,1964-12-29,70.80000305175781,
08JA013,1965-01-29,69.9000015258789,
08JA013,1965-03-29,68.0,
08JA013,1965-04-29,67.0999984741211,
08JA013,1965-05-29,200.0,
08JA013,1965-06-29,202.0,
08JA013,1965-07-29,125.0,
08JA013,1965-08-29,200.0,
08JA013,1965-09-29,87.19999694824219,
08JA013,1965-10-29,88.9000015258789,
08JA013,1965-11-29,45.900001525878906,
08JA013,1965-12-29,46.20000076293945,
08JA013,1966-01-29,46.20000076293945,
08JA013,1966-03-29,45.29999923706055,
08JA013,1966-04-29,45.29999923706055,
08JA013,1966-05-29,153.0,
08JA013,1966-06-29,233.0,
08JA013,1966-07-29,263.0,
08JA013,1966-08-29,306.0,
08JA013,1966-09-29,334.0,
08JA013,1966-10-29,228.0,
08JA013,1966-11-29,88.30000305175781,
08JA013,1966-12-29,88.0999984741211,
08JA013,1967-01-29,87.19999694824219,
08JA013,1967-03-29,84.4000015258789,
08JA013,1967-04-29,326.0,
08JA013,1967-05-29,269.0,
08JA013,1967-06-29,174.0,
08JA013,1967-07-29,262.0,
08JA013,1967-08-29,183.0,
08JA013,1967-09-29,0.0,
08JA013,1967-10-29,149.0,
08JA013,1967-11-29,94.9000015258789,
08JA013,1967-12-29,60.29999923706055,
08JA013,1968-01-29,60.29999923706055,
08JA013,1968-02-29,60.59999847412109,
08JA013,1968-03-29,60.29999923706055,
08JA013,1968-04-29,59.70000076293945,
08JA013,1968-05-29,282.0,
08JA013,1968-06-29,129.0,
08JA013,1968-07-29,245.0,
08JA013,1968-08-29,191.0,
08JA013,1968-09-29,239.0,
08JA013,1968-10-29,236.0,
08JA013,1968-11-29,92.0,
08JA013,1968-12-29,90.9000015258789,
08JA013,1969-01-29,89.19999694824219,
08JA013,1969-03-29,84.69999694824219,
08JA013,1969-04-29,83.5,
08JA013,1969-05-29,87.19999694824219,
08JA013,1969-06-29,129.0,
08JA013,1969-07-29,34.79999923706055,
08JA013,1969-08-29,158.0,
08JA013,1969-09-29,155.0,
08JA013,1969-10-29,152.0,
08JA013,1969-11-29,75.9000015258789,
08JA013,1969-12-29,75.9000015258789,
08JA013,1970-01-29,74.5,
08JA013,1970-03-29,71.4000015258789,
08JA013,1970-04-29,44.5,
08JA013,1970-05-29,45.29999923706055,
08JA013,1970-06-29,47.59999847412109,
08JA013,1970-07-29,48.70000076293945,
08JA013,1970-08-29,90.9000015258789,
08JA013,1970-09-29,117.0,
08JA013,1970-10-29,116.0,
08JA013,1970-11-29,61.20000076293945,
08JA013,1970-12-29,60.0,
08JA013,1971-01-29,59.20000076293945,
08JA013,1971-03-29,57.20000076293945,
08JA013,1971-04-29,54.900001525878906,
08JA013,1971-05-29,57.5,
08JA013,1971-06-29,62.59999847412109,
08JA013,1971-07-29,122.0,
08JA013,1971-08-29,174.0,
08JA013,1971-09-29,170.0,
08JA013,1971-10-29,208.0,
08JA013,1971-11-29,75.9000015258789,
08JA013,1971-12-29,75.0,
08JA013,1972-01-29,73.5999984741211,
08JA013,1972-02-29,72.19999694824219,
08JA013,1972-03-29,71.0999984741211,
08JA013,1972-04-29,340.0,
08JA013,1972-05-29,0.0,
08JA013,1972-06-29,394.0,
08JA013,1972-07-29,425.0,
08JA013,1972-08-29,257.0,
08JA013,1972-09-29,221.0,
08JA013,1972-10-29,0.0,
08JA013,1972-11-29,73.30000305175781,
08JA013,1972-12-29,71.9000015258789,
08JA013,1973-01-29,71.0999984741211,
08JA013,1973-03-29,67.4000015258789,
08JA013,1973-04-29,66.0,
08JA013,1973-05-29,43.900001525878906,
08JA013,1973-06-29,126.0,
08JA013,1973-07-29,122.0,
08JA013,1973-08-29,10.600000381469728,
08JA013,1973-09-29,33.70000076293945,
08JA013,1973-10-29,33.70000076293945,
08JA013,1973-11-29,49.59999847412109,
08JA013,1973-12-29,49.0,
08JA013,1974-01-29,48.09999847412109,
08JA013,1974-03-29,138.0,
08JA013,1974-04-29,247.0,
08JA013,1974-05-29,0.0,
08JA013,1974-06-29,0.0,
08JA013,1974-07-29,228.0,
08JA013,1974-08-29,15.600000381469728,
08JA013,1974-09-29,25.5,
08JA013,1974-10-29,200.0,
08JA013,1974-11-29,76.69999694824219,
08JA013,1974-12-29,71.9000015258789,
08JA013,1975-01-29,75.30000305175781,
08JA013,1975-03-29,72.80000305175781,
08JA013,1975-04-29,71.4000015258789,
08JA013,1975-05-29,89.80000305175781,
08JA013,1975-06-29,95.4000015258789,
08JA013,1975-07-29,91.5,
08JA013,1975-08-29,198.0,
08JA013,1975-09-29,151.0,
08JA013,1975-10-29,225.0,
08JA013,1975-11-29,86.9000015258789,
08JA013,1975-12-29,86.4000015258789,
08JA013,1976-01-29,85.5,
08JA013,1976-02-29,83.80000305175781,
08JA013,1976-03-29,139.0,
08JA013,1976-04-29,402.0,
08JA013,1976-05-29,391.0,
08JA013,1976-06-29,377.0,
08JA013,1976-07-29,439.0,
08JA013,1976-08-29,436.0,
08JA013,1976-09-29,226.0,
08JA013,1976-10-29,282.0,
08JA013,1976-11-29,177.0,
08JA013,1976-12-29,175.0,
08JA013,1977-01-29,171.0,
08JA013,1977-03-29,168.0,
08JA013,1977-04-29,0.0,
08JA013,1977-05-29,0.0,
08JA013,1977-06-29,226.0,
08JA013,1977-07-29,60.900001525878906,
08JA013,1977-08-29,181.0,
08JA013,1977-09-29,54.400001525878906,
08JA013,1977-10-29,52.09999847412109,
08JA013,1977-11-29,51.5,
08JA013,1977-12-29,51.0,
08JA013,1978-01-29,50.09999847412109,
08JA013,1978-03-29,52.400001525878906,
08JA013,1978-04-29,51.0,
08JA013,1978-05-29,37.400001525878906,
08JA013,1978-06-29,39.59999847412109,
08JA013,1978-07-29,36.5,
08JA013,1978-08-29,34.29999923706055,
08JA013,1978-09-29,33.70000076293945,
08JA013,1978-10-29,33.099998474121094,
08JA013,1978-11-29,36.79999923706055,
08JA013,1978-12-29,33.70000076293945,
08JA013,1979-01-29,32.400001525878906,
08JA013,1979-03-29,30.299999237060547,
08JA013,1979-04-29,29.600000381469727,
08JA013,1979-05-29,32.900001525878906,
08JA013,1979-06-29,34.099998474121094,
08JA013,1979-07-29,116.0,
08JA013,1979-08-29,33.79999923706055,
08JA013,1979-09-29,33.400001525878906,
08JA013,1979-10-29,33.099998474121094,
08JA013,1979-11-29,12.699999809265137,
08JA013,1979-12-29,12.300000190734863,
08JA013,1980-01-29,14.699999809265137,
08JA013,1980-02-29,15.600000381469728,
08JA013,1980-03-29,15.0,
08JA013,1980-04-29,15.0,
08JA013,1980-05-29,15.600000381469728,
08JA013,1980-06-29,22.899999618530277,
08JA013,1980-07-29,17.0,
08JA013,1980-08-29,14.199999809265137,
08JA013,1980-09-29,32.29999923706055,
08JA013,1980-10-29,32.400001525878906,
08JA013,1980-11-29,32.400001525878906,
08JA013,1980-12-29,33.0,
08JA013,1981-01-29,33.0,
08JA013,1981-03-29,32.599998474121094,
08JA013,1981-04-29,56.79999923706055,
08JA013,1981-05-29,59.20000076293945,
08JA013,1981-06-29,62.09999847412109,
08JA013,1981-07-29,255.0,
08JA013,1981-08-29,15.899999618530272,
08JA013,1981-09-29,26.899999618530277,
08JA013,1981-10-29,29.700000762939453,
08JA013,1981-11-29,32.5,
08JA013,1981-12-29,32.400001525878906,
08JA013,1982-01-29,32.0,
08JA013,1982-03-29,56.59999847412109,
08JA013,1982-04-29,54.900001525878906,
08JA013,1982-05-29,41.29999923706055,
08JA013,1982-06-29,59.20000076293945,
08JA013,1982-07-29,406.0,
08JA013,1982-08-29,14.100000381469728,
08JA013,1982-09-29,31.100000381469727,
08JA013,1982-10-29,31.100000381469727,
08JA013,1982-11-29,31.100000381469727,
08JA013,1982-12-29,31.100000381469727,
08JA013,1983-01-29,31.100000381469727,
08JA013,1983-03-29,31.100000381469727,
08JA013,1983-04-29,49.59999847412109,
08JA013,1983-05-29,49.59999847412109,
08JA013,1983-06-29,56.900001525878906,
08JA013,1983-07-29,123.0,
08JA013,1983-08-29,5.699999809265137,
08JA013,1983-09-29,31.100000381469727,
08JA013,1983-10-29,31.200000762939453,
08JA013,1983-11-29,31.100000381469727,
08JA013,1983-12-29,30.700000762939453,
08JA013,1984-01-29,30.600000381469727,
08JA013,1984-02-29,30.299999237060547,
08JA013,1984-03-29,54.400001525878906,
08JA013,1984-04-29,53.400001525878906,
08JA013,1984-05-29,54.900001525878906,
08JA013,1984-06-29,54.900001525878906,
08JA013,1984-07-29,14.199999809265137,
08JA013,1984-08-29,14.199999809265137,
08JA013,1984-09-29,30.899999618530277,
08JA013,1984-10-29,31.299999237060547,
08JA013,1984-11-29,31.100000381469727,
08JA013,1984-12-29,31.0,
08JA013,1985-01-29,30.600000381469727,
08JA013,1985-03-29,30.200000762939453,
08JA013,1985-04-29,57.900001525878906,
08JA013,1985-05-29,55.900001525878906,
08JA013,1985-06-29,59.70000076293945,
08JA013,1985-07-29,278.0,
08JA013,1985-08-29,63.09999847412109,
08JA013,1985-09-29,63.0,
08JA013,1985-10-29,60.0,
08JA013,1985-11-29,33.099998474121094,
08JA013,1985-12-29,34.099998474121094,
08JA013,1986-01-29,33.5,
08JA013,1986-03-29,32.29999923706055,
08JA013,1986-04-29,42.5,
08JA013,1986-05-29,43.29999923706055,
08JA013,1986-06-29,54.70000076293945,
08JA013,1986-07-29,161.0,
08JA013,1986-08-29,14.199999809265137,
08JA013,1986-09-29,28.299999237060547,
08JA013,1986-10-29,80.19999694824219,
08JA013,1986-11-29,32.79999923706055,
08JA013,1986-12-29,36.20000076293945,
08JA013,1987-01-29,35.79999923706055,
08JA013,1987-03-29,34.0,
08JA013,1987-04-29,57.79999923706055,
08JA013,1987-05-29,55.400001525878906,
08JA013,1987-06-29,58.09999847412109,
08JA013,1987-07-29,218.0,
08JA013,1987-08-29,56.59999847412109,
08JA013,1987-09-29,56.59999847412109,
08JA013,1987-10-29,31.100000381469727,
08JA013,1987-11-29,34.0,
08JA013,1987-12-29,35.099998474121094,
08JA013,1988-01-29,33.599998474121094,
08JA013,1988-02-29,32.79999923706055,
08JA013,1988-03-29,32.0,
08JA013,1988-04-29,54.70000076293945,
08JA013,1988-05-29,47.400001525878906,
08JA013,1988-06-29,48.29999923706055,
08JA013,1988-07-29,170.0,
08JA013,1988-08-29,29.899999618530277,
08JA013,1988-09-29,29.899999618530277,
08JA013,1988-10-29,30.100000381469727,
08JA013,1988-11-29,30.899999618530277,
08JA013,1988-12-29,30.600000381469727,
08JA013,1989-01-29,30.200000762939453,
08JA013,1989-03-29,29.200000762939453,
08JA013,1989-04-29,48.0,
08JA013,1989-05-29,48.400001525878906,
08JA013,1989-06-29,48.59999847412109,
08JA013,1989-07-29,262.0,
08JA013,1989-08-29,32.599998474121094,
08JA013,1989-09-29,32.599998474121094,
08JA013,1989-10-29,32.599998474121094,
08JA013,1989-11-29,35.099998474121094,
08JA013,1989-12-29,35.29999923706055,
08JA013,1990-01-29,35.20000076293945,
08JA013,1990-03-29,33.79999923706055,
08JA013,1990-04-29,250.0,
08JA013,1990-05-29,49.70000076293945,
08JA013,1990-06-29,49.59999847412109,
08JA013,1990-07-29,282.0,
08JA013,1990-08-29,14.199999809265137,
08JA013,1990-09-29,30.600000381469727,
08JA013,1990-10-29,33.29999923706055,
08JA013,1990-11-29,33.099998474121094,
08JA013,1990-12-29,32.79999923706055,
08JA013,1991-01-29,32.0,
08JA013,1991-03-29,85.19999694824219,
08JA013,1991-04-29,84.0999984741211,
08JA013,1991-05-29,48.900001525878906,
08JA013,1991-06-29,50.29999923706055,
08JA013,1991-07-29,170.0,
08JA013,1991-08-29,14.199999809265137,
08JA013,1991-09-29,30.799999237060547,
08JA013,1991-10-29,32.70000076293945,
08JA013,1991-11-29,32.599998474121094,
08JA013,1991-12-29,32.20000076293945,
08JA013,1992-01-29,31.700000762939453,
08JA013,1992-02-29,31.5,
08JA013,1992-03-29,31.399999618530277,
08JA013,1992-04-29,48.900001525878906,
08JA013,1992-05-29,49.79999923706055,
08JA013,1992-06-29,113.0,
08JA013,1992-07-29,275.0,
08JA013,1992-08-29,14.199999809265137,
08JA013,1992-09-29,32.599998474121094,
08JA013,1992-10-29,33.400001525878906,
08JA013,1992-11-29,33.400001525878906,
08JA013,1992-12-29,32.900001525878906,
08JA013,1993-01-29,32.29999923706055,
08JA013,1993-03-29,33.20000076293945,
08JA013,1993-04-29,49.29999923706055,
08JA013,1993-05-29,49.5,
08JA013,1993-06-29,49.59999847412109,
08JA013,1993-07-29,161.0,
08JA013,1993-08-29,14.199999809265137,
08JA013,1993-09-29,31.899999618530277,
08JA013,1993-10-29,32.400001525878906,
08JA013,1993-11-29,33.599998474121094,
08JA013,1993-12-29,33.20000076293945,
08JA013,1994-01-29,32.79999923706055,
08JA013,1994-03-29,32.0,
08JA013,1994-04-29,49.09999847412109,
08JA013,1994-05-29,49.59999847412109,
08JA013,1994-06-29,49.59999847412109,
08JA013,1994-07-29,453.0,
08JA013,1994-08-29,14.199999809265137,
08JA013,1994-09-29,31.299999237060547,
08JA013,1994-10-29,31.200000762939453,
08JA013,1994-11-29,41.5,
08JA013,1994-12-29,36.900001525878906,
08JA013,1995-01-29,36.0,
08JA013,1995-03-29,41.09999847412109,
08JA013,1995-04-29,58.79999923706055,
08JA013,1995-05-29,49.29999923706055,
08JA013,1995-06-29,58.79999923706055,
08JA013,1995-07-29,170.0,
08JA013,1995-08-29,14.300000190734863,
08JA013,1995-09-29,27.5,
08JA013,1995-10-29,32.29999923706055,
08JA013,1995-11-29,34.79999923706055,
08JA013,1995-12-29,34.099998474121094,
08JA013,1996-01-29,34.0,
08JA013,1996-02-29,33.5,
08JA013,1996-03-29,32.900001525878906,
08JA013,1996-04-29,49.79999923706055,
08JA013,1996-05-29,52.20000076293945,
08JA013,1996-06-29,227.0,
08JA013,1996-07-29,15.100000381469728,
08JA013,1996-08-29,15.100000381469728,
08JA013,1996-09-29,113.0,
08JA013,1996-10-29,228.0,
08JA013,1996-11-29,60.70000076293945,
08JA013,1996-12-29,59.79999923706055,
08JA013,1997-01-29,58.79999923706055,
08JA013,1997-03-29,56.70000076293945,
08JA013,1997-04-29,56.70000076293945,
08JA013,1997-05-29,199.0,
08JA013,1997-06-29,342.0,
08JA013,1997-07-29,337.0,
08JA013,1997-08-29,42.29999923706055,
08JA013,1997-09-29,85.80000305175781,
08JA013,1997-10-29,57.29999923706055,
08JA013,1997-11-29,56.70000076293945,
08JA013,1997-12-29,55.900001525878906,
08JA013,1998-01-29,54.70000076293945,
08JA013,1998-03-29,51.900001525878906,
08JA013,1998-04-29,50.79999923706055,
08JA013,1998-05-29,54.59999847412109,
08JA013,1998-06-29,51.70000076293945,
08JA013,1998-07-29,280.0,
08JA013,1998-08-29,14.699999809265137,
08JA013,1998-09-29,30.0,
08JA013,1998-10-29,30.0,
08JA013,1998-11-29,30.5,
08JA013,1998-12-29,30.100000381469727,
08JA013,1999-01-29,29.600000381469727,
08JA013,1999-03-29,29.600000381469727,
08JA013,1999-04-29,49.09999847412109,
08JA013,1999-05-29,49.0,
08JA013,1999-06-29,49.20000076293945,
08JA013,1999-07-29,170.0,
08JA013,1999-08-29,15.300000190734863,
08JA013,1999-09-29,32.79999923706055,
08JA013,1999-10-29,33.5,
08JA013,1999-11-29,32.900001525878906,
08JA013,1999-12-29,32.400001525878906,
08JA013,2000-01-29,32.599998474121094,
08JA013,2000-02-29,32.70000076293945,
08JA013,2000-03-29,32.70000076293945,
08JA013,2000-04-29,49.09999847412109,
08JA013,2000-05-29,49.59999847412109,
08JA013,2000-06-29,49.0,
08JA013,2000-07-29,255.0,
08JA013,2000-08-29,15.699999809265137,
08JA013,2000-09-29,32.79999923706055,
08JA013,2000-10-29,32.900001525878906,
08JA013,2000-11-29,32.0,
08JA013,2000-12-29,32.599998474121094,
08JA013,2001-01-29,32.29999923706055,
08JA013,2001-03-29,33.0,
08JA013,2001-04-29,52.5,
08JA013,2001-05-29,53.09999847412109,
08JA013,2001-06-29,52.70000076293945,
08JA013,2001-07-29,170.0,
08JA013,2001-08-29,14.199999809265137,
08JA013,2001-09-29,30.0,
08JA013,2001-10-29,30.0,
08JA013,2001-11-29,30.0,
08JA013,2001-12-29,31.899999618530277,
08JA013,2002-01-29,31.399999618530277,
08JA013,2002-03-29,30.399999618530277,
08JA013,2002-04-29,52.900001525878906,
08JA013,2002-05-29,54.0,
08JA013,2002-06-29,54.400001525878906,
08JA013,2002-07-29,227.0,
08JA013,2002-08-29,14.800000190734863,
08JA013,2002-09-29,30.0,
08JA013,2002-10-29,85.0,
08JA013,2002-11-29,55.29999923706055,
08JA013,2002-12-29,55.0,
08JA013,2003-01-29,31.299999237060547,
08JA013,2003-03-29,30.200000762939453,
08JA013,2003-04-29,50.0,
08JA013,2003-05-29,49.400001525878906,
08JA013,2003-06-29,49.29999923706055,
08JA013,2003-07-29,177.0,
08JA013,2003-08-29,14.300000190734863,
08JA013,2003-09-29,33.0,
08JA013,2003-10-29,33.0,
08JA013,2003-11-29,32.70000076293945,
08JA013,2003-12-29,32.5,
08JA013,2004-01-29,32.5,
08JA013,2004-02-29,32.70000076293945,
08JA013,2004-03-29,33.20000076293945,
08JA013,2004-04-29,53.20000076293945,
08JA013,2004-05-29,53.5,
08JA013,2004-06-29,52.0,
08JA013,2004-07-29,152.0,
08JA013,2004-08-29,19.200000762939453,
08JA013,2004-09-29,29.5,
08JA013,2004-10-29,29.899999618530277,
08JA013,2004-11-29,30.899999618530277,
08JA013,2004-12-29,31.200000762939453,
08JA013,2005-01-29,31.100000381469727,
08JA013,2005-03-29,44.70000076293945,
08JA013,2005-04-29,172.0,
08JA013,2005-05-29,186.0,
08JA013,2005-06-29,211.0,
08JA013,2005-07-29,171.0,
08JA013,2005-08-29,14.899999618530272,
08JA013,2005-09-29,32.20000076293945,
08JA013,2005-10-29,126.0,
08JA013,2005-11-29,86.5,
08JA013,2005-12-29,85.5,
08JA013,2006-01-29,55.09999847412109,
08JA013,2006-03-29,32.29999923706055,
08JA013,2006-04-29,49.5,
08JA013,2006-05-29,49.70000076293945,
08JA013,2006-06-29,49.70000076293945,
08JA013,2006-07-29,172.0,
08JA013,2006-08-29,14.199999809265137,
08JA013,2006-09-29,32.5,
08JA013,2006-10-29,33.099998474121094,
08JA013,2006-11-29,33.20000076293945,
08JA013,2006-12-29,33.20000076293945,
08JA013,2007-01-29,33.0,
08JA013,2007-03-29,42.20000076293945,
08JA013,2007-04-29,163.0,
08JA013,2007-05-29,69.30000305175781,
08JA013,2007-06-29,397.0,
08JA013,2007-07-29,583.0,
08JA013,2007-08-29,15.0,
08JA013,2007-09-29,64.4000015258789,
08JA013,2007-10-29,250.0,
08JA013,2007-11-29,84.30000305175781,
08JA013,2007-12-29,83.0999984741211,
08JA013,2008-01-29,81.19999694824219,
08JA013,2008-02-29,33.79999923706055,
08JA013,2008-03-29,33.099998474121094,
08JA013,2008-04-29,32.400001525878906,
08JA013,2008-05-29,49.70000076293945,
08JA013,2008-06-29,49.70000076293945,
08JA013,2008-07-29,169.0,
08JA013,2008-08-29,14.699999809265137,
08JA013,2008-09-29,32.79999923706055,
08JA013,2008-10-29,33.5,
08JA013,2008-11-29,33.400001525878906,
08JA013,2008-12-29,35.400001525878906,
08JA013,2009-01-29,34.900001525878906,
08JA013,2009-03-29,33.5,
08JA013,2009-04-29,33.0,
08JA013,2009-05-29,50.900001525878906,
08JA013,2009-06-29,49.900001525878906,
08JA013,2009-07-29,279.0,
08JA013,2009-08-29,14.399999618530272,
08JA013,2009-09-29,32.099998474121094,
08JA013,2009-10-29,33.599998474121094,
08JA013,2009-11-29,34.0,
08JA013,2009-12-29,33.5,
08JA013,2010-01-29,33.0,
08JA013,2010-03-29,31.600000381469727,
08JA013,2010-04-29,49.0,
08JA013,2010-05-29,50.70000076293945,
08JA013,2010-06-29,50.400001525878906,
08JA013,2010-07-29,284.0,
08JA013,2010-08-29,14.699999809265137,
08JA013,2010-09-29,33.0,
08JA013,2010-10-29,34.29999923706055,
08JA013,2010-11-29,74.5,
08JA013,2010-12-29,34.099998474121094,
08JA013,2011-01-29,33.599998474121094,
08JA013,2011-03-29,32.599998474121094,
08JA013,2011-04-29,32.0,
08JA013,2011-05-29,50.29999923706055,
08JA013,2011-06-29,327.0,
08JA013,2011-07-29,326.0,
08JA013,2011-08-29,14.800000190734863,
08JA013,2011-09-29,429.0,
08JA013,2011-10-29,32.0,
08JA013,2011-11-29,59.79999923706055,
08JA013,2011-12-29,59.400001525878906,
08JA013,2012-01-29,79.69999694824219,
08JA013,2012-02-29,124.0,
08JA013,2012-03-29,120.0,
08JA013,2012-04-29,200.0,
08JA013,2012-05-29,228.0,
08JA013,2012-06-29,245.0,
08JA013,2012-07-29,293.0,
08JA013,2012-08-29,33.0,
08JA013,2012-09-29,63.900001525878906,
08JA013,2012-10-29,63.09999847412109,
08JA013,2012-11-29,39.0,
08JA013,2012-12-29,38.20000076293945,
08JA013,2013-01-29,31.299999237060547,
08JA013,2013-03-29,29.899999618530277,
08JA013,2013-04-29,49.400001525878906,
08JA013,2013-05-29,49.5,
08JA013,2013-06-29,49.09999847412109,
08JA013,2013-07-29,401.0,
08JA013,2013-08-29,14.100000381469728,
08JA013,2013-09-29,31.399999618530277,
08JA013,2013-10-29,33.099998474121094,
08JA013,2013-11-29,34.400001525878906,
08JA013,2013-12-29,33.70000076293945,
08JA013,2014-01-29,33.20000076293945,
08JA013,2014-03-29,34.79999923706055,
08JA013,2014-04-29,49.09999847412109,
08JA013,2014-05-29,49.0,
08JA013,2014-06-29,48.900001525878906,
08JA013,2014-07-29,277.0,
08JA013,2014-08-29,15.399999618530272,
08JA013,2014-09-29,31.399999618530277,
08JA013,2014-10-29,33.79999923706055,
08JA013,2014-11-29,34.400001525878906,
08JA013,2014-12-29,34.29999923706055,
08JA013,2015-01-29,32.099998474121094,
08JA013,2015-03-29,55.59999847412109,
08JA013,2015-04-29,285.0,
08JA013,2015-05-29,457.0,
08JA013,2015-06-29,321.0,
08JA013,2015-07-29,170.0,
08JA013,2015-08-29,32.400001525878906,
08JA013,2015-09-29,32.20000076293945,
08JA013,2015-10-29,34.400001525878906,
08JA013,2015-11-29,30.600000381469727,
08JA013,2015-12-29,30.100000381469727,
08JA013,2016-01-29,29.5,
08JA013,2016-02-29,29.0,
08JA013,2016-03-29,29.600000381469727,
08JA013,2016-04-29,50.0,
08JA013,2016-05-29,49.59999847412109,
08JA013,2016-06-29,49.5,
08JA013,2016-07-29,142.0,
08JA013,2016-08-29,14.300000190734863,
08JA013,2016-09-29,32.099998474121094,
08JA013,2016-10-29,31.899999618530277,
08JA013,2016-11-29,31.600000381469727,
08JA013,2016-12-29,31.299999237060547,
08JA013,2017-01-29,30.899999618530277,
08JA013,2017-03-29,32.099998474121094,
08JA013,2017-04-29,48.70000076293945,
08JA013,2017-05-29,201.0,
08JA013,2017-06-29,155.0,
08JA013,2017-07-29,169.0,
08JA013,2017-08-29,14.600000381469728,
08JA013,2017-09-29,32.70000076293945,
08JA013,2017-10-29,300.0,
08JA013,2017-11-29,79.9000015258789,
08JA013,2017-12-29,78.4000015258789,
08JA013,2018-01-29,36.0,
08JA013,2018-03-29,64.4000015258789,
08JA013,2018-04-29,151.0,
08JA013,2018-05-29,252.0,
08JA013,2018-06-29,95.0999984741211,
08JA013,2018-07-29,281.0,
08JA013,2018-08-29,26.799999237060547,
08JA013,2018-09-29,28.299999237060547,
08JA013,2018-10-29,27.700000762939453,
08JA013,2018-11-29,32.70000076293945,
08JA013,2018-12-29,32.20000076293945,
08JA013,2019-01-29,31.600000381469727,
08JA013,2019-03-29,32.0,
08JA013,2019-04-29,49.5,
08JA013,2019-05-29,47.900001525878906,
08JA013,2019-06-29,48.59999847412109,
08JA013,2019-07-29,171.0,
08JA013,2019-08-29,32.099998474121094,
08JA013,2019-09-29,31.700000762939453,
08JA013,2019-10-29,31.799999237060547,
08JA013,2019-11-29,32.0,
08JA013,2019-12-29,31.799999237060547,
08JA013,2020-01-29,31.700000762939453,
08JA013,2020-02-29,33.400001525878906,
08JA013,2020-03-29,34.5,
08JA013,2020-04-29,49.20000076293945,
08JA013,2020-05-29,49.59999847412109,
08JA013,2020-06-29,48.400001525878906,
08JA013,2020-07-29,284.0,
08JA013,2020-08-29,26.700000762939453,
08JA013,2020-09-29,32.29999923706055,
08JA013,2020-10-29,152.0,
08JA013,2020-11-29,70.69999694824219,
08JA013,2020-12-29,84.69999694824219,
08JA013,2021-01-29,84.19999694824219,
08JA013,2021-03-29,99.0,
08JA013,2021-04-29,200.0,
08JA013,2021-05-29,275.0,
08JA013,2021-06-29,276.0,
08JA013,2021-07-29,282.0,
08JA013,2021-08-29,79.4000015258789,
08JA013,2021-09-29,80.0,
08JA013,2021-10-29,148.0,
08JA013,2021-11-29,40.29999923706055,
08JA013,2021-12-29,40.09999847412109,
08JA013,2022-01-29,39.79999923706055,
08JA013,2022-03-29,41.400001525878906,
08JA013,2022-04-29,41.400001525878906,
08JA013,2022-05-29,192.0,
08JA013,2022-06-29,323.0,
08JA013,2022-07-29,299.0,
08JA013,2022-08-29,59.0,
08JA013,2022-09-29,60.70000076293945,
08JA013,2022-10-29,59.70000076293945,
08JA013,2022-11-29,33.900001525878906,
08JA013,2022-12-29,33.29999923706055,
08JA013,2023-01-29,32.70000076293945,
08JA013,2023-03-29,33.70000076293945,
08JA013,2023-04-29,33.099998474121094,
08JA013,2023-05-29,66.80000305175781,
08JA013,2023-06-29,50.79999923706055,
08JA013,2023-07-29,169.0,
08JA013,2023-08-29,14.199999809265137,
08JA013,2023-09-29,32.70000076293945,
08JA013,2023-10-29,32.70000076293945,
08JA013,2023-11-29,32.29999923706055,
08JA013,2023-12-29,32.0,
08JA013,2024-01-29,33.29999923706055,
08JA013,2024-02-29,32.79999923706055,
08JA013,2024-03-29,32.20000076293945,
08JA013,2024-04-29,31.899999618530277,
08JA013,2024-05-29,50.400001525878906,
08JA013,2024-06-29,49.29999923706055,
08JA013,2024-07-29,170.0,
08JA013,2024-08-29,14.0,
08JA013,2024-09-29,32.099998474121094,
08JA013,2024-10-29,32.20000076293945,
08JA013,2024-11-29,32.099998474121094,
08JA013,2024-12-29,32.099998474121094,
08JA013,2025-01-29,31.899999618530277,
08JA013,2025-03-29,30.899999618530277,
08JA013,2025-04-29,31.0,
08JA013,2025-05-29,93.4000015258789,
08JA013,2025-06-29,32.900001525878906,
08JA013,2025-07-29,278.0,
08JA013,2025-08-29,19.299999237060547,
08JA013,2025-09-29,31.399999618530277,
08JA013,2025-10-29,31.200000762939453,
08JA013,2025-11-29,31.600000381469727,
08JA013,2025-12-29,32.099998474121094,
08JA013,1955-06-30,,
08JA013,1955-11-30,,
08JA013,1956-01-30,2.8299999237060547,
08JA013,1956-03-30,5.659999847412109,
08JA013,1956-04-30,5.659999847412109,
08JA013,1956-05-30,0.0,
08JA013,1956-06-30,0.0,
08JA013,1956-07-30,5.659999847412109,
08JA013,1956-08-30,0.0,
08JA013,1956-09-30,0.0,
08JA013,1956-10-30,0.0,
08JA013,1956-11-30,0.0,
08JA013,1956-12-30,28.299999237060547,
08JA013,1957-01-30,142.0,
08JA013,1957-03-30,0.0,
08JA013,1957-04-30,173.0,
08JA013,1957-05-30,99.0999984741211,
08JA013,1957-06-30,0.0,
08JA013,1957-07-30,0.0,
08JA013,1957-08-30,151.0,
08JA013,1957-09-30,68.0,
08JA013,1957-10-30,155.0,
08JA013,1957-11-30,200.0,
08JA013,1957-12-30,227.0,
08JA013,1958-01-30,326.0,
08JA013,1958-03-30,331.0,
08JA013,1958-04-30,382.0,
08JA013,1958-05-30,0.0,
08JA013,1958-06-30,303.0,
08JA013,1958-07-30,300.0,
08JA013,1958-08-30,294.0,
08JA013,1958-09-30,343.0,
08JA013,1958-10-30,326.0,
08JA013,1958-11-30,306.0,
08JA013,1958-12-30,126.0,
08JA013,1959-01-30,124.0,
08JA013,1959-03-30,63.400001525878906,
08JA013,1959-04-30,63.400001525878906,
08JA013,1959-05-30,116.0,
08JA013,1959-06-30,0.0,
08JA013,1959-07-30,309.0,
08JA013,1959-08-30,328.0,
08JA013,1959-09-30,371.0,
08JA013,1959-10-30,399.0,
08JA013,1959-11-30,193.0,
08JA013,1959-12-30,274.0,
08JA013,1960-01-30,68.5,
08JA013,1960-03-30,176.0,
08JA013,1960-04-30,269.0,
08JA013,1960-05-30,374.0,
08JA013,1960-06-30,0.0,
08JA013,1960-07-30,174.0,
08JA013,1960-08-30,265.0,
08JA013,1960-09-30,264.0,
08JA013,1960-10-30,189.0,
08JA013,1960-11-30,184.0,
08JA013,1960-12-30,60.0,
08JA013,1961-01-30,29.700000762939453,
08JA013,1961-03-30,42.5,
08JA013,1961-04-30,84.4000015258789,
08JA013,1961-05-30,116.0,
08JA013,1961-06-30,365.0,
08JA013,1961-07-30,362.0,
08JA013,1961-08-30,507.0,
08JA013,1961-09-30,481.0,
08JA013,1961-10-30,29.200000762939453,
08JA013,1961-11-30,30.600000381469727,
08JA013,1961-12-30,29.700000762939453,
08JA013,1962-01-30,30.0,
08JA013,1962-03-30,30.600000381469727,
08JA013,1962-04-30,30.600000381469727,
08JA013,1962-05-30,188.0,
08JA013,1962-06-30,201.0,
08JA013,1962-07-30,467.0,
08JA013,1962-08-30,231.0,
08JA013,1962-09-30,227.0,
08JA013,1962-10-30,222.0,
08JA013,1962-11-30,116.0,
08JA013,1962-12-30,46.400001525878906,
08JA013,1963-01-30,46.70000076293945,
08JA013,1963-03-30,46.400001525878906,
08JA013,1963-04-30,46.20000076293945,
08JA013,1963-05-30,337.0,
08JA013,1963-06-30,337.0,
08JA013,1963-07-30,201.0,
08JA013,1963-08-30,198.0,
08JA013,1963-09-30,194.0,
08JA013,1963-10-30,193.0,
08JA013,1963-11-30,42.5,
08JA013,1963-12-30,42.20000076293945,
08JA013,1964-01-30,42.79999923706055,
08JA013,1964-03-30,42.5,
08JA013,1964-04-30,337.0,
08JA013,1964-05-30,242.0,
08JA013,1964-06-30,416.0,
08JA013,1964-07-30,199.0,
08JA013,1964-08-30,201.0,
08JA013,1964-09-30,197.0,
08JA013,1964-10-30,197.0,
08JA013,1964-11-30,71.5999984741211,
08JA013,1964-12-30,70.80000305175781,
08JA013,1965-01-30,69.9000015258789,
08JA013,1965-03-30,68.0,
08JA013,1965-04-30,67.0999984741211,
08JA013,1965-05-30,200.0,
08JA013,1965-06-30,202.0,
08JA013,1965-07-30,138.0,
08JA013,1965-08-30,200.0,
08JA013,1965-09-30,87.19999694824219,
08JA013,1965-10-30,88.9000015258789,
08JA013,1965-11-30,45.900001525878906,
08JA013,1965-12-30,46.20000076293945,
08JA013,1966-01-30,46.20000076293945,
08JA013,1966-03-30,45.29999923706055,
08JA013,1966-04-30,45.29999923706055,
08JA013,1966-05-30,225.0,
08JA013,1966-06-30,234.0,
08JA013,1966-07-30,263.0,
08JA013,1966-08-30,252.0,
08JA013,1966-09-30,331.0,
08JA013,1966-10-30,228.0,
08JA013,1966-11-30,88.30000305175781,
08JA013,1966-12-30,88.0999984741211,
08JA013,1967-01-30,87.19999694824219,
08JA013,1967-03-30,84.4000015258789,
08JA013,1967-04-30,326.0,
08JA013,1967-05-30,269.0,
08JA013,1967-06-30,174.0,
08JA013,1967-07-30,262.0,
08JA013,1967-08-30,183.0,
08JA013,1967-09-30,25.5,
08JA013,1967-10-30,149.0,
08JA013,1967-11-30,94.9000015258789,
08JA013,1967-12-30,60.29999923706055,
08JA013,1968-01-30,60.29999923706055,
08JA013,1968-03-30,60.29999923706055,
08JA013,1968-04-30,59.70000076293945,
08JA013,1968-05-30,283.0,
08JA013,1968-06-30,129.0,
08JA013,1968-07-30,245.0,
08JA013,1968-08-30,191.0,
08JA013,1968-09-30,239.0,
08JA013,1968-10-30,236.0,
08JA013,1968-11-30,92.0,
08JA013,1968-12-30,90.5999984741211,
08JA013,1969-01-30,89.19999694824219,
08JA013,1969-03-30,84.69999694824219,
08JA013,1969-04-30,83.5,
08JA013,1969-05-30,87.5,
08JA013,1969-06-30,129.0,
08JA013,1969-07-30,34.79999923706055,
08JA013,1969-08-30,158.0,
08JA013,1969-09-30,155.0,
08JA013,1969-10-30,152.0,
08JA013,1969-11-30,75.9000015258789,
08JA013,1969-12-30,75.9000015258789,
08JA013,1970-01-30,74.5,
08JA013,1970-03-30,71.4000015258789,
08JA013,1970-04-30,44.5,
08JA013,1970-05-30,45.29999923706055,
08JA013,1970-06-30,47.59999847412109,
08JA013,1970-07-30,48.70000076293945,
08JA013,1970-08-30,90.9000015258789,
08JA013,1970-09-30,117.0,
08JA013,1970-10-30,116.0,
08JA013,1970-11-30,60.900001525878906,
08JA013,1970-12-30,60.0,
08JA013,1971-01-30,59.20000076293945,
08JA013,1971-03-30,57.20000076293945,
08JA013,1971-04-30,54.900001525878906,
08JA013,1971-05-30,57.5,
08JA013,1971-06-30,62.59999847412109,
08JA013,1971-07-30,123.0,
08JA013,1971-08-30,173.0,
08JA013,1971-09-30,170.0,
08JA013,1971-10-30,208.0,
08JA013,1971-11-30,75.9000015258789,
08JA013,1971-12-30,75.0,
08JA013,1972-01-30,73.5999984741211,
08JA013,1972-03-30,71.0999984741211,
08JA013,1972-04-30,340.0,
08JA013,1972-05-30,0.0,
08JA013,1972-06-30,419.0,
08JA013,1972-07-30,425.0,
08JA013,1972-08-30,208.0,
08JA013,1972-09-30,221.0,
08JA013,1972-10-30,0.0,
08JA013,1972-11-30,73.30000305175781,
08JA013,1972-12-30,71.9000015258789,
08JA013,1973-01-30,70.80000305175781,
08JA013,1973-03-30,67.4000015258789,
08JA013,1973-04-30,66.0,
08JA013,1973-05-30,44.20000076293945,
08JA013,1973-06-30,174.0,
08JA013,1973-07-30,122.0,
08JA013,1973-08-30,49.29999923706055,
08JA013,1973-09-30,33.70000076293945,
08JA013,1973-10-30,33.70000076293945,
08JA013,1973-11-30,49.59999847412109,
08JA013,1973-12-30,49.0,
08JA013,1974-01-30,48.09999847412109,
08JA013,1974-03-30,138.0,
08JA013,1974-04-30,247.0,
08JA013,1974-05-30,0.0,
08JA013,1974-06-30,0.0,
08JA013,1974-07-30,228.0,
08JA013,1974-08-30,15.600000381469728,
08JA013,1974-09-30,25.200000762939453,
08JA013,1974-10-30,200.0,
08JA013,1974-11-30,76.5,
08JA013,1974-12-30,71.9000015258789,
08JA013,1975-01-30,75.30000305175781,
08JA013,1975-03-30,72.80000305175781,
08JA013,1975-04-30,71.4000015258789,
08JA013,1975-05-30,89.80000305175781,
08JA013,1975-06-30,95.6999969482422,
08JA013,1975-07-30,91.5,
08JA013,1975-08-30,198.0,
08JA013,1975-09-30,232.0,
08JA013,1975-10-30,225.0,
08JA013,1975-11-30,86.69999694824219,
08JA013,1975-12-30,86.0999984741211,
08JA013,1976-01-30,85.5,
08JA013,1976-03-30,139.0,
08JA013,1976-04-30,402.0,
08JA013,1976-05-30,391.0,
08JA013,1976-06-30,377.0,
08JA013,1976-07-30,439.0,
08JA013,1976-08-30,433.0,
08JA013,1976-09-30,226.0,
08JA013,1976-10-30,282.0,
08JA013,1976-11-30,177.0,
08JA013,1976-12-30,175.0,
08JA013,1977-01-30,171.0,
08JA013,1977-03-30,168.0,
08JA013,1977-04-30,0.0,
08JA013,1977-05-30,0.0,
08JA013,1977-06-30,225.0,
08JA013,1977-07-30,226.0,
08JA013,1977-08-30,121.0,
08JA013,1977-09-30,52.400001525878906,
08JA013,1977-10-30,52.09999847412109,
08JA013,1977-11-30,51.5,
08JA013,1977-12-30,51.0,
08JA013,1978-01-30,50.09999847412109,
08JA013,1978-03-30,52.400001525878906,
08JA013,1978-04-30,51.0,
08JA013,1978-05-30,37.400001525878906,
08JA013,1978-06-30,39.59999847412109,
08JA013,1978-07-30,36.5,
08JA013,1978-08-30,34.29999923706055,
08JA013,1978-09-30,33.70000076293945,
08JA013,1978-10-30,33.099998474121094,
08JA013,1978-11-30,36.5,
08JA013,1978-12-30,33.400001525878906,
08JA013,1979-01-30,32.400001525878906,
08JA013,1979-03-30,30.299999237060547,
08JA013,1979-04-30,29.700000762939453,
08JA013,1979-05-30,32.900001525878906,
08JA013,1979-06-30,34.099998474121094,
08JA013,1979-07-30,116.0,
08JA013,1979-08-30,33.79999923706055,
08JA013,1979-09-30,33.400001525878906,
08JA013,1979-10-30,33.099998474121094,
08JA013,1979-11-30,12.699999809265137,
08JA013,1979-12-30,12.300000190734863,
08JA013,1980-01-30,14.699999809265137,
08JA013,1980-03-30,15.0,
08JA013,1980-04-30,15.0,
08JA013,1980-05-30,15.600000381469728,
08JA013,1980-06-30,24.399999618530277,
08JA013,1980-07-30,17.0,
08JA013,1980-08-30,14.199999809265137,
08JA013,1980-09-30,32.29999923706055,
08JA013,1980-10-30,32.400001525878906,
08JA013,1980-11-30,32.400001525878906,
08JA013,1980-12-30,33.0,
08JA013,1981-01-30,33.0,
08JA013,1981-03-30,32.599998474121094,
08JA013,1981-04-30,56.79999923706055,
08JA013,1981-05-30,59.29999923706055,
08JA013,1981-06-30,62.29999923706055,
08JA013,1981-07-30,255.0,
08JA013,1981-08-30,15.899999618530272,
08JA013,1981-09-30,26.899999618530277,
08JA013,1981-10-30,29.700000762939453,
08JA013,1981-11-30,32.5,
08JA013,1981-12-30,32.400001525878906,
08JA013,1982-01-30,32.0,
08JA013,1982-03-30,56.59999847412109,
08JA013,1982-04-30,54.900001525878906,
08JA013,1982-05-30,41.29999923706055,
08JA013,1982-06-30,59.20000076293945,
08JA013,1982-07-30,453.0,
08JA013,1982-08-30,14.100000381469728,
08JA013,1982-09-30,31.100000381469727,
08JA013,1982-10-30,31.100000381469727,
08JA013,1982-11-30,31.100000381469727,
08JA013,1982-12-30,31.100000381469727,
08JA013,1983-01-30,31.100000381469727,
08JA013,1983-03-30,41.900001525878906,
08JA013,1983-04-30,49.59999847412109,
08JA013,1983-05-30,49.59999847412109,
08JA013,1983-06-30,57.20000076293945,
08JA013,1983-07-30,255.0,
08JA013,1983-08-30,5.699999809265137,
08JA013,1983-09-30,31.100000381469727,
08JA013,1983-10-30,31.200000762939453,
08JA013,1983-11-30,31.100000381469727,
08JA013,1983-12-30,30.700000762939453,
08JA013,1984-01-30,30.600000381469727,
08JA013,1984-03-30,54.400001525878906,
08JA013,1984-04-30,53.400001525878906,
08JA013,1984-05-30,55.09999847412109,
08JA013,1984-06-30,55.09999847412109,
08JA013,1984-07-30,159.0,
08JA013,1984-08-30,14.199999809265137,
08JA013,1984-09-30,30.899999618530277,
08JA013,1984-10-30,31.299999237060547,
08JA013,1984-11-30,31.100000381469727,
08JA013,1984-12-30,31.0,
08JA013,1985-01-30,30.600000381469727,
08JA013,1985-03-30,30.200000762939453,
08JA013,1985-04-30,57.900001525878906,
08JA013,1985-05-30,56.0,
08JA013,1985-06-30,59.70000076293945,
08JA013,1985-07-30,278.0,
08JA013,1985-08-30,63.09999847412109,
08JA013,1985-09-30,63.0,
08JA013,1985-10-30,60.0,
08JA013,1985-11-30,33.099998474121094,
08JA013,1985-12-30,34.099998474121094,
08JA013,1986-01-30,33.400001525878906,
08JA013,1986-03-30,32.29999923706055,
08JA013,1986-04-30,42.5,
08JA013,1986-05-30,44.900001525878906,
08JA013,1986-06-30,54.79999923706055,
08JA013,1986-07-30,161.0,
08JA013,1986-08-30,14.199999809265137,
08JA013,1986-09-30,28.299999237060547,
08JA013,1986-10-30,14.199999809265137,
08JA013,1986-11-30,32.79999923706055,
08JA013,1986-12-30,36.09999847412109,
08JA013,1987-01-30,35.70000076293945,
08JA013,1987-03-30,34.0,
08JA013,1987-04-30,57.79999923706055,
08JA013,1987-05-30,55.5,
08JA013,1987-06-30,56.59999847412109,
08JA013,1987-07-30,218.0,
08JA013,1987-08-30,56.59999847412109,
08JA013,1987-09-30,56.59999847412109,
08JA013,1987-10-30,31.100000381469727,
08JA013,1987-11-30,34.0,
08JA013,1987-12-30,35.099998474121094,
08JA013,1988-01-30,33.599998474121094,
08JA013,1988-03-30,31.899999618530277,
08JA013,1988-04-30,54.70000076293945,
08JA013,1988-05-30,47.5,
08JA013,1988-06-30,48.29999923706055,
08JA013,1988-07-30,170.0,
08JA013,1988-08-30,29.899999618530277,
08JA013,1988-09-30,30.0,
08JA013,1988-10-30,30.100000381469727,
08JA013,1988-11-30,30.899999618530277,
08JA013,1988-12-30,30.5,
08JA013,1989-01-30,30.299999237060547,
08JA013,1989-03-30,29.200000762939453,
08JA013,1989-04-30,48.09999847412109,
08JA013,1989-05-30,48.09999847412109,
08JA013,1989-06-30,48.59999847412109,
08JA013,1989-07-30,307.0,
08JA013,1989-08-30,32.599998474121094,
08JA013,1989-09-30,32.599998474121094,
08JA013,1989-10-30,32.599998474121094,
08JA013,1989-11-30,35.099998474121094,
08JA013,1989-12-30,35.29999923706055,
08JA013,1990-01-30,35.099998474121094,
08JA013,1990-03-30,33.79999923706055,
08JA013,1990-04-30,250.0,
08JA013,1990-05-30,49.79999923706055,
08JA013,1990-06-30,49.59999847412109,
08JA013,1990-07-30,282.0,
08JA013,1990-08-30,14.199999809265137,
08JA013,1990-09-30,30.600000381469727,
08JA013,1990-10-30,33.29999923706055,
08JA013,1990-11-30,33.099998474121094,
08JA013,1990-12-30,32.79999923706055,
08JA013,1991-01-30,32.0,
08JA013,1991-03-30,85.0999984741211,
08JA013,1991-04-30,66.5999984741211,
08JA013,1991-05-30,49.0,
08JA013,1991-06-30,50.400001525878906,
08JA013,1991-07-30,170.0,
08JA013,1991-08-30,14.199999809265137,
08JA013,1991-09-30,30.799999237060547,
08JA013,1991-10-30,32.70000076293945,
08JA013,1991-11-30,32.599998474121094,
08JA013,1991-12-30,32.20000076293945,
08JA013,1992-01-30,31.700000762939453,
08JA013,1992-03-30,31.399999618530277,
08JA013,1992-04-30,49.0,
08JA013,1992-05-30,49.900001525878906,
08JA013,1992-06-30,113.0,
08JA013,1992-07-30,275.0,
08JA013,1992-08-30,14.199999809265137,
08JA013,1992-09-30,32.599998474121094,
08JA013,1992-10-30,33.400001525878906,
08JA013,1992-11-30,33.400001525878906,
08JA013,1992-12-30,32.79999923706055,
08JA013,1993-01-30,32.20000076293945,
08JA013,1993-03-30,33.099998474121094,
08JA013,1993-04-30,49.29999923706055,
08JA013,1993-05-30,49.70000076293945,
08JA013,1993-06-30,49.0,
08JA013,1993-07-30,161.0,
08JA013,1993-08-30,14.199999809265137,
08JA013,1993-09-30,31.899999618530277,
08JA013,1993-10-30,32.400001525878906,
08JA013,1993-11-30,33.599998474121094,
08JA013,1993-12-30,33.20000076293945,
08JA013,1994-01-30,32.79999923706055,
08JA013,1994-03-30,31.899999618530277,
08JA013,1994-04-30,49.20000076293945,
08JA013,1994-05-30,49.70000076293945,
08JA013,1994-06-30,48.70000076293945,
08JA013,1994-07-30,425.0,
08JA013,1994-08-30,9.399999618530272,
08JA013,1994-09-30,31.299999237060547,
08JA013,1994-10-30,31.200000762939453,
08JA013,1994-11-30,41.5,
08JA013,1994-12-30,36.900001525878906,
08JA013,1995-01-30,36.0,
08JA013,1995-03-30,41.09999847412109,
08JA013,1995-04-30,58.79999923706055,
08JA013,1995-05-30,49.5,
08JA013,1995-06-30,58.79999923706055,
08JA013,1995-07-30,170.0,
08JA013,1995-08-30,14.399999618530272,
08JA013,1995-09-30,27.399999618530277,
08JA013,1995-10-30,32.29999923706055,
08JA013,1995-11-30,34.70000076293945,
08JA013,1995-12-30,34.099998474121094,
08JA013,1996-01-30,34.0,
08JA013,1996-03-30,32.900001525878906,
08JA013,1996-04-30,49.900001525878906,
08JA013,1996-05-30,52.400001525878906,
08JA013,1996-06-30,227.0,
08JA013,1996-07-30,90.9000015258789,
08JA013,1996-08-30,15.100000381469728,
08JA013,1996-09-30,113.0,
08JA013,1996-10-30,228.0,
08JA013,1996-11-30,60.70000076293945,
08JA013,1996-12-30,59.79999923706055,
08JA013,1997-01-30,58.79999923706055,
08JA013,1997-03-30,56.70000076293945,
08JA013,1997-04-30,56.79999923706055,
08JA013,1997-05-30,199.0,
08JA013,1997-06-30,342.0,
08JA013,1997-07-30,336.0,
08JA013,1997-08-30,42.29999923706055,
08JA013,1997-09-30,85.80000305175781,
08JA013,1997-10-30,57.29999923706055,
08JA013,1997-11-30,56.70000076293945,
08JA013,1997-12-30,55.900001525878906,
08JA013,1998-01-30,54.70000076293945,
08JA013,1998-03-30,51.79999923706055,
08JA013,1998-04-30,50.79999923706055,
08JA013,1998-05-30,54.79999923706055,
08JA013,1998-06-30,49.400001525878906,
08JA013,1998-07-30,280.0,
08JA013,1998-08-30,14.699999809265137,
08JA013,1998-09-30,30.0,
08JA013,1998-10-30,30.0,
08JA013,1998-11-30,30.5,
08JA013,1998-12-30,30.0,
08JA013,1999-01-30,29.600000381469727,
08JA013,1999-03-30,29.600000381469727,
08JA013,1999-04-30,49.09999847412109,
08JA013,1999-05-30,49.09999847412109,
08JA013,1999-06-30,48.900001525878906,
08JA013,1999-07-30,170.0,
08JA013,1999-08-30,15.300000190734863,
08JA013,1999-09-30,32.79999923706055,
08JA013,1999-10-30,33.5,
08JA013,1999-11-30,32.900001525878906,
08JA013,1999-12-30,32.400001525878906,
08JA013,2000-01-30,32.599998474121094,
08JA013,2000-03-30,32.70000076293945,
08JA013,2000-04-30,49.09999847412109,
08JA013,2000-05-30,49.59999847412109,
08JA013,2000-06-30,49.09999847412109,
08JA013,2000-07-30,40.20000076293945,
08JA013,2000-08-30,19.100000381469727,
08JA013,2000-09-30,32.79999923706055,
08JA013,2000-10-30,32.900001525878906,
08JA013,2000-11-30,32.0,
08JA013,2000-12-30,32.5,
08JA013,2001-01-30,32.20000076293945,
08JA013,2001-03-30,33.0,
08JA013,2001-04-30,52.5,
08JA013,2001-05-30,53.09999847412109,
08JA013,2001-06-30,52.79999923706055,
08JA013,2001-07-30,170.0,
08JA013,2001-08-30,14.199999809265137,
08JA013,2001-09-30,30.0,
08JA013,2001-10-30,30.0,
08JA013,2001-11-30,30.0,
08JA013,2001-12-30,31.799999237060547,
08JA013,2002-01-30,31.399999618530277,
08JA013,2002-03-30,30.399999618530277,
08JA013,2002-04-30,53.400001525878906,
08JA013,2002-05-30,54.20000076293945,
08JA013,2002-06-30,54.59999847412109,
08JA013,2002-07-30,227.0,
08JA013,2002-08-30,14.800000190734863,
08JA013,2002-09-30,30.0,
08JA013,2002-10-30,85.0,
08JA013,2002-11-30,55.29999923706055,
08JA013,2002-12-30,55.0,
08JA013,2003-01-30,31.299999237060547,
08JA013,2003-03-30,30.200000762939453,
08JA013,2003-04-30,50.0,
08JA013,2003-05-30,49.5,
08JA013,2003-06-30,49.29999923706055,
08JA013,2003-07-30,14.600000381469728,
08JA013,2003-08-30,14.300000190734863,
08JA013,2003-09-30,33.0,
08JA013,2003-10-30,33.0,
08JA013,2003-11-30,32.70000076293945,
08JA013,2003-12-30,33.099998474121094,
08JA013,2004-01-30,32.5,
08JA013,2004-03-30,33.099998474121094,
08JA013,2004-04-30,53.20000076293945,
08JA013,2004-05-30,53.59999847412109,
08JA013,2004-06-30,52.09999847412109,
08JA013,2004-07-30,297.0,
08JA013,2004-08-30,19.200000762939453,
08JA013,2004-09-30,29.5,
08JA013,2004-10-30,29.899999618530277,
08JA013,2004-11-30,30.899999618530277,
08JA013,2004-12-30,31.200000762939453,
08JA013,2005-01-30,31.100000381469727,
08JA013,2005-03-30,44.70000076293945,
08JA013,2005-04-30,213.0,
08JA013,2005-05-30,146.0,
08JA013,2005-06-30,210.0,
08JA013,2005-07-30,171.0,
08JA013,2005-08-30,14.899999618530272,
08JA013,2005-09-30,32.20000076293945,
08JA013,2005-10-30,126.0,
08JA013,2005-11-30,86.4000015258789,
08JA013,2005-12-30,85.5,
08JA013,2006-01-30,55.09999847412109,
08JA013,2006-03-30,32.20000076293945,
08JA013,2006-04-30,49.5,
08JA013,2006-05-30,49.400001525878906,
08JA013,2006-06-30,49.400001525878906,
08JA013,2006-07-30,172.0,
08JA013,2006-08-30,14.199999809265137,
08JA013,2006-09-30,32.5,
08JA013,2006-10-30,33.20000076293945,
08JA013,2006-11-30,33.20000076293945,
08JA013,2006-12-30,33.20000076293945,
08JA013,2007-01-30,33.0,
08JA013,2007-03-30,42.20000076293945,
08JA013,2007-04-30,143.0,
08JA013,2007-05-30,112.0,
08JA013,2007-06-30,467.0,
08JA013,2007-07-30,582.0,
08JA013,2007-08-30,15.0,
08JA013,2007-09-30,64.30000305175781,
08JA013,2007-10-30,249.0,
08JA013,2007-11-30,84.30000305175781,
08JA013,2007-12-30,83.0999984741211,
08JA013,2008-01-30,81.19999694824219,
08JA013,2008-03-30,33.099998474121094,
08JA013,2008-04-30,32.400001525878906,
08JA013,2008-05-30,49.79999923706055,
08JA013,2008-06-30,49.70000076293945,
08JA013,2008-07-30,169.0,
08JA013,2008-08-30,14.699999809265137,
08JA013,2008-09-30,32.79999923706055,
08JA013,2008-10-30,33.5,
08JA013,2008-11-30,33.400001525878906,
08JA013,2008-12-30,35.29999923706055,
08JA013,2009-01-30,34.79999923706055,
08JA013,2009-03-30,33.400001525878906,
08JA013,2009-04-30,33.0,
08JA013,2009-05-30,50.900001525878906,
08JA013,2009-06-30,49.29999923706055,
08JA013,2009-07-30,279.0,
08JA013,2009-08-30,14.399999618530272,
08JA013,2009-09-30,32.099998474121094,
08JA013,2009-10-30,33.70000076293945,
08JA013,2009-11-30,34.0,
08JA013,2009-12-30,33.5,
08JA013,2010-01-30,33.0,
08JA013,2010-03-30,31.600000381469727,
08JA013,2010-04-30,49.0,
08JA013,2010-05-30,50.79999923706055,
08JA013,2010-06-30,50.400001525878906,
08JA013,2010-07-30,283.0,
08JA013,2010-08-30,14.699999809265137,
08JA013,2010-09-30,33.099998474121094,
08JA013,2010-10-30,34.29999923706055,
08JA013,2010-11-30,74.5,
08JA013,2010-12-30,34.0,
08JA013,2011-01-30,33.599998474121094,
08JA013,2011-03-30,32.599998474121094,
08JA013,2011-04-30,32.0,
08JA013,2011-05-30,50.5,
08JA013,2011-06-30,317.0,
08JA013,2011-07-30,326.0,
08JA013,2011-08-30,14.800000190734863,
08JA013,2011-09-30,511.0,
08JA013,2011-10-30,32.0,
08JA013,2011-11-30,59.79999923706055,
08JA013,2011-12-30,59.400001525878906,
08JA013,2012-01-30,79.69999694824219,
08JA013,2012-03-30,120.0,
08JA013,2012-04-30,200.0,
08JA013,2012-05-30,228.0,
08JA013,2012-06-30,246.0,
08JA013,2012-07-30,293.0,
08JA013,2012-08-30,33.0,
08JA013,2012-09-30,63.900001525878906,
08JA013,2012-10-30,63.09999847412109,
08JA013,2012-11-30,39.0,
08JA013,2012-12-30,38.20000076293945,
08JA013,2013-01-30,31.299999237060547,
08JA013,2013-03-30,29.899999618530277,
08JA013,2013-04-30,49.400001525878906,
08JA013,2013-05-30,49.70000076293945,
08JA013,2013-06-30,49.20000076293945,
08JA013,2013-07-30,282.0,
08JA013,2013-08-30,14.100000381469728,
08JA013,2013-09-30,31.399999618530277,
08JA013,2013-10-30,33.099998474121094,
08JA013,2013-11-30,34.29999923706055,
08JA013,2013-12-30,33.70000076293945,
08JA013,2014-01-30,33.20000076293945,
08JA013,2014-03-30,34.70000076293945,
08JA013,2014-04-30,49.09999847412109,
08JA013,2014-05-30,49.09999847412109,
08JA013,2014-06-30,48.900001525878906,
08JA013,2014-07-30,276.0,
08JA013,2014-08-30,15.399999618530272,
08JA013,2014-09-30,31.399999618530277,
08JA013,2014-10-30,33.79999923706055,
08JA013,2014-11-30,34.29999923706055,
08JA013,2014-12-30,34.29999923706055,
08JA013,2015-01-30,30.299999237060547,
08JA013,2015-03-30,60.400001525878906,
08JA013,2015-04-30,277.0,
08JA013,2015-05-30,502.0,
08JA013,2015-06-30,321.0,
08JA013,2015-07-30,180.0,
08JA013,2015-08-30,32.400001525878906,
08JA013,2015-09-30,32.20000076293945,
08JA013,2015-10-30,34.400001525878906,
08JA013,2015-11-30,30.600000381469727,
08JA013,2015-12-30,30.100000381469727,
08JA013,2016-01-30,29.5,
08JA013,2016-03-30,29.600000381469727,
08JA013,2016-04-30,50.0,
08JA013,2016-05-30,49.59999847412109,
08JA013,2016-06-30,48.900001525878906,
08JA013,2016-07-30,451.0,
08JA013,2016-08-30,14.300000190734863,
08JA013,2016-09-30,32.099998474121094,
08JA013,2016-10-30,31.899999618530277,
08JA013,2016-11-30,31.600000381469727,
08JA013,2016-12-30,31.299999237060547,
08JA013,2017-01-30,30.899999618530277,
08JA013,2017-03-30,32.099998474121094,
08JA013,2017-04-30,48.70000076293945,
08JA013,2017-05-30,202.0,
08JA013,2017-06-30,153.0,
08JA013,2017-07-30,252.0,
08JA013,2017-08-30,14.600000381469728,
08JA013,2017-09-30,32.599998474121094,
08JA013,2017-10-30,300.0,
08JA013,2017-11-30,79.9000015258789,
08JA013,2017-12-30,78.4000015258789,
08JA013,2018-01-30,36.0,
08JA013,2018-03-30,64.4000015258789,
08JA013,2018-04-30,110.0,
08JA013,2018-05-30,196.0,
08JA013,2018-06-30,83.5,
08JA013,2018-07-30,203.0,
08JA013,2018-08-30,26.700000762939453,
08JA013,2018-09-30,28.299999237060547,
08JA013,2018-10-30,27.700000762939453,
08JA013,2018-11-30,32.599998474121094,
08JA013,2018-12-30,32.20000076293945,
08JA013,2019-01-30,31.600000381469727,
08JA013,2019-03-30,32.0,
08JA013,2019-04-30,49.5,
08JA013,2019-05-30,48.0,
08JA013,2019-06-30,48.59999847412109,
08JA013,2019-07-30,171.0,
08JA013,2019-08-30,32.099998474121094,
08JA013,2019-09-30,31.700000762939453,
08JA013,2019-10-30,31.799999237060547,
08JA013,2019-11-30,32.0,
08JA013,2019-12-30,31.899999618530277,
08JA013,2020-01-30,31.700000762939453,
08JA013,2020-03-30,34.5,
08JA013,2020-04-30,49.400001525878906,
08JA013,2020-05-30,49.79999923706055,
08JA013,2020-06-30,48.09999847412109,
08JA013,2020-07-30,283.0,
08JA013,2020-08-30,32.5,
08JA013,2020-09-30,32.29999923706055,
08JA013,2020-10-30,152.0,
08JA013,2020-11-30,70.69999694824219,
08JA013,2020-12-30,84.5999984741211,
08JA013,2021-01-30,84.19999694824219,
08JA013,2021-03-30,99.5999984741211,
08JA013,2021-04-30,200.0,
08JA013,2021-05-30,275.0,
08JA013,2021-06-30,277.0,
08JA013,2021-07-30,282.0,
08JA013,2021-08-30,79.30000305175781,
08JA013,2021-09-30,80.19999694824219,
08JA013,2021-10-30,132.0,
08JA013,2021-11-30,40.29999923706055,
08JA013,2021-12-30,40.09999847412109,
08JA013,2022-01-30,39.79999923706055,
08JA013,2022-03-30,41.400001525878906,
08JA013,2022-04-30,41.400001525878906,
08JA013,2022-05-30,199.0,
08JA013,2022-06-30,324.0,
08JA013,2022-07-30,299.0,
08JA013,2022-08-30,59.0,
08JA013,2022-09-30,53.900001525878906,
08JA013,2022-10-30,59.70000076293945,
08JA013,2022-11-30,33.79999923706055,
08JA013,2022-12-30,33.29999923706055,
08JA013,2023-01-30,32.70000076293945,
08JA013,2023-03-30,33.70000076293945,
08JA013,2023-04-30,33.099998474121094,
08JA013,2023-05-30,67.0,
08JA013,2023-06-30,50.79999923706055,
08JA013,2023-07-30,169.0,
08JA013,2023-08-30,14.199999809265137,
08JA013,2023-09-30,32.599998474121094,
08JA013,2023-10-30,32.599998474121094,
08JA013,2023-11-30,32.20000076293945,
08JA013,2023-12-30,32.0,
08JA013,2024-01-30,33.29999923706055,
08JA013,2024-03-30,32.20000076293945,
08JA013,2024-04-30,39.79999923706055,
08JA013,2024-05-30,50.400001525878906,
08JA013,2024-06-30,49.400001525878906,
08JA013,2024-07-30,252.0,
08JA013,2024-08-30,14.0,
08JA013,2024-09-30,32.099998474121094,
08JA013,2024-10-30,32.20000076293945,
08JA013,2024-11-30,32.099998474121094,
08JA013,2024-12-30,32.099998474121094,
08JA013,2025-01-30,31.899999618530277,
08JA013,2025-03-30,30.899999618530277,
08JA013,2025-04-30,31.0,
08JA013,2025-05-30,93.5999984741211,
08JA013,2025-06-30,33.0,
08JA013,2025-07-30,277.0,
08JA013,2025-08-30,31.700000762939453,
08JA013,2025-09-30,31.399999618530277,
08JA013,2025-10-30,31.200000762939453,
08JA013,2025-11-30,31.600000381469727,
08JA013,2025-12-30,32.099998474121094,
08JA013,1956-01-31,2.8299999237060547,
08JA013,1956-03-31,5.659999847412109,
08JA013,1956-05-31,0.0,
08JA013,1956-07-31,5.659999847412109,
08JA013,1956-08-31,0.0,
08JA013,1956-10-31,0.0,
08JA013,1956-12-31,28.299999237060547,
08JA013,1957-01-31,227.0,
08JA013,1957-03-31,0.0,
08JA013,1957-05-31,106.0,
08JA013,1957-07-31,0.0,
08JA013,1957-08-31,151.0,
08JA013,1957-10-31,155.0,
08JA013,1957-12-31,123.0,
08JA013,1958-01-31,326.0,
08JA013,1958-03-31,331.0,
08JA013,1958-05-31,0.0,
08JA013,1958-07-31,300.0,
08JA013,1958-08-31,294.0,
08JA013,1958-10-31,326.0,
08JA013,1958-12-31,126.0,
08JA013,1959-01-31,124.0,
08JA013,1959-03-31,63.400001525878906,
08JA013,1959-05-31,0.0,
08JA013,1959-07-31,309.0,
08JA013,1959-08-31,328.0,
08JA013,1959-10-31,399.0,
08JA013,1959-12-31,273.0,
08JA013,1960-01-31,68.5,
08JA013,1960-03-31,176.0,
08JA013,1960-05-31,374.0,
08JA013,1960-07-31,174.0,
08JA013,1960-08-31,265.0,
08JA013,1960-10-31,189.0,
08JA013,1960-12-31,60.0,
08JA013,1961-01-31,29.700000762939453,
08JA013,1961-03-31,42.5,
08JA013,1961-05-31,116.0,
08JA013,1961-07-31,362.0,
08JA013,1961-08-31,507.0,
08JA013,1961-10-31,29.200000762939453,
08JA013,1961-12-31,29.700000762939453,
08JA013,1962-01-31,30.0,
08JA013,1962-03-31,30.600000381469727,
08JA013,1962-05-31,188.0,
08JA013,1962-07-31,467.0,
08JA013,1962-08-31,231.0,
08JA013,1962-10-31,222.0,
08JA013,1962-12-31,46.400001525878906,
08JA013,1963-01-31,46.70000076293945,
08JA013,1963-03-31,46.400001525878906,
08JA013,1963-05-31,337.0,
08JA013,1963-07-31,201.0,
08JA013,1963-08-31,198.0,
08JA013,1963-10-31,193.0,
08JA013,1963-12-31,42.20000076293945,
08JA013,1964-01-31,42.79999923706055,
08JA013,1964-03-31,42.5,
08JA013,1964-05-31,405.0,
08JA013,1964-07-31,200.0,
08JA013,1964-08-31,201.0,
08JA013,1964-10-31,197.0,
08JA013,1964-12-31,70.80000305175781,
08JA013,1965-01-31,69.9000015258789,
08JA013,1965-03-31,68.0,
08JA013,1965-05-31,200.0,
08JA013,1965-07-31,204.0,
08JA013,1965-08-31,200.0,
08JA013,1965-10-31,88.9000015258789,
08JA013,1965-12-31,46.20000076293945,
08JA013,1966-01-31,46.20000076293945,
08JA013,1966-03-31,45.29999923706055,
08JA013,1966-05-31,225.0,
08JA013,1966-07-31,263.0,
08JA013,1966-08-31,314.0,
08JA013,1966-10-31,228.0,
08JA013,1966-12-31,88.0999984741211,
08JA013,1967-01-31,87.19999694824219,
08JA013,1967-03-31,84.4000015258789,
08JA013,1967-05-31,269.0,
08JA013,1967-07-31,217.0,
08JA013,1967-08-31,183.0,
08JA013,1967-10-31,149.0,
08JA013,1967-12-31,60.29999923706055,
08JA013,1968-01-31,60.29999923706055,
08JA013,1968-03-31,60.29999923706055,
08JA013,1968-05-31,283.0,
08JA013,1968-07-31,245.0,
08JA013,1968-08-31,191.0,
08JA013,1968-10-31,236.0,
08JA013,1968-12-31,90.5999984741211,
08JA013,1969-01-31,89.19999694824219,
08JA013,1969-03-31,84.4000015258789,
08JA013,1969-05-31,87.80000305175781,
08JA013,1969-07-31,34.79999923706055,
08JA013,1969-08-31,158.0,
08JA013,1969-10-31,152.0,
08JA013,1969-12-31,75.9000015258789,
08JA013,1970-01-31,74.5,
08JA013,1970-03-31,71.0999984741211,
08JA013,1970-05-31,45.59999847412109,
08JA013,1970-07-31,48.70000076293945,
08JA013,1970-08-31,90.9000015258789,
08JA013,1970-10-31,116.0,
08JA013,1970-12-31,60.0,
08JA013,1971-01-31,59.20000076293945,
08JA013,1971-03-31,57.20000076293945,
08JA013,1971-05-31,57.5,
08JA013,1971-07-31,123.0,
08JA013,1971-08-31,173.0,
08JA013,1971-10-31,208.0,
08JA013,1971-12-31,75.0,
08JA013,1972-01-31,73.5999984741211,
08JA013,1972-03-31,71.0999984741211,
08JA013,1972-05-31,0.0,
08JA013,1972-07-31,425.0,
08JA013,1972-08-31,320.0,
08JA013,1972-10-31,0.0,
08JA013,1972-12-31,71.9000015258789,
08JA013,1973-01-31,70.80000305175781,
08JA013,1973-03-31,67.4000015258789,
08JA013,1973-05-31,44.20000076293945,
08JA013,1973-07-31,122.0,
08JA013,1973-08-31,52.09999847412109,
08JA013,1973-10-31,33.70000076293945,
08JA013,1973-12-31,48.70000076293945,
08JA013,1974-01-31,48.09999847412109,
08JA013,1974-03-31,138.0,
08JA013,1974-05-31,0.0,
08JA013,1974-07-31,228.0,
08JA013,1974-08-31,15.600000381469728,
08JA013,1974-10-31,200.0,
08JA013,1974-12-31,71.9000015258789,
08JA013,1975-01-31,75.30000305175781,
08JA013,1975-03-31,72.80000305175781,
08JA013,1975-05-31,90.0,
08JA013,1975-07-31,91.5,
08JA013,1975-08-31,198.0,
08JA013,1975-10-31,225.0,
08JA013,1975-12-31,86.0999984741211,
08JA013,1976-01-31,85.19999694824219,
08JA013,1976-03-31,139.0,
08JA013,1976-05-31,180.0,
08JA013,1976-07-31,439.0,
08JA013,1976-08-31,283.0,
08JA013,1976-10-31,281.0,
08JA013,1976-12-31,175.0,
08JA013,1977-01-31,171.0,
08JA013,1977-03-31,168.0,
08JA013,1977-05-31,0.0,
08JA013,1977-07-31,226.0,
08JA013,1977-08-31,108.0,
08JA013,1977-10-31,52.09999847412109,
08JA013,1977-12-31,51.0,
08JA013,1978-01-31,50.09999847412109,
08JA013,1978-03-31,52.400001525878906,
08JA013,1978-05-31,37.400001525878906,
08JA013,1978-07-31,36.5,
08JA013,1978-08-31,34.29999923706055,
08JA013,1978-10-31,33.099998474121094,
08JA013,1978-12-31,33.400001525878906,
08JA013,1979-01-31,32.400001525878906,
08JA013,1979-03-31,30.299999237060547,
08JA013,1979-05-31,33.0,
08JA013,1979-07-31,116.0,
08JA013,1979-08-31,33.79999923706055,
08JA013,1979-10-31,33.099998474121094,
08JA013,1979-12-31,12.300000190734863,
08JA013,1980-01-31,14.699999809265137,
08JA013,1980-03-31,15.0,
08JA013,1980-05-31,15.600000381469728,
08JA013,1980-07-31,17.0,
08JA013,1980-08-31,14.199999809265137,
08JA013,1980-10-31,32.400001525878906,
08JA013,1980-12-31,33.0,
08JA013,1981-01-31,33.0,
08JA013,1981-03-31,32.599998474121094,
08JA013,1981-05-31,59.5,
08JA013,1981-07-31,255.0,
08JA013,1981-08-31,15.899999618530272,
08JA013,1981-10-31,29.700000762939453,
08JA013,1981-12-31,32.400001525878906,
08JA013,1982-01-31,32.0,
08JA013,1982-03-31,56.59999847412109,
08JA013,1982-05-31,41.29999923706055,
08JA013,1982-07-31,367.0,
08JA013,1982-08-31,14.100000381469728,
08JA013,1982-10-31,31.100000381469727,
08JA013,1982-12-31,31.100000381469727,
08JA013,1983-01-31,31.100000381469727,
08JA013,1983-03-31,49.59999847412109,
08JA013,1983-05-31,49.59999847412109,
08JA013,1983-07-31,453.0,
08JA013,1983-08-31,5.699999809265137,
08JA013,1983-10-31,31.200000762939453,
08JA013,1983-12-31,30.600000381469727,
08JA013,1984-01-31,30.600000381469727,
08JA013,1984-03-31,54.400001525878906,
08JA013,1984-05-31,55.09999847412109,
08JA013,1984-07-31,453.0,
08JA013,1984-08-31,19.799999237060547,
08JA013,1984-10-31,31.299999237060547,
08JA013,1984-12-31,31.0,
08JA013,1985-01-31,30.600000381469727,
08JA013,1985-03-31,30.200000762939453,
08JA013,1985-05-31,56.09999847412109,
08JA013,1985-07-31,278.0,
08JA013,1985-08-31,63.09999847412109,
08JA013,1985-10-31,53.5,
08JA013,1985-12-31,34.099998474121094,
08JA013,1986-01-31,33.400001525878906,
08JA013,1986-03-31,32.29999923706055,
08JA013,1986-05-31,48.09999847412109,
08JA013,1986-07-31,161.0,
08JA013,1986-08-31,14.199999809265137,
08JA013,1986-10-31,21.200000762939453,
08JA013,1986-12-31,36.09999847412109,
08JA013,1987-01-31,35.70000076293945,
08JA013,1987-03-31,34.0,
08JA013,1987-05-31,55.5,
08JA013,1987-07-31,218.0,
08JA013,1987-08-31,56.59999847412109,
08JA013,1987-10-31,31.100000381469727,
08JA013,1987-12-31,35.099998474121094,
08JA013,1988-01-31,33.599998474121094,
08JA013,1988-03-31,31.899999618530277,
08JA013,1988-05-31,47.59999847412109,
08JA013,1988-07-31,170.0,
08JA013,1988-08-31,29.899999618530277,
08JA013,1988-10-31,30.100000381469727,
08JA013,1988-12-31,30.5,
08JA013,1989-01-31,30.200000762939453,
08JA013,1989-03-31,29.200000762939453,
08JA013,1989-05-31,48.09999847412109,
08JA013,1989-07-31,157.0,
08JA013,1989-08-31,32.599998474121094,
08JA013,1989-10-31,32.599998474121094,
08JA013,1989-12-31,35.29999923706055,
08JA013,1990-01-31,35.099998474121094,
08JA013,1990-03-31,33.79999923706055,
08JA013,1990-05-31,50.09999847412109,
08JA013,1990-07-31,282.0,
08JA013,1990-08-31,17.0,
08JA013,1990-10-31,33.29999923706055,
08JA013,1990-12-31,32.79999923706055,
08JA013,1991-01-31,32.0,
08JA013,1991-03-31,85.0,
08JA013,1991-05-31,49.0,
08JA013,1991-07-31,170.0,
08JA013,1991-08-31,14.199999809265137,
08JA013,1991-10-31,32.70000076293945,
08JA013,1991-12-31,32.20000076293945,
08JA013,1992-01-31,31.700000762939453,
08JA013,1992-03-31,31.399999618530277,
08JA013,1992-05-31,50.0,
08JA013,1992-07-31,274.0,
08JA013,1992-08-31,14.199999809265137,
08JA013,1992-10-31,33.400001525878906,
08JA013,1992-12-31,32.79999923706055,
08JA013,1993-01-31,32.20000076293945,
08JA013,1993-03-31,33.099998474121094,
08JA013,1993-05-31,49.79999923706055,
08JA013,1993-07-31,161.0,
08JA013,1993-08-31,14.199999809265137,
08JA013,1993-10-31,32.400001525878906,
08JA013,1993-12-31,33.099998474121094,
08JA013,1994-01-31,32.79999923706055,
08JA013,1994-03-31,31.899999618530277,
08JA013,1994-05-31,49.79999923706055,
08JA013,1994-07-31,283.0,
08JA013,1994-08-31,14.199999809265137,
08JA013,1994-10-31,31.200000762939453,
08JA013,1994-12-31,36.900001525878906,
08JA013,1995-01-31,35.900001525878906,
08JA013,1995-03-31,41.09999847412109,
08JA013,1995-05-31,49.59999847412109,
08JA013,1995-07-31,170.0,
08JA013,1995-08-31,14.300000190734863,
08JA013,1995-10-31,32.20000076293945,
08JA013,1995-12-31,34.099998474121094,
08JA013,1996-01-31,34.0,
08JA013,1996-03-31,32.900001525878906,
08JA013,1996-05-31,52.5,
08JA013,1996-07-31,170.0,
08JA013,1996-08-31,15.100000381469728,
08JA013,1996-10-31,228.0,
08JA013,1996-12-31,59.70000076293945,
08JA013,1997-01-31,58.79999923706055,
08JA013,1997-03-31,56.59999847412109,
08JA013,1997-05-31,200.0,
08JA013,1997-07-31,336.0,
08JA013,1997-08-31,42.20000076293945,
08JA013,1997-10-31,57.29999923706055,
08JA013,1997-12-31,55.79999923706055,
08JA013,1998-01-31,54.59999847412109,
08JA013,1998-03-31,51.79999923706055,
08JA013,1998-05-31,55.0,
08JA013,1998-07-31,279.0,
08JA013,1998-08-31,14.699999809265137,
08JA013,1998-10-31,30.0,
08JA013,1998-12-31,30.0,
08JA013,1999-01-31,29.600000381469727,
08JA013,1999-03-31,29.600000381469727,
08JA013,1999-05-31,49.20000076293945,
08JA013,1999-07-31,170.0,
08JA013,1999-08-31,21.200000762939453,
08JA013,1999-10-31,33.400001525878906,
08JA013,1999-12-31,32.29999923706055,
08JA013,2000-01-31,32.5,
08JA013,2000-03-31,32.70000076293945,
08JA013,2000-05-31,49.70000076293945,
08JA013,2000-07-31,170.0,
08JA013,2000-08-31,19.100000381469727,
08JA013,2000-10-31,32.900001525878906,
08JA013,2000-12-31,32.5,
08JA013,2001-01-31,32.20000076293945,
08JA013,2001-03-31,32.900001525878906,
08JA013,2001-05-31,53.20000076293945,
08JA013,2001-07-31,170.0,
08JA013,2001-08-31,14.199999809265137,
08JA013,2001-10-31,30.0,
08JA013,2001-12-31,31.799999237060547,
08JA013,2002-01-31,31.399999618530277,
08JA013,2002-03-31,30.399999618530277,
08JA013,2002-05-31,54.5,
08JA013,2002-07-31,227.0,
08JA013,2002-08-31,14.800000190734863,
08JA013,2002-10-31,85.0,
08JA013,2002-12-31,46.0,
08JA013,2003-01-31,31.299999237060547,
08JA013,2003-03-31,30.200000762939453,
08JA013,2003-05-31,49.59999847412109,
08JA013,2003-07-31,14.600000381469728,
08JA013,2003-08-31,14.300000190734863,
08JA013,2003-10-31,33.0,
08JA013,2003-12-31,33.099998474121094,
08JA013,2004-01-31,32.400001525878906,
08JA013,2004-03-31,33.099998474121094,
08JA013,2004-05-31,53.59999847412109,
08JA013,2004-07-31,14.800000190734863,
08JA013,2004-08-31,19.299999237060547,
08JA013,2004-10-31,29.899999618530277,
08JA013,2004-12-31,31.200000762939453,
08JA013,2005-01-31,31.200000762939453,
08JA013,2005-03-31,44.70000076293945,
08JA013,2005-05-31,106.0,
08JA013,2005-07-31,171.0,
08JA013,2005-08-31,14.899999618530272,
08JA013,2005-10-31,126.0,
08JA013,2005-12-31,85.4000015258789,
08JA013,2006-01-31,55.09999847412109,
08JA013,2006-03-31,32.20000076293945,
08JA013,2006-05-31,48.900001525878906,
08JA013,2006-07-31,172.0,
08JA013,2006-08-31,25.700000762939453,
08JA013,2006-10-31,33.20000076293945,
08JA013,2006-12-31,33.20000076293945,
08JA013,2007-01-31,33.0,
08JA013,2007-03-31,42.20000076293945,
08JA013,2007-05-31,197.0,
08JA013,2007-07-31,581.0,
08JA013,2007-08-31,15.0,
08JA013,2007-10-31,249.0,
08JA013,2007-12-31,83.0,
08JA013,2008-01-31,81.0999984741211,
08JA013,2008-03-31,33.0,
08JA013,2008-05-31,49.900001525878906,
08JA013,2008-07-31,169.0,
08JA013,2008-08-31,14.699999809265137,
08JA013,2008-10-31,33.400001525878906,
08JA013,2008-12-31,35.29999923706055,
08JA013,2009-01-31,34.79999923706055,
08JA013,2009-03-31,33.400001525878906,
08JA013,2009-05-31,51.0,
08JA013,2009-07-31,278.0,
08JA013,2009-08-31,21.0,
08JA013,2009-10-31,33.79999923706055,
08JA013,2009-12-31,33.400001525878906,
08JA013,2010-01-31,33.0,
08JA013,2010-03-31,31.600000381469727,
08JA013,2010-05-31,50.900001525878906,
08JA013,2010-07-31,207.0,
08JA013,2010-08-31,14.699999809265137,
08JA013,2010-10-31,34.29999923706055,
08JA013,2010-12-31,34.0,
08JA013,2011-01-31,33.599998474121094,
08JA013,2011-03-31,32.599998474121094,
08JA013,2011-05-31,50.79999923706055,
08JA013,2011-07-31,326.0,
08JA013,2011-08-31,14.800000190734863,
08JA013,2011-10-31,32.0,
08JA013,2011-12-31,59.400001525878906,
08JA013,2012-01-31,79.5999984741211,
08JA013,2012-03-31,119.0,
08JA013,2012-05-31,228.0,
08JA013,2012-07-31,293.0,
08JA013,2012-08-31,33.0,
08JA013,2012-10-31,63.0,
08JA013,2012-12-31,38.20000076293945,
08JA013,2013-01-31,31.299999237060547,
08JA013,2013-03-31,29.899999618530277,
08JA013,2013-05-31,49.900001525878906,
08JA013,2013-07-31,250.0,
08JA013,2013-08-31,14.100000381469728,
08JA013,2013-10-31,33.099998474121094,
08JA013,2013-12-31,33.70000076293945,
08JA013,2014-01-31,33.20000076293945,
08JA013,2014-03-31,34.70000076293945,
08JA013,2014-05-31,49.20000076293945,
08JA013,2014-07-31,276.0,
08JA013,2014-08-31,15.399999618530272,
08JA013,2014-10-31,33.79999923706055,
08JA013,2014-12-31,34.20000076293945,
08JA013,2015-01-31,30.299999237060547,
08JA013,2015-03-31,74.5999984741211,
08JA013,2015-05-31,503.0,
08JA013,2015-07-31,204.0,
08JA013,2015-08-31,32.400001525878906,
08JA013,2015-10-31,34.400001525878906,
08JA013,2015-12-31,30.100000381469727,
08JA013,2016-01-31,29.5,
08JA013,2016-03-31,29.600000381469727,
08JA013,2016-05-31,49.59999847412109,
08JA013,2016-07-31,450.0,
08JA013,2016-08-31,14.300000190734863,
08JA013,2016-10-31,31.899999618530277,
08JA013,2016-12-31,31.299999237060547,
08JA013,2017-01-31,30.899999618530277,
08JA013,2017-03-31,32.0,
08JA013,2017-05-31,202.0,
08JA013,2017-07-31,451.0,
08JA013,2017-08-31,14.600000381469728,
08JA013,2017-10-31,193.0,
08JA013,2017-12-31,78.30000305175781,
08JA013,2018-01-31,36.0,
08JA013,2018-03-31,64.30000305175781,
08JA013,2018-05-31,149.0,
08JA013,2018-07-31,14.699999809265137,
08JA013,2018-08-31,26.700000762939453,
08JA013,2018-10-31,27.700000762939453,
08JA013,2018-12-31,32.20000076293945,
08JA013,2019-01-31,31.600000381469727,
08JA013,2019-03-31,32.0,
08JA013,2019-05-31,48.09999847412109,
08JA013,2019-07-31,253.0,
08JA013,2019-08-31,32.099998474121094,
08JA013,2019-10-31,31.799999237060547,
08JA013,2019-12-31,31.799999237060547,
08JA013,2020-01-31,31.700000762939453,
08JA013,2020-03-31,34.5,
08JA013,2020-05-31,49.900001525878906,
08JA013,2020-07-31,205.0,
08JA013,2020-08-31,32.5,
08JA013,2020-10-31,152.0,
08JA013,2020-12-31,84.5999984741211,
08JA013,2021-01-31,84.0999984741211,
08JA013,2021-03-31,101.0,
08JA013,2021-05-31,275.0,
08JA013,2021-07-31,282.0,
08JA013,2021-08-31,79.30000305175781,
08JA013,2021-10-31,112.0,
08JA013,2021-12-31,40.09999847412109,
08JA013,2022-01-31,39.79999923706055,
08JA013,2022-03-31,41.400001525878906,
08JA013,2022-05-31,221.0,
08JA013,2022-07-31,299.0,
08JA013,2022-08-31,59.0,
08JA013,2022-10-31,59.70000076293945,
08JA013,2022-12-31,33.29999923706055,
08JA013,2023-01-31,32.70000076293945,
08JA013,2023-03-31,33.70000076293945,
08JA013,2023-05-31,67.0,
08JA013,2023-07-31,169.0,
08JA013,2023-08-31,18.100000381469727,
08JA013,2023-10-31,32.599998474121094,
08JA013,2023-12-31,32.0,
08JA013,2024-01-31,33.29999923706055,
08JA013,2024-03-31,32.20000076293945,
08JA013,2024-05-31,50.5,
08JA013,2024-07-31,450.0,
08JA013,2024-08-31,14.0,
08JA013,2024-10-31,32.20000076293945,
08JA013,2024-12-31,32.099998474121094,
08JA013,2025-01-31,31.899999618530277,
08JA013,2025-03-31,30.799999237060547,
08JA013,2025-05-31,78.9000015258789,
08JA013,2025-07-31,277.0,
08JA013,2025-08-31,31.700000762939453,
08JA013,2025-10-31,31.200000762939453,
08JA013,2025-12-31,32.099998474121094,
