STATION_NUMBER,DATUM_ID_FROM,DATUM_ID_TO,CONVERSION_FACTOR
05AE005,10,110,1176.470947265625
05AE005,10,605,1176.634033203125
