STATION_NUMBER,DATUM_ID_FROM,DATUM_ID_TO,CONVERSION_FACTOR
07FD011,10,110,671.791015625
07FD011,10,605,671.6710205078125
