STATION_NUMBER,DATUM_ID_FROM,DATUM_ID_TO,CONVERSION_FACTOR
10BE001,10,35,406.7040100097656
10BE001,10,605,406.8269958496094
