date,earlier_flow,later_flow,delta_cms,delta_percent
2012-01-01,7.940000057220459,7.730000019073486,-0.21000003814697266,-2.6448367334204654
2012-01-02,23.100000381469727,23.0,-0.10000038146972656,-0.43290207713565454
2012-03-11,19.5,19.299999237060547,-0.20000076293945312,-1.0256449381510417
2012-03-12,22.399999618530277,22.200000762939453,-0.19999885559082387,-0.8928520490927861
2012-03-20,67.69999694824219,67.80000305175781,0.100006103515625,0.14771950963613983
2012-03-24,18.700000762939453,18.5,-0.20000076293945312,-1.0695227528323106
2012-03-25,17.799999237060547,17.700000762939453,-0.09999847412109375,-0.5617892045348609
2012-03-26,21.0,20.899999618530277,-0.10000038146972301,-0.4761922927129667
2012-03-27,12.100000381469728,11.899999618530272,-0.20000076293945668,-1.6528988151582484
2012-03-28,10.899999618530272,10.600000381469728,-0.2999992370605433,-2.7522866748594845
2012-03-29,10.699999809265137,10.399999618530272,-0.30000019073486506,-2.8037401503044395
2012-03-30,9.920000076293944,9.6899995803833,-0.23000049591064275,-2.3185533683641832
2012-03-31,9.350000381469728,9.130000114440918,-0.22000026702881037,-2.352943936396166
2012-04-01,10.5,10.300000190734863,-0.19999980926513672,-1.9047600882393974
2012-04-02,9.739999771118164,9.520000457763672,-0.2199993133544922,-2.2587199027134677
2012-04-03,8.3100004196167,8.09000015258789,-0.2200002670288086,-2.647415835376771
2012-04-04,7.599999904632568,7.389999866485596,-0.21000003814697266,-2.763158431343762
2012-04-05,7.130000114440918,6.929999828338623,-0.20000028610229492,-2.8050530559911144
2012-04-06,6.309999942779541,6.130000114440918,-0.17999982833862305,-2.8526122023914553
2012-04-07,5.78000020980835,5.610000133514404,-0.1700000762939453,-2.9411776837908126
2012-04-08,5.5,5.340000152587891,-0.15999984741210938,-2.909088134765625
2012-04-09,7.050000190734863,6.860000133514404,-0.19000005722045898,-2.695036199717523
2012-04-10,29.100000381469727,29.0,-0.10000038146972656,-0.34364391807157746
2012-04-11,25.799999237060547,25.600000381469727,-0.1999988555908203,-0.7751893856784727
2012-04-12,15.600000381469728,15.399999618530272,-0.20000076293945668,-1.2820561413384655
2012-04-13,11.399999618530272,11.199999809265137,-0.19999980926513494,-1.7543843505050891
2012-04-14,9.039999961853027,8.819999694824219,-0.2200002670288086,-2.433631282712005
2012-04-15,8.010000228881836,7.800000190734863,-0.21000003814697266,-2.6217232477693426
2012-04-16,7.789999961853027,7.579999923706055,-0.21000003814697266,-2.6957643026357525
2012-04-17,7.869999885559082,7.659999847412109,-0.21000003814697266,-2.668361387556162
2012-04-18,6.550000190734863,6.369999885559082,-0.18000030517578125,-2.748096182201584
2012-04-19,5.480000019073486,5.320000171661377,-0.15999984741210938,-2.9197052345843026
2012-04-20,4.920000076293945,4.78000020980835,-0.1399998664855957,-2.8455256974518677
2012-04-21,5.039999961853027,4.889999866485596,-0.15000009536743164,-2.9761923909277566
2012-04-25,18.399999618530277,18.299999237060547,-0.10000038146973012,-0.543480345342082
2012-04-26,13.100000381469728,12.899999618530272,-0.20000076293945668,-1.5267233367593078
2012-04-27,24.200000762939453,24.100000381469727,-0.10000038146972656,-0.41322470378955484
2012-04-28,21.799999237060547,21.700000762939453,-0.09999847412109375,-0.4587086129392786
2012-04-29,14.300000190734863,14.100000381469728,-0.19999980926513494,-1.398600046136483
2012-04-30,10.300000190734863,10.0,-0.3000001907348633,-2.9126231570822863
2012-05-01,10.800000190734863,10.600000381469728,-0.19999980926513494,-1.8518500530834376
2012-05-02,12.399999618530272,12.199999809265137,-0.19999980926513494,-1.6129017372408614
2012-05-03,9.279999732971191,9.0600004196167,-0.2199993133544922,-2.3706823241907
2012-05-04,12.100000381469728,11.899999618530272,-0.20000076293945668,-1.6528988151582484
2012-05-05,16.200000762939453,16.0,-0.20000076293945312,-1.234572552595136
2012-05-06,11.300000190734863,11.100000381469728,-0.19999980926513494,-1.7699097866309728
2012-05-07,7.75,7.539999961853027,-0.21000003814697266,-2.7096779115738405
2012-05-08,7.059999942779541,6.860000133514404,-0.19999980926513672,-2.832858511134722
2012-05-09,15.0,14.800000190734863,-0.19999980926513672,-1.3333320617675781
2012-05-10,24.200000762939453,24.0,-0.20000076293945312,-0.8264494075791097
2012-05-12,21.5,21.399999618530277,-0.10000038146972301,-0.4651180533475489
2012-05-13,13.600000381469728,13.399999618530272,-0.20000076293945668,-1.4705938038940183
2012-05-14,14.300000190734863,14.100000381469728,-0.19999980926513494,-1.398600046136483
2012-05-15,12.399999618530272,12.199999809265137,-0.19999980926513494,-1.6129017372408614
2012-05-16,23.100000381469727,23.0,-0.10000038146972656,-0.43290207713565454
2012-05-17,31.399999618530277,31.299999237060547,-0.10000038146973012,-0.31847255632040283
2012-05-18,15.100000381469728,14.800000190734863,-0.30000019073486506,-1.9867561798410043
2012-05-19,9.619999885559082,9.399999618530272,-0.22000026702881037,-2.2869050898749017
2012-05-20,7.110000133514404,6.909999847412109,-0.20000028610229492,-2.8129434929199744
2012-05-21,5.550000190734863,5.389999866485596,-0.16000032424926758,-2.882888626136827
2012-05-22,4.840000152587891,4.699999809265137,-0.1400003433227539,-2.8925689857240475
2012-05-23,10.199999809265137,9.979999542236328,-0.2200002670288086,-2.156865403359832
2012-05-24,6.369999885559082,6.190000057220459,-0.17999982833862305,-2.825743038813647
2012-05-25,4.559999942779541,4.429999828338623,-0.13000011444091797,-2.8508797384255358
2012-05-26,3.740000009536743,3.650000095367432,-0.08999991416931108,-2.4064148112250665
2012-05-27,3.190000057220459,3.119999885559082,-0.07000017166137695,-2.19436270864428
2012-05-28,2.8499999046325684,2.799999952316284,-0.04999995231628418,-1.7543843505051044
2012-05-29,5.800000190734863,5.659999847412109,-0.1400003433227539,-2.413798943427548
2012-05-30,16.5,16.299999237060547,-0.20000076293945312,-1.2121258359966856
2012-05-31,6.539999961853027,6.360000133514404,-0.17999982833862305,-2.7522909692437114
2012-06-01,4.039999961853027,3.930000066757202,-0.1099998950958252,-2.7227697062989953
2012-06-02,3.740000009536743,3.640000104904175,-0.09999990463256836,-2.6737942346945314
2012-06-03,20.799999237060547,20.700000762939453,-0.09999847412109375,-0.4807619124471926
2012-06-04,12.699999809265137,12.399999618530272,-0.30000019073486506,-2.3622062617355586
2012-06-05,8.25,8.039999961853027,-0.21000003814697266,-2.5454550078420928
2012-06-06,5.449999809265137,5.289999961853027,-0.15999984741210938,-2.9357771194799973
2012-06-07,4.150000095367432,4.039999961853027,-0.1100001335144043,-2.650605565941924
2012-06-08,3.450000047683716,3.359999895095825,-0.09000015258789062,-2.608700038955522
2012-06-09,3.910000085830689,3.809999942779541,-0.1000001430511479,-2.5575483594881465
2012-06-10,2.950000047683716,2.890000104904175,-0.059999942779541016,-2.033896332532328
2012-06-11,2.390000104904175,2.359999895095825,-0.03000020980834961,-1.2552388490188977
2012-06-12,2.0999999046325684,2.0799999237060547,-0.019999980926513672,-0.9523800873701953
2012-06-13,2.369999885559082,2.3399999141693115,-0.029999971389770508,-1.2658216387505659
2012-06-14,3.390000104904175,3.299999952316284,-0.09000015258789062,-2.6548716755993924
2012-06-15,2.2300000190734863,2.200000047683716,-0.029999971389770508,-1.3452901853442496
2012-06-16,1.75,1.7400000095367432,-0.009999990463256836,-0.5714280264718192
2012-06-17,1.5299999713897705,1.5199999809265137,-0.009999990463256836,-0.6535941601471651
2012-06-23,1.7699999809265137,1.7599999904632568,-0.009999990463256836,-0.5649712187014997
2012-06-24,6.960000038146973,6.809999942779541,-0.15000009536743164,-2.155173772202559
2012-06-25,3.25,3.180000066757202,-0.06999993324279785,-2.1538440997783956
2012-06-26,9.489999771118164,9.279999732971191,-0.21000003814697266,-2.2128560928535124
2012-06-29,13.199999809265137,12.899999618530272,-0.30000019073486506,-2.2727287505284175
2012-06-30,6.360000133514404,6.179999828338623,-0.18000030517578125,-2.830193418192852
2012-07-01,4.71999979019165,4.590000152587891,-0.12999963760375977,-2.754229732677197
2012-07-02,3.759999990463257,3.660000085830689,-0.09999990463256792,-2.6595719384628844
2012-07-03,3.799999952316284,3.700000047683716,-0.09999990463256836,-2.6315764707211002
2012-07-04,16.100000381469727,16.0,-0.10000038146972656,-0.6211203670828596
2012-07-05,47.5,47.400001525878906,-0.09999847412109375,-0.21052310341282895
2012-07-06,12.399999618530272,12.199999809265137,-0.19999980926513494,-1.6129017372408614
2012-07-07,6.579999923706055,6.400000095367432,-0.17999982833862305,-2.735559732913214
2012-07-08,4.369999885559082,4.25,-0.11999988555908203,-2.745992876467311
2012-07-09,3.3299999237060547,3.25,-0.07999992370605469,-2.402400166334551
2012-07-10,2.700000047683716,2.650000095367432,-0.049999952316283736,-1.8518500530834376
2012-07-11,2.400000095367432,2.369999885559082,-0.030000209808350053,-1.2500086923437026
2012-07-12,2.059999942779541,2.039999961853028,-0.019999980926513228,-0.9708728874782112
2012-07-13,1.7899999618530271,1.7799999713897705,-0.009999990463256614,-0.5586586970037987
2012-07-16,1.7400000095367432,1.7300000190734863,-0.009999990463256836,-0.5747120924395414
2012-07-17,2.890000104904175,2.8299999237060547,-0.06000018119812012,-2.076130761943677
2012-07-18,3.890000104904175,3.7899999618530273,-0.10000014305114746,-2.5706976954853022
2012-07-19,2.259999990463257,2.2300000190734863,-0.029999971389770508,-1.3274323679807223
2012-07-20,1.690000057220459,1.6799999475479126,-0.010000109672546387,-0.5917224457964548
2012-07-24,15.899999618530272,15.800000190734863,-0.09999942779540838,-0.6289272339281471
2012-07-25,6.289999961853027,6.119999885559082,-0.1700000762939453,-2.7027039320341024
2012-07-26,3.039999961853028,2.9800000190734863,-0.05999994277954146,-1.9736823530408394
2012-07-27,2.289999961853028,2.259999990463257,-0.029999971389770952,-1.3100424405900646
2012-07-28,1.870000004768372,1.8600000143051147,-0.00999999046325728,-0.5347588469389298
2012-07-29,1.600000023841858,1.590000033378601,-0.009999990463256836,-0.6249993946403355
2012-08-10,2.1600000858306885,2.130000114440918,-0.029999971389770508,-1.388887509151796
2012-08-11,6.110000133514404,5.940000057220459,-0.1700000762939453,-2.7823252467944406
2012-08-12,3.2100000381469727,3.140000104904175,-0.06999993324279785,-2.180683252677047
2012-08-13,2.0299999713897705,2.0199999809265137,-0.009999990463256836,-0.4926103745908273
2012-08-14,1.7100000381469729,1.7000000476837158,-0.009999990463257058,-0.5847947508874598
2012-08-16,1.7000000476837158,1.690000057220459,-0.009999990463256836,-0.5882347166332156
2012-08-17,2.1600000858306885,2.140000104904175,-0.019999980926513672,-0.9259250061011974
2012-08-18,3.450000047683716,3.369999885559082,-0.08000016212463379,-2.3188452469252816
2012-08-19,2.259999990463257,2.2300000190734863,-0.029999971389770508,-1.3274323679807223
2012-08-26,0.7599999904632568,0.7609999775886536,0.0009999871253967285,0.13157725499275177
2012-09-01,0.7400000095367432,0.7409999966621399,0.0009999871253967285,0.13513339358235188
2012-09-06,9.800000190734863,9.600000381469728,-0.19999980926513494,-2.0408143405366377
2012-09-07,3.9800000190734863,3.869999885559082,-0.1100001335144043,-2.7638224368655027
2012-09-08,2.609999895095825,2.559999942779541,-0.04999995231628418,-1.9157070622965848
2012-09-09,3.680000066757202,3.5799999237060547,-0.10000014305114746,-2.7173951423122418
2012-09-10,2.950000047683716,2.890000104904175,-0.059999942779541016,-2.033896332532328
2012-09-11,2.0999999046325684,2.0799999237060547,-0.019999980926513672,-0.9523800873701953
2012-09-12,1.6699999570846558,1.659999966621399,-0.009999990463256836,-0.5988018395350124
2012-09-19,3.3499999046325684,3.2699999809265137,-0.07999992370605469,-2.388057492044292
2012-09-20,3.569999933242798,3.4800000190734863,-0.08999991416931152,-2.521006046281922
2012-09-21,2.069999933242798,2.039999961853028,-0.029999971389770064,-1.4492740269210076
2012-09-22,1.559999942779541,1.5499999523162842,-0.009999990463256836,-0.6410250532086098
2012-09-23,2.150000095367432,2.130000114440918,-0.019999980926514116,-0.9302316297384232
2012-09-24,2.509999990463257,2.470000028610229,-0.03999996185302779,-1.5936239842632516
2012-09-25,1.870000004768372,1.8600000143051147,-0.00999999046325728,-0.5347588469389298
2012-09-26,1.4299999475479126,1.4199999570846558,-0.009999990463256836,-0.6993000580457562
2012-09-27,1.950000047683716,1.940000057220459,-0.009999990463257058,-0.5128200112166882
2012-09-28,2.009999990463257,1.9900000095367432,-0.019999980926513672,-0.9950239314132612
2012-09-30,2.109999895095825,2.0899999141693115,-0.019999980926513672,-0.9478664417471631
2012-10-02,20.5,20.299999237060547,-0.20000076293945312,-0.9756134777534299
2012-10-03,8.579999923706055,8.369999885559082,-0.21000003814697266,-2.447552913919666
2012-10-04,6.050000190734863,5.880000114440918,-0.1700000762939453,-2.809918527842166
2012-10-05,22.600000381469727,22.5,-0.10000038146972656,-0.4424795565566416
2012-10-06,10.800000190734863,10.600000381469728,-0.19999980926513494,-1.8518500530834376
2012-10-07,12.399999618530272,12.199999809265137,-0.19999980926513494,-1.6129017372408614
2012-10-08,8.149999618530273,7.940000057220459,-0.20999956130981445,-2.576681854467186
2012-10-09,5.929999828338623,5.760000228881836,-0.1699995994567871,-2.866772417840272
2012-10-10,5.179999828338623,5.039999961853027,-0.1399998664855957,-2.7027002147700405
2012-10-12,17.600000381469727,17.399999618530273,-0.20000076293945312,-1.1363679466167809
2012-10-13,10.199999809265137,9.9399995803833,-0.26000022888183594,-2.5490218994481313
2012-10-14,11.399999618530272,11.199999809265137,-0.19999980926513494,-1.7543843505050891
2012-10-15,14.699999809265137,14.5,-0.19999980926513672,-1.3605429378242615
2012-10-16,24.5,24.399999618530277,-0.10000038146972301,-0.4081648223254
2012-10-17,13.0,12.800000190734863,-0.19999980926513672,-1.5384600712702825
2012-10-18,8.5,8.289999961853027,-0.21000003814697266,-2.4705886840820312
2012-10-19,6.989999771118164,6.789999961853027,-0.19999980926513672,-2.861227694048172
2012-10-20,7.949999809265137,7.739999771118164,-0.21000003814697266,-2.641509977172995
2012-10-21,6.670000076293945,6.480000019073486,-0.19000005722045898,-2.848576537438794
2012-10-22,6.920000076293945,6.71999979019165,-0.20000028610229492,-2.8901775129662495
2012-10-23,6.110000133514404,5.929999828338623,-0.18000030517578125,-2.9459951103511197
2012-10-24,4.929999828338623,4.789999961853027,-0.1399998664855957,-2.8397539829686917
2012-10-25,4.300000190734863,4.179999828338623,-0.12000036239624023,-2.7907059784509536
2012-10-26,3.910000085830689,3.799999952316284,-0.11000013351440474,-2.8133025856707863
2012-10-27,3.640000104904175,3.549999952316284,-0.09000015258789062,-2.472531593244554
2012-10-28,3.4200000762939453,3.3399999141693115,-0.08000016212463379,-2.3391859748531147
2012-10-29,3.240000009536743,3.1700000762939453,-0.06999993324279785,-2.160491760393744
2012-10-30,3.940000057220459,3.839999914169312,-0.10000014305114702,-2.538074659869265
2012-10-31,7.820000171661377,7.619999885559082,-0.20000028610229492,-2.5575483594881354
2012-11-01,6.96999979019165,6.769999980926514,-0.19999980926513672,-2.8694378089735557
2012-11-02,5.309999942779541,5.159999847412109,-0.15000009536743164,-2.8248605834996203
2012-11-03,4.920000076293945,4.78000020980835,-0.1399998664855957,-2.8455256974518677
2012-11-04,10.699999809265137,10.5,-0.19999980926513672,-1.8691571292548692
2012-11-05,8.960000038146973,8.75,-0.21000003814697266,-2.3437504157690046
2012-11-06,6.079999923706055,5.900000095367432,-0.17999982833862305,-2.9605235295612378
2012-11-07,4.570000171661377,4.440000057220459,-0.13000011444091797,-2.8446413469970997
2012-11-08,4.300000190734863,4.179999828338623,-0.12000036239624023,-2.7907059784509536
2012-11-09,4.179999828338623,4.059999942779541,-0.11999988555908203,-2.870810777204673
2012-11-10,4.050000190734863,3.940000057220459,-0.1100001335144043,-2.7160525514554363
2012-11-11,3.660000085830689,3.559999942779541,-0.1000001430511479,-2.7322442815858965
2012-11-12,3.630000114440918,3.539999961853028,-0.09000015258789018,-2.479342968333535
2012-11-14,18.0,17.799999237060547,-0.20000076293945312,-1.1111153496636286
2012-11-15,9.039999961853027,8.819999694824219,-0.2200002670288086,-2.433631282712005
2012-11-16,6.369999885559082,6.179999828338623,-0.19000005722045898,-2.982732506027087
2012-11-17,5.559999942779541,5.400000095367432,-0.15999984741210938,-2.8776951269557505
2012-11-18,3.9600000381469727,3.849999904632568,-0.11000013351440474,-2.7777811225950844
2012-11-19,3.890000104904175,3.7899999618530273,-0.10000014305114746,-2.5706976954853022
2012-11-20,3.75,3.650000095367432,-0.09999990463256792,-2.6666641235351443
2012-11-21,3.839999914169312,3.740000009536743,-0.0999999046325688,-2.604164241347419
2012-11-22,3.569999933242798,3.4800000190734863,-0.08999991416931152,-2.521006046281922
2012-11-23,3.690000057220459,3.5999999046325684,-0.09000015258789062,-2.4390284875953205
2012-11-24,10.399999618530272,10.199999809265137,-0.19999980926513494,-1.9230751596258129
2012-11-25,9.8100004196167,9.600000381469728,-0.21000003814697088,-2.1406730801666582
2012-11-26,4.789999961853027,4.659999847412109,-0.13000011444091797,-2.7139898846810637
2012-11-27,3.1700000762939453,3.0999999046325684,-0.07000017166137695,-2.208207254783865
2012-11-28,3.430000066757202,3.3399999141693115,-0.09000015258789062,-2.623911103097405
2012-11-29,3.890000104904175,3.7799999713897705,-0.1100001335144043,-2.8277668521326174
2012-11-30,3.400000095367432,3.319999933242798,-0.08000016212463423,-2.3529458788438284
2012-12-01,2.400000095367432,2.359999895095825,-0.04000020027160689,-1.6666749450892413
2012-12-02,4.53000020980835,4.409999847412109,-0.12000036239624023,-2.6490144997436342
2012-12-03,25.700000762939453,25.600000381469727,-0.10000038146972656,-0.38910653113260435
2012-12-04,14.5,14.300000190734863,-0.19999980926513672,-1.379309029414736
2012-12-05,37.70000076293945,37.59999847412109,-0.10000228881836648,-0.26525805515811174
2012-12-06,22.0,21.799999237060547,-0.20000076293945312,-0.9090943769975142
2012-12-07,11.0,10.800000190734863,-0.19999980926513672,-1.8181800842285156
2012-12-08,9.329999923706056,9.109999656677246,-0.22000026702881037,-2.3579878759679778
2012-12-09,8.460000038146973,8.25,-0.21000003814697266,-2.482269943263142
2012-12-10,10.899999618530272,10.699999809265137,-0.19999980926513494,-1.8348606996749823
2012-12-12,17.0,16.799999237060547,-0.20000076293945312,-1.1764750761144303
2012-12-13,11.5,11.300000190734863,-0.19999980926513672,-1.73912877621858
2012-12-14,8.729999542236328,8.510000228881836,-0.2199993133544922,-2.5200380857996687
2012-12-15,6.320000171661377,6.139999866485596,-0.18000030517578125,-2.8481060171943553
2012-12-16,2.9600000381469727,2.900000095367432,-0.05999994277954057,-2.027025067780131
2012-12-17,4.670000076293945,4.539999961853027,-0.13000011444091797,-2.7837283151413663
2012-12-18,6.619999885559082,6.429999828338623,-0.19000005722045898,-2.8700915484141705
2012-12-19,8.25,8.029999732971191,-0.2200002670288086,-2.666669903379498
2012-12-20,7.739999771118164,7.539999961853027,-0.19999980926513672,-2.583976940302204
2012-12-21,7.639999866485596,7.440000057220459,-0.19999980926513672,-2.617798596338677
2012-12-23,15.5,15.300000190734863,-0.19999980926513672,-1.2903213500976562
2012-12-24,10.600000381469728,10.399999618530272,-0.20000076293945668,-1.8867995824706363
2012-12-25,6.900000095367432,6.710000038146973,-0.19000005722045898,-2.753623979628964
2013-01-12,2.619999885559082,2.630000114440918,0.010000228881835938,0.3816881419329523
2013-01-13,14.699999809265137,14.600000381469728,-0.09999942779540838,-0.6802682251218847
2013-03-26,4.860000133514404,4.829999923706055,-0.03000020980834961,-0.6172882507033103
2013-03-27,5.25,5.150000095367432,-0.09999990463256836,-1.9047600882393974
2013-03-28,8.0600004196167,7.880000114440918,-0.18000030517578125,-2.2332542903805623
2013-03-29,16.299999237060547,16.100000381469727,-0.1999988555908203,-1.2269869015459354
2013-03-30,19.899999618530277,19.799999237060547,-0.10000038146973012,-0.502514489380255
2013-03-31,19.200000762939453,19.0,-0.20000076293945312,-1.0416705989173811
2013-04-01,28.100000381469727,28.0,-0.10000038146972656,-0.3558732388333733
2013-04-02,27.799999237060547,27.700000762939453,-0.09999847412109375,-0.3597067513145269
2013-04-03,13.800000190734863,13.600000381469728,-0.19999980926513494,-1.4492739601511901
2013-04-04,10.199999809265137,10.0,-0.19999980926513672,-1.960782480441495
2013-04-05,11.899999618530272,11.600000381469728,-0.2999992370605433,-2.5210020729193534
2013-04-06,10.100000381469728,9.859999656677246,-0.24000072479248225,-2.3762447101765147
2013-04-07,8.970000267028809,8.760000228881836,-0.21000003814697266,-2.3411374793250963
2013-04-08,17.100000381469727,17.0,-0.10000038146972656,-0.5847975394087777
2013-04-09,42.20000076293945,42.09999847412109,-0.10000228881836648,-0.23697224410050174
2013-04-12,24.100000381469727,24.0,-0.10000038146972656,-0.41493933563011876
2013-04-13,16.100000381469727,15.899999618530272,-0.2000007629394549,-1.2422407341657302
2013-04-14,27.299999237060547,27.200000762939453,-0.09999847412109375,-0.3662947872370007
2013-04-15,32.5,32.400001525878906,-0.09999847412109375,-0.30768761268028844
2013-04-17,78.4000015258789,78.5,0.09999847412109375,0.1275490716515936
2013-04-22,21.899999618530277,21.799999237060547,-0.10000038146973012,-0.4566227543909026
2013-04-23,16.399999618530273,16.200000762939453,-0.1999988555908203,-1.2195052453833148
2013-04-24,14.5,14.300000190734863,-0.19999980926513672,-1.379309029414736
2013-04-25,15.800000190734863,15.600000381469728,-0.19999980926513494,-1.2658215623466578
2013-04-26,12.5,12.300000190734863,-0.19999980926513672,-1.5999984741210938
2013-04-27,10.100000381469728,9.859999656677246,-0.24000072479248225,-2.3762447101765147
2013-04-28,8.710000038146973,8.489999771118164,-0.2200002670288086,-2.52583543128908
2013-04-29,7.820000171661377,7.610000133514404,-0.21000003814697266,-2.6854224237485878
2013-04-30,7.199999809265137,7.0,-0.19999980926513672,-2.7777752022683675
2013-05-01,6.679999828338623,6.489999771118164,-0.19000005722045898,-2.844312306931806
2013-05-02,6.059999942779541,5.880000114440918,-0.17999982833862305,-2.9702942250534496
2013-05-03,5.449999809265137,5.289999961853027,-0.15999984741210938,-2.9357771194799973
2013-05-04,4.900000095367432,4.75,-0.15000009536743164,-3.061226376490177
2013-05-05,4.400000095367432,4.269999980926514,-0.13000011444091797,-2.9545479914373054
2013-05-06,4.039999961853027,3.930000066757202,-0.1099998950958252,-2.7227697062989953
2013-05-07,3.559999942779541,3.470000028610229,-0.08999991416931197,-2.5280875173004285
2013-05-08,3.190000057220459,3.119999885559082,-0.07000017166137695,-2.19436270864428
2013-05-09,3.109999895095825,3.039999961853028,-0.06999993324279741,-2.2508017879094036
2013-05-10,3.7300000190734863,3.640000104904175,-0.08999991416931152,-2.412866319278654
2013-05-11,4.300000190734863,4.179999828338623,-0.12000036239624023,-2.7907059784509536
2013-05-12,7.0,6.800000190734863,-0.19999980926513672,-2.857140132359096
2013-05-13,4.989999771118164,4.849999904632568,-0.1399998664855957,-2.805608675493474
2013-05-14,3.7799999713897705,3.680000066757202,-0.09999990463256836,-2.6455001425780957
2013-05-15,3.240000009536743,3.1600000858306885,-0.07999992370605469,-2.469133440449993
2013-05-16,3.3399999141693115,3.2699999809265137,-0.06999993324279785,-2.095806438372543
2013-05-17,3.2300000190734863,3.1600000858306885,-0.06999993324279785,-2.1671805829548285
2013-05-18,2.9200000762939453,2.859999895095825,-0.06000018119812012,-2.0548006722750554
2013-05-19,2.559999942779541,2.5199999809265137,-0.039999961853027344,-1.5624985448084447
2013-05-20,12.399999618530272,12.199999809265137,-0.19999980926513494,-1.6129017372408614
2013-05-21,24.899999618530277,24.799999237060547,-0.10000038146973012,-0.4016079638624213
2013-05-22,26.799999237060547,26.700000762939453,-0.09999847412109375,-0.37312864540238583
2013-05-23,22.100000381469727,22.0,-0.10000038146972656,-0.45249040607969526
2013-05-28,21.200000762939453,21.0,-0.20000076293945312,-0.9433997912353015
2013-05-29,13.699999809265137,13.399999618530272,-0.30000019073486506,-2.1897824446098073
2013-05-31,19.5,19.299999237060547,-0.20000076293945312,-1.0256449381510417
2013-06-01,21.100000381469727,20.899999618530277,-0.20000076293944957,-0.9478708972682893
2013-06-02,29.700000762939453,29.600000381469727,-0.10000038146972656,-0.33670161246093305
2013-06-03,22.700000762939453,22.600000381469727,-0.10000038146972656,-0.4405303000385335
2013-06-04,11.600000381469728,11.399999618530272,-0.20000076293945668,-1.72414445139972
2013-06-05,8.109999656677246,7.900000095367432,-0.20999956130981445,-2.5893905080120994
2013-06-06,6.289999961853027,6.110000133514404,-0.17999982833862305,-2.8616825028659507
2013-06-07,6.510000228881836,6.320000171661377,-0.19000005722045898,-2.9185875659038736
2013-06-08,13.600000381469728,13.399999618530272,-0.20000076293945668,-1.4705938038940183
2013-06-09,17.5,17.299999237060547,-0.20000076293945312,-1.1428615025111608
2013-06-10,12.199999809265137,12.0,-0.19999980926513672,-1.639342724524056
2013-06-11,9.829999923706056,9.619999885559082,-0.21000003814697443,-2.136317800374929
2013-06-12,28.700000762939453,28.600000381469727,-0.10000038146972656,-0.34843337564944554
2013-06-13,21.600000381469727,21.399999618530277,-0.20000076293944957,-0.925929441700505
2013-06-14,10.800000190734863,10.600000381469728,-0.19999980926513494,-1.8518500530834376
2013-06-15,6.820000171661377,6.630000114440918,-0.19000005722045898,-2.7859245225528237
2013-06-16,5.519999980926514,5.360000133514404,-0.15999984741210938,-2.898547970379774
2013-06-17,14.100000381469728,13.899999618530272,-0.20000076293945668,-1.418445088854738
2013-06-18,11.800000190734863,11.600000381469728,-0.19999980926513494,-1.6949136104435913
2013-06-19,6.650000095367432,6.460000038146973,-0.19000005722045898,-2.8571436766266833
2013-06-20,4.75,4.610000133514404,-0.1399998664855957,-2.9473656102230676
2013-06-21,3.7799999713897705,3.680000066757202,-0.09999990463256836,-2.6455001425780957
2013-06-22,3.359999895095825,3.2799999713897705,-0.07999992370605469,-2.3809501846360366
2013-06-23,3.819999933242798,3.7200000286102295,-0.09999990463256836,-2.617798596338677
2013-06-24,7.150000095367432,6.989999771118164,-0.16000032424926758,-2.2377667428694674
2013-06-25,10.699999809265137,10.5,-0.19999980926513672,-1.8691571292548692
2013-06-26,11.5,11.300000190734863,-0.19999980926513672,-1.73912877621858
2013-07-05,9.789999961853027,9.56999969482422,-0.22000026702880682,-2.247193747559175
2013-07-06,7.150000095367432,6.949999809265137,-0.20000028610229492,-2.797206761324065
2013-07-07,5.690000057220459,5.519999980926514,-0.1700000762939453,-2.98769902608735
2013-07-08,4.869999885559082,4.730000019073486,-0.1399998664855957,-2.8747406524738253
2013-07-09,4.650000095367432,4.510000228881836,-0.1399998664855957,-3.010749755146688
2013-07-10,10.800000190734863,10.5,-0.3000001907348633,-2.7777794947839753
2013-07-11,5.869999885559082,5.699999809265137,-0.1700000762939453,-2.896083127908849
2013-07-12,5.039999961853027,4.889999866485596,-0.15000009536743164,-2.9761923909277566
2013-07-13,3.380000114440918,3.299999952316284,-0.08000016212463379,-2.3668686217741897
2013-07-14,2.740000009536743,2.690000057220459,-0.04999995231628418,-1.8248157716151894
2013-07-15,2.369999885559082,2.3399999141693115,-0.029999971389770508,-1.2658216387505659
2013-07-16,2.0899999141693115,2.069999933242798,-0.019999980926513672,-0.9569369257348911
2013-07-17,1.909999966621399,1.899999976158142,-0.009999990463256836,-0.5235597192677354
2013-07-18,2.940000057220459,2.880000114440918,-0.059999942779541016,-2.040814340536656
2013-07-19,3.430000066757202,3.3499999046325684,-0.08000016212463379,-2.332366197306454
2013-07-20,4.289999961853027,4.170000076293945,-0.11999988555908203,-2.7972001544552265
2013-07-21,3.450000047683716,3.369999885559082,-0.08000016212463379,-2.3188452469252816
2013-07-22,2.359999895095825,2.3299999237060547,-0.029999971389770508,-1.2711852848854637
2013-07-23,2.25,2.220000028610229,-0.029999971389770952,-1.3333320617675979
2013-07-24,4.070000171661377,3.9600000381469727,-0.1100001335144043,-2.702705869162216
2013-07-25,4.690000057220459,4.559999942779541,-0.13000011444091797,-2.7718574169477277
2013-07-26,2.7699999809265137,2.720000028610229,-0.049999952316284624,-1.8050524426198937
2013-07-27,2.0999999046325684,2.0799999237060547,-0.019999980926513672,-0.9523800873701953
2013-07-28,1.8200000524520876,1.809999942779541,-0.010000109672546609,-0.5494565595794051
2013-07-29,6.610000133514404,6.460000038146973,-0.15000009536743164,-2.2692903530650854
2013-07-30,7.28000020980835,7.079999923706055,-0.20000028610229492,-2.7472565980538626
2013-07-31,3.990000009536743,3.880000114440918,-0.1099998950958252,-2.756889594809717
2013-08-01,2.5999999046325684,2.549999952316284,-0.04999995231628418,-1.9230751596258295
2013-08-02,2.7699999809265137,2.7100000381469727,-0.059999942779541016,-2.1660629311438533
2013-08-03,3.450000047683716,3.369999885559082,-0.08000016212463379,-2.3188452469252816
2013-08-04,6.829999923706055,6.639999866485596,-0.19000005722045898,-2.7818456711982256
2013-08-05,6.880000114440918,6.690000057220459,-0.19000005722045898,-2.7616286927329323
2013-08-06,3.759999990463257,3.660000085830689,-0.09999990463256792,-2.6595719384628844
2013-08-07,2.490000009536743,2.450000047683716,-0.039999961853027344,-1.6064241646516786
2013-08-08,5.260000228881836,5.139999866485596,-0.12000036239624023,-2.2813756116841417
2013-08-09,20.799999237060547,20.700000762939453,-0.09999847412109375,-0.4807619124471926
2013-08-10,16.899999618530273,16.700000762939453,-0.1999988555908203,-1.1834252077232499
2013-08-11,6.309999942779541,6.130000114440918,-0.17999982833862305,-2.8526122023914553
2013-08-12,3.759999990463257,3.660000085830689,-0.09999990463256792,-2.6595719384628844
2013-08-13,2.880000114440918,2.819999933242798,-0.06000018119812012,-2.0833395421502505
2013-08-14,6.869999885559082,6.690000057220459,-0.17999982833862305,-2.620084881180091
2013-08-15,4.78000020980835,4.639999866485596,-0.1400003433227539,-2.928877346814324
2013-08-16,3.299999952316284,3.220000028610229,-0.07999992370605513,-2.424240147334028
2013-08-17,3.4200000762939453,3.3399999141693115,-0.08000016212463379,-2.3391859748531147
2013-08-18,2.569999933242798,2.5199999809265137,-0.04999995231628418,-1.945523486967363
2013-08-19,2.059999942779541,2.049999952316284,-0.009999990463256836,-0.4854364437391164
2013-08-23,1.7999999523162842,1.7899999618530271,-0.009999990463257058,-0.5555550404536859
2013-08-24,1.6799999475479126,1.6699999570846558,-0.009999990463256836,-0.5952375461590091
2013-08-27,1.8200000524520876,1.809999942779541,-0.010000109672546609,-0.5494565595794051
2013-08-29,3.5899999141693115,3.509999990463257,-0.07999992370605469,-2.2284101843653064
2013-08-30,2.109999895095825,2.0899999141693115,-0.019999980926513672,-0.9478664417471631
2013-08-31,6.610000133514404,6.449999809265137,-0.16000032424926758,-2.4205797430778357
2013-09-01,4.670000076293945,4.539999961853027,-0.13000011444091797,-2.7837283151413663
2013-09-02,4.050000190734863,3.950000047683716,-0.10000014305114746,-2.469139218312053
2013-09-03,7.21999979019165,7.019999980926514,-0.19999980926513672,-2.770080541232645
2013-09-04,4.340000152587891,4.21999979019165,-0.12000036239624023,-2.764985211456397
2013-09-05,2.819999933242798,2.7699999809265137,-0.04999995231628418,-1.773047996451114
2013-09-06,2.119999885559082,2.0999999046325684,-0.019999980926513672,-0.943395377648302
2013-09-07,1.7599999904632568,1.75,-0.009999990463256836,-0.5681812794001605
2013-09-08,1.7200000286102295,1.7100000381469729,-0.009999990463256614,-0.5813947847045483
2013-09-09,1.7799999713897705,1.7699999809265137,-0.009999990463256836,-0.5617972260667591
2013-09-12,10.199999809265137,10.100000381469728,-0.09999942779540838,-0.9803865653465427
2013-09-13,20.200000762939453,20.0,-0.20000076293945312,-0.9901027494335081
2013-09-15,17.5,17.299999237060547,-0.20000076293945312,-1.1428615025111608
2013-09-16,14.399999618530272,14.199999809265137,-0.19999980926513494,-1.3888876011341715
2013-09-17,12.0,11.800000190734863,-0.19999980926513672,-1.6666650772094727
2013-09-18,6.75,6.559999942779541,-0.19000005722045898,-2.8148156625253185
2013-09-19,4.78000020980835,4.650000095367432,-0.13000011444091797,-2.7196675467537315
2013-09-20,3.75,3.650000095367432,-0.09999990463256792,-2.6666641235351443
2013-09-21,3.0799999237060547,3.0199999809265137,-0.059999942779541016,-1.9480501384995235
2013-09-23,26.0,25.899999618530277,-0.10000038146972301,-0.38461685180662697
2013-09-24,11.600000381469728,11.300000190734863,-0.30000019073486506,-2.5862084557695058
2013-09-25,7.510000228881836,7.300000190734863,-0.21000003814697266,-2.7962720605434597
2013-09-26,5.829999923706055,5.659999847412109,-0.1700000762939453,-2.9159533193591964
2013-09-27,4.909999847412109,4.760000228881836,-0.14999961853027344,-3.0549821423993127
2013-09-28,4.260000228881836,4.139999866485596,-0.12000036239624023,-2.816909764057405
2013-09-29,3.619999885559082,3.5299999713897705,-0.08999991416931152,-2.4861855528874335
2013-09-30,3.2300000190734863,3.1600000858306885,-0.06999993324279785,-2.1671805829548285
2013-10-01,2.950000047683716,2.880000114440918,-0.06999993324279785,-2.372879054621049
2013-10-02,2.6700000762939453,2.630000114440918,-0.039999961853027344,-1.4981258692901878
2013-10-03,2.4600000381469727,2.4200000762939453,-0.039999961853027344,-1.62601468425821
2013-10-04,2.2799999713897705,2.259999990463257,-0.019999980926513672,-0.8771921569070333
2013-10-05,2.190000057220459,2.1600000858306885,-0.029999971389770508,-1.3698616715036243
2013-10-06,2.0999999046325684,2.0799999237060547,-0.019999980926513672,-0.9523800873701953
2013-10-07,2.5,2.4600000381469727,-0.039999961853027344,-1.5999984741210938
2013-10-08,8.149999618530273,7.949999809265137,-0.19999980926513672,-2.453985504617773
2013-10-09,5.070000171661377,4.929999828338623,-0.1400003433227539,-2.7613479010372006
2013-10-10,3.630000114440918,3.539999961853028,-0.09000015258789018,-2.479342968333535
2013-10-11,3.0,2.940000057220459,-0.059999942779541016,-1.9999980926513672
2013-10-12,2.650000095367432,2.5999999046325684,-0.050000190734863725,-1.8867995824706194
2013-10-13,2.430000066757202,2.390000104904175,-0.039999961853027344,-1.6460889199236393
2013-10-14,2.5,2.4600000381469727,-0.039999961853027344,-1.5999984741210938
2013-10-15,3.180000066757202,3.0999999046325684,-0.08000016212463379,-2.515728315886917
2013-10-16,3.0,2.930000066757202,-0.06999993324279785,-2.3333311080932617
2013-10-17,3.130000114440918,3.059999942779541,-0.07000017166137695,-2.2364271278590806
2013-10-18,8.800000190734863,8.630000114440918,-0.1700000762939453,-1.9318190069237837
2013-10-19,9.489999771118164,9.270000457763672,-0.2199993133544922,-2.318222535937645
2013-10-20,5.820000171661377,5.650000095367432,-0.1700000762939453,-2.92096342405119
2013-10-21,4.460000038146973,4.329999923706055,-0.13000011444091797,-2.9148007472872135
2013-10-22,3.849999904632568,3.75,-0.09999990463256792,-2.59740018466602
2013-10-23,4.909999847412109,4.769999980926514,-0.1399998664855957,-2.8513211982966715
2013-10-24,4.260000228881836,4.139999866485596,-0.12000036239624023,-2.816909764057405
2013-10-25,3.630000114440918,3.539999961853028,-0.09000015258789018,-2.479342968333535
2013-10-26,3.380000114440918,3.299999952316284,-0.08000016212463379,-2.3668686217741897
2013-10-27,3.660000085830689,3.569999933242798,-0.09000015258789107,-2.4590205048441756
2013-10-28,3.930000066757202,3.819999933242798,-0.1100001335144043,-2.798985538063101
2013-10-29,4.050000190734863,3.940000057220459,-0.1100001335144043,-2.7160525514554363
2013-10-30,3.430000066757202,3.3499999046325684,-0.08000016212463379,-2.332366197306454
2013-10-31,3.430000066757202,3.3499999046325684,-0.08000016212463379,-2.332366197306454
2013-11-01,15.699999809265137,15.600000381469728,-0.09999942779540838,-0.6369390382819948
2013-11-02,17.5,17.299999237060547,-0.20000076293945312,-1.1428615025111608
2013-11-03,13.300000190734863,13.100000381469728,-0.19999980926513494,-1.5037579428341676
2013-11-04,7.840000152587891,7.639999866485596,-0.20000028610229492,-2.551024007777311
2013-11-05,5.739999771118164,5.570000171661377,-0.1699995994567871,-2.9616656138589152
2013-11-06,5.329999923706055,5.179999828338623,-0.15000009536743164,-2.8142607413610166
2013-11-07,12.199999809265137,12.0,-0.19999980926513672,-1.639342724524056
2013-11-08,18.299999237060547,18.100000381469727,-0.1999988555908203,-1.0928899668246397
2013-11-09,9.649999618530272,9.43000030517578,-0.2199993133544922,-2.279785720737664
2013-11-10,7.429999828338623,7.21999979019165,-0.21000003814697266,-2.8263801211140738
2013-11-11,14.5,14.300000190734863,-0.19999980926513672,-1.379309029414736
2013-11-12,11.5,11.300000190734863,-0.19999980926513672,-1.73912877621858
2013-11-13,7.789999961853027,7.579999923706055,-0.21000003814697266,-2.6957643026357525
2013-11-14,6.800000190734863,6.610000133514404,-0.19000005722045898,-2.794118410163251
2013-11-15,6.659999847412109,6.46999979019165,-0.19000005722045898,-2.852853777380907
2013-11-16,7.619999885559082,7.409999847412109,-0.21000003814697266,-2.755906053817019
2013-11-17,7.78000020980835,7.570000171661377,-0.21000003814697266,-2.6992292093028842
2013-11-18,39.20000076293945,39.09999847412109,-0.10000228881836648,-0.2551078746735915
2013-11-19,27.200000762939453,27.100000381469727,-0.10000038146972656,-0.3676484509734981
2013-11-20,12.899999618530272,12.699999809265137,-0.19999980926513494,-1.5503861641813088
2013-11-21,8.0600004196167,7.849999904632568,-0.21000051498413086,-2.6054653108084778
2013-11-22,8.050000190734863,7.840000152587891,-0.21000003814697266,-2.6086960642395005
2013-11-23,9.199999809265137,8.979999542236328,-0.2200002670288086,-2.3913072998898404
2013-11-24,6.059999942779541,5.900000095367432,-0.15999984741210938,-2.640261533380844
2013-11-25,4.380000114440918,4.25,-0.13000011444091797,-2.9680390649375985
2013-11-26,6.139999866485596,5.96999979019165,-0.1700000762939453,-2.7687309444723116
2013-11-27,22.600000381469727,22.5,-0.10000038146972656,-0.4424795565566416
2013-11-28,32.20000076293945,32.099998474121094,-0.10000228881835938,-0.3105661069842485
2013-11-29,12.399999618530272,12.199999809265137,-0.19999980926513494,-1.6129017372408614
2013-11-30,7.420000076293945,7.21999979019165,-0.20000028610229492,-2.6954216178686177
2013-12-01,8.40999984741211,8.199999809265137,-0.21000003814697266,-2.4970278472905445
2013-12-02,8.420000076293945,8.210000038146973,-0.21000003814697266,-2.494062188172853
2013-12-03,8.260000228881836,8.039999961853027,-0.2200002670288086,-2.6634414156498183
2013-12-04,8.239999771118164,8.020000457763672,-0.2199993133544922,-2.669894653706263
2013-12-05,7.239999771118164,7.039999961853027,-0.19999980926513672,-2.7624283920971484
2013-12-06,24.899999618530277,24.799999237060547,-0.10000038146973012,-0.4016079638624213
2013-12-07,16.0,15.800000190734863,-0.19999980926513672,-1.2499988079071045
2013-12-08,6.480000019073486,6.300000190734863,-0.17999982833862305,-2.777775120506242
2014-01-17,26.899999618530277,26.799999237060547,-0.10000038146973012,-0.3717486352707755
2014-01-18,17.700000762939453,17.5,-0.20000076293945312,-1.1299477645120668
2014-04-10,88.30000305175781,88.4000015258789,0.09999847412109375,0.11324855114951557
2014-04-17,55.59999847412109,55.70000076293945,0.10000228881836648,0.17986023662376963
2014-04-25,27.100000381469727,27.0,-0.10000038146972656,-0.3690050924800142
2014-04-26,23.899999618530277,23.799999237060547,-0.10000038146973012,-0.41841164462696173
2014-04-29,21.700000762939453,21.5,-0.20000076293945312,-0.9216624696208595
2014-04-30,18.399999618530277,18.200000762939453,-0.19999885559082387,-1.0869503246587513
2014-05-03,26.799999237060547,26.700000762939453,-0.09999847412109375,-0.37312864540238583
2014-05-07,22.0,21.899999618530277,-0.10000038146972301,-0.45454718849874093
2014-05-08,15.600000381469728,15.399999618530272,-0.20000076293945668,-1.2820561413384655
2014-05-09,12.300000190734863,12.0,-0.3000001907348633,-2.4390259031121184
2014-05-10,16.899999618530273,16.700000762939453,-0.1999988555908203,-1.1834252077232499
2014-05-11,16.0,15.800000190734863,-0.19999980926513672,-1.2499988079071045
2014-05-12,10.600000381469728,10.399999618530272,-0.20000076293945668,-1.8867995824706363
2014-05-13,8.289999961853027,8.079999923706055,-0.21000003814697266,-2.5331729687973636
2014-05-14,7.460000038146973,7.25,-0.21000003814697266,-2.815013901784585
2014-05-15,7.769999980926514,7.559999942779541,-0.21000003814697266,-2.70270320028922
2014-05-16,6.46999979019165,6.289999961853027,-0.17999982833862305,-2.7820685343993063
2014-05-17,33.099998474121094,33.0,-0.09999847412109375,-0.30211020764631324
2014-05-18,25.299999237060547,25.200000762939453,-0.09999847412109375,-0.3952508977731968
2014-05-19,13.0,12.800000190734863,-0.19999980926513672,-1.5384600712702825
2014-05-20,11.899999618530272,11.699999809265137,-0.19999980926513494,-1.6806707199696216
2014-05-21,8.890000343322754,8.670000076293945,-0.2200002670288086,-2.4746935717955285
2014-05-22,7.260000228881836,7.059999942779541,-0.20000028610229492,-2.754824790592305
2014-05-23,9.239999771118164,9.010000228881836,-0.22999954223632812,-2.489172596683897
2014-05-24,7.960000038146973,7.75,-0.21000003814697266,-2.638191421364102
2014-05-25,6.369999885559082,6.190000057220459,-0.17999982833862305,-2.825743038813647
2014-05-26,5.710000038146973,5.550000190734863,-0.15999984741210938,-2.8020988851697632
2014-05-27,12.899999618530272,12.699999809265137,-0.19999980926513494,-1.5503861641813088
2014-05-28,18.600000381469727,18.399999618530277,-0.20000076293944957,-1.0752728969763925
2014-05-29,9.770000457763672,9.550000190734863,-0.2200002670288086,-2.25179382518848
2014-05-30,6.409999847412109,6.21999979019165,-0.19000005722045898,-2.964119527977324
2014-05-31,5.610000133514404,5.449999809265137,-0.16000032424926758,-2.852055622840686
2014-06-01,4.809999942779541,4.670000076293945,-0.1399998664855957,-2.9106001694605923
2014-06-02,4.0,3.890000104904175,-0.1099998950958252,-2.74999737739563
2014-06-03,3.4600000381469727,3.380000114440918,-0.07999992370605469,-2.3121364978047576
2014-06-04,2.9200000762939453,2.859999895095825,-0.06000018119812012,-2.0548006722750554
2014-06-05,2.759999990463257,2.7100000381469727,-0.04999995231628418,-1.8115924814873587
2014-06-06,3.7300000190734863,3.630000114440918,-0.09999990463256836,-2.6809625769762824
2014-06-07,2.9800000190734863,2.9200000762939453,-0.059999942779541016,-2.013420885755418
2014-06-08,2.4800000190734863,2.450000047683716,-0.029999971389770508,-1.209676256413027
2014-06-09,2.140000104904175,2.119999885559082,-0.020000219345092773,-0.9345896432088421
2014-06-10,2.130000114440918,2.109999895095825,-0.020000219345092773,-0.9389773835924149
2014-06-11,2.4200000762939453,2.390000104904175,-0.029999971389770508,-1.2396682001644104
2014-06-12,3.0899999141693115,3.0199999809265137,-0.06999993324279785,-2.265370070782543
2014-06-13,19.600000381469727,19.399999618530277,-0.20000076293944957,-1.020412035953503
2014-06-14,19.299999237060547,19.100000381469727,-0.1999988555908203,-1.0362635414346306
2014-06-15,14.199999809265137,14.0,-0.19999980926513672,-1.4084493799404276
2014-06-16,6.869999885559082,6.679999828338623,-0.19000005722045898,-2.765648622787375
2014-06-17,4.349999904632568,4.230000019073486,-0.11999988555908203,-2.7586181193081676
2014-06-18,24.0,23.899999618530277,-0.10000038146972301,-0.4166682561238459
2014-06-19,23.899999618530277,23.799999237060547,-0.10000038146973012,-0.41841164462696173
2014-06-20,8.390000343322754,8.180000305175781,-0.21000003814697266,-2.502980090031853
2014-06-21,5.260000228881836,5.110000133514404,-0.15000009536743164,-2.8517127155965634
2014-06-22,4.059999942779541,3.950000047683716,-0.1099998950958252,-2.7093570602495505
2014-06-23,3.3499999046325684,3.2699999809265137,-0.07999992370605469,-2.388057492044292
2014-06-24,2.940000057220459,2.880000114440918,-0.059999942779541016,-2.040814340536656
2014-06-25,7.980000019073486,7.829999923706055,-0.15000009536743164,-1.8797004387081107
2014-06-27,17.799999237060547,17.700000762939453,-0.09999847412109375,-0.5617892045348609
2014-06-28,7.630000114440918,7.420000076293945,-0.21000003814697266,-2.75229403666084
2014-06-29,4.900000095367432,4.760000228881836,-0.1399998664855957,-2.8571400767513184
2014-06-30,3.75,3.660000085830689,-0.08999991416931108,-2.3999977111816286
2014-07-01,3.180000066757202,3.109999895095825,-0.07000017166137695,-2.2012632135809818
2014-07-02,2.680000066757202,2.630000114440918,-0.04999995231628418,-1.8656698160751943
2014-07-03,2.390000104904175,2.359999895095825,-0.03000020980834961,-1.2552388490188977
2014-07-04,31.700000762939453,31.600000381469727,-0.10000038146972656,-0.31545860903144596
2014-07-05,14.600000381469728,14.399999618530272,-0.20000076293945668,-1.3698682035193437
2014-07-06,6.510000228881836,6.329999923706055,-0.18000030517578125,-2.7649815491127607
2014-07-07,4.300000190734863,4.179999828338623,-0.12000036239624023,-2.7907059784509536
2014-07-08,3.900000095367432,3.799999952316284,-0.1000001430511479,-2.564106169380146
2014-07-09,4.480000019073486,4.360000133514404,-0.11999988555908203,-2.6785688626827135
2014-07-10,3.109999895095825,3.039999961853028,-0.06999993324279741,-2.2508017879094036
2014-07-11,2.6600000858306885,2.609999895095825,-0.05000019073486328,-1.8797063579510667
2014-07-12,2.1600000858306885,2.140000104904175,-0.019999980926513672,-0.9259250061011974
2014-07-13,2.0,1.9800000190734863,-0.019999980926513672,-0.9999990463256836
2014-07-14,4.420000076293945,4.300000190734863,-0.11999988555908203,-2.7149294906731947
2014-07-15,2.789999961853028,2.7300000190734863,-0.05999994277954146,-2.150535612899845
2014-07-16,3.650000095367432,3.569999933242798,-0.08000016212463423,-2.191785206421506
2014-07-17,4.980000019073486,4.840000152587891,-0.1399998664855957,-2.8112422881404378
2014-07-18,2.7799999713897705,2.7300000190734863,-0.04999995231628418,-1.7985594543473442
2014-07-19,2.0799999237060547,2.059999942779541,-0.019999980926513672,-0.9615375798129148
2014-07-20,1.7599999904632568,1.75,-0.009999990463256836,-0.5681812794001605
2014-07-23,4.449999809265137,4.409999847412109,-0.039999961853027344,-0.8988755857864373
2014-07-24,17.200000762939453,17.0,-0.20000076293945312,-1.162795081790876
2014-07-25,5.260000228881836,5.119999885559082,-0.1400003433227539,-2.661603369407362
2014-07-26,3.049999952316284,2.990000009536743,-0.059999942779541016,-1.967211269428867
2014-07-27,2.5,2.4600000381469727,-0.039999961853027344,-1.5999984741210938
2014-07-28,5.539999961853027,5.429999828338623,-0.1100001335144043,-1.9855619904663553
2014-07-29,26.600000381469727,26.5,-0.10000038146972656,-0.37594127832941504
2014-07-30,9.18000030517578,8.970000267028809,-0.21000003814697088,-2.287582038843405
2014-07-31,4.75,4.610000133514404,-0.1399998664855957,-2.9473656102230676
2014-08-01,3.4800000190734863,3.400000095367432,-0.07999992370605424,-2.2988483697581525
2014-08-02,6.360000133514404,6.300000190734863,-0.059999942779541016,-0.9433953069178049
2014-08-03,40.0,39.900001525878906,-0.09999847412109375,-0.24999618530273438
2014-08-04,14.399999618530272,14.199999809265137,-0.19999980926513494,-1.3888876011341715
2014-08-05,10.899999618530272,10.699999809265137,-0.19999980926513494,-1.8348606996749823
2014-08-06,9.649999618530272,9.43000030517578,-0.2199993133544922,-2.279785720737664
2014-08-07,6.559999942779541,6.369999885559082,-0.19000005722045898,-2.896342360941454
2014-08-08,9.890000343322754,9.670000076293944,-0.22000026702881037,-2.2244717835358196
2014-08-09,7.789999961853027,7.579999923706055,-0.21000003814697266,-2.6957643026357525
2014-08-10,4.849999904632568,4.710000038146973,-0.1399998664855957,-2.8865952420302565
2014-08-11,3.559999942779541,3.470000028610229,-0.08999991416931197,-2.5280875173004285
2014-08-12,3.0299999713897705,2.970000028610229,-0.05999994277954146,-1.9801961500356475
2014-08-13,3.819999933242798,3.740000009536743,-0.07999992370605469,-2.0942388770709415
2014-08-15,20.899999618530277,20.799999237060547,-0.10000038146973012,-0.47847073346866553
2014-08-16,10.100000381469728,9.920000076293944,-0.1800003051757848,-1.7821811720525063
2014-08-17,13.100000381469728,12.899999618530272,-0.20000076293945668,-1.5267233367593078
2014-08-18,27.5,27.399999618530277,-0.10000038146972301,-0.36363775079899274
2014-08-19,14.100000381469728,13.899999618530272,-0.20000076293945668,-1.418445088854738
2014-08-20,7.929999828338623,7.71999979019165,-0.21000003814697266,-2.6481720390020334
2014-08-21,5.460000038146973,5.300000190734863,-0.15999984741210938,-2.930400115279312
2014-08-22,4.380000114440918,4.260000228881836,-0.11999988555908203,-2.7397233430072485
2014-08-23,3.849999904632568,3.75,-0.09999990463256792,-2.59740018466602
2014-08-24,3.390000104904175,3.309999942779541,-0.08000016212463379,-2.3598867153101506
2014-08-25,2.9200000762939453,2.859999895095825,-0.06000018119812012,-2.0548006722750554
2014-08-26,2.569999933242798,2.5199999809265137,-0.04999995231628418,-1.945523486967363
2014-08-27,2.490000009536743,2.450000047683716,-0.039999961853027344,-1.6064241646516786
2014-08-28,2.369999885559082,2.3399999141693115,-0.029999971389770508,-1.2658216387505659
2014-08-29,2.130000114440918,2.109999895095825,-0.020000219345092773,-0.9389773835924149
2014-08-30,1.919999957084656,1.899999976158142,-0.019999980926513894,-1.0416656965389746
2014-08-31,2.0799999237060547,2.059999942779541,-0.019999980926513672,-0.9615375798129148
2014-09-01,2.650000095367432,2.609999895095825,-0.04000020027160689,-1.5094414653619368
2014-09-02,2.490000009536743,2.450000047683716,-0.039999961853027344,-1.6064241646516786
2014-09-03,15.800000190734863,15.600000381469728,-0.19999980926513494,-1.2658215623466578
2014-09-04,6.190000057220459,6.019999980926514,-0.1700000762939453,-2.746366312156089
2014-09-05,3.5299999713897705,3.440000057220459,-0.08999991416931152,-2.5495726600212496
2014-09-06,2.9800000190734863,2.9200000762939453,-0.059999942779541016,-2.013420885755418
2014-09-07,6.71999979019165,6.539999961853027,-0.17999982833862305,-2.6785689577155414
2014-09-08,4.389999866485596,4.269999980926514,-0.11999988555908203,-2.7334826699014836
2014-09-09,2.990000009536743,2.930000066757202,-0.059999942779541016,-2.006687043082556
2014-09-10,2.3499999046325684,2.319999933242798,-0.029999971389770508,-1.2765945790308924
2014-09-11,2.25,2.220000028610229,-0.029999971389770952,-1.3333320617675979
2014-09-12,2.430000066757202,2.390000104904175,-0.039999961853027344,-1.6460889199236393
2014-09-13,2.1600000858306885,2.140000104904175,-0.019999980926513672,-0.9259250061011974
2014-09-14,2.240000009536743,2.220000028610229,-0.019999980926514116,-0.8928562875609243
2014-09-15,2.180000066757202,2.1600000858306885,-0.019999980926513672,-0.9174302896359119
2014-09-16,2.140000104904175,2.109999895095825,-0.03000020980834961,-1.401878894285987
2014-09-17,2.5199999809265137,2.4800000190734863,-0.039999961853027344,-1.5873000855468575
2014-09-18,2.299999952316284,2.259999990463257,-0.039999961853027344,-1.7391288122742863
2014-09-19,1.9700000286102293,1.950000047683716,-0.019999980926513228,-1.0152274434545345
2014-09-20,1.7599999904632568,1.75,-0.009999990463256836,-0.5681812794001605
2014-09-21,1.6699999570846558,1.659999966621399,-0.009999990463256836,-0.5988018395350124
2014-09-22,2.309999942779541,2.2799999713897705,-0.029999971389770508,-1.2987000923330156
2014-09-23,3.630000114440918,3.539999961853028,-0.09000015258789018,-2.479342968333535
2014-09-24,2.619999885559082,2.569999933242798,-0.04999995231628418,-1.908395209933938
2014-09-25,2.1700000762939453,2.140000104904175,-0.029999971389770508,-1.382487112212744
2014-09-26,1.8799999952316284,1.870000004768372,-0.009999990463256392,-0.5319143876925556
2014-09-28,1.5700000524520874,1.559999942779541,-0.010000109672546387,-0.6369496393919112
2014-10-05,10.800000190734863,10.600000381469728,-0.19999980926513494,-1.8518500530834376
2014-10-06,5.550000190734863,5.389999866485596,-0.16000032424926758,-2.882888626136827
2014-10-07,3.430000066757202,3.3499999046325684,-0.08000016212463379,-2.332366197306454
2014-10-08,3.849999904632568,3.75,-0.09999990463256792,-2.59740018466602
2014-10-09,5.369999885559082,5.210000038146973,-0.15999984741210938,-2.979513050686992
2014-10-10,3.900000095367432,3.799999952316284,-0.1000001430511479,-2.564106169380146
2014-10-11,3.109999895095825,3.039999961853028,-0.06999993324279741,-2.2508017879094036
2014-10-12,2.630000114440918,2.5899999141693115,-0.040000200271606445,-1.5209200962377005
2014-10-13,2.3399999141693115,2.299999952316284,-0.039999961853027344,-1.7094001418896263
2014-10-14,2.1600000858306885,2.130000114440918,-0.029999971389770508,-1.388887509151796
2014-10-15,2.049999952316284,2.0299999713897705,-0.019999980926513672,-0.9756088483765962
2014-10-16,2.0799999237060547,2.059999942779541,-0.019999980926513672,-0.9615375798129148
2014-10-17,23.799999237060547,23.700000762939453,-0.09999847412109375,-0.4201616694398021
2014-10-18,19.700000762939453,19.5,-0.20000076293945312,-1.015232259867237
2014-10-19,21.600000381469727,21.5,-0.10000038146972656,-0.4629647208502607
2014-10-20,10.199999809265137,9.960000038146973,-0.23999977111816406,-2.3529389765297943
2014-10-21,6.900000095367432,6.710000038146973,-0.19000005722045898,-2.753623979628964
2014-10-22,16.700000762939453,16.5,-0.20000076293945312,-1.1976093042061033
2014-10-23,19.0,18.799999237060547,-0.20000076293945312,-1.0526355944181744
2014-10-25,25.700000762939453,25.600000381469727,-0.10000038146972656,-0.38910653113260435
2014-10-27,21.700000762939453,21.5,-0.20000076293945312,-0.9216624696208595
2014-10-28,15.5,15.300000190734863,-0.19999980926513672,-1.2903213500976562
2014-10-29,15.699999809265137,15.5,-0.19999980926513672,-1.2738841509227892
2014-10-30,12.399999618530272,12.199999809265137,-0.19999980926513494,-1.6129017372408614
2014-10-31,9.609999656677246,9.380000114440918,-0.22999954223632812,-2.3933355926450965
2014-11-01,7.940000057220459,7.730000019073486,-0.21000003814697266,-2.6448367334204654
2014-11-02,6.989999771118164,6.800000190734863,-0.18999958038330078,-2.7181628984933037
2014-11-03,6.059999942779541,5.880000114440918,-0.17999982833862305,-2.9702942250534496
2014-11-04,5.480000019073486,5.320000171661377,-0.15999984741210938,-2.9197052345843026
2014-11-05,6.050000190734863,5.880000114440918,-0.1700000762939453,-2.809918527842166
2014-11-06,6.309999942779541,6.130000114440918,-0.17999982833862305,-2.8526122023914553
2014-11-07,12.399999618530272,12.199999809265137,-0.19999980926513494,-1.6129017372408614
2014-11-08,13.800000190734863,13.600000381469728,-0.19999980926513494,-1.4492739601511901
2014-11-09,8.829999923706055,8.609999656677246,-0.2200002670288086,-2.491509274401804
2014-11-10,7.860000133514404,7.650000095367432,-0.21000003814697266,-2.6717561651373196
2014-11-11,7.349999904632568,7.139999866485596,-0.21000003814697266,-2.857143413221183
2014-11-12,7.519999980926514,7.309999942779541,-0.21000003814697266,-2.7925537058458776
2014-11-13,10.800000190734863,10.600000381469728,-0.19999980926513494,-1.8518500530834376
2014-11-14,7.989999771118164,7.78000020980835,-0.20999956130981445,-2.628279941495242
2014-11-15,6.429999828338623,6.25,-0.17999982833862305,-2.79937532105862
2014-11-16,5.329999923706055,5.179999828338623,-0.15000009536743164,-2.8142607413610166
2014-11-17,5.739999771118164,5.570000171661377,-0.1699995994567871,-2.9616656138589152
2014-11-18,10.800000190734863,10.600000381469728,-0.19999980926513494,-1.8518500530834376
2014-11-19,7.429999828338623,7.230000019073486,-0.19999980926513672,-2.6917875354763967
2014-11-20,5.880000114440918,5.710000038146973,-0.1700000762939453,-2.8911577038312566
2014-11-21,5.389999866485596,5.230000019073486,-0.15999984741210938,-2.9684573539040358
2014-11-22,4.630000114440918,4.5,-0.13000011444091797,-2.8077777802952766
2014-11-23,6.480000019073486,6.289999961853027,-0.19000005722045898,-2.932099639833416
2014-11-24,27.799999237060547,27.600000381469727,-0.1999988555908203,-0.7194203635955472
2014-11-26,21.0,20.799999237060547,-0.20000076293945312,-0.9523845854259673
2014-11-27,14.300000190734863,14.100000381469728,-0.19999980926513494,-1.398600046136483
2014-11-28,11.199999809265137,11.0,-0.19999980926513672,-1.7857126131349395
2014-11-29,8.579999923706055,8.359999656677246,-0.2200002670288086,-2.5641056991266433
2014-11-30,9.039999961853027,8.819999694824219,-0.2200002670288086,-2.433631282712005
2014-12-01,27.100000381469727,27.0,-0.10000038146972656,-0.3690050924800142
2014-12-02,15.899999618530272,15.699999809265137,-0.19999980926513494,-1.2578604658081247
2014-12-03,10.899999618530272,10.699999809265137,-0.19999980926513494,-1.8348606996749823
2014-12-04,12.899999618530272,12.699999809265137,-0.19999980926513494,-1.5503861641813088
2014-12-05,5.849999904632568,5.679999828338623,-0.1700000762939453,-2.90598425752663
2014-12-06,8.579999923706055,8.359999656677246,-0.2200002670288086,-2.5641056991266433
2014-12-07,6.710000038146973,6.519999980926514,-0.19000005722045898,-2.8315954715393596
2014-12-08,4.360000133514404,4.239999771118164,-0.12000036239624023,-2.7523018055394695
2014-12-09,6.820000171661377,6.639999866485596,-0.18000030517578125,-2.6393005959695235
2014-12-10,9.130000114440918,8.90999984741211,-0.2200002670288086,-2.4096414487534807
2014-12-11,10.199999809265137,9.960000038146973,-0.23999977111816406,-2.3529389765297943
2014-12-12,11.0,10.800000190734863,-0.19999980926513672,-1.8181800842285156
2014-12-13,9.119999885559082,8.899999618530273,-0.2200002670288086,-2.412283659972019
2014-12-14,8.199999809265137,7.980000019073486,-0.2199997901916504,-2.68292433303564
2014-12-15,7.429999828338623,7.230000019073486,-0.19999980926513672,-2.6917875354763967
2014-12-16,6.820000171661377,6.630000114440918,-0.19000005722045898,-2.7859245225528237
2014-12-17,8.239999771118164,8.039999961853027,-0.19999980926513672,-2.427182218695582
2014-12-18,28.700000762939453,28.600000381469727,-0.10000038146972656,-0.34843337564944554
2014-12-19,15.199999809265137,15.0,-0.19999980926513672,-1.3157882353605501
2014-12-20,8.449999809265137,8.239999771118164,-0.21000003814697266,-2.485207608131716
2014-12-24,16.299999237060547,16.200000762939453,-0.09999847412109375,-0.6134876000100165
2014-12-27,30.799999237060547,30.700000762939453,-0.09999847412109375,-0.3246703785653642
2014-12-29,29.100000381469727,29.0,-0.10000038146972656,-0.34364391807157746
2014-12-30,11.300000190734863,11.100000381469728,-0.19999980926513494,-1.7699097866309728
2015-04-22,51.0,51.09999847412109,0.09999847412108664,0.19607543945311107
2015-04-25,26.600000381469727,26.5,-0.10000038146972656,-0.37594127832941504
2015-04-26,27.299999237060547,27.200000762939453,-0.09999847412109375,-0.3662947872370007
2015-04-28,48.400001525878906,48.5,0.09999847412109375,0.2066084110919413
2015-04-30,26.399999618530277,26.299999237060547,-0.10000038146973012,-0.37878932922233605
2015-05-01,21.899999618530277,21.700000762939453,-0.19999885559082387,-0.9132367994271495
2015-05-02,18.5,18.299999237060547,-0.20000076293945312,-1.081085205078125
2015-05-03,15.899999618530272,15.699999809265137,-0.19999980926513494,-1.2578604658081247
2015-05-04,13.600000381469728,13.399999618530272,-0.20000076293945668,-1.4705938038940183
2015-05-05,15.199999809265137,15.0,-0.19999980926513672,-1.3157882353605501
2015-05-06,12.0,11.800000190734863,-0.19999980926513672,-1.6666650772094727
2015-05-07,9.149999618530272,8.930000305175781,-0.2199993133544904,-2.4043641806165237
2015-05-08,7.590000152587891,7.380000114440918,-0.21000003814697266,-2.7667988659443035
2015-05-09,6.480000019073486,6.289999961853027,-0.19000005722045898,-2.932099639833416
2015-05-10,6.090000152587891,5.920000076293945,-0.1700000762939453,-2.7914625949837673
2015-05-11,23.0,22.899999618530277,-0.10000038146972301,-0.43478426725966524
2015-05-13,27.700000762939453,27.600000381469727,-0.10000038146972656,-0.36101219752859953
2015-05-14,14.399999618530272,14.199999809265137,-0.19999980926513494,-1.3888876011341715
2015-05-15,9.65999984741211,9.4399995803833,-0.2200002670288086,-2.2774355124627266
2015-05-16,7.599999904632568,7.389999866485596,-0.21000003814697266,-2.763158431343762
2015-05-17,7.440000057220459,7.239999771118164,-0.20000028610229492,-2.6881758677971552
2015-05-18,6.289999961853027,6.110000133514404,-0.17999982833862305,-2.8616825028659507
2015-05-19,18.5,18.399999618530277,-0.10000038146972301,-0.5405426025390433
2015-05-20,20.299999237060547,20.200000762939453,-0.09999847412109375,-0.4926033393071871
2015-05-21,10.800000190734863,10.5,-0.3000001907348633,-2.7777794947839753
2015-05-22,7.139999866485596,6.940000057220459,-0.19999980926513672,-2.801117829202136
2015-05-23,5.940000057220459,5.760000228881836,-0.17999982833862305,-3.0303001111897543
2015-05-24,5.070000171661377,4.920000076293945,-0.15000009536743164,-2.9585816624988093
2015-05-25,4.570000171661377,4.440000057220459,-0.13000011444091797,-2.8446413469970997
2015-05-26,8.010000228881836,7.809999942779541,-0.20000028610229492,-2.496882401840008
2015-05-27,7.809999942779541,7.610000133514404,-0.19999980926513672,-2.560817038802151
2015-05-28,36.59999847412109,36.5,-0.09999847412108664,-0.2732198860385007
2015-05-30,15.199999809265137,15.0,-0.19999980926513672,-1.3157882353605501
2015-05-31,64.0999984741211,64.19999694824219,0.09999847412109375,0.156003863496917
2015-06-04,19.600000381469727,19.399999618530277,-0.20000076293944957,-1.020412035953503
2015-06-05,12.699999809265137,12.5,-0.19999980926513672,-1.57480167140813
2015-06-06,18.700000762939453,18.5,-0.20000076293945312,-1.0695227528323106
2015-06-07,10.800000190734863,10.600000381469728,-0.19999980926513494,-1.8518500530834376
2015-06-08,13.800000190734863,13.600000381469728,-0.19999980926513494,-1.4492739601511901
2015-06-09,63.29999923706055,63.20000076293945,-0.09999847412109375,-0.15797547444921164
2015-06-12,20.0,19.899999618530277,-0.10000038146972301,-0.500001907348615
2015-06-14,25.600000381469727,25.5,-0.10000038146972656,-0.3906264842953312
2015-06-15,14.100000381469728,13.800000190734863,-0.30000019073486506,-2.1276608696346306
2015-06-16,14.399999618530272,14.199999809265137,-0.19999980926513494,-1.3888876011341715
2015-06-17,21.600000381469727,21.5,-0.10000038146972656,-0.4629647208502607
2015-06-18,10.600000381469728,10.399999618530272,-0.20000076293945668,-1.8867995824706363
2015-06-19,11.5,11.300000190734863,-0.19999980926513672,-1.73912877621858
2015-06-20,8.989999771118164,8.770000457763672,-0.2199993133544922,-2.4471559394392397
2015-06-21,6.989999771118164,6.789999961853027,-0.19999980926513672,-2.861227694048172
2015-06-22,20.200000762939453,20.100000381469727,-0.10000038146972656,-0.49505137471675403
2015-06-23,14.0,13.800000190734863,-0.19999980926513672,-1.428570066179548
2015-06-24,10.699999809265137,10.5,-0.19999980926513672,-1.8691571292548692
2015-06-25,6.610000133514404,6.420000076293945,-0.19000005722045898,-2.8744334853657523
2015-06-26,4.909999847412109,4.769999980926514,-0.1399998664855957,-2.8513211982966715
2015-06-27,4.039999961853027,3.930000066757202,-0.1099998950958252,-2.7227697062989953
2015-06-28,3.920000076293945,3.819999933242798,-0.10000014305114702,-2.5510240077773
2015-06-29,5.590000152587891,5.429999828338623,-0.16000032424926758,-2.8622597474383866
2015-06-30,4.489999771118164,4.369999885559082,-0.11999988555908203,-2.672603378088769
2015-07-01,4.349999904632568,4.230000019073486,-0.11999988555908203,-2.7586181193081676
2015-07-02,8.460000038146973,8.25,-0.21000003814697266,-2.482269943263142
2015-07-03,5.179999828338623,5.039999961853027,-0.1399998664855957,-2.7027002147700405
2015-07-04,3.5299999713897705,3.450000047683716,-0.07999992370605469,-2.2662868089077777
2015-07-05,2.940000057220459,2.880000114440918,-0.059999942779541016,-2.040814340536656
2015-07-06,2.609999895095825,2.559999942779541,-0.04999995231628418,-1.9157070622965848
2015-07-07,2.3299999237060547,2.299999952316284,-0.029999971389770508,-1.2875524623216772
2015-07-08,3.2699999809265137,3.200000047683716,-0.06999993324279785,-2.14067075385622
2015-07-09,3.9700000286102295,3.869999885559082,-0.10000014305114746,-2.518895272808205
2015-07-10,2.6700000762939453,2.630000114440918,-0.039999961853027344,-1.4981258692901878
2015-07-11,2.150000095367432,2.130000114440918,-0.019999980926514116,-0.9302316297384232
2015-07-12,1.8899999856948853,1.8799999952316284,-0.009999990463256836,-0.5291000285156192
2015-07-13,1.75,1.7400000095367432,-0.009999990463256836,-0.5714280264718192
2015-07-14,1.6399999856948853,1.6299999952316284,-0.009999990463256836,-0.6097555213709185
2015-07-15,4.110000133514404,4.010000228881836,-0.09999990463256836,-2.433087624915959
2015-07-16,3.740000009536743,3.650000095367432,-0.08999991416931108,-2.4064148112250665
2015-07-17,2.3299999237060547,2.299999952316284,-0.029999971389770508,-1.2875524623216772
2015-07-18,2.0899999141693115,2.069999933242798,-0.019999980926513672,-0.9569369257348911
2015-07-19,8.1899995803833,8.09000015258789,-0.09999942779541016,-1.2209942969341407
2015-07-21,14.199999809265137,14.0,-0.19999980926513672,-1.4084493799404276
2015-07-22,9.100000381469728,8.880000114440918,-0.22000026702881037,-2.417585250620379
2015-07-23,5.579999923706055,5.420000076293945,-0.15999984741210938,-2.867380817199773
2015-07-24,5.190000057220459,5.039999961853027,-0.15000009536743164,-2.8901752160628154
2015-07-25,6.630000114440918,6.440000057220459,-0.19000005722045898,-2.8657625028786438
2015-07-26,4.570000171661377,4.440000057220459,-0.13000011444091797,-2.8446413469970997
2015-07-27,4.099999904632568,3.990000009536743,-0.1099998950958252,-2.68292433303564
2015-07-28,3.650000095367432,3.559999942779541,-0.09000015258789107,-2.4657575407222305
2015-07-29,2.700000047683716,2.650000095367432,-0.049999952316283736,-1.8518500530834376
2015-07-30,2.819999933242798,2.7699999809265137,-0.04999995231628418,-1.773047996451114
2015-07-31,8.25,8.050000190734863,-0.19999980926513672,-2.4242401123046875
2015-08-01,4.159999847412109,4.039999961853027,-0.11999988555908203,-2.884612739438744
2015-08-02,3.740000009536743,3.640000104904175,-0.09999990463256836,-2.6737942346945314
2015-08-03,2.880000114440918,2.819999933242798,-0.06000018119812012,-2.0833395421502505
2015-08-04,24.100000381469727,24.0,-0.10000038146972656,-0.41493933563011876
2015-08-05,19.100000381469727,18.899999618530277,-0.20000076293944957,-1.047124392382131
2015-08-06,17.299999237060547,17.100000381469727,-0.1999988555908203,-1.1560628000628874
2015-08-07,8.529999732971191,8.319999694824219,-0.21000003814697266,-2.4618997036454173
2015-08-08,5.630000114440918,5.46999979019165,-0.16000032424926758,-2.8419239963933154
2015-08-09,4.159999847412109,4.039999961853027,-0.11999988555908203,-2.884612739438744
2015-08-10,3.4600000381469727,3.380000114440918,-0.07999992370605469,-2.3121364978047576
2015-08-11,3.2699999809265137,3.200000047683716,-0.06999993324279785,-2.14067075385622
2015-08-12,5.639999866485596,5.46999979019165,-0.1700000762939453,-3.014185821246765
2015-08-13,5.570000171661377,5.409999847412109,-0.16000032424926758,-2.872537151135202
2015-08-14,4.130000114440918,4.019999980926514,-0.1100001335144043,-2.6634414156498183
2015-08-15,3.2699999809265137,3.190000057220459,-0.07999992370605469,-2.446480861549966
2015-08-16,2.890000104904175,2.8299999237060547,-0.06000018119812012,-2.076130761943677
2015-08-17,2.430000066757202,2.400000095367432,-0.029999971389770064,-1.2345666899427112
2015-08-18,2.059999942779541,2.039999961853028,-0.019999980926513228,-0.9708728874782112
2015-08-19,1.840000033378601,1.830000042915344,-0.009999990463257058,-0.5434777327093366
2015-08-22,2.059999942779541,2.039999961853028,-0.019999980926513228,-0.9708728874782112
2015-08-23,1.840000033378601,1.8200000524520876,-0.01999998092651345,-1.086955465418637
2015-08-25,9.859999656677246,9.829999923706056,-0.02999973297118963,-0.30425693727964426
2015-08-26,27.100000381469727,27.0,-0.10000038146972656,-0.3690050924800142
2015-08-27,7.789999961853027,7.590000152587891,-0.19999980926513672,-2.567391659108073
2015-08-28,4.710000038146973,4.579999923706055,-0.13000011444091797,-2.7600873330791553
2015-08-29,3.3399999141693115,3.2699999809265137,-0.06999993324279785,-2.095806438372543
2015-08-30,2.6600000858306885,2.609999895095825,-0.05000019073486328,-1.8797063579510667
2015-08-31,2.3299999237060547,2.299999952316284,-0.029999971389770508,-1.2875524623216772
2015-09-01,2.0799999237060547,2.059999942779541,-0.019999980926513672,-0.9615375798129148
2015-09-02,1.850000023841858,1.840000033378601,-0.009999990463256836,-0.5405400180747055
2015-09-03,1.7100000381469729,1.7000000476837158,-0.009999990463257058,-0.5847947508874598
2015-09-09,1.7999999523162842,1.7899999618530271,-0.009999990463257058,-0.5555550404536859
2015-09-10,4.579999923706055,4.460000038146973,-0.11999988555908203,-2.620084881180091
2015-09-11,2.630000114440918,2.5799999237060547,-0.05000019073486328,-1.901147853960921
2015-09-12,1.950000047683716,1.940000057220459,-0.009999990463257058,-0.5128200112166882
2015-09-13,1.7300000190734863,1.7200000286102295,-0.009999990463256836,-0.5780341244511894
2015-09-15,27.600000381469727,27.5,-0.10000038146972656,-0.3623202177086399
2015-09-16,8.34000015258789,8.140000343322754,-0.19999980926513672,-2.398079203908372
2015-09-17,4.659999847412109,4.53000020980835,-0.12999963760375977,-2.789691885418278
2015-09-18,3.319999933242798,3.240000009536743,-0.07999992370605469,-2.4096363046584477
2015-09-19,2.5999999046325684,2.549999952316284,-0.04999995231628418,-1.9230751596258295
2015-09-20,2.700000047683716,2.650000095367432,-0.049999952316283736,-1.8518500530834376
2015-09-21,3.240000009536743,3.1700000762939453,-0.06999993324279785,-2.160491760393744
2015-09-22,2.4200000762939453,2.380000114440918,-0.039999961853027344,-1.652890933552547
2015-09-23,2.039999961853028,2.0299999713897705,-0.00999999046325728,-0.49019562011039547
2015-09-24,1.7899999618530271,1.7799999713897705,-0.009999990463256614,-0.5586586970037987
2015-09-25,1.6200000047683716,1.6100000143051147,-0.009999990463256836,-0.6172833601124983
2015-09-26,1.5299999713897705,1.5199999809265137,-0.009999990463256836,-0.6535941601471651
2015-10-01,33.5,33.400001525878906,-0.09999847412109375,-0.29850290782416045
2015-10-02,11.5,11.300000190734863,-0.19999980926513672,-1.73912877621858
2015-10-03,6.840000152587891,6.650000095367432,-0.19000005722045898,-2.777778552367036
2015-10-04,5.019999980926514,4.869999885559082,-0.15000009536743164,-2.9880497198676674
2015-10-05,4.130000114440918,4.019999980926514,-0.1100001335144043,-2.6634414156498183
2015-10-06,3.549999952316284,3.4600000381469727,-0.08999991416931152,-2.5352088838927695
2015-10-07,3.2300000190734863,3.1600000858306885,-0.06999993324279785,-2.1671805829548285
2015-10-08,2.950000047683716,2.880000114440918,-0.06999993324279785,-2.372879054621049
2015-10-09,3.2300000190734863,3.1600000858306885,-0.06999993324279785,-2.1671805829548285
2015-10-10,8.399999618530273,8.180000305175781,-0.2199993133544922,-2.6190395636349435
2015-10-11,5.659999847412109,5.5,-0.15999984741210938,-2.826852503984876
2015-10-12,4.179999828338623,4.070000171661377,-0.1099996566772461,-2.631570841976958
2015-10-13,3.4100000858306885,3.319999933242798,-0.09000015258789062,-2.6393005959695235
2015-10-14,3.1700000762939453,3.0999999046325684,-0.07000017166137695,-2.208207254783865
2015-10-15,3.200000047683716,3.130000114440918,-0.06999993324279785,-2.1874978812411743
2015-10-16,2.990000009536743,2.930000066757202,-0.059999942779541016,-2.006687043082556
2015-10-17,3.180000066757202,3.109999895095825,-0.07000017166137695,-2.2012632135809818
2015-10-18,5.420000076293945,5.260000228881836,-0.15999984741210938,-2.9520266634666377
2015-10-19,4.050000190734863,3.940000057220459,-0.1100001335144043,-2.7160525514554363
2015-10-20,3.4800000190734863,3.400000095367432,-0.07999992370605424,-2.2988483697581525
2015-10-21,3.2799999713897705,3.2100000381469727,-0.06999993324279785,-2.1341443247982146
2015-10-22,3.0199999809265137,2.950000047683716,-0.06999993324279785,-2.3178785988376855
2015-10-23,3.0799999237060547,3.0199999809265137,-0.059999942779541016,-1.9480501384995235
2015-10-24,2.740000009536743,2.690000057220459,-0.04999995231628418,-1.8248157716151894
2015-10-25,2.930000066757202,2.869999885559082,-0.06000018119812012,-2.0477877075451993
2015-10-26,4.550000190734863,4.420000076293945,-0.13000011444091797,-2.857145252557052
2015-10-27,3.559999942779541,3.470000028610229,-0.08999991416931197,-2.5280875173004285
2015-10-28,3.240000009536743,3.1700000762939453,-0.06999993324279785,-2.160491760393744
2015-10-30,26.100000381469727,26.0,-0.10000038146972656,-0.38314321842203514
2015-10-31,12.5,12.199999809265137,-0.3000001907348633,-2.4000015258789062
2015-11-01,8.770000457763672,8.5600004196167,-0.21000003814697266,-2.3945271058802446
2015-11-02,12.300000190734863,12.100000381469728,-0.19999980926513494,-1.6260146842581955
2015-11-03,9.199999809265137,8.979999542236328,-0.2200002670288086,-2.3913072998898404
2015-11-04,7.110000133514404,6.909999847412109,-0.20000028610229492,-2.8129434929199744
2015-11-05,5.889999866485596,5.71999979019165,-0.1700000762939453,-2.8862492384975176
2015-11-06,5.309999942779541,5.150000095367432,-0.15999984741210938,-3.013179833074665
2015-11-07,6.849999904632568,6.659999847412109,-0.19000005722045898,-2.7737235016888735
2015-11-08,5.489999771118164,5.329999923706055,-0.15999984741210938,-2.9143871417597844
2015-11-09,4.550000190734863,4.420000076293945,-0.13000011444091797,-2.857145252557052
2015-11-10,4.119999885559082,4.010000228881836,-0.1099996566772461,-2.669894653706263
2015-11-11,3.880000114440918,3.7699999809265137,-0.1100001335144043,-2.83505490386447
2015-11-12,3.869999885559082,3.759999990463257,-0.1099998950958252,-2.8423746343324243
2015-11-13,6.480000019073486,6.309999942779541,-0.1700000762939453,-2.623457959777167
2015-11-15,13.600000381469728,13.399999618530272,-0.20000076293945668,-1.4705938038940183
2015-11-16,9.720000267028809,9.5,-0.2200002670288086,-2.2633771706269497
2015-11-17,7.300000190734863,7.099999904632568,-0.20000028610229492,-2.7397298750229435
2015-11-18,5.679999828338623,5.510000228881836,-0.1699995994567871,-2.9929507851149233
2015-11-19,5.570000171661377,5.400000095367432,-0.1700000762939453,-3.0520659076252596
2015-11-20,26.600000381469727,26.5,-0.10000038146972656,-0.37594127832941504
2015-11-21,17.299999237060547,17.200000762939453,-0.09999847412109375,-0.5780258874628976
2015-11-22,10.699999809265137,10.5,-0.19999980926513672,-1.8691571292548692
2015-11-23,8.239999771118164,8.020000457763672,-0.2199993133544922,-2.669894653706263
2015-11-24,5.090000152587891,4.940000057220459,-0.15000009536743164,-2.94695659863915
2015-11-25,4.389999866485596,4.269999980926514,-0.11999988555908203,-2.7334826699014836
2015-11-26,5.079999923706055,4.940000057220459,-0.1399998664855957,-2.7559029249642277
2015-11-27,5.75,5.579999923706055,-0.1700000762939453,-2.9565230659816577
2015-11-28,10.5,10.300000190734863,-0.19999980926513672,-1.9047600882393974
2015-11-29,8.210000038146973,8.0,-0.21000003814697266,-2.557856725593517
2015-11-30,4.170000076293945,4.059999942779541,-0.1100001335144043,-2.6378928417710257
2015-12-01,4.360000133514404,4.239999771118164,-0.12000036239624023,-2.7523018055394695
2015-12-02,17.0,16.899999618530273,-0.10000038146972656,-0.5882375380572151
2015-12-04,24.700000762939453,24.600000381469727,-0.10000038146972656,-0.4048598315015837
2015-12-05,17.600000381469727,17.399999618530273,-0.20000076293945312,-1.1363679466167809
2015-12-06,16.0,15.800000190734863,-0.19999980926513672,-1.2499988079071045
2015-12-07,12.199999809265137,12.0,-0.19999980926513672,-1.639342724524056
2015-12-08,9.899999618530272,9.68000030517578,-0.2199993133544922,-2.222215372036072
2015-12-09,8.779999732971191,8.5600004196167,-0.2199993133544922,-2.505687016462396
2015-12-10,8.720000267028809,8.5,-0.2200002670288086,-2.5229387648146244
2015-12-11,12.0,11.800000190734863,-0.19999980926513672,-1.6666650772094727
2015-12-12,12.100000381469728,11.899999618530272,-0.20000076293945668,-1.6528988151582484
2015-12-13,9.4399995803833,9.220000267028809,-0.2199993133544922,-2.3305013043820426
2015-12-14,12.600000381469728,12.399999618530272,-0.20000076293945668,-1.5873075943203072
2015-12-15,48.09999847412109,48.0,-0.09999847412108664,-0.2078970421899039
2015-12-16,43.09999847412109,43.0,-0.09999847412108664,-0.23201502937669385
2015-12-17,20.299999237060547,20.100000381469727,-0.1999988555908203,-0.9852160744208002
2015-12-19,27.5,27.399999618530277,-0.10000038146972301,-0.36363775079899274
2015-12-20,15.399999618530272,15.199999809265137,-0.19999980926513494,-1.2987000923330043
2015-12-21,12.600000381469728,12.300000190734863,-0.30000019073486506,-2.3809538226368807
2015-12-22,16.299999237060547,16.100000381469727,-0.1999988555908203,-1.2269869015459354
2015-12-25,28.799999237060547,28.700000762939453,-0.09999847412109375,-0.34721693322968306
2016-03-19,24.100000381469727,24.0,-0.10000038146972656,-0.41493933563011876
2016-03-20,14.699999809265137,14.5,-0.19999980926513672,-1.3605429378242615
2016-03-21,13.199999809265137,13.0,-0.19999980926513672,-1.5151500920837588
2016-03-22,10.100000381469728,9.920000076293944,-0.1800003051757848,-1.7821811720525063
2016-03-23,9.460000038146973,9.239999771118164,-0.2200002670288086,-2.325584208685715
2016-03-24,8.300000190734863,8.09000015258789,-0.21000003814697266,-2.53012088338735
2016-03-25,25.899999618530277,25.799999237060547,-0.10000038146973012,-0.38610186464321167
2016-03-27,20.100000381469727,20.0,-0.10000038146972656,-0.49751432622815933
2016-03-28,26.5,26.399999618530277,-0.10000038146972301,-0.3773599300744265
2016-03-30,23.600000381469727,23.5,-0.10000038146972656,-0.423730423107302
2016-03-31,30.600000381469727,30.5,-0.10000038146972656,-0.3267986281800285
2016-04-03,29.299999237060547,29.200000762939453,-0.09999847412109375,-0.3412917294366655
2016-04-04,14.100000381469728,13.899999618530272,-0.20000076293945668,-1.418445088854738
2016-04-05,10.300000190734863,10.100000381469728,-0.19999980926513494,-1.9417456850635821
2016-04-06,8.5,8.289999961853027,-0.21000003814697266,-2.4705886840820312
2016-04-07,9.84000015258789,9.619999885559082,-0.2200002670288086,-2.235775036761043
2016-04-09,25.200000762939453,25.100000381469727,-0.10000038146972656,-0.3968268985800698
2016-04-10,14.199999809265137,14.0,-0.19999980926513672,-1.4084493799404276
2016-04-11,13.100000381469728,12.899999618530272,-0.20000076293945668,-1.5267233367593078
2016-04-13,38.900001525878906,38.79999923706055,-0.10000228881835938,-0.25707528250823103
2016-04-14,20.700000762939453,20.5,-0.20000076293945312,-0.9661872249663266
2016-04-15,15.399999618530272,15.199999809265137,-0.19999980926513494,-1.2987000923330043
2016-04-16,12.800000190734863,12.600000381469728,-0.19999980926513494,-1.562498486600825
2016-04-17,11.600000381469728,11.399999618530272,-0.20000076293945668,-1.72414445139972
2016-04-18,11.699999809265137,11.5,-0.19999980926513672,-1.7094001070560572
2016-04-20,18.799999237060547,18.600000381469727,-0.1999988555908203,-1.0638237431231454
2016-04-21,12.699999809265137,12.5,-0.19999980926513672,-1.57480167140813
2016-04-22,11.0,10.800000190734863,-0.19999980926513672,-1.8181800842285156
2016-04-23,14.100000381469728,13.899999618530272,-0.20000076293945668,-1.418445088854738
2016-04-24,10.399999618530272,10.199999809265137,-0.19999980926513494,-1.9230751596258129
2016-04-25,8.270000457763672,8.0600004196167,-0.21000003814697266,-2.5392989906044057
2016-04-26,7.179999828338623,6.980000019073486,-0.19999980926513672,-2.7855127304566327
2016-04-27,6.510000228881836,6.320000171661377,-0.19000005722045898,-2.9185875659038736
2016-04-28,5.809999942779541,5.639999866485596,-0.1700000762939453,-2.925991014943387
2016-04-29,5.28000020980835,5.119999885559082,-0.16000032424926758,-3.0303090509739805
2016-04-30,5.0,4.849999904632568,-0.15000009536743164,-3.000001907348633
2016-05-01,4.760000228881836,4.619999885559082,-0.1400003433227539,-2.94118354182603
2016-05-02,6.869999885559082,6.679999828338623,-0.19000005722045898,-2.765648622787375
2016-05-03,16.899999618530273,16.700000762939453,-0.1999988555908203,-1.1834252077232499
2016-05-04,10.399999618530272,10.199999809265137,-0.19999980926513494,-1.9230751596258129
2016-05-05,7.829999923706055,7.619999885559082,-0.21000003814697266,-2.6819928504874944
2016-05-06,6.550000190734863,6.360000133514404,-0.19000005722045898,-2.900764147903671
2016-05-07,5.559999942779541,5.400000095367432,-0.15999984741210938,-2.8776951269557505
2016-05-08,7.260000228881836,7.090000152587891,-0.1700000762939453,-2.341598773201805
2016-05-09,16.200000762939453,16.0,-0.20000076293945312,-1.234572552595136
2016-05-10,8.65999984741211,8.449999809265137,-0.21000003814697266,-2.4249427465027904
2016-05-11,6.170000076293945,5.989999771118164,-0.18000030517578125,-2.9173468873585446
2016-05-12,5.010000228881836,4.860000133514404,-0.15000009536743164,-2.9940137428079443
2016-05-13,4.610000133514404,4.480000019073486,-0.13000011444091797,-2.8199590168300754
2016-05-14,6.659999847412109,6.480000019073486,-0.17999982833862305,-2.70270018712637
2016-05-15,41.29999923706055,41.20000076293945,-0.09999847412109375,-0.24212706045611773
2016-05-16,24.899999618530277,24.799999237060547,-0.10000038146973012,-0.4016079638624213
2016-05-17,16.899999618530273,16.700000762939453,-0.1999988555908203,-1.1834252077232499
2016-05-18,12.0,11.800000190734863,-0.19999980926513672,-1.6666650772094727
2016-05-19,8.75,8.529999732971191,-0.2200002670288086,-2.514288766043527
2016-05-20,9.289999961853027,9.06999969482422,-0.22000026702880682,-2.3681406666542606
2016-05-21,6.599999904632568,6.420000076293945,-0.17999982833862305,-2.727270165750766
2016-05-22,5.5,5.340000152587891,-0.15999984741210938,-2.909088134765625
2016-05-23,4.909999847412109,4.760000228881836,-0.14999961853027344,-3.0549821423993127
2016-05-24,4.210000038146973,4.099999904632568,-0.1100001335144043,-2.612829751013987
2016-05-25,3.75,3.650000095367432,-0.09999990463256792,-2.6666641235351443
2016-05-26,3.450000047683716,3.369999885559082,-0.08000016212463379,-2.3188452469252816
2016-05-27,3.150000095367432,3.0799999237060547,-0.0700001716613774,-2.222227604510984
2016-05-28,3.150000095367432,3.0799999237060547,-0.0700001716613774,-2.222227604510984
2016-05-29,2.859999895095825,2.799999952316284,-0.059999942779541016,-2.0979001741372687
2016-05-30,4.849999904632568,4.71999979019165,-0.13000011444091797,-2.6804147834466123
2016-05-31,3.740000009536743,3.640000104904175,-0.09999990463256836,-2.6737942346945314
2016-06-01,2.720000028610229,2.6700000762939453,-0.049999952316283736,-1.8382335217044454
2016-06-02,2.3399999141693115,2.309999942779541,-0.029999971389770508,-1.2820501064172196
2016-06-03,2.220000028610229,2.200000047683716,-0.019999980926513228,-0.9009000301244895
2016-06-04,1.9700000286102293,1.9600000381469729,-0.009999990463256392,-0.5076137217272559
2016-06-05,2.009999990463257,1.9900000095367432,-0.019999980926513672,-0.9950239314132612
2016-06-06,6.21999979019165,6.039999961853027,-0.17999982833862305,-2.893888013026394
2016-06-07,4.119999885559082,4.0,-0.11999988555908203,-2.9126186624346984
2016-06-08,3.809999942779541,3.7100000381469727,-0.09999990463256836,-2.6246694523468834
2016-06-09,4.199999809265137,4.090000152587891,-0.1099996566772461,-2.6190395636349435
2016-06-10,8.449999809265137,8.25,-0.19999980926513672,-2.366861701533339
2016-06-11,5.909999847412109,5.739999771118164,-0.1700000762939453,-2.87648190665158
2016-06-12,5.059999942779541,4.920000076293945,-0.1399998664855957,-2.7667958116357503
2016-06-13,12.300000190734863,12.100000381469728,-0.19999980926513494,-1.6260146842581955
2016-06-14,22.700000762939453,22.5,-0.20000076293945312,-0.881060600077067
2016-06-15,8.949999809265137,8.739999771118164,-0.21000003814697266,-2.3463691913108016
2016-06-16,4.849999904632568,4.71999979019165,-0.13000011444091797,-2.6804147834466123
2016-06-17,3.369999885559082,3.289999961853028,-0.07999992370605424,-2.373885057054899
2016-06-18,2.809999942779541,2.75,-0.059999942779541016,-2.135229323890713
2016-06-19,2.369999885559082,2.3399999141693115,-0.029999971389770508,-1.2658216387505659
2016-06-20,1.9700000286102293,1.950000047683716,-0.019999980926513228,-1.0152274434545345
2016-06-21,1.7000000476837158,1.690000057220459,-0.009999990463256836,-0.5882347166332156
2016-06-22,1.5800000429153442,1.5700000524520874,-0.009999990463256836,-0.632910771622848
2016-06-23,1.7400000095367432,1.7300000190734863,-0.009999990463256836,-0.5747120924395414
2016-06-29,24.0,23.799999237060547,-0.20000076293945312,-0.8333365122477213
2016-06-30,15.699999809265137,15.5,-0.19999980926513672,-1.2738841509227892
2016-07-01,5.110000133514404,4.96999979019165,-0.1400003433227539,-2.7397326744582418
2016-07-02,6.400000095367432,6.21999979019165,-0.18000030517578125,-2.8125047264619956
2016-07-03,5.0,4.860000133514404,-0.1399998664855957,-2.799997329711914
2016-07-04,3.559999942779541,3.470000028610229,-0.08999991416931197,-2.5280875173004285
2016-07-05,2.759999990463257,2.700000047683716,-0.059999942779541016,-2.1739109777848307
2016-07-06,2.049999952316284,2.0299999713897705,-0.019999980926513672,-0.9756088483765962
2016-07-07,2.4800000190734863,2.440000057220459,-0.039999961853027344,-1.6129016752173695
2016-07-08,3.75,3.650000095367432,-0.09999990463256792,-2.6666641235351443
2016-07-09,2.470000028610229,2.430000066757202,-0.0399999618530269,-1.6194316352106801
2016-07-10,4.130000114440918,4.039999961853027,-0.09000015258789062,-2.1791803896856314
2016-07-11,8.270000457763672,8.0600004196167,-0.21000003814697266,-2.5392989906044057
2016-07-12,4.179999828338623,4.070000171661377,-0.1099996566772461,-2.631570841976958
2016-07-13,2.619999885559082,2.569999933242798,-0.04999995231628418,-1.908395209933938
2016-07-14,2.049999952316284,2.0299999713897705,-0.019999980926513672,-0.9756088483765962
2016-07-15,9.119999885559082,8.9399995803833,-0.18000030517578125,-1.9736875815185027
2016-07-16,3.630000114440918,3.539999961853028,-0.09000015258789018,-2.479342968333535
2016-07-17,3.200000047683716,3.130000114440918,-0.06999993324279785,-2.1874978812411743
2016-07-18,3.75,3.650000095367432,-0.09999990463256792,-2.6666641235351443
2016-07-19,4.730000019073486,4.599999904632568,-0.13000011444091797,-2.7484167847082257
2016-07-20,2.930000066757202,2.869999885559082,-0.06000018119812012,-2.0477877075451993
2016-07-21,2.0799999237060547,2.059999942779541,-0.019999980926513672,-0.9615375798129148
2016-07-22,1.7999999523162842,1.7899999618530271,-0.009999990463257058,-0.5555550404536859
2016-07-23,2.4800000190734863,2.440000057220459,-0.039999961853027344,-1.6129016752173695
2016-07-24,7.010000228881836,6.829999923706055,-0.18000030517578125,-2.5677646119634017
2016-07-25,3.0899999141693115,3.0299999713897705,-0.059999942779541016,-1.9417457749564655
2016-07-26,2.369999885559082,2.3299999237060547,-0.039999961853027344,-1.6877621850007545
2016-07-27,2.240000009536743,2.2100000381469727,-0.029999971389770508,-1.3392844313413568
2016-08-13,3.900000095367432,3.799999952316284,-0.1000001430511479,-2.564106169380146
2016-08-14,13.300000190734863,13.100000381469728,-0.19999980926513494,-1.5037579428341676
2016-08-15,8.020000457763672,7.820000171661377,-0.20000028610229492,-2.493769011056438
2016-08-16,4.539999961853027,4.409999847412109,-0.13000011444091797,-2.8634386681328885
2016-08-18,17.200000762939453,17.0,-0.20000076293945312,-1.162795081790876
2016-08-19,8.90999984741211,8.699999809265137,-0.21000003814697266,-2.356902825402031
2016-08-20,4.639999866485596,4.510000228881836,-0.12999963760375977,-2.8017164082856625
2016-08-21,3.0899999141693115,3.0199999809265137,-0.06999993324279785,-2.265370070782543
2016-08-22,14.100000381469728,14.0,-0.10000038146972834,-0.709222544427369
2016-08-23,9.43000030517578,9.220000267028809,-0.21000003814697088,-2.2269356452905904
2016-08-24,4.610000133514404,4.480000019073486,-0.13000011444091797,-2.8199590168300754
2016-08-25,3.130000114440918,3.059999942779541,-0.07000017166137695,-2.2364271278590806
2016-08-26,2.619999885559082,2.5799999237060547,-0.039999961853027344,-1.5267161679471504
2016-08-27,2.259999990463257,2.2300000190734863,-0.029999971389770508,-1.3274323679807223
2016-08-28,1.940000057220459,1.919999957084656,-0.020000100135803,-1.030932966283424
2016-08-29,47.0,46.900001525878906,-0.09999847412109375,-0.21276271089594415
2016-08-30,13.0,12.800000190734863,-0.19999980926513672,-1.5384600712702825
2016-08-31,8.359999656677246,8.149999618530273,-0.21000003814697266,-2.5119622819510856
2016-09-01,46.70000076293945,46.59999847412109,-0.10000228881836648,-0.21413765992425224
2016-09-02,11.600000381469728,11.399999618530272,-0.20000076293945668,-1.72414445139972
2016-09-03,6.510000228881836,6.329999923706055,-0.18000030517578125,-2.7649815491127607
2016-09-04,4.53000020980835,4.400000095367432,-0.13000011444091797,-2.869759567768715
2016-09-05,3.509999990463257,3.4200000762939453,-0.08999991416931152,-2.5641001257505174
2016-09-06,2.890000104904175,2.8299999237060547,-0.06000018119812012,-2.076130761943677
2016-09-07,2.5299999713897705,2.490000009536743,-0.039999961853027344,-1.5810261780775716
2016-09-08,2.220000028610229,2.190000057220459,-0.029999971389770064,-1.3513500451867442
2016-09-09,2.049999952316284,2.0299999713897705,-0.019999980926513672,-0.9756088483765962
2016-09-10,1.8899999856948853,1.870000004768372,-0.019999980926513228,-1.058200057031215
2016-09-11,2.8399999141693115,2.7799999713897705,-0.059999942779541016,-2.1126741053825264
2016-09-12,4.539999961853027,4.420000076293945,-0.11999988555908203,-2.643169307651346
2016-09-13,2.619999885559082,2.569999933242798,-0.04999995231628418,-1.908395209933938
2016-09-14,2.150000095367432,2.119999885559082,-0.030000209808350053,-1.3953585338433698
2016-09-15,2.720000028610229,2.6700000762939453,-0.049999952316283736,-1.8382335217044454
2016-09-16,2.259999990463257,2.2300000190734863,-0.029999971389770508,-1.3274323679807223
2016-09-17,1.840000033378601,1.830000042915344,-0.009999990463257058,-0.5434777327093366
2016-09-19,2.640000104904175,2.5999999046325684,-0.040000200271606445,-1.515159040990203
2016-09-20,2.8399999141693115,2.789999961853028,-0.049999952316283736,-1.7605617544854228
2016-09-21,2.0899999141693115,2.069999933242798,-0.019999980926513672,-0.9569369257348911
2016-09-23,2.3299999237060547,2.299999952316284,-0.029999971389770508,-1.2875524623216772
2016-09-24,4.269999980926514,4.150000095367432,-0.11999988555908203,-2.810301782086758
2016-09-25,2.640000104904175,2.5899999141693115,-0.05000019073486328,-1.8939465434861473
2016-09-26,2.009999990463257,1.9900000095367432,-0.019999980926513672,-0.9950239314132612
2016-09-27,1.850000023841858,1.840000033378601,-0.009999990463256836,-0.5405400180747055
2016-09-28,2.380000114440918,2.3499999046325684,-0.03000020980834961,-1.260512956546513
2016-09-29,2.809999942779541,2.759999990463257,-0.04999995231628418,-1.7793577699089276
2016-09-30,2.0199999809265137,2.0,-0.019999980926513672,-0.9900980750178164
2016-10-01,1.690000057220459,1.6799999475479126,-0.010000109672546387,-0.5917224457964548
2016-10-03,1.5099999904632568,1.5,-0.009999990463256836,-0.6622510282393388
2016-10-14,1.4700000286102295,1.4600000381469729,-0.009999990463256614,-0.6802714468455369
2016-10-15,1.8200000524520876,1.809999942779541,-0.010000109672546609,-0.5494565595794051
2016-10-17,2.5,2.4600000381469727,-0.039999961853027344,-1.5999984741210938
2016-10-18,2.569999933242798,2.5299999713897705,-0.039999961853027344,-1.5564187895738903
2016-10-19,2.450000047683716,2.4200000762939453,-0.029999971389770508,-1.2244886043219936
2016-10-20,2.650000095367432,2.5999999046325684,-0.050000190734863725,-1.8867995824706194
2016-10-21,4.269999980926514,4.159999847412109,-0.1100001335144043,-2.5761155504861675
2016-10-22,20.0,19.799999237060547,-0.20000076293945312,-1.0000038146972656
2016-10-24,28.100000381469727,28.0,-0.10000038146972656,-0.3558732388333733
2016-10-25,16.799999237060547,16.600000381469727,-0.1999988555908203,-1.1904694325796505
2016-10-26,11.600000381469728,11.399999618530272,-0.20000076293945668,-1.72414445139972
2016-10-27,8.390000343322754,8.180000305175781,-0.21000003814697266,-2.502980090031853
2016-10-28,13.300000190734863,13.100000381469728,-0.19999980926513494,-1.5037579428341676
2016-10-29,23.5,23.299999237060547,-0.20000076293945312,-0.8510670763380984
2016-10-30,27.299999237060547,27.200000762939453,-0.09999847412109375,-0.3662947872370007
2016-10-31,15.199999809265137,15.0,-0.19999980926513672,-1.3157882353605501
2016-11-01,10.399999618530272,10.199999809265137,-0.19999980926513494,-1.9230751596258129
2016-11-02,8.079999923706055,7.860000133514404,-0.2199997901916504,-2.7227697062989953
2016-11-03,10.5,10.300000190734863,-0.19999980926513672,-1.9047600882393974
2016-11-04,26.200000762939453,26.0,-0.20000076293945312,-0.7633616683796404
2016-11-05,13.699999809265137,13.5,-0.19999980926513672,-1.4598526426976983
2016-11-06,11.300000190734863,11.100000381469728,-0.19999980926513494,-1.7699097866309728
2016-11-07,9.020000457763672,8.800000190734863,-0.2200002670288086,-2.4390272268717075
2016-11-08,7.409999847412109,7.199999809265137,-0.21000003814697266,-2.834008670328296
2016-11-09,6.559999942779541,6.380000114440918,-0.17999982833862305,-2.7438998461691333
2016-11-10,5.820000171661377,5.650000095367432,-0.1700000762939453,-2.92096342405119
2016-11-11,7.349999904632568,7.159999847412109,-0.19000005722045898,-2.5850348256563307
2016-11-12,9.239999771118164,9.020000457763672,-0.2199993133544922,-2.3809450087017625
2016-11-13,6.679999828338623,6.489999771118164,-0.19000005722045898,-2.844312306931806
2016-11-14,5.760000228881836,5.590000152587891,-0.1700000762939453,-2.951390096158845
2016-11-15,5.110000133514404,4.960000038146973,-0.15000009536743164,-2.935422533233263
2016-11-16,12.5,12.300000190734863,-0.19999980926513672,-1.5999984741210938
2016-11-17,17.5,17.299999237060547,-0.20000076293945312,-1.1428615025111608
2016-11-18,12.199999809265137,11.899999618530272,-0.30000019073486506,-2.4590179952874562
2016-11-19,8.6899995803833,8.470000267028809,-0.2199993133544922,-2.5316377903068714
2016-11-20,7.960000038146973,7.75,-0.21000003814697266,-2.638191421364102
2016-11-21,14.100000381469728,13.899999618530272,-0.20000076293945668,-1.418445088854738
2016-11-22,10.699999809265137,10.5,-0.19999980926513672,-1.8691571292548692
2016-11-23,8.970000267028809,8.75,-0.2200002670288086,-2.4526227478216196
2016-11-24,8.149999618530273,7.940000057220459,-0.20999956130981445,-2.576681854467186
2016-11-25,8.369999885559082,8.15999984741211,-0.21000003814697266,-2.5089610635394353
2016-11-26,14.0,13.800000190734863,-0.19999980926513672,-1.428570066179548
2016-11-27,20.5,20.299999237060547,-0.20000076293945312,-0.9756134777534299
2016-11-28,13.800000190734863,13.600000381469728,-0.19999980926513494,-1.4492739601511901
2016-11-29,12.800000190734863,12.600000381469728,-0.19999980926513494,-1.562498486600825
2016-12-04,23.299999237060547,23.200000762939453,-0.09999847412109375,-0.4291780145727989
2016-12-10,7.099999904632568,6.829999923706055,-0.26999998092651367,-3.802816683847356
2016-12-30,9.729999542236328,9.739999771118164,0.010000228881835938,0.10277728008543667
2016-12-31,8.609999656677246,8.619999885559082,0.010000228881835938,0.1161466815399991
2017-04-21,29.899999618530277,29.799999237060547,-0.10000038146973012,-0.3344494406205802
2017-04-23,31.100000381469727,31.0,-0.10000038146972656,-0.32154463100685254
2017-04-24,20.200000762939453,20.0,-0.20000076293945312,-0.9901027494335081
2017-04-25,14.800000190734863,14.600000381469728,-0.19999980926513494,-1.351350045186752
2017-04-27,29.399999618530277,29.299999237060547,-0.10000038146973012,-0.34013735635119435
2017-04-28,17.299999237060547,17.200000762939453,-0.09999847412109375,-0.5780258874628976
2017-04-29,12.300000190734863,12.100000381469728,-0.19999980926513494,-1.6260146842581955
2017-04-30,9.399999618530272,9.18000030517578,-0.2199993133544922,-2.340418322154038
2017-05-01,69.0999984741211,69.0,-0.09999847412109375,-0.1447155952666838
2017-05-03,38.59999847412109,38.5,-0.09999847412108664,-0.25906341469969085
2017-05-04,22.799999237060547,22.600000381469727,-0.1999988555908203,-0.8771879924703228
2017-05-05,15.899999618530272,15.699999809265137,-0.19999980926513494,-1.2578604658081247
2017-05-06,20.200000762939453,20.100000381469727,-0.10000038146972656,-0.49505137471675403
2017-05-07,15.199999809265137,15.0,-0.19999980926513672,-1.3157882353605501
2017-05-09,25.899999618530277,25.799999237060547,-0.10000038146973012,-0.38610186464321167
2017-05-10,16.600000381469727,16.5,-0.10000038146972656,-0.6024119227211292
2017-05-11,13.699999809265137,13.5,-0.19999980926513672,-1.4598526426976983
2017-05-12,11.300000190734863,11.100000381469728,-0.19999980926513494,-1.7699097866309728
2017-05-13,9.350000381469728,9.130000114440918,-0.22000026702881037,-2.352943936396166
2017-05-14,8.899999618530273,8.680000305175781,-0.2199993133544922,-2.4719025031915947
2017-05-16,17.899999618530273,17.700000762939453,-0.1999988555908203,-1.1173120662180314
2017-05-17,10.899999618530272,10.699999809265137,-0.19999980926513494,-1.8348606996749823
2017-05-18,8.109999656677246,7.900000095367432,-0.20999956130981445,-2.5893905080120994
2017-05-19,6.789999961853027,6.599999904632568,-0.19000005722045898,-2.798233553577325
2017-05-20,6.119999885559082,5.940000057220459,-0.17999982833862305,-2.941173720662243
2017-05-21,5.139999866485596,5.0,-0.1399998664855957,-2.7237328817543083
2017-05-22,4.840000152587891,4.699999809265137,-0.1400003433227539,-2.8925689857240475
2017-05-23,6.789999961853027,6.599999904632568,-0.19000005722045898,-2.798233553577325
2017-05-24,5.269999980926514,5.119999885559082,-0.15000009536743164,-2.8463016301768613
2017-05-25,4.389999866485596,4.269999980926514,-0.11999988555908203,-2.7334826699014836
2017-05-26,4.619999885559082,4.489999771118164,-0.13000011444091797,-2.8138553606303005
2017-05-27,5.800000190734863,5.630000114440918,-0.1700000762939453,-2.9310357017834203
2017-05-28,4.300000190734863,4.179999828338623,-0.12000036239624023,-2.7907059784509536
2017-05-29,3.509999990463257,3.4200000762939453,-0.08999991416931152,-2.5641001257505174
2017-05-30,3.259999990463257,3.190000057220459,-0.06999993324279785,-2.1472372223182314
2017-05-31,3.5199999809265137,3.440000057220459,-0.07999992370605469,-2.272725117600642
2017-06-01,4.150000095367432,4.039999961853027,-0.1100001335144043,-2.650605565941924
2017-06-02,3.5799999237060547,3.490000009536743,-0.08999991416931152,-2.5139641365171492
2017-06-03,4.449999809265137,4.329999923706055,-0.11999988555908203,-2.6966267573593123
2017-06-04,4.099999904632568,3.990000009536743,-0.1099998950958252,-2.68292433303564
2017-06-05,3.569999933242798,3.4800000190734863,-0.08999991416931152,-2.521006046281922
2017-06-06,11.800000190734863,11.600000381469728,-0.19999980926513494,-1.6949136104435913
2017-06-07,8.069999694824219,7.860000133514404,-0.20999956130981445,-2.602225145615556
2017-06-08,4.650000095367432,4.510000228881836,-0.1399998664855957,-3.010749755146688
2017-06-09,3.3499999046325684,3.2699999809265137,-0.07999992370605469,-2.388057492044292
2017-06-10,3.220000028610229,3.150000095367432,-0.06999993324279696,-2.1739109509576418
2017-06-11,2.720000028610229,2.6700000762939453,-0.049999952316283736,-1.8382335217044454
2017-06-12,2.2100000381469727,2.180000066757202,-0.029999971389770508,-1.3574647453365973
2017-06-13,1.919999957084656,1.909999966621399,-0.009999990463257058,-0.520832848269493
2017-06-16,3.5199999809265137,3.440000057220459,-0.07999992370605469,-2.272725117600642
2017-06-17,7.630000114440918,7.440000057220459,-0.19000005722045898,-2.4901710926695193
2017-06-18,3.470000028610229,3.380000114440918,-0.08999991416931108,-2.5936574474714624
2017-06-19,2.549999952316284,2.509999990463257,-0.039999961853027344,-1.568625984353196
2017-06-20,4.539999961853027,4.409999847412109,-0.13000011444091797,-2.8634386681328885
2017-06-21,6.369999885559082,6.179999828338623,-0.19000005722045898,-2.982732506027087
2017-06-22,5.420000076293945,5.260000228881836,-0.15999984741210938,-2.9520266634666377
2017-06-23,4.03000020980835,3.920000076293945,-0.11000013351440474,-2.7295317068888165
2017-06-24,74.80000305175781,74.69999694824219,-0.100006103515625,-0.1336979938977086
2017-06-25,22.700000762939453,22.5,-0.20000076293945312,-0.881060600077067
2017-06-26,13.0,12.800000190734863,-0.19999980926513672,-1.5384600712702825
2017-06-27,7.230000019073486,7.03000020980835,-0.19999980926513672,-2.7662490835064535
2017-06-28,6.559999942779541,6.369999885559082,-0.19000005722045898,-2.896342360941454
2017-06-29,8.75,8.539999961853027,-0.21000003814697266,-2.400000435965402
2017-06-30,10.600000381469728,10.399999618530272,-0.20000076293945668,-1.8867995824706363
2017-07-01,22.899999618530277,22.799999237060547,-0.10000038146973012,-0.43668289578839803
2017-07-02,22.799999237060547,22.700000762939453,-0.09999847412109375,-0.4385898134529319
2017-07-03,10.300000190734863,10.0,-0.3000001907348633,-2.9126231570822863
2017-07-04,6.25,6.070000171661377,-0.17999982833862305,-2.8799972534179688
2017-07-05,4.679999828338623,4.539999961853027,-0.1399998664855957,-2.991450248306846
2017-07-06,3.630000114440918,3.539999961853028,-0.09000015258789018,-2.479342968333535
2017-07-07,3.190000057220459,3.109999895095825,-0.08000016212463379,-2.5078420278882465
2017-07-08,24.899999618530277,24.799999237060547,-0.10000038146973012,-0.4016079638624213
2017-07-09,17.600000381469727,17.5,-0.10000038146972656,-0.5681839733083904
2017-07-10,7.320000171661377,7.119999885559082,-0.20000028610229492,-2.732244281585885
2017-07-11,10.899999618530272,10.699999809265137,-0.19999980926513494,-1.8348606996749823
2017-07-12,6.110000133514404,5.940000057220459,-0.1700000762939453,-2.7823252467944406
2017-07-13,6.320000171661377,6.159999847412109,-0.16000032424926758,-2.5316506313829312
2017-07-14,8.880000114440918,8.670000076293945,-0.21000003814697266,-2.364865263970711
2017-07-15,12.300000190734863,12.0,-0.3000001907348633,-2.4390259031121184
2017-07-16,8.760000228881836,8.539999961853027,-0.2200002670288086,-2.511418507769724
2017-07-17,5.400000095367432,5.239999771118164,-0.16000032424926758,-2.9629689152511154
2017-07-18,4.96999979019165,4.829999923706055,-0.1399998664855957,-2.81689884095945
2017-07-19,3.75,3.650000095367432,-0.09999990463256792,-2.6666641235351443
2017-07-20,3.0,2.940000057220459,-0.059999942779541016,-1.9999980926513672
2017-07-21,2.609999895095825,2.559999942779541,-0.04999995231628418,-1.9157070622965848
2017-07-22,2.25,2.220000028610229,-0.029999971389770952,-1.3333320617675979
2017-07-23,1.9600000381469729,1.950000047683716,-0.009999990463256836,-0.5102035851341639
2017-07-24,1.8200000524520876,1.809999942779541,-0.010000109672546609,-0.5494565595794051
2017-07-25,2.059999942779541,2.039999961853028,-0.019999980926513228,-0.9708728874782112
2017-07-26,1.9299999475479128,1.919999957084656,-0.009999990463256836,-0.5181342349755987
2017-07-27,1.7100000381469729,1.7000000476837158,-0.009999990463257058,-0.5847947508874598
2017-07-28,1.7599999904632568,1.75,-0.009999990463256836,-0.5681812794001605
2017-07-29,1.6699999570846558,1.659999966621399,-0.009999990463256836,-0.5988018395350124
2017-08-04,2.119999885559082,2.0999999046325684,-0.019999980926513672,-0.943395377648302
2017-08-05,2.5799999237060547,2.539999961853028,-0.0399999618530269,-1.550386164181305
2017-08-06,10.699999809265137,10.5,-0.19999980926513672,-1.8691571292548692
2017-08-07,4.050000190734863,3.940000057220459,-0.1100001335144043,-2.7160525514554363
2017-08-08,2.680000066757202,2.630000114440918,-0.04999995231628418,-1.8656698160751943
2017-08-09,2.220000028610229,2.200000047683716,-0.019999980926513228,-0.9009000301244895
2017-08-10,1.7899999618530271,1.7799999713897705,-0.009999990463256614,-0.5586586970037987
2017-08-12,2.5,2.4600000381469727,-0.039999961853027344,-1.5999984741210938
2017-08-13,12.800000190734863,12.600000381469728,-0.19999980926513494,-1.562498486600825
2017-08-14,8.079999923706055,7.889999866485596,-0.19000005722045898,-2.3514858788923307
2017-08-15,3.630000114440918,3.539999961853028,-0.09000015258789018,-2.479342968333535
2017-08-16,2.440000057220459,2.4100000858306885,-0.029999971389770508,-1.2295069953377444
2017-08-17,1.8799999952316284,1.8600000143051147,-0.019999980926513672,-1.0638287753851585
2017-08-18,2.059999942779541,2.039999961853028,-0.019999980926513228,-0.9708728874782112
2017-08-19,4.079999923706055,3.9700000286102295,-0.1099998950958252,-2.696075910607056
2017-08-20,2.5799999237060547,2.539999961853028,-0.0399999618530269,-1.550386164181305
2017-08-21,2.039999961853028,2.0199999809265137,-0.019999980926514116,-0.9803912402207691
2017-08-22,1.830000042915344,1.8200000524520876,-0.009999990463256392,-0.5464475534834178
2017-08-23,7.96999979019165,7.760000228881836,-0.20999956130981445,-2.6348753681054324
2017-08-24,4.119999885559082,4.010000228881836,-0.1099996566772461,-2.669894653706263
2017-08-25,2.5199999809265137,2.4800000190734863,-0.039999961853027344,-1.5873000855468575
2017-08-26,1.919999957084656,1.899999976158142,-0.019999980926513894,-1.0416656965389746
2017-09-04,3.5999999046325684,3.509999990463257,-0.08999991416931152,-2.499997682041531
2017-09-05,3.619999885559082,3.5299999713897705,-0.08999991416931152,-2.4861855528874335
2017-09-06,13.699999809265137,13.5,-0.19999980926513672,-1.4598526426976983
2017-09-07,12.399999618530272,12.199999809265137,-0.19999980926513494,-1.6129017372408614
2017-09-08,11.0,10.800000190734863,-0.19999980926513672,-1.8181800842285156
2017-09-09,6.929999828338623,6.739999771118164,-0.19000005722045898,-2.7417036353088773
2017-09-10,5.510000228881836,5.349999904632568,-0.16000032424926758,-2.9038170163876202
2017-09-11,3.950000047683716,3.849999904632568,-0.1000001430511479,-2.5316491606066713
2017-09-12,3.0,2.940000057220459,-0.059999942779541016,-1.9999980926513672
2017-09-13,2.400000095367432,2.359999895095825,-0.04000020027160689,-1.6666749450892413
2017-09-14,2.039999961853028,2.0299999713897705,-0.00999999046325728,-0.49019562011039547
2017-09-24,0.977999985218048,0.9789999723434448,0.0009999871253968395,0.10224817387639218
2017-10-05,2.3499999046325684,2.319999933242798,-0.029999971389770508,-1.2765945790308924
2017-10-06,2.2300000190734863,2.200000047683716,-0.029999971389770508,-1.3452901853442496
2017-10-08,1.7999999523162842,1.7899999618530271,-0.009999990463257058,-0.5555550404536859
2017-10-09,4.690000057220459,4.559999942779541,-0.13000011444091797,-2.7718574169477277
2017-10-10,22.600000381469727,22.399999618530277,-0.20000076293944957,-0.8849591131132676
2017-10-11,7.460000038146973,7.269999980926514,-0.19000005722045898,-2.546917644086957
2017-10-12,4.119999885559082,4.0,-0.11999988555908203,-2.9126186624346984
2017-10-13,2.9600000381469727,2.890000104904175,-0.06999993324279785,-2.3648625790768367
2017-10-14,2.4100000858306885,2.369999885559082,-0.040000200271606445,-1.6597592882582415
2017-10-15,2.180000066757202,2.150000095367432,-0.029999971389770064,-1.3761454344538475
2017-10-16,2.5199999809265137,2.4800000190734863,-0.039999961853027344,-1.5873000855468575
2017-10-17,2.7799999713897705,2.7300000190734863,-0.04999995231628418,-1.7985594543473442
2017-10-18,2.190000057220459,2.1700000762939453,-0.019999980926513672,-0.9132411143357495
2017-10-19,1.8799999952316284,1.870000004768372,-0.009999990463256392,-0.5319143876925556
2017-10-20,1.6799999475479126,1.6699999570846558,-0.009999990463256836,-0.5952375461590091
2017-10-24,1.4299999475479126,1.4199999570846558,-0.009999990463256836,-0.6993000580457562
2017-10-25,50.70000076293945,50.59999847412109,-0.10000228881836648,-0.19724317024363022
2017-10-29,16.899999618530273,16.700000762939453,-0.1999988555908203,-1.1834252077232499
2017-10-30,51.29999923706055,51.20000076293945,-0.09999847412109375,-0.19492880235532647
2017-11-01,18.899999618530277,18.700000762939453,-0.19999885559082387,-1.0581950244842195
2017-11-02,30.899999618530277,30.799999237060547,-0.10000038146973012,-0.3236258339943841
2017-11-05,19.100000381469727,18.899999618530277,-0.20000076293944957,-1.047124392382131
2017-11-06,39.5,39.400001525878906,-0.09999847412109375,-0.25316069397745256
2017-11-08,18.899999618530277,18.799999237060547,-0.10000038146973012,-0.529102558138075
2017-11-09,13.800000190734863,13.600000381469728,-0.19999980926513494,-1.4492739601511901
2017-11-10,11.800000190734863,11.600000381469728,-0.19999980926513494,-1.6949136104435913
2017-11-11,9.029999732971191,8.8100004196167,-0.2199993133544922,-2.436315834553237
2017-11-12,7.889999866485596,7.690000057220459,-0.19999980926513672,-2.5348518713501784
2017-11-13,7.349999904632568,7.150000095367432,-0.19999980926513672,-2.721085875648523
2017-11-14,7.099999904632568,6.900000095367432,-0.19999980926513672,-2.8168987598808553
2017-11-15,7.039999961853027,6.840000152587891,-0.19999980926513672,-2.840906397000803
2017-11-16,6.730000019073486,6.539999961853027,-0.19000005722045898,-2.823180634204755
2017-11-17,8.390000343322754,8.170000076293945,-0.2200002670288086,-2.622172324508872
2017-11-18,6.510000228881836,6.320000171661377,-0.19000005722045898,-2.9185875659038736
2017-11-19,20.299999237060547,20.200000762939453,-0.09999847412109375,-0.4926033393071871
2017-11-20,22.299999237060547,22.200000762939453,-0.09999847412109375,-0.44842366610894535
2017-11-21,11.399999618530272,11.199999809265137,-0.19999980926513494,-1.7543843505050891
2017-11-22,11.699999809265137,11.5,-0.19999980926513672,-1.7094001070560572
2017-11-23,11.699999809265137,11.399999618530272,-0.30000019073486506,-2.564104236115434
2017-11-24,8.600000381469727,8.390000343322754,-0.21000003814697266,-2.4418608003722433
2017-11-25,8.170000076293945,7.960000038146973,-0.21000003814697266,-2.5703798798767252
2017-11-26,11.0,10.800000190734863,-0.19999980926513672,-1.8181800842285156
2017-11-27,9.149999618530272,8.930000305175781,-0.2199993133544904,-2.4043641806165237
2017-11-28,7.400000095367432,7.210000038146973,-0.19000005722045898,-2.5675683077275004
2017-11-29,9.229999542236328,9.010000228881836,-0.2199993133544922,-2.383524639928517
2017-11-30,8.8100004196167,8.600000381469727,-0.21000003814697266,-2.3836552570347007
2017-12-01,10.0,9.789999961853027,-0.21000003814697266,-2.1000003814697266
2017-12-02,9.979999542236328,9.75,-0.22999954223632812,-2.3046047373343828
2017-12-03,7.679999828338623,7.480000019073486,-0.19999980926513672,-2.6041642413474078
2017-12-04,6.599999904632568,6.409999847412109,-0.19000005722045898,-2.878788787361908
2017-12-05,6.5,6.320000171661377,-0.17999982833862305,-2.7692281282865086
2017-12-07,20.200000762939453,20.0,-0.20000076293945312,-0.9901027494335081
2017-12-08,12.199999809265137,11.899999618530272,-0.30000019073486506,-2.4590179952874562
2017-12-09,8.260000228881836,8.100000381469727,-0.15999984741210938,-1.9370441038567465
2017-12-11,5.989999771118164,5.900000095367432,-0.08999967575073242,-1.5024988178577512
2018-03-16,5.809999942779541,5.75,-0.059999942779541016,-1.0327012628305925
2018-03-21,5.090000152587891,5.059999942779541,-0.03000020980834961,-0.5893950669745405
2018-03-22,5.079999923706055,5.010000228881836,-0.06999969482421875,-1.3779467692029272
2018-03-23,5.110000133514404,4.989999771118164,-0.12000036239624023,-2.3483436254572063
2018-03-24,5.150000095367432,5.010000228881836,-0.1399998664855957,-2.718443959089039
2018-03-25,5.190000057220459,5.050000190734863,-0.1399998664855957,-2.697492580772217
2018-03-26,5.210000038146973,5.130000114440918,-0.07999992370605469,-1.535507161618142
2018-03-27,6.059999942779541,6.039999961853027,-0.019999980926513672,-0.3300326916726055
2018-04-02,29.799999237060547,29.700000762939453,-0.09999847412109375,-0.3355653579907861
2018-04-03,20.200000762939453,20.0,-0.20000076293945312,-0.9901027494335081
2018-04-05,80.0,80.0999984741211,0.09999847412109375,0.12499809265136719
2018-04-06,32.099998474121094,32.0,-0.09999847412109375,-0.31152174104217534
2018-04-07,20.700000762939453,20.600000381469727,-0.10000038146972656,-0.4830936124831633
2018-04-08,14.800000190734863,14.600000381469728,-0.19999980926513494,-1.351350045186752
2018-04-09,12.5,12.300000190734863,-0.19999980926513672,-1.5999984741210938
2018-04-10,10.300000190734863,10.100000381469728,-0.19999980926513494,-1.9417456850635821
2018-04-11,10.100000381469728,9.899999618530272,-0.20000076293945668,-1.980205498867051
2018-04-12,11.899999618530272,11.699999809265137,-0.19999980926513494,-1.6806707199696216
2018-04-15,25.600000381469727,25.5,-0.10000038146972656,-0.3906264842953312
2018-04-16,20.5,20.399999618530277,-0.10000038146972301,-0.4878067388766976
2018-04-17,28.299999237060547,28.200000762939453,-0.09999847412109375,-0.35335150818710886
2018-04-18,29.200000762939453,29.100000381469727,-0.10000038146972656,-0.34246705087982987
2018-04-19,23.799999237060547,23.600000381469727,-0.1999988555908203,-0.8403313529497468
2018-04-20,23.600000381469727,23.5,-0.10000038146972656,-0.423730423107302
2018-04-21,29.299999237060547,29.200000762939453,-0.09999847412109375,-0.3412917294366655
2018-04-22,38.09999847412109,38.0,-0.09999847412108664,-0.2624631971809901
2018-04-24,69.5,69.5999984741211,0.09999847412109375,0.1438826965771133
2018-05-06,36.400001525878906,36.29999923706055,-0.10000228881835938,-0.27473155117112247
2018-05-07,21.799999237060547,21.700000762939453,-0.09999847412109375,-0.4587086129392786
2018-05-08,15.199999809265137,15.0,-0.19999980926513672,-1.3157882353605501
2018-05-09,11.899999618530272,11.699999809265137,-0.19999980926513494,-1.6806707199696216
2018-05-10,9.619999885559082,9.399999618530272,-0.22000026702881037,-2.2869050898749017
2018-05-11,8.3100004196167,8.100000381469727,-0.21000003814697266,-2.527076143717679
2018-05-12,7.25,7.050000190734863,-0.19999980926513672,-2.758618058829472
2018-05-13,6.329999923706055,6.150000095367432,-0.17999982833862305,-2.8435992181377108
2018-05-14,5.610000133514404,5.440000057220459,-0.1700000762939453,-3.0303043181471043
2018-05-15,5.590000152587891,5.420000076293945,-0.1700000762939453,-3.0411461834261986
2018-05-16,7.019999980926514,6.820000171661377,-0.19999980926513672,-2.849000139722797
2018-05-17,5.320000171661377,5.159999847412109,-0.16000032424926758,-3.0075247948591937
2018-05-18,4.599999904632568,4.46999979019165,-0.13000011444091797,-2.826089502958412
2018-05-19,4.090000152587891,3.9800000190734863,-0.1100001335144043,-2.689489716639821
2018-05-20,8.09000015258789,7.920000076293945,-0.1700000762939453,-2.1013606067679045
2018-05-21,9.9399995803833,9.729999542236328,-0.21000003814697266,-2.1126765292969436
2018-05-22,5.630000114440918,5.46999979019165,-0.16000032424926758,-2.8419239963933154
2018-05-23,4.630000114440918,4.5,-0.13000011444091797,-2.8077777802952766
2018-05-24,4.139999866485596,4.019999980926514,-0.11999988555908203,-2.898548053842058
2018-05-25,3.5299999713897705,3.440000057220459,-0.08999991416931152,-2.5495726600212496
2018-05-26,3.1600000858306885,3.0899999141693115,-0.07000017166137695,-2.215195245571507
2018-05-27,2.970000028610229,2.9100000858306885,-0.05999994277954057,-2.0202000741264885
2018-05-28,2.700000047683716,2.650000095367432,-0.049999952316283736,-1.8518500530834376
2018-05-29,2.539999961853028,2.5,-0.03999996185302779,-1.5748016714081474
2018-05-30,2.299999952316284,2.2699999809265137,-0.029999971389770508,-1.3043466092057148
2018-05-31,2.039999961853028,2.0199999809265137,-0.019999980926514116,-0.9803912402207691
2018-06-01,2.2100000381469727,2.190000057220459,-0.019999980926513672,-0.904976496891065
2018-06-02,4.96999979019165,4.829999923706055,-0.1399998664855957,-2.81689884095945
2018-06-03,3.069999933242798,3.0,-0.06999993324279785,-2.280128168239336
2018-06-04,3.049999952316284,2.9800000190734863,-0.06999993324279785,-2.295079814333678
2018-06-05,4.900000095367432,4.760000228881836,-0.1399998664855957,-2.8571400767513184
2018-06-06,9.859999656677246,9.649999618530272,-0.21000003814697443,-2.1298179052649484
2018-06-07,5.710000038146973,5.539999961853027,-0.1700000762939453,-2.9772342409495725
2018-06-08,3.880000114440918,3.7799999713897705,-0.10000014305114746,-2.5773231984957508
2018-06-09,2.930000066757202,2.869999885559082,-0.06000018119812012,-2.0477877075451993
2018-06-10,2.319999933242798,2.289999961853028,-0.029999971389770064,-1.2931022522848685
2018-06-11,1.9700000286102293,1.950000047683716,-0.019999980926513228,-1.0152274434545345
2018-06-12,1.7400000095367432,1.7300000190734863,-0.009999990463256836,-0.5747120924395414
2018-06-14,6.289999961853027,6.159999847412109,-0.13000011444091797,-2.06677448695278
2018-06-15,10.5,10.300000190734863,-0.19999980926513672,-1.9047600882393974
2018-06-16,4.46999979019165,4.340000152587891,-0.12999963760375977,-2.9082694341286772
2018-06-17,2.809999942779541,2.75,-0.059999942779541016,-2.135229323890713
2018-06-18,26.200000762939453,26.100000381469727,-0.10000038146972656,-0.3816808341898202
2018-06-20,14.399999618530272,14.199999809265137,-0.19999980926513494,-1.3888876011341715
2018-06-21,6.690000057220459,6.5,-0.19000005722045898,-2.8400606217543087
2018-06-22,4.329999923706055,4.210000038146973,-0.11999988555908203,-2.7713599924587045
2018-06-23,3.359999895095825,3.2799999713897705,-0.07999992370605469,-2.3809501846360366
2018-06-24,3.140000104904175,3.069999933242798,-0.07000017166137695,-2.2293047555013756
2018-06-25,4.239999771118164,4.130000114440918,-0.1099996566772461,-2.594331665452831
2018-06-26,3.7699999809265137,3.670000076293945,-0.0999999046325688,-2.652517377678948
2018-06-27,2.6700000762939453,2.619999885559082,-0.05000019073486328,-1.8726662661472773
2018-06-28,2.930000066757202,2.869999885559082,-0.06000018119812012,-2.0477877075451993
2018-06-29,4.710000038146973,4.579999923706055,-0.13000011444091797,-2.7600873330791553
2018-06-30,3.5899999141693115,3.5,-0.08999991416931152,-2.5069614574109695
2018-07-01,9.510000228881836,9.34000015258789,-0.1700000762939453,-1.7875927676390133
2018-07-02,5.639999866485596,5.480000019073486,-0.15999984741210938,-2.8368767943217823
2018-07-03,22.399999618530277,22.299999237060547,-0.10000038146973012,-0.44643028202110036
2018-07-04,7.630000114440918,7.429999828338623,-0.20000028610229492,-2.6212356894171527
2018-07-05,3.900000095367432,3.799999952316284,-0.1000001430511479,-2.564106169380146
2018-07-07,12.199999809265137,12.0,-0.19999980926513672,-1.639342724524056
2018-07-08,5.260000228881836,5.099999904632568,-0.16000032424926758,-3.0418311271305827
2018-07-09,3.430000066757202,3.3499999046325684,-0.08000016212463379,-2.332366197306454
2018-07-10,2.720000028610229,2.6700000762939453,-0.049999952316283736,-1.8382335217044454
2018-07-11,3.220000028610229,3.140000104904175,-0.07999992370605424,-2.4844696582373227
2018-07-12,2.25,2.220000028610229,-0.029999971389770952,-1.3333320617675979
2018-07-13,1.919999957084656,1.899999976158142,-0.019999980926513894,-1.0416656965389746
2018-07-14,1.75,1.7400000095367432,-0.009999990463256836,-0.5714280264718192
2018-07-15,3.890000104904175,3.819999933242798,-0.07000017166137695,-1.799490225543357
2018-07-16,4.730000019073486,4.599999904632568,-0.13000011444091797,-2.7484167847082257
2018-07-17,27.299999237060547,27.200000762939453,-0.09999847412109375,-0.3662947872370007
2018-07-18,20.700000762939453,20.5,-0.20000076293945312,-0.9661872249663266
2018-07-19,6.300000190734863,6.130000114440918,-0.1700000762939453,-2.6984138277322125
2018-07-20,3.75,3.650000095367432,-0.09999990463256792,-2.6666641235351443
2018-07-21,2.7799999713897705,2.7300000190734863,-0.04999995231628418,-1.7985594543473442
2018-07-22,2.190000057220459,2.1600000858306885,-0.029999971389770508,-1.3698616715036243
2018-07-23,2.069999933242798,2.049999952316284,-0.019999980926513672,-0.9661826846140193
2018-07-24,2.150000095367432,2.130000114440918,-0.019999980926514116,-0.9302316297384232
2018-07-25,1.8600000143051147,1.850000023841858,-0.009999990463256836,-0.5376338917391231
2018-07-26,6.929999828338623,6.760000228881836,-0.1699995994567871,-2.4530967340231853
2018-07-27,6.139999866485596,5.96999979019165,-0.1700000762939453,-2.7687309444723116
2018-07-29,12.100000381469728,11.899999618530272,-0.20000076293945668,-1.6528988151582484
2018-07-30,6.440000057220459,6.260000228881836,-0.17999982833862305,-2.7950283655170027
2018-07-31,3.940000057220459,3.839999914169312,-0.10000014305114702,-2.538074659869265
2018-08-01,2.900000095367432,2.8399999141693115,-0.06000018119812056,-2.068971697413634
2018-08-02,2.359999895095825,2.3299999237060547,-0.029999971389770508,-1.2711852848854637
2018-08-03,2.059999942779541,2.049999952316284,-0.009999990463256836,-0.4854364437391164
2018-08-04,2.0,1.9900000095367432,-0.009999990463256836,-0.4999995231628418
2018-08-05,2.039999961853028,2.0199999809265137,-0.019999980926514116,-0.9803912402207691
2018-08-06,1.7699999809265137,1.7599999904632568,-0.009999990463256836,-0.5649712187014997
2018-08-07,1.6399999856948853,1.6299999952316284,-0.009999990463256836,-0.6097555213709185
2018-08-10,18.0,17.799999237060547,-0.20000076293945312,-1.1111153496636286
2018-08-11,6.599999904632568,6.420000076293945,-0.17999982833862305,-2.727270165750766
2018-08-12,4.019999980926514,3.910000085830689,-0.10999989509582475,-2.736315811386457
2018-08-13,3.109999895095825,3.039999961853028,-0.06999993324279741,-2.2508017879094036
2018-08-14,2.680000066757202,2.630000114440918,-0.04999995231628418,-1.8656698160751943
2018-08-15,2.859999895095825,2.809999942779541,-0.04999995231628418,-1.7482501451143906
2018-08-16,7.630000114440918,7.46999979019165,-0.16000032424926758,-2.096989801434511
2018-08-17,3.829999923706055,3.7300000190734863,-0.0999999046325688,-2.6109636194406254
2018-08-18,16.799999237060547,16.700000762939453,-0.09999847412109375,-0.5952290396567317
2018-08-19,8.880000114440918,8.680000305175781,-0.19999980926513672,-2.2522500753112733
2018-08-20,4.449999809265137,4.320000171661377,-0.12999963760375977,-2.921340296084813
2018-08-21,3.0799999237060547,3.009999990463257,-0.06999993324279785,-2.2727251615827773
2018-08-22,2.819999933242798,2.759999990463257,-0.059999942779541016,-2.127657595741337
2018-08-23,4.409999847412109,4.28000020980835,-0.12999963760375977,-2.9478376893832907
2018-08-24,3.039999961853028,2.970000028610229,-0.06999993324279874,-2.3026294118809916
2018-08-25,2.2799999713897705,2.25,-0.029999971389770508,-1.3157882353605501
2018-08-26,1.940000057220459,1.919999957084656,-0.020000100135803,-1.030932966283424
2018-08-27,1.7699999809265137,1.7599999904632568,-0.009999990463256836,-0.5649712187014997
2018-08-28,1.7999999523162842,1.7899999618530271,-0.009999990463257058,-0.5555550404536859
2018-08-29,2.220000028610229,2.190000057220459,-0.029999971389770064,-1.3513500451867442
2018-08-30,5.059999942779541,4.920000076293945,-0.1399998664855957,-2.7667958116357503
2018-08-31,4.010000228881836,3.900000095367432,-0.11000013351440385,-2.7431453176020573
2018-09-01,2.5799999237060547,2.539999961853028,-0.0399999618530269,-1.550386164181305
2018-09-02,2.0299999713897705,2.009999990463257,-0.019999980926513672,-0.9852207491816546
2018-09-03,1.8600000143051147,1.850000023841858,-0.009999990463256836,-0.5376338917391231
2018-09-04,2.2699999809265137,2.240000009536743,-0.029999971389770508,-1.321584653825673
2018-09-05,2.130000114440918,2.109999895095825,-0.020000219345092773,-0.9389773835924149
2018-09-06,2.1700000762939453,2.150000095367432,-0.019999980926513228,-0.9216580748084756
2018-09-07,2.690000057220459,2.640000104904175,-0.04999995231628418,-1.8587342473125619
2018-09-08,1.899999976158142,1.8799999952316284,-0.019999980926513672,-1.0526305882884401
2018-09-11,1.9800000190734863,1.9600000381469729,-0.01999998092651345,-1.0101000370632403
2018-09-12,3.430000066757202,3.3499999046325684,-0.08000016212463379,-2.332366197306454
2018-09-13,2.220000028610229,2.200000047683716,-0.019999980926513228,-0.9009000301244895
2018-09-14,1.7300000190734863,1.7200000286102295,-0.009999990463256836,-0.5780341244511894
2018-09-22,4.800000190734863,4.659999847412109,-0.1400003433227539,-2.9166737033258396
2018-09-23,3.259999990463257,3.190000057220459,-0.06999993324279785,-2.1472372223182314
2018-09-24,2.0299999713897705,2.0199999809265137,-0.009999990463256836,-0.4926103745908273
2018-09-26,4.429999828338623,4.380000114440918,-0.04999971389770508,-1.1286617570018374
2018-09-27,29.600000381469727,29.5,-0.10000038146972656,-0.3378391222330155
2018-09-28,7.900000095367432,7.699999809265137,-0.20000028610229492,-2.53164916060666
2018-09-29,4.739999771118164,4.610000133514404,-0.12999963760375977,-2.742608520698154
2018-09-30,3.660000085830689,3.559999942779541,-0.1000001430511479,-2.7322442815858965
2018-10-01,3.130000114440918,3.059999942779541,-0.07000017166137695,-2.2364271278590806
2018-10-02,3.7899999618530273,3.690000057220459,-0.09999990463256836,-2.6385199377066977
2018-10-03,9.8100004196167,9.59000015258789,-0.2200002670288086,-2.242612208138973
2018-10-04,6.420000076293945,6.239999771118164,-0.18000030517578125,-2.8037430379547517
2018-10-05,8.199999809265137,8.0,-0.19999980926513672,-2.4390221209414906
2018-10-06,5.139999866485596,5.0,-0.1399998664855957,-2.7237328817543083
2018-10-07,4.130000114440918,4.019999980926514,-0.1100001335144043,-2.6634414156498183
2018-10-08,4.059999942779541,3.940000057220459,-0.11999988555908203,-2.955662247544964
2018-10-09,6.460000038146973,6.28000020980835,-0.17999982833862305,-2.7863750352276364
2018-10-10,7.559999942779541,7.360000133514404,-0.19999980926513672,-2.6455001425780957
2018-10-11,18.299999237060547,18.100000381469727,-0.1999988555908203,-1.0928899668246397
2018-10-13,12.399999618530272,12.199999809265137,-0.19999980926513494,-1.6129017372408614
2018-10-14,7.639999866485596,7.429999828338623,-0.21000003814697266,-2.7486916468176954
2018-10-15,5.909999847412109,5.739999771118164,-0.1700000762939453,-2.87648190665158
2018-10-16,13.0,12.699999809265137,-0.3000001907348633,-2.3076937748835635
2018-10-17,8.859999656677246,8.649999618530273,-0.21000003814697266,-2.370203682668411
2018-10-18,7.03000020980835,6.840000152587891,-0.19000005722045898,-2.702703435988073
2018-10-19,5.820000171661377,5.650000095367432,-0.1700000762939453,-2.92096342405119
2018-10-20,5.320000171661377,5.159999847412109,-0.16000032424926758,-3.0075247948591937
2018-10-21,4.599999904632568,4.46999979019165,-0.13000011444091797,-2.826089502958412
2018-10-22,4.010000228881836,3.900000095367432,-0.11000013351440385,-2.7431453176020573
2018-10-23,3.910000085830689,3.809999942779541,-0.1000001430511479,-2.5575483594881465
2018-10-24,7.519999980926514,7.329999923706055,-0.19000005722045898,-2.526596511999588
2018-10-25,7.929999828338623,7.71999979019165,-0.21000003814697266,-2.6481720390020334
2018-10-26,5.670000076293945,5.510000228881836,-0.15999984741210938,-2.8218667594214444
2018-10-27,4.71999979019165,4.579999923706055,-0.1399998664855957,-2.966098998066082
2018-10-28,12.0,11.800000190734863,-0.19999980926513672,-1.6666650772094727
2018-10-29,13.0,12.800000190734863,-0.19999980926513672,-1.5384600712702825
2018-10-30,10.300000190734863,10.100000381469728,-0.19999980926513494,-1.9417456850635821
2018-10-31,8.550000190734863,8.34000015258789,-0.21000003814697266,-2.456140742248608
2018-11-01,12.300000190734863,12.100000381469728,-0.19999980926513494,-1.6260146842581955
2018-11-02,58.70000076293945,58.59999847412109,-0.10000228881836648,-0.1703616482429476
2018-11-06,25.799999237060547,25.700000762939453,-0.09999847412109375,-0.387590996427048
2018-11-08,22.700000762939453,22.5,-0.20000076293945312,-0.881060600077067
2018-11-09,14.699999809265137,14.5,-0.19999980926513672,-1.3605429378242615
2018-11-10,38.70000076293945,38.59999847412109,-0.10000228881836648,-0.25840384198165794
2018-11-11,27.899999618530277,27.799999237060547,-0.10000038146973012,-0.35842431124376467
2018-11-12,14.399999618530272,14.199999809265137,-0.19999980926513494,-1.3888876011341715
2018-11-23,6.449999809265137,6.489999771118164,0.039999961853027344,0.620154465672529
2018-11-24,8.829999923706055,8.630000114440918,-0.19999980926513672,-2.265003522006764
2018-11-25,8.220000267028809,8.1899995803833,-0.030000686645507812,-0.36497184514510755
2018-11-26,29.399999618530277,28.899999618530277,-0.5,-1.7006802941754435
2018-11-27,24.0,23.899999618530277,-0.10000038146972301,-0.4166682561238459
2018-11-28,17.799999237060547,17.600000381469727,-0.1999988555908203,-1.1235891245119385
2018-11-29,14.800000190734863,14.600000381469728,-0.19999980926513494,-1.351350045186752
2018-11-30,12.5,12.300000190734863,-0.19999980926513672,-1.5999984741210938
2018-12-01,11.199999809265137,11.0,-0.19999980926513672,-1.7857126131349395
2018-12-02,11.600000381469728,11.399999618530272,-0.20000076293945668,-1.72414445139972
2018-12-05,19.200000762939453,19.0,-0.20000076293945312,-1.0416705989173811
2018-12-06,13.800000190734863,13.5,-0.3000001907348633,-2.1739143955684828
2018-12-08,7.46999979019165,7.340000152587891,-0.12999963760375977,-1.740289708902716
2018-12-09,6.420000076293945,6.389999866485596,-0.03000020980834961,-0.4672929821157844
2018-12-12,4.909999847412109,4.900000095367432,-0.009999752044677734,-0.203660944102641
2018-12-13,4.650000095367432,4.630000114440918,-0.019999980926513672,-0.43010710787809825
2018-12-14,4.420000076293945,4.400000095367432,-0.019999980926513672,-0.4524882484455325
2018-12-23,47.09999847412109,47.0,-0.09999847412108664,-0.21231099227323844
2018-12-24,18.5,18.299999237060547,-0.20000076293945312,-1.081085205078125
2018-12-25,11.600000381469728,11.5,-0.10000038146972834,-0.86207222569986
2019-01-09,5.53000020980835,5.489999771118164,-0.04000043869018555,-0.7233352110771768
2019-01-10,5.71999979019165,5.590000152587891,-0.12999963760375977,-2.2727210204915775
2019-01-11,5.119999885559082,5.03000020980835,-0.08999967575073242,-1.757806206296523
2019-01-12,4.630000114440918,4.559999942779541,-0.07000017166137695,-1.5118827198955613
2019-01-13,4.21999979019165,4.179999828338623,-0.039999961853027344,-0.9478664417471631
2019-01-14,3.890000104904175,3.859999895095825,-0.03000020980834961,-0.7712135989540964
2019-01-15,3.609999895095825,3.5899999141693115,-0.019999980926513672,-0.554016108246529
2019-01-16,3.380000114440918,3.369999885559082,-0.010000228881835938,-0.29586474980016575
2019-01-18,3.0199999809265137,3.009999990463257,-0.009999990463256836,-0.3311255141196694
2019-03-21,9.449999809265137,9.460000038146973,0.010000228881835938,0.1058225299859936
2019-04-18,55.900001525878906,56.0,0.09999847412109375,0.17888814202410971
2019-04-26,43.400001525878906,43.5,0.09999847412109375,0.2304112225928514
2019-04-29,32.29999923706055,32.20000076293945,-0.09999847412109375,-0.3095928064492242
2019-04-30,22.399999618530277,22.200000762939453,-0.19999885559082387,-0.8928520490927861
2019-05-01,17.5,17.299999237060547,-0.20000076293945312,-1.1428615025111608
2019-05-02,24.200000762939453,24.0,-0.20000076293945312,-0.8264494075791097
2019-05-03,24.200000762939453,24.100000381469727,-0.10000038146972656,-0.41322470378955484
2019-05-04,32.599998474121094,32.5,-0.09999847412109375,-0.3067438000050082
2019-05-05,21.100000381469727,20.899999618530277,-0.20000076293944957,-0.9478708972682893
2019-05-06,15.199999809265137,15.0,-0.19999980926513672,-1.3157882353605501
2019-05-07,12.699999809265137,12.5,-0.19999980926513672,-1.57480167140813
2019-05-08,11.699999809265137,11.399999618530272,-0.30000019073486506,-2.564104236115434
2019-05-09,9.130000114440918,8.90999984741211,-0.2200002670288086,-2.4096414487534807
2019-05-10,58.0,57.900001525878906,-0.09999847412109375,-0.17241116227774783
2019-05-11,59.59999847412109,59.70000076293945,0.10000228881836648,0.1677890794943367
2019-05-12,24.100000381469727,24.0,-0.10000038146972656,-0.41493933563011876
2019-05-13,15.199999809265137,15.0,-0.19999980926513672,-1.3157882353605501
2019-05-14,16.600000381469727,16.5,-0.10000038146972656,-0.6024119227211292
2019-05-15,15.399999618530272,15.199999809265137,-0.19999980926513494,-1.2987000923330043
2019-05-16,11.5,11.300000190734863,-0.19999980926513672,-1.73912877621858
2019-05-17,9.5600004196167,9.34000015258789,-0.2200002670288086,-2.3012579223048752
2019-05-18,11.300000190734863,11.100000381469728,-0.19999980926513494,-1.7699097866309728
2019-05-19,15.100000381469728,14.899999618530272,-0.20000076293945668,-1.3245083303765453
2019-05-22,21.399999618530277,21.299999237060547,-0.10000038146973012,-0.46729151052479323
2019-05-23,13.199999809265137,12.899999618530272,-0.30000019073486506,-2.2727287505284175
2019-05-25,21.0,20.799999237060547,-0.20000076293945312,-0.9523845854259673
2019-05-26,25.5,25.399999618530277,-0.10000038146972301,-0.3921583587047961
2019-05-27,17.0,16.799999237060547,-0.20000076293945312,-1.1764750761144303
2019-05-28,11.5,11.300000190734863,-0.19999980926513672,-1.73912877621858
2019-05-29,10.699999809265137,10.5,-0.19999980926513672,-1.8691571292548692
2019-05-30,8.789999961853027,8.569999694824219,-0.2200002670288086,-2.5028471898016953
2019-05-31,8.710000038146973,8.489999771118164,-0.2200002670288086,-2.52583543128908
2019-06-01,7.340000152587891,7.139999866485596,-0.20000028610229492,-2.7247994815337995
2019-06-02,15.300000190734863,15.100000381469728,-0.19999980926513494,-1.3071882795547134
2019-06-04,15.199999809265137,15.0,-0.19999980926513672,-1.3157882353605501
2019-06-05,9.859999656677246,9.640000343322754,-0.2199993133544922,-2.2312304362557196
2019-06-06,10.0,9.829999923706056,-0.17000007629394354,-1.7000007629394354
2019-06-07,7.690000057220459,7.489999771118164,-0.20000028610229492,-2.6007839351640367
2019-06-08,5.739999771118164,5.570000171661377,-0.1699995994567871,-2.9616656138589152
2019-06-09,4.820000171661377,4.679999828338623,-0.1400003433227539,-2.904571334786862
2019-06-10,4.179999828338623,4.059999942779541,-0.11999988555908203,-2.870810777204673
2019-06-11,7.050000190734863,6.869999885559082,-0.18000030517578125,-2.5531957490205226
2019-06-12,8.84000015258789,8.630000114440918,-0.21000003814697266,-2.375566001381749
2019-06-13,5.230000019073486,5.079999923706055,-0.15000009536743164,-2.868070646661388
2019-06-14,4.929999828338623,4.789999961853027,-0.1399998664855957,-2.8397539829686917
2019-06-15,4.429999828338623,4.309999942779541,-0.11999988555908203,-2.7088011333870736
2019-06-16,5.300000190734863,5.139999866485596,-0.16000032424926758,-3.0188739337966513
2019-06-17,4.5,4.369999885559082,-0.13000011444091797,-2.888891432020399
2019-06-18,3.450000047683716,3.369999885559082,-0.08000016212463379,-2.3188452469252816
2019-06-19,2.990000009536743,2.930000066757202,-0.059999942779541016,-2.006687043082556
2019-06-20,3.259999990463257,3.180000066757202,-0.07999992370605469,-2.453985396935122
2019-06-21,5.949999809265137,5.78000020980835,-0.1699995994567871,-2.8571362169133105
2019-06-22,4.059999942779541,3.950000047683716,-0.1099998950958252,-2.7093570602495505
2019-06-23,2.9200000762939453,2.859999895095825,-0.06000018119812012,-2.0548006722750554
2019-06-24,2.400000095367432,2.359999895095825,-0.04000020027160689,-1.6666749450892413
2019-06-25,2.4800000190734863,2.440000057220459,-0.039999961853027344,-1.6129016752173695
2019-06-26,4.059999942779541,3.950000047683716,-0.1099998950958252,-2.7093570602495505
2019-06-27,3.069999933242798,3.0,-0.06999993324279785,-2.280128168239336
2019-06-28,2.819999933242798,2.759999990463257,-0.059999942779541016,-2.127657595741337
2019-06-29,4.039999961853027,3.950000047683716,-0.08999991416931152,-2.227720668790087
2019-06-30,13.199999809265137,12.899999618530272,-0.30000019073486506,-2.2727287505284175
2019-07-01,11.5,11.199999809265137,-0.3000001907348633,-2.6086973107379414
2019-07-02,5.130000114440918,4.989999771118164,-0.1400003433227539,-2.7290514658791882
2019-07-03,3.380000114440918,3.299999952316284,-0.08000016212463379,-2.3668686217741897
2019-07-04,2.5799999237060547,2.5299999713897705,-0.04999995231628418,-1.937982705226653
2019-07-05,2.150000095367432,2.130000114440918,-0.019999980926514116,-0.9302316297384232
2019-07-06,3.3399999141693115,3.2699999809265137,-0.06999993324279785,-2.095806438372543
2019-07-07,6.369999885559082,6.190000057220459,-0.17999982833862305,-2.825743038813647
2019-07-08,3.309999942779541,3.2300000190734863,-0.07999992370605469,-2.4169161658315774
2019-07-09,2.309999942779541,2.2799999713897705,-0.029999971389770508,-1.2987000923330156
2019-07-10,1.909999966621399,1.8899999856948853,-0.019999980926513672,-1.0471194385354707
2019-07-11,1.840000033378601,1.8200000524520876,-0.01999998092651345,-1.086955465418637
2019-07-12,19.0,18.899999618530277,-0.10000038146972301,-0.5263177972090685
2019-07-13,8.760000228881836,8.550000190734863,-0.21000003814697266,-2.3972606468045488
2019-07-14,5.380000114440918,5.21999979019165,-0.16000032424926758,-2.973983658844115
2019-07-15,4.019999980926514,3.910000085830689,-0.10999989509582475,-2.736315811386457
2019-07-16,2.940000057220459,2.880000114440918,-0.059999942779541016,-2.040814340536656
2019-07-17,2.680000066757202,2.630000114440918,-0.04999995231628418,-1.8656698160751943
2019-07-18,3.680000066757202,3.5899999141693115,-0.09000015258789062,-2.4456562759575795
2019-07-19,2.720000028610229,2.6700000762939453,-0.049999952316283736,-1.8382335217044454
2019-07-20,2.150000095367432,2.119999885559082,-0.030000209808350053,-1.3953585338433698
2019-07-21,2.799999952316284,2.75,-0.04999995231628418,-1.7857126131349395
2019-07-22,4.699999809265137,4.570000171661377,-0.12999963760375977,-2.7659498484976686
2019-07-23,2.9800000190734863,2.9200000762939453,-0.059999942779541016,-2.013420885755418
2019-07-24,2.180000066757202,2.1600000858306885,-0.019999980926513672,-0.9174302896359119
2019-07-26,1.5499999523162842,1.5399999618530271,-0.009999990463257058,-0.6451606948963645
2019-07-29,1.870000004768372,1.8600000143051147,-0.00999999046325728,-0.5347588469389298
2019-07-30,1.919999957084656,1.909999966621399,-0.009999990463257058,-0.520832848269493
2019-07-31,2.309999942779541,2.2799999713897705,-0.029999971389770508,-1.2987000923330156
2019-08-01,4.28000020980835,4.159999847412109,-0.12000036239624023,-2.803746647517422
2019-08-02,2.2300000190734863,2.200000047683716,-0.029999971389770508,-1.3452901853442496
2019-08-03,1.590000033378601,1.5800000429153442,-0.009999990463256836,-0.6289302046118699
2019-08-08,3.220000028610229,3.140000104904175,-0.07999992370605424,-2.4844696582373227
2019-08-09,4.980000019073486,4.840000152587891,-0.1399998664855957,-2.8112422881404378
2019-08-10,8.170000076293945,7.989999771118164,-0.18000030517578125,-2.203186089288662
2019-08-11,9.800000190734863,9.600000381469728,-0.19999980926513494,-2.0408143405366377
2019-08-12,4.0,3.900000095367432,-0.09999990463256792,-2.499997615814198
2019-08-13,2.7799999713897705,2.7300000190734863,-0.04999995231628418,-1.7985594543473442
2019-08-14,2.180000066757202,2.1600000858306885,-0.019999980926513672,-0.9174302896359119
2019-08-15,1.830000042915344,1.8200000524520876,-0.009999990463256392,-0.5464475534834178
2019-08-16,2.6600000858306885,2.619999885559082,-0.040000200271606445,-1.503766878981691
2019-08-17,6.510000228881836,6.369999885559082,-0.1400003433227539,-2.1505428325737634
2019-08-19,10.600000381469728,10.399999618530272,-0.20000076293945668,-1.8867995824706363
2019-08-20,5.380000114440918,5.21999979019165,-0.16000032424926758,-2.973983658844115
2019-08-21,3.5999999046325684,3.509999990463257,-0.08999991416931152,-2.499997682041531
2019-08-22,3.049999952316284,2.990000009536743,-0.059999942779541016,-1.967211269428867
2019-08-23,2.6600000858306885,2.609999895095825,-0.05000019073486328,-1.8797063579510667
2019-08-24,2.150000095367432,2.130000114440918,-0.019999980926514116,-0.9302316297384232
2019-08-25,1.8600000143051147,1.850000023841858,-0.009999990463256836,-0.5376338917391231
2019-08-26,1.659999966621399,1.649999976158142,-0.009999990463256836,-0.6024090761646119
2019-08-30,1.690000057220459,1.6799999475479126,-0.010000109672546387,-0.5917224457964548
2019-09-02,12.0,11.899999618530272,-0.10000038146972834,-0.8333365122477362
2019-09-03,26.799999237060547,26.700000762939453,-0.09999847412109375,-0.37312864540238583
2019-09-04,10.899999618530272,10.699999809265137,-0.19999980926513494,-1.8348606996749823
2019-09-05,13.899999618530272,13.699999809265137,-0.19999980926513494,-1.438847588157575
2019-09-06,5.869999885559082,5.699999809265137,-0.1700000762939453,-2.896083127908849
2019-09-07,3.890000104904175,3.7899999618530273,-0.10000014305114746,-2.5706976954853022
2019-09-08,3.140000104904175,3.069999933242798,-0.07000017166137695,-2.2293047555013756
2019-09-09,2.700000047683716,2.650000095367432,-0.049999952316283736,-1.8518500530834376
2019-09-10,2.359999895095825,2.3299999237060547,-0.029999971389770508,-1.2711852848854637
2019-09-11,2.309999942779541,2.2799999713897705,-0.029999971389770508,-1.2987000923330156
2019-09-12,2.9800000190734863,2.9100000858306885,-0.06999993324279785,-2.348991033381321
2019-09-13,2.440000057220459,2.400000095367432,-0.0399999618530269,-1.6393426604503076
2019-09-14,2.140000104904175,2.109999895095825,-0.03000020980834961,-1.401878894285987
2019-09-15,1.9800000190734863,1.9700000286102293,-0.009999990463257058,-0.505050018531637
2019-09-16,1.840000033378601,1.830000042915344,-0.009999990463257058,-0.5434777327093366
2019-09-24,2.0,1.9800000190734863,-0.019999980926513672,-0.9999990463256836
2019-09-25,2.440000057220459,2.400000095367432,-0.0399999618530269,-1.6393426604503076
2019-09-26,2.2799999713897705,2.25,-0.029999971389770508,-1.3157882353605501
2019-09-27,7.400000095367432,7.210000038146973,-0.19000005722045898,-2.5675683077275004
2019-09-28,4.659999847412109,4.53000020980835,-0.12999963760375977,-2.789691885418278
2019-09-29,4.480000019073486,4.360000133514404,-0.11999988555908203,-2.6785688626827135
2019-09-30,3.890000104904175,3.7799999713897705,-0.1100001335144043,-2.8277668521326174
2019-10-01,3.3399999141693115,3.259999990463257,-0.07999992370605469,-2.3952073581400497
2019-10-02,35.29999923706055,35.20000076293945,-0.09999847412109375,-0.28328180249961016
2019-10-03,11.300000190734863,11.100000381469728,-0.19999980926513494,-1.7699097866309728
2019-10-04,10.399999618530272,10.199999809265137,-0.19999980926513494,-1.9230751596258129
2019-10-05,8.15999984741211,7.960000038146973,-0.19999980926513672,-2.4509781005518687
2019-10-06,5.590000152587891,5.429999828338623,-0.16000032424926758,-2.8622597474383866
2019-10-07,18.200000762939453,18.100000381469727,-0.10000038146972656,-0.5494526224051414
2019-10-08,22.899999618530277,22.700000762939453,-0.19999885559082387,-0.8733574625433107
2019-10-09,10.0,9.829999923706056,-0.17000007629394354,-1.7000007629394354
2019-10-10,6.670000076293945,6.480000019073486,-0.19000005722045898,-2.848576537438794
2019-10-11,5.210000038146973,5.059999942779541,-0.15000009536743164,-2.879080504206326
2019-10-12,4.349999904632568,4.230000019073486,-0.11999988555908203,-2.7586181193081676
2019-10-13,3.910000085830689,3.809999942779541,-0.1000001430511479,-2.5575483594881465
2019-10-14,3.509999990463257,3.4200000762939453,-0.08999991416931152,-2.5641001257505174
2019-10-15,3.259999990463257,3.190000057220459,-0.06999993324279785,-2.1472372223182314
2019-10-16,3.0799999237060547,3.009999990463257,-0.06999993324279785,-2.2727251615827773
2019-10-17,4.21999979019165,4.110000133514404,-0.1099996566772461,-2.606627065075055
2019-10-18,12.800000190734863,12.600000381469728,-0.19999980926513494,-1.562498486600825
2019-10-19,12.300000190734863,12.0,-0.3000001907348633,-2.4390259031121184
2019-10-20,7.96999979019165,7.760000228881836,-0.20999956130981445,-2.6348753681054324
2019-10-21,5.800000190734863,5.630000114440918,-0.1700000762939453,-2.9310357017834203
2019-10-22,4.760000228881836,4.630000114440918,-0.13000011444091797,-2.7310947098726523
2019-10-23,4.940000057220459,4.800000190734863,-0.1399998664855957,-2.834005361618721
2019-10-24,6.21999979019165,6.039999961853027,-0.17999982833862305,-2.893888013026394
2019-10-25,4.659999847412109,4.53000020980835,-0.12999963760375977,-2.789691885418278
2019-10-26,4.070000171661377,3.9600000381469727,-0.1100001335144043,-2.702705869162216
2019-10-27,6.019999980926514,5.889999866485596,-0.13000011444091797,-2.159470346392097
2019-10-28,21.700000762939453,21.600000381469727,-0.10000038146972656,-0.46083123481042976
2019-10-29,11.199999809265137,11.0,-0.19999980926513672,-1.7857126131349395
2019-10-30,7.679999828338623,7.46999979019165,-0.21000003814697266,-2.7343755578234297
2019-10-31,11.199999809265137,11.0,-0.19999980926513672,-1.7857126131349395
2019-11-03,27.899999618530277,27.799999237060547,-0.10000038146973012,-0.35842431124376467
2019-11-04,18.399999618530277,18.200000762939453,-0.19999885559082387,-1.0869503246587513
2019-11-05,14.399999618530272,14.199999809265137,-0.19999980926513494,-1.3888876011341715
2019-11-06,14.199999809265137,13.899999618530272,-0.30000019073486506,-2.112677427918855
2019-11-07,12.300000190734863,12.100000381469728,-0.19999980926513494,-1.6260146842581955
2019-11-08,11.100000381469728,10.899999618530272,-0.20000076293945668,-1.8018086132081284
2019-11-09,9.140000343322754,8.920000076293945,-0.2200002670288086,-2.4070050193108607
2019-11-10,8.40999984741211,8.1899995803833,-0.2200002670288086,-2.6159366352010833
2019-11-11,8.720000267028809,8.5,-0.2200002670288086,-2.5229387648146244
2019-11-12,8.029999732971191,7.820000171661377,-0.20999956130981445,-2.6151876499765736
2020-03-20,44.70000076293945,44.59999847412109,-0.10000228881836648,-0.2237187631130375
2020-03-22,28.799999237060547,28.700000762939453,-0.09999847412109375,-0.34721693322968306
2020-03-23,17.100000381469727,16.899999618530273,-0.20000076293945312,-1.1695950788175553
2020-03-24,14.300000190734863,14.100000381469728,-0.19999980926513494,-1.398600046136483
2020-03-25,12.199999809265137,12.0,-0.19999980926513672,-1.639342724524056
2020-03-26,16.200000762939453,16.0,-0.20000076293945312,-1.234572552595136
2020-03-28,24.5,24.399999618530277,-0.10000038146972301,-0.4081648223254
2020-03-29,40.59999847412109,40.5,-0.09999847412108664,-0.24630166965357608
2020-04-01,35.20000076293945,35.099998474121094,-0.10000228881835938,-0.28409740525814825
2020-04-02,27.399999618530277,27.299999237060547,-0.10000038146973012,-0.364964900956061
2020-04-03,64.9000015258789,65.0,0.09999847412109375,0.15408085018490994
2020-04-06,53.70000076293945,53.79999923706055,0.09999847412109375,0.18621689515897874
2020-04-08,27.0,26.899999618530277,-0.10000038146972301,-0.37037178322119635
2020-04-09,29.600000381469727,29.5,-0.10000038146972656,-0.3378391222330155
2020-04-12,22.399999618530277,22.200000762939453,-0.19999885559082387,-0.8928520490927861
2020-04-15,30.100000381469727,30.0,-0.10000038146972656,-0.33222717675209457
2020-04-16,19.0,18.799999237060547,-0.20000076293945312,-1.0526355944181744
2020-04-17,15.0,14.699999809265137,-0.3000001907348633,-2.0000012715657554
2020-04-18,12.600000381469728,12.300000190734863,-0.30000019073486506,-2.3809538226368807
2020-04-19,11.199999809265137,11.0,-0.19999980926513672,-1.7857126131349395
2020-04-20,13.100000381469728,12.899999618530272,-0.20000076293945668,-1.5267233367593078
2020-04-21,13.699999809265137,13.5,-0.19999980926513672,-1.4598526426976983
2020-04-22,19.5,19.299999237060547,-0.20000076293945312,-1.0256449381510417
2020-04-23,11.800000190734863,11.600000381469728,-0.19999980926513494,-1.6949136104435913
2020-04-24,12.399999618530272,12.199999809265137,-0.19999980926513494,-1.6129017372408614
2020-04-25,11.0,10.800000190734863,-0.19999980926513672,-1.8181800842285156
2020-04-26,9.529999732971191,9.3100004196167,-0.2199993133544922,-2.308492334930029
2020-04-27,9.199999809265137,8.979999542236328,-0.2200002670288086,-2.3913072998898404
2020-04-28,8.359999656677246,8.149999618530273,-0.21000003814697266,-2.5119622819510856
2020-04-29,7.5,7.300000190734863,-0.19999980926513672,-2.6666641235351562
2020-04-30,7.230000019073486,7.03000020980835,-0.19999980926513672,-2.7662490835064535
2020-05-01,8.739999771118164,8.529999732971191,-0.21000003814697266,-2.402746494810331
2020-05-02,17.399999618530273,17.299999237060547,-0.10000038146972656,-0.5747148486326996
2020-05-03,10.399999618530272,10.199999809265137,-0.19999980926513494,-1.9230751596258129
2020-05-04,8.020000457763672,7.800000190734863,-0.2200002670288086,-2.743145317602068
2020-05-05,8.050000190734863,7.840000152587891,-0.21000003814697266,-2.6086960642395005
2020-05-06,7.789999961853027,7.579999923706055,-0.21000003814697266,-2.6957643026357525
2020-05-07,6.179999828338623,6.0,-0.17999982833862305,-2.9126186624346984
2020-05-08,6.610000133514404,6.429999828338623,-0.18000030517578125,-2.7231513092281694
2020-05-09,9.140000343322754,8.920000076293945,-0.2200002670288086,-2.4070050193108607
2020-05-10,7.829999923706055,7.619999885559082,-0.21000003814697266,-2.6819928504874944
2020-05-11,6.989999771118164,6.800000190734863,-0.18999958038330078,-2.7181628984933037
2020-05-12,43.59999847412109,43.5,-0.09999847412108664,-0.22935430646962304
2020-05-13,18.700000762939453,18.5,-0.20000076293945312,-1.0695227528323106
2020-05-14,10.600000381469728,10.399999618530272,-0.20000076293945668,-1.8867995824706363
2020-05-15,11.199999809265137,11.0,-0.19999980926513672,-1.7857126131349395
2020-05-17,20.100000381469727,20.0,-0.10000038146972656,-0.49751432622815933
2020-05-18,12.100000381469728,11.899999618530272,-0.20000076293945668,-1.6528988151582484
2020-05-19,8.59000015258789,8.380000114440918,-0.21000003814697266,-2.444703543849256
2020-05-20,6.900000095367432,6.699999809265137,-0.20000028610229492,-2.8985548309857627
2020-05-21,5.849999904632568,5.679999828338623,-0.1700000762939453,-2.90598425752663
2020-05-22,5.039999961853027,4.889999866485596,-0.15000009536743164,-2.9761923909277566
2020-05-23,4.369999885559082,4.239999771118164,-0.13000011444091797,-2.9748310719757884
2020-05-24,3.880000114440918,3.7799999713897705,-0.10000014305114746,-2.5773231984957508
2020-05-25,3.470000028610229,3.380000114440918,-0.08999991416931108,-2.5936574474714624
2020-05-26,3.240000009536743,3.1600000858306885,-0.07999992370605469,-2.469133440449993
2020-05-27,2.950000047683716,2.890000104904175,-0.059999942779541016,-2.033896332532328
2020-05-28,2.650000095367432,2.5999999046325684,-0.050000190734863725,-1.8867995824706194
2020-05-29,2.470000028610229,2.430000066757202,-0.0399999618530269,-1.6194316352106801
2020-05-30,10.800000190734863,10.600000381469728,-0.19999980926513494,-1.8518500530834376
2020-05-31,9.460000038146973,9.239999771118164,-0.2200002670288086,-2.325584208685715
2020-06-01,6.159999847412109,5.989999771118164,-0.1700000762939453,-2.759741566639233
2020-06-02,5.130000114440918,4.980000019073486,-0.15000009536743164,-2.9239784019727857
2020-06-03,4.659999847412109,4.53000020980835,-0.12999963760375977,-2.789691885418278
2020-06-04,5.380000114440918,5.21999979019165,-0.16000032424926758,-2.973983658844115
2020-06-05,4.090000152587891,3.9800000190734863,-0.1100001335144043,-2.689489716639821
2020-06-06,4.5,4.380000114440918,-0.11999988555908203,-2.6666641235351562
2020-06-07,6.360000133514404,6.179999828338623,-0.18000030517578125,-2.830193418192852
2020-06-08,3.839999914169312,3.740000009536743,-0.0999999046325688,-2.604164241347419
2020-06-09,2.990000009536743,2.9200000762939453,-0.06999993324279785,-2.3411348835963155
2020-06-10,2.609999895095825,2.569999933242798,-0.039999961853027344,-1.532565649837268
2020-06-11,2.380000114440918,2.3499999046325684,-0.03000020980834961,-1.260512956546513
2020-06-12,3.549999952316284,3.4600000381469727,-0.08999991416931152,-2.5352088838927695
2020-06-13,2.6600000858306885,2.609999895095825,-0.05000019073486328,-1.8797063579510667
2020-06-14,2.150000095367432,2.130000114440918,-0.019999980926514116,-0.9302316297384232
2020-06-15,1.9600000381469729,1.940000057220459,-0.019999980926513894,-1.020407170268339
2020-06-16,1.7799999713897705,1.7699999809265137,-0.009999990463256836,-0.5617972260667591
2020-06-17,1.6100000143051147,1.600000023841858,-0.009999990463256836,-0.621117414559334
2020-06-20,1.2400000095367432,1.25,0.009999990463256836,0.8064508376086847
2020-06-25,1.7599999904632568,1.75,-0.009999990463256836,-0.5681812794001605
2020-06-29,5.03000020980835,4.900000095367432,-0.13000011444091797,-2.584495209113941
2020-06-30,5.769999980926514,5.599999904632568,-0.1700000762939453,-2.9462751621473604
2020-07-01,4.460000038146973,4.329999923706055,-0.13000011444091797,-2.9148007472872135
2020-07-02,3.0999999046325684,3.0299999713897705,-0.06999993324279785,-2.258062432137226
2020-07-03,2.200000047683716,2.1700000762939453,-0.029999971389770508,-1.3636350336153933
2020-07-04,1.6100000143051147,1.600000023841858,-0.009999990463256836,-0.621117414559334
2020-07-08,2.0799999237060547,2.039999961853028,-0.0399999618530269,-1.9230751596258082
2020-07-09,7.329999923706055,7.150000095367432,-0.17999982833862305,-2.4556593480510567
2020-07-10,2.819999933242798,2.759999990463257,-0.059999942779541016,-2.127657595741337
2020-07-11,1.950000047683716,1.940000057220459,-0.009999990463257058,-0.5128200112166882
2020-07-12,2.319999933242798,2.289999961853028,-0.029999971389770064,-1.2931022522848685
2020-07-13,8.180000305175781,7.989999771118164,-0.1900005340576172,-2.322744828473869
2020-07-14,3.2799999713897705,3.200000047683716,-0.07999992370605469,-2.439022085483674
2020-07-15,2.150000095367432,2.119999885559082,-0.030000209808350053,-1.3953585338433698
2020-07-16,1.649999976158142,1.6399999856948853,-0.009999990463256836,-0.6060600368335035
2020-07-17,2.390000104904175,2.3499999046325684,-0.040000200271606445,-1.6736484734677541
2020-07-18,3.9600000381469727,3.859999895095825,-0.10000014305114746,-2.5252561133292604
2020-07-19,2.430000066757202,2.400000095367432,-0.029999971389770064,-1.2345666899427112
2020-07-20,1.7699999809265137,1.7599999904632568,-0.009999990463256836,-0.5649712187014997
2020-07-27,1.3600000143051147,1.340000033378601,-0.019999980926513672,-1.4705868173635692
2020-07-28,4.909999847412109,4.769999980926514,-0.1399998664855957,-2.8513211982966715
2020-07-29,3.2100000381469727,3.140000104904175,-0.06999993324279785,-2.180683252677047
2020-07-30,4.659999847412109,4.539999961853027,-0.11999988555908203,-2.5751049246433544
2020-07-31,5.320000171661377,5.159999847412109,-0.16000032424926758,-3.0075247948591937
2020-08-01,2.880000114440918,2.819999933242798,-0.06000018119812012,-2.0833395421502505
2020-08-02,1.830000042915344,1.8200000524520876,-0.009999990463256392,-0.5464475534834178
2020-08-03,1.6200000047683716,1.6100000143051147,-0.009999990463256836,-0.6172833601124983
2020-08-05,2.0999999046325684,2.0799999237060547,-0.019999980926513672,-0.9523800873701953
2020-08-06,1.950000047683716,1.940000057220459,-0.009999990463257058,-0.5128200112166882
2020-08-09,0.9409999847412108,0.9419999718666076,0.0009999871253967285,0.10626855915111838
2020-08-19,0.8080000281333923,0.8090000152587891,0.0009999871253967285,0.12376077853695831
2020-08-26,1.9600000381469729,1.940000057220459,-0.019999980926513894,-1.020407170268339
2020-09-06,0.7139999866485596,0.7149999737739563,0.0009999871253967285,0.1400542218621827
2020-09-30,2.8399999141693115,2.7799999713897705,-0.059999942779541016,-2.1126741053825264
2020-10-01,4.71999979019165,4.590000152587891,-0.12999963760375977,-2.754229732677197
2020-10-02,2.2799999713897705,2.240000009536743,-0.039999961853027344,-1.7543843138140667
2020-10-03,4.150000095367432,4.039999961853027,-0.1100001335144043,-2.650605565941924
2020-10-04,2.950000047683716,2.880000114440918,-0.06999993324279785,-2.372879054621049
2020-10-05,1.9900000095367432,1.9700000286102293,-0.019999980926513894,-1.0050241623450915
2020-10-06,1.5,1.4900000095367432,-0.009999990463256836,-0.6666660308837891
2020-10-07,1.3799999952316284,1.3700000047683716,-0.009999990463256836,-0.7246369925949435
2020-10-08,3.9700000286102295,3.869999885559082,-0.10000014305114746,-2.518895272808205
2020-10-09,3.930000066757202,3.829999923706055,-0.10000014305114702,-2.5445328588419356
2020-10-10,2.5199999809265137,2.470000028610229,-0.049999952316284624,-1.9841251069335895
2020-10-11,3.299999952316284,3.2300000190734863,-0.06999993324279785,-2.1212101289172627
2020-10-12,3.220000028610229,3.140000104904175,-0.07999992370605424,-2.4844696582373227
2020-10-13,3.0799999237060547,3.0199999809265137,-0.059999942779541016,-1.9480501384995235
2020-10-14,23.600000381469727,23.5,-0.10000038146972656,-0.423730423107302
2020-10-15,8.670000076293945,8.470000267028809,-0.19999980926513672,-2.3068028547310937
2020-10-16,10.100000381469728,9.970000267028809,-0.13000011444091975,-1.2871297973357347
2020-10-19,36.09999847412109,36.0,-0.09999847412108664,-0.2770040951463538
2020-10-21,30.200000762939453,30.100000381469727,-0.10000038146972656,-0.3311270825941305
2020-10-22,21.600000381469727,21.5,-0.10000038146972656,-0.4629647208502607
2020-10-23,13.600000381469728,13.399999618530272,-0.20000076293945668,-1.4705938038940183
2020-10-24,10.399999618530272,10.199999809265137,-0.19999980926513494,-1.9230751596258129
2020-10-25,10.399999618530272,10.199999809265137,-0.19999980926513494,-1.9230751596258129
2020-10-26,7.440000057220459,7.239999771118164,-0.20000028610229492,-2.6881758677971552
2020-10-27,9.899999618530272,9.68000030517578,-0.2199993133544922,-2.222215372036072
2020-10-28,9.050000190734863,8.829999923706055,-0.2200002670288086,-2.4309421258801596
2020-10-29,7.610000133514404,7.400000095367432,-0.21000003814697266,-2.7595273910986347
2020-10-30,6.46999979019165,6.289999961853027,-0.17999982833862305,-2.7820685343993063
2020-10-31,5.230000019073486,5.079999923706055,-0.15000009536743164,-2.868070646661388
2020-11-01,4.619999885559082,4.489999771118164,-0.13000011444091797,-2.8138553606303005
2020-11-02,6.480000019073486,6.300000190734863,-0.17999982833862305,-2.777775120506242
2020-11-03,7.110000133514404,6.920000076293945,-0.19000005722045898,-2.672293300317335
2020-11-04,5.599999904632568,5.440000057220459,-0.15999984741210938,-2.8571401810159034
2020-11-05,7.190000057220459,7.0,-0.19000005722045898,-2.6425598846783602
2020-11-06,14.600000381469728,14.399999618530272,-0.20000076293945668,-1.3698682035193437
2020-11-07,9.68000030517578,9.460000038146973,-0.22000026702880682,-2.2727299596382795
2020-11-08,6.909999847412109,6.71999979019165,-0.19000005722045898,-2.749639094299208
2020-11-09,5.619999885559082,5.460000038146973,-0.15999984741210938,-2.846972431854284
2020-11-10,4.96999979019165,4.820000171661377,-0.14999961853027344,-3.0181011038732706
2020-11-11,4.550000190734863,4.420000076293945,-0.13000011444091797,-2.857145252557052
2020-11-12,4.429999828338623,4.300000190734863,-0.12999963760375977,-2.9345291792598864
2020-11-13,4.179999828338623,4.070000171661377,-0.1099996566772461,-2.631570841976958
2020-11-14,4.110000133514404,4.0,-0.1100001335144043,-2.6764021883460307
2020-11-15,4.400000095367432,4.269999980926514,-0.13000011444091797,-2.9545479914373054
2020-11-17,17.299999237060547,17.100000381469727,-0.1999988555908203,-1.1560628000628874
2020-11-18,10.100000381469728,9.850000381469728,-0.25,-2.4752474312641617
2020-11-19,6.5,6.309999942779541,-0.19000005722045898,-2.923077803391677
2020-11-20,6.5,6.309999942779541,-0.19000005722045898,-2.923077803391677
2020-11-21,6.630000114440918,6.440000057220459,-0.19000005722045898,-2.8657625028786438
2020-11-22,5.480000019073486,5.320000171661377,-0.15999984741210938,-2.9197052345843026
2020-11-23,9.43000030517578,9.270000457763672,-0.1599998474121076,-1.696710946279499
2020-11-24,16.5,16.299999237060547,-0.20000076293945312,-1.2121258359966856
2020-11-25,7.949999809265137,7.739999771118164,-0.21000003814697266,-2.641509977172995
2020-11-26,9.90999984741211,9.699999809265137,-0.21000003814697266,-2.1190720623654897
2020-11-27,18.899999618530277,18.700000762939453,-0.19999885559082387,-1.0581950244842195
2020-11-28,13.800000190734863,13.5,-0.3000001907348633,-2.1739143955684828
2020-11-29,10.5,10.199999809265137,-0.3000001907348633,-2.8571446736653647
2020-11-30,8.550000190734863,8.329999923706055,-0.2200002670288086,-2.573102480947428
2020-12-01,13.899999618530272,13.699999809265137,-0.19999980926513494,-1.438847588157575
2020-12-02,14.800000190734863,14.600000381469728,-0.19999980926513494,-1.351350045186752
2020-12-03,10.5,10.300000190734863,-0.19999980926513672,-1.9047600882393974
2020-12-04,8.5,8.289999961853027,-0.21000003814697266,-2.4705886840820312
2020-12-05,8.930000305175781,8.710000038146973,-0.2200002670288086,-2.4636087291206206
2020-12-07,7.739999771118164,7.610000133514404,-0.12999963760375977,-1.6795819308529423
2020-12-08,7.139999866485596,6.920000076293945,-0.2199997901916504,-3.0812296121223497
2020-12-09,6.590000152587891,6.349999904632568,-0.24000024795532227,-3.6418853171205807
2020-12-10,6.139999866485596,5.960000038146973,-0.17999982833862305,-2.931593359164861
2020-12-15,13.100000381469728,11.399999618530272,-1.7000007629394567,-12.9771046827155
2020-12-19,3.839999914169312,3.849999904632568,0.009999990463255948,0.2604164241347176
2021-03-30,24.0,23.799999237060547,-0.20000076293945312,-0.8333365122477213
2021-03-31,25.200000762939453,25.100000381469727,-0.10000038146972656,-0.3968268985800698
2021-04-02,29.799999237060547,29.700000762939453,-0.09999847412109375,-0.3355653579907861
2021-04-03,18.700000762939453,18.5,-0.20000076293945312,-1.0695227528323106
2021-04-04,18.299999237060547,18.200000762939453,-0.09999847412109375,-0.5464397720770402
2021-04-05,19.5,19.399999618530277,-0.10000038146972301,-0.5128224690755027
2021-04-06,20.0,19.799999237060547,-0.20000076293945312,-1.0000038146972656
2021-04-07,23.700000762939453,23.600000381469727,-0.10000038146972656,-0.42194252426396867
2021-04-08,18.200000762939453,18.0,-0.20000076293945312,-1.0989052448102827
2021-04-09,14.100000381469728,13.800000190734863,-0.30000019073486506,-2.1276608696346306
2021-04-10,11.600000381469728,11.399999618530272,-0.20000076293945668,-1.72414445139972
2021-04-11,9.739999771118164,9.520000457763672,-0.2199993133544922,-2.2587199027134677
2021-04-12,7.949999809265137,7.739999771118164,-0.21000003814697266,-2.641509977172995
2021-04-13,6.760000228881836,6.570000171661377,-0.19000005722045898,-2.810651638866685
2021-04-14,5.869999885559082,5.699999809265137,-0.1700000762939453,-2.896083127908849
2021-04-15,5.199999809265137,5.050000190734863,-0.14999961853027344,-2.884608154465901
2021-04-16,4.699999809265137,4.570000171661377,-0.12999963760375977,-2.7659498484976686
2021-04-17,4.800000190734863,4.670000076293945,-0.13000011444091797,-2.7083356098995366
2021-04-18,4.619999885559082,4.489999771118164,-0.13000011444091797,-2.8138553606303005
2021-04-19,4.269999980926514,4.150000095367432,-0.11999988555908203,-2.810301782086758
2021-04-20,4.130000114440918,4.019999980926514,-0.1100001335144043,-2.6634414156498183
2021-04-21,4.130000114440918,4.019999980926514,-0.1100001335144043,-2.6634414156498183
2021-04-22,5.429999828338623,5.28000020980835,-0.14999961853027344,-2.76242400133128
2021-04-23,6.199999809265137,6.019999980926514,-0.17999982833862305,-2.9032231270335758
2021-04-24,15.899999618530272,15.600000381469728,-0.2999992370605433,-1.8867876997362718
2021-04-25,12.5,12.300000190734863,-0.19999980926513672,-1.5999984741210938
2021-04-26,12.800000190734863,12.600000381469728,-0.19999980926513494,-1.562498486600825
2021-04-27,9.760000228881836,9.529999732971191,-0.23000049591064453,-2.356562402837103
2021-04-28,6.909999847412109,6.71999979019165,-0.19000005722045898,-2.749639094299208
2021-04-29,5.679999828338623,5.519999980926514,-0.15999984741210938,-2.8168988071767016
2021-04-30,73.0999984741211,73.0,-0.09999847412109375,-0.13679682107858768
2021-05-03,16.899999618530273,16.700000762939453,-0.1999988555908203,-1.1834252077232499
2021-05-04,12.0,11.699999809265137,-0.3000001907348633,-2.500001589457194
2021-05-05,13.399999618530272,13.199999809265137,-0.19999980926513494,-1.4925359325276695
2021-05-07,20.899999618530277,20.799999237060547,-0.10000038146973012,-0.47847073346866553
2021-05-08,12.399999618530272,12.199999809265137,-0.19999980926513494,-1.6129017372408614
2021-05-09,9.350000381469728,9.130000114440918,-0.22000026702881037,-2.352943936396166
2021-05-10,7.699999809265137,7.5,-0.19999980926513672,-2.5974001846660313
2021-05-11,7.980000019073486,7.769999980926514,-0.21000003814697266,-2.6315794191107607
2021-05-12,9.579999923706056,9.359999656677246,-0.22000026702881037,-2.2964537451029803
2021-05-13,7.769999980926514,7.570000171661377,-0.19999980926513672,-2.574000125560982
2021-05-14,6.019999980926514,5.849999904632568,-0.1700000762939453,-2.823921542069196
2021-05-15,5.340000152587891,5.179999828338623,-0.16000032424926758,-2.996260668114918
2021-05-16,4.639999866485596,4.5,-0.1399998664855957,-3.0172385886647377
2021-05-17,4.739999771118164,4.599999904632568,-0.1399998664855957,-2.9535838237513206
2021-05-18,3.9800000190734863,3.869999885559082,-0.1100001335144043,-2.7638224368655027
2021-05-19,3.4600000381469727,3.380000114440918,-0.07999992370605469,-2.3121364978047576
2021-05-20,3.059999942779541,2.990000009536743,-0.06999993324279785,-2.2875795605150775
2021-05-21,2.740000009536743,2.680000066757202,-0.059999942779541016,-2.189778925938227
2021-05-22,2.4800000190734863,2.440000057220459,-0.039999961853027344,-1.6129016752173695
2021-05-23,2.5,2.450000047683716,-0.04999995231628418,-1.9999980926513672
2021-05-24,2.880000114440918,2.819999933242798,-0.06000018119812012,-2.0833395421502505
2021-05-25,2.380000114440918,2.3399999141693115,-0.040000200271606445,-1.6806806028663923
2021-05-26,2.1600000858306885,2.130000114440918,-0.029999971389770508,-1.388887509151796
2021-05-27,2.0899999141693115,2.059999942779541,-0.029999971389770508,-1.4354053886023366
2021-05-28,1.909999966621399,1.8899999856948853,-0.019999980926513672,-1.0471194385354707
2021-05-29,1.7000000476837158,1.690000057220459,-0.009999990463256836,-0.5882347166332156
2021-05-30,1.590000033378601,1.5700000524520874,-0.019999980926513672,-1.2578604092237398
2021-05-31,1.950000047683716,1.9299999475479128,-0.020000100135803223,-1.025646135730104
2021-06-01,4.389999866485596,4.269999980926514,-0.11999988555908203,-2.7334826699014836
2021-06-02,3.380000114440918,3.299999952316284,-0.08000016212463379,-2.3668686217741897
2021-06-03,2.509999990463257,2.470000028610229,-0.03999996185302779,-1.5936239842632516
2021-06-04,2.859999895095825,2.799999952316284,-0.059999942779541016,-2.0979001741372687
2021-06-05,2.900000095367432,2.8399999141693115,-0.06000018119812056,-2.068971697413634
2021-06-06,2.3399999141693115,2.299999952316284,-0.039999961853027344,-1.7094001418896263
2021-06-07,2.0299999713897705,2.0,-0.029999971389770508,-1.477831123772482
2021-06-08,1.5299999713897705,1.5199999809265137,-0.009999990463256836,-0.6535941601471651
2021-06-09,1.3799999952316284,1.3700000047683716,-0.009999990463256836,-0.7246369925949435
2021-06-10,1.6100000143051147,1.590000033378601,-0.019999980926513672,-1.242234829118668
2021-06-11,1.1799999475479126,1.1699999570846558,-0.009999990463256836,-0.8474568565903091
2021-06-12,1.0700000524520874,1.059999942779541,-0.010000109672546387,-0.9345896432088421
2021-06-13,0.9679999947547911,0.962000012397766,-0.0059999823570251465,-0.6198328914810616
2021-06-14,0.9190000295639038,0.9139999747276306,-0.005000054836273193,-0.5440755903616115
2021-06-15,0.9350000023841858,0.9300000071525574,-0.004999995231628418,-0.5347588469389063
2021-06-16,0.878000020980835,0.8740000128746033,-0.0040000081062316895,-0.4555817779779987
2021-06-17,0.8740000128746033,0.8700000047683716,-0.0040000081062316895,-0.4576668246348857
2021-06-18,0.7789999842643738,0.7760000228881836,-0.0029999613761901855,-0.3851041639009932
2021-06-19,0.8360000252723694,0.8320000171661377,-0.0040000081062316895,-0.47846985470227515
2021-06-20,0.8230000138282776,0.8190000057220459,-0.0040000081062316895,-0.48602770826517966
2021-06-21,0.8700000047683716,0.8669999837875366,-0.003000020980834961,-0.34482999590714775
2021-06-22,1.2999999523162842,1.2899999618530271,-0.009999990463257058,-0.7692300638503489
2021-06-23,1.0299999713897705,1.0199999809265137,-0.009999990463256836,-0.9708728874782327
2021-06-24,0.8320000171661377,0.828000009059906,-0.0040000081062316895,-0.4807701951564923
2021-06-25,0.6679999828338623,0.6669999957084656,-0.0009999871253967285,-0.14969867531350436
2021-06-26,0.6570000052452087,0.6620000004768372,0.004999995231628418,0.7610342757550352
2021-06-27,0.8130000233650208,0.8159999847412109,0.0029999613761901855,0.3689989286560282
2021-06-28,0.8650000095367432,0.8690000176429749,0.0040000081062316895,0.46242867770301205
2021-06-29,0.7279999852180481,0.7329999804496765,0.004999995231628418,0.686812545762736
2021-07-01,4.300000190734863,4.210000038146973,-0.09000015258789062,-2.0930267115292787
2021-07-02,2.009999990463257,2.0,-0.009999990463256836,-0.4975119657066306
2021-07-04,2.559999942779541,2.5299999713897705,-0.029999971389770508,-1.1718739086063334
2021-07-05,2.220000028610229,2.190000057220459,-0.029999971389770064,-1.3513500451867442
2021-07-06,1.5,1.4900000095367432,-0.009999990463256836,-0.6666660308837891
2021-07-12,0.7820000052452087,0.7860000133514404,0.0040000081062316895,0.511509984578251
2021-07-13,0.6579999923706055,0.6629999876022339,0.004999995231628418,0.7598777035870039
2021-07-14,0.7519999742507935,0.7559999823570251,0.0040000081062316895,0.5319159897866803
2021-07-17,1.2799999713897705,1.2899999618530271,0.009999990463256614,0.7812492724042049
2021-07-18,0.9710000157356262,0.9810000061988832,0.009999990463256947,1.0298651185583132
2021-07-19,0.8930000066757202,0.902999997138977,0.009999990463256836,1.1198197523517135
2021-07-20,0.8460000157356262,0.8569999933242798,0.010999977588653564,1.3002337333396743
2021-07-21,0.9089999794960022,0.9200000166893004,0.011000037193298229,1.2101251310695555
2021-07-22,0.8700000047683716,0.8809999823570251,0.010999977588653564,1.2643652331452795
2021-07-23,0.8489999771118164,0.8600000143051147,0.01100003719329834,1.2956463474497355
2021-07-24,0.6610000133514404,0.671999990940094,0.010999977588653564,1.6641418103580428
2021-07-25,0.6449999809265137,0.656000018119812,0.01100003719329834,1.7054321734238314
2021-07-26,0.8230000138282776,0.8339999914169312,0.010999977588653564,1.3365707659573327
2021-07-27,1.3899999856948853,1.399999976158142,0.009999990463256836,0.7194237817389376
2021-07-29,0.9559999704360962,0.9660000205039978,0.010000050067901611,1.0460303741787682
2021-07-30,0.7929999828338623,0.8040000200271606,0.01100003719329834,1.3871421729403626
2021-07-31,0.7120000123977661,0.7229999899864197,0.010999977588653564,1.5449406456622805
2021-08-01,0.6359999775886536,0.6470000147819519,0.01100003719329834,1.7295656573769325
2021-08-03,6.170000076293945,6.059999942779541,-0.1100001335144043,-1.7828222391283448
2021-08-04,2.619999885559082,2.5899999141693115,-0.029999971389770508,-1.145037125960363
2021-08-05,1.600000023841858,1.6100000143051147,0.009999990463256836,0.6249993946403355
2021-08-06,1.149999976158142,1.159999966621399,0.009999990463256836,0.8695644061371431
2021-08-07,0.9459999799728394,0.962000012397766,0.016000032424926647,1.6913353872783405
2021-08-08,0.9660000205039978,0.9850000143051147,0.018999993801116943,1.9668730225496214
2021-08-09,0.8360000252723694,0.8539999723434448,0.01799994707107544,2.1531036515472644
2021-08-10,0.6980000138282776,0.7160000205039978,0.018000006675720215,2.578797466922198
2021-08-11,0.6299999952316284,0.6460000276565552,0.016000032424926758,2.5396877057188103
2021-08-12,0.718999981880188,0.7360000014305115,0.017000019550323486,2.364397771731282
2021-08-13,0.7820000052452087,0.800000011920929,0.018000006675720215,2.301791119563487
2021-08-14,0.6600000262260437,0.6769999861717224,0.01699995994567871,2.5757514045698517
2021-08-15,0.6499999761581421,0.6669999957084656,0.017000019550323486,2.61538771905854
2021-08-16,0.5709999799728394,0.5860000252723694,0.01500004529953003,2.62697825317674
2021-08-17,0.4670000076293945,0.479999989271164,0.01299998164176952,2.7837219334878784
2021-08-18,0.5339999794960022,0.5479999780654907,0.013999998569488525,2.6217226792221884
2021-08-19,0.5339999794960022,0.5479999780654907,0.013999998569488525,2.6217226792221884
2021-08-20,0.5659999847412109,0.5809999704360962,0.014999985694885254,2.650174222485821
2021-08-21,0.5090000033378601,0.5230000019073486,0.013999998569488525,2.750490860055204
2021-08-22,0.4560000002384186,0.4690000116825104,0.013000011444091797,2.850879701161134
2021-08-23,0.4370000064373016,0.4490000009536743,0.011999994516372736,2.7459941280560214
2021-08-24,0.4120000004768372,0.4230000078678131,0.011000007390975897,2.669904703457475
2021-08-25,0.38199999928474426,0.3919999897480011,0.009999990463256836,2.6177985554923535
2021-08-26,0.35600000619888306,0.3650000095367432,0.009000003337860163,2.528090781221003
2021-08-27,0.328000009059906,0.335999995470047,0.007999986410140991,2.439020179624407
2021-08-28,0.3129999935626984,0.32199999690055847,0.009000003337860052,2.875400486568132
2021-08-29,0.39399999380111694,0.4079999923706055,0.013999998569488581,3.5532991852166096
2021-08-30,0.621999979019165,0.6430000066757202,0.021000027656555176,3.3762103480566394
2021-08-31,0.7620000243186951,0.7870000004768372,0.02499997615814209,3.2808366614547806
2021-09-01,0.6539999842643738,0.6769999861717224,0.023000001907348633,3.5168199481257303
2021-09-02,0.4900000095367432,0.5080000162124634,0.01800000667572016,3.673470678651162
2021-09-03,0.4560000002384186,0.47200000286102295,0.01600000262260437,3.508772503122545
2021-09-04,0.5270000100135803,0.5460000038146973,0.018999993801116943,3.6053118482155875
2021-09-05,0.6190000176429749,0.640999972820282,0.02199995517730713,3.5541122052109864
2021-09-06,0.6710000038146973,0.6930000185966492,0.022000014781951904,3.278690708923961
2021-09-07,0.8679999709129333,0.8939999938011169,0.026000022888183594,2.9953944423336374
2021-09-08,1.2899999618530271,1.3200000524520874,0.03000009059906028,2.325588487302472
2021-09-11,2.049999952316284,2.069999933242798,0.019999980926513672,0.9756088483765962
2021-09-12,1.3700000047683716,1.399999976158142,0.029999971389770508,2.189778925938227
2021-09-13,0.9800000190734864,1.0099999904632568,0.029999971389770397,3.0612215108049723
2021-09-14,0.7509999871253967,0.7760000228881836,0.025000035762786865,3.3288996260145787
2021-09-15,0.7110000252723694,0.7350000143051147,0.02399998903274536,3.3755257636666696
2021-09-16,4.880000114440918,4.840000152587891,-0.039999961853027344,-0.8196713302251629
2021-09-17,2.2300000190734863,2.25,0.019999980926513672,0.8968601235628332
2021-09-18,1.4299999475479126,1.4600000381469729,0.03000009059906028,2.0979085104515445
2021-09-19,1.2799999713897705,1.309999942779541,0.029999971389770508,2.343747817212667
2021-09-20,1.0099999904632568,1.0399999618530271,0.029999971389770286,2.9702942250534274
2021-09-21,0.7670000195503235,0.7990000247955322,0.03200000524520874,4.172099664869591
2021-09-22,0.6399999856948853,0.6679999828338623,0.02799999713897705,4.3749996507540265
2021-09-23,0.574999988079071,0.6010000109672546,0.026000022888183594,4.5217432047334585
2021-09-24,0.6740000247955322,0.7020000219345093,0.02799999713897705,4.154302093307972
2021-09-25,6.360000133514404,6.340000152587891,-0.019999980926513672,-0.31446510230593494
2021-09-26,3.049999952316284,3.059999942779541,0.009999990463256836,0.3278685449048112
2021-09-27,1.940000057220459,1.9700000286102293,0.029999971389770286,1.546390232212304
2021-09-28,6.739999771118164,6.730000019073486,-0.009999752044677734,-0.14836427869816943
2021-09-30,2.9200000762939453,2.930000066757202,0.009999990463256836,0.34246541787590606
2021-10-01,5.039999961853027,4.900000095367432,-0.1399998664855957,-2.7777751497070007
2021-10-02,3.650000095367432,3.559999942779541,-0.09000015258789107,-2.4657575407222305
2021-10-03,3.3399999141693115,3.259999990463257,-0.07999992370605469,-2.3952073581400497
2021-10-04,2.7699999809265137,2.720000028610229,-0.049999952316284624,-1.8050524426198937
2021-10-05,2.119999885559082,2.0999999046325684,-0.019999980926513672,-0.943395377648302
2021-10-06,1.7400000095367432,1.7300000190734863,-0.009999990463256836,-0.5747120924395414
2021-10-17,18.899999618530277,18.799999237060547,-0.10000038146973012,-0.529102558138075
2021-10-18,9.279999732971191,9.0600004196167,-0.2199993133544922,-2.3706823241907
2021-10-19,6.449999809265137,6.260000228881836,-0.18999958038330078,-2.945730015532324
2021-10-20,7.949999809265137,7.739999771118164,-0.21000003814697266,-2.641509977172995
2021-10-21,5.139999866485596,4.989999771118164,-0.15000009536743164,-2.9182898689449215
2021-10-22,5.309999942779541,5.159999847412109,-0.15000009536743164,-2.8248605834996203
2021-10-23,4.639999866485596,4.5,-0.1399998664855957,-3.0172385886647377
2021-10-24,3.569999933242798,3.4800000190734863,-0.08999991416931152,-2.521006046281922
2021-10-25,3.049999952316284,2.990000009536743,-0.059999942779541016,-1.967211269428867
2021-10-26,2.759999990463257,2.7100000381469727,-0.04999995231628418,-1.8115924814873587
2021-10-27,2.539999961853028,2.5,-0.03999996185302779,-1.5748016714081474
2021-10-28,2.220000028610229,2.190000057220459,-0.029999971389770064,-1.3513500451867442
2021-10-29,1.9700000286102293,1.9600000381469729,-0.009999990463256392,-0.5076137217272559
2021-10-30,1.8799999952316284,1.870000004768372,-0.009999990463256392,-0.5319143876925556
2021-10-31,11.199999809265137,11.100000381469728,-0.09999942779540838,-0.8928520490927546
2021-11-02,13.0,12.800000190734863,-0.19999980926513672,-1.5384600712702825
2021-11-03,7.760000228881836,7.559999942779541,-0.20000028610229492,-2.5773231984957508
2021-11-04,6.380000114440918,6.199999809265137,-0.18000030517578125,-2.8213213471322134
2021-11-05,5.050000190734863,4.900000095367432,-0.15000009536743164,-2.9702988059809163
2021-11-06,4.349999904632568,4.21999979019165,-0.13000011444091797,-2.988508443470844
2021-11-07,3.809999942779541,3.7100000381469727,-0.09999990463256836,-2.6246694523468834
2021-11-08,3.4200000762939453,3.3399999141693115,-0.08000016212463379,-2.3391859748531147
2021-11-09,3.109999895095825,3.039999961853028,-0.06999993324279741,-2.2508017879094036
2021-11-10,2.900000095367432,2.8499999046325684,-0.050000190734863725,-1.7241444513997046
2021-11-11,2.700000047683716,2.650000095367432,-0.049999952316283736,-1.8518500530834376
2021-11-12,2.5799999237060547,2.539999961853028,-0.0399999618530269,-1.550386164181305
2021-11-13,4.400000095367432,4.28000020980835,-0.11999988555908203,-2.7272700672307866
2021-11-14,7.96999979019165,7.760000228881836,-0.20999956130981445,-2.6348753681054324
2021-11-15,9.550000190734863,9.31999969482422,-0.23000049591064275,-2.408382108031607
2021-11-16,9.420000076293944,9.199999809265137,-0.22000026702880682,-2.3354592913693506
2021-11-17,6.510000228881836,6.329999923706055,-0.18000030517578125,-2.7649815491127607
2021-11-18,20.600000381469727,20.399999618530277,-0.20000076293944957,-0.9708774720186696
2021-11-19,45.0,44.900001525878906,-0.09999847412109375,-0.22221883138020834
2021-11-20,16.700000762939453,16.5,-0.20000076293945312,-1.1976093042061033
2021-11-21,10.5,10.300000190734863,-0.19999980926513672,-1.9047600882393974
2021-11-22,9.720000267028809,9.5,-0.2200002670288086,-2.2633771706269497
2021-11-23,8.890000343322754,8.680000305175781,-0.21000003814697266,-2.362205062283298
2022-03-24,30.899999618530277,30.799999237060547,-0.10000038146973012,-0.3236258339943841
2022-03-25,57.29999923706055,57.400001525878906,0.10000228881835938,0.17452406657918382
2022-03-28,25.0,24.899999618530277,-0.10000038146972301,-0.40000152587889204
2022-03-29,15.699999809265137,15.5,-0.19999980926513672,-1.2738841509227892
2022-03-30,14.300000190734863,14.100000381469728,-0.19999980926513494,-1.398600046136483
2022-03-31,22.299999237060547,22.200000762939453,-0.09999847412109375,-0.44842366610894535
2022-04-03,28.399999618530277,28.299999237060547,-0.10000038146973012,-0.3521140239892201
2022-04-04,23.399999618530277,23.299999237060547,-0.10000038146973012,-0.42735206452969593
2022-04-05,25.799999237060547,25.700000762939453,-0.09999847412109375,-0.387590996427048
2022-04-06,28.5,28.399999618530277,-0.10000038146972301,-0.3508785314727123
2022-04-07,38.29999923706055,38.20000076293945,-0.09999847412109375,-0.261092626927082
2022-04-08,78.0,78.0999984741211,0.09999847412109375,0.12820317195012018
2022-04-13,39.0,38.900001525878906,-0.09999847412109375,-0.25640634390024036
2022-04-18,25.200000762939453,25.100000381469727,-0.10000038146972656,-0.3968268985800698
2022-04-19,21.399999618530277,21.200000762939453,-0.19999885559082387,-0.9345741082053324
2022-04-20,26.5,26.399999618530277,-0.10000038146972301,-0.3773599300744265
2022-04-21,17.700000762939453,17.600000381469727,-0.10000038146972656,-0.5649738822560334
2022-04-22,19.100000381469727,18.899999618530277,-0.20000076293944957,-1.047124392382131
2022-04-23,16.700000762939453,16.5,-0.20000076293945312,-1.1976093042061033
2022-04-24,12.199999809265137,11.899999618530272,-0.30000019073486506,-2.4590179952874562
2022-04-25,10.199999809265137,10.0,-0.19999980926513672,-1.960782480441495
2022-04-26,10.699999809265137,10.5,-0.19999980926513672,-1.8691571292548692
2022-04-27,35.79999923706055,35.70000076293945,-0.09999847412109375,-0.2793253526597125
2022-04-29,29.0,28.899999618530277,-0.10000038146972301,-0.3448289016197345
2022-04-30,17.200000762939453,17.0,-0.20000076293945312,-1.162795081790876
2022-05-01,12.899999618530272,12.699999809265137,-0.19999980926513494,-1.5503861641813088
2022-05-02,10.300000190734863,10.100000381469728,-0.19999980926513494,-1.9417456850635821
2022-05-03,8.720000267028809,8.5,-0.2200002670288086,-2.5229387648146244
2022-05-04,10.800000190734863,10.600000381469728,-0.19999980926513494,-1.8518500530834376
2022-05-05,14.399999618530272,14.199999809265137,-0.19999980926513494,-1.3888876011341715
2022-05-06,9.300000190734863,9.079999923706056,-0.22000026702880682,-2.3655942206106872
2022-05-07,7.170000076293945,6.96999979019165,-0.20000028610229492,-2.7894042395278715
2022-05-08,6.019999980926514,5.840000152587891,-0.17999982833862305,-2.990030380546945
2022-05-09,5.21999979019165,5.070000171661377,-0.14999961853027344,-2.8735560260389637
2022-05-10,4.610000133514404,4.480000019073486,-0.13000011444091797,-2.8199590168300754
2022-05-11,4.159999847412109,4.050000190734863,-0.1099996566772461,-2.6442226132694615
2022-05-12,3.799999952316284,3.700000047683716,-0.09999990463256836,-2.6315764707211002
2022-05-13,3.4800000190734863,3.390000104904175,-0.08999991416931152,-2.586204415977936
2022-05-14,3.180000066757202,3.109999895095825,-0.07000017166137695,-2.2012632135809818
2022-05-15,3.2699999809265137,3.190000057220459,-0.07999992370605469,-2.446480861549966
2022-05-16,5.21999979019165,5.070000171661377,-0.14999961853027344,-2.8735560260389637
2022-05-17,22.399999618530277,22.200000762939453,-0.19999885559082387,-0.8928520490927861
2022-05-18,29.799999237060547,29.700000762939453,-0.09999847412109375,-0.3355653579907861
2022-05-19,13.300000190734863,13.100000381469728,-0.19999980926513494,-1.5037579428341676
2022-05-20,19.600000381469727,19.399999618530277,-0.20000076293944957,-1.020412035953503
2022-05-21,10.399999618530272,10.199999809265137,-0.19999980926513494,-1.9230751596258129
2022-05-24,13.399999618530272,13.199999809265137,-0.19999980926513494,-1.4925359325276695
2022-05-25,8.399999618530273,8.1899995803833,-0.21000003814697266,-2.5000005676633092
2022-05-26,6.210000038146973,6.03000020980835,-0.17999982833862305,-2.8985479425590137
2022-05-27,5.46999979019165,5.309999942779541,-0.15999984741210938,-2.9250430264916614
2022-05-28,19.5,19.399999618530277,-0.10000038146972301,-0.5128224690755027
2022-05-29,22.600000381469727,22.399999618530277,-0.20000076293944957,-0.8849591131132676
2022-05-30,9.380000114440918,9.15999984741211,-0.2200002670288086,-2.345418596425267
2022-05-31,6.230000019073486,6.059999942779541,-0.1700000762939453,-2.728733158482837
2022-06-01,4.860000133514404,4.71999979019165,-0.1400003433227539,-2.88066542133026
2022-06-02,8.3100004196167,8.109999656677246,-0.20000076293945312,-2.406747928283236
2022-06-03,10.800000190734863,10.600000381469728,-0.19999980926513494,-1.8518500530834376
2022-06-04,10.300000190734863,10.0,-0.3000001907348633,-2.9126231570822863
2022-06-05,6.78000020980835,6.579999923706055,-0.20000028610229492,-2.9498566358886342
2022-06-06,4.960000038146973,4.820000171661377,-0.1399998664855957,-2.8225779316303967
2022-06-07,3.809999942779541,3.7100000381469727,-0.09999990463256836,-2.6246694523468834
2022-06-08,8.850000381469727,8.670000076293945,-0.18000030517578125,-2.0339016657295157
2022-06-09,11.199999809265137,11.0,-0.19999980926513672,-1.7857126131349395
2022-06-10,26.100000381469727,26.0,-0.10000038146972656,-0.38314321842203514
2022-06-11,13.100000381469728,12.899999618530272,-0.20000076293945668,-1.5267233367593078
2022-06-12,6.699999809265137,6.510000228881836,-0.18999958038330078,-2.8358147133162404
2022-06-13,4.650000095367432,4.519999980926514,-0.13000011444091797,-2.795701328488805
2022-06-14,3.829999923706055,3.7300000190734863,-0.0999999046325688,-2.6109636194406254
2022-06-15,3.180000066757202,3.109999895095825,-0.07000017166137695,-2.2012632135809818
2022-06-16,2.7699999809265137,2.720000028610229,-0.049999952316284624,-1.8050524426198937
2022-06-17,3.9800000190734863,3.869999885559082,-0.1100001335144043,-2.7638224368655027
2022-06-18,22.100000381469727,21.899999618530277,-0.20000076293944957,-0.9049808121593744
2022-06-19,33.5,33.400001525878906,-0.09999847412109375,-0.29850290782416045
2022-06-20,11.600000381469728,11.300000190734863,-0.30000019073486506,-2.5862084557695058
2022-06-21,6.239999771118164,6.059999942779541,-0.17999982833862305,-2.884612739438744
2022-06-22,4.340000152587891,4.21999979019165,-0.12000036239624023,-2.764985211456397
2022-06-23,3.490000009536743,3.400000095367432,-0.08999991416931108,-2.5787940952257338
2022-06-24,3.0299999713897705,2.970000028610229,-0.05999994277954146,-1.9801961500356475
2022-06-25,2.700000047683716,2.650000095367432,-0.049999952316283736,-1.8518500530834376
2022-06-26,2.3399999141693115,2.309999942779541,-0.029999971389770508,-1.2820501064172196
2022-06-27,2.380000114440918,2.3399999141693115,-0.040000200271606445,-1.6806806028663923
2022-06-28,2.8499999046325684,2.799999952316284,-0.04999995231628418,-1.7543843505051044
2022-06-29,2.220000028610229,2.190000057220459,-0.029999971389770064,-1.3513500451867442
2022-06-30,2.390000104904175,2.359999895095825,-0.03000020980834961,-1.2552388490188977
2022-07-01,2.359999895095825,2.319999933242798,-0.039999961853027344,-1.6949137131806182
2022-07-02,2.549999952316284,2.509999990463257,-0.039999961853027344,-1.568625984353196
2022-07-03,3.4600000381469727,3.380000114440918,-0.07999992370605469,-2.3121364978047576
2022-07-04,2.0,1.9800000190734863,-0.019999980926513672,-0.9999990463256836
2022-07-06,2.8299999237060547,2.7699999809265137,-0.059999942779541016,-2.120139377988657
2022-07-07,3.109999895095825,3.039999961853028,-0.06999993324279741,-2.2508017879094036
2022-07-08,2.0199999809265137,2.0,-0.019999980926513672,-0.9900980750178164
2022-07-09,1.830000042915344,1.8200000524520876,-0.009999990463256392,-0.5464475534834178
2022-07-12,2.0299999713897705,2.0199999809265137,-0.009999990463256836,-0.4926103745908273
2022-07-13,13.800000190734863,13.600000381469728,-0.19999980926513494,-1.4492739601511901
2022-07-14,4.539999961853027,4.409999847412109,-0.13000011444091797,-2.8634386681328885
2022-07-15,3.1700000762939453,3.0999999046325684,-0.07000017166137695,-2.208207254783865
2022-07-16,2.299999952316284,2.2699999809265137,-0.029999971389770508,-1.3043466092057148
2022-07-17,1.7400000095367432,1.7300000190734863,-0.009999990463256836,-0.5747120924395414
2022-07-18,1.6299999952316284,1.6200000047683716,-0.009999990463256836,-0.6134963492337805
2022-07-19,47.400001525878906,47.29999923706055,-0.10000228881835938,-0.2109752860741181
2022-07-20,11.699999809265137,11.5,-0.19999980926513672,-1.7094001070560572
2022-07-21,5.159999847412109,5.010000228881836,-0.14999961853027344,-2.9069694373247437
2022-07-22,3.7799999713897705,3.680000066757202,-0.09999990463256836,-2.6455001425780957
2022-07-23,2.6700000762939453,2.630000114440918,-0.039999961853027344,-1.4981258692901878
2022-07-24,2.039999961853028,2.0199999809265137,-0.019999980926514116,-0.9803912402207691
2022-07-25,2.359999895095825,2.3299999237060547,-0.029999971389770508,-1.2711852848854637
2022-07-26,3.0299999713897705,2.970000028610229,-0.05999994277954146,-1.9801961500356475
2022-07-27,2.0899999141693115,2.069999933242798,-0.019999980926513672,-0.9569369257348911
2022-07-28,1.9800000190734863,1.9600000381469729,-0.01999998092651345,-1.0101000370632403
2022-07-29,4.599999904632568,4.46999979019165,-0.13000011444091797,-2.826089502958412
2022-07-30,2.9200000762939453,2.859999895095825,-0.06000018119812012,-2.0548006722750554
2022-07-31,2.0199999809265137,2.0,-0.019999980926513672,-0.9900980750178164
2022-08-01,1.6399999856948853,1.6299999952316284,-0.009999990463256836,-0.6097555213709185
2022-08-03,2.390000104904175,2.359999895095825,-0.03000020980834961,-1.2552388490188977
2022-08-04,1.940000057220459,1.9299999475479128,-0.010000109672546165,-0.5154695555459855
2022-08-05,1.5299999713897705,1.5199999809265137,-0.009999990463256836,-0.6535941601471651
2022-08-08,12.399999618530272,12.300000190734863,-0.09999942779540838,-0.806447023159352
2022-08-10,24.299999237060547,24.200000762939453,-0.09999847412109375,-0.4115163673280431
2022-08-11,10.600000381469728,10.399999618530272,-0.20000076293945668,-1.8867995824706363
2022-08-12,6.119999885559082,5.940000057220459,-0.17999982833862305,-2.941173720662243
2022-08-13,4.46999979019165,4.340000152587891,-0.12999963760375977,-2.9082694341286772
2022-08-14,3.539999961853028,3.4600000381469727,-0.07999992370605513,-2.2598848748060107
2022-08-15,2.859999895095825,2.809999942779541,-0.04999995231628418,-1.7482501451143906
2022-08-16,2.380000114440918,2.3499999046325684,-0.03000020980834961,-1.260512956546513
2022-08-17,2.569999933242798,2.5299999713897705,-0.039999961853027344,-1.5564187895738903
2022-08-19,25.100000381469727,25.0,-0.10000038146972656,-0.39840788824669754
2022-08-20,9.140000343322754,8.930000305175781,-0.21000003814697266,-2.297593328871028
2022-08-21,4.929999828338623,4.789999961853027,-0.1399998664855957,-2.8397539829686917
2022-08-22,3.640000104904175,3.549999952316284,-0.09000015258789062,-2.472531593244554
2022-08-23,3.119999885559082,3.049999952316284,-0.06999993324279785,-2.2435876862301343
2022-08-24,5.989999771118164,5.829999923706055,-0.15999984741210938,-2.67111608557277
2022-08-25,6.159999847412109,5.989999771118164,-0.1700000762939453,-2.759741566639233
2022-08-26,5.639999866485596,5.480000019073486,-0.15999984741210938,-2.8368767943217823
2022-08-27,9.09000015258789,8.880000114440918,-0.21000003814697266,-2.31023140398063
2022-08-28,5.150000095367432,5.0,-0.15000009536743164,-2.9126231570822863
2022-08-29,3.4800000190734863,3.390000104904175,-0.08999991416931152,-2.586204415977936
2022-08-30,2.9200000762939453,2.859999895095825,-0.06000018119812012,-2.0548006722750554
2022-08-31,4.980000019073486,4.849999904632568,-0.13000011444091797,-2.6104440550806283
2022-09-01,5.239999771118164,5.090000152587891,-0.14999961853027344,-2.8625882649278247
2022-09-02,3.4100000858306885,3.3299999237060547,-0.08000016212463379,-2.346045751055911
2022-09-03,2.640000104904175,2.5899999141693115,-0.05000019073486328,-1.8939465434861473
2022-09-04,2.2699999809265137,2.240000009536743,-0.029999971389770508,-1.321584653825673
2022-09-05,2.470000028610229,2.440000057220459,-0.029999971389770064,-1.2145737264080056
2022-09-06,5.5,5.340000152587891,-0.15999984741210938,-2.909088134765625
2022-09-07,3.829999923706055,3.7300000190734863,-0.0999999046325688,-2.6109636194406254
2022-09-08,2.759999990463257,2.7100000381469727,-0.04999995231628418,-1.8115924814873587
2022-09-09,2.240000009536743,2.2100000381469727,-0.029999971389770508,-1.3392844313413568
2022-09-10,1.9299999475479128,1.919999957084656,-0.009999990463256836,-0.5181342349755987
2022-09-12,1.6699999570846558,1.659999966621399,-0.009999990463256836,-0.5988018395350124
2022-09-14,2.940000057220459,2.880000114440918,-0.059999942779541016,-2.040814340536656
2022-09-15,3.190000057220459,3.119999885559082,-0.07000017166137695,-2.19436270864428
2022-09-16,2.180000066757202,2.1600000858306885,-0.019999980926513672,-0.9174302896359119
2022-09-17,1.7300000190734863,1.7200000286102295,-0.009999990463256836,-0.5780341244511894
2022-09-18,2.0199999809265137,2.0,-0.019999980926513672,-0.9900980750178164
2022-09-19,22.0,21.899999618530277,-0.10000038146972301,-0.45454718849874093
2022-09-24,24.100000381469727,24.0,-0.10000038146972656,-0.41493933563011876
2022-09-25,14.5,14.300000190734863,-0.19999980926513672,-1.379309029414736
2022-09-26,22.299999237060547,22.100000381469727,-0.1999988555908203,-0.8968558853510659
2022-09-28,16.899999618530273,16.700000762939453,-0.1999988555908203,-1.1834252077232499
2022-09-29,13.899999618530272,13.699999809265137,-0.19999980926513494,-1.438847588157575
2022-09-30,9.829999923706056,9.600000381469728,-0.22999954223632812,-2.3397715566778445
2022-10-01,7.889999866485596,7.679999828338623,-0.21000003814697266,-2.6615974866994763
2022-10-02,6.489999771118164,6.309999942779541,-0.17999982833862305,-2.773495141550842
2022-10-03,5.449999809265137,5.289999961853027,-0.15999984741210938,-2.9357771194799973
2022-10-04,4.96999979019165,4.829999923706055,-0.1399998664855957,-2.81689884095945
2022-10-05,4.570000171661377,4.440000057220459,-0.13000011444091797,-2.8446413469970997
2022-10-06,4.159999847412109,4.050000190734863,-0.1099996566772461,-2.6442226132694615
2022-10-07,4.099999904632568,3.990000009536743,-0.1099998950958252,-2.68292433303564
2022-10-08,5.760000228881836,5.590000152587891,-0.1700000762939453,-2.951390096158845
2022-10-09,4.920000076293945,4.769999980926514,-0.15000009536743164,-3.048782378890148
2022-10-10,4.679999828338623,4.539999961853027,-0.1399998664855957,-2.991450248306846
2022-10-11,4.170000076293945,4.059999942779541,-0.1100001335144043,-2.6378928417710257
2022-10-12,3.7200000286102295,3.619999885559082,-0.10000014305114746,-2.6881758677971552
2022-10-13,3.5799999237060547,3.4800000190734863,-0.09999990463256836,-2.793293485019055
2022-10-14,64.80000305175781,64.69999694824219,-0.100006103515625,-0.15433039939172064
2022-10-16,19.5,19.299999237060547,-0.20000076293945312,-1.0256449381510417
2022-10-17,12.199999809265137,12.0,-0.19999980926513672,-1.639342724524056
2022-10-18,9.630000114440918,9.40999984741211,-0.2200002670288086,-2.28453026390832
2022-10-19,11.300000190734863,11.100000381469728,-0.19999980926513494,-1.7699097866309728
2022-10-20,8.460000038146973,8.25,-0.21000003814697266,-2.482269943263142
2022-10-21,6.800000190734863,6.610000133514404,-0.19000005722045898,-2.794118410163251
2022-10-22,5.840000152587891,5.670000076293945,-0.1700000762939453,-2.910960134455011
2022-10-23,5.170000076293945,5.019999980926514,-0.15000009536743164,-2.901355766999475
2022-10-24,5.059999942779541,4.909999847412109,-0.15000009536743164,-2.9644287957251265
2022-10-25,6.03000020980835,5.860000133514404,-0.1700000762939453,-2.8192383147420883
2022-10-26,5.239999771118164,5.090000152587891,-0.14999961853027344,-2.8625882649278247
2022-10-27,6.570000171661377,6.389999866485596,-0.18000030517578125,-2.7397306008024653
2022-10-28,5.840000152587891,5.670000076293945,-0.1700000762939453,-2.910960134455011
2022-10-29,4.820000171661377,4.679999828338623,-0.1400003433227539,-2.904571334786862
2022-10-30,4.420000076293945,4.289999961853027,-0.13000011444091797,-2.941179008981368
2022-10-31,4.150000095367432,4.03000020980835,-0.11999988555908203,-2.8915634409993314
2022-11-01,3.940000057220459,3.839999914169312,-0.10000014305114702,-2.538074659869265
2022-11-02,3.869999885559082,3.759999990463257,-0.1099998950958252,-2.8423746343324243
2022-11-03,3.609999895095825,3.5199999809265137,-0.08999991416931152,-2.4930724871093806
2022-11-04,3.5199999809265137,3.430000066757202,-0.08999991416931152,-2.5568157573007224
2022-11-05,3.319999933242798,3.240000009536743,-0.07999992370605469,-2.4096363046584477
2022-11-06,4.360000133514404,4.269999980926514,-0.09000015258789062,-2.064223619996669
2022-11-08,23.600000381469727,23.399999618530277,-0.20000076293944957,-0.847460846214589
2022-11-09,12.600000381469728,12.399999618530272,-0.20000076293945668,-1.5873075943203072
2022-11-10,9.81999969482422,9.59000015258789,-0.2299995422363299,-2.3421542707130087
2022-11-11,8.270000457763672,8.050000190734863,-0.2200002670288086,-2.660220735807551
2022-11-14,32.79999923706055,32.70000076293945,-0.09999847412109375,-0.30487340380211353
2022-11-15,16.899999618530273,16.700000762939453,-0.1999988555908203,-1.1834252077232499
2022-11-16,13.600000381469728,13.399999618530272,-0.20000076293945668,-1.4705938038940183
2022-11-17,12.800000190734863,12.600000381469728,-0.19999980926513494,-1.562498486600825
2022-11-18,11.100000381469728,10.899999618530272,-0.20000076293945668,-1.8018086132081284
2022-11-19,10.699999809265137,10.399999618530272,-0.30000019073486506,-2.8037401503044395
2022-11-20,10.300000190734863,10.100000381469728,-0.19999980926513494,-1.9417456850635821
2022-11-26,11.5,11.199999809265137,-0.3000001907348633,-2.6086973107379414
2022-11-27,9.5,9.279999732971191,-0.2200002670288086,-2.315792284513775
2022-11-28,22.5,22.399999618530277,-0.10000038146972301,-0.4444461398654356
2022-11-29,14.899999618530272,14.699999809265137,-0.19999980926513494,-1.3422806334599278
2022-11-30,13.5,13.300000190734863,-0.19999980926513672,-1.4814800686306424
2022-12-02,21.799999237060547,21.600000381469727,-0.1999988555908203,-0.9174259751845185
2022-12-03,24.700000762939453,24.600000381469727,-0.10000038146972656,-0.4048598315015837
2022-12-04,39.5,39.400001525878906,-0.09999847412109375,-0.25316069397745256
2022-12-05,17.100000381469727,16.899999618530273,-0.20000076293945312,-1.1695950788175553
2022-12-06,13.199999809265137,12.899999618530272,-0.30000019073486506,-2.2727287505284175
2022-12-07,38.29999923706055,38.20000076293945,-0.09999847412109375,-0.261092626927082
2022-12-09,22.899999618530277,22.799999237060547,-0.10000038146973012,-0.43668289578839803
2022-12-10,10.699999809265137,10.5,-0.19999980926513672,-1.8691571292548692
2023-01-02,39.0,38.900001525878906,-0.09999847412109375,-0.25640634390024036
2023-01-03,22.5,22.399999618530277,-0.10000038146972301,-0.4444461398654356
2023-01-04,18.200000762939453,18.0,-0.20000076293945312,-1.0989052448102827
2023-01-05,20.5,20.299999237060547,-0.20000076293945312,-0.9756134777534299
2023-01-06,17.899999618530273,17.700000762939453,-0.1999988555908203,-1.1173120662180314
2023-01-07,17.799999237060547,17.600000381469727,-0.1999988555908203,-1.1235891245119385
2023-01-08,11.600000381469728,11.300000190734863,-0.30000019073486506,-2.5862084557695058
2023-03-29,13.0,12.800000190734863,-0.19999980926513672,-1.5384600712702825
2023-03-30,15.899999618530272,15.699999809265137,-0.19999980926513494,-1.2578604658081247
2023-03-31,11.199999809265137,11.0,-0.19999980926513672,-1.7857126131349395
2023-04-01,27.0,26.799999237060547,-0.20000076293945312,-0.740743566442419
2023-04-03,22.700000762939453,22.600000381469727,-0.10000038146972656,-0.4405303000385335
2023-04-04,23.0,22.899999618530277,-0.10000038146972301,-0.43478426725966524
2023-04-08,33.900001525878906,33.79999923706055,-0.10000228881835938,-0.29499198913610275
2023-04-09,25.899999618530277,25.799999237060547,-0.10000038146973012,-0.38610186464321167
2023-04-10,33.599998474121094,33.5,-0.09999847412109375,-0.29761451982836584
2023-04-15,29.0,28.899999618530277,-0.10000038146972301,-0.3448289016197345
2023-04-16,20.200000762939453,20.100000381469727,-0.10000038146972656,-0.49505137471675403
2023-04-17,15.5,15.300000190734863,-0.19999980926513672,-1.2903213500976562
2023-04-18,23.200000762939453,23.100000381469727,-0.10000038146972656,-0.43103611284992244
2023-04-19,17.5,17.299999237060547,-0.20000076293945312,-1.1428615025111608
2023-04-20,12.5,12.300000190734863,-0.19999980926513672,-1.5999984741210938
2023-04-21,9.989999771118164,9.770000457763672,-0.2199993133544922,-2.2021953793285025
2023-04-22,8.359999656677246,8.140000343322754,-0.2199993133544922,-2.631570841976958
2023-04-23,7.320000171661377,7.110000133514404,-0.21000003814697266,-2.868852912872408
2023-04-24,22.399999618530277,22.299999237060547,-0.10000038146973012,-0.44643028202110036
2023-04-25,17.0,16.799999237060547,-0.20000076293945312,-1.1764750761144303
2023-04-26,26.700000762939453,26.600000381469727,-0.10000038146972656,-0.37453325322945547
2023-04-27,18.600000381469727,18.399999618530277,-0.20000076293944957,-1.0752728969763925
2023-04-28,15.100000381469728,14.899999618530272,-0.20000076293945668,-1.3245083303765453
2023-04-29,10.100000381469728,9.880000114440918,-0.22000026702881037,-2.17822038336197
2023-04-30,9.1899995803833,8.970000267028809,-0.2199993133544922,-2.3938990576680346
2023-05-01,13.100000381469728,12.899999618530272,-0.20000076293945668,-1.5267233367593078
2023-05-02,16.399999618530273,16.200000762939453,-0.1999988555908203,-1.2195052453833148
2023-05-03,13.199999809265137,13.0,-0.19999980926513672,-1.5151500920837588
2023-05-04,10.600000381469728,10.399999618530272,-0.20000076293945668,-1.8867995824706363
2023-05-05,9.029999732971191,8.8100004196167,-0.2199993133544922,-2.436315834553237
2023-05-06,7.190000057220459,6.989999771118164,-0.20000028610229492,-2.781645125321625
2023-05-07,5.929999828338623,5.760000228881836,-0.1699995994567871,-2.866772417840272
2023-05-08,5.099999904632568,4.949999809265137,-0.15000009536743164,-2.94117839553643
2023-05-09,4.489999771118164,4.360000133514404,-0.12999963760375977,-2.895315016271936
2023-05-10,4.059999942779541,3.950000047683716,-0.1099998950958252,-2.7093570602495505
2023-05-11,3.7300000190734863,3.640000104904175,-0.08999991416931152,-2.412866319278654
2023-05-12,3.650000095367432,3.549999952316284,-0.1000001430511479,-2.7397298750229555
2023-05-13,3.799999952316284,3.700000047683716,-0.09999990463256836,-2.6315764707211002
2023-05-14,3.259999990463257,3.180000066757202,-0.07999992370605469,-2.453985396935122
2023-05-15,2.940000057220459,2.880000114440918,-0.059999942779541016,-2.040814340536656
2023-05-16,3.0899999141693115,3.0199999809265137,-0.06999993324279785,-2.265370070782543
2023-05-17,4.289999961853027,4.170000076293945,-0.11999988555908203,-2.7972001544552265
2023-05-18,3.609999895095825,3.5199999809265137,-0.08999991416931152,-2.4930724871093806
2023-05-19,3.0199999809265137,2.950000047683716,-0.06999993324279785,-2.3178785988376855
2023-05-20,2.809999942779541,2.759999990463257,-0.04999995231628418,-1.7793577699089276
2023-05-21,3.059999942779541,2.990000009536743,-0.06999993324279785,-2.2875795605150775
2023-05-22,3.2799999713897705,3.200000047683716,-0.07999992370605469,-2.439022085483674
2023-05-23,2.630000114440918,2.5899999141693115,-0.040000200271606445,-1.5209200962377005
2023-05-24,2.4800000190734863,2.440000057220459,-0.039999961853027344,-1.6129016752173695
2023-05-25,5.800000190734863,5.650000095367432,-0.15000009536743164,-2.586208455769491
2023-05-26,4.130000114440918,4.010000228881836,-0.11999988555908203,-2.90556615578512
2023-05-27,2.930000066757202,2.869999885559082,-0.06000018119812012,-2.0477877075451993
2023-05-28,2.359999895095825,2.3299999237060547,-0.029999971389770508,-1.2711852848854637
2023-05-29,2.0299999713897705,2.009999990463257,-0.019999980926513672,-0.9852207491816546
2023-06-08,3.119999885559082,3.049999952316284,-0.06999993324279785,-2.2435876862301343
2023-06-09,5.099999904632568,4.949999809265137,-0.15000009536743164,-2.94117839553643
2023-06-10,5.070000171661377,4.920000076293945,-0.15000009536743164,-2.9585816624988093
2023-06-11,4.860000133514404,4.71999979019165,-0.1400003433227539,-2.88066542133026
2023-06-12,2.900000095367432,2.8399999141693115,-0.06000018119812056,-2.068971697413634
2023-06-13,2.5899999141693115,2.549999952316284,-0.039999961853027344,-1.5444001227257376
2023-06-14,3.069999933242798,3.009999990463257,-0.059999942779541016,-1.9543955727765738
2023-06-15,10.100000381469728,9.9399995803833,-0.16000080108642756,-1.5841662875575517
2023-06-16,15.699999809265137,15.5,-0.19999980926513672,-1.2738841509227892
2023-06-17,21.200000762939453,21.0,-0.20000076293945312,-0.9433997912353015
2023-06-18,18.399999618530277,18.200000762939453,-0.19999885559082387,-1.0869503246587513
2023-06-19,9.300000190734863,9.079999923706056,-0.22000026702880682,-2.3655942206106872
2023-06-20,5.53000020980835,5.369999885559082,-0.16000032424926758,-2.8933149761094246
2023-06-21,3.819999933242798,3.7200000286102295,-0.09999990463256836,-2.617798596338677
2023-06-22,2.900000095367432,2.8399999141693115,-0.06000018119812056,-2.068971697413634
2023-06-23,2.3399999141693115,2.309999942779541,-0.029999971389770508,-1.2820501064172196
2023-06-24,5.079999923706055,5.039999961853027,-0.039999961853027344,-0.787400835704065
2023-06-25,28.100000381469727,28.0,-0.10000038146972656,-0.3558732388333733
2023-06-26,8.4399995803833,8.229999542236328,-0.21000003814697266,-2.4881522344511247
2023-06-27,4.820000171661377,4.679999828338623,-0.1400003433227539,-2.904571334786862
2023-06-28,4.269999980926514,4.150000095367432,-0.11999988555908203,-2.810301782086758
2023-06-29,24.799999237060547,24.700000762939453,-0.09999847412109375,-0.40321966611861154
2023-06-30,9.770000457763672,9.550000190734863,-0.2200002670288086,-2.25179382518848
2023-07-01,5.099999904632568,4.949999809265137,-0.15000009536743164,-2.94117839553643
2023-07-02,24.200000762939453,24.100000381469727,-0.10000038146972656,-0.41322470378955484
2023-07-03,14.100000381469728,13.899999618530272,-0.20000076293945668,-1.418445088854738
2023-07-04,6.610000133514404,6.420000076293945,-0.19000005722045898,-2.8744334853657523
2023-07-05,4.679999828338623,4.539999961853027,-0.1399998664855957,-2.991450248306846
2023-07-06,3.440000057220459,3.359999895095825,-0.08000016212463379,-2.325586069590778
2023-07-07,5.050000190734863,4.949999809265137,-0.10000038146972656,-1.9802054988670161
2023-07-08,5.920000076293945,5.760000228881836,-0.15999984741210938,-2.702700090373528
2023-07-09,3.5199999809265137,3.430000066757202,-0.08999991416931152,-2.5568157573007224
2023-07-10,54.400001525878906,54.20000076293945,-0.20000076293945312,-0.3676484509734981
2023-07-12,43.29999923706055,43.20000076293945,-0.09999847412109375,-0.2309433623165168
2023-07-13,17.700000762939453,17.5,-0.20000076293945312,-1.1299477645120668
2023-07-14,18.200000762939453,18.0,-0.20000076293945312,-1.0989052448102827
2023-07-15,19.799999237060547,19.600000381469727,-0.1999988555908203,-1.0100952691779577
2023-07-16,69.69999694824219,69.5999984741211,-0.09999847412109375,-0.14346984002789928
2023-07-19,33.5,33.400001525878906,-0.09999847412109375,-0.29850290782416045
2023-07-20,14.5,14.300000190734863,-0.19999980926513672,-1.379309029414736
2023-07-21,24.799999237060547,24.700000762939453,-0.09999847412109375,-0.40321966611861154
2023-07-23,19.399999618530277,19.299999237060547,-0.10000038146973012,-0.515465894000394
2023-07-24,10.399999618530272,10.199999809265137,-0.19999980926513494,-1.9230751596258129
2023-07-25,7.300000190734863,7.099999904632568,-0.20000028610229492,-2.7397298750229435
2023-07-26,5.909999847412109,5.739999771118164,-0.1700000762939453,-2.87648190665158
2023-07-27,6.639999866485596,6.460000038146973,-0.17999982833862305,-2.7108408427407538
2023-07-28,12.100000381469728,11.800000190734863,-0.30000019073486506,-2.479340341131671
2023-07-29,8.59000015258789,8.369999885559082,-0.2200002670288086,-2.561120641686247
2023-07-30,8.699999809265137,8.479999542236328,-0.2200002670288086,-2.528738756919483
2023-07-31,6.929999828338623,6.739999771118164,-0.19000005722045898,-2.7417036353088773
2023-08-01,9.630000114440918,9.40999984741211,-0.2200002670288086,-2.28453026390832
2023-08-02,5.639999866485596,5.46999979019165,-0.1700000762939453,-3.014185821246765
2023-08-03,4.389999866485596,4.269999980926514,-0.11999988555908203,-2.7334826699014836
2023-08-04,20.600000381469727,20.5,-0.10000038146972656,-0.4854387360093434
2023-08-05,33.79999923706055,33.70000076293945,-0.09999847412109375,-0.2958534804091026
2023-08-06,10.0,9.800000190734863,-0.19999980926513672,-1.9999980926513672
2023-08-07,6.019999980926514,5.840000152587891,-0.17999982833862305,-2.990030380546945
2023-08-08,9.869999885559082,9.65999984741211,-0.21000003814697266,-2.12765998563208
2023-08-09,20.100000381469727,19.899999618530277,-0.20000076293944957,-0.995028652456301
2023-08-10,9.649999618530272,9.43000030517578,-0.2199993133544922,-2.279785720737664
2023-08-12,33.099998474121094,33.0,-0.09999847412109375,-0.30211020764631324
2023-08-13,15.699999809265137,15.5,-0.19999980926513672,-1.2738841509227892
2023-08-14,15.399999618530272,15.199999809265137,-0.19999980926513494,-1.2987000923330043
2023-08-15,9.100000381469728,8.880000114440918,-0.22000026702881037,-2.417585250620379
2023-08-16,10.300000190734863,10.100000381469728,-0.19999980926513494,-1.9417456850635821
2023-08-17,15.199999809265137,15.0,-0.19999980926513672,-1.3157882353605501
2023-08-18,8.420000076293945,8.199999809265137,-0.2200002670288086,-2.612829751013987
2023-08-19,7.139999866485596,6.949999809265137,-0.19000005722045898,-2.6610652769378773
2023-08-20,49.900001525878906,49.79999923706055,-0.10000228881835938,-0.20040538228540264
2023-08-21,18.5,18.299999237060547,-0.20000076293945312,-1.081085205078125
2023-08-22,9.84000015258789,9.619999885559082,-0.2200002670288086,-2.235775036761043
2023-08-23,6.739999771118164,6.550000190734863,-0.18999958038330078,-2.8189849678849455
2023-08-24,5.400000095367432,5.239999771118164,-0.16000032424926758,-2.9629689152511154
2023-08-25,4.900000095367432,4.760000228881836,-0.1399998664855957,-2.8571400767513184
2023-08-26,5.619999885559082,5.460000038146973,-0.15999984741210938,-2.846972431854284
2023-08-27,5.869999885559082,5.699999809265137,-0.1700000762939453,-2.896083127908849
2023-08-28,4.489999771118164,4.360000133514404,-0.12999963760375977,-2.895315016271936
2023-08-29,3.809999942779541,3.7100000381469727,-0.09999990463256836,-2.6246694523468834
2023-08-30,5.099999904632568,4.96999979019165,-0.13000011444091797,-2.5490218994481313
2023-08-31,8.300000190734863,8.100000381469727,-0.19999980926513672,-2.409636200832776
2023-09-01,4.670000076293945,4.539999961853027,-0.13000011444091797,-2.7837283151413663
2023-09-02,3.5899999141693115,3.5,-0.08999991416931152,-2.5069614574109695
2023-09-03,3.1600000858306885,3.0899999141693115,-0.07000017166137695,-2.215195245571507
2023-09-04,2.890000104904175,2.8299999237060547,-0.06000018119812012,-2.076130761943677
2023-09-05,2.6600000858306885,2.609999895095825,-0.05000019073486328,-1.8797063579510667
2023-09-06,2.4600000381469727,2.4200000762939453,-0.039999961853027344,-1.62601468425821
2023-09-07,2.5899999141693115,2.549999952316284,-0.039999961853027344,-1.5444001227257376
2023-09-08,24.399999618530277,24.299999237060547,-0.10000038146973012,-0.4098376353817074
2023-09-09,8.819999694824219,8.609999656677246,-0.21000003814697266,-2.380952895839731
2023-09-10,6.78000020980835,6.599999904632568,-0.18000030517578125,-2.6548716755993924
2023-09-11,29.0,28.899999618530277,-0.10000038146972301,-0.3448289016197345
2023-09-12,14.699999809265137,14.5,-0.19999980926513672,-1.3605429378242615
2023-09-13,17.399999618530273,17.200000762939453,-0.1999988555908203,-1.149418735491407
2023-09-14,26.299999237060547,26.200000762939453,-0.09999847412109375,-0.3802223460911028
2023-09-15,11.5,11.300000190734863,-0.19999980926513672,-1.73912877621858
2023-09-16,7.5,7.300000190734863,-0.19999980926513672,-2.6666641235351562
2023-09-17,5.869999885559082,5.699999809265137,-0.1700000762939453,-2.896083127908849
2023-09-18,5.010000228881836,4.869999885559082,-0.1400003433227539,-2.7944179027313156
2023-09-19,58.79999923706055,58.70000076293945,-0.09999847412109375,-0.1700654343853572
2023-09-21,20.5,20.399999618530277,-0.10000038146972301,-0.4878067388766976
2023-09-22,11.800000190734863,11.600000381469728,-0.19999980926513494,-1.6949136104435913
2023-09-23,8.529999732971191,8.3100004196167,-0.2199993133544922,-2.5791245045896556
2023-09-24,6.869999885559082,6.670000076293945,-0.19999980926513672,-2.9112054235334344
2023-09-25,5.75,5.579999923706055,-0.1700000762939453,-2.9565230659816577
2023-09-26,4.840000152587891,4.699999809265137,-0.1400003433227539,-2.8925689857240475
2023-09-27,4.380000114440918,4.25,-0.13000011444091797,-2.9680390649375985
2023-09-28,4.010000228881836,3.900000095367432,-0.11000013351440385,-2.7431453176020573
2023-09-29,3.740000009536743,3.640000104904175,-0.09999990463256836,-2.6737942346945314
2023-09-30,3.559999942779541,3.470000028610229,-0.08999991416931197,-2.5280875173004285
