STATION_NUMBER,DATUM_ID_FROM,DATUM_ID_TO,CONVERSION_FACTOR
05ND011,10,35,566.4829711914062
05ND011,10,605,565.9970092773438
