STATION_NUMBER,DATUM_ID_FROM,DATUM_ID_TO,CONVERSION_FACTOR
05DA007,10,35,1624.9859619140625
05DA007,10,605,1625.5159912109375
