STATION_NUMBER,DATUM_ID_FROM,DATUM_ID_TO,CONVERSION_FACTOR
08MH006,10,177,13.253999710083008
08MH006,10,605,13.333999633789062
