STATION_NUMBER,DATUM_ID_FROM,DATUM_ID_TO,CONVERSION_FACTOR
08KA007,10,35,1029.4739990234375
08KA007,10,605,1030.073974609375
