STATION_NUMBER,DATUM_ID_FROM,DATUM_ID_TO,CONVERSION_FACTOR
01EJ001,10,128,3.138999938964844
01EJ001,10,605,2.509000062942505
