STATION_NUMBER,DATUM_ID_FROM,DATUM_ID_TO,CONVERSION_FACTOR
08HB032,10,35,54.15900039672852
08HB032,10,605,54.34799957275391
