STATION_NUMBER,DATUM_ID_FROM,DATUM_ID_TO,CONVERSION_FACTOR
05CA009,10,35,1295.072998046875
05CA009,10,605,1294.883056640625
