STATION_NUMBER,date,flow_cms,quality_symbol
02WB003,1980-06-01,,
02WB003,1980-08-01,,
02WB003,1980-10-01,,
02WB003,1981-01-01,,
02WB003,1981-03-01,,
02WB003,1981-08-01,,
02WB003,1981-10-01,345.0,E
02WB003,1981-11-01,551.0,
02WB003,1981-12-01,174.0,E
02WB003,1982-01-01,220.0,E
02WB003,1982-02-01,130.0,E
02WB003,1982-03-01,89.0,E
02WB003,1982-04-01,95.0,E
02WB003,1982-05-01,240.0,E
02WB003,1982-06-01,1700.0,E
02WB003,1982-07-01,687.0,
02WB003,1982-08-01,428.0,
02WB003,1982-09-01,377.0,
02WB003,1982-10-01,252.0,
02WB003,1982-11-01,125.0,
02WB003,1982-12-01,170.0,E
02WB003,1983-01-01,130.0,E
02WB003,1983-02-01,123.0,E
02WB003,1983-03-01,105.0,E
02WB003,1983-04-01,206.0,E
02WB003,1983-05-01,2080.0,E
02WB003,1983-06-01,738.0,
02WB003,1983-07-01,375.0,
02WB003,1983-08-01,401.0,
02WB003,1983-09-01,449.0,
02WB003,1983-10-01,348.0,
02WB003,1983-11-01,268.0,
02WB003,1983-12-01,260.0,
02WB003,1984-01-01,175.0,E
02WB003,1984-02-01,115.0,E
02WB003,1984-03-01,87.0,E
02WB003,1984-04-01,146.0,E
02WB003,1984-05-01,629.0,
02WB003,1984-06-01,1290.0,
02WB003,1984-07-01,515.0,
02WB003,1984-08-01,332.0,
02WB003,1984-09-01,146.0,
02WB003,1984-10-01,361.0,
02WB003,1984-11-01,178.0,
02WB003,1984-12-01,158.0,E
02WB003,1985-01-01,102.0,E
02WB003,1985-02-01,69.5,E
02WB003,1985-03-01,58.79999923706055,E
02WB003,1985-04-01,55.29999923706055,E
02WB003,1985-05-01,183.0,E
02WB003,1985-06-01,1240.0,
02WB003,1985-07-01,392.0,
02WB003,1985-08-01,832.0,
02WB003,1985-09-01,404.0,
02WB003,1985-10-01,489.0,
02WB003,1985-11-01,262.0,
02WB003,1985-12-01,120.0,E
02WB003,1986-01-01,107.0,E
02WB003,1986-02-01,127.0,E
02WB003,1986-03-01,78.5,E
02WB003,1986-04-01,62.5,E
02WB003,1986-05-01,965.0,E
02WB003,1986-06-01,513.0,
02WB003,1986-07-01,516.0,
02WB003,1986-08-01,291.0,
02WB003,1986-09-01,265.0,
02WB003,1986-10-01,302.0,
02WB003,1986-11-01,235.0,
02WB003,1986-12-01,117.0,E
02WB003,1987-01-01,70.5,E
02WB003,1987-02-01,56.0,E
02WB003,1987-03-01,51.0,E
02WB003,1987-04-01,77.0,E
02WB003,1987-05-01,586.0,
02WB003,1987-06-01,475.0,E
02WB003,1987-07-01,358.0,E
02WB003,1987-08-01,253.0,
02WB003,1987-09-01,230.0,
02WB003,1987-10-01,312.0,
02WB003,1987-11-01,658.0,
02WB003,1987-12-01,280.0,E
02WB003,1988-01-01,144.0,E
02WB003,1988-02-01,98.0,E
02WB003,1988-03-01,77.5,E
02WB003,1988-04-01,138.0,E
02WB003,1988-05-01,245.0,E
02WB003,1988-06-01,1160.0,
02WB003,1988-07-01,747.0,
02WB003,1988-08-01,193.0,
02WB003,1988-09-01,123.0,
02WB003,1988-10-01,222.0,
02WB003,1988-11-01,680.0,
02WB003,1988-12-01,248.0,
02WB003,1989-01-01,118.0,E
02WB003,1989-02-01,74.80000305175781,E
02WB003,1989-03-01,55.59999847412109,E
02WB003,1989-04-01,50.29999923706055,E
02WB003,1989-05-01,142.0,E
02WB003,1989-06-01,1450.0,
02WB003,1989-07-01,521.0,
02WB003,1989-08-01,761.0,
02WB003,1989-09-01,646.0,
02WB003,1989-10-01,406.0,
02WB003,1989-11-01,339.0,
02WB003,1989-12-01,209.0,E
02WB003,1990-01-01,107.0,E
02WB003,1990-02-01,77.0999984741211,
02WB003,1990-03-01,61.29999923706055,E
02WB003,1990-04-01,64.4000015258789,E
02WB003,1990-05-01,114.0,E
02WB003,1990-06-01,979.0,
02WB003,1990-07-01,333.0,
02WB003,1990-08-01,277.0,
02WB003,1990-09-01,221.0,
02WB003,1990-10-01,268.0,
02WB003,1990-11-01,169.0,E
02WB003,1990-12-01,154.0,E
02WB003,1991-01-01,119.0,E
02WB003,1991-02-01,84.9000015258789,
02WB003,1991-03-01,62.0,E
02WB003,1991-04-01,64.30000305175781,E
02WB003,1991-05-01,92.4000015258789,E
02WB003,1991-06-01,1100.0,
02WB003,1991-07-01,624.0,
02WB003,1991-08-01,399.0,
02WB003,1991-09-01,199.0,
02WB003,1991-10-01,253.0,
02WB003,1991-11-01,336.0,
02WB003,1991-12-01,151.0,
02WB003,1992-01-01,78.9000015258789,E
02WB003,1992-02-01,75.4000015258789,E
02WB003,1992-03-01,54.79999923706055,E
02WB003,1992-04-01,68.5,E
02WB003,1992-05-01,98.4000015258789,
02WB003,1992-06-01,763.0,
02WB003,1992-07-01,492.0,
02WB003,1992-08-01,402.0,
02WB003,1992-09-01,435.0,
02WB003,1992-10-01,295.0,
02WB003,1992-11-01,587.0,
02WB003,1992-12-01,153.0,E
02WB003,1993-01-01,75.30000305175781,E
02WB003,1993-02-01,53.900001525878906,
02WB003,1993-03-01,47.900001525878906,E
02WB003,1993-04-01,45.29999923706055,E
02WB003,1993-05-01,180.0,
02WB003,1993-06-01,1030.0,
02WB003,1993-07-01,366.0,
02WB003,1993-08-01,329.0,
02WB003,1993-09-01,389.0,
02WB003,1993-10-01,415.0,
02WB003,1993-11-01,461.0,
02WB003,1993-12-01,159.0,E
02WB003,1994-01-01,114.0,E
02WB003,1994-02-01,98.5999984741211,
02WB003,1994-03-01,78.0,E
02WB003,1994-04-01,74.5999984741211,E
02WB003,1994-05-01,134.0,
02WB003,1994-06-01,1100.0,
02WB003,1994-07-01,816.0,
02WB003,1994-08-01,490.0,
02WB003,1994-09-01,427.0,
02WB003,1994-10-01,450.0,
02WB003,1994-11-01,318.0,
02WB003,1994-12-01,161.0,E
02WB003,1995-01-01,114.0,E
02WB003,1995-02-01,90.8000030517578,
02WB003,1995-03-01,78.0999984741211,E
02WB003,1995-04-01,83.5,E
02WB003,1995-05-01,307.0,
02WB003,1995-06-01,929.0,
02WB003,1995-07-01,301.0,
02WB003,1995-08-01,218.0,
02WB003,1995-09-01,128.0,
02WB003,1995-10-01,317.0,
02WB003,1995-11-01,820.0,
02WB003,1995-12-01,246.0,E
02WB003,1996-01-01,124.0,E
02WB003,1996-02-01,118.0,E
02WB003,1996-03-01,274.0,E
02WB003,1996-04-01,130.0,
02WB003,1996-05-01,1120.0,
02WB003,1996-06-01,896.0,
02WB003,1996-07-01,477.0,
02WB003,1996-08-01,618.0,
02WB003,1996-09-01,198.0,
02WB003,1996-10-01,155.0,
02WB003,1996-11-01,273.0,
02WB003,1996-12-01,237.0,E
02WB003,1997-01-01,155.0,E
02WB003,1997-02-01,120.0,
02WB003,1997-03-01,106.0,E
02WB003,1997-04-01,99.4000015258789,E
02WB003,1997-05-01,162.0,
02WB003,1997-06-01,1200.0,
02WB003,1997-07-01,572.0,
02WB003,1997-08-01,340.0,
02WB003,1997-09-01,410.0,
02WB003,1997-10-01,396.0,
02WB003,1997-11-01,237.0,
02WB003,1997-12-01,151.0,E
02WB003,1998-01-01,109.0,E
02WB003,1998-02-01,90.0999984741211,
02WB003,1998-03-01,98.6999969482422,E
02WB003,1998-04-01,158.0,E
02WB003,1998-05-01,440.0,
02WB003,1998-06-01,963.0,
02WB003,1998-07-01,285.0,
02WB003,1998-08-01,282.0,
02WB003,1998-09-01,170.0,
02WB003,1998-10-01,572.0,
02WB003,1998-11-01,609.0,
02WB003,1998-12-01,215.0,B
02WB003,1999-01-01,126.0,B
02WB003,1999-02-01,91.5,
02WB003,1999-03-01,81.19999694824219,B
02WB003,1999-04-01,161.0,B
02WB003,1999-05-01,414.0,
02WB003,1999-06-01,914.0,
02WB003,1999-07-01,278.0,
02WB003,1999-08-01,241.0,
02WB003,1999-09-01,276.0,
02WB003,1999-10-01,573.0,
02WB003,1999-11-01,337.0,
02WB003,1999-12-01,281.0,
02WB003,2000-01-01,169.0,E
02WB003,2000-02-01,116.0,E
02WB003,2000-03-01,97.0999984741211,E
02WB003,2000-04-01,126.0,B
02WB003,2000-05-01,365.0,
02WB003,2000-06-01,1650.0,
02WB003,2000-07-01,583.0,
02WB003,2000-08-01,492.0,
02WB003,2000-09-01,233.0,
02WB003,2000-10-01,248.0,
02WB003,2000-11-01,260.0,
02WB003,2000-12-01,128.0,B
02WB003,2001-01-01,101.0,B
02WB003,2001-02-01,87.5,
02WB003,2001-03-01,78.69999694824219,B
02WB003,2001-04-01,75.5999984741211,B
02WB003,2001-05-01,110.0,
02WB003,2001-06-01,632.0,
02WB003,2001-07-01,333.0,
02WB003,2001-08-01,332.0,
02WB003,2001-09-01,177.0,
02WB003,2001-10-01,257.0,
02WB003,2001-11-01,355.0,
02WB003,2001-12-01,249.0,
02WB003,2002-01-01,127.0,
02WB003,2002-02-01,85.30000305175781,
02WB003,2002-03-01,122.0,
02WB003,2002-04-01,139.0,
02WB003,2002-05-01,217.0,
02WB003,2002-06-01,1780.0,
02WB003,2002-07-01,480.0,
02WB003,2002-08-01,271.0,
02WB003,2002-09-01,299.0,
02WB003,2002-10-01,290.0,
02WB003,2002-11-01,363.0,
02WB003,2002-12-01,238.0,
02WB003,2003-01-01,129.0,
02WB003,2003-02-01,93.9000015258789,
02WB003,2003-03-01,78.80000305175781,
02WB003,2003-04-01,70.0,
02WB003,2003-05-01,279.0,
02WB003,2003-06-01,1270.0,
02WB003,2003-07-01,297.0,
02WB003,2003-08-01,485.0,
02WB003,2003-09-01,208.0,
02WB003,2003-10-01,222.0,
02WB003,2003-11-01,996.0,
02WB003,2003-12-01,417.0,
02WB003,2004-01-01,145.0,
02WB003,2004-02-01,105.0,
02WB003,2004-03-01,87.4000015258789,
02WB003,2004-04-01,77.4000015258789,
02WB003,2004-05-01,254.0,
02WB003,2004-06-01,1570.0,
02WB003,2004-07-01,498.0,
02WB003,2004-08-01,216.0,
02WB003,2004-09-01,234.0,
02WB003,2004-10-01,143.0,
02WB003,2004-11-01,234.0,
02WB003,2004-12-01,275.0,
02WB003,2005-01-01,167.0,
02WB003,2005-02-01,111.0,
02WB003,2005-03-01,105.0,
02WB003,2005-04-01,101.0,
02WB003,2005-05-01,218.0,
02WB003,2005-06-01,841.0,
02WB003,2005-07-01,197.0,
02WB003,2005-08-01,117.0,
02WB003,2005-09-01,397.0,
02WB003,2005-10-01,309.0,
02WB003,2005-11-01,266.0,
02WB003,2005-12-01,749.0,
02WB003,2006-01-01,152.0,
02WB003,2006-02-01,160.0,
02WB003,2006-03-01,101.0,
02WB003,2006-04-01,125.0,
02WB003,2006-05-01,703.0,
02WB003,2006-06-01,617.0,
02WB003,2006-07-01,233.0,
02WB003,2006-08-01,365.0,
02WB003,2006-09-01,214.0,
02WB003,2006-10-01,256.0,
02WB003,2006-11-01,352.0,
02WB003,2006-12-01,271.0,
02WB003,2007-01-01,131.0,
02WB003,2007-02-01,106.0,
02WB003,2007-03-01,96.0,
02WB003,2007-04-01,96.9000015258789,
02WB003,2007-05-01,350.0,
02WB003,2007-06-01,991.0,
02WB003,2007-07-01,674.0,
02WB003,2007-08-01,258.0,
02WB003,2007-09-01,126.0,
02WB003,2007-10-01,550.0,
02WB003,2007-11-01,371.0,
02WB003,2007-12-01,315.0,
02WB003,2008-01-01,134.0,
02WB003,2008-02-01,94.1999969482422,
02WB003,2008-03-01,76.5999984741211,
02WB003,2008-04-01,68.0999984741211,
02WB003,2008-05-01,531.0,
02WB003,2008-06-01,742.0,
02WB003,2008-07-01,410.0,
02WB003,2008-08-01,375.0,
02WB003,2008-09-01,280.0,
02WB003,2008-10-01,907.0,
02WB003,2008-11-01,418.0,
02WB003,2008-12-01,339.0,
02WB003,2009-01-01,140.0,
02WB003,2009-02-01,109.0,
02WB003,2009-03-01,99.0,
02WB003,2009-04-01,95.6999969482422,
02WB003,2009-05-01,518.0,
02WB003,2009-06-01,1150.0,
02WB003,2009-07-01,355.0,
02WB003,2009-08-01,345.0,
02WB003,2009-09-01,188.0,
02WB003,2009-10-01,377.0,
02WB003,2009-11-01,272.0,
02WB003,2009-12-01,390.0,
02WB003,2010-01-01,134.0,
02WB003,2010-02-01,98.6999969482422,
02WB003,2010-03-01,96.0,
02WB003,2010-04-01,80.5999984741211,
02WB003,2010-05-01,688.0,
02WB003,2010-06-01,872.0,
02WB003,2010-07-01,537.0,
02WB003,2010-08-01,419.0,
02WB003,2010-09-01,199.0,
02WB003,2010-10-01,140.0,
02WB003,2010-11-01,472.0,
02WB003,2010-12-01,230.0,
02WB003,2011-01-01,142.0,
02WB003,2011-02-01,109.0,
02WB003,2011-03-01,86.9000015258789,
02WB003,2011-04-01,95.6999969482422,
02WB003,2011-05-01,280.0,
02WB003,2011-06-01,1020.0,
02WB003,2011-07-01,482.0,
02WB003,2011-08-01,312.0,
02WB003,2011-09-01,396.0,
02WB003,2011-10-01,196.0,
02WB003,2011-11-01,226.0,
02WB003,2011-12-01,279.0,
02WB003,2012-01-01,166.0,B
02WB003,2012-02-01,115.0,B
02WB003,2012-03-01,89.5,B
02WB003,2012-04-01,89.80000305175781,B
02WB003,2012-05-01,951.0,B
02WB003,2012-06-01,831.0,
02WB003,2012-07-01,260.0,
02WB003,2012-08-01,215.0,
02WB003,2012-09-01,256.0,
02WB003,2012-10-01,372.0,
02WB003,2012-11-01,504.0,
02WB003,2012-12-01,209.0,B
02WB003,2013-01-01,147.0,B
02WB003,2013-02-01,104.0,B
02WB003,2013-03-01,87.69999694824219,B
02WB003,2013-04-01,175.0,B
02WB003,2013-05-01,728.0,
02WB003,2013-06-01,1120.0,
02WB003,2013-07-01,298.0,
02WB003,2013-08-01,231.0,
02WB003,2013-09-01,278.0,
02WB003,2013-10-01,495.0,
02WB003,2013-11-01,346.0,
02WB003,2013-12-01,580.0,B
02WB003,2014-01-01,124.0,B
02WB003,2014-02-01,81.80000305175781,B
02WB003,2014-03-01,64.30000305175781,B
02WB003,2014-04-01,56.0,B
02WB003,2014-05-01,179.0,B
02WB003,2014-06-01,824.0,
02WB003,2014-07-01,487.0,
02WB003,2014-08-01,401.0,
02WB003,2014-09-01,157.0,
02WB003,2014-10-01,287.0,
02WB003,2014-11-01,456.0,
02WB003,2014-12-01,169.0,B
02WB003,2015-01-01,114.0,B
02WB003,2015-02-01,85.9000015258789,B
02WB003,2015-03-01,72.0,B
02WB003,2015-04-01,64.19999694824219,B
02WB003,2015-05-01,371.0,B
02WB003,2015-06-01,1570.0,
02WB003,2015-07-01,375.0,
02WB003,2015-08-01,287.0,
02WB003,2015-09-01,440.0,
02WB003,2015-10-01,284.0,
02WB003,2015-11-01,278.0,
02WB003,2015-12-01,126.0,B
02WB003,2016-01-01,87.4000015258789,B
02WB003,2016-02-01,86.80000305175781,B
02WB003,2016-03-01,93.4000015258789,B
02WB003,2016-04-01,87.80000305175781,B
02WB003,2016-05-01,282.0,B
02WB003,2016-06-01,896.0,
02WB003,2016-07-01,523.0,
02WB003,2016-08-01,419.0,
02WB003,2016-09-01,528.0,
02WB003,2016-10-01,334.0,
02WB003,2016-11-01,486.0,
02WB003,2017-05-01,,
02WB003,2017-06-01,938.0,
02WB003,2017-07-01,644.0,
02WB003,2017-08-01,354.0,
02WB003,2017-09-01,337.0,
02WB003,2017-10-01,534.0,
02WB003,2017-11-01,420.0,
02WB003,2018-05-01,,
02WB003,2018-06-01,1560.0,
02WB003,2018-07-01,591.0,
02WB003,2018-08-01,349.0,
02WB003,2018-09-01,292.0,
02WB003,2018-10-01,233.0,
02WB003,2018-11-01,282.0,
02WB003,2019-05-01,,
02WB003,2019-06-01,1950.0,
02WB003,2019-07-01,558.0,
02WB003,2019-08-01,210.0,
02WB003,2019-09-01,361.0,
02WB003,2019-10-01,267.0,
02WB003,2019-11-01,250.0,
02WB003,2020-05-01,,
02WB003,2020-06-01,1820.0,
02WB003,2020-07-01,479.0,
02WB003,2020-08-01,258.0,
02WB003,2020-09-01,251.0,
02WB003,2020-10-01,230.0,
02WB003,2020-11-01,388.0,
02WB003,2021-04-01,,
02WB003,2021-05-01,1390.0,
02WB003,2021-06-01,789.0,
02WB003,2021-07-01,540.0,
02WB003,2021-08-01,226.0,
02WB003,2021-09-01,215.0,
02WB003,2021-10-01,502.0,
02WB003,2021-11-01,415.0,
02WB003,2021-12-01,847.0,
02WB003,2022-05-01,,
02WB003,2022-06-01,1920.0,
02WB003,2022-07-01,483.0,
02WB003,2022-08-01,535.0,
02WB003,2022-09-01,218.0,
02WB003,2022-10-01,591.0,
02WB003,2022-11-01,348.0,
02WB003,2023-04-01,,
02WB003,2023-05-01,899.0,
02WB003,2023-06-01,539.0,
02WB003,2023-07-01,258.0,
02WB003,2023-08-01,298.0,
02WB003,2023-09-01,817.0,
02WB003,2023-10-01,536.0,
02WB003,2023-11-01,335.0,
02WB003,2024-04-01,,
02WB003,2024-05-01,575.0,
02WB003,2024-06-01,956.0,
02WB003,2024-07-01,209.0,
02WB003,2024-08-01,179.0,
02WB003,2024-09-01,101.0,
02WB003,1980-06-02,,
02WB003,1980-08-02,,
02WB003,1980-10-02,,
02WB003,1981-01-02,,
02WB003,1981-03-02,,
02WB003,1981-08-02,,
02WB003,1981-10-02,380.0,E
02WB003,1981-11-02,511.0,
02WB003,1981-12-02,200.0,E
02WB003,1982-01-02,215.0,E
02WB003,1982-02-02,128.0,E
02WB003,1982-03-02,89.0,E
02WB003,1982-04-02,108.0,E
02WB003,1982-05-02,255.0,E
02WB003,1982-06-02,1950.0,E
02WB003,1982-07-02,735.0,
02WB003,1982-08-02,404.0,
02WB003,1982-09-02,366.0,
02WB003,1982-10-02,254.0,
02WB003,1982-11-02,142.0,
02WB003,1982-12-02,175.0,E
02WB003,1983-01-02,129.0,E
02WB003,1983-02-02,132.0,E
02WB003,1983-03-02,104.0,E
02WB003,1983-04-02,200.0,E
02WB003,1983-05-02,2030.0,E
02WB003,1983-06-02,728.0,
02WB003,1983-07-02,351.0,
02WB003,1983-08-02,415.0,
02WB003,1983-09-02,427.0,
02WB003,1983-10-02,347.0,
02WB003,1983-11-02,262.0,
02WB003,1983-12-02,283.0,
02WB003,1984-01-02,172.0,E
02WB003,1984-02-02,114.0,E
02WB003,1984-03-02,86.5,E
02WB003,1984-04-02,145.0,E
02WB003,1984-05-02,771.0,
02WB003,1984-06-02,1430.0,
02WB003,1984-07-02,515.0,
02WB003,1984-08-02,314.0,
02WB003,1984-09-02,186.0,
02WB003,1984-10-02,339.0,
02WB003,1984-11-02,173.0,
02WB003,1984-12-02,158.0,E
02WB003,1985-01-02,100.0,E
02WB003,1985-02-02,69.0,E
02WB003,1985-03-02,58.5,E
02WB003,1985-04-02,55.20000076293945,E
02WB003,1985-05-02,190.0,E
02WB003,1985-06-02,1350.0,
02WB003,1985-07-02,363.0,
02WB003,1985-08-02,754.0,
02WB003,1985-09-02,396.0,
02WB003,1985-10-02,483.0,
02WB003,1985-11-02,259.0,
02WB003,1985-12-02,123.0,E
02WB003,1986-01-02,105.0,E
02WB003,1986-02-02,129.0,E
02WB003,1986-03-02,77.0,E
02WB003,1986-04-02,63.0,E
02WB003,1986-05-02,1000.0,E
02WB003,1986-06-02,491.0,
02WB003,1986-07-02,552.0,
02WB003,1986-08-02,277.0,
02WB003,1986-09-02,258.0,
02WB003,1986-10-02,298.0,
02WB003,1986-11-02,233.0,
02WB003,1986-12-02,115.0,E
02WB003,1987-01-02,69.5,E
02WB003,1987-02-02,55.5,E
02WB003,1987-03-02,51.0,E
02WB003,1987-04-02,107.0,E
02WB003,1987-05-02,583.0,
02WB003,1987-06-02,465.0,E
02WB003,1987-07-02,368.0,E
02WB003,1987-08-02,322.0,
02WB003,1987-09-02,223.0,
02WB003,1987-10-02,399.0,
02WB003,1987-11-02,615.0,
02WB003,1987-12-02,349.0,E
02WB003,1988-01-02,142.0,E
02WB003,1988-02-02,97.0,E
02WB003,1988-03-02,77.0,E
02WB003,1988-04-02,145.0,E
02WB003,1988-05-02,280.0,E
02WB003,1988-06-02,1090.0,
02WB003,1988-07-02,708.0,
02WB003,1988-08-02,199.0,
02WB003,1988-09-02,114.0,
02WB003,1988-10-02,220.0,
02WB003,1988-11-02,630.0,
02WB003,1988-12-02,232.0,E
02WB003,1989-01-02,116.0,E
02WB003,1989-02-02,73.69999694824219,E
02WB003,1989-03-02,55.09999847412109,E
02WB003,1989-04-02,50.20000076293945,E
02WB003,1989-05-02,177.0,E
02WB003,1989-06-02,1240.0,
02WB003,1989-07-02,519.0,
02WB003,1989-08-02,675.0,
02WB003,1989-09-02,797.0,
02WB003,1989-10-02,394.0,
02WB003,1989-11-02,364.0,
02WB003,1989-12-02,203.0,E
02WB003,1990-01-02,105.0,E
02WB003,1990-02-02,76.80000305175781,
02WB003,1990-03-02,61.20000076293945,E
02WB003,1990-04-02,65.0,E
02WB003,1990-05-02,163.0,E
02WB003,1990-06-02,904.0,
02WB003,1990-07-02,316.0,
02WB003,1990-08-02,311.0,
02WB003,1990-09-02,215.0,
02WB003,1990-10-02,264.0,
02WB003,1990-11-02,138.0,E
02WB003,1990-12-02,147.0,E
02WB003,1991-01-02,117.0,E
02WB003,1991-02-02,84.0999984741211,
02WB003,1991-03-02,61.5,E
02WB003,1991-04-02,64.19999694824219,E
02WB003,1991-05-02,94.5999984741211,E
02WB003,1991-06-02,1040.0,
02WB003,1991-07-02,672.0,
02WB003,1991-08-02,375.0,
02WB003,1991-09-02,192.0,
02WB003,1991-10-02,240.0,
02WB003,1991-11-02,324.0,
02WB003,1991-12-02,151.0,
02WB003,1992-01-02,78.4000015258789,E
02WB003,1992-02-02,74.30000305175781,E
02WB003,1992-03-02,54.20000076293945,E
02WB003,1992-04-02,69.9000015258789,E
02WB003,1992-05-02,108.0,
02WB003,1992-06-02,764.0,
02WB003,1992-07-02,508.0,
02WB003,1992-08-02,431.0,
02WB003,1992-09-02,532.0,
02WB003,1992-10-02,284.0,
02WB003,1992-11-02,531.0,
02WB003,1992-12-02,150.0,E
02WB003,1993-01-02,74.0999984741211,E
02WB003,1993-02-02,53.400001525878906,
02WB003,1993-03-02,47.70000076293945,E
02WB003,1993-04-02,45.29999923706055,E
02WB003,1993-05-02,189.0,
02WB003,1993-06-02,957.0,
02WB003,1993-07-02,455.0,
02WB003,1993-08-02,370.0,
02WB003,1993-09-02,386.0,
02WB003,1993-10-02,408.0,
02WB003,1993-11-02,439.0,
02WB003,1993-12-02,154.0,E
02WB003,1994-01-02,112.0,E
02WB003,1994-02-02,97.5,
02WB003,1994-03-02,77.9000015258789,E
02WB003,1994-04-02,74.0,E
02WB003,1994-05-02,142.0,
02WB003,1994-06-02,1140.0,
02WB003,1994-07-02,792.0,
02WB003,1994-08-02,469.0,
02WB003,1994-09-02,418.0,
02WB003,1994-10-02,527.0,
02WB003,1994-11-02,322.0,
02WB003,1994-12-02,168.0,E
02WB003,1995-01-02,114.0,E
02WB003,1995-02-02,90.0999984741211,
02WB003,1995-03-02,77.5999984741211,E
02WB003,1995-04-02,82.69999694824219,E
02WB003,1995-05-02,346.0,
02WB003,1995-06-02,887.0,
02WB003,1995-07-02,289.0,
02WB003,1995-08-02,204.0,
02WB003,1995-09-02,125.0,
02WB003,1995-10-02,311.0,
02WB003,1995-11-02,697.0,
02WB003,1995-12-02,236.0,E
02WB003,1996-01-02,118.0,E
02WB003,1996-02-02,114.0,E
02WB003,1996-03-02,264.0,E
02WB003,1996-04-02,129.0,
02WB003,1996-05-02,1160.0,
02WB003,1996-06-02,910.0,
02WB003,1996-07-02,469.0,
02WB003,1996-08-02,576.0,
02WB003,1996-09-02,195.0,
02WB003,1996-10-02,165.0,
02WB003,1996-11-02,274.0,
02WB003,1996-12-02,274.0,E
02WB003,1997-01-02,153.0,E
02WB003,1997-02-02,119.0,
02WB003,1997-03-02,105.0,E
02WB003,1997-04-02,99.1999969482422,E
02WB003,1997-05-02,205.0,
02WB003,1997-06-02,1250.0,
02WB003,1997-07-02,541.0,
02WB003,1997-08-02,333.0,
02WB003,1997-09-02,399.0,
02WB003,1997-10-02,395.0,
02WB003,1997-11-02,242.0,
02WB003,1997-12-02,156.0,E
02WB003,1998-01-02,108.0,E
02WB003,1998-02-02,89.69999694824219,
02WB003,1998-03-02,102.0,E
02WB003,1998-04-02,156.0,
02WB003,1998-05-02,480.0,
02WB003,1998-06-02,925.0,
02WB003,1998-07-02,307.0,
02WB003,1998-08-02,318.0,
02WB003,1998-09-02,171.0,
02WB003,1998-10-02,662.0,
02WB003,1998-11-02,663.0,
02WB003,1998-12-02,229.0,B
02WB003,1999-01-02,123.0,B
02WB003,1999-02-02,90.5,
02WB003,1999-03-02,83.30000305175781,B
02WB003,1999-04-02,162.0,B
02WB003,1999-05-02,451.0,
02WB003,1999-06-02,862.0,
02WB003,1999-07-02,279.0,
02WB003,1999-08-02,263.0,
02WB003,1999-09-02,267.0,
02WB003,1999-10-02,538.0,
02WB003,1999-11-02,334.0,
02WB003,1999-12-02,264.0,
02WB003,2000-01-02,166.0,E
02WB003,2000-02-02,115.0,E
02WB003,2000-03-02,96.5999984741211,E
02WB003,2000-04-02,135.0,B
02WB003,2000-05-02,401.0,
02WB003,2000-06-02,1770.0,
02WB003,2000-07-02,559.0,
02WB003,2000-08-02,454.0,
02WB003,2000-09-02,224.0,
02WB003,2000-10-02,242.0,
02WB003,2000-11-02,250.0,
02WB003,2000-12-02,126.0,B
02WB003,2001-01-02,100.0,B
02WB003,2001-02-02,86.0,
02WB003,2001-03-02,78.5,B
02WB003,2001-04-02,75.4000015258789,B
02WB003,2001-05-02,114.0,
02WB003,2001-06-02,634.0,
02WB003,2001-07-02,322.0,
02WB003,2001-08-02,309.0,
02WB003,2001-09-02,183.0,
02WB003,2001-10-02,246.0,
02WB003,2001-11-02,324.0,
02WB003,2001-12-02,244.0,
02WB003,2002-01-02,125.0,
02WB003,2002-02-02,84.9000015258789,
02WB003,2002-03-02,128.0,
02WB003,2002-04-02,140.0,
02WB003,2002-05-02,224.0,
02WB003,2002-06-02,1790.0,
02WB003,2002-07-02,446.0,
02WB003,2002-08-02,258.0,
02WB003,2002-09-02,284.0,
02WB003,2002-10-02,283.0,
02WB003,2002-11-02,330.0,
02WB003,2002-12-02,225.0,
02WB003,2003-01-02,127.0,
02WB003,2003-02-02,93.4000015258789,
02WB003,2003-03-02,78.4000015258789,
02WB003,2003-04-02,69.80000305175781,
02WB003,2003-05-02,286.0,
02WB003,2003-06-02,1220.0,
02WB003,2003-07-02,301.0,
02WB003,2003-08-02,441.0,
02WB003,2003-09-02,203.0,
02WB003,2003-10-02,264.0,
02WB003,2003-11-02,910.0,
02WB003,2003-12-02,368.0,
02WB003,2004-01-02,143.0,
02WB003,2004-02-02,104.0,
02WB003,2004-03-02,87.0,
02WB003,2004-04-02,78.0999984741211,
02WB003,2004-05-02,277.0,
02WB003,2004-06-02,1520.0,
02WB003,2004-07-02,479.0,
02WB003,2004-08-02,207.0,
02WB003,2004-09-02,222.0,
02WB003,2004-10-02,139.0,
02WB003,2004-11-02,232.0,
02WB003,2004-12-02,256.0,
02WB003,2005-01-02,160.0,
02WB003,2005-02-02,110.0,
02WB003,2005-03-02,105.0,
02WB003,2005-04-02,101.0,
02WB003,2005-05-02,250.0,
02WB003,2005-06-02,768.0,
02WB003,2005-07-02,215.0,
02WB003,2005-08-02,113.0,
02WB003,2005-09-02,657.0,
02WB003,2005-10-02,323.0,
02WB003,2005-11-02,255.0,
02WB003,2005-12-02,705.0,
02WB003,2006-01-02,150.0,
02WB003,2006-02-02,156.0,
02WB003,2006-03-02,99.6999969482422,
02WB003,2006-04-02,128.0,
02WB003,2006-05-02,724.0,
02WB003,2006-06-02,576.0,
02WB003,2006-07-02,240.0,
02WB003,2006-08-02,340.0,
02WB003,2006-09-02,207.0,
02WB003,2006-10-02,271.0,
02WB003,2006-11-02,336.0,
02WB003,2006-12-02,250.0,
02WB003,2007-01-02,129.0,
02WB003,2007-02-02,105.0,
02WB003,2007-03-02,95.8000030517578,
02WB003,2007-04-02,95.6999969482422,
02WB003,2007-05-02,399.0,
02WB003,2007-06-02,931.0,
02WB003,2007-07-02,693.0,
02WB003,2007-08-02,260.0,
02WB003,2007-09-02,117.0,
02WB003,2007-10-02,549.0,
02WB003,2007-11-02,355.0,
02WB003,2007-12-02,303.0,
02WB003,2008-01-02,132.0,
02WB003,2008-02-02,93.4000015258789,
02WB003,2008-03-02,76.19999694824219,
02WB003,2008-04-02,67.9000015258789,
02WB003,2008-05-02,699.0,
02WB003,2008-06-02,691.0,
02WB003,2008-07-02,410.0,
02WB003,2008-08-02,377.0,
02WB003,2008-09-02,279.0,
02WB003,2008-10-02,930.0,
02WB003,2008-11-02,385.0,
02WB003,2008-12-02,333.0,
02WB003,2009-01-02,139.0,
02WB003,2009-02-02,109.0,
02WB003,2009-03-02,98.8000030517578,
02WB003,2009-04-02,95.5999984741211,
02WB003,2009-05-02,529.0,
02WB003,2009-06-02,1230.0,
02WB003,2009-07-02,331.0,
02WB003,2009-08-02,325.0,
02WB003,2009-09-02,179.0,
02WB003,2009-10-02,418.0,
02WB003,2009-11-02,287.0,
02WB003,2009-12-02,336.0,
02WB003,2010-01-02,132.0,
02WB003,2010-02-02,98.0999984741211,
02WB003,2010-03-02,95.5999984741211,
02WB003,2010-04-02,83.80000305175781,
02WB003,2010-05-02,695.0,
02WB003,2010-06-02,834.0,
02WB003,2010-07-02,584.0,
02WB003,2010-08-02,390.0,
02WB003,2010-09-02,185.0,
02WB003,2010-10-02,176.0,
02WB003,2010-11-02,471.0,
02WB003,2010-12-02,235.0,
02WB003,2011-01-02,166.0,
02WB003,2011-02-02,108.0,
02WB003,2011-03-02,86.4000015258789,
02WB003,2011-04-02,94.9000015258789,
02WB003,2011-05-02,322.0,
02WB003,2011-06-02,999.0,
02WB003,2011-07-02,458.0,
02WB003,2011-08-02,320.0,
02WB003,2011-09-02,419.0,
02WB003,2011-10-02,193.0,
02WB003,2011-11-02,214.0,
02WB003,2011-12-02,303.0,
02WB003,2012-01-02,163.0,B
02WB003,2012-02-02,114.0,B
02WB003,2012-03-02,88.9000015258789,B
02WB003,2012-04-02,89.9000015258789,B
02WB003,2012-05-02,943.0,B
02WB003,2012-06-02,780.0,
02WB003,2012-07-02,264.0,
02WB003,2012-08-02,202.0,
02WB003,2012-09-02,269.0,
02WB003,2012-10-02,371.0,
02WB003,2012-11-02,513.0,
02WB003,2012-12-02,206.0,B
02WB003,2013-01-02,143.0,B
02WB003,2013-02-02,118.0,B
02WB003,2013-03-02,87.5,B
02WB003,2013-04-02,171.0,B
02WB003,2013-05-02,914.0,
02WB003,2013-06-02,1070.0,
02WB003,2013-07-02,309.0,
02WB003,2013-08-02,276.0,
02WB003,2013-09-02,264.0,
02WB003,2013-10-02,452.0,
02WB003,2013-11-02,351.0,
02WB003,2013-12-02,447.0,B
02WB003,2014-01-02,122.0,B
02WB003,2014-02-02,80.9000015258789,B
02WB003,2014-03-02,63.900001525878906,B
02WB003,2014-04-02,56.0,B
02WB003,2014-05-02,191.0,B
02WB003,2014-06-02,777.0,
02WB003,2014-07-02,450.0,
02WB003,2014-08-02,378.0,
02WB003,2014-09-02,149.0,
02WB003,2014-10-02,273.0,
02WB003,2014-11-02,452.0,
02WB003,2014-12-02,167.0,B
02WB003,2015-01-02,113.0,B
02WB003,2015-02-02,85.30000305175781,B
02WB003,2015-03-02,71.69999694824219,B
02WB003,2015-04-02,64.0,B
02WB003,2015-05-02,406.0,B
02WB003,2015-06-02,1460.0,
02WB003,2015-07-02,362.0,
02WB003,2015-08-02,323.0,
02WB003,2015-09-02,640.0,
02WB003,2015-10-02,283.0,
02WB003,2015-11-02,276.0,
02WB003,2015-12-02,147.0,B
02WB003,2016-01-02,84.30000305175781,B
02WB003,2016-02-02,85.69999694824219,B
02WB003,2016-03-02,95.0999984741211,B
02WB003,2016-04-02,91.5,B
02WB003,2016-05-02,322.0,B
02WB003,2016-06-02,882.0,
02WB003,2016-07-02,583.0,
02WB003,2016-08-02,393.0,
02WB003,2016-09-02,499.0,
02WB003,2016-10-02,317.0,
02WB003,2016-11-02,452.0,
02WB003,2017-05-02,,
02WB003,2017-06-02,897.0,
02WB003,2017-07-02,643.0,
02WB003,2017-08-02,366.0,
02WB003,2017-09-02,322.0,
02WB003,2017-10-02,507.0,
02WB003,2017-11-02,428.0,
02WB003,2018-05-02,,
02WB003,2018-06-02,1840.0,
02WB003,2018-07-02,566.0,
02WB003,2018-08-02,338.0,
02WB003,2018-09-02,315.0,
02WB003,2018-10-02,228.0,
02WB003,2018-11-02,279.0,
02WB003,2019-05-02,,
02WB003,2019-06-02,1870.0,
02WB003,2019-07-02,529.0,
02WB003,2019-08-02,208.0,
02WB003,2019-09-02,346.0,
02WB003,2019-10-02,257.0,
02WB003,2019-11-02,350.0,
02WB003,2020-05-02,,
02WB003,2020-06-02,1710.0,
02WB003,2020-07-02,463.0,
02WB003,2020-08-02,268.0,
02WB003,2020-09-02,256.0,
02WB003,2020-10-02,248.0,
02WB003,2020-11-02,418.0,
02WB003,2021-04-02,,
02WB003,2021-05-02,1360.0,
02WB003,2021-06-02,768.0,
02WB003,2021-07-02,513.0,
02WB003,2021-08-02,226.0,
02WB003,2021-09-02,223.0,
02WB003,2021-10-02,622.0,
02WB003,2021-11-02,412.0,
02WB003,2021-12-02,721.0,
02WB003,2022-05-02,,
02WB003,2022-06-02,1740.0,
02WB003,2022-07-02,456.0,
02WB003,2022-08-02,526.0,
02WB003,2022-09-02,214.0,
02WB003,2022-10-02,545.0,
02WB003,2022-11-02,330.0,
02WB003,2023-04-02,,
02WB003,2023-05-02,943.0,
02WB003,2023-06-02,516.0,
02WB003,2023-07-02,453.0,
02WB003,2023-08-02,500.0,
02WB003,2023-09-02,986.0,
02WB003,2023-10-02,499.0,
02WB003,2023-11-02,310.0,
02WB003,2024-04-02,,
02WB003,2024-05-02,588.0,
02WB003,2024-06-02,917.0,
02WB003,2024-07-02,209.0,
02WB003,2024-08-02,175.0,
02WB003,2024-09-02,98.8000030517578,
02WB003,1980-06-03,,
02WB003,1980-08-03,,
02WB003,1980-10-03,,
02WB003,1981-01-03,,
02WB003,1981-03-03,,
02WB003,1981-08-03,,
02WB003,1981-10-03,410.0,E
02WB003,1981-11-03,492.0,
02WB003,1981-12-03,230.0,E
02WB003,1982-01-03,212.0,E
02WB003,1982-02-03,127.0,E
02WB003,1982-03-03,88.0,E
02WB003,1982-04-03,117.0,E
02WB003,1982-05-03,270.0,E
02WB003,1982-06-03,2100.0,E
02WB003,1982-07-03,773.0,
02WB003,1982-08-03,392.0,
02WB003,1982-09-03,355.0,
02WB003,1982-10-03,266.0,
02WB003,1982-11-03,148.0,
02WB003,1982-12-03,178.0,E
02WB003,1983-01-03,128.0,E
02WB003,1983-02-03,143.0,E
02WB003,1983-03-03,103.0,E
02WB003,1983-04-03,196.0,E
02WB003,1983-05-03,1920.0,E
02WB003,1983-06-03,744.0,
02WB003,1983-07-03,338.0,
02WB003,1983-08-03,399.0,
02WB003,1983-09-03,401.0,
02WB003,1983-10-03,367.0,
02WB003,1983-11-03,261.0,
02WB003,1983-12-03,275.0,
02WB003,1984-01-03,168.0,E
02WB003,1984-02-03,113.0,E
02WB003,1984-03-03,86.0,E
02WB003,1984-04-03,144.0,E
02WB003,1984-05-03,870.0,
02WB003,1984-06-03,1460.0,
02WB003,1984-07-03,523.0,
02WB003,1984-08-03,300.0,
02WB003,1984-09-03,335.0,
02WB003,1984-10-03,325.0,
02WB003,1984-11-03,179.0,
02WB003,1984-12-03,152.0,E
02WB003,1985-01-03,99.0,E
02WB003,1985-02-03,68.0,E
02WB003,1985-03-03,58.20000076293945,E
02WB003,1985-04-03,55.09999847412109,E
02WB003,1985-05-03,195.0,E
02WB003,1985-06-03,1410.0,
02WB003,1985-07-03,340.0,
02WB003,1985-08-03,688.0,
02WB003,1985-09-03,375.0,
02WB003,1985-10-03,454.0,
02WB003,1985-11-03,265.0,
02WB003,1985-12-03,138.0,E
02WB003,1986-01-03,104.0,E
02WB003,1986-02-03,128.0,E
02WB003,1986-03-03,76.5,E
02WB003,1986-04-03,63.5,E
02WB003,1986-05-03,1050.0,
02WB003,1986-06-03,477.0,
02WB003,1986-07-03,571.0,
02WB003,1986-08-03,265.0,
02WB003,1986-09-03,250.0,
02WB003,1986-10-03,298.0,
02WB003,1986-11-03,206.0,
02WB003,1986-12-03,114.0,E
02WB003,1987-01-03,69.0,E
02WB003,1987-02-03,55.20000076293945,E
02WB003,1987-03-03,50.79999923706055,E
02WB003,1987-04-03,135.0,E
02WB003,1987-05-03,565.0,
02WB003,1987-06-03,455.0,E
02WB003,1987-07-03,370.0,E
02WB003,1987-08-03,463.0,
02WB003,1987-09-03,214.0,
02WB003,1987-10-03,685.0,
02WB003,1987-11-03,547.0,
02WB003,1987-12-03,393.0,E
02WB003,1988-01-03,138.0,E
02WB003,1988-02-03,96.0,E
02WB003,1988-03-03,81.0,E
02WB003,1988-04-03,148.0,E
02WB003,1988-05-03,325.0,E
02WB003,1988-06-03,1030.0,
02WB003,1988-07-03,716.0,
02WB003,1988-08-03,188.0,
02WB003,1988-09-03,106.0,
02WB003,1988-10-03,234.0,
02WB003,1988-11-03,590.0,
02WB003,1988-12-03,221.0,E
02WB003,1989-01-03,114.0,E
02WB003,1989-02-03,72.5,E
02WB003,1989-03-03,54.79999923706055,E
02WB003,1989-04-03,50.09999847412109,E
02WB003,1989-05-03,229.0,E
02WB003,1989-06-03,1120.0,
02WB003,1989-07-03,477.0,
02WB003,1989-08-03,605.0,
02WB003,1989-09-03,900.0,
02WB003,1989-10-03,385.0,
02WB003,1989-11-03,365.0,
02WB003,1989-12-03,197.0,E
02WB003,1990-01-03,104.0,E
02WB003,1990-02-03,76.0999984741211,
02WB003,1990-03-03,61.0,E
02WB003,1990-04-03,68.0,E
02WB003,1990-05-03,258.0,E
02WB003,1990-06-03,844.0,
02WB003,1990-07-03,300.0,
02WB003,1990-08-03,444.0,
02WB003,1990-09-03,207.0,
02WB003,1990-10-03,260.0,
02WB003,1990-11-03,121.0,E
02WB003,1990-12-03,139.0,E
02WB003,1991-01-03,117.0,E
02WB003,1991-02-03,83.5999984741211,
02WB003,1991-03-03,61.5,E
02WB003,1991-04-03,64.0,E
02WB003,1991-05-03,101.0,E
02WB003,1991-06-03,1010.0,
02WB003,1991-07-03,669.0,
02WB003,1991-08-03,360.0,
02WB003,1991-09-03,190.0,
02WB003,1991-10-03,231.0,
02WB003,1991-11-03,333.0,
02WB003,1991-12-03,121.0,
02WB003,1992-01-03,77.5,E
02WB003,1992-02-03,73.0999984741211,E
02WB003,1992-03-03,53.59999847412109,E
02WB003,1992-04-03,70.69999694824219,E
02WB003,1992-05-03,114.0,
02WB003,1992-06-03,747.0,
02WB003,1992-07-03,554.0,
02WB003,1992-08-03,444.0,
02WB003,1992-09-03,561.0,
02WB003,1992-10-03,277.0,
02WB003,1992-11-03,476.0,
02WB003,1992-12-03,145.0,E
02WB003,1993-01-03,72.80000305175781,E
02WB003,1993-02-03,52.900001525878906,
02WB003,1993-03-03,47.70000076293945,E
02WB003,1993-04-03,45.29999923706055,E
02WB003,1993-05-03,206.0,
02WB003,1993-06-03,891.0,
02WB003,1993-07-03,456.0,
02WB003,1993-08-03,384.0,
02WB003,1993-09-03,379.0,
02WB003,1993-10-03,405.0,
02WB003,1993-11-03,412.0,
02WB003,1993-12-03,150.0,E
02WB003,1994-01-03,111.0,E
02WB003,1994-02-03,96.1999969482422,
02WB003,1994-03-03,77.30000305175781,E
02WB003,1994-04-03,73.5,E
02WB003,1994-05-03,155.0,
02WB003,1994-06-03,1140.0,
02WB003,1994-07-03,743.0,
02WB003,1994-08-03,447.0,
02WB003,1994-09-03,399.0,
02WB003,1994-10-03,589.0,
02WB003,1994-11-03,357.0,
02WB003,1994-12-03,171.0,E
02WB003,1995-01-03,113.0,E
02WB003,1995-02-03,89.5,
02WB003,1995-03-03,77.5999984741211,E
02WB003,1995-04-03,81.80000305175781,E
02WB003,1995-05-03,384.0,
02WB003,1995-06-03,838.0,
02WB003,1995-07-03,276.0,
02WB003,1995-08-03,189.0,
02WB003,1995-09-03,125.0,
02WB003,1995-10-03,342.0,
02WB003,1995-11-03,616.0,
02WB003,1995-12-03,228.0,E
02WB003,1996-01-03,114.0,E
02WB003,1996-02-03,111.0,E
02WB003,1996-03-03,253.0,E
02WB003,1996-04-03,128.0,
02WB003,1996-05-03,1270.0,
02WB003,1996-06-03,913.0,
02WB003,1996-07-03,485.0,
02WB003,1996-08-03,538.0,
02WB003,1996-09-03,189.0,
02WB003,1996-10-03,192.0,
02WB003,1996-11-03,274.0,
02WB003,1996-12-03,354.0,E
02WB003,1997-01-03,152.0,E
02WB003,1997-02-03,118.0,
02WB003,1997-03-03,105.0,E
02WB003,1997-04-03,98.9000015258789,E
02WB003,1997-05-03,252.0,
02WB003,1997-06-03,1240.0,
02WB003,1997-07-03,512.0,
02WB003,1997-08-03,325.0,
02WB003,1997-09-03,384.0,
02WB003,1997-10-03,395.0,
02WB003,1997-11-03,271.0,
02WB003,1997-12-03,172.0,E
02WB003,1998-01-03,107.0,E
02WB003,1998-02-03,89.30000305175781,
02WB003,1998-03-03,106.0,E
02WB003,1998-04-03,155.0,E
02WB003,1998-05-03,538.0,
02WB003,1998-06-03,895.0,
02WB003,1998-07-03,343.0,
02WB003,1998-08-03,325.0,
02WB003,1998-09-03,172.0,
02WB003,1998-10-03,805.0,
02WB003,1998-11-03,663.0,
02WB003,1998-12-03,212.0,B
02WB003,1999-01-03,122.0,B
02WB003,1999-02-03,90.0,
02WB003,1999-03-03,86.5,B
02WB003,1999-04-03,166.0,B
02WB003,1999-05-03,506.0,
02WB003,1999-06-03,829.0,
02WB003,1999-07-03,277.0,
02WB003,1999-08-03,329.0,
02WB003,1999-09-03,254.0,
02WB003,1999-10-03,509.0,
02WB003,1999-11-03,319.0,
02WB003,1999-12-03,257.0,
02WB003,2000-01-03,164.0,E
02WB003,2000-02-03,115.0,E
02WB003,2000-03-03,96.0999984741211,E
02WB003,2000-04-03,143.0,B
02WB003,2000-05-03,418.0,
02WB003,2000-06-03,1830.0,
02WB003,2000-07-03,548.0,
02WB003,2000-08-03,420.0,
02WB003,2000-09-03,215.0,
02WB003,2000-10-03,234.0,
02WB003,2000-11-03,242.0,
02WB003,2000-12-03,125.0,B
02WB003,2001-01-03,99.6999969482422,B
02WB003,2001-02-03,85.5999984741211,
02WB003,2001-03-03,78.5999984741211,B
02WB003,2001-04-03,75.4000015258789,B
02WB003,2001-05-03,127.0,
02WB003,2001-06-03,635.0,
02WB003,2001-07-03,324.0,
02WB003,2001-08-03,292.0,
02WB003,2001-09-03,197.0,
02WB003,2001-10-03,237.0,
02WB003,2001-11-03,324.0,
02WB003,2001-12-03,238.0,
02WB003,2002-01-03,122.0,
02WB003,2002-02-03,84.5,
02WB003,2002-03-03,135.0,
02WB003,2002-04-03,140.0,
02WB003,2002-05-03,231.0,
02WB003,2002-06-03,1850.0,
02WB003,2002-07-03,417.0,
02WB003,2002-08-03,253.0,
02WB003,2002-09-03,270.0,
02WB003,2002-10-03,277.0,
02WB003,2002-11-03,297.0,
02WB003,2002-12-03,215.0,
02WB003,2003-01-03,125.0,
02WB003,2003-02-03,92.8000030517578,
02WB003,2003-03-03,78.0,
02WB003,2003-04-03,69.5999984741211,
02WB003,2003-05-03,295.0,
02WB003,2003-06-03,1230.0,
02WB003,2003-07-03,299.0,
02WB003,2003-08-03,399.0,
02WB003,2003-09-03,193.0,
02WB003,2003-10-03,271.0,
02WB003,2003-11-03,789.0,
02WB003,2003-12-03,331.0,
02WB003,2004-01-03,141.0,
02WB003,2004-02-03,104.0,
02WB003,2004-03-03,86.5,
02WB003,2004-04-03,79.4000015258789,
02WB003,2004-05-03,344.0,
02WB003,2004-06-03,1490.0,
02WB003,2004-07-03,457.0,
02WB003,2004-08-03,205.0,
02WB003,2004-09-03,210.0,
02WB003,2004-10-03,135.0,
02WB003,2004-11-03,229.0,
02WB003,2004-12-03,244.0,
02WB003,2005-01-03,154.0,
02WB003,2005-02-03,110.0,
02WB003,2005-03-03,105.0,
02WB003,2005-04-03,101.0,
02WB003,2005-05-03,294.0,
02WB003,2005-06-03,709.0,
02WB003,2005-07-03,217.0,
02WB003,2005-08-03,108.0,
02WB003,2005-09-03,757.0,
02WB003,2005-10-03,324.0,
02WB003,2005-11-03,249.0,
02WB003,2005-12-03,694.0,
02WB003,2006-01-03,147.0,
02WB003,2006-02-03,152.0,
02WB003,2006-03-03,98.8000030517578,
02WB003,2006-04-03,138.0,
02WB003,2006-05-03,846.0,
02WB003,2006-06-03,538.0,
02WB003,2006-07-03,298.0,
02WB003,2006-08-03,335.0,
02WB003,2006-09-03,207.0,
02WB003,2006-10-03,267.0,
02WB003,2006-11-03,317.0,
02WB003,2006-12-03,233.0,
02WB003,2007-01-03,128.0,
02WB003,2007-02-03,105.0,
02WB003,2007-03-03,95.5999984741211,
02WB003,2007-04-03,94.5999984741211,
02WB003,2007-05-03,452.0,
02WB003,2007-06-03,876.0,
02WB003,2007-07-03,682.0,
02WB003,2007-08-03,255.0,
02WB003,2007-09-03,113.0,
02WB003,2007-10-03,510.0,
02WB003,2007-11-03,338.0,
02WB003,2007-12-03,291.0,
02WB003,2008-01-03,130.0,
02WB003,2008-02-03,92.5999984741211,
02WB003,2008-03-03,75.80000305175781,
02WB003,2008-04-03,67.80000305175781,
02WB003,2008-05-03,987.0,
02WB003,2008-06-03,655.0,
02WB003,2008-07-03,427.0,
02WB003,2008-08-03,346.0,
02WB003,2008-09-03,267.0,
02WB003,2008-10-03,870.0,
02WB003,2008-11-03,345.0,
02WB003,2008-12-03,323.0,
02WB003,2009-01-03,137.0,
02WB003,2009-02-03,108.0,
02WB003,2009-03-03,98.6999969482422,
02WB003,2009-04-03,95.4000015258789,
02WB003,2009-05-03,553.0,
02WB003,2009-06-03,1220.0,
02WB003,2009-07-03,307.0,
02WB003,2009-08-03,303.0,
02WB003,2009-09-03,184.0,
02WB003,2009-10-03,494.0,
02WB003,2009-11-03,301.0,
02WB003,2009-12-03,289.0,
02WB003,2010-01-03,131.0,
02WB003,2010-02-03,97.5999984741211,
02WB003,2010-03-03,94.6999969482422,
02WB003,2010-04-03,93.0999984741211,
02WB003,2010-05-03,731.0,
02WB003,2010-06-03,804.0,
02WB003,2010-07-03,663.0,
02WB003,2010-08-03,362.0,
02WB003,2010-09-03,179.0,
02WB003,2010-10-03,248.0,
02WB003,2010-11-03,452.0,
02WB003,2010-12-03,241.0,
02WB003,2011-01-03,192.0,
02WB003,2011-02-03,106.0,
02WB003,2011-03-03,86.0999984741211,
02WB003,2011-04-03,94.1999969482422,
02WB003,2011-05-03,374.0,
02WB003,2011-06-03,986.0,
02WB003,2011-07-03,443.0,
02WB003,2011-08-03,288.0,
02WB003,2011-09-03,392.0,
02WB003,2011-10-03,191.0,
02WB003,2011-11-03,208.0,
02WB003,2011-12-03,297.0,
02WB003,2012-01-03,161.0,B
02WB003,2012-02-03,113.0,B
02WB003,2012-03-03,88.30000305175781,B
02WB003,2012-04-03,89.69999694824219,B
02WB003,2012-05-03,964.0,B
02WB003,2012-06-03,714.0,
02WB003,2012-07-03,289.0,
02WB003,2012-08-03,194.0,
02WB003,2012-09-03,283.0,
02WB003,2012-10-03,362.0,
02WB003,2012-11-03,561.0,
02WB003,2012-12-03,228.0,B
02WB003,2013-01-03,140.0,B
02WB003,2013-02-03,111.0,B
02WB003,2013-03-03,87.30000305175781,B
02WB003,2013-04-03,164.0,B
02WB003,2013-05-03,993.0,
02WB003,2013-06-03,1030.0,
02WB003,2013-07-03,323.0,
02WB003,2013-08-03,293.0,
02WB003,2013-09-03,257.0,
02WB003,2013-10-03,416.0,
02WB003,2013-11-03,378.0,
02WB003,2013-12-03,303.0,B
02WB003,2014-01-03,119.0,B
02WB003,2014-02-03,80.0999984741211,B
02WB003,2014-03-03,63.5,B
02WB003,2014-04-03,56.20000076293945,B
02WB003,2014-05-03,207.0,B
02WB003,2014-06-03,736.0,
02WB003,2014-07-03,427.0,
02WB003,2014-08-03,345.0,
02WB003,2014-09-03,151.0,
02WB003,2014-10-03,260.0,
02WB003,2014-11-03,444.0,
02WB003,2014-12-03,164.0,B
02WB003,2015-01-03,111.0,B
02WB003,2015-02-03,84.5999984741211,B
02WB003,2015-03-03,71.30000305175781,B
02WB003,2015-04-03,63.900001525878906,B
02WB003,2015-05-03,411.0,B
02WB003,2015-06-03,1330.0,
02WB003,2015-07-03,348.0,
02WB003,2015-08-03,404.0,
02WB003,2015-09-03,650.0,
02WB003,2015-10-03,275.0,
02WB003,2015-11-03,268.0,
02WB003,2015-12-03,132.0,B
02WB003,2016-01-03,81.9000015258789,B
02WB003,2016-02-03,84.5999984741211,B
02WB003,2016-03-03,96.6999969482422,B
02WB003,2016-04-03,95.0,B
02WB003,2016-05-03,396.0,B
02WB003,2016-06-03,859.0,
02WB003,2016-07-03,626.0,
02WB003,2016-08-03,363.0,
02WB003,2016-09-03,462.0,
02WB003,2016-10-03,302.0,
02WB003,2016-11-03,421.0,
02WB003,2017-05-03,,
02WB003,2017-06-03,868.0,
02WB003,2017-07-03,623.0,
02WB003,2017-08-03,428.0,
02WB003,2017-09-03,331.0,
02WB003,2017-10-03,468.0,
02WB003,2017-11-03,449.0,
02WB003,2018-05-03,,
02WB003,2018-06-03,2300.0,
02WB003,2018-07-03,531.0,
02WB003,2018-08-03,333.0,
02WB003,2018-09-03,315.0,
02WB003,2018-10-03,224.0,
02WB003,2018-11-03,275.0,
02WB003,2019-05-03,,
02WB003,2019-06-03,1820.0,
02WB003,2019-07-03,498.0,
02WB003,2019-08-03,207.0,
02WB003,2019-09-03,330.0,
02WB003,2019-10-03,247.0,
02WB003,2019-11-03,377.0,
02WB003,2020-05-03,,
02WB003,2020-06-03,1620.0,
02WB003,2020-07-03,424.0,
02WB003,2020-08-03,253.0,
02WB003,2020-09-03,263.0,
02WB003,2020-10-03,268.0,
02WB003,2020-11-03,700.0,
02WB003,2021-04-03,,
02WB003,2021-05-03,1320.0,
02WB003,2021-06-03,735.0,
02WB003,2021-07-03,477.0,
02WB003,2021-08-03,223.0,
02WB003,2021-09-03,241.0,
02WB003,2021-10-03,733.0,
02WB003,2021-11-03,402.0,
02WB003,2021-12-03,679.0,
02WB003,2022-05-03,,
02WB003,2022-06-03,1580.0,
02WB003,2022-07-03,432.0,
02WB003,2022-08-03,518.0,
02WB003,2022-09-03,209.0,
02WB003,2022-10-03,500.0,
02WB003,2022-11-03,315.0,
02WB003,2023-04-03,,
02WB003,2023-05-03,991.0,
02WB003,2023-06-03,487.0,
02WB003,2023-07-03,500.0,
02WB003,2023-08-03,528.0,
02WB003,2023-09-03,847.0,
02WB003,2023-10-03,471.0,
02WB003,2023-11-03,288.0,
02WB003,2024-04-03,,
02WB003,2024-05-03,621.0,
02WB003,2024-06-03,849.0,
02WB003,2024-07-03,208.0,
02WB003,2024-08-03,170.0,
02WB003,2024-09-03,96.9000015258789,
02WB003,1980-06-04,,
02WB003,1980-08-04,,
02WB003,1980-10-04,,
02WB003,1981-01-04,,
02WB003,1981-03-04,,
02WB003,1981-08-04,,
02WB003,1981-10-04,450.0,
02WB003,1981-11-04,480.0,
02WB003,1981-12-04,290.0,E
02WB003,1982-01-04,207.0,E
02WB003,1982-02-04,125.0,E
02WB003,1982-03-04,87.0,E
02WB003,1982-04-04,117.0,E
02WB003,1982-05-04,293.0,
02WB003,1982-06-04,2200.0,E
02WB003,1982-07-04,812.0,
02WB003,1982-08-04,384.0,
02WB003,1982-09-04,347.0,
02WB003,1982-10-04,280.0,
02WB003,1982-11-04,146.0,
02WB003,1982-12-04,177.0,E
02WB003,1983-01-04,127.0,E
02WB003,1983-02-04,155.0,E
02WB003,1983-03-04,102.0,E
02WB003,1983-04-04,190.0,E
02WB003,1983-05-04,1750.0,E
02WB003,1983-06-04,751.0,
02WB003,1983-07-04,337.0,
02WB003,1983-08-04,383.0,
02WB003,1983-09-04,385.0,
02WB003,1983-10-04,406.0,
02WB003,1983-11-04,272.0,
02WB003,1983-12-04,260.0,
02WB003,1984-01-04,166.0,E
02WB003,1984-02-04,112.0,E
02WB003,1984-03-04,85.0,E
02WB003,1984-04-04,142.0,E
02WB003,1984-05-04,946.0,
02WB003,1984-06-04,1350.0,
02WB003,1984-07-04,524.0,
02WB003,1984-08-04,283.0,
02WB003,1984-09-04,587.0,
02WB003,1984-10-04,311.0,
02WB003,1984-11-04,162.0,
02WB003,1984-12-04,148.0,E
02WB003,1985-01-04,98.0,E
02WB003,1985-02-04,67.5,E
02WB003,1985-03-04,58.0,E
02WB003,1985-04-04,55.0,E
02WB003,1985-05-04,196.0,E
02WB003,1985-06-04,1420.0,
02WB003,1985-07-04,330.0,
02WB003,1985-08-04,632.0,
02WB003,1985-09-04,354.0,
02WB003,1985-10-04,434.0,
02WB003,1985-11-04,267.0,
02WB003,1985-12-04,154.0,E
02WB003,1986-01-04,102.0,E
02WB003,1986-02-04,127.0,E
02WB003,1986-03-04,75.0,E
02WB003,1986-04-04,64.19999694824219,E
02WB003,1986-05-04,1110.0,
02WB003,1986-06-04,456.0,
02WB003,1986-07-04,544.0,
02WB003,1986-08-04,255.0,
02WB003,1986-09-04,245.0,
02WB003,1986-10-04,300.0,
02WB003,1986-11-04,167.0,
02WB003,1986-12-04,110.0,E
02WB003,1987-01-04,68.19999694824219,E
02WB003,1987-02-04,55.09999847412109,E
02WB003,1987-03-04,50.5,E
02WB003,1987-04-04,185.0,E
02WB003,1987-05-04,538.0,
02WB003,1987-06-04,450.0,E
02WB003,1987-07-04,369.0,E
02WB003,1987-08-04,508.0,
02WB003,1987-09-04,210.0,
02WB003,1987-10-04,833.0,
02WB003,1987-11-04,488.0,
02WB003,1987-12-04,393.0,E
02WB003,1988-01-04,137.0,E
02WB003,1988-02-04,95.0,E
02WB003,1988-03-04,89.0,E
02WB003,1988-04-04,150.0,E
02WB003,1988-05-04,400.0,E
02WB003,1988-06-04,969.0,
02WB003,1988-07-04,752.0,
02WB003,1988-08-04,179.0,
02WB003,1988-09-04,97.3000030517578,
02WB003,1988-10-04,260.0,
02WB003,1988-11-04,565.0,
02WB003,1988-12-04,214.0,E
02WB003,1989-01-04,112.0,E
02WB003,1989-02-04,71.5999984741211,E
02WB003,1989-03-04,54.5,E
02WB003,1989-04-04,50.09999847412109,E
02WB003,1989-05-04,346.0,E
02WB003,1989-06-04,1040.0,
02WB003,1989-07-04,433.0,
02WB003,1989-08-04,557.0,
02WB003,1989-09-04,913.0,
02WB003,1989-10-04,382.0,
02WB003,1989-11-04,367.0,
02WB003,1989-12-04,190.0,E
02WB003,1990-01-04,102.0,E
02WB003,1990-02-04,75.5999984741211,
02WB003,1990-03-04,61.09999847412109,E
02WB003,1990-04-04,72.0999984741211,E
02WB003,1990-05-04,456.0,E
02WB003,1990-06-04,808.0,
02WB003,1990-07-04,307.0,
02WB003,1990-08-04,529.0,
02WB003,1990-09-04,197.0,
02WB003,1990-10-04,252.0,
02WB003,1990-11-04,110.0,E
02WB003,1990-12-04,135.0,E
02WB003,1991-01-04,116.0,E
02WB003,1991-02-04,82.9000015258789,
02WB003,1991-03-04,61.5,E
02WB003,1991-04-04,63.79999923706055,E
02WB003,1991-05-04,111.0,E
02WB003,1991-06-04,988.0,
02WB003,1991-07-04,661.0,
02WB003,1991-08-04,345.0,
02WB003,1991-09-04,185.0,
02WB003,1991-10-04,224.0,
02WB003,1991-11-04,348.0,
02WB003,1991-12-04,118.0,
02WB003,1992-01-04,76.69999694824219,E
02WB003,1992-02-04,72.0,E
02WB003,1992-03-04,53.0,E
02WB003,1992-04-04,71.19999694824219,E
02WB003,1992-05-04,119.0,
02WB003,1992-06-04,718.0,
02WB003,1992-07-04,570.0,
02WB003,1992-08-04,451.0,
02WB003,1992-09-04,542.0,
02WB003,1992-10-04,275.0,
02WB003,1992-11-04,425.0,
02WB003,1992-12-04,141.0,E
02WB003,1993-01-04,71.30000305175781,E
02WB003,1993-02-04,52.79999923706055,
02WB003,1993-03-04,47.59999847412109,E
02WB003,1993-04-04,45.09999847412109,E
02WB003,1993-05-04,260.0,
02WB003,1993-06-04,841.0,
02WB003,1993-07-04,444.0,
02WB003,1993-08-04,368.0,
02WB003,1993-09-04,367.0,
02WB003,1993-10-04,478.0,
02WB003,1993-11-04,381.0,
02WB003,1993-12-04,146.0,E
02WB003,1994-01-04,110.0,E
02WB003,1994-02-04,95.3000030517578,
02WB003,1994-03-04,76.80000305175781,E
02WB003,1994-04-04,72.9000015258789,E
02WB003,1994-05-04,172.0,
02WB003,1994-06-04,1140.0,
02WB003,1994-07-04,697.0,
02WB003,1994-08-04,427.0,
02WB003,1994-09-04,383.0,
02WB003,1994-10-04,612.0,
02WB003,1994-11-04,396.0,
02WB003,1994-12-04,170.0,E
02WB003,1995-01-04,112.0,E
02WB003,1995-02-04,89.0999984741211,
02WB003,1995-03-04,77.5999984741211,E
02WB003,1995-04-04,81.69999694824219,E
02WB003,1995-05-04,422.0,
02WB003,1995-06-04,784.0,
02WB003,1995-07-04,264.0,
02WB003,1995-08-04,176.0,
02WB003,1995-09-04,122.0,
02WB003,1995-10-04,328.0,
02WB003,1995-11-04,556.0,
02WB003,1995-12-04,217.0,E
02WB003,1996-01-04,110.0,E
02WB003,1996-02-04,108.0,E
02WB003,1996-03-04,243.0,E
02WB003,1996-04-04,149.0,
02WB003,1996-05-04,1210.0,
02WB003,1996-06-04,896.0,
02WB003,1996-07-04,497.0,
02WB003,1996-08-04,505.0,
02WB003,1996-09-04,180.0,
02WB003,1996-10-04,211.0,
02WB003,1996-11-04,274.0,
02WB003,1996-12-04,296.0,E
02WB003,1997-01-04,151.0,E
02WB003,1997-02-04,118.0,
02WB003,1997-03-04,105.0,E
02WB003,1997-04-04,98.6999969482422,E
02WB003,1997-05-04,301.0,
02WB003,1997-06-04,1170.0,
02WB003,1997-07-04,508.0,
02WB003,1997-08-04,324.0,
02WB003,1997-09-04,402.0,
02WB003,1997-10-04,418.0,
02WB003,1997-11-04,296.0,
02WB003,1997-12-04,186.0,E
02WB003,1998-01-04,106.0,E
02WB003,1998-02-04,88.9000015258789,
02WB003,1998-03-04,111.0,E
02WB003,1998-04-04,153.0,E
02WB003,1998-05-04,591.0,
02WB003,1998-06-04,872.0,
02WB003,1998-07-04,339.0,
02WB003,1998-08-04,311.0,
02WB003,1998-09-04,172.0,
02WB003,1998-10-04,906.0,
02WB003,1998-11-04,660.0,
02WB003,1998-12-04,199.0,B
02WB003,1999-01-04,121.0,B
02WB003,1999-02-04,89.19999694824219,
02WB003,1999-03-04,90.4000015258789,B
02WB003,1999-04-04,166.0,B
02WB003,1999-05-04,565.0,
02WB003,1999-06-04,852.0,
02WB003,1999-07-04,267.0,
02WB003,1999-08-04,396.0,
02WB003,1999-09-04,241.0,
02WB003,1999-10-04,484.0,
02WB003,1999-11-04,328.0,
02WB003,1999-12-04,250.0,
02WB003,2000-01-04,161.0,E
02WB003,2000-02-04,114.0,E
02WB003,2000-03-04,95.9000015258789,E
02WB003,2000-04-04,151.0,B
02WB003,2000-05-04,446.0,
02WB003,2000-06-04,1760.0,
02WB003,2000-07-04,555.0,
02WB003,2000-08-04,393.0,
02WB003,2000-09-04,206.0,
02WB003,2000-10-04,230.0,
02WB003,2000-11-04,237.0,
02WB003,2000-12-04,123.0,B
02WB003,2001-01-04,99.5999984741211,B
02WB003,2001-02-04,85.69999694824219,
02WB003,2001-03-04,78.5,B
02WB003,2001-04-04,74.9000015258789,B
02WB003,2001-05-04,149.0,
02WB003,2001-06-04,595.0,
02WB003,2001-07-04,323.0,
02WB003,2001-08-04,274.0,
02WB003,2001-09-04,211.0,
02WB003,2001-10-04,229.0,
02WB003,2001-11-04,370.0,
02WB003,2001-12-04,233.0,
02WB003,2002-01-04,120.0,
02WB003,2002-02-04,84.5999984741211,
02WB003,2002-03-04,140.0,
02WB003,2002-04-04,139.0,
02WB003,2002-05-04,240.0,
02WB003,2002-06-04,1740.0,
02WB003,2002-07-04,396.0,
02WB003,2002-08-04,244.0,
02WB003,2002-09-04,262.0,
02WB003,2002-10-04,273.0,
02WB003,2002-11-04,294.0,
02WB003,2002-12-04,207.0,
02WB003,2003-01-04,123.0,
02WB003,2003-02-04,92.3000030517578,
02WB003,2003-03-04,77.5999984741211,
02WB003,2003-04-04,69.4000015258789,
02WB003,2003-05-04,305.0,
02WB003,2003-06-04,1340.0,
02WB003,2003-07-04,299.0,
02WB003,2003-08-04,362.0,
02WB003,2003-09-04,183.0,
02WB003,2003-10-04,278.0,
02WB003,2003-11-04,682.0,
02WB003,2003-12-04,302.0,
02WB003,2004-01-04,140.0,
02WB003,2004-02-04,103.0,
02WB003,2004-03-04,86.0999984741211,
02WB003,2004-04-04,81.5,
02WB003,2004-05-04,488.0,
02WB003,2004-06-04,1470.0,
02WB003,2004-07-04,435.0,
02WB003,2004-08-04,217.0,
02WB003,2004-09-04,200.0,
02WB003,2004-10-04,132.0,
02WB003,2004-11-04,223.0,
02WB003,2004-12-04,233.0,
02WB003,2005-01-04,149.0,
02WB003,2005-02-04,110.0,
02WB003,2005-03-04,105.0,
02WB003,2005-04-04,101.0,
02WB003,2005-05-04,355.0,
02WB003,2005-06-04,655.0,
02WB003,2005-07-04,209.0,
02WB003,2005-08-04,100.0,
02WB003,2005-09-04,706.0,
02WB003,2005-10-04,322.0,
02WB003,2005-11-04,243.0,
02WB003,2005-12-04,685.0,
02WB003,2006-01-04,145.0,
02WB003,2006-02-04,148.0,
02WB003,2006-03-04,98.0,
02WB003,2006-04-04,155.0,
02WB003,2006-05-04,1080.0,
02WB003,2006-06-04,504.0,
02WB003,2006-07-04,364.0,
02WB003,2006-08-04,355.0,
02WB003,2006-09-04,211.0,
02WB003,2006-10-04,254.0,
02WB003,2006-11-04,298.0,
02WB003,2006-12-04,220.0,
02WB003,2007-01-04,127.0,
02WB003,2007-02-04,105.0,
02WB003,2007-03-04,95.3000030517578,
02WB003,2007-04-04,93.6999969482422,
02WB003,2007-05-04,509.0,
02WB003,2007-06-04,828.0,
02WB003,2007-07-04,640.0,
02WB003,2007-08-04,245.0,
02WB003,2007-09-04,113.0,
02WB003,2007-10-04,465.0,
02WB003,2007-11-04,354.0,
02WB003,2007-12-04,279.0,
02WB003,2008-01-04,128.0,
02WB003,2008-02-04,91.8000030517578,
02WB003,2008-03-04,75.4000015258789,
02WB003,2008-04-04,67.5999984741211,
02WB003,2008-05-04,1420.0,
02WB003,2008-06-04,633.0,
02WB003,2008-07-04,422.0,
02WB003,2008-08-04,315.0,
02WB003,2008-09-04,249.0,
02WB003,2008-10-04,799.0,
02WB003,2008-11-04,307.0,
02WB003,2008-12-04,303.0,
02WB003,2009-01-04,136.0,
02WB003,2009-02-04,107.0,
02WB003,2009-03-04,98.5,
02WB003,2009-04-04,96.3000030517578,
02WB003,2009-05-04,607.0,
02WB003,2009-06-04,1170.0,
02WB003,2009-07-04,287.0,
02WB003,2009-08-04,286.0,
02WB003,2009-09-04,187.0,
02WB003,2009-10-04,639.0,
02WB003,2009-11-04,290.0,
02WB003,2009-12-04,259.0,
02WB003,2010-01-04,129.0,
02WB003,2010-02-04,97.0,
02WB003,2010-03-04,93.5,
02WB003,2010-04-04,109.0,
02WB003,2010-05-04,948.0,
02WB003,2010-06-04,774.0,
02WB003,2010-07-04,696.0,
02WB003,2010-08-04,338.0,
02WB003,2010-09-04,203.0,
02WB003,2010-10-04,296.0,
02WB003,2010-11-04,426.0,
02WB003,2010-12-04,253.0,
02WB003,2011-01-04,187.0,
02WB003,2011-02-04,105.0,
02WB003,2011-03-04,85.69999694824219,
02WB003,2011-04-04,93.5999984741211,
02WB003,2011-05-04,450.0,
02WB003,2011-06-04,1050.0,
02WB003,2011-07-04,447.0,
02WB003,2011-08-04,260.0,
02WB003,2011-09-04,352.0,
02WB003,2011-10-04,181.0,
02WB003,2011-11-04,210.0,
02WB003,2011-12-04,287.0,
02WB003,2012-01-04,158.0,B
02WB003,2012-02-04,112.0,B
02WB003,2012-03-04,87.69999694824219,B
02WB003,2012-04-04,89.4000015258789,B
02WB003,2012-05-04,1050.0,B
02WB003,2012-06-04,661.0,
02WB003,2012-07-04,330.0,
02WB003,2012-08-04,190.0,
02WB003,2012-09-04,272.0,
02WB003,2012-10-04,348.0,
02WB003,2012-11-04,602.0,
02WB003,2012-12-04,273.0,B
02WB003,2013-01-04,136.0,B
02WB003,2013-02-04,106.0,B
02WB003,2013-03-04,87.0999984741211,B
02WB003,2013-04-04,159.0,B
02WB003,2013-05-04,1060.0,
02WB003,2013-06-04,982.0,
02WB003,2013-07-04,311.0,
02WB003,2013-08-04,279.0,
02WB003,2013-09-04,275.0,
02WB003,2013-10-04,386.0,
02WB003,2013-11-04,383.0,
02WB003,2013-12-04,276.0,B
02WB003,2014-01-04,118.0,B
02WB003,2014-02-04,79.30000305175781,B
02WB003,2014-03-04,63.09999847412109,B
02WB003,2014-04-04,56.400001525878906,B
02WB003,2014-05-04,226.0,B
02WB003,2014-06-04,696.0,
02WB003,2014-07-04,419.0,
02WB003,2014-08-04,320.0,
02WB003,2014-09-04,180.0,
02WB003,2014-10-04,249.0,
02WB003,2014-11-04,426.0,
02WB003,2014-12-04,162.0,B
02WB003,2015-01-04,110.0,B
02WB003,2015-02-04,84.0,B
02WB003,2015-03-04,71.0,B
02WB003,2015-04-04,63.70000076293945,B
02WB003,2015-05-04,409.0,B
02WB003,2015-06-04,1210.0,
02WB003,2015-07-04,344.0,
02WB003,2015-08-04,535.0,
02WB003,2015-09-04,581.0,
02WB003,2015-10-04,261.0,
02WB003,2015-11-04,261.0,
02WB003,2015-12-04,124.0,B
02WB003,2016-01-04,80.19999694824219,B
02WB003,2016-02-04,83.5999984741211,B
02WB003,2016-03-04,98.1999969482422,B
02WB003,2016-04-04,98.0999984741211,B
02WB003,2016-05-04,425.0,B
02WB003,2016-06-04,806.0,
02WB003,2016-07-04,629.0,
02WB003,2016-08-04,335.0,
02WB003,2016-09-04,426.0,
02WB003,2016-10-04,287.0,
02WB003,2016-11-04,401.0,
02WB003,2017-05-04,,
02WB003,2017-06-04,877.0,
02WB003,2017-07-04,604.0,
02WB003,2017-08-04,453.0,
02WB003,2017-09-04,366.0,
02WB003,2017-10-04,430.0,
02WB003,2017-11-04,527.0,
02WB003,2018-05-04,,
02WB003,2018-06-04,2370.0,
02WB003,2018-07-04,501.0,
02WB003,2018-08-04,373.0,
02WB003,2018-09-04,306.0,
02WB003,2018-10-04,218.0,
02WB003,2018-11-04,290.0,
02WB003,2019-05-04,,
02WB003,2019-06-04,1860.0,
02WB003,2019-07-04,470.0,
02WB003,2019-08-04,243.0,
02WB003,2019-09-04,311.0,
02WB003,2019-10-04,237.0,
02WB003,2019-11-04,353.0,
02WB003,2020-05-04,,
02WB003,2020-06-04,1700.0,
02WB003,2020-07-04,397.0,
02WB003,2020-08-04,242.0,
02WB003,2020-09-04,275.0,
02WB003,2020-10-04,273.0,
02WB003,2020-11-04,978.0,
02WB003,2021-04-04,,
02WB003,2021-05-04,1260.0,
02WB003,2021-06-04,702.0,
02WB003,2021-07-04,442.0,
02WB003,2021-08-04,218.0,
02WB003,2021-09-04,255.0,
02WB003,2021-10-04,760.0,
02WB003,2021-11-04,388.0,
02WB003,2021-12-04,669.0,
02WB003,2022-05-04,,
02WB003,2022-06-04,1440.0,
02WB003,2022-07-04,420.0,
02WB003,2022-08-04,484.0,
02WB003,2022-09-04,205.0,
02WB003,2022-10-04,461.0,
02WB003,2022-11-04,304.0,
02WB003,2023-04-04,,
02WB003,2023-05-04,1000.0,
02WB003,2023-06-04,452.0,
02WB003,2023-07-04,457.0,
02WB003,2023-08-04,501.0,
02WB003,2023-09-04,715.0,
02WB003,2023-10-04,450.0,
02WB003,2023-11-04,,
02WB003,2024-04-04,,
02WB003,2024-05-04,659.0,
02WB003,2024-06-04,781.0,
02WB003,2024-07-04,198.0,
02WB003,2024-08-04,164.0,
02WB003,2024-09-04,94.1999969482422,
02WB003,1980-06-05,,
02WB003,1980-08-05,,
02WB003,1980-10-05,,
02WB003,1981-01-05,,
02WB003,1981-03-05,,
02WB003,1981-08-05,,
02WB003,1981-10-05,512.0,
02WB003,1981-11-05,445.0,
02WB003,1981-12-05,360.0,E
02WB003,1982-01-05,203.0,E
02WB003,1982-02-05,124.0,E
02WB003,1982-03-05,87.0,E
02WB003,1982-04-05,117.0,E
02WB003,1982-05-05,315.0,
02WB003,1982-06-05,2250.0,E
02WB003,1982-07-05,827.0,
02WB003,1982-08-05,362.0,
02WB003,1982-09-05,350.0,
02WB003,1982-10-05,274.0,
02WB003,1982-11-05,174.0,
02WB003,1982-12-05,175.0,E
02WB003,1983-01-05,127.0,E
02WB003,1983-02-05,165.0,E
02WB003,1983-03-05,101.0,E
02WB003,1983-04-05,185.0,E
02WB003,1983-05-05,1690.0,
02WB003,1983-06-05,731.0,
02WB003,1983-07-05,334.0,
02WB003,1983-08-05,369.0,
02WB003,1983-09-05,387.0,
02WB003,1983-10-05,436.0,
02WB003,1983-11-05,226.0,
02WB003,1983-12-05,252.0,
02WB003,1984-01-05,163.0,E
02WB003,1984-02-05,110.0,E
02WB003,1984-03-05,84.5,E
02WB003,1984-04-05,139.0,E
02WB003,1984-05-05,1100.0,
02WB003,1984-06-05,1220.0,
02WB003,1984-07-05,508.0,
02WB003,1984-08-05,269.0,
02WB003,1984-09-05,640.0,
02WB003,1984-10-05,303.0,
02WB003,1984-11-05,179.0,
02WB003,1984-12-05,152.0,E
02WB003,1985-01-05,96.5,E
02WB003,1985-02-05,67.0,E
02WB003,1985-03-05,57.900001525878906,E
02WB003,1985-04-05,55.0,E
02WB003,1985-05-05,197.0,E
02WB003,1985-06-05,1400.0,
02WB003,1985-07-05,325.0,
02WB003,1985-08-05,585.0,
02WB003,1985-09-05,335.0,
02WB003,1985-10-05,421.0,
02WB003,1985-11-05,264.0,
02WB003,1985-12-05,144.0,E
02WB003,1986-01-05,99.0,E
02WB003,1986-02-05,125.0,E
02WB003,1986-03-05,74.5,E
02WB003,1986-04-05,64.5,E
02WB003,1986-05-05,1240.0,
02WB003,1986-06-05,448.0,
02WB003,1986-07-05,522.0,
02WB003,1986-08-05,246.0,
02WB003,1986-09-05,235.0,
02WB003,1986-10-05,316.0,
02WB003,1986-11-05,167.0,
02WB003,1986-12-05,107.0,E
02WB003,1987-01-05,67.0,E
02WB003,1987-02-05,55.0,E
02WB003,1987-03-05,50.20000076293945,E
02WB003,1987-04-05,250.0,E
02WB003,1987-05-05,507.0,
02WB003,1987-06-05,440.0,E
02WB003,1987-07-05,354.0,
02WB003,1987-08-05,487.0,
02WB003,1987-09-05,204.0,
02WB003,1987-10-05,810.0,
02WB003,1987-11-05,461.0,
02WB003,1987-12-05,377.0,E
02WB003,1988-01-05,135.0,E
02WB003,1988-02-05,94.0,E
02WB003,1988-03-05,96.5,E
02WB003,1988-04-05,150.0,E
02WB003,1988-05-05,545.0,
02WB003,1988-06-05,901.0,
02WB003,1988-07-05,752.0,
02WB003,1988-08-05,170.0,
02WB003,1988-09-05,96.5999984741211,
02WB003,1988-10-05,286.0,
02WB003,1988-11-05,551.0,
02WB003,1988-12-05,210.0,E
02WB003,1989-01-05,109.0,E
02WB003,1989-02-05,70.5,E
02WB003,1989-03-05,54.29999923706055,E
02WB003,1989-04-05,50.20000076293945,E
02WB003,1989-05-05,483.0,
02WB003,1989-06-05,1080.0,
02WB003,1989-07-05,398.0,
02WB003,1989-08-05,545.0,
02WB003,1989-09-05,839.0,
02WB003,1989-10-05,390.0,
02WB003,1989-11-05,358.0,
02WB003,1989-12-05,185.0,E
02WB003,1990-01-05,100.0,E
02WB003,1990-02-05,74.69999694824219,
02WB003,1990-03-05,60.5,E
02WB003,1990-04-05,78.0,E
02WB003,1990-05-05,631.0,
02WB003,1990-06-05,782.0,
02WB003,1990-07-05,328.0,
02WB003,1990-08-05,565.0,
02WB003,1990-09-05,191.0,
02WB003,1990-10-05,252.0,
02WB003,1990-11-05,107.0,E
02WB003,1990-12-05,134.0,E
02WB003,1991-01-05,114.0,E
02WB003,1991-02-05,81.80000305175781,
02WB003,1991-03-05,61.59999847412109,E
02WB003,1991-04-05,63.70000076293945,E
02WB003,1991-05-05,134.0,E
02WB003,1991-06-05,972.0,
02WB003,1991-07-05,634.0,
02WB003,1991-08-05,331.0,
02WB003,1991-09-05,178.0,
02WB003,1991-10-05,220.0,
02WB003,1991-11-05,354.0,
02WB003,1991-12-05,115.0,
02WB003,1992-01-05,76.0999984741211,E
02WB003,1992-02-05,71.4000015258789,E
02WB003,1992-03-05,52.59999847412109,E
02WB003,1992-04-05,72.5999984741211,E
02WB003,1992-05-05,119.0,
02WB003,1992-06-05,686.0,
02WB003,1992-07-05,552.0,
02WB003,1992-08-05,447.0,
02WB003,1992-09-05,502.0,
02WB003,1992-10-05,276.0,
02WB003,1992-11-05,407.0,
02WB003,1992-12-05,138.0,E
02WB003,1993-01-05,70.0999984741211,E
02WB003,1993-02-05,52.400001525878906,
02WB003,1993-03-05,47.400001525878906,E
02WB003,1993-04-05,45.0,E
02WB003,1993-05-05,274.0,
02WB003,1993-06-05,802.0,
02WB003,1993-07-05,462.0,
02WB003,1993-08-05,354.0,
02WB003,1993-09-05,357.0,
02WB003,1993-10-05,675.0,
02WB003,1993-11-05,377.0,
02WB003,1993-12-05,143.0,E
02WB003,1994-01-05,109.0,E
02WB003,1994-02-05,94.3000030517578,
02WB003,1994-03-05,76.4000015258789,E
02WB003,1994-04-05,72.5,E
02WB003,1994-05-05,201.0,
02WB003,1994-06-05,1100.0,
02WB003,1994-07-05,667.0,
02WB003,1994-08-05,403.0,
02WB003,1994-09-05,363.0,
02WB003,1994-10-05,608.0,
02WB003,1994-11-05,445.0,
02WB003,1994-12-05,166.0,E
02WB003,1995-01-05,111.0,E
02WB003,1995-02-05,88.5999984741211,
02WB003,1995-03-05,77.5,E
02WB003,1995-04-05,81.4000015258789,E
02WB003,1995-05-05,471.0,
02WB003,1995-06-05,728.0,
02WB003,1995-07-05,257.0,
02WB003,1995-08-05,171.0,
02WB003,1995-09-05,121.0,
02WB003,1995-10-05,318.0,
02WB003,1995-11-05,529.0,
02WB003,1995-12-05,210.0,E
02WB003,1996-01-05,108.0,E
02WB003,1996-02-05,105.0,E
02WB003,1996-03-05,231.0,E
02WB003,1996-04-05,170.0,
02WB003,1996-05-05,1300.0,
02WB003,1996-06-05,858.0,
02WB003,1996-07-05,498.0,
02WB003,1996-08-05,479.0,
02WB003,1996-09-05,176.0,
02WB003,1996-10-05,217.0,
02WB003,1996-11-05,274.0,
02WB003,1996-12-05,265.0,E
02WB003,1997-01-05,149.0,E
02WB003,1997-02-05,117.0,
02WB003,1997-03-05,104.0,E
02WB003,1997-04-05,98.4000015258789,E
02WB003,1997-05-05,381.0,
02WB003,1997-06-05,1100.0,
02WB003,1997-07-05,547.0,
02WB003,1997-08-05,319.0,
02WB003,1997-09-05,491.0,
02WB003,1997-10-05,444.0,
02WB003,1997-11-05,314.0,
02WB003,1997-12-05,192.0,E
02WB003,1998-01-05,105.0,E
02WB003,1998-02-05,88.69999694824219,
02WB003,1998-03-05,121.0,E
02WB003,1998-04-05,153.0,E
02WB003,1998-05-05,683.0,
02WB003,1998-06-05,860.0,
02WB003,1998-07-05,326.0,
02WB003,1998-08-05,309.0,
02WB003,1998-09-05,176.0,
02WB003,1998-10-05,888.0,
02WB003,1998-11-05,660.0,
02WB003,1998-12-05,191.0,B
02WB003,1999-01-05,119.0,B
02WB003,1999-02-05,88.5999984741211,
02WB003,1999-03-05,96.6999969482422,B
02WB003,1999-04-05,168.0,B
02WB003,1999-05-05,938.0,
02WB003,1999-06-05,868.0,
02WB003,1999-07-05,263.0,
02WB003,1999-08-05,398.0,
02WB003,1999-09-05,231.0,
02WB003,1999-10-05,456.0,
02WB003,1999-11-05,412.0,
02WB003,1999-12-05,244.0,
02WB003,2000-01-05,159.0,E
02WB003,2000-02-05,113.0,E
02WB003,2000-03-05,95.5999984741211,E
02WB003,2000-04-05,160.0,B
02WB003,2000-05-05,468.0,
02WB003,2000-06-05,1650.0,
02WB003,2000-07-05,584.0,
02WB003,2000-08-05,385.0,
02WB003,2000-09-05,198.0,
02WB003,2000-10-05,224.0,
02WB003,2000-11-05,234.0,
02WB003,2000-12-05,123.0,B
02WB003,2001-01-05,99.5,B
02WB003,2001-02-05,84.80000305175781,
02WB003,2001-03-05,78.0999984741211,B
02WB003,2001-04-05,75.4000015258789,B
02WB003,2001-05-05,184.0,
02WB003,2001-06-05,558.0,
02WB003,2001-07-05,323.0,
02WB003,2001-08-05,259.0,
02WB003,2001-09-05,212.0,
02WB003,2001-10-05,223.0,
02WB003,2001-11-05,431.0,
02WB003,2001-12-05,228.0,
02WB003,2002-01-05,117.0,
02WB003,2002-02-05,84.0999984741211,
02WB003,2002-03-05,147.0,
02WB003,2002-04-05,139.0,
02WB003,2002-05-05,248.0,
02WB003,2002-06-05,1580.0,
02WB003,2002-07-05,395.0,
02WB003,2002-08-05,244.0,
02WB003,2002-09-05,265.0,
02WB003,2002-10-05,273.0,
02WB003,2002-11-05,269.0,
02WB003,2002-12-05,199.0,
02WB003,2003-01-05,121.0,
02WB003,2003-02-05,91.6999969482422,
02WB003,2003-03-05,77.19999694824219,
02WB003,2003-04-05,69.19999694824219,
02WB003,2003-05-05,318.0,
02WB003,2003-06-05,1370.0,
02WB003,2003-07-05,301.0,
02WB003,2003-08-05,331.0,
02WB003,2003-09-05,179.0,
02WB003,2003-10-05,293.0,
02WB003,2003-11-05,588.0,
02WB003,2003-12-05,279.0,
02WB003,2004-01-05,138.0,
02WB003,2004-02-05,102.0,
02WB003,2004-03-05,85.69999694824219,
02WB003,2004-04-05,84.5999984741211,
02WB003,2004-05-05,750.0,
02WB003,2004-06-05,1510.0,
02WB003,2004-07-05,414.0,
02WB003,2004-08-05,220.0,
02WB003,2004-09-05,191.0,
02WB003,2004-10-05,155.0,
02WB003,2004-11-05,208.0,
02WB003,2004-12-05,223.0,
02WB003,2005-01-05,145.0,
02WB003,2005-02-05,109.0,
02WB003,2005-03-05,105.0,
02WB003,2005-04-05,112.0,
02WB003,2005-05-05,436.0,
02WB003,2005-06-05,608.0,
02WB003,2005-07-05,198.0,
02WB003,2005-08-05,95.1999969482422,
02WB003,2005-09-05,619.0,
02WB003,2005-10-05,310.0,
02WB003,2005-11-05,222.0,
02WB003,2005-12-05,650.0,
02WB003,2006-01-05,143.0,
02WB003,2006-02-05,145.0,
02WB003,2006-03-05,97.1999969482422,
02WB003,2006-04-05,165.0,
02WB003,2006-05-05,1290.0,
02WB003,2006-06-05,471.0,
02WB003,2006-07-05,357.0,
02WB003,2006-08-05,395.0,
02WB003,2006-09-05,211.0,
02WB003,2006-10-05,236.0,
02WB003,2006-11-05,277.0,
02WB003,2006-12-05,209.0,
02WB003,2007-01-05,126.0,
02WB003,2007-02-05,104.0,
02WB003,2007-03-05,95.0999984741211,
02WB003,2007-04-05,93.0999984741211,
02WB003,2007-05-05,566.0,
02WB003,2007-06-05,796.0,
02WB003,2007-07-05,595.0,
02WB003,2007-08-05,243.0,
02WB003,2007-09-05,116.0,
02WB003,2007-10-05,428.0,
02WB003,2007-11-05,441.0,
02WB003,2007-12-05,269.0,
02WB003,2008-01-05,126.0,
02WB003,2008-02-05,91.0,
02WB003,2008-03-05,75.0,
02WB003,2008-04-05,67.5,
02WB003,2008-05-05,1590.0,
02WB003,2008-06-05,613.0,
02WB003,2008-07-05,406.0,
02WB003,2008-08-05,288.0,
02WB003,2008-09-05,230.0,
02WB003,2008-10-05,724.0,
02WB003,2008-11-05,279.0,
02WB003,2008-12-05,278.0,
02WB003,2009-01-05,134.0,
02WB003,2009-02-05,107.0,
02WB003,2009-03-05,98.3000030517578,
02WB003,2009-04-05,98.3000030517578,
02WB003,2009-05-05,695.0,
02WB003,2009-06-05,1080.0,
02WB003,2009-07-05,299.0,
02WB003,2009-08-05,272.0,
02WB003,2009-09-05,182.0,
02WB003,2009-10-05,704.0,
02WB003,2009-11-05,283.0,
02WB003,2009-12-05,240.0,
02WB003,2010-01-05,127.0,
02WB003,2010-02-05,96.4000015258789,
02WB003,2010-03-05,92.0999984741211,
02WB003,2010-04-05,134.0,
02WB003,2010-05-05,1350.0,
02WB003,2010-06-05,745.0,
02WB003,2010-07-05,660.0,
02WB003,2010-08-05,327.0,
02WB003,2010-09-05,200.0,
02WB003,2010-10-05,309.0,
02WB003,2010-11-05,435.0,
02WB003,2010-12-05,257.0,
02WB003,2011-01-05,182.0,
02WB003,2011-02-05,104.0,
02WB003,2011-03-05,85.30000305175781,
02WB003,2011-04-05,93.0999984741211,
02WB003,2011-05-05,572.0,
02WB003,2011-06-05,1090.0,
02WB003,2011-07-05,564.0,
02WB003,2011-08-05,238.0,
02WB003,2011-09-05,339.0,
02WB003,2011-10-05,177.0,
02WB003,2011-11-05,230.0,
02WB003,2011-12-05,284.0,
02WB003,2012-01-05,156.0,B
02WB003,2012-02-05,111.0,B
02WB003,2012-03-05,87.19999694824219,B
02WB003,2012-04-05,89.4000015258789,B
02WB003,2012-05-05,1260.0,
02WB003,2012-06-05,614.0,
02WB003,2012-07-05,353.0,
02WB003,2012-08-05,194.0,
02WB003,2012-09-05,256.0,
02WB003,2012-10-05,333.0,
02WB003,2012-11-05,621.0,
02WB003,2012-12-05,245.0,B
02WB003,2013-01-05,133.0,B
02WB003,2013-02-05,102.0,B
02WB003,2013-03-05,86.9000015258789,B
02WB003,2013-04-05,155.0,B
02WB003,2013-05-05,1180.0,
02WB003,2013-06-05,939.0,
02WB003,2013-07-05,292.0,
02WB003,2013-08-05,289.0,
02WB003,2013-09-05,290.0,
02WB003,2013-10-05,360.0,
02WB003,2013-11-05,369.0,
02WB003,2013-12-05,263.0,B
02WB003,2014-01-05,116.0,B
02WB003,2014-02-05,78.5,B
02WB003,2014-03-05,62.79999923706055,B
02WB003,2014-04-05,56.70000076293945,B
02WB003,2014-05-05,249.0,B
02WB003,2014-06-05,659.0,
02WB003,2014-07-05,418.0,
02WB003,2014-08-05,294.0,
02WB003,2014-09-05,202.0,
02WB003,2014-10-05,239.0,
02WB003,2014-11-05,404.0,
02WB003,2014-12-05,160.0,B
02WB003,2015-01-05,109.0,B
02WB003,2015-02-05,83.4000015258789,B
02WB003,2015-03-05,70.69999694824219,B
02WB003,2015-04-05,63.59999847412109,B
02WB003,2015-05-05,456.0,B
02WB003,2015-06-05,1110.0,
02WB003,2015-07-05,348.0,
02WB003,2015-08-05,580.0,
02WB003,2015-09-05,521.0,
02WB003,2015-10-05,248.0,
02WB003,2015-11-05,248.0,
02WB003,2015-12-05,162.0,B
02WB003,2016-01-05,79.0999984741211,B
02WB003,2016-02-05,82.5999984741211,B
02WB003,2016-03-05,99.5,B
02WB003,2016-04-05,97.4000015258789,B
02WB003,2016-05-05,515.0,B
02WB003,2016-06-05,756.0,
02WB003,2016-07-05,617.0,
02WB003,2016-08-05,311.0,
02WB003,2016-09-05,392.0,
02WB003,2016-10-05,277.0,
02WB003,2016-11-05,381.0,
02WB003,2017-05-05,,
02WB003,2017-06-05,890.0,
02WB003,2017-07-05,579.0,
02WB003,2017-08-05,556.0,
02WB003,2017-09-05,374.0,
02WB003,2017-10-05,404.0,
02WB003,2017-11-05,592.0,
02WB003,2018-05-05,,
02WB003,2018-06-05,2110.0,
02WB003,2018-07-05,469.0,
02WB003,2018-08-05,435.0,
02WB003,2018-09-05,288.0,
02WB003,2018-10-05,222.0,
02WB003,2018-11-05,325.0,
02WB003,2019-05-05,,
02WB003,2019-06-05,2010.0,
02WB003,2019-07-05,442.0,
02WB003,2019-08-05,313.0,
02WB003,2019-09-05,313.0,
02WB003,2019-10-05,228.0,
02WB003,2019-11-05,322.0,
02WB003,2020-05-05,,
02WB003,2020-06-05,1710.0,
02WB003,2020-07-05,383.0,
02WB003,2020-08-05,255.0,
02WB003,2020-09-05,309.0,
02WB003,2020-10-05,313.0,
02WB003,2020-11-05,853.0,
02WB003,2021-04-05,,
02WB003,2021-05-05,1190.0,
02WB003,2021-06-05,674.0,
02WB003,2021-07-05,407.0,
02WB003,2021-08-05,211.0,
02WB003,2021-09-05,261.0,
02WB003,2021-10-05,709.0,
02WB003,2021-11-05,366.0,
02WB003,2021-12-05,604.0,
02WB003,2022-05-05,,
02WB003,2022-06-05,1370.0,
02WB003,2022-07-05,402.0,
02WB003,2022-08-05,460.0,
02WB003,2022-09-05,205.0,
02WB003,2022-10-05,428.0,
02WB003,2022-11-05,294.0,
02WB003,2023-04-05,,
02WB003,2023-05-05,1000.0,
02WB003,2023-06-05,421.0,
02WB003,2023-07-05,415.0,
02WB003,2023-08-05,472.0,
02WB003,2023-09-05,617.0,
02WB003,2023-10-05,430.0,
02WB003,2023-11-05,,
02WB003,2024-04-05,,
02WB003,2024-05-05,680.0,
02WB003,2024-06-05,724.0,
02WB003,2024-07-05,193.0,
02WB003,2024-08-05,157.0,
02WB003,2024-09-05,91.0,
02WB003,1980-06-06,,
02WB003,1980-08-06,,
02WB003,1980-10-06,,
02WB003,1981-01-06,,
02WB003,1981-03-06,,
02WB003,1981-08-06,,
02WB003,1981-10-06,581.0,
02WB003,1981-11-06,384.0,
02WB003,1981-12-06,415.0,E
02WB003,1982-01-06,200.0,E
02WB003,1982-02-06,120.0,E
02WB003,1982-03-06,85.5,E
02WB003,1982-04-06,117.0,E
02WB003,1982-05-06,359.0,
02WB003,1982-06-06,2200.0,E
02WB003,1982-07-06,784.0,
02WB003,1982-08-06,341.0,
02WB003,1982-09-06,364.0,
02WB003,1982-10-06,263.0,
02WB003,1982-11-06,346.0,
02WB003,1982-12-06,173.0,E
02WB003,1983-01-06,126.0,E
02WB003,1983-02-06,166.0,E
02WB003,1983-03-06,100.0,E
02WB003,1983-04-06,182.0,E
02WB003,1983-05-06,1650.0,
02WB003,1983-06-06,715.0,
02WB003,1983-07-06,336.0,
02WB003,1983-08-06,362.0,
02WB003,1983-09-06,378.0,
02WB003,1983-10-06,484.0,
02WB003,1983-11-06,221.0,
02WB003,1983-12-06,251.0,
02WB003,1984-01-06,160.0,E
02WB003,1984-02-06,108.0,E
02WB003,1984-03-06,83.5,E
02WB003,1984-04-06,145.0,E
02WB003,1984-05-06,1060.0,
02WB003,1984-06-06,1110.0,
02WB003,1984-07-06,495.0,
02WB003,1984-08-06,252.0,
02WB003,1984-09-06,608.0,
02WB003,1984-10-06,300.0,
02WB003,1984-11-06,184.0,
02WB003,1984-12-06,162.0,E
02WB003,1985-01-06,95.0,E
02WB003,1985-02-06,66.5,E
02WB003,1985-03-06,57.900001525878906,E
02WB003,1985-04-06,55.79999923706055,E
02WB003,1985-05-06,197.0,E
02WB003,1985-06-06,1320.0,
02WB003,1985-07-06,321.0,
02WB003,1985-08-06,537.0,
02WB003,1985-09-06,317.0,
02WB003,1985-10-06,413.0,
02WB003,1985-11-06,257.0,
02WB003,1985-12-06,130.0,E
02WB003,1986-01-06,97.0,E
02WB003,1986-02-06,124.0,E
02WB003,1986-03-06,73.0,E
02WB003,1986-04-06,65.0,E
02WB003,1986-05-06,1180.0,
02WB003,1986-06-06,425.0,
02WB003,1986-07-06,537.0,
02WB003,1986-08-06,253.0,
02WB003,1986-09-06,223.0,
02WB003,1986-10-06,320.0,
02WB003,1986-11-06,146.0,
02WB003,1986-12-06,105.0,E
02WB003,1987-01-06,67.0,E
02WB003,1987-02-06,54.79999923706055,E
02WB003,1987-03-06,50.09999847412109,E
02WB003,1987-04-06,285.0,E
02WB003,1987-05-06,494.0,
02WB003,1987-06-06,430.0,E
02WB003,1987-07-06,328.0,
02WB003,1987-08-06,490.0,
02WB003,1987-09-06,203.0,
02WB003,1987-10-06,795.0,
02WB003,1987-11-06,440.0,
02WB003,1987-12-06,305.0,E
02WB003,1988-01-06,134.0,E
02WB003,1988-02-06,93.0,E
02WB003,1988-03-06,96.5,E
02WB003,1988-04-06,150.0,E
02WB003,1988-05-06,637.0,
02WB003,1988-06-06,865.0,
02WB003,1988-07-06,709.0,
02WB003,1988-08-06,160.0,
02WB003,1988-09-06,115.0,
02WB003,1988-10-06,290.0,
02WB003,1988-11-06,524.0,
02WB003,1988-12-06,209.0,E
02WB003,1989-01-06,108.0,E
02WB003,1989-02-06,68.80000305175781,E
02WB003,1989-03-06,53.70000076293945,E
02WB003,1989-04-06,51.0,E
02WB003,1989-05-06,540.0,
02WB003,1989-06-06,1190.0,
02WB003,1989-07-06,370.0,
02WB003,1989-08-06,568.0,
02WB003,1989-09-06,756.0,
02WB003,1989-10-06,397.0,
02WB003,1989-11-06,334.0,
02WB003,1989-12-06,181.0,E
02WB003,1990-01-06,98.4000015258789,E
02WB003,1990-02-06,74.0999984741211,
02WB003,1990-03-06,60.20000076293945,E
02WB003,1990-04-06,85.9000015258789,E
02WB003,1990-05-06,676.0,
02WB003,1990-06-06,763.0,
02WB003,1990-07-06,349.0,
02WB003,1990-08-06,537.0,
02WB003,1990-09-06,179.0,
02WB003,1990-10-06,260.0,
02WB003,1990-11-06,104.0,E
02WB003,1990-12-06,137.0,E
02WB003,1991-01-06,113.0,E
02WB003,1991-02-06,81.0,
02WB003,1991-03-06,61.70000076293945,E
02WB003,1991-04-06,63.5,E
02WB003,1991-05-06,204.0,E
02WB003,1991-06-06,948.0,
02WB003,1991-07-06,596.0,
02WB003,1991-08-06,314.0,
02WB003,1991-09-06,174.0,
02WB003,1991-10-06,223.0,
02WB003,1991-11-06,352.0,
02WB003,1991-12-06,113.0,
02WB003,1992-01-06,77.30000305175781,E
02WB003,1992-02-06,70.4000015258789,E
02WB003,1992-03-06,52.20000076293945,E
02WB003,1992-04-06,74.0,E
02WB003,1992-05-06,115.0,
02WB003,1992-06-06,649.0,
02WB003,1992-07-06,521.0,
02WB003,1992-08-06,460.0,
02WB003,1992-09-06,459.0,
02WB003,1992-10-06,276.0,
02WB003,1992-11-06,407.0,
02WB003,1992-12-06,134.0,E
02WB003,1993-01-06,68.9000015258789,E
02WB003,1993-02-06,52.29999923706055,
02WB003,1993-03-06,47.29999923706055,E
02WB003,1993-04-06,45.0,E
02WB003,1993-05-06,331.0,
02WB003,1993-06-06,757.0,
02WB003,1993-07-06,433.0,
02WB003,1993-08-06,338.0,
02WB003,1993-09-06,355.0,
02WB003,1993-10-06,765.0,
02WB003,1993-11-06,377.0,
02WB003,1993-12-06,139.0,E
02WB003,1994-01-06,108.0,E
02WB003,1994-02-06,93.1999969482422,
02WB003,1994-03-06,75.80000305175781,E
02WB003,1994-04-06,71.80000305175781,E
02WB003,1994-05-06,242.0,
02WB003,1994-06-06,1050.0,
02WB003,1994-07-06,653.0,
02WB003,1994-08-06,381.0,
02WB003,1994-09-06,349.0,
02WB003,1994-10-06,578.0,
02WB003,1994-11-06,447.0,
02WB003,1994-12-06,163.0,E
02WB003,1995-01-06,110.0,E
02WB003,1995-02-06,88.19999694824219,
02WB003,1995-03-06,77.0999984741211,E
02WB003,1995-04-06,81.5999984741211,E
02WB003,1995-05-06,554.0,
02WB003,1995-06-06,675.0,
02WB003,1995-07-06,251.0,
02WB003,1995-08-06,162.0,
02WB003,1995-09-06,122.0,
02WB003,1995-10-06,314.0,
02WB003,1995-11-06,511.0,
02WB003,1995-12-06,203.0,E
02WB003,1996-01-06,106.0,E
02WB003,1996-02-06,103.0,E
02WB003,1996-03-06,220.0,E
02WB003,1996-04-06,176.0,
02WB003,1996-05-06,1300.0,
02WB003,1996-06-06,849.0,
02WB003,1996-07-06,494.0,
02WB003,1996-08-06,453.0,
02WB003,1996-09-06,171.0,
02WB003,1996-10-06,219.0,
02WB003,1996-11-06,270.0,
02WB003,1996-12-06,249.0,E
02WB003,1997-01-06,148.0,E
02WB003,1997-02-06,117.0,
02WB003,1997-03-06,104.0,E
02WB003,1997-04-06,98.5999984741211,E
02WB003,1997-05-06,450.0,
02WB003,1997-06-06,1060.0,
02WB003,1997-07-06,563.0,
02WB003,1997-08-06,305.0,
02WB003,1997-09-06,539.0,
02WB003,1997-10-06,447.0,
02WB003,1997-11-06,321.0,
02WB003,1997-12-06,183.0,E
02WB003,1998-01-06,104.0,E
02WB003,1998-02-06,88.5999984741211,
02WB003,1998-03-06,125.0,E
02WB003,1998-04-06,151.0,E
02WB003,1998-05-06,770.0,
02WB003,1998-06-06,832.0,
02WB003,1998-07-06,318.0,
02WB003,1998-08-06,295.0,
02WB003,1998-09-06,184.0,
02WB003,1998-10-06,817.0,
02WB003,1998-11-06,657.0,
02WB003,1998-12-06,186.0,B
02WB003,1999-01-06,118.0,B
02WB003,1999-02-06,88.19999694824219,
02WB003,1999-03-06,106.0,B
02WB003,1999-04-06,169.0,B
02WB003,1999-05-06,1240.0,
02WB003,1999-06-06,887.0,
02WB003,1999-07-06,261.0,
02WB003,1999-08-06,397.0,
02WB003,1999-09-06,229.0,
02WB003,1999-10-06,432.0,
02WB003,1999-11-06,528.0,
02WB003,1999-12-06,238.0,
02WB003,2000-01-06,156.0,E
02WB003,2000-02-06,112.0,E
02WB003,2000-03-06,95.3000030517578,E
02WB003,2000-04-06,164.0,
02WB003,2000-05-06,497.0,
02WB003,2000-06-06,1530.0,
02WB003,2000-07-06,660.0,
02WB003,2000-08-06,421.0,
02WB003,2000-09-06,191.0,
02WB003,2000-10-06,218.0,
02WB003,2000-11-06,230.0,
02WB003,2000-12-06,122.0,B
02WB003,2001-01-06,98.5,B
02WB003,2001-02-06,84.9000015258789,
02WB003,2001-03-06,77.9000015258789,B
02WB003,2001-04-06,75.5,B
02WB003,2001-05-06,228.0,
02WB003,2001-06-06,532.0,
02WB003,2001-07-06,317.0,
02WB003,2001-08-06,245.0,
02WB003,2001-09-06,218.0,
02WB003,2001-10-06,222.0,
02WB003,2001-11-06,454.0,
02WB003,2001-12-06,223.0,
02WB003,2002-01-06,115.0,
02WB003,2002-02-06,84.4000015258789,
02WB003,2002-03-06,153.0,
02WB003,2002-04-06,139.0,
02WB003,2002-05-06,256.0,
02WB003,2002-06-06,1430.0,
02WB003,2002-07-06,433.0,
02WB003,2002-08-06,251.0,
02WB003,2002-09-06,280.0,
02WB003,2002-10-06,276.0,
02WB003,2002-11-06,263.0,
02WB003,2002-12-06,193.0,
02WB003,2003-01-06,119.0,
02WB003,2003-02-06,91.0999984741211,
02WB003,2003-03-06,76.80000305175781,
02WB003,2003-04-06,69.0,
02WB003,2003-05-06,334.0,
02WB003,2003-06-06,1270.0,
02WB003,2003-07-06,311.0,
02WB003,2003-08-06,304.0,
02WB003,2003-09-06,176.0,
02WB003,2003-10-06,336.0,
02WB003,2003-11-06,520.0,
02WB003,2003-12-06,261.0,
02WB003,2004-01-06,136.0,
02WB003,2004-02-06,101.0,
02WB003,2004-03-06,85.19999694824219,
02WB003,2004-04-06,89.30000305175781,
02WB003,2004-05-06,1030.0,
02WB003,2004-06-06,1570.0,
02WB003,2004-07-06,402.0,
02WB003,2004-08-06,208.0,
02WB003,2004-09-06,186.0,
02WB003,2004-10-06,206.0,
02WB003,2004-11-06,208.0,
02WB003,2004-12-06,214.0,
02WB003,2005-01-06,141.0,
02WB003,2005-02-06,109.0,
02WB003,2005-03-06,105.0,
02WB003,2005-04-06,124.0,
02WB003,2005-05-06,546.0,
02WB003,2005-06-06,563.0,
02WB003,2005-07-06,195.0,
02WB003,2005-08-06,95.0,
02WB003,2005-09-06,539.0,
02WB003,2005-10-06,299.0,
02WB003,2005-11-06,193.0,
02WB003,2005-12-06,577.0,
02WB003,2006-01-06,141.0,
02WB003,2006-02-06,142.0,
02WB003,2006-03-06,96.3000030517578,
02WB003,2006-04-06,172.0,
02WB003,2006-05-06,1460.0,
02WB003,2006-06-06,445.0,
02WB003,2006-07-06,339.0,
02WB003,2006-08-06,422.0,
02WB003,2006-09-06,209.0,
02WB003,2006-10-06,219.0,
02WB003,2006-11-06,259.0,
02WB003,2006-12-06,199.0,
02WB003,2007-01-06,124.0,
02WB003,2007-02-06,104.0,
02WB003,2007-03-06,94.9000015258789,
02WB003,2007-04-06,92.8000030517578,
02WB003,2007-05-06,735.0,
02WB003,2007-06-06,779.0,
02WB003,2007-07-06,555.0,
02WB003,2007-08-06,269.0,
02WB003,2007-09-06,123.0,
02WB003,2007-10-06,393.0,
02WB003,2007-11-06,480.0,
02WB003,2007-12-06,259.0,
02WB003,2008-01-06,124.0,
02WB003,2008-02-06,90.1999969482422,
02WB003,2008-03-06,74.5999984741211,
02WB003,2008-04-06,67.30000305175781,
02WB003,2008-05-06,1620.0,
02WB003,2008-06-06,583.0,
02WB003,2008-07-06,391.0,
02WB003,2008-08-06,266.0,
02WB003,2008-09-06,221.0,
02WB003,2008-10-06,646.0,
02WB003,2008-11-06,273.0,
02WB003,2008-12-06,257.0,
02WB003,2009-01-06,133.0,
02WB003,2009-02-06,106.0,
02WB003,2009-03-06,98.1999969482422,
02WB003,2009-04-06,101.0,
02WB003,2009-05-06,666.0,
02WB003,2009-06-06,989.0,
02WB003,2009-07-06,341.0,
02WB003,2009-08-06,257.0,
02WB003,2009-09-06,173.0,
02WB003,2009-10-06,689.0,
02WB003,2009-11-06,249.0,
02WB003,2009-12-06,225.0,
02WB003,2010-01-06,126.0,
02WB003,2010-02-06,95.8000030517578,
02WB003,2010-03-06,90.5999984741211,
02WB003,2010-04-06,168.0,
02WB003,2010-05-06,1440.0,
02WB003,2010-06-06,715.0,
02WB003,2010-07-06,607.0,
02WB003,2010-08-06,374.0,
02WB003,2010-09-06,185.0,
02WB003,2010-10-06,301.0,
02WB003,2010-11-06,708.0,
02WB003,2010-12-06,267.0,
02WB003,2011-01-06,178.0,
02WB003,2011-02-06,103.0,
02WB003,2011-03-06,84.9000015258789,
02WB003,2011-04-06,92.5999984741211,
02WB003,2011-05-06,688.0,
02WB003,2011-06-06,1060.0,
02WB003,2011-07-06,727.0,
02WB003,2011-08-06,220.0,
02WB003,2011-09-06,346.0,
02WB003,2011-10-06,166.0,
02WB003,2011-11-06,232.0,
02WB003,2011-12-06,296.0,
02WB003,2012-01-06,154.0,B
02WB003,2012-02-06,110.0,B
02WB003,2012-03-06,86.5999984741211,B
02WB003,2012-04-06,89.5999984741211,B
02WB003,2012-05-06,1280.0,
02WB003,2012-06-06,571.0,
02WB003,2012-07-06,341.0,
02WB003,2012-08-06,192.0,
02WB003,2012-09-06,240.0,
02WB003,2012-10-06,321.0,
02WB003,2012-11-06,603.0,
02WB003,2012-12-06,228.0,B
02WB003,2013-01-06,130.0,B
02WB003,2013-02-06,99.3000030517578,B
02WB003,2013-03-06,86.80000305175781,B
02WB003,2013-04-06,151.0,B
02WB003,2013-05-06,1280.0,
02WB003,2013-06-06,914.0,
02WB003,2013-07-06,273.0,
02WB003,2013-08-06,316.0,
02WB003,2013-09-06,300.0,
02WB003,2013-10-06,339.0,
02WB003,2013-11-06,343.0,
02WB003,2013-12-06,251.0,B
02WB003,2014-01-06,114.0,B
02WB003,2014-02-06,77.80000305175781,B
02WB003,2014-03-06,62.400001525878906,B
02WB003,2014-04-06,57.0,B
02WB003,2014-05-06,276.0,B
02WB003,2014-06-06,628.0,
02WB003,2014-07-06,461.0,
02WB003,2014-08-06,270.0,
02WB003,2014-09-06,238.0,
02WB003,2014-10-06,231.0,
02WB003,2014-11-06,391.0,
02WB003,2014-12-06,157.0,B
02WB003,2015-01-06,108.0,B
02WB003,2015-02-06,82.9000015258789,B
02WB003,2015-03-06,70.4000015258789,B
02WB003,2015-04-06,63.400001525878906,B
02WB003,2015-05-06,598.0,B
02WB003,2015-06-06,1060.0,
02WB003,2015-07-06,355.0,
02WB003,2015-08-06,587.0,
02WB003,2015-09-06,468.0,
02WB003,2015-10-06,239.0,
02WB003,2015-11-06,235.0,
02WB003,2015-12-06,177.0,B
02WB003,2016-01-06,82.30000305175781,B
02WB003,2016-02-06,81.69999694824219,B
02WB003,2016-03-06,98.3000030517578,B
02WB003,2016-04-06,96.0,B
02WB003,2016-05-06,770.0,B
02WB003,2016-06-06,714.0,
02WB003,2016-07-06,616.0,
02WB003,2016-08-06,306.0,
02WB003,2016-09-06,364.0,
02WB003,2016-10-06,266.0,
02WB003,2016-11-06,364.0,
02WB003,2017-05-06,,
02WB003,2017-06-06,835.0,
02WB003,2017-07-06,546.0,
02WB003,2017-08-06,579.0,
02WB003,2017-09-06,369.0,
02WB003,2017-10-06,378.0,
02WB003,2017-11-06,639.0,
02WB003,2018-05-06,,
02WB003,2018-06-06,1850.0,
02WB003,2018-07-06,445.0,
02WB003,2018-08-06,436.0,
02WB003,2018-09-06,283.0,
02WB003,2018-10-06,224.0,
02WB003,2018-11-06,319.0,
02WB003,2019-05-06,,
02WB003,2019-06-06,2070.0,
02WB003,2019-07-06,415.0,
02WB003,2019-08-06,383.0,
02WB003,2019-09-06,316.0,
02WB003,2019-10-06,220.0,
02WB003,2019-11-06,314.0,
02WB003,2020-05-06,,
02WB003,2020-06-06,1570.0,
02WB003,2020-07-06,369.0,
02WB003,2020-08-06,339.0,
02WB003,2020-09-06,313.0,
02WB003,2020-10-06,345.0,
02WB003,2020-11-06,739.0,
02WB003,2021-04-06,,
02WB003,2021-05-06,1140.0,
02WB003,2021-06-06,649.0,
02WB003,2021-07-06,377.0,
02WB003,2021-08-06,213.0,
02WB003,2021-09-06,282.0,
02WB003,2021-10-06,638.0,
02WB003,2021-11-06,344.0,
02WB003,2021-12-06,534.0,
02WB003,2022-05-06,,
02WB003,2022-06-06,1320.0,
02WB003,2022-07-06,380.0,
02WB003,2022-08-06,439.0,
02WB003,2022-09-06,208.0,
02WB003,2022-10-06,400.0,
02WB003,2022-11-06,286.0,
02WB003,2023-04-06,,
02WB003,2023-05-06,1000.0,
02WB003,2023-06-06,399.0,
02WB003,2023-07-06,388.0,
02WB003,2023-08-06,453.0,
02WB003,2023-09-06,545.0,
02WB003,2023-10-06,408.0,
02WB003,2023-11-06,,
02WB003,2024-04-06,,
02WB003,2024-05-06,715.0,
02WB003,2024-06-06,671.0,
02WB003,2024-07-06,188.0,
02WB003,2024-08-06,158.0,
02WB003,2024-09-06,89.19999694824219,
02WB003,1980-06-07,,
02WB003,1980-08-07,,
02WB003,1980-10-07,,
02WB003,1981-01-07,,
02WB003,1981-03-07,,
02WB003,1981-08-07,,
02WB003,1981-10-07,581.0,
02WB003,1981-11-07,395.0,
02WB003,1981-12-07,405.0,E
02WB003,1982-01-07,196.0,E
02WB003,1982-02-07,118.0,E
02WB003,1982-03-07,85.0,E
02WB003,1982-04-07,116.0,E
02WB003,1982-05-07,403.0,
02WB003,1982-06-07,2050.0,E
02WB003,1982-07-07,721.0,
02WB003,1982-08-07,319.0,
02WB003,1982-09-07,366.0,
02WB003,1982-10-07,248.0,
02WB003,1982-11-07,463.0,
02WB003,1982-12-07,169.0,E
02WB003,1983-01-07,125.0,E
02WB003,1983-02-07,167.0,E
02WB003,1983-03-07,100.0,E
02WB003,1983-04-07,178.0,E
02WB003,1983-05-07,1650.0,
02WB003,1983-06-07,712.0,
02WB003,1983-07-07,338.0,
02WB003,1983-08-07,356.0,
02WB003,1983-09-07,373.0,
02WB003,1983-10-07,577.0,
02WB003,1983-11-07,341.0,
02WB003,1983-12-07,259.0,
02WB003,1984-01-07,157.0,E
02WB003,1984-02-07,107.0,E
02WB003,1984-03-07,83.0,E
02WB003,1984-04-07,160.0,E
02WB003,1984-05-07,1080.0,
02WB003,1984-06-07,1010.0,
02WB003,1984-07-07,484.0,
02WB003,1984-08-07,245.0,
02WB003,1984-09-07,581.0,
02WB003,1984-10-07,295.0,
02WB003,1984-11-07,201.0,
02WB003,1984-12-07,163.0,E
02WB003,1985-01-07,93.5,E
02WB003,1985-02-07,66.0,E
02WB003,1985-03-07,57.70000076293945,E
02WB003,1985-04-07,60.0,E
02WB003,1985-05-07,196.0,E
02WB003,1985-06-07,1220.0,
02WB003,1985-07-07,386.0,
02WB003,1985-08-07,493.0,
02WB003,1985-09-07,299.0,
02WB003,1985-10-07,438.0,
02WB003,1985-11-07,252.0,
02WB003,1985-12-07,125.0,E
02WB003,1986-01-07,95.0,E
02WB003,1986-02-07,122.0,E
02WB003,1986-03-07,72.5,E
02WB003,1986-04-07,66.0,E
02WB003,1986-05-07,1060.0,E
02WB003,1986-06-07,412.0,
02WB003,1986-07-07,564.0,
02WB003,1986-08-07,275.0,
02WB003,1986-09-07,214.0,
02WB003,1986-10-07,335.0,
02WB003,1986-11-07,158.0,
02WB003,1986-12-07,104.0,E
02WB003,1987-01-07,66.5,E
02WB003,1987-02-07,54.5,E
02WB003,1987-03-07,50.0,E
02WB003,1987-04-07,315.0,E
02WB003,1987-05-07,530.0,
02WB003,1987-06-07,445.0,E
02WB003,1987-07-07,308.0,
02WB003,1987-08-07,560.0,
02WB003,1987-09-07,202.0,
02WB003,1987-10-07,835.0,
02WB003,1987-11-07,428.0,
02WB003,1987-12-07,265.0,E
02WB003,1988-01-07,133.0,E
02WB003,1988-02-07,92.0,E
02WB003,1988-03-07,95.8000030517578,E
02WB003,1988-04-07,149.0,E
02WB003,1988-05-07,755.0,
02WB003,1988-06-07,866.0,
02WB003,1988-07-07,652.0,
02WB003,1988-08-07,152.0,
02WB003,1988-09-07,132.0,
02WB003,1988-10-07,281.0,
02WB003,1988-11-07,490.0,
02WB003,1988-12-07,215.0,E
02WB003,1989-01-07,106.0,E
02WB003,1989-02-07,68.5,E
02WB003,1989-03-07,53.59999847412109,E
02WB003,1989-04-07,52.5,E
02WB003,1989-05-07,652.0,
02WB003,1989-06-07,1110.0,
02WB003,1989-07-07,362.0,
02WB003,1989-08-07,612.0,
02WB003,1989-09-07,687.0,
02WB003,1989-10-07,410.0,
02WB003,1989-11-07,341.0,
02WB003,1989-12-07,176.0,E
02WB003,1990-01-07,96.6999969482422,E
02WB003,1990-02-07,73.9000015258789,
02WB003,1990-03-07,59.79999923706055,E
02WB003,1990-04-07,92.5,E
02WB003,1990-05-07,717.0,
02WB003,1990-06-07,768.0,
02WB003,1990-07-07,352.0,
02WB003,1990-08-07,476.0,
02WB003,1990-09-07,172.0,
02WB003,1990-10-07,257.0,
02WB003,1990-11-07,102.0,E
02WB003,1990-12-07,143.0,E
02WB003,1991-01-07,111.0,E
02WB003,1991-02-07,80.0999984741211,
02WB003,1991-03-07,61.79999923706055,E
02WB003,1991-04-07,63.09999847412109,E
02WB003,1991-05-07,324.0,E
02WB003,1991-06-07,921.0,
02WB003,1991-07-07,555.0,
02WB003,1991-08-07,301.0,
02WB003,1991-09-07,166.0,
02WB003,1991-10-07,327.0,
02WB003,1991-11-07,339.0,
02WB003,1991-12-07,110.0,
02WB003,1992-01-07,83.9000015258789,E
02WB003,1992-02-07,69.4000015258789,E
02WB003,1992-03-07,51.59999847412109,E
02WB003,1992-04-07,73.9000015258789,E
02WB003,1992-05-07,112.0,
02WB003,1992-06-07,650.0,
02WB003,1992-07-07,489.0,
02WB003,1992-08-07,511.0,
02WB003,1992-09-07,422.0,
02WB003,1992-10-07,273.0,
02WB003,1992-11-07,404.0,
02WB003,1992-12-07,131.0,E
02WB003,1993-01-07,67.80000305175781,E
02WB003,1993-02-07,51.900001525878906,
02WB003,1993-03-07,47.09999847412109,E
02WB003,1993-04-07,44.79999923706055,E
02WB003,1993-05-07,458.0,
02WB003,1993-06-07,706.0,
02WB003,1993-07-07,406.0,
02WB003,1993-08-07,322.0,
02WB003,1993-09-07,340.0,
02WB003,1993-10-07,715.0,
02WB003,1993-11-07,383.0,
02WB003,1993-12-07,136.0,E
02WB003,1994-01-07,107.0,E
02WB003,1994-02-07,92.1999969482422,
02WB003,1994-03-07,75.4000015258789,E
02WB003,1994-04-07,71.30000305175781,E
02WB003,1994-05-07,277.0,
02WB003,1994-06-07,1050.0,
02WB003,1994-07-07,619.0,
02WB003,1994-08-07,386.0,
02WB003,1994-09-07,335.0,
02WB003,1994-10-07,542.0,
02WB003,1994-11-07,466.0,
02WB003,1994-12-07,159.0,E
02WB003,1995-01-07,109.0,E
02WB003,1995-02-07,87.5999984741211,
02WB003,1995-03-07,77.0,E
02WB003,1995-04-07,81.5999984741211,E
02WB003,1995-05-07,672.0,
02WB003,1995-06-07,635.0,
02WB003,1995-07-07,243.0,
02WB003,1995-08-07,160.0,
02WB003,1995-09-07,124.0,
02WB003,1995-10-07,308.0,
02WB003,1995-11-07,475.0,
02WB003,1995-12-07,196.0,E
02WB003,1996-01-07,105.0,E
02WB003,1996-02-07,101.0,E
02WB003,1996-03-07,209.0,E
02WB003,1996-04-07,177.0,
02WB003,1996-05-07,1220.0,
02WB003,1996-06-07,888.0,
02WB003,1996-07-07,510.0,
02WB003,1996-08-07,429.0,
02WB003,1996-09-07,166.0,
02WB003,1996-10-07,225.0,
02WB003,1996-11-07,262.0,
02WB003,1996-12-07,238.0,E
02WB003,1997-01-07,146.0,E
02WB003,1997-02-07,116.0,
02WB003,1997-03-07,104.0,E
02WB003,1997-04-07,98.6999969482422,E
02WB003,1997-05-07,501.0,
02WB003,1997-06-07,1040.0,
02WB003,1997-07-07,576.0,
02WB003,1997-08-07,288.0,
02WB003,1997-09-07,517.0,
02WB003,1997-10-07,439.0,
02WB003,1997-11-07,315.0,
02WB003,1997-12-07,178.0,E
02WB003,1998-01-07,103.0,E
02WB003,1998-02-07,88.4000015258789,
02WB003,1998-03-07,128.0,E
02WB003,1998-04-07,150.0,E
02WB003,1998-05-07,903.0,
02WB003,1998-06-07,817.0,
02WB003,1998-07-07,339.0,
02WB003,1998-08-07,280.0,
02WB003,1998-09-07,206.0,
02WB003,1998-10-07,743.0,
02WB003,1998-11-07,631.0,
02WB003,1998-12-07,182.0,B
02WB003,1999-01-07,116.0,B
02WB003,1999-02-07,87.0,
02WB003,1999-03-07,116.0,B
02WB003,1999-04-07,167.0,B
02WB003,1999-05-07,1400.0,
02WB003,1999-06-07,854.0,
02WB003,1999-07-07,260.0,
02WB003,1999-08-07,401.0,
02WB003,1999-09-07,228.0,
02WB003,1999-10-07,402.0,
02WB003,1999-11-07,563.0,
02WB003,1999-12-07,232.0,
02WB003,2000-01-07,154.0,E
02WB003,2000-02-07,111.0,E
02WB003,2000-03-07,94.9000015258789,E
02WB003,2000-04-07,164.0,B
02WB003,2000-05-07,535.0,
02WB003,2000-06-07,1390.0,
02WB003,2000-07-07,893.0,
02WB003,2000-08-07,403.0,
02WB003,2000-09-07,186.0,
02WB003,2000-10-07,211.0,
02WB003,2000-11-07,226.0,
02WB003,2000-12-07,121.0,B
02WB003,2001-01-07,98.4000015258789,B
02WB003,2001-02-07,85.0,
02WB003,2001-03-07,77.9000015258789,B
02WB003,2001-04-07,75.4000015258789,B
02WB003,2001-05-07,297.0,
02WB003,2001-06-07,530.0,
02WB003,2001-07-07,319.0,
02WB003,2001-08-07,237.0,
02WB003,2001-09-07,219.0,
02WB003,2001-10-07,253.0,
02WB003,2001-11-07,481.0,
02WB003,2001-12-07,219.0,
02WB003,2002-01-07,113.0,
02WB003,2002-02-07,84.30000305175781,
02WB003,2002-03-07,158.0,
02WB003,2002-04-07,139.0,
02WB003,2002-05-07,271.0,
02WB003,2002-06-07,1300.0,
02WB003,2002-07-07,618.0,
02WB003,2002-08-07,271.0,
02WB003,2002-09-07,388.0,
02WB003,2002-10-07,275.0,
02WB003,2002-11-07,256.0,
02WB003,2002-12-07,187.0,
02WB003,2003-01-07,118.0,
02WB003,2003-02-07,90.5,
02WB003,2003-03-07,76.4000015258789,
02WB003,2003-04-07,68.9000015258789,
02WB003,2003-05-07,362.0,
02WB003,2003-06-07,1150.0,
02WB003,2003-07-07,338.0,
02WB003,2003-08-07,283.0,
02WB003,2003-09-07,180.0,
02WB003,2003-10-07,363.0,
02WB003,2003-11-07,486.0,
02WB003,2003-12-07,247.0,
02WB003,2004-01-07,135.0,
02WB003,2004-02-07,101.0,
02WB003,2004-03-07,84.80000305175781,
02WB003,2004-04-07,96.0999984741211,
02WB003,2004-05-07,1080.0,
02WB003,2004-06-07,1550.0,
02WB003,2004-07-07,396.0,
02WB003,2004-08-07,201.0,
02WB003,2004-09-07,184.0,
02WB003,2004-10-07,269.0,
02WB003,2004-11-07,207.0,
02WB003,2004-12-07,206.0,
02WB003,2005-01-07,137.0,
02WB003,2005-02-07,109.0,
02WB003,2005-03-07,105.0,
02WB003,2005-04-07,135.0,
02WB003,2005-05-07,695.0,
02WB003,2005-06-07,527.0,
02WB003,2005-07-07,192.0,
02WB003,2005-08-07,90.4000015258789,
02WB003,2005-09-07,475.0,
02WB003,2005-10-07,284.0,
02WB003,2005-11-07,195.0,
02WB003,2005-12-07,512.0,
02WB003,2006-01-07,140.0,
02WB003,2006-02-07,139.0,
02WB003,2006-03-07,95.5,
02WB003,2006-04-07,178.0,
02WB003,2006-05-07,1640.0,
02WB003,2006-06-07,415.0,
02WB003,2006-07-07,325.0,
02WB003,2006-08-07,423.0,
02WB003,2006-09-07,203.0,
02WB003,2006-10-07,204.0,
02WB003,2006-11-07,243.0,
02WB003,2006-12-07,195.0,
02WB003,2007-01-07,123.0,
02WB003,2007-02-07,103.0,
02WB003,2007-03-07,94.6999969482422,
02WB003,2007-04-07,93.0,
02WB003,2007-05-07,692.0,
02WB003,2007-06-07,790.0,
02WB003,2007-07-07,521.0,
02WB003,2007-08-07,258.0,
02WB003,2007-09-07,128.0,
02WB003,2007-10-07,367.0,
02WB003,2007-11-07,492.0,
02WB003,2007-12-07,250.0,
02WB003,2008-01-07,123.0,
02WB003,2008-02-07,89.5,
02WB003,2008-03-07,74.30000305175781,
02WB003,2008-04-07,67.19999694824219,
02WB003,2008-05-07,1660.0,
02WB003,2008-06-07,553.0,
02WB003,2008-07-07,373.0,
02WB003,2008-08-07,246.0,
02WB003,2008-09-07,214.0,
02WB003,2008-10-07,580.0,
02WB003,2008-11-07,259.0,
02WB003,2008-12-07,241.0,
02WB003,2009-01-07,132.0,
02WB003,2009-02-07,106.0,
02WB003,2009-03-07,98.0,
02WB003,2009-04-07,104.0,
02WB003,2009-05-07,694.0,
02WB003,2009-06-07,913.0,
02WB003,2009-07-07,350.0,
02WB003,2009-08-07,244.0,
02WB003,2009-09-07,166.0,
02WB003,2009-10-07,673.0,
02WB003,2009-11-07,212.0,
02WB003,2009-12-07,214.0,
02WB003,2010-01-07,124.0,
02WB003,2010-02-07,95.3000030517578,
02WB003,2010-03-07,89.0,
02WB003,2010-04-07,216.0,
02WB003,2010-05-07,1300.0,
02WB003,2010-06-07,698.0,
02WB003,2010-07-07,561.0,
02WB003,2010-08-07,393.0,
02WB003,2010-09-07,175.0,
02WB003,2010-10-07,284.0,
02WB003,2010-11-07,830.0,
02WB003,2010-12-07,288.0,
02WB003,2011-01-07,173.0,
02WB003,2011-02-07,102.0,
02WB003,2011-03-07,84.5,
02WB003,2011-04-07,92.1999969482422,
02WB003,2011-05-07,755.0,
02WB003,2011-06-07,978.0,
02WB003,2011-07-07,811.0,
02WB003,2011-08-07,206.0,
02WB003,2011-09-07,349.0,
02WB003,2011-10-07,159.0,
02WB003,2011-11-07,220.0,
02WB003,2011-12-07,256.0,
02WB003,2012-01-07,152.0,B
02WB003,2012-02-07,108.0,B
02WB003,2012-03-07,86.0999984741211,B
02WB003,2012-04-07,90.0,B
02WB003,2012-05-07,1420.0,
02WB003,2012-06-07,536.0,
02WB003,2012-07-07,318.0,
02WB003,2012-08-07,187.0,
02WB003,2012-09-07,233.0,
02WB003,2012-10-07,338.0,
02WB003,2012-11-07,572.0,
02WB003,2012-12-07,216.0,B
02WB003,2013-01-07,128.0,B
02WB003,2013-02-07,97.3000030517578,B
02WB003,2013-03-07,86.5999984741211,B
02WB003,2013-04-07,148.0,B
02WB003,2013-05-07,1350.0,
02WB003,2013-06-07,891.0,
02WB003,2013-07-07,260.0,
02WB003,2013-08-07,369.0,
02WB003,2013-09-07,307.0,
02WB003,2013-10-07,319.0,
02WB003,2013-11-07,346.0,
02WB003,2013-12-07,240.0,B
02WB003,2014-01-07,112.0,B
02WB003,2014-02-07,77.0,B
02WB003,2014-03-07,62.0,B
02WB003,2014-04-07,57.20000076293945,B
02WB003,2014-05-07,310.0,B
02WB003,2014-06-07,607.0,
02WB003,2014-07-07,501.0,
02WB003,2014-08-07,254.0,
02WB003,2014-09-07,277.0,
02WB003,2014-10-07,226.0,
02WB003,2014-11-07,384.0,
02WB003,2014-12-07,155.0,B
02WB003,2015-01-07,107.0,B
02WB003,2015-02-07,82.30000305175781,B
02WB003,2015-03-07,70.0,B
02WB003,2015-04-07,63.29999923706055,B
02WB003,2015-05-07,813.0,B
02WB003,2015-06-07,1030.0,
02WB003,2015-07-07,363.0,
02WB003,2015-08-07,605.0,
02WB003,2015-09-07,439.0,
02WB003,2015-10-07,230.0,
02WB003,2015-11-07,230.0,
02WB003,2015-12-07,203.0,B
02WB003,2016-01-07,85.5999984741211,B
02WB003,2016-02-07,80.9000015258789,B
02WB003,2016-03-07,97.0999984741211,B
02WB003,2016-04-07,94.6999969482422,B
02WB003,2016-05-07,900.0,
02WB003,2016-06-07,691.0,
02WB003,2016-07-07,616.0,
02WB003,2016-08-07,357.0,
02WB003,2016-09-07,341.0,
02WB003,2016-10-07,258.0,
02WB003,2016-11-07,336.0,
02WB003,2017-05-07,,
02WB003,2017-06-07,766.0,
02WB003,2017-07-07,508.0,
02WB003,2017-08-07,504.0,
02WB003,2017-09-07,397.0,
02WB003,2017-10-07,358.0,
02WB003,2017-11-07,650.0,
02WB003,2018-05-07,,
02WB003,2018-06-07,1690.0,
02WB003,2018-07-07,431.0,
02WB003,2018-08-07,413.0,
02WB003,2018-09-07,268.0,
02WB003,2018-10-07,223.0,
02WB003,2018-11-07,322.0,
02WB003,2019-05-07,,
02WB003,2019-06-07,1970.0,
02WB003,2019-07-07,394.0,
02WB003,2019-08-07,427.0,
02WB003,2019-09-07,327.0,
02WB003,2019-10-07,212.0,
02WB003,2019-11-07,332.0,
02WB003,2020-05-07,633.0,
02WB003,2020-06-07,1390.0,
02WB003,2020-07-07,360.0,
02WB003,2020-08-07,367.0,
02WB003,2020-09-07,293.0,
02WB003,2020-10-07,344.0,
02WB003,2020-11-07,690.0,
02WB003,2021-04-07,,
02WB003,2021-05-07,1140.0,
02WB003,2021-06-07,634.0,
02WB003,2021-07-07,356.0,
02WB003,2021-08-07,210.0,
02WB003,2021-09-07,308.0,
02WB003,2021-10-07,575.0,
02WB003,2021-11-07,323.0,
02WB003,2021-12-07,546.0,
02WB003,2022-05-07,,
02WB003,2022-06-07,1240.0,
02WB003,2022-07-07,358.0,
02WB003,2022-08-07,417.0,
02WB003,2022-09-07,207.0,
02WB003,2022-10-07,375.0,
02WB003,2022-11-07,281.0,
02WB003,2023-04-07,,
02WB003,2023-05-07,1010.0,
02WB003,2023-06-07,384.0,
02WB003,2023-07-07,356.0,
02WB003,2023-08-07,447.0,
02WB003,2023-09-07,489.0,
02WB003,2023-10-07,388.0,
02WB003,2023-11-07,,
02WB003,2024-04-07,,
02WB003,2024-05-07,805.0,
02WB003,2024-06-07,620.0,
02WB003,2024-07-07,184.0,
02WB003,2024-08-07,158.0,
02WB003,2024-09-07,87.69999694824219,
02WB003,1980-06-08,1740.0,E
02WB003,1980-08-08,,
02WB003,1980-10-08,,
02WB003,1981-01-08,,
02WB003,1981-03-08,,
02WB003,1981-08-08,,
02WB003,1981-10-08,558.0,
02WB003,1981-11-08,476.0,
02WB003,1981-12-08,420.0,E
02WB003,1982-01-08,192.0,E
02WB003,1982-02-08,117.0,E
02WB003,1982-03-08,84.5,E
02WB003,1982-04-08,115.0,E
02WB003,1982-05-08,450.0,
02WB003,1982-06-08,1880.0,E
02WB003,1982-07-08,670.0,
02WB003,1982-08-08,305.0,
02WB003,1982-09-08,350.0,
02WB003,1982-10-08,234.0,
02WB003,1982-11-08,468.0,
02WB003,1982-12-08,168.0,E
02WB003,1983-01-08,124.0,E
02WB003,1983-02-08,166.0,E
02WB003,1983-03-08,99.0,E
02WB003,1983-04-08,175.0,E
02WB003,1983-05-08,1630.0,
02WB003,1983-06-08,720.0,
02WB003,1983-07-08,334.0,
02WB003,1983-08-08,395.0,
02WB003,1983-09-08,419.0,
02WB003,1983-10-08,623.0,
02WB003,1983-11-08,490.0,
02WB003,1983-12-08,268.0,
02WB003,1984-01-08,155.0,E
02WB003,1984-02-08,106.0,E
02WB003,1984-03-08,82.5,E
02WB003,1984-04-08,180.0,E
02WB003,1984-05-08,996.0,
02WB003,1984-06-08,941.0,
02WB003,1984-07-08,473.0,
02WB003,1984-08-08,247.0,
02WB003,1984-09-08,548.0,
02WB003,1984-10-08,294.0,
02WB003,1984-11-08,204.0,
02WB003,1984-12-08,162.0,E
02WB003,1985-01-08,92.0,E
02WB003,1985-02-08,65.5,E
02WB003,1985-03-08,57.70000076293945,E
02WB003,1985-04-08,66.0,E
02WB003,1985-05-08,196.0,E
02WB003,1985-06-08,1140.0,
02WB003,1985-07-08,416.0,
02WB003,1985-08-08,461.0,
02WB003,1985-09-08,289.0,
02WB003,1985-10-08,482.0,
02WB003,1985-11-08,250.0,
02WB003,1985-12-08,120.0,E
02WB003,1986-01-08,94.0,E
02WB003,1986-02-08,118.0,E
02WB003,1986-03-08,71.5,E
02WB003,1986-04-08,66.5,E
02WB003,1986-05-08,902.0,
02WB003,1986-06-08,393.0,
02WB003,1986-07-08,548.0,
02WB003,1986-08-08,287.0,
02WB003,1986-09-08,212.0,
02WB003,1986-10-08,346.0,
02WB003,1986-11-08,178.0,
02WB003,1986-12-08,103.0,E
02WB003,1987-01-08,65.5,E
02WB003,1987-02-08,54.20000076293945,E
02WB003,1987-03-08,50.0,E
02WB003,1987-04-08,340.0,E
02WB003,1987-05-08,658.0,
02WB003,1987-06-08,470.0,E
02WB003,1987-07-08,290.0,
02WB003,1987-08-08,569.0,
02WB003,1987-09-08,209.0,
02WB003,1987-10-08,808.0,
02WB003,1987-11-08,384.0,
02WB003,1987-12-08,240.0,E
02WB003,1988-01-08,131.0,E
02WB003,1988-02-08,91.0,E
02WB003,1988-03-08,94.0,E
02WB003,1988-04-08,149.0,E
02WB003,1988-05-08,813.0,
02WB003,1988-06-08,899.0,
02WB003,1988-07-08,598.0,
02WB003,1988-08-08,142.0,
02WB003,1988-09-08,144.0,
02WB003,1988-10-08,270.0,
02WB003,1988-11-08,466.0,
02WB003,1988-12-08,219.0,E
02WB003,1989-01-08,104.0,E
02WB003,1989-02-08,67.80000305175781,E
02WB003,1989-03-08,53.29999923706055,E
02WB003,1989-04-08,54.400001525878906,E
02WB003,1989-05-08,841.0,
02WB003,1989-06-08,990.0,
02WB003,1989-07-08,379.0,
02WB003,1989-08-08,633.0,
02WB003,1989-09-08,631.0,
02WB003,1989-10-08,415.0,
02WB003,1989-11-08,344.0,
02WB003,1989-12-08,171.0,E
02WB003,1990-01-08,95.4000015258789,E
02WB003,1990-02-08,72.69999694824219,
02WB003,1990-03-08,59.59999847412109,E
02WB003,1990-04-08,94.9000015258789,E
02WB003,1990-05-08,695.0,
02WB003,1990-06-08,785.0,
02WB003,1990-07-08,346.0,
02WB003,1990-08-08,421.0,
02WB003,1990-09-08,171.0,
02WB003,1990-10-08,256.0,
02WB003,1990-11-08,101.0,E
02WB003,1990-12-08,151.0,E
02WB003,1991-01-08,110.0,E
02WB003,1991-02-08,79.4000015258789,
02WB003,1991-03-08,62.59999847412109,E
02WB003,1991-04-08,62.59999847412109,E
02WB003,1991-05-08,443.0,E
02WB003,1991-06-08,896.0,
02WB003,1991-07-08,520.0,
02WB003,1991-08-08,281.0,
02WB003,1991-09-08,159.0,
02WB003,1991-10-08,507.0,
02WB003,1991-11-08,329.0,
02WB003,1991-12-08,108.0,
02WB003,1992-01-08,88.80000305175781,E
02WB003,1992-02-08,68.5999984741211,E
02WB003,1992-03-08,51.20000076293945,E
02WB003,1992-04-08,72.4000015258789,E
02WB003,1992-05-08,115.0,
02WB003,1992-06-08,674.0,
02WB003,1992-07-08,466.0,
02WB003,1992-08-08,588.0,
02WB003,1992-09-08,395.0,
02WB003,1992-10-08,268.0,
02WB003,1992-11-08,342.0,
02WB003,1992-12-08,128.0,E
02WB003,1993-01-08,66.5999984741211,E
02WB003,1993-02-08,51.400001525878906,
02WB003,1993-03-08,47.0,E
02WB003,1993-04-08,44.79999923706055,E
02WB003,1993-05-08,740.0,
02WB003,1993-06-08,663.0,
02WB003,1993-07-08,375.0,
02WB003,1993-08-08,307.0,
02WB003,1993-09-08,323.0,
02WB003,1993-10-08,649.0,
02WB003,1993-11-08,364.0,
02WB003,1993-12-08,133.0,E
02WB003,1994-01-08,106.0,E
02WB003,1994-02-08,91.6999969482422,
02WB003,1994-03-08,75.0999984741211,E
02WB003,1994-04-08,71.19999694824219,E
02WB003,1994-05-08,334.0,
02WB003,1994-06-08,1070.0,
02WB003,1994-07-08,582.0,
02WB003,1994-08-08,444.0,
02WB003,1994-09-08,325.0,
02WB003,1994-10-08,510.0,
02WB003,1994-11-08,507.0,
02WB003,1994-12-08,157.0,E
02WB003,1995-01-08,108.0,E
02WB003,1995-02-08,87.0999984741211,
02WB003,1995-03-08,77.0,E
02WB003,1995-04-08,81.9000015258789,E
02WB003,1995-05-08,719.0,
02WB003,1995-06-08,601.0,
02WB003,1995-07-08,238.0,
02WB003,1995-08-08,154.0,
02WB003,1995-09-08,131.0,
02WB003,1995-10-08,300.0,
02WB003,1995-11-08,468.0,
02WB003,1995-12-08,190.0,E
02WB003,1996-01-08,103.0,E
02WB003,1996-02-08,99.6999969482422,E
02WB003,1996-03-08,203.0,E
02WB003,1996-04-08,177.0,
02WB003,1996-05-08,1090.0,
02WB003,1996-06-08,890.0,
02WB003,1996-07-08,554.0,
02WB003,1996-08-08,406.0,
02WB003,1996-09-08,158.0,
02WB003,1996-10-08,225.0,
02WB003,1996-11-08,245.0,
02WB003,1996-12-08,250.0,E
02WB003,1997-01-08,144.0,E
02WB003,1997-02-08,116.0,
02WB003,1997-03-08,103.0,E
02WB003,1997-04-08,98.4000015258789,E
02WB003,1997-05-08,543.0,
02WB003,1997-06-08,1040.0,
02WB003,1997-07-08,586.0,
02WB003,1997-08-08,274.0,
02WB003,1997-09-08,498.0,
02WB003,1997-10-08,426.0,
02WB003,1997-11-08,303.0,
02WB003,1997-12-08,172.0,E
02WB003,1998-01-08,102.0,E
02WB003,1998-02-08,88.4000015258789,
02WB003,1998-03-08,131.0,E
02WB003,1998-04-08,149.0,E
02WB003,1998-05-08,1030.0,
02WB003,1998-06-08,793.0,
02WB003,1998-07-08,353.0,
02WB003,1998-08-08,264.0,
02WB003,1998-09-08,237.0,
02WB003,1998-10-08,672.0,
02WB003,1998-11-08,603.0,
02WB003,1998-12-08,178.0,B
02WB003,1999-01-08,116.0,B
02WB003,1999-02-08,86.5,
02WB003,1999-03-08,127.0,B
02WB003,1999-04-08,165.0,B
02WB003,1999-05-08,1580.0,
02WB003,1999-06-08,797.0,
02WB003,1999-07-08,257.0,
02WB003,1999-08-08,414.0,
02WB003,1999-09-08,230.0,
02WB003,1999-10-08,371.0,
02WB003,1999-11-08,540.0,
02WB003,1999-12-08,228.0,
02WB003,2000-01-08,152.0,E
02WB003,2000-02-08,110.0,E
02WB003,2000-03-08,94.8000030517578,E
02WB003,2000-04-08,167.0,B
02WB003,2000-05-08,615.0,
02WB003,2000-06-08,1310.0,
02WB003,2000-07-08,1070.0,
02WB003,2000-08-08,385.0,
02WB003,2000-09-08,183.0,
02WB003,2000-10-08,204.0,
02WB003,2000-11-08,225.0,
02WB003,2000-12-08,121.0,B
02WB003,2001-01-08,98.0999984741211,B
02WB003,2001-02-08,84.9000015258789,
02WB003,2001-03-08,77.80000305175781,B
02WB003,2001-04-08,75.4000015258789,B
02WB003,2001-05-08,397.0,
02WB003,2001-06-08,544.0,
02WB003,2001-07-08,355.0,
02WB003,2001-08-08,233.0,
02WB003,2001-09-08,213.0,
02WB003,2001-10-08,298.0,
02WB003,2001-11-08,531.0,
02WB003,2001-12-08,214.0,
02WB003,2002-01-08,112.0,
02WB003,2002-02-08,83.80000305175781,
02WB003,2002-03-08,160.0,
02WB003,2002-04-08,139.0,
02WB003,2002-05-08,288.0,
02WB003,2002-06-08,1200.0,
02WB003,2002-07-08,880.0,
02WB003,2002-08-08,338.0,
02WB003,2002-09-08,554.0,
02WB003,2002-10-08,278.0,
02WB003,2002-11-08,251.0,
02WB003,2002-12-08,181.0,
02WB003,2003-01-08,116.0,
02WB003,2003-02-08,89.9000015258789,
02WB003,2003-03-08,76.0,
02WB003,2003-04-08,68.69999694824219,
02WB003,2003-05-08,391.0,
02WB003,2003-06-08,1040.0,
02WB003,2003-07-08,379.0,
02WB003,2003-08-08,265.0,
02WB003,2003-09-08,184.0,
02WB003,2003-10-08,357.0,
02WB003,2003-11-08,472.0,
02WB003,2003-12-08,236.0,
02WB003,2004-01-08,133.0,
02WB003,2004-02-08,99.9000015258789,
02WB003,2004-03-08,84.4000015258789,
02WB003,2004-04-08,101.0,
02WB003,2004-05-08,1070.0,
02WB003,2004-06-08,1550.0,
02WB003,2004-07-08,401.0,
02WB003,2004-08-08,196.0,
02WB003,2004-09-08,182.0,
02WB003,2004-10-08,283.0,
02WB003,2004-11-08,196.0,
02WB003,2004-12-08,198.0,
02WB003,2005-01-08,134.0,
02WB003,2005-02-08,108.0,
02WB003,2005-03-08,105.0,
02WB003,2005-04-08,145.0,
02WB003,2005-05-08,896.0,
02WB003,2005-06-08,499.0,
02WB003,2005-07-08,185.0,
02WB003,2005-08-08,92.5999984741211,
02WB003,2005-09-08,426.0,
02WB003,2005-10-08,274.0,
02WB003,2005-11-08,197.0,
02WB003,2005-12-08,463.0,
02WB003,2006-01-08,138.0,
02WB003,2006-02-08,136.0,
02WB003,2006-03-08,94.9000015258789,
02WB003,2006-04-08,182.0,
02WB003,2006-05-08,1750.0,
02WB003,2006-06-08,389.0,
02WB003,2006-07-08,308.0,
02WB003,2006-08-08,402.0,
02WB003,2006-09-08,194.0,
02WB003,2006-10-08,194.0,
02WB003,2006-11-08,224.0,
02WB003,2006-12-08,191.0,
02WB003,2007-01-08,122.0,
02WB003,2007-02-08,103.0,
02WB003,2007-03-08,94.5,
02WB003,2007-04-08,92.9000015258789,
02WB003,2007-05-08,680.0,
02WB003,2007-06-08,859.0,
02WB003,2007-07-08,528.0,
02WB003,2007-08-08,232.0,
02WB003,2007-09-08,122.0,
02WB003,2007-10-08,343.0,
02WB003,2007-11-08,527.0,
02WB003,2007-12-08,241.0,
02WB003,2008-01-08,121.0,
02WB003,2008-02-08,88.80000305175781,
02WB003,2008-03-08,73.9000015258789,
02WB003,2008-04-08,67.80000305175781,
02WB003,2008-05-08,1690.0,
02WB003,2008-06-08,529.0,
02WB003,2008-07-08,352.0,
02WB003,2008-08-08,227.0,
02WB003,2008-09-08,203.0,
02WB003,2008-10-08,525.0,
02WB003,2008-11-08,247.0,
02WB003,2008-12-08,227.0,
02WB003,2009-01-08,130.0,
02WB003,2009-02-08,106.0,
02WB003,2009-03-08,97.9000015258789,
02WB003,2009-04-08,111.0,
02WB003,2009-05-08,780.0,
02WB003,2009-06-08,851.0,
02WB003,2009-07-08,333.0,
02WB003,2009-08-08,229.0,
02WB003,2009-09-08,160.0,
02WB003,2009-10-08,674.0,
02WB003,2009-11-08,202.0,
02WB003,2009-12-08,204.0,
02WB003,2010-01-08,123.0,
02WB003,2010-02-08,94.6999969482422,
02WB003,2010-03-08,87.5,
02WB003,2010-04-08,278.0,
02WB003,2010-05-08,1180.0,
02WB003,2010-06-08,744.0,
02WB003,2010-07-08,523.0,
02WB003,2010-08-08,336.0,
02WB003,2010-09-08,170.0,
02WB003,2010-10-08,280.0,
02WB003,2010-11-08,818.0,
02WB003,2010-12-08,315.0,
02WB003,2011-01-08,169.0,
02WB003,2011-02-08,101.0,
02WB003,2011-03-08,84.19999694824219,
02WB003,2011-04-08,91.8000030517578,
02WB003,2011-05-08,806.0,
02WB003,2011-06-08,906.0,
02WB003,2011-07-08,798.0,
02WB003,2011-08-08,215.0,
02WB003,2011-09-08,325.0,
02WB003,2011-10-08,152.0,
02WB003,2011-11-08,215.0,
02WB003,2011-12-08,230.0,
02WB003,2012-01-08,150.0,B
02WB003,2012-02-08,107.0,B
02WB003,2012-03-08,85.5999984741211,B
02WB003,2012-04-08,90.8000030517578,B
02WB003,2012-05-08,1470.0,
02WB003,2012-06-08,504.0,
02WB003,2012-07-08,302.0,
02WB003,2012-08-08,185.0,
02WB003,2012-09-08,238.0,
02WB003,2012-10-08,378.0,
02WB003,2012-11-08,539.0,
02WB003,2012-12-08,205.0,B
02WB003,2013-01-08,125.0,B
02WB003,2013-02-08,95.5,B
02WB003,2013-03-08,86.4000015258789,B
02WB003,2013-04-08,146.0,B
02WB003,2013-05-08,1380.0,
02WB003,2013-06-08,836.0,
02WB003,2013-07-08,246.0,
02WB003,2013-08-08,370.0,
02WB003,2013-09-08,304.0,
02WB003,2013-10-08,320.0,
02WB003,2013-11-08,354.0,
02WB003,2013-12-08,230.0,B
02WB003,2014-01-08,110.0,B
02WB003,2014-02-08,76.30000305175781,B
02WB003,2014-03-08,61.70000076293945,B
02WB003,2014-04-08,57.5,B
02WB003,2014-05-08,349.0,B
02WB003,2014-06-08,586.0,
02WB003,2014-07-08,534.0,
02WB003,2014-08-08,251.0,
02WB003,2014-09-08,287.0,
02WB003,2014-10-08,221.0,
02WB003,2014-11-08,380.0,
02WB003,2014-12-08,153.0,B
02WB003,2015-01-08,106.0,B
02WB003,2015-02-08,81.69999694824219,B
02WB003,2015-03-08,69.80000305175781,B
02WB003,2015-04-08,63.09999847412109,B
02WB003,2015-05-08,1010.0,B
02WB003,2015-06-08,1000.0,
02WB003,2015-07-08,351.0,
02WB003,2015-08-08,633.0,
02WB003,2015-09-08,422.0,
02WB003,2015-10-08,222.0,
02WB003,2015-11-08,243.0,
02WB003,2015-12-08,188.0,B
02WB003,2016-01-08,83.5999984741211,B
02WB003,2016-02-08,80.0999984741211,B
02WB003,2016-03-08,96.0,B
02WB003,2016-04-08,94.3000030517578,B
02WB003,2016-05-08,1060.0,
02WB003,2016-06-08,699.0,
02WB003,2016-07-08,580.0,
02WB003,2016-08-08,492.0,
02WB003,2016-09-08,322.0,
02WB003,2016-10-08,247.0,
02WB003,2016-11-08,,
02WB003,2017-05-08,,
02WB003,2017-06-08,705.0,
02WB003,2017-07-08,482.0,
02WB003,2017-08-08,462.0,
02WB003,2017-09-08,458.0,
02WB003,2017-10-08,346.0,
02WB003,2017-11-08,615.0,
02WB003,2018-05-08,,
02WB003,2018-06-08,1570.0,
02WB003,2018-07-08,415.0,
02WB003,2018-08-08,401.0,
02WB003,2018-09-08,258.0,
02WB003,2018-10-08,213.0,
02WB003,2018-11-08,343.0,
02WB003,2019-05-08,,
02WB003,2019-06-08,1830.0,
02WB003,2019-07-08,379.0,
02WB003,2019-08-08,444.0,
02WB003,2019-09-08,347.0,
02WB003,2019-10-08,207.0,
02WB003,2019-11-08,350.0,
02WB003,2020-05-08,582.0,
02WB003,2020-06-08,1230.0,
02WB003,2020-07-08,351.0,
02WB003,2020-08-08,335.0,
02WB003,2020-09-08,277.0,
02WB003,2020-10-08,339.0,
02WB003,2020-11-08,666.0,
02WB003,2021-04-08,,
02WB003,2021-05-08,1170.0,
02WB003,2021-06-08,630.0,
02WB003,2021-07-08,331.0,
02WB003,2021-08-08,208.0,
02WB003,2021-09-08,330.0,
02WB003,2021-10-08,522.0,
02WB003,2021-11-08,311.0,
02WB003,2021-12-08,535.0,
02WB003,2022-05-08,,
02WB003,2022-06-08,1180.0,
02WB003,2022-07-08,336.0,
02WB003,2022-08-08,393.0,
02WB003,2022-09-08,199.0,
02WB003,2022-10-08,371.0,
02WB003,2022-11-08,280.0,
02WB003,2023-04-08,,
02WB003,2023-05-08,999.0,
02WB003,2023-06-08,377.0,
02WB003,2023-07-08,327.0,
02WB003,2023-08-08,432.0,
02WB003,2023-09-08,446.0,
02WB003,2023-10-08,370.0,
02WB003,2023-11-08,,
02WB003,2024-04-08,,
02WB003,2024-05-08,893.0,
02WB003,2024-06-08,575.0,
02WB003,2024-07-08,176.0,
02WB003,2024-08-08,155.0,
02WB003,2024-09-08,89.69999694824219,
02WB003,1980-06-09,,
02WB003,1980-08-09,,
02WB003,1980-10-09,,
02WB003,1981-01-09,,
02WB003,1981-03-09,,
02WB003,1981-08-09,,
02WB003,1981-10-09,527.0,
02WB003,1981-11-09,505.0,
02WB003,1981-12-09,460.0,E
02WB003,1982-01-09,188.0,E
02WB003,1982-02-09,115.0,E
02WB003,1982-03-09,83.5,E
02WB003,1982-04-09,114.0,E
02WB003,1982-05-09,542.0,
02WB003,1982-06-09,1700.0,E
02WB003,1982-07-09,637.0,
02WB003,1982-08-09,286.0,
02WB003,1982-09-09,336.0,
02WB003,1982-10-09,224.0,
02WB003,1982-11-09,416.0,
02WB003,1982-12-09,166.0,E
02WB003,1983-01-09,123.0,E
02WB003,1983-02-09,164.0,E
02WB003,1983-03-09,98.0,E
02WB003,1983-04-09,172.0,E
02WB003,1983-05-09,1540.0,
02WB003,1983-06-09,785.0,
02WB003,1983-07-09,344.0,
02WB003,1983-08-09,396.0,
02WB003,1983-09-09,492.0,
02WB003,1983-10-09,620.0,
02WB003,1983-11-09,665.0,
02WB003,1983-12-09,295.0,
02WB003,1984-01-09,154.0,E
02WB003,1984-02-09,105.0,E
02WB003,1984-03-09,81.5,E
02WB003,1984-04-09,196.0,E
02WB003,1984-05-09,970.0,
02WB003,1984-06-09,887.0,
02WB003,1984-07-09,462.0,
02WB003,1984-08-09,246.0,
02WB003,1984-09-09,503.0,
02WB003,1984-10-09,289.0,
02WB003,1984-11-09,158.0,
02WB003,1984-12-09,157.0,E
02WB003,1985-01-09,90.5,E
02WB003,1985-02-09,65.0,E
02WB003,1985-03-09,57.59999847412109,E
02WB003,1985-04-09,69.0,E
02WB003,1985-05-09,197.0,E
02WB003,1985-06-09,1080.0,
02WB003,1985-07-09,437.0,
02WB003,1985-08-09,434.0,
02WB003,1985-09-09,283.0,
02WB003,1985-10-09,488.0,
02WB003,1985-11-09,247.0,
02WB003,1985-12-09,116.0,E
02WB003,1986-01-09,92.5,E
02WB003,1986-02-09,116.0,E
02WB003,1986-03-09,70.5,E
02WB003,1986-04-09,67.5,E
02WB003,1986-05-09,899.0,
02WB003,1986-06-09,373.0,
02WB003,1986-07-09,521.0,
02WB003,1986-08-09,285.0,
02WB003,1986-09-09,215.0,
02WB003,1986-10-09,348.0,
02WB003,1986-11-09,191.0,
02WB003,1986-12-09,99.5,E
02WB003,1987-01-09,65.0,E
02WB003,1987-02-09,54.09999847412109,E
02WB003,1987-03-09,50.0,E
02WB003,1987-04-09,360.0,E
02WB003,1987-05-09,774.0,
02WB003,1987-06-09,500.0,E
02WB003,1987-07-09,272.0,
02WB003,1987-08-09,520.0,
02WB003,1987-09-09,239.0,
02WB003,1987-10-09,766.0,
02WB003,1987-11-09,356.0,
02WB003,1987-12-09,225.0,E
02WB003,1988-01-09,128.0,E
02WB003,1988-02-09,90.0,E
02WB003,1988-03-09,93.0,E
02WB003,1988-04-09,152.0,E
02WB003,1988-05-09,806.0,
02WB003,1988-06-09,871.0,
02WB003,1988-07-09,549.0,
02WB003,1988-08-09,136.0,
02WB003,1988-09-09,148.0,
02WB003,1988-10-09,258.0,
02WB003,1988-11-09,456.0,
02WB003,1988-12-09,211.0,E
02WB003,1989-01-09,103.0,E
02WB003,1989-02-09,66.9000015258789,E
02WB003,1989-03-09,53.0,E
02WB003,1989-04-09,57.70000076293945,E
02WB003,1989-05-09,1160.0,
02WB003,1989-06-09,897.0,
02WB003,1989-07-09,384.0,
02WB003,1989-08-09,660.0,
02WB003,1989-09-09,584.0,
02WB003,1989-10-09,416.0,
02WB003,1989-11-09,341.0,
02WB003,1989-12-09,166.0,E
02WB003,1990-01-09,94.4000015258789,E
02WB003,1990-02-09,72.69999694824219,
02WB003,1990-03-09,59.09999847412109,E
02WB003,1990-04-09,94.9000015258789,E
02WB003,1990-05-09,718.0,
02WB003,1990-06-09,756.0,
02WB003,1990-07-09,336.0,
02WB003,1990-08-09,382.0,
02WB003,1990-09-09,171.0,
02WB003,1990-10-09,252.0,
02WB003,1990-11-09,101.0,E
02WB003,1990-12-09,154.0,E
02WB003,1991-01-09,109.0,E
02WB003,1991-02-09,78.4000015258789,
02WB003,1991-03-09,63.20000076293945,E
02WB003,1991-04-09,62.5,E
02WB003,1991-05-09,502.0,E
02WB003,1991-06-09,868.0,
02WB003,1991-07-09,504.0,
02WB003,1991-08-09,264.0,
02WB003,1991-09-09,149.0,
02WB003,1991-10-09,523.0,
02WB003,1991-11-09,318.0,
02WB003,1991-12-09,106.0,
02WB003,1992-01-09,87.5,E
02WB003,1992-02-09,67.69999694824219,E
02WB003,1992-03-09,50.70000076293945,E
02WB003,1992-04-09,70.69999694824219,E
02WB003,1992-05-09,119.0,
02WB003,1992-06-09,702.0,
02WB003,1992-07-09,464.0,
02WB003,1992-08-09,592.0,
02WB003,1992-09-09,377.0,
02WB003,1992-10-09,258.0,
02WB003,1992-11-09,315.0,
02WB003,1992-12-09,124.0,E
02WB003,1993-01-09,65.69999694824219,E
02WB003,1993-02-09,51.09999847412109,
02WB003,1993-03-09,46.79999923706055,E
02WB003,1993-04-09,44.79999923706055,E
02WB003,1993-05-09,815.0,
02WB003,1993-06-09,629.0,
02WB003,1993-07-09,351.0,
02WB003,1993-08-09,291.0,
02WB003,1993-09-09,304.0,
02WB003,1993-10-09,594.0,
02WB003,1993-11-09,335.0,
02WB003,1993-12-09,130.0,E
02WB003,1994-01-09,104.0,E
02WB003,1994-02-09,91.1999969482422,
02WB003,1994-03-09,74.80000305175781,E
02WB003,1994-04-09,70.5,E
02WB003,1994-05-09,394.0,
02WB003,1994-06-09,1050.0,
02WB003,1994-07-09,544.0,
02WB003,1994-08-09,458.0,
02WB003,1994-09-09,332.0,
02WB003,1994-10-09,480.0,
02WB003,1994-11-09,510.0,
02WB003,1994-12-09,154.0,E
02WB003,1995-01-09,107.0,E
02WB003,1995-02-09,86.80000305175781,
02WB003,1995-03-09,76.69999694824219,E
02WB003,1995-04-09,82.0999984741211,E
02WB003,1995-05-09,797.0,
02WB003,1995-06-09,616.0,
02WB003,1995-07-09,242.0,
02WB003,1995-08-09,153.0,
02WB003,1995-09-09,136.0,
02WB003,1995-10-09,290.0,
02WB003,1995-11-09,663.0,
02WB003,1995-12-09,184.0,E
02WB003,1996-01-09,102.0,E
02WB003,1996-02-09,98.6999969482422,E
02WB003,1996-03-09,197.0,E
02WB003,1996-04-09,177.0,
02WB003,1996-05-09,990.0,
02WB003,1996-06-09,823.0,
02WB003,1996-07-09,579.0,
02WB003,1996-08-09,386.0,
02WB003,1996-09-09,151.0,
02WB003,1996-10-09,230.0,
02WB003,1996-11-09,253.0,
02WB003,1996-12-09,289.0,E
02WB003,1997-01-09,143.0,E
02WB003,1997-02-09,115.0,
02WB003,1997-03-09,103.0,E
02WB003,1997-04-09,98.0999984741211,E
02WB003,1997-05-09,561.0,
02WB003,1997-06-09,1050.0,
02WB003,1997-07-09,569.0,
02WB003,1997-08-09,261.0,
02WB003,1997-09-09,507.0,
02WB003,1997-10-09,419.0,
02WB003,1997-11-09,287.0,
02WB003,1997-12-09,166.0,E
02WB003,1998-01-09,101.0,E
02WB003,1998-02-09,88.30000305175781,
02WB003,1998-03-09,153.0,E
02WB003,1998-04-09,148.0,E
02WB003,1998-05-09,1340.0,
02WB003,1998-06-09,746.0,
02WB003,1998-07-09,354.0,
02WB003,1998-08-09,253.0,
02WB003,1998-09-09,265.0,
02WB003,1998-10-09,618.0,
02WB003,1998-11-09,567.0,
02WB003,1998-12-09,175.0,B
02WB003,1999-01-09,114.0,B
02WB003,1999-02-09,86.19999694824219,
02WB003,1999-03-09,140.0,B
02WB003,1999-04-09,162.0,
02WB003,1999-05-09,1730.0,
02WB003,1999-06-09,735.0,
02WB003,1999-07-09,264.0,
02WB003,1999-08-09,428.0,
02WB003,1999-09-09,240.0,
02WB003,1999-10-09,362.0,
02WB003,1999-11-09,493.0,
02WB003,1999-12-09,223.0,
02WB003,2000-01-09,150.0,E
02WB003,2000-02-09,109.0,E
02WB003,2000-03-09,94.5,E
02WB003,2000-04-09,171.0,B
02WB003,2000-05-09,682.0,
02WB003,2000-06-09,1280.0,
02WB003,2000-07-09,1060.0,
02WB003,2000-08-09,377.0,
02WB003,2000-09-09,178.0,
02WB003,2000-10-09,199.0,
02WB003,2000-11-09,225.0,
02WB003,2000-12-09,120.0,B
02WB003,2001-01-09,97.4000015258789,B
02WB003,2001-02-09,84.30000305175781,
02WB003,2001-03-09,77.5999984741211,B
02WB003,2001-04-09,75.4000015258789,B
02WB003,2001-05-09,466.0,
02WB003,2001-06-09,568.0,
02WB003,2001-07-09,432.0,
02WB003,2001-08-09,240.0,
02WB003,2001-09-09,203.0,
02WB003,2001-10-09,337.0,
02WB003,2001-11-09,584.0,
02WB003,2001-12-09,210.0,
02WB003,2002-01-09,109.0,
02WB003,2002-02-09,83.80000305175781,
02WB003,2002-03-09,161.0,
02WB003,2002-04-09,139.0,
02WB003,2002-05-09,307.0,
02WB003,2002-06-09,1110.0,
02WB003,2002-07-09,913.0,
02WB003,2002-08-09,495.0,
02WB003,2002-09-09,548.0,
02WB003,2002-10-09,273.0,
02WB003,2002-11-09,246.0,
02WB003,2002-12-09,186.0,
02WB003,2003-01-09,115.0,
02WB003,2003-02-09,89.30000305175781,
02WB003,2003-03-09,75.5999984741211,
02WB003,2003-04-09,68.5,
02WB003,2003-05-09,428.0,
02WB003,2003-06-09,940.0,
02WB003,2003-07-09,441.0,
02WB003,2003-08-09,250.0,
02WB003,2003-09-09,180.0,
02WB003,2003-10-09,330.0,
02WB003,2003-11-09,433.0,
02WB003,2003-12-09,227.0,
02WB003,2004-01-09,131.0,
02WB003,2004-02-09,99.1999969482422,
02WB003,2004-03-09,84.0,
02WB003,2004-04-09,103.0,
02WB003,2004-05-09,1050.0,
02WB003,2004-06-09,1530.0,
02WB003,2004-07-09,402.0,
02WB003,2004-08-09,191.0,
02WB003,2004-09-09,177.0,
02WB003,2004-10-09,263.0,
02WB003,2004-11-09,200.0,
02WB003,2004-12-09,191.0,
02WB003,2005-01-09,131.0,
02WB003,2005-02-09,108.0,
02WB003,2005-03-09,112.0,
02WB003,2005-04-09,155.0,
02WB003,2005-05-09,1170.0,
02WB003,2005-06-09,477.0,
02WB003,2005-07-09,174.0,
02WB003,2005-08-09,93.0,
02WB003,2005-09-09,390.0,
02WB003,2005-10-09,263.0,
02WB003,2005-11-09,197.0,
02WB003,2005-12-09,391.0,
02WB003,2006-01-09,136.0,
02WB003,2006-02-09,133.0,
02WB003,2006-03-09,94.5,
02WB003,2006-04-09,185.0,
02WB003,2006-05-09,1760.0,
02WB003,2006-06-09,366.0,
02WB003,2006-07-09,290.0,
02WB003,2006-08-09,368.0,
02WB003,2006-09-09,186.0,
02WB003,2006-10-09,185.0,
02WB003,2006-11-09,229.0,
02WB003,2006-12-09,187.0,
02WB003,2007-01-09,121.0,
02WB003,2007-02-09,102.0,
02WB003,2007-03-09,94.3000030517578,
02WB003,2007-04-09,93.0999984741211,
02WB003,2007-05-09,750.0,
02WB003,2007-06-09,969.0,
02WB003,2007-07-09,611.0,
02WB003,2007-08-09,221.0,
02WB003,2007-09-09,121.0,
02WB003,2007-10-09,322.0,
02WB003,2007-11-09,521.0,
02WB003,2007-12-09,233.0,
02WB003,2008-01-09,120.0,
02WB003,2008-02-09,88.0,
02WB003,2008-03-09,73.5999984741211,
02WB003,2008-04-09,68.69999694824219,
02WB003,2008-05-09,1640.0,
02WB003,2008-06-09,529.0,
02WB003,2008-07-09,349.0,
02WB003,2008-08-09,213.0,
02WB003,2008-09-09,195.0,
02WB003,2008-10-09,481.0,
02WB003,2008-11-09,241.0,
02WB003,2008-12-09,216.0,
02WB003,2009-01-09,129.0,
02WB003,2009-02-09,105.0,
02WB003,2009-03-09,97.8000030517578,
02WB003,2009-04-09,117.0,
02WB003,2009-05-09,872.0,
02WB003,2009-06-09,810.0,
02WB003,2009-07-09,304.0,
02WB003,2009-08-09,213.0,
02WB003,2009-09-09,153.0,
02WB003,2009-10-09,658.0,
02WB003,2009-11-09,198.0,
02WB003,2009-12-09,196.0,
02WB003,2010-01-09,121.0,
02WB003,2010-02-09,94.0999984741211,
02WB003,2010-03-09,86.0999984741211,
02WB003,2010-04-09,355.0,
02WB003,2010-05-09,1140.0,
02WB003,2010-06-09,887.0,
02WB003,2010-07-09,488.0,
02WB003,2010-08-09,308.0,
02WB003,2010-09-09,169.0,
02WB003,2010-10-09,287.0,
02WB003,2010-11-09,760.0,
02WB003,2010-12-09,340.0,
02WB003,2011-01-09,164.0,
02WB003,2011-02-09,99.9000015258789,
02WB003,2011-03-09,83.80000305175781,
02WB003,2011-04-09,91.5,
02WB003,2011-05-09,892.0,
02WB003,2011-06-09,846.0,
02WB003,2011-07-09,746.0,
02WB003,2011-08-09,274.0,
02WB003,2011-09-09,294.0,
02WB003,2011-10-09,147.0,
02WB003,2011-11-09,217.0,
02WB003,2011-12-09,213.0,
02WB003,2012-01-09,148.0,B
02WB003,2012-02-09,106.0,B
02WB003,2012-03-09,85.19999694824219,B
02WB003,2012-04-09,91.8000030517578,B
02WB003,2012-05-09,1490.0,
02WB003,2012-06-09,472.0,
02WB003,2012-07-09,309.0,
02WB003,2012-08-09,190.0,
02WB003,2012-09-09,244.0,
02WB003,2012-10-09,436.0,
02WB003,2012-11-09,513.0,
02WB003,2012-12-09,201.0,B
02WB003,2013-01-09,123.0,B
02WB003,2013-02-09,95.0,B
02WB003,2013-03-09,86.30000305175781,B
02WB003,2013-04-09,144.0,B
02WB003,2013-05-09,1470.0,
02WB003,2013-06-09,771.0,
02WB003,2013-07-09,233.0,
02WB003,2013-08-09,349.0,
02WB003,2013-09-09,307.0,
02WB003,2013-10-09,360.0,
02WB003,2013-11-09,352.0,
02WB003,2013-12-09,221.0,B
02WB003,2014-01-09,109.0,B
02WB003,2014-02-09,75.5999984741211,B
02WB003,2014-03-09,61.400001525878906,B
02WB003,2014-04-09,58.09999847412109,B
02WB003,2014-05-09,394.0,B
02WB003,2014-06-09,558.0,
02WB003,2014-07-09,524.0,
02WB003,2014-08-09,251.0,
02WB003,2014-09-09,283.0,
02WB003,2014-10-09,221.0,
02WB003,2014-11-09,327.0,
02WB003,2014-12-09,151.0,B
02WB003,2015-01-09,105.0,B
02WB003,2015-02-09,81.19999694824219,B
02WB003,2015-03-09,69.5,B
02WB003,2015-04-09,63.0,B
02WB003,2015-05-09,1150.0,
02WB003,2015-06-09,948.0,
02WB003,2015-07-09,337.0,
02WB003,2015-08-09,616.0,
02WB003,2015-09-09,471.0,
02WB003,2015-10-09,216.0,
02WB003,2015-11-09,233.0,
02WB003,2015-12-09,174.0,B
02WB003,2016-01-09,81.0999984741211,B
02WB003,2016-02-09,79.4000015258789,B
02WB003,2016-03-09,94.8000030517578,B
02WB003,2016-04-09,96.5999984741211,B
02WB003,2016-05-09,1260.0,
02WB003,2016-06-09,796.0,
02WB003,2016-07-09,534.0,
02WB003,2016-08-09,577.0,
02WB003,2016-09-09,308.0,
02WB003,2016-10-09,242.0,
02WB003,2016-11-09,,
02WB003,2017-05-09,,
02WB003,2017-06-09,652.0,
02WB003,2017-07-09,491.0,
02WB003,2017-08-09,450.0,
02WB003,2017-09-09,549.0,
02WB003,2017-10-09,336.0,
02WB003,2017-11-09,563.0,
02WB003,2018-05-09,,
02WB003,2018-06-09,1500.0,
02WB003,2018-07-09,394.0,
02WB003,2018-08-09,431.0,
02WB003,2018-09-09,246.0,
02WB003,2018-10-09,205.0,
02WB003,2018-11-09,364.0,
02WB003,2019-05-09,,
02WB003,2019-06-09,1680.0,
02WB003,2019-07-09,365.0,
02WB003,2019-08-09,431.0,
02WB003,2019-09-09,378.0,
02WB003,2019-10-09,202.0,
02WB003,2019-11-09,315.0,
02WB003,2020-05-09,558.0,
02WB003,2020-06-09,1100.0,
02WB003,2020-07-09,345.0,
02WB003,2020-08-09,299.0,
02WB003,2020-09-09,258.0,
02WB003,2020-10-09,365.0,
02WB003,2020-11-09,602.0,
02WB003,2021-04-09,,
02WB003,2021-05-09,1250.0,
02WB003,2021-06-09,613.0,
02WB003,2021-07-09,313.0,
02WB003,2021-08-09,205.0,
02WB003,2021-09-09,367.0,
02WB003,2021-10-09,477.0,
02WB003,2021-11-09,302.0,
02WB003,2021-12-09,,
02WB003,2022-05-09,527.0,
02WB003,2022-06-09,1110.0,
02WB003,2022-07-09,319.0,
02WB003,2022-08-09,367.0,
02WB003,2022-09-09,193.0,
02WB003,2022-10-09,405.0,
02WB003,2022-11-09,285.0,
02WB003,2023-04-09,,
02WB003,2023-05-09,963.0,
02WB003,2023-06-09,418.0,
02WB003,2023-07-09,310.0,
02WB003,2023-08-09,406.0,
02WB003,2023-09-09,442.0,
02WB003,2023-10-09,359.0,
02WB003,2023-11-09,,
02WB003,2024-04-09,,
02WB003,2024-05-09,999.0,
02WB003,2024-06-09,534.0,
02WB003,2024-07-09,169.0,
02WB003,2024-08-09,147.0,
02WB003,2024-09-09,96.5,
02WB003,1980-06-10,,
02WB003,1980-08-10,,
02WB003,1980-10-10,,
02WB003,1981-01-10,,
02WB003,1981-03-10,,
02WB003,1981-08-10,,
02WB003,1981-10-10,494.0,
02WB003,1981-11-10,482.0,
02WB003,1981-12-10,440.0,E
02WB003,1982-01-10,185.0,E
02WB003,1982-02-10,114.0,E
02WB003,1982-03-10,83.0,E
02WB003,1982-04-10,114.0,E
02WB003,1982-05-10,694.0,
02WB003,1982-06-10,1560.0,
02WB003,1982-07-10,615.0,
02WB003,1982-08-10,279.0,
02WB003,1982-09-10,324.0,
02WB003,1982-10-10,213.0,
02WB003,1982-11-10,360.0,
02WB003,1982-12-10,164.0,E
02WB003,1983-01-10,121.0,E
02WB003,1983-02-10,159.0,E
02WB003,1983-03-10,97.5,E
02WB003,1983-04-10,167.0,E
02WB003,1983-05-10,1400.0,
02WB003,1983-06-10,784.0,
02WB003,1983-07-10,346.0,
02WB003,1983-08-10,378.0,
02WB003,1983-09-10,510.0,
02WB003,1983-10-10,580.0,
02WB003,1983-11-10,662.0,
02WB003,1983-12-10,279.0,
02WB003,1984-01-10,152.0,E
02WB003,1984-02-10,104.0,E
02WB003,1984-03-10,81.0,E
02WB003,1984-04-10,197.0,E
02WB003,1984-05-10,992.0,
02WB003,1984-06-10,850.0,
02WB003,1984-07-10,445.0,
02WB003,1984-08-10,233.0,
02WB003,1984-09-10,457.0,
02WB003,1984-10-10,282.0,
02WB003,1984-11-10,134.0,
02WB003,1984-12-10,154.0,E
02WB003,1985-01-10,89.0,E
02WB003,1985-02-10,64.5,E
02WB003,1985-03-10,57.59999847412109,E
02WB003,1985-04-10,69.5,E
02WB003,1985-05-10,199.0,E
02WB003,1985-06-10,1040.0,
02WB003,1985-07-10,471.0,
02WB003,1985-08-10,410.0,
02WB003,1985-09-10,289.0,
02WB003,1985-10-10,473.0,
02WB003,1985-11-10,254.0,
02WB003,1985-12-10,114.0,E
02WB003,1986-01-10,90.5,E
02WB003,1986-02-10,114.0,E
02WB003,1986-03-10,69.0,E
02WB003,1986-04-10,71.0,E
02WB003,1986-05-10,895.0,
02WB003,1986-06-10,390.0,
02WB003,1986-07-10,507.0,
02WB003,1986-08-10,278.0,
02WB003,1986-09-10,227.0,
02WB003,1986-10-10,346.0,
02WB003,1986-11-10,201.0,
02WB003,1986-12-10,97.5,E
02WB003,1987-01-10,64.5,E
02WB003,1987-02-10,54.0,E
02WB003,1987-03-10,50.0,E
02WB003,1987-04-10,368.0,E
02WB003,1987-05-10,783.0,
02WB003,1987-06-10,530.0,E
02WB003,1987-07-10,263.0,
02WB003,1987-08-10,464.0,
02WB003,1987-09-10,289.0,
02WB003,1987-10-10,736.0,
02WB003,1987-11-10,339.0,
02WB003,1987-12-10,213.0,E
02WB003,1988-01-10,127.0,E
02WB003,1988-02-10,89.0,E
02WB003,1988-03-10,91.0,E
02WB003,1988-04-10,156.0,E
02WB003,1988-05-10,804.0,
02WB003,1988-06-10,821.0,
02WB003,1988-07-10,508.0,
02WB003,1988-08-10,143.0,
02WB003,1988-09-10,143.0,
02WB003,1988-10-10,248.0,
02WB003,1988-11-10,441.0,
02WB003,1988-12-10,205.0,E
02WB003,1989-01-10,101.0,E
02WB003,1989-02-10,66.30000305175781,E
02WB003,1989-03-10,52.59999847412109,E
02WB003,1989-04-10,60.70000076293945,E
02WB003,1989-05-10,1430.0,
02WB003,1989-06-10,820.0,
02WB003,1989-07-10,367.0,
02WB003,1989-08-10,690.0,
02WB003,1989-09-10,545.0,
02WB003,1989-10-10,423.0,
02WB003,1989-11-10,405.0,
02WB003,1989-12-10,162.0,E
02WB003,1990-01-10,93.5999984741211,E
02WB003,1990-02-10,72.0999984741211,
02WB003,1990-03-10,58.70000076293945,E
02WB003,1990-04-10,94.6999969482422,E
02WB003,1990-05-10,712.0,
02WB003,1990-06-10,710.0,
02WB003,1990-07-10,330.0,
02WB003,1990-08-10,357.0,
02WB003,1990-09-10,176.0,
02WB003,1990-10-10,248.0,
02WB003,1990-11-10,100.0,E
02WB003,1990-12-10,154.0,E
02WB003,1991-01-10,109.0,E
02WB003,1991-02-10,77.4000015258789,
02WB003,1991-03-10,63.59999847412109,E
02WB003,1991-04-10,62.0,E
02WB003,1991-05-10,544.0,E
02WB003,1991-06-10,835.0,
02WB003,1991-07-10,521.0,
02WB003,1991-08-10,249.0,
02WB003,1991-09-10,141.0,
02WB003,1991-10-10,456.0,
02WB003,1991-11-10,294.0,
02WB003,1991-12-10,104.0,
02WB003,1992-01-10,86.9000015258789,E
02WB003,1992-02-10,67.30000305175781,E
02WB003,1992-03-10,50.5,E
02WB003,1992-04-10,69.5,E
02WB003,1992-05-10,160.0,
02WB003,1992-06-10,792.0,
02WB003,1992-07-10,506.0,
02WB003,1992-08-10,559.0,
02WB003,1992-09-10,363.0,
02WB003,1992-10-10,249.0,
02WB003,1992-11-10,281.0,
02WB003,1992-12-10,121.0,E
02WB003,1993-01-10,64.9000015258789,E
02WB003,1993-02-10,50.900001525878906,
02WB003,1993-03-10,46.70000076293945,E
02WB003,1993-04-10,44.79999923706055,E
02WB003,1993-05-10,799.0,
02WB003,1993-06-10,592.0,
02WB003,1993-07-10,326.0,
02WB003,1993-08-10,282.0,
02WB003,1993-09-10,288.0,
02WB003,1993-10-10,593.0,
02WB003,1993-11-10,316.0,
02WB003,1993-12-10,128.0,E
02WB003,1994-01-10,103.0,E
02WB003,1994-02-10,90.8000030517578,
02WB003,1994-03-10,74.4000015258789,E
02WB003,1994-04-10,70.19999694824219,E
02WB003,1994-05-10,502.0,
02WB003,1994-06-10,1000.0,
02WB003,1994-07-10,533.0,
02WB003,1994-08-10,439.0,
02WB003,1994-09-10,352.0,
02WB003,1994-10-10,454.0,
02WB003,1994-11-10,486.0,
02WB003,1994-12-10,152.0,E
02WB003,1995-01-10,106.0,E
02WB003,1995-02-10,86.5999984741211,
02WB003,1995-03-10,76.69999694824219,E
02WB003,1995-04-10,82.5999984741211,E
02WB003,1995-05-10,828.0,
02WB003,1995-06-10,684.0,
02WB003,1995-07-10,280.0,
02WB003,1995-08-10,141.0,
02WB003,1995-09-10,146.0,
02WB003,1995-10-10,278.0,
02WB003,1995-11-10,932.0,
02WB003,1995-12-10,181.0,E
02WB003,1996-01-10,101.0,E
02WB003,1996-02-10,97.5999984741211,E
02WB003,1996-03-10,189.0,E
02WB003,1996-04-10,177.0,
02WB003,1996-05-10,897.0,
02WB003,1996-06-10,751.0,
02WB003,1996-07-10,560.0,
02WB003,1996-08-10,369.0,
02WB003,1996-09-10,150.0,
02WB003,1996-10-10,250.0,
02WB003,1996-11-10,298.0,
02WB003,1996-12-10,273.0,E
02WB003,1997-01-10,142.0,E
02WB003,1997-02-10,114.0,
02WB003,1997-03-10,103.0,E
02WB003,1997-04-10,98.0,E
02WB003,1997-05-10,577.0,
02WB003,1997-06-10,1050.0,
02WB003,1997-07-10,556.0,
02WB003,1997-08-10,250.0,
02WB003,1997-09-10,506.0,
02WB003,1997-10-10,416.0,
02WB003,1997-11-10,300.0,
02WB003,1997-12-10,162.0,E
02WB003,1998-01-10,101.0,E
02WB003,1998-02-10,87.80000305175781,
02WB003,1998-03-10,189.0,E
02WB003,1998-04-10,147.0,E
02WB003,1998-05-10,1560.0,
02WB003,1998-06-10,700.0,
02WB003,1998-07-10,350.0,
02WB003,1998-08-10,242.0,
02WB003,1998-09-10,272.0,
02WB003,1998-10-10,575.0,
02WB003,1998-11-10,501.0,
02WB003,1998-12-10,172.0,B
02WB003,1999-01-10,113.0,B
02WB003,1999-02-10,85.69999694824219,
02WB003,1999-03-10,151.0,B
02WB003,1999-04-10,160.0,E
02WB003,1999-05-10,1970.0,
02WB003,1999-06-10,681.0,
02WB003,1999-07-10,287.0,
02WB003,1999-08-10,442.0,
02WB003,1999-09-10,249.0,
02WB003,1999-10-10,363.0,
02WB003,1999-11-10,427.0,
02WB003,1999-12-10,220.0,
02WB003,2000-01-10,148.0,E
02WB003,2000-02-10,109.0,E
02WB003,2000-03-10,94.0999984741211,E
02WB003,2000-04-10,191.0,B
02WB003,2000-05-10,731.0,
02WB003,2000-06-10,1260.0,
02WB003,2000-07-10,1030.0,
02WB003,2000-08-10,400.0,
02WB003,2000-09-10,172.0,
02WB003,2000-10-10,197.0,
02WB003,2000-11-10,226.0,
02WB003,2000-12-10,118.0,B
02WB003,2001-01-10,96.8000030517578,B
02WB003,2001-02-10,84.30000305175781,
02WB003,2001-03-10,77.30000305175781,B
02WB003,2001-04-10,75.4000015258789,B
02WB003,2001-05-10,677.0,
02WB003,2001-06-10,579.0,
02WB003,2001-07-10,495.0,
02WB003,2001-08-10,245.0,
02WB003,2001-09-10,197.0,
02WB003,2001-10-10,344.0,
02WB003,2001-11-10,580.0,
02WB003,2001-12-10,207.0,
02WB003,2002-01-10,109.0,
02WB003,2002-02-10,83.80000305175781,
02WB003,2002-03-10,160.0,
02WB003,2002-04-10,139.0,
02WB003,2002-05-10,334.0,
02WB003,2002-06-10,1040.0,
02WB003,2002-07-10,873.0,
02WB003,2002-08-10,711.0,
02WB003,2002-09-10,508.0,
02WB003,2002-10-10,264.0,
02WB003,2002-11-10,240.0,
02WB003,2002-12-10,173.0,
02WB003,2003-01-10,113.0,
02WB003,2003-02-10,88.69999694824219,
02WB003,2003-03-10,75.19999694824219,
02WB003,2003-04-10,68.4000015258789,
02WB003,2003-05-10,489.0,
02WB003,2003-06-10,861.0,
02WB003,2003-07-10,511.0,
02WB003,2003-08-10,238.0,
02WB003,2003-09-10,174.0,
02WB003,2003-10-10,301.0,
02WB003,2003-11-10,363.0,
02WB003,2003-12-10,219.0,
02WB003,2004-01-10,130.0,
02WB003,2004-02-10,98.5,
02WB003,2004-03-10,83.5999984741211,
02WB003,2004-04-10,106.0,
02WB003,2004-05-10,1000.0,
02WB003,2004-06-10,1480.0,
02WB003,2004-07-10,387.0,
02WB003,2004-08-10,190.0,
02WB003,2004-09-10,184.0,
02WB003,2004-10-10,244.0,
02WB003,2004-11-10,176.0,
02WB003,2004-12-10,185.0,
02WB003,2005-01-10,128.0,
02WB003,2005-02-10,108.0,
02WB003,2005-03-10,123.0,
02WB003,2005-04-10,163.0,
02WB003,2005-05-10,1510.0,
02WB003,2005-06-10,460.0,
02WB003,2005-07-10,160.0,
02WB003,2005-08-10,95.8000030517578,
02WB003,2005-09-10,361.0,
02WB003,2005-10-10,263.0,
02WB003,2005-11-10,194.0,
02WB003,2005-12-10,355.0,
02WB003,2006-01-10,135.0,
02WB003,2006-02-10,131.0,
02WB003,2006-03-10,94.1999969482422,
02WB003,2006-04-10,188.0,
02WB003,2006-05-10,1650.0,
02WB003,2006-06-10,346.0,
02WB003,2006-07-10,270.0,
02WB003,2006-08-10,343.0,
02WB003,2006-09-10,176.0,
02WB003,2006-10-10,178.0,
02WB003,2006-11-10,250.0,
02WB003,2006-12-10,183.0,
02WB003,2007-01-10,120.0,
02WB003,2007-02-10,102.0,
02WB003,2007-03-10,94.1999969482422,
02WB003,2007-04-10,93.4000015258789,
02WB003,2007-05-10,908.0,
02WB003,2007-06-10,992.0,
02WB003,2007-07-10,732.0,
02WB003,2007-08-10,214.0,
02WB003,2007-09-10,118.0,
02WB003,2007-10-10,304.0,
02WB003,2007-11-10,480.0,
02WB003,2007-12-10,225.0,
02WB003,2008-01-10,118.0,
02WB003,2008-02-10,87.30000305175781,
02WB003,2008-03-10,73.30000305175781,
02WB003,2008-04-10,70.30000305175781,
02WB003,2008-05-10,1550.0,
02WB003,2008-06-10,548.0,
02WB003,2008-07-10,360.0,
02WB003,2008-08-10,204.0,
02WB003,2008-09-10,213.0,
02WB003,2008-10-10,441.0,
02WB003,2008-11-10,260.0,
02WB003,2008-12-10,206.0,
02WB003,2009-01-10,128.0,
02WB003,2009-02-10,105.0,
02WB003,2009-03-10,97.6999969482422,
02WB003,2009-04-10,121.0,
02WB003,2009-05-10,1060.0,
02WB003,2009-06-10,796.0,
02WB003,2009-07-10,274.0,
02WB003,2009-08-10,203.0,
02WB003,2009-09-10,146.0,
02WB003,2009-10-10,643.0,
02WB003,2009-11-10,212.0,
02WB003,2009-12-10,190.0,
02WB003,2010-01-10,120.0,
02WB003,2010-02-10,93.5999984741211,
02WB003,2010-03-10,85.0,
02WB003,2010-04-10,445.0,
02WB003,2010-05-10,1240.0,
02WB003,2010-06-10,983.0,
02WB003,2010-07-10,461.0,
02WB003,2010-08-10,298.0,
02WB003,2010-09-10,172.0,
02WB003,2010-10-10,314.0,
02WB003,2010-11-10,693.0,
02WB003,2010-12-10,307.0,
02WB003,2011-01-10,160.0,
02WB003,2011-02-10,99.0,
02WB003,2011-03-10,83.5,
02WB003,2011-04-10,91.1999969482422,
02WB003,2011-05-10,991.0,
02WB003,2011-06-10,807.0,
02WB003,2011-07-10,698.0,
02WB003,2011-08-10,309.0,
02WB003,2011-09-10,265.0,
02WB003,2011-10-10,144.0,
02WB003,2011-11-10,213.0,
02WB003,2011-12-10,208.0,
02WB003,2012-01-10,146.0,B
02WB003,2012-02-10,105.0,B
02WB003,2012-03-10,84.69999694824219,B
02WB003,2012-04-10,93.0999984741211,B
02WB003,2012-05-10,1530.0,
02WB003,2012-06-10,442.0,
02WB003,2012-07-10,409.0,
02WB003,2012-08-10,200.0,
02WB003,2012-09-10,265.0,
02WB003,2012-10-10,442.0,
02WB003,2012-11-10,484.0,
02WB003,2012-12-10,198.0,B
02WB003,2013-01-10,121.0,B
02WB003,2013-02-10,94.5,B
02WB003,2013-03-10,86.19999694824219,B
02WB003,2013-04-10,141.0,B
02WB003,2013-05-10,1530.0,
02WB003,2013-06-10,720.0,
02WB003,2013-07-10,223.0,
02WB003,2013-08-10,372.0,
02WB003,2013-09-10,295.0,
02WB003,2013-10-10,430.0,
02WB003,2013-11-10,348.0,
02WB003,2013-12-10,213.0,B
02WB003,2014-01-10,107.0,B
02WB003,2014-02-10,74.9000015258789,B
02WB003,2014-03-10,61.0,B
02WB003,2014-04-10,58.70000076293945,B
02WB003,2014-05-10,448.0,B
02WB003,2014-06-10,526.0,
02WB003,2014-07-10,484.0,
02WB003,2014-08-10,238.0,
02WB003,2014-09-10,271.0,
02WB003,2014-10-10,220.0,
02WB003,2014-11-10,284.0,B
02WB003,2014-12-10,149.0,B
02WB003,2015-01-10,104.0,B
02WB003,2015-02-10,80.69999694824219,B
02WB003,2015-03-10,69.19999694824219,B
02WB003,2015-04-10,62.79999923706055,B
02WB003,2015-05-10,978.0,
02WB003,2015-06-10,927.0,
02WB003,2015-07-10,336.0,
02WB003,2015-08-10,573.0,
02WB003,2015-09-10,542.0,
02WB003,2015-10-10,214.0,
02WB003,2015-11-10,220.0,
02WB003,2015-12-10,164.0,B
02WB003,2016-01-10,79.0999984741211,B
02WB003,2016-02-10,78.69999694824219,B
02WB003,2016-03-10,93.6999969482422,B
02WB003,2016-04-10,107.0,B
02WB003,2016-05-10,1430.0,
02WB003,2016-06-10,1030.0,
02WB003,2016-07-10,490.0,
02WB003,2016-08-10,601.0,
02WB003,2016-09-10,304.0,
02WB003,2016-10-10,238.0,
02WB003,2016-11-10,,
02WB003,2017-05-10,,
02WB003,2017-06-10,615.0,
02WB003,2017-07-10,545.0,
02WB003,2017-08-10,430.0,
02WB003,2017-09-10,626.0,
02WB003,2017-10-10,334.0,
02WB003,2017-11-10,507.0,
02WB003,2018-05-10,,
02WB003,2018-06-10,1490.0,
02WB003,2018-07-10,380.0,
02WB003,2018-08-10,515.0,
02WB003,2018-09-10,234.0,
02WB003,2018-10-10,198.0,
02WB003,2018-11-10,374.0,
02WB003,2019-05-10,,
02WB003,2019-06-10,1560.0,
02WB003,2019-07-10,348.0,
02WB003,2019-08-10,455.0,
02WB003,2019-09-10,408.0,
02WB003,2019-10-10,198.0,
02WB003,2019-11-10,280.0,
02WB003,2020-05-10,597.0,
02WB003,2020-06-10,995.0,
02WB003,2020-07-10,345.0,
02WB003,2020-08-10,270.0,
02WB003,2020-09-10,246.0,
02WB003,2020-10-10,446.0,
02WB003,2020-11-10,557.0,
02WB003,2021-04-10,,
02WB003,2021-05-10,1300.0,
02WB003,2021-06-10,593.0,
02WB003,2021-07-10,294.0,
02WB003,2021-08-10,202.0,
02WB003,2021-09-10,451.0,
02WB003,2021-10-10,438.0,
02WB003,2021-11-10,294.0,
02WB003,2021-12-10,,
02WB003,2022-05-10,526.0,
02WB003,2022-06-10,1060.0,
02WB003,2022-07-10,311.0,
02WB003,2022-08-10,340.0,
02WB003,2022-09-10,188.0,
02WB003,2022-10-10,487.0,
02WB003,2022-11-10,284.0,
02WB003,2023-04-10,,
02WB003,2023-05-10,891.0,
02WB003,2023-06-10,515.0,
02WB003,2023-07-10,294.0,
02WB003,2023-08-10,384.0,
02WB003,2023-09-10,642.0,
02WB003,2023-10-10,356.0,
02WB003,2023-11-10,,
02WB003,2024-04-10,,
02WB003,2024-05-10,988.0,
02WB003,2024-06-10,503.0,
02WB003,2024-07-10,164.0,
02WB003,2024-08-10,154.0,
02WB003,2024-09-10,103.0,
02WB003,1980-06-11,,
02WB003,1980-08-11,,
02WB003,1980-10-11,,
02WB003,1981-01-11,,
02WB003,1981-03-11,,
02WB003,1981-08-11,,
02WB003,1981-10-11,461.0,
02WB003,1981-11-11,474.0,
02WB003,1981-12-11,450.0,E
02WB003,1982-01-11,182.0,E
02WB003,1982-02-11,113.0,E
02WB003,1982-03-11,81.5,E
02WB003,1982-04-11,112.0,E
02WB003,1982-05-11,804.0,
02WB003,1982-06-11,1460.0,
02WB003,1982-07-11,593.0,
02WB003,1982-08-11,282.0,
02WB003,1982-09-11,314.0,
02WB003,1982-10-11,204.0,
02WB003,1982-11-11,306.0,
02WB003,1982-12-11,162.0,E
02WB003,1983-01-11,122.0,E
02WB003,1983-02-11,155.0,E
02WB003,1983-03-11,96.1999969482422,E
02WB003,1983-04-11,164.0,E
02WB003,1983-05-11,1260.0,
02WB003,1983-06-11,752.0,
02WB003,1983-07-11,340.0,
02WB003,1983-08-11,378.0,
02WB003,1983-09-11,490.0,
02WB003,1983-10-11,537.0,
02WB003,1983-11-11,577.0,
02WB003,1983-12-11,286.0,
02WB003,1984-01-11,148.0,E
02WB003,1984-02-11,103.0,E
02WB003,1984-03-11,80.5,E
02WB003,1984-04-11,195.0,E
02WB003,1984-05-11,990.0,
02WB003,1984-06-11,846.0,
02WB003,1984-07-11,421.0,
02WB003,1984-08-11,221.0,
02WB003,1984-09-11,421.0,
02WB003,1984-10-11,273.0,
02WB003,1984-11-11,168.0,
02WB003,1984-12-11,152.0,E
02WB003,1985-01-11,88.0,E
02WB003,1985-02-11,64.0,E
02WB003,1985-03-11,57.5,E
02WB003,1985-04-11,69.0,E
02WB003,1985-05-11,210.0,E
02WB003,1985-06-11,983.0,
02WB003,1985-07-11,478.0,
02WB003,1985-08-11,394.0,
02WB003,1985-09-11,315.0,
02WB003,1985-10-11,458.0,
02WB003,1985-11-11,231.0,
02WB003,1985-12-11,111.0,E
02WB003,1986-01-11,90.0,E
02WB003,1986-02-11,113.0,E
02WB003,1986-03-11,68.5,E
02WB003,1986-04-11,80.0,E
02WB003,1986-05-11,891.0,
02WB003,1986-06-11,396.0,
02WB003,1986-07-11,500.0,
02WB003,1986-08-11,264.0,
02WB003,1986-09-11,238.0,
02WB003,1986-10-11,335.0,
02WB003,1986-11-11,193.0,
02WB003,1986-12-11,95.5,E
02WB003,1987-01-11,64.0,E
02WB003,1987-02-11,53.79999923706055,E
02WB003,1987-03-11,50.0,E
02WB003,1987-04-11,363.0,E
02WB003,1987-05-11,753.0,
02WB003,1987-06-11,560.0,E
02WB003,1987-07-11,251.0,
02WB003,1987-08-11,416.0,
02WB003,1987-09-11,319.0,
02WB003,1987-10-11,698.0,
02WB003,1987-11-11,336.0,
02WB003,1987-12-11,207.0,E
02WB003,1988-01-11,126.0,E
02WB003,1988-02-11,88.0,E
02WB003,1988-03-11,89.0,E
02WB003,1988-04-11,157.0,E
02WB003,1988-05-11,880.0,
02WB003,1988-06-11,771.0,
02WB003,1988-07-11,473.0,
02WB003,1988-08-11,166.0,
02WB003,1988-09-11,137.0,
02WB003,1988-10-11,246.0,
02WB003,1988-11-11,438.0,
02WB003,1988-12-11,198.0,E
02WB003,1989-01-11,98.5999984741211,E
02WB003,1989-02-11,65.5999984741211,E
02WB003,1989-03-11,52.5,E
02WB003,1989-04-11,62.900001525878906,E
02WB003,1989-05-11,1370.0,
02WB003,1989-06-11,754.0,
02WB003,1989-07-11,345.0,
02WB003,1989-08-11,683.0,
02WB003,1989-09-11,538.0,
02WB003,1989-10-11,430.0,
02WB003,1989-11-11,484.0,
02WB003,1989-12-11,159.0,E
02WB003,1990-01-11,92.0999984741211,E
02WB003,1990-02-11,70.9000015258789,
02WB003,1990-03-11,58.70000076293945,E
02WB003,1990-04-11,94.5,E
02WB003,1990-05-11,694.0,
02WB003,1990-06-11,666.0,
02WB003,1990-07-11,325.0,
02WB003,1990-08-11,339.0,
02WB003,1990-09-11,181.0,
02WB003,1990-10-11,237.0,
02WB003,1990-11-11,106.0,E
02WB003,1990-12-11,152.0,E
02WB003,1991-01-11,107.0,E
02WB003,1991-02-11,76.5999984741211,
02WB003,1991-03-11,64.30000305175781,E
02WB003,1991-04-11,61.900001525878906,E
02WB003,1991-05-11,658.0,E
02WB003,1991-06-11,806.0,
02WB003,1991-07-11,587.0,
02WB003,1991-08-11,237.0,
02WB003,1991-09-11,133.0,
02WB003,1991-10-11,400.0,
02WB003,1991-11-11,265.0,
02WB003,1991-12-11,102.0,
02WB003,1992-01-11,85.5,E
02WB003,1992-02-11,66.30000305175781,E
02WB003,1992-03-11,49.900001525878906,E
02WB003,1992-04-11,67.9000015258789,E
02WB003,1992-05-11,231.0,
02WB003,1992-06-11,758.0,
02WB003,1992-07-11,515.0,
02WB003,1992-08-11,518.0,
02WB003,1992-09-11,351.0,
02WB003,1992-10-11,245.0,
02WB003,1992-11-11,286.0,
02WB003,1992-12-11,118.0,E
02WB003,1993-01-11,63.79999923706055,E
02WB003,1993-02-11,50.79999923706055,
02WB003,1993-03-11,46.59999847412109,E
02WB003,1993-04-11,45.29999923706055,E
02WB003,1993-05-11,752.0,
02WB003,1993-06-11,560.0,
02WB003,1993-07-11,305.0,
02WB003,1993-08-11,284.0,
02WB003,1993-09-11,328.0,
02WB003,1993-10-11,651.0,
02WB003,1993-11-11,291.0,
02WB003,1993-12-11,127.0,E
02WB003,1994-01-11,102.0,E
02WB003,1994-02-11,89.9000015258789,
02WB003,1994-03-11,74.19999694824219,E
02WB003,1994-04-11,69.5999984741211,E
02WB003,1994-05-11,712.0,
02WB003,1994-06-11,964.0,
02WB003,1994-07-11,549.0,
02WB003,1994-08-11,417.0,
02WB003,1994-09-11,371.0,
02WB003,1994-10-11,429.0,
02WB003,1994-11-11,465.0,
02WB003,1994-12-11,150.0,E
02WB003,1995-01-11,106.0,E
02WB003,1995-02-11,86.19999694824219,
02WB003,1995-03-11,76.5,E
02WB003,1995-04-11,83.19999694824219,E
02WB003,1995-05-11,853.0,
02WB003,1995-06-11,668.0,
02WB003,1995-07-11,354.0,
02WB003,1995-08-11,133.0,
02WB003,1995-09-11,147.0,
02WB003,1995-10-11,268.0,
02WB003,1995-11-11,857.0,
02WB003,1995-12-11,175.0,E
02WB003,1996-01-11,99.5999984741211,E
02WB003,1996-02-11,96.0999984741211,E
02WB003,1996-03-11,181.0,E
02WB003,1996-04-11,175.0,
02WB003,1996-05-11,843.0,
02WB003,1996-06-11,699.0,
02WB003,1996-07-11,546.0,
02WB003,1996-08-11,357.0,
02WB003,1996-09-11,156.0,
02WB003,1996-10-11,266.0,
02WB003,1996-11-11,416.0,
02WB003,1996-12-11,258.0,E
02WB003,1997-01-11,140.0,E
02WB003,1997-02-11,114.0,
02WB003,1997-03-11,103.0,E
02WB003,1997-04-11,97.9000015258789,E
02WB003,1997-05-11,611.0,
02WB003,1997-06-11,1030.0,
02WB003,1997-07-11,553.0,
02WB003,1997-08-11,240.0,
02WB003,1997-09-11,488.0,
02WB003,1997-10-11,410.0,
02WB003,1997-11-11,341.0,
02WB003,1997-12-11,158.0,E
02WB003,1998-01-11,99.8000030517578,E
02WB003,1998-02-11,87.69999694824219,
02WB003,1998-03-11,219.0,E
02WB003,1998-04-11,146.0,E
02WB003,1998-05-11,1600.0,
02WB003,1998-06-11,660.0,
02WB003,1998-07-11,332.0,
02WB003,1998-08-11,233.0,
02WB003,1998-09-11,270.0,
02WB003,1998-10-11,557.0,
02WB003,1998-11-11,463.0,
02WB003,1998-12-11,169.0,B
02WB003,1999-01-11,112.0,B
02WB003,1999-02-11,84.9000015258789,
02WB003,1999-03-11,155.0,B
02WB003,1999-04-11,159.0,E
02WB003,1999-05-11,2260.0,
02WB003,1999-06-11,636.0,
02WB003,1999-07-11,311.0,
02WB003,1999-08-11,480.0,
02WB003,1999-09-11,262.0,
02WB003,1999-10-11,374.0,
02WB003,1999-11-11,364.0,
02WB003,1999-12-11,230.0,
02WB003,2000-01-11,146.0,E
02WB003,2000-02-11,108.0,E
02WB003,2000-03-11,93.6999969482422,E
02WB003,2000-04-11,221.0,B
02WB003,2000-05-11,717.0,
02WB003,2000-06-11,1280.0,
02WB003,2000-07-11,1070.0,
02WB003,2000-08-11,397.0,
02WB003,2000-09-11,166.0,
02WB003,2000-10-11,202.0,
02WB003,2000-11-11,223.0,
02WB003,2000-12-11,117.0,B
02WB003,2001-01-11,96.3000030517578,B
02WB003,2001-02-11,84.0,
02WB003,2001-03-11,76.9000015258789,B
02WB003,2001-04-11,75.0999984741211,B
02WB003,2001-05-11,884.0,
02WB003,2001-06-11,566.0,
02WB003,2001-07-11,503.0,
02WB003,2001-08-11,240.0,
02WB003,2001-09-11,190.0,
02WB003,2001-10-11,330.0,
02WB003,2001-11-11,533.0,
02WB003,2001-12-11,200.0,
02WB003,2002-01-11,108.0,
02WB003,2002-02-11,83.9000015258789,
02WB003,2002-03-11,161.0,
02WB003,2002-04-11,140.0,
02WB003,2002-05-11,367.0,
02WB003,2002-06-11,981.0,
02WB003,2002-07-11,856.0,
02WB003,2002-08-11,745.0,
02WB003,2002-09-11,477.0,
02WB003,2002-10-11,252.0,
02WB003,2002-11-11,237.0,
02WB003,2002-12-11,166.0,
02WB003,2003-01-11,112.0,
02WB003,2003-02-11,88.0999984741211,
02WB003,2003-03-11,74.80000305175781,
02WB003,2003-04-11,68.19999694824219,
02WB003,2003-05-11,650.0,
02WB003,2003-06-11,794.0,
02WB003,2003-07-11,598.0,
02WB003,2003-08-11,227.0,
02WB003,2003-09-11,166.0,
02WB003,2003-10-11,278.0,
02WB003,2003-11-11,313.0,
02WB003,2003-12-11,212.0,
02WB003,2004-01-11,128.0,
02WB003,2004-02-11,97.8000030517578,
02WB003,2004-03-11,83.19999694824219,
02WB003,2004-04-11,108.0,
02WB003,2004-05-11,985.0,
02WB003,2004-06-11,1440.0,
02WB003,2004-07-11,364.0,
02WB003,2004-08-11,191.0,
02WB003,2004-09-11,185.0,
02WB003,2004-10-11,229.0,
02WB003,2004-11-11,166.0,
02WB003,2004-12-11,178.0,
02WB003,2005-01-11,127.0,
02WB003,2005-02-11,107.0,
02WB003,2005-03-11,132.0,
02WB003,2005-04-11,162.0,
02WB003,2005-05-11,1660.0,
02WB003,2005-06-11,443.0,
02WB003,2005-07-11,150.0,
02WB003,2005-08-11,88.69999694824219,
02WB003,2005-09-11,334.0,
02WB003,2005-10-11,264.0,
02WB003,2005-11-11,231.0,
02WB003,2005-12-11,326.0,
02WB003,2006-01-11,134.0,
02WB003,2006-02-11,128.0,
02WB003,2006-03-11,94.0,
02WB003,2006-04-11,190.0,
02WB003,2006-05-11,1550.0,
02WB003,2006-06-11,336.0,
02WB003,2006-07-11,253.0,
02WB003,2006-08-11,346.0,
02WB003,2006-09-11,166.0,
02WB003,2006-10-11,171.0,
02WB003,2006-11-11,263.0,
02WB003,2006-12-11,179.0,
02WB003,2007-01-11,119.0,
02WB003,2007-02-11,102.0,
02WB003,2007-03-11,94.0,
02WB003,2007-04-11,94.0,
02WB003,2007-05-11,1090.0,
02WB003,2007-06-11,912.0,
02WB003,2007-07-11,721.0,
02WB003,2007-08-11,207.0,
02WB003,2007-09-11,118.0,
02WB003,2007-10-11,289.0,
02WB003,2007-11-11,417.0,
02WB003,2007-12-11,218.0,
02WB003,2008-01-11,117.0,
02WB003,2008-02-11,86.69999694824219,
02WB003,2008-03-11,72.9000015258789,
02WB003,2008-04-11,72.80000305175781,
02WB003,2008-05-11,1420.0,
02WB003,2008-06-11,555.0,
02WB003,2008-07-11,373.0,
02WB003,2008-08-11,213.0,
02WB003,2008-09-11,240.0,
02WB003,2008-10-11,410.0,
02WB003,2008-11-11,301.0,
02WB003,2008-12-11,199.0,
02WB003,2009-01-11,127.0,
02WB003,2009-02-11,104.0,
02WB003,2009-03-11,97.5,
02WB003,2009-04-11,123.0,
02WB003,2009-05-11,1110.0,
02WB003,2009-06-11,776.0,
02WB003,2009-07-11,248.0,
02WB003,2009-08-11,191.0,
02WB003,2009-09-11,138.0,
02WB003,2009-10-11,653.0,
02WB003,2009-11-11,222.0,
02WB003,2009-12-11,185.0,
02WB003,2010-01-11,119.0,
02WB003,2010-02-11,93.0,
02WB003,2010-03-11,84.5999984741211,
02WB003,2010-04-11,512.0,
02WB003,2010-05-11,1410.0,
02WB003,2010-06-11,980.0,
02WB003,2010-07-11,449.0,
02WB003,2010-08-11,296.0,
02WB003,2010-09-11,179.0,
02WB003,2010-10-11,328.0,
02WB003,2010-11-11,625.0,
02WB003,2010-12-11,276.0,
02WB003,2011-01-11,156.0,
02WB003,2011-02-11,98.0999984741211,
02WB003,2011-03-11,83.0999984741211,
02WB003,2011-04-11,91.0,
02WB003,2011-05-11,911.0,
02WB003,2011-06-11,791.0,
02WB003,2011-07-11,645.0,
02WB003,2011-08-11,309.0,
02WB003,2011-09-11,238.0,
02WB003,2011-10-11,145.0,
02WB003,2011-11-11,243.0,
02WB003,2011-12-11,203.0,
02WB003,2012-01-11,144.0,B
02WB003,2012-02-11,104.0,B
02WB003,2012-03-11,84.30000305175781,B
02WB003,2012-04-11,94.8000030517578,B
02WB003,2012-05-11,1890.0,
02WB003,2012-06-11,415.0,
02WB003,2012-07-11,450.0,
02WB003,2012-08-11,197.0,
02WB003,2012-09-11,270.0,
02WB003,2012-10-11,444.0,
02WB003,2012-11-11,457.0,
02WB003,2012-12-11,194.0,B
02WB003,2013-01-11,119.0,B
02WB003,2013-02-11,94.0999984741211,B
02WB003,2013-03-11,86.0999984741211,B
02WB003,2013-04-11,139.0,B
02WB003,2013-05-11,1770.0,
02WB003,2013-06-11,672.0,
02WB003,2013-07-11,215.0,
02WB003,2013-08-11,408.0,
02WB003,2013-09-11,280.0,
02WB003,2013-10-11,430.0,
02WB003,2013-11-11,322.0,
02WB003,2013-12-11,206.0,B
02WB003,2014-01-11,106.0,B
02WB003,2014-02-11,74.19999694824219,B
02WB003,2014-03-11,60.70000076293945,B
02WB003,2014-04-11,59.5,B
02WB003,2014-05-11,510.0,B
02WB003,2014-06-11,493.0,
02WB003,2014-07-11,460.0,
02WB003,2014-08-11,224.0,
02WB003,2014-09-11,256.0,
02WB003,2014-10-11,222.0,
02WB003,2014-11-11,270.0,B
02WB003,2014-12-11,147.0,B
02WB003,2015-01-11,103.0,B
02WB003,2015-02-11,80.0999984741211,B
02WB003,2015-03-11,68.9000015258789,B
02WB003,2015-04-11,62.900001525878906,B
02WB003,2015-05-11,1000.0,
02WB003,2015-06-11,938.0,
02WB003,2015-07-11,379.0,
02WB003,2015-08-11,523.0,
02WB003,2015-09-11,593.0,
02WB003,2015-10-11,214.0,
02WB003,2015-11-11,204.0,
02WB003,2015-12-11,183.0,B
02WB003,2016-01-11,83.5999984741211,B
02WB003,2016-02-11,78.19999694824219,B
02WB003,2016-03-11,92.5999984741211,B
02WB003,2016-04-11,126.0,B
02WB003,2016-05-11,1580.0,
02WB003,2016-06-11,1220.0,
02WB003,2016-07-11,455.0,
02WB003,2016-08-11,568.0,
02WB003,2016-09-11,322.0,
02WB003,2016-10-11,242.0,
02WB003,2016-11-11,,
02WB003,2017-05-11,,
02WB003,2017-06-11,603.0,
02WB003,2017-07-11,615.0,
02WB003,2017-08-11,403.0,
02WB003,2017-09-11,625.0,
02WB003,2017-10-11,326.0,
02WB003,2017-11-11,,
02WB003,2018-05-11,,
02WB003,2018-06-11,1440.0,
02WB003,2018-07-11,370.0,
02WB003,2018-08-11,546.0,
02WB003,2018-09-11,226.0,
02WB003,2018-10-11,193.0,
02WB003,2018-11-11,364.0,
02WB003,2019-05-11,,
02WB003,2019-06-11,1420.0,
02WB003,2019-07-11,330.0,
02WB003,2019-08-11,490.0,
02WB003,2019-09-11,444.0,
02WB003,2019-10-11,194.0,
02WB003,2019-11-11,260.0,
02WB003,2020-05-11,600.0,
02WB003,2020-06-11,902.0,
02WB003,2020-07-11,346.0,
02WB003,2020-08-11,250.0,
02WB003,2020-09-11,237.0,
02WB003,2020-10-11,495.0,
02WB003,2020-11-11,548.0,
02WB003,2021-04-11,,
02WB003,2021-05-11,1250.0,
02WB003,2021-06-11,555.0,
02WB003,2021-07-11,282.0,
02WB003,2021-08-11,195.0,
02WB003,2021-09-11,573.0,
02WB003,2021-10-11,408.0,
02WB003,2021-11-11,291.0,
02WB003,2021-12-11,,
02WB003,2022-05-11,612.0,
02WB003,2022-06-11,1050.0,
02WB003,2022-07-11,314.0,
02WB003,2022-08-11,317.0,
02WB003,2022-09-11,183.0,
02WB003,2022-10-11,491.0,
02WB003,2022-11-11,276.0,
02WB003,2023-04-11,,
02WB003,2023-05-11,807.0,
02WB003,2023-06-11,571.0,
02WB003,2023-07-11,290.0,
02WB003,2023-08-11,377.0,
02WB003,2023-09-11,828.0,
02WB003,2023-10-11,362.0,
02WB003,2023-11-11,,
02WB003,2024-04-11,,
02WB003,2024-05-11,934.0,
02WB003,2024-06-11,470.0,
02WB003,2024-07-11,163.0,
02WB003,2024-08-11,148.0,
02WB003,2024-09-11,104.0,
02WB003,1980-06-12,,
02WB003,1980-08-12,,
02WB003,1980-10-12,,
02WB003,1981-01-12,,
02WB003,1981-03-12,,
02WB003,1981-08-12,,
02WB003,1981-10-12,431.0,
02WB003,1981-11-12,426.0,
02WB003,1981-12-12,440.0,E
02WB003,1982-01-12,178.0,E
02WB003,1982-02-12,110.0,E
02WB003,1982-03-12,81.0,E
02WB003,1982-04-12,111.0,E
02WB003,1982-05-12,837.0,
02WB003,1982-06-12,1330.0,
02WB003,1982-07-12,574.0,
02WB003,1982-08-12,281.0,
02WB003,1982-09-12,306.0,
02WB003,1982-10-12,195.0,
02WB003,1982-11-12,269.0,
02WB003,1982-12-12,160.0,E
02WB003,1983-01-12,128.0,E
02WB003,1983-02-12,150.0,E
02WB003,1983-03-12,100.0,E
02WB003,1983-04-12,162.0,E
02WB003,1983-05-12,1150.0,
02WB003,1983-06-12,723.0,
02WB003,1983-07-12,337.0,
02WB003,1983-08-12,417.0,
02WB003,1983-09-12,463.0,
02WB003,1983-10-12,499.0,
02WB003,1983-11-12,550.0,
02WB003,1983-12-12,272.0,
02WB003,1984-01-12,147.0,E
02WB003,1984-02-12,102.0,E
02WB003,1984-03-12,80.4000015258789,E
02WB003,1984-04-12,192.0,E
02WB003,1984-05-12,1010.0,
02WB003,1984-06-12,849.0,
02WB003,1984-07-12,399.0,
02WB003,1984-08-12,208.0,
02WB003,1984-09-12,397.0,
02WB003,1984-10-12,265.0,
02WB003,1984-11-12,150.0,
02WB003,1984-12-12,148.0,E
02WB003,1985-01-12,87.0,E
02WB003,1985-02-12,63.5,E
02WB003,1985-03-12,57.5,E
02WB003,1985-04-12,68.5,E
02WB003,1985-05-12,225.0,E
02WB003,1985-06-12,928.0,
02WB003,1985-07-12,488.0,
02WB003,1985-08-12,383.0,
02WB003,1985-09-12,338.0,
02WB003,1985-10-12,453.0,
02WB003,1985-11-12,190.0,
02WB003,1985-12-12,108.0,E
02WB003,1986-01-12,89.0,E
02WB003,1986-02-12,110.0,E
02WB003,1986-03-12,67.5,E
02WB003,1986-04-12,93.0,E
02WB003,1986-05-12,899.0,
02WB003,1986-06-12,414.0,
02WB003,1986-07-12,484.0,
02WB003,1986-08-12,252.0,
02WB003,1986-09-12,242.0,
02WB003,1986-10-12,323.0,
02WB003,1986-11-12,172.0,
02WB003,1986-12-12,94.0,E
02WB003,1987-01-12,63.5,E
02WB003,1987-02-12,53.70000076293945,E
02WB003,1987-03-12,49.900001525878906,E
02WB003,1987-04-12,350.0,E
02WB003,1987-05-12,727.0,
02WB003,1987-06-12,580.0,E
02WB003,1987-07-12,245.0,
02WB003,1987-08-12,380.0,
02WB003,1987-09-12,319.0,
02WB003,1987-10-12,653.0,
02WB003,1987-11-12,309.0,
02WB003,1987-12-12,201.0,E
02WB003,1988-01-12,125.0,E
02WB003,1988-02-12,87.0,E
02WB003,1988-03-12,87.4000015258789,E
02WB003,1988-04-12,157.0,E
02WB003,1988-05-12,1060.0,
02WB003,1988-06-12,724.0,
02WB003,1988-07-12,442.0,
02WB003,1988-08-12,207.0,
02WB003,1988-09-12,130.0,
02WB003,1988-10-12,265.0,
02WB003,1988-11-12,441.0,
02WB003,1988-12-12,191.0,E
02WB003,1989-01-12,97.1999969482422,E
02WB003,1989-02-12,65.19999694824219,E
02WB003,1989-03-12,52.29999923706055,E
02WB003,1989-04-12,64.30000305175781,E
02WB003,1989-05-12,1310.0,
02WB003,1989-06-12,707.0,
02WB003,1989-07-12,338.0,
02WB003,1989-08-12,649.0,
02WB003,1989-09-12,670.0,
02WB003,1989-10-12,425.0,
02WB003,1989-11-12,499.0,
02WB003,1989-12-12,155.0,E
02WB003,1990-01-12,91.1999969482422,E
02WB003,1990-02-12,71.0,
02WB003,1990-03-12,58.400001525878906,E
02WB003,1990-04-12,94.3000030517578,E
02WB003,1990-05-12,794.0,
02WB003,1990-06-12,621.0,
02WB003,1990-07-12,325.0,
02WB003,1990-08-12,336.0,
02WB003,1990-09-12,173.0,
02WB003,1990-10-12,231.0,
02WB003,1990-11-12,119.0,E
02WB003,1990-12-12,150.0,E
02WB003,1991-01-12,106.0,E
02WB003,1991-02-12,75.69999694824219,
02WB003,1991-03-12,64.80000305175781,E
02WB003,1991-04-12,61.70000076293945,E
02WB003,1991-05-12,778.0,
02WB003,1991-06-12,833.0,
02WB003,1991-07-12,653.0,
02WB003,1991-08-12,234.0,
02WB003,1991-09-12,126.0,
02WB003,1991-10-12,372.0,
02WB003,1991-11-12,243.0,
02WB003,1991-12-12,100.0,
02WB003,1992-01-12,84.69999694824219,E
02WB003,1992-02-12,65.5999984741211,E
02WB003,1992-03-12,49.59999847412109,E
02WB003,1992-04-12,66.5999984741211,E
02WB003,1992-05-12,358.0,
02WB003,1992-06-12,709.0,
02WB003,1992-07-12,486.0,
02WB003,1992-08-12,479.0,
02WB003,1992-09-12,347.0,
02WB003,1992-10-12,285.0,
02WB003,1992-11-12,289.0,
02WB003,1992-12-12,114.0,E
02WB003,1993-01-12,62.79999923706055,E
02WB003,1993-02-12,50.59999847412109,
02WB003,1993-03-12,46.59999847412109,E
02WB003,1993-04-12,45.59999847412109,E
02WB003,1993-05-12,705.0,
02WB003,1993-06-12,526.0,
02WB003,1993-07-12,282.0,
02WB003,1993-08-12,294.0,
02WB003,1993-09-12,369.0,
02WB003,1993-10-12,672.0,
02WB003,1993-11-12,266.0,
02WB003,1993-12-12,131.0,E
02WB003,1994-01-12,101.0,E
02WB003,1994-02-12,89.4000015258789,
02WB003,1994-03-12,73.80000305175781,E
02WB003,1994-04-12,69.19999694824219,E
02WB003,1994-05-12,931.0,
02WB003,1994-06-12,957.0,
02WB003,1994-07-12,594.0,
02WB003,1994-08-12,401.0,
02WB003,1994-09-12,404.0,
02WB003,1994-10-12,408.0,
02WB003,1994-11-12,444.0,
02WB003,1994-12-12,148.0,E
02WB003,1995-01-12,105.0,E
02WB003,1995-02-12,86.0,
02WB003,1995-03-12,76.5,E
02WB003,1995-04-12,83.80000305175781,E
02WB003,1995-05-12,880.0,
02WB003,1995-06-12,632.0,
02WB003,1995-07-12,448.0,
02WB003,1995-08-12,127.0,
02WB003,1995-09-12,145.0,
02WB003,1995-10-12,260.0,
02WB003,1995-11-12,714.0,
02WB003,1995-12-12,170.0,E
02WB003,1996-01-12,98.0999984741211,E
02WB003,1996-02-12,94.9000015258789,E
02WB003,1996-03-12,175.0,E
02WB003,1996-04-12,176.0,
02WB003,1996-05-12,816.0,
02WB003,1996-06-12,655.0,
02WB003,1996-07-12,554.0,
02WB003,1996-08-12,355.0,
02WB003,1996-09-12,154.0,
02WB003,1996-10-12,265.0,
02WB003,1996-11-12,645.0,
02WB003,1996-12-12,243.0,E
02WB003,1997-01-12,138.0,E
02WB003,1997-02-12,113.0,
02WB003,1997-03-12,102.0,E
02WB003,1997-04-12,97.8000030517578,E
02WB003,1997-05-12,691.0,
02WB003,1997-06-12,991.0,
02WB003,1997-07-12,556.0,
02WB003,1997-08-12,234.0,
02WB003,1997-09-12,461.0,
02WB003,1997-10-12,398.0,
02WB003,1997-11-12,348.0,
02WB003,1997-12-12,154.0,E
02WB003,1998-01-12,99.1999969482422,E
02WB003,1998-02-12,87.69999694824219,
02WB003,1998-03-12,230.0,E
02WB003,1998-04-12,145.0,E
02WB003,1998-05-12,1580.0,
02WB003,1998-06-12,616.0,
02WB003,1998-07-12,311.0,
02WB003,1998-08-12,234.0,
02WB003,1998-09-12,268.0,
02WB003,1998-10-12,528.0,
02WB003,1998-11-12,458.0,
02WB003,1998-12-12,166.0,B
02WB003,1999-01-12,110.0,B
02WB003,1999-02-12,84.5,
02WB003,1999-03-12,158.0,B
02WB003,1999-04-12,161.0,E
02WB003,1999-05-12,2360.0,
02WB003,1999-06-12,590.0,
02WB003,1999-07-12,330.0,
02WB003,1999-08-12,496.0,
02WB003,1999-09-12,302.0,
02WB003,1999-10-12,403.0,
02WB003,1999-11-12,273.0,
02WB003,1999-12-12,240.0,
02WB003,2000-01-12,144.0,E
02WB003,2000-02-12,107.0,E
02WB003,2000-03-12,93.0999984741211,E
02WB003,2000-04-12,238.0,B
02WB003,2000-05-12,706.0,
02WB003,2000-06-12,1210.0,
02WB003,2000-07-12,1140.0,
02WB003,2000-08-12,368.0,
02WB003,2000-09-12,161.0,
02WB003,2000-10-12,207.0,
02WB003,2000-11-12,224.0,
02WB003,2000-12-12,116.0,B
02WB003,2001-01-12,96.0,B
02WB003,2001-02-12,83.69999694824219,
02WB003,2001-03-12,77.30000305175781,B
02WB003,2001-04-12,75.0999984741211,B
02WB003,2001-05-12,1080.0,
02WB003,2001-06-12,540.0,
02WB003,2001-07-12,534.0,
02WB003,2001-08-12,234.0,
02WB003,2001-09-12,185.0,
02WB003,2001-10-12,315.0,
02WB003,2001-11-12,501.0,
02WB003,2001-12-12,196.0,
02WB003,2002-01-12,105.0,
02WB003,2002-02-12,83.69999694824219,
02WB003,2002-03-12,160.0,
02WB003,2002-04-12,141.0,
02WB003,2002-05-12,412.0,
02WB003,2002-06-12,930.0,
02WB003,2002-07-12,812.0,
02WB003,2002-08-12,722.0,
02WB003,2002-09-12,463.0,
02WB003,2002-10-12,244.0,
02WB003,2002-11-12,248.0,
02WB003,2002-12-12,161.0,
02WB003,2003-01-12,110.0,
02WB003,2003-02-12,87.4000015258789,
02WB003,2003-03-12,74.5,
02WB003,2003-04-12,68.0999984741211,
02WB003,2003-05-12,786.0,
02WB003,2003-06-12,739.0,
02WB003,2003-07-12,585.0,
02WB003,2003-08-12,219.0,
02WB003,2003-09-12,160.0,
02WB003,2003-10-12,259.0,
02WB003,2003-11-12,306.0,
02WB003,2003-12-12,206.0,
02WB003,2004-01-12,127.0,
02WB003,2004-02-12,97.1999969482422,
02WB003,2004-03-12,82.80000305175781,
02WB003,2004-04-12,111.0,
02WB003,2004-05-12,937.0,
02WB003,2004-06-12,1350.0,
02WB003,2004-07-12,343.0,
02WB003,2004-08-12,189.0,
02WB003,2004-09-12,174.0,
02WB003,2004-10-12,235.0,
02WB003,2004-11-12,170.0,
02WB003,2004-12-12,173.0,
02WB003,2005-01-12,126.0,
02WB003,2005-02-12,107.0,
02WB003,2005-03-12,133.0,
02WB003,2005-04-12,159.0,
02WB003,2005-05-12,1800.0,
02WB003,2005-06-12,437.0,
02WB003,2005-07-12,139.0,
02WB003,2005-08-12,85.0,
02WB003,2005-09-12,325.0,
02WB003,2005-10-12,258.0,
02WB003,2005-11-12,241.0,
02WB003,2005-12-12,304.0,
02WB003,2006-01-12,132.0,
02WB003,2006-02-12,126.0,
02WB003,2006-03-12,93.9000015258789,
02WB003,2006-04-12,196.0,
02WB003,2006-05-12,1530.0,
02WB003,2006-06-12,345.0,
02WB003,2006-07-12,237.0,
02WB003,2006-08-12,375.0,
02WB003,2006-09-12,156.0,
02WB003,2006-10-12,162.0,
02WB003,2006-11-12,279.0,
02WB003,2006-12-12,176.0,
02WB003,2007-01-12,118.0,
02WB003,2007-02-12,101.0,
02WB003,2007-03-12,93.8000030517578,
02WB003,2007-04-12,94.8000030517578,
02WB003,2007-05-12,1220.0,
02WB003,2007-06-12,819.0,
02WB003,2007-07-12,674.0,
02WB003,2007-08-12,190.0,
02WB003,2007-09-12,122.0,
02WB003,2007-10-12,274.0,
02WB003,2007-11-12,376.0,
02WB003,2007-12-12,212.0,
02WB003,2008-01-12,115.0,
02WB003,2008-02-12,86.0,
02WB003,2008-03-12,72.5999984741211,
02WB003,2008-04-12,76.9000015258789,
02WB003,2008-05-12,1300.0,
02WB003,2008-06-12,565.0,
02WB003,2008-07-12,354.0,
02WB003,2008-08-12,224.0,
02WB003,2008-09-12,267.0,
02WB003,2008-10-12,383.0,
02WB003,2008-11-12,337.0,
02WB003,2008-12-12,192.0,
02WB003,2009-01-12,126.0,
02WB003,2009-02-12,104.0,
02WB003,2009-03-12,97.4000015258789,
02WB003,2009-04-12,124.0,
02WB003,2009-05-12,1060.0,
02WB003,2009-06-12,748.0,
02WB003,2009-07-12,224.0,
02WB003,2009-08-12,179.0,
02WB003,2009-09-12,131.0,
02WB003,2009-10-12,651.0,
02WB003,2009-11-12,218.0,
02WB003,2009-12-12,181.0,
02WB003,2010-01-12,117.0,
02WB003,2010-02-12,92.5,
02WB003,2010-03-12,84.19999694824219,
02WB003,2010-04-12,531.0,
02WB003,2010-05-12,1450.0,
02WB003,2010-06-12,919.0,
02WB003,2010-07-12,454.0,
02WB003,2010-08-12,297.0,
02WB003,2010-09-12,178.0,
02WB003,2010-10-12,322.0,
02WB003,2010-11-12,566.0,
02WB003,2010-12-12,250.0,
02WB003,2011-01-12,153.0,
02WB003,2011-02-12,97.1999969482422,
02WB003,2011-03-12,83.5,
02WB003,2011-04-12,96.9000015258789,
02WB003,2011-05-12,868.0,
02WB003,2011-06-12,775.0,
02WB003,2011-07-12,599.0,
02WB003,2011-08-12,288.0,
02WB003,2011-09-12,225.0,
02WB003,2011-10-12,143.0,
02WB003,2011-11-12,566.0,
02WB003,2011-12-12,199.0,
02WB003,2012-01-12,143.0,B
02WB003,2012-02-12,103.0,B
02WB003,2012-03-12,83.80000305175781,B
02WB003,2012-04-12,96.8000030517578,B
02WB003,2012-05-12,2310.0,
02WB003,2012-06-12,390.0,
02WB003,2012-07-12,416.0,
02WB003,2012-08-12,191.0,
02WB003,2012-09-12,259.0,
02WB003,2012-10-12,553.0,
02WB003,2012-11-12,414.0,
02WB003,2012-12-12,190.0,B
02WB003,2013-01-12,117.0,B
02WB003,2013-02-12,93.5999984741211,B
02WB003,2013-03-12,86.0,B
02WB003,2013-04-12,137.0,B
02WB003,2013-05-12,1940.0,
02WB003,2013-06-12,632.0,
02WB003,2013-07-12,207.0,
02WB003,2013-08-12,425.0,
02WB003,2013-09-12,264.0,
02WB003,2013-10-12,404.0,
02WB003,2013-11-12,301.0,
02WB003,2013-12-12,199.0,B
02WB003,2014-01-12,104.0,B
02WB003,2014-02-12,73.5999984741211,B
02WB003,2014-03-12,60.400001525878906,B
02WB003,2014-04-12,60.29999923706055,B
02WB003,2014-05-12,582.0,B
02WB003,2014-06-12,463.0,
02WB003,2014-07-12,442.0,
02WB003,2014-08-12,211.0,
02WB003,2014-09-12,249.0,
02WB003,2014-10-12,222.0,
02WB003,2014-11-12,257.0,B
02WB003,2014-12-12,145.0,B
02WB003,2015-01-12,102.0,B
02WB003,2015-02-12,79.5999984741211,B
02WB003,2015-03-12,68.5999984741211,B
02WB003,2015-04-12,63.0,B
02WB003,2015-05-12,1050.0,
02WB003,2015-06-12,955.0,
02WB003,2015-07-12,422.0,
02WB003,2015-08-12,493.0,
02WB003,2015-09-12,595.0,
02WB003,2015-10-12,210.0,
02WB003,2015-11-12,196.0,
02WB003,2015-12-12,184.0,B
02WB003,2016-01-12,90.8000030517578,B
02WB003,2016-02-12,77.69999694824219,B
02WB003,2016-03-12,91.5,B
02WB003,2016-04-12,153.0,B
02WB003,2016-05-12,1510.0,
02WB003,2016-06-12,1140.0,
02WB003,2016-07-12,425.0,
02WB003,2016-08-12,523.0,
02WB003,2016-09-12,402.0,
02WB003,2016-10-12,244.0,
02WB003,2016-11-12,,
02WB003,2017-05-12,1540.0,
02WB003,2017-06-12,586.0,
02WB003,2017-07-12,622.0,
02WB003,2017-08-12,379.0,
02WB003,2017-09-12,580.0,
02WB003,2017-10-12,316.0,
02WB003,2017-11-12,,
02WB003,2018-05-12,,
02WB003,2018-06-12,1340.0,
02WB003,2018-07-12,378.0,
02WB003,2018-08-12,528.0,
02WB003,2018-09-12,219.0,
02WB003,2018-10-12,189.0,
02WB003,2018-11-12,341.0,
02WB003,2019-05-12,,
02WB003,2019-06-12,1320.0,
02WB003,2019-07-12,316.0,
02WB003,2019-08-12,517.0,
02WB003,2019-09-12,450.0,
02WB003,2019-10-12,190.0,
02WB003,2019-11-12,,
02WB003,2020-05-12,617.0,
02WB003,2020-06-12,829.0,
02WB003,2020-07-12,342.0,
02WB003,2020-08-12,233.0,
02WB003,2020-09-12,229.0,
02WB003,2020-10-12,489.0,
02WB003,2020-11-12,527.0,
02WB003,2021-04-12,,
02WB003,2021-05-12,1160.0,
02WB003,2021-06-12,522.0,
02WB003,2021-07-12,272.0,
02WB003,2021-08-12,189.0,
02WB003,2021-09-12,638.0,
02WB003,2021-10-12,383.0,
02WB003,2021-11-12,286.0,
02WB003,2021-12-12,,
02WB003,2022-05-12,800.0,
02WB003,2022-06-12,1090.0,
02WB003,2022-07-12,320.0,
02WB003,2022-08-12,300.0,
02WB003,2022-09-12,178.0,
02WB003,2022-10-12,462.0,
02WB003,2022-11-12,267.0,
02WB003,2023-04-12,,
02WB003,2023-05-12,738.0,
02WB003,2023-06-12,553.0,
02WB003,2023-07-12,288.0,
02WB003,2023-08-12,374.0,
02WB003,2023-09-12,823.0,
02WB003,2023-10-12,377.0,
02WB003,2023-11-12,,
02WB003,2024-04-12,,
02WB003,2024-05-12,929.0,
02WB003,2024-06-12,448.0,
02WB003,2024-07-12,168.0,
02WB003,2024-08-12,140.0,
02WB003,2024-09-12,105.0,
02WB003,1980-06-13,,
02WB003,1980-08-13,,
02WB003,1980-10-13,,
02WB003,1981-01-13,,
02WB003,1981-03-13,,
02WB003,1981-08-13,,
02WB003,1981-10-13,438.0,E
02WB003,1981-11-13,378.0,
02WB003,1981-12-13,400.0,E
02WB003,1982-01-13,175.0,E
02WB003,1982-02-13,108.0,E
02WB003,1982-03-13,80.0,E
02WB003,1982-04-13,110.0,E
02WB003,1982-05-13,830.0,
02WB003,1982-06-13,1220.0,
02WB003,1982-07-13,544.0,
02WB003,1982-08-13,279.0,
02WB003,1982-09-13,301.0,
02WB003,1982-10-13,189.0,
02WB003,1982-11-13,275.0,
02WB003,1982-12-13,158.0,E
02WB003,1983-01-13,135.0,E
02WB003,1983-02-13,147.0,E
02WB003,1983-03-13,106.0,E
02WB003,1983-04-13,159.0,E
02WB003,1983-05-13,1100.0,
02WB003,1983-06-13,700.0,
02WB003,1983-07-13,326.0,
02WB003,1983-08-13,500.0,
02WB003,1983-09-13,440.0,
02WB003,1983-10-13,466.0,
02WB003,1983-11-13,531.0,
02WB003,1983-12-13,264.0,
02WB003,1984-01-13,145.0,E
02WB003,1984-02-13,101.0,E
02WB003,1984-03-13,80.4000015258789,E
02WB003,1984-04-13,189.0,E
02WB003,1984-05-13,1120.0,
02WB003,1984-06-13,814.0,
02WB003,1984-07-13,388.0,
02WB003,1984-08-13,198.0,
02WB003,1984-09-13,378.0,
02WB003,1984-10-13,256.0,
02WB003,1984-11-13,184.0,
02WB003,1984-12-13,146.0,E
02WB003,1985-01-13,86.0,E
02WB003,1985-02-13,63.0,E
02WB003,1985-03-13,57.400001525878906,E
02WB003,1985-04-13,67.5,E
02WB003,1985-05-13,244.0,E
02WB003,1985-06-13,889.0,
02WB003,1985-07-13,544.0,
02WB003,1985-08-13,398.0,
02WB003,1985-09-13,362.0,
02WB003,1985-10-13,446.0,
02WB003,1985-11-13,179.0,
02WB003,1985-12-13,106.0,E
02WB003,1986-01-13,87.0,E
02WB003,1986-02-13,108.0,E
02WB003,1986-03-13,67.0,E
02WB003,1986-04-13,110.0,E
02WB003,1986-05-13,914.0,
02WB003,1986-06-13,422.0,
02WB003,1986-07-13,468.0,
02WB003,1986-08-13,237.0,
02WB003,1986-09-13,284.0,
02WB003,1986-10-13,306.0,
02WB003,1986-11-13,167.0,
02WB003,1986-12-13,92.5,E
02WB003,1987-01-13,63.0,E
02WB003,1987-02-13,53.5,E
02WB003,1987-03-13,49.900001525878906,E
02WB003,1987-04-13,340.0,E
02WB003,1987-05-13,707.0,
02WB003,1987-06-13,600.0,E
02WB003,1987-07-13,244.0,
02WB003,1987-08-13,363.0,
02WB003,1987-09-13,298.0,
02WB003,1987-10-13,604.0,
02WB003,1987-11-13,302.0,
02WB003,1987-12-13,197.0,E
02WB003,1988-01-13,124.0,E
02WB003,1988-02-13,86.5,E
02WB003,1988-03-13,87.0,E
02WB003,1988-04-13,157.0,E
02WB003,1988-05-13,1260.0,
02WB003,1988-06-13,681.0,
02WB003,1988-07-13,428.0,
02WB003,1988-08-13,231.0,
02WB003,1988-09-13,137.0,
02WB003,1988-10-13,319.0,
02WB003,1988-11-13,418.0,
02WB003,1988-12-13,185.0,E
02WB003,1989-01-13,95.9000015258789,E
02WB003,1989-02-13,64.5,E
02WB003,1989-03-13,52.09999847412109,E
02WB003,1989-04-13,64.69999694824219,E
02WB003,1989-05-13,1310.0,
02WB003,1989-06-13,669.0,
02WB003,1989-07-13,354.0,
02WB003,1989-08-13,603.0,
02WB003,1989-09-13,843.0,
02WB003,1989-10-13,412.0,
02WB003,1989-11-13,489.0,
02WB003,1989-12-13,151.0,E
02WB003,1990-01-13,89.80000305175781,E
02WB003,1990-02-13,70.4000015258789,
02WB003,1990-03-13,58.5,E
02WB003,1990-04-13,93.5,E
02WB003,1990-05-13,960.0,
02WB003,1990-06-13,584.0,
02WB003,1990-07-13,326.0,
02WB003,1990-08-13,339.0,
02WB003,1990-09-13,168.0,
02WB003,1990-10-13,225.0,
02WB003,1990-11-13,140.0,E
02WB003,1990-12-13,147.0,E
02WB003,1991-01-13,105.0,E
02WB003,1991-02-13,74.69999694824219,
02WB003,1991-03-13,65.19999694824219,E
02WB003,1991-04-13,61.29999923706055,E
02WB003,1991-05-13,852.0,
02WB003,1991-06-13,889.0,
02WB003,1991-07-13,655.0,
02WB003,1991-08-13,242.0,
02WB003,1991-09-13,122.0,
02WB003,1991-10-13,377.0,
02WB003,1991-11-13,229.0,
02WB003,1991-12-13,99.3000030517578,
02WB003,1992-01-13,84.0999984741211,E
02WB003,1992-02-13,65.0999984741211,E
02WB003,1992-03-13,49.20000076293945,E
02WB003,1992-04-13,65.4000015258789,E
02WB003,1992-05-13,574.0,
02WB003,1992-06-13,689.0,
02WB003,1992-07-13,453.0,
02WB003,1992-08-13,448.0,
02WB003,1992-09-13,340.0,
02WB003,1992-10-13,549.0,
02WB003,1992-11-13,303.0,
02WB003,1992-12-13,111.0,E
02WB003,1993-01-13,62.0,E
02WB003,1993-02-13,50.29999923706055,
02WB003,1993-03-13,46.5,E
02WB003,1993-04-13,46.0,E
02WB003,1993-05-13,668.0,
02WB003,1993-06-13,497.0,
02WB003,1993-07-13,272.0,
02WB003,1993-08-13,312.0,
02WB003,1993-09-13,405.0,
02WB003,1993-10-13,658.0,
02WB003,1993-11-13,244.0,
02WB003,1993-12-13,140.0,E
02WB003,1994-01-13,100.0,E
02WB003,1994-02-13,88.80000305175781,
02WB003,1994-03-13,73.80000305175781,E
02WB003,1994-04-13,68.80000305175781,E
02WB003,1994-05-13,957.0,
02WB003,1994-06-13,964.0,
02WB003,1994-07-13,606.0,
02WB003,1994-08-13,388.0,
02WB003,1994-09-13,512.0,
02WB003,1994-10-13,389.0,
02WB003,1994-11-13,427.0,
02WB003,1994-12-13,146.0,E
02WB003,1995-01-13,104.0,E
02WB003,1995-02-13,85.69999694824219,
02WB003,1995-03-13,76.5,E
02WB003,1995-04-13,85.0999984741211,E
02WB003,1995-05-13,971.0,
02WB003,1995-06-13,607.0,
02WB003,1995-07-13,484.0,
02WB003,1995-08-13,124.0,
02WB003,1995-09-13,148.0,
02WB003,1995-10-13,252.0,
02WB003,1995-11-13,658.0,
02WB003,1995-12-13,166.0,E
02WB003,1996-01-13,96.9000015258789,E
02WB003,1996-02-13,93.4000015258789,E
02WB003,1996-03-13,170.0,E
02WB003,1996-04-13,176.0,
02WB003,1996-05-13,800.0,
02WB003,1996-06-13,623.0,
02WB003,1996-07-13,554.0,
02WB003,1996-08-13,362.0,
02WB003,1996-09-13,155.0,
02WB003,1996-10-13,260.0,
02WB003,1996-11-13,814.0,
02WB003,1996-12-13,231.0,E
02WB003,1997-01-13,137.0,E
02WB003,1997-02-13,112.0,
02WB003,1997-03-13,102.0,E
02WB003,1997-04-13,97.6999969482422,E
02WB003,1997-05-13,908.0,
02WB003,1997-06-13,927.0,
02WB003,1997-07-13,548.0,
02WB003,1997-08-13,227.0,
02WB003,1997-09-13,439.0,
02WB003,1997-10-13,385.0,
02WB003,1997-11-13,344.0,
02WB003,1997-12-13,150.0,E
02WB003,1998-01-13,98.4000015258789,E
02WB003,1998-02-13,87.30000305175781,
02WB003,1998-03-13,223.0,E
02WB003,1998-04-13,144.0,E
02WB003,1998-05-13,1550.0,
02WB003,1998-06-13,580.0,
02WB003,1998-07-13,290.0,
02WB003,1998-08-13,224.0,
02WB003,1998-09-13,282.0,
02WB003,1998-10-13,497.0,
02WB003,1998-11-13,450.0,
02WB003,1998-12-13,163.0,B
02WB003,1999-01-13,109.0,B
02WB003,1999-02-13,84.0999984741211,
02WB003,1999-03-13,160.0,B
02WB003,1999-04-13,164.0,E
02WB003,1999-05-13,2590.0,
02WB003,1999-06-13,557.0,
02WB003,1999-07-13,327.0,
02WB003,1999-08-13,471.0,
02WB003,1999-09-13,378.0,
02WB003,1999-10-13,414.0,
02WB003,1999-11-13,245.0,
02WB003,1999-12-13,249.0,
02WB003,2000-01-13,142.0,E
02WB003,2000-02-13,107.0,E
02WB003,2000-03-13,93.3000030517578,E
02WB003,2000-04-13,268.0,B
02WB003,2000-05-13,721.0,
02WB003,2000-06-13,1120.0,
02WB003,2000-07-13,1200.0,
02WB003,2000-08-13,339.0,
02WB003,2000-09-13,159.0,
02WB003,2000-10-13,220.0,
02WB003,2000-11-13,226.0,
02WB003,2000-12-13,115.0,B
02WB003,2001-01-13,95.1999969482422,B
02WB003,2001-02-13,83.0,
02WB003,2001-03-13,77.19999694824219,B
02WB003,2001-04-13,75.19999694824219,B
02WB003,2001-05-13,1270.0,
02WB003,2001-06-13,514.0,
02WB003,2001-07-13,698.0,
02WB003,2001-08-13,234.0,
02WB003,2001-09-13,178.0,
02WB003,2001-10-13,297.0,
02WB003,2001-11-13,473.0,
02WB003,2001-12-13,191.0,
02WB003,2002-01-13,103.0,
02WB003,2002-02-13,83.5999984741211,
02WB003,2002-03-13,159.0,
02WB003,2002-04-13,143.0,
02WB003,2002-05-13,458.0,
02WB003,2002-06-13,912.0,
02WB003,2002-07-13,757.0,
02WB003,2002-08-13,661.0,
02WB003,2002-09-13,436.0,
02WB003,2002-10-13,236.0,
02WB003,2002-11-13,276.0,
02WB003,2002-12-13,158.0,
02WB003,2003-01-13,109.0,
02WB003,2003-02-13,86.80000305175781,
02WB003,2003-03-13,74.0999984741211,
02WB003,2003-04-13,69.0,
02WB003,2003-05-13,1000.0,
02WB003,2003-06-13,686.0,
02WB003,2003-07-13,536.0,
02WB003,2003-08-13,212.0,
02WB003,2003-09-13,156.0,
02WB003,2003-10-13,244.0,
02WB003,2003-11-13,308.0,
02WB003,2003-12-13,201.0,
02WB003,2004-01-13,126.0,
02WB003,2004-02-13,96.5999984741211,
02WB003,2004-03-13,82.4000015258789,
02WB003,2004-04-13,114.0,
02WB003,2004-05-13,904.0,
02WB003,2004-06-13,1220.0,
02WB003,2004-07-13,322.0,
02WB003,2004-08-13,193.0,
02WB003,2004-09-13,169.0,
02WB003,2004-10-13,282.0,
02WB003,2004-11-13,164.0,
02WB003,2004-12-13,168.0,
02WB003,2005-01-13,124.0,
02WB003,2005-02-13,107.0,
02WB003,2005-03-13,133.0,
02WB003,2005-04-13,156.0,
02WB003,2005-05-13,1960.0,
02WB003,2005-06-13,425.0,
02WB003,2005-07-13,137.0,
02WB003,2005-08-13,82.5999984741211,
02WB003,2005-09-13,316.0,
02WB003,2005-10-13,248.0,
02WB003,2005-11-13,237.0,
02WB003,2005-12-13,286.0,
02WB003,2006-01-13,131.0,
02WB003,2006-02-13,124.0,
02WB003,2006-03-13,93.9000015258789,
02WB003,2006-04-13,207.0,
02WB003,2006-05-13,1570.0,
02WB003,2006-06-13,410.0,
02WB003,2006-07-13,219.0,
02WB003,2006-08-13,387.0,
02WB003,2006-09-13,148.0,
02WB003,2006-10-13,161.0,
02WB003,2006-11-13,286.0,
02WB003,2006-12-13,172.0,
02WB003,2007-01-13,118.0,
02WB003,2007-02-13,101.0,
02WB003,2007-03-13,93.6999969482422,
02WB003,2007-04-13,95.9000015258789,
02WB003,2007-05-13,1290.0,
02WB003,2007-06-13,739.0,
02WB003,2007-07-13,678.0,
02WB003,2007-08-13,178.0,
02WB003,2007-09-13,128.0,
02WB003,2007-10-13,265.0,
02WB003,2007-11-13,338.0,
02WB003,2007-12-13,205.0,
02WB003,2008-01-13,114.0,
02WB003,2008-02-13,85.4000015258789,
02WB003,2008-03-13,72.30000305175781,
02WB003,2008-04-13,83.0,
02WB003,2008-05-13,1200.0,
02WB003,2008-06-13,562.0,
02WB003,2008-07-13,327.0,
02WB003,2008-08-13,229.0,
02WB003,2008-09-13,263.0,
02WB003,2008-10-13,359.0,
02WB003,2008-11-13,338.0,
02WB003,2008-12-13,187.0,
02WB003,2009-01-13,124.0,
02WB003,2009-02-13,104.0,
02WB003,2009-03-13,97.3000030517578,
02WB003,2009-04-13,125.0,
02WB003,2009-05-13,1030.0,
02WB003,2009-06-13,734.0,
02WB003,2009-07-13,218.0,
02WB003,2009-08-13,169.0,
02WB003,2009-09-13,136.0,
02WB003,2009-10-13,636.0,
02WB003,2009-11-13,208.0,
02WB003,2009-12-13,177.0,
02WB003,2010-01-13,116.0,
02WB003,2010-02-13,92.0,
02WB003,2010-03-13,83.80000305175781,
02WB003,2010-04-13,552.0,
02WB003,2010-05-13,1350.0,
02WB003,2010-06-13,825.0,
02WB003,2010-07-13,470.0,
02WB003,2010-08-13,286.0,
02WB003,2010-09-13,168.0,
02WB003,2010-10-13,318.0,
02WB003,2010-11-13,515.0,
02WB003,2010-12-13,235.0,
02WB003,2011-01-13,149.0,
02WB003,2011-02-13,96.4000015258789,
02WB003,2011-03-13,93.3000030517578,
02WB003,2011-04-13,107.0,
02WB003,2011-05-13,904.0,
02WB003,2011-06-13,731.0,
02WB003,2011-07-13,570.0,
02WB003,2011-08-13,275.0,
02WB003,2011-09-13,211.0,
02WB003,2011-10-13,140.0,
02WB003,2011-11-13,982.0,
02WB003,2011-12-13,196.0,
02WB003,2012-01-13,141.0,B
02WB003,2012-02-13,102.0,B
02WB003,2012-03-13,83.4000015258789,B
02WB003,2012-04-13,99.3000030517578,B
02WB003,2012-05-13,2460.0,
02WB003,2012-06-13,366.0,
02WB003,2012-07-13,380.0,
02WB003,2012-08-13,188.0,
02WB003,2012-09-13,242.0,
02WB003,2012-10-13,735.0,
02WB003,2012-11-13,384.0,
02WB003,2012-12-13,186.0,B
02WB003,2013-01-13,115.0,B
02WB003,2013-02-13,93.1999969482422,B
02WB003,2013-03-13,85.9000015258789,B
02WB003,2013-04-13,139.0,B
02WB003,2013-05-13,1830.0,
02WB003,2013-06-13,595.0,
02WB003,2013-07-13,200.0,
02WB003,2013-08-13,424.0,
02WB003,2013-09-13,266.0,
02WB003,2013-10-13,375.0,
02WB003,2013-11-13,285.0,
02WB003,2013-12-13,192.0,B
02WB003,2014-01-13,103.0,B
02WB003,2014-02-13,73.0,B
02WB003,2014-03-13,60.09999847412109,B
02WB003,2014-04-13,61.09999847412109,B
02WB003,2014-05-13,663.0,B
02WB003,2014-06-13,437.0,
02WB003,2014-07-13,410.0,
02WB003,2014-08-13,200.0,
02WB003,2014-09-13,238.0,
02WB003,2014-10-13,218.0,
02WB003,2014-11-13,247.0,B
02WB003,2014-12-13,143.0,B
02WB003,2015-01-13,101.0,B
02WB003,2015-02-13,79.0999984741211,B
02WB003,2015-03-13,68.30000305175781,B
02WB003,2015-04-13,63.09999847412109,B
02WB003,2015-05-13,1080.0,
02WB003,2015-06-13,968.0,
02WB003,2015-07-13,450.0,
02WB003,2015-08-13,502.0,
02WB003,2015-09-13,558.0,
02WB003,2015-10-13,204.0,
02WB003,2015-11-13,191.0,
02WB003,2015-12-13,185.0,B
02WB003,2016-01-13,98.4000015258789,B
02WB003,2016-02-13,77.30000305175781,B
02WB003,2016-03-13,90.5,B
02WB003,2016-04-13,187.0,B
02WB003,2016-05-13,1330.0,
02WB003,2016-06-13,995.0,
02WB003,2016-07-13,405.0,
02WB003,2016-08-13,479.0,
02WB003,2016-09-13,476.0,
02WB003,2016-10-13,235.0,
02WB003,2016-11-13,,
02WB003,2017-05-13,1690.0,
02WB003,2017-06-13,558.0,
02WB003,2017-07-13,609.0,
02WB003,2017-08-13,359.0,
02WB003,2017-09-13,530.0,
02WB003,2017-10-13,303.0,
02WB003,2017-11-13,,
02WB003,2018-05-13,914.0,
02WB003,2018-06-13,1280.0,
02WB003,2018-07-13,374.0,
02WB003,2018-08-13,505.0,
02WB003,2018-09-13,211.0,
02WB003,2018-10-13,185.0,
02WB003,2018-11-13,,
02WB003,2019-05-13,,
02WB003,2019-06-13,1240.0,
02WB003,2019-07-13,308.0,
02WB003,2019-08-13,530.0,
02WB003,2019-09-13,435.0,
02WB003,2019-10-13,186.0,
02WB003,2019-11-13,,
02WB003,2020-05-13,622.0,
02WB003,2020-06-13,770.0,
02WB003,2020-07-13,334.0,
02WB003,2020-08-13,221.0,
02WB003,2020-09-13,220.0,
02WB003,2020-10-13,456.0,
02WB003,2020-11-13,517.0,
02WB003,2021-04-13,,
02WB003,2021-05-13,1090.0,
02WB003,2021-06-13,493.0,
02WB003,2021-07-13,255.0,
02WB003,2021-08-13,184.0,
02WB003,2021-09-13,626.0,
02WB003,2021-10-13,362.0,
02WB003,2021-11-13,280.0,
02WB003,2021-12-13,,
02WB003,2022-05-13,1040.0,
02WB003,2022-06-13,1070.0,
02WB003,2022-07-13,337.0,
02WB003,2022-08-13,294.0,
02WB003,2022-09-13,173.0,
02WB003,2022-10-13,431.0,
02WB003,2022-11-13,232.0,
02WB003,2023-04-13,,
02WB003,2023-05-13,696.0,
02WB003,2023-06-13,508.0,
02WB003,2023-07-13,278.0,
02WB003,2023-08-13,361.0,
02WB003,2023-09-13,744.0,
02WB003,2023-10-13,403.0,
02WB003,2023-11-13,,
02WB003,2024-04-13,,
02WB003,2024-05-13,970.0,
02WB003,2024-06-13,423.0,
02WB003,2024-07-13,170.0,
02WB003,2024-08-13,141.0,
02WB003,2024-09-13,103.0,
02WB003,1980-06-14,,
02WB003,1980-08-14,,
02WB003,1980-10-14,,
02WB003,1981-01-14,,
02WB003,1981-03-14,,
02WB003,1981-08-14,,
02WB003,1981-10-14,379.0,
02WB003,1981-11-14,345.0,
02WB003,1981-12-14,360.0,E
02WB003,1982-01-14,172.0,E
02WB003,1982-02-14,107.0,E
02WB003,1982-03-14,79.5,E
02WB003,1982-04-14,110.0,E
02WB003,1982-05-14,816.0,
02WB003,1982-06-14,1120.0,
02WB003,1982-07-14,514.0,
02WB003,1982-08-14,274.0,
02WB003,1982-09-14,293.0,
02WB003,1982-10-14,184.0,
02WB003,1982-11-14,353.0,
02WB003,1982-12-14,157.0,E
02WB003,1983-01-14,137.0,E
02WB003,1983-02-14,144.0,E
02WB003,1983-03-14,108.0,E
02WB003,1983-04-14,157.0,E
02WB003,1983-05-14,1140.0,
02WB003,1983-06-14,674.0,
02WB003,1983-07-14,310.0,
02WB003,1983-08-14,486.0,
02WB003,1983-09-14,416.0,
02WB003,1983-10-14,446.0,
02WB003,1983-11-14,447.0,
02WB003,1983-12-14,288.0,
02WB003,1984-01-14,144.0,E
02WB003,1984-02-14,100.0,E
02WB003,1984-03-14,80.4000015258789,E
02WB003,1984-04-14,188.0,E
02WB003,1984-05-14,1510.0,
02WB003,1984-06-14,771.0,
02WB003,1984-07-14,393.0,
02WB003,1984-08-14,193.0,
02WB003,1984-09-14,377.0,
02WB003,1984-10-14,246.0,
02WB003,1984-11-14,184.0,
02WB003,1984-12-14,144.0,E
02WB003,1985-01-14,85.0,E
02WB003,1985-02-14,62.79999923706055,E
02WB003,1985-03-14,57.400001525878906,E
02WB003,1985-04-14,67.0,E
02WB003,1985-05-14,265.0,E
02WB003,1985-06-14,852.0,
02WB003,1985-07-14,563.0,
02WB003,1985-08-14,418.0,
02WB003,1985-09-14,383.0,
02WB003,1985-10-14,422.0,
02WB003,1985-11-14,157.0,
02WB003,1985-12-14,104.0,E
02WB003,1986-01-14,86.5,E
02WB003,1986-02-14,106.0,E
02WB003,1986-03-14,66.5,E
02WB003,1986-04-14,135.0,E
02WB003,1986-05-14,914.0,
02WB003,1986-06-14,412.0,
02WB003,1986-07-14,451.0,E
02WB003,1986-08-14,224.0,
02WB003,1986-09-14,382.0,
02WB003,1986-10-14,294.0,
02WB003,1986-11-14,176.0,
02WB003,1986-12-14,91.5,E
02WB003,1987-01-14,62.5,E
02WB003,1987-02-14,53.20000076293945,E
02WB003,1987-03-14,49.79999923706055,E
02WB003,1987-04-14,335.0,E
02WB003,1987-05-14,678.0,
02WB003,1987-06-14,630.0,E
02WB003,1987-07-14,241.0,
02WB003,1987-08-14,348.0,
02WB003,1987-09-14,281.0,
02WB003,1987-10-14,557.0,
02WB003,1987-11-14,259.0,
02WB003,1987-12-14,192.0,E
02WB003,1988-01-14,123.0,E
02WB003,1988-02-14,85.5,E
02WB003,1988-03-14,86.0,E
02WB003,1988-04-14,157.0,E
02WB003,1988-05-14,1340.0,
02WB003,1988-06-14,637.0,
02WB003,1988-07-14,421.0,
02WB003,1988-08-14,228.0,
02WB003,1988-09-14,161.0,
02WB003,1988-10-14,402.0,
02WB003,1988-11-14,371.0,
02WB003,1988-12-14,180.0,E
02WB003,1989-01-14,94.5999984741211,E
02WB003,1989-02-14,64.0,E
02WB003,1989-03-14,51.900001525878906,E
02WB003,1989-04-14,64.80000305175781,E
02WB003,1989-05-14,1360.0,
02WB003,1989-06-14,640.0,
02WB003,1989-07-14,385.0,E
02WB003,1989-08-14,554.0,
02WB003,1989-09-14,812.0,
02WB003,1989-10-14,400.0,
02WB003,1989-11-14,445.0,
02WB003,1989-12-14,148.0,E
02WB003,1990-01-14,88.80000305175781,E
02WB003,1990-02-14,69.5999984741211,
02WB003,1990-03-14,58.09999847412109,E
02WB003,1990-04-14,92.5,E
02WB003,1990-05-14,1010.0,
02WB003,1990-06-14,544.0,
02WB003,1990-07-14,326.0,
02WB003,1990-08-14,356.0,
02WB003,1990-09-14,155.0,
02WB003,1990-10-14,229.0,
02WB003,1990-11-14,148.0,E
02WB003,1990-12-14,146.0,E
02WB003,1991-01-14,103.0,E
02WB003,1991-02-14,73.9000015258789,
02WB003,1991-03-14,65.9000015258789,E
02WB003,1991-04-14,61.20000076293945,E
02WB003,1991-05-14,1030.0,
02WB003,1991-06-14,915.0,
02WB003,1991-07-14,619.0,
02WB003,1991-08-14,233.0,
02WB003,1991-09-14,118.0,
02WB003,1991-10-14,394.0,
02WB003,1991-11-14,220.0,
02WB003,1991-12-14,97.3000030517578,
02WB003,1992-01-14,84.0999984741211,E
02WB003,1992-02-14,64.30000305175781,E
02WB003,1992-03-14,48.900001525878906,E
02WB003,1992-04-14,64.4000015258789,E
02WB003,1992-05-14,809.0,
02WB003,1992-06-14,702.0,
02WB003,1992-07-14,424.0,
02WB003,1992-08-14,425.0,
02WB003,1992-09-14,334.0,
02WB003,1992-10-14,749.0,
02WB003,1992-11-14,352.0,
02WB003,1992-12-14,109.0,E
02WB003,1993-01-14,61.0,E
02WB003,1993-02-14,50.29999923706055,
02WB003,1993-03-14,46.59999847412109,E
02WB003,1993-04-14,46.59999847412109,E
02WB003,1993-05-14,638.0,
02WB003,1993-06-14,462.0,
02WB003,1993-07-14,267.0,
02WB003,1993-08-14,321.0,
02WB003,1993-09-14,446.0,
02WB003,1993-10-14,658.0,
02WB003,1993-11-14,230.0,
02WB003,1993-12-14,170.0,E
02WB003,1994-01-14,98.8000030517578,E
02WB003,1994-02-14,88.19999694824219,
02WB003,1994-03-14,73.9000015258789,E
02WB003,1994-04-14,68.69999694824219,E
02WB003,1994-05-14,1050.0,
02WB003,1994-06-14,964.0,
02WB003,1994-07-14,586.0,
02WB003,1994-08-14,373.0,
02WB003,1994-09-14,656.0,
02WB003,1994-10-14,374.0,
02WB003,1994-11-14,411.0,
02WB003,1994-12-14,144.0,E
02WB003,1995-01-14,104.0,E
02WB003,1995-02-14,84.9000015258789,
02WB003,1995-03-14,76.19999694824219,E
02WB003,1995-04-14,86.69999694824219,E
02WB003,1995-05-14,1090.0,
02WB003,1995-06-14,609.0,
02WB003,1995-07-14,480.0,
02WB003,1995-08-14,119.0,
02WB003,1995-09-14,161.0,
02WB003,1995-10-14,245.0,
02WB003,1995-11-14,636.0,
02WB003,1995-12-14,162.0,E
02WB003,1996-01-14,95.9000015258789,E
02WB003,1996-02-14,91.6999969482422,E
02WB003,1996-03-14,164.0,E
02WB003,1996-04-14,177.0,
02WB003,1996-05-14,779.0,
02WB003,1996-06-14,593.0,
02WB003,1996-07-14,538.0,
02WB003,1996-08-14,358.0,
02WB003,1996-09-14,155.0,
02WB003,1996-10-14,259.0,
02WB003,1996-11-14,801.0,
02WB003,1996-12-14,220.0,E
02WB003,1997-01-14,136.0,E
02WB003,1997-02-14,112.0,
02WB003,1997-03-14,102.0,E
02WB003,1997-04-14,97.5,E
02WB003,1997-05-14,888.0,
02WB003,1997-06-14,866.0,
02WB003,1997-07-14,533.0,
02WB003,1997-08-14,222.0,
02WB003,1997-09-14,416.0,
02WB003,1997-10-14,371.0,
02WB003,1997-11-14,310.0,
02WB003,1997-12-14,146.0,E
02WB003,1998-01-14,97.9000015258789,E
02WB003,1998-02-14,87.19999694824219,
02WB003,1998-03-14,217.0,E
02WB003,1998-04-14,144.0,E
02WB003,1998-05-14,1550.0,
02WB003,1998-06-14,555.0,
02WB003,1998-07-14,276.0,
02WB003,1998-08-14,220.0,
02WB003,1998-09-14,294.0,
02WB003,1998-10-14,465.0,
02WB003,1998-11-14,430.0,
02WB003,1998-12-14,160.0,B
02WB003,1999-01-14,108.0,B
02WB003,1999-02-14,83.9000015258789,
02WB003,1999-03-14,161.0,B
02WB003,1999-04-14,169.0,E
02WB003,1999-05-14,2240.0,
02WB003,1999-06-14,530.0,
02WB003,1999-07-14,312.0,
02WB003,1999-08-14,464.0,
02WB003,1999-09-14,393.0,
02WB003,1999-10-14,537.0,
02WB003,1999-11-14,299.0,
02WB003,1999-12-14,249.0,
02WB003,2000-01-14,140.0,E
02WB003,2000-02-14,105.0,E
02WB003,2000-03-14,93.0,E
02WB003,2000-04-14,276.0,B
02WB003,2000-05-14,717.0,
02WB003,2000-06-14,1040.0,
02WB003,2000-07-14,1140.0,
02WB003,2000-08-14,315.0,
02WB003,2000-09-14,155.0,
02WB003,2000-10-14,224.0,
02WB003,2000-11-14,229.0,
02WB003,2000-12-14,114.0,B
02WB003,2001-01-14,95.0999984741211,B
02WB003,2001-02-14,83.19999694824219,
02WB003,2001-03-14,76.9000015258789,B
02WB003,2001-04-14,75.19999694824219,B
02WB003,2001-05-14,1460.0,
02WB003,2001-06-14,486.0,
02WB003,2001-07-14,932.0,
02WB003,2001-08-14,233.0,
02WB003,2001-09-14,173.0,
02WB003,2001-10-14,281.0,
02WB003,2001-11-14,423.0,
02WB003,2001-12-14,187.0,
02WB003,2002-01-14,102.0,
02WB003,2002-02-14,83.5999984741211,
02WB003,2002-03-14,157.0,
02WB003,2002-04-14,144.0,
02WB003,2002-05-14,491.0,
02WB003,2002-06-14,902.0,
02WB003,2002-07-14,701.0,
02WB003,2002-08-14,625.0,
02WB003,2002-09-14,400.0,
02WB003,2002-10-14,232.0,
02WB003,2002-11-14,271.0,
02WB003,2002-12-14,155.0,
02WB003,2003-01-14,108.0,
02WB003,2003-02-14,86.19999694824219,
02WB003,2003-03-14,73.80000305175781,
02WB003,2003-04-14,74.5999984741211,
02WB003,2003-05-14,1120.0,
02WB003,2003-06-14,638.0,
02WB003,2003-07-14,491.0,
02WB003,2003-08-14,205.0,
02WB003,2003-09-14,150.0,
02WB003,2003-10-14,234.0,
02WB003,2003-11-14,348.0,
02WB003,2003-12-14,196.0,
02WB003,2004-01-14,124.0,
02WB003,2004-02-14,95.9000015258789,
02WB003,2004-03-14,82.0,
02WB003,2004-04-14,118.0,
02WB003,2004-05-14,881.0,
02WB003,2004-06-14,1130.0,
02WB003,2004-07-14,305.0,
02WB003,2004-08-14,210.0,
02WB003,2004-09-14,161.0,
02WB003,2004-10-14,337.0,
02WB003,2004-11-14,162.0,
02WB003,2004-12-14,163.0,
02WB003,2005-01-14,123.0,
02WB003,2005-02-14,107.0,
02WB003,2005-03-14,131.0,
02WB003,2005-04-14,152.0,
02WB003,2005-05-14,2100.0,
02WB003,2005-06-14,413.0,
02WB003,2005-07-14,134.0,
02WB003,2005-08-14,91.5999984741211,
02WB003,2005-09-14,319.0,
02WB003,2005-10-14,237.0,
02WB003,2005-11-14,222.0,
02WB003,2005-12-14,270.0,
02WB003,2006-01-14,130.0,
02WB003,2006-02-14,122.0,
02WB003,2006-03-14,93.9000015258789,
02WB003,2006-04-14,222.0,
02WB003,2006-05-14,1610.0,
02WB003,2006-06-14,528.0,
02WB003,2006-07-14,208.0,
02WB003,2006-08-14,416.0,
02WB003,2006-09-14,139.0,
02WB003,2006-10-14,161.0,
02WB003,2006-11-14,258.0,
02WB003,2006-12-14,169.0,
02WB003,2007-01-14,117.0,
02WB003,2007-02-14,100.0,
02WB003,2007-03-14,93.5999984741211,
02WB003,2007-04-14,97.1999969482422,
02WB003,2007-05-14,1270.0,
02WB003,2007-06-14,677.0,
02WB003,2007-07-14,642.0,
02WB003,2007-08-14,166.0,
02WB003,2007-09-14,145.0,
02WB003,2007-10-14,257.0,
02WB003,2007-11-14,304.0,
02WB003,2007-12-14,199.0,
02WB003,2008-01-14,113.0,
02WB003,2008-02-14,84.80000305175781,
02WB003,2008-03-14,72.0,
02WB003,2008-04-14,87.0999984741211,
02WB003,2008-05-14,1140.0,
02WB003,2008-06-14,548.0,
02WB003,2008-07-14,318.0,
02WB003,2008-08-14,235.0,
02WB003,2008-09-14,244.0,
02WB003,2008-10-14,334.0,
02WB003,2008-11-14,316.0,
02WB003,2008-12-14,182.0,
02WB003,2009-01-14,123.0,
02WB003,2009-02-14,103.0,
02WB003,2009-03-14,97.1999969482422,
02WB003,2009-04-14,124.0,
02WB003,2009-05-14,1080.0,
02WB003,2009-06-14,744.0,
02WB003,2009-07-14,243.0,
02WB003,2009-08-14,159.0,
02WB003,2009-09-14,208.0,
02WB003,2009-10-14,604.0,
02WB003,2009-11-14,205.0,
02WB003,2009-12-14,174.0,
02WB003,2010-01-14,115.0,
02WB003,2010-02-14,91.5,
02WB003,2010-03-14,83.5,
02WB003,2010-04-14,535.0,
02WB003,2010-05-14,1230.0,
02WB003,2010-06-14,744.0,
02WB003,2010-07-14,472.0,
02WB003,2010-08-14,274.0,
02WB003,2010-09-14,158.0,
02WB003,2010-10-14,313.0,
02WB003,2010-11-14,485.0,
02WB003,2010-12-14,280.0,
02WB003,2011-01-14,146.0,
02WB003,2011-02-14,95.6999969482422,
02WB003,2011-03-14,103.0,
02WB003,2011-04-14,117.0,
02WB003,2011-05-14,1010.0,
02WB003,2011-06-14,680.0,
02WB003,2011-07-14,569.0,
02WB003,2011-08-14,266.0,
02WB003,2011-09-14,203.0,
02WB003,2011-10-14,138.0,
02WB003,2011-11-14,945.0,
02WB003,2011-12-14,194.0,
02WB003,2012-01-14,139.0,B
02WB003,2012-02-14,102.0,B
02WB003,2012-03-14,83.0,B
02WB003,2012-04-14,102.0,B
02WB003,2012-05-14,2330.0,
02WB003,2012-06-14,347.0,
02WB003,2012-07-14,360.0,
02WB003,2012-08-14,186.0,
02WB003,2012-09-14,228.0,
02WB003,2012-10-14,754.0,
02WB003,2012-11-14,390.0,
02WB003,2012-12-14,183.0,B
02WB003,2013-01-14,113.0,B
02WB003,2013-02-14,92.8000030517578,B
02WB003,2013-03-14,98.1999969482422,B
02WB003,2013-04-14,138.0,B
02WB003,2013-05-14,1780.0,
02WB003,2013-06-14,560.0,
02WB003,2013-07-14,194.0,
02WB003,2013-08-14,414.0,
02WB003,2013-09-14,295.0,
02WB003,2013-10-14,349.0,
02WB003,2013-11-14,274.0,
02WB003,2013-12-14,186.0,B
02WB003,2014-01-14,102.0,B
02WB003,2014-02-14,72.30000305175781,B
02WB003,2014-03-14,59.79999923706055,B
02WB003,2014-04-14,61.900001525878906,B
02WB003,2014-05-14,755.0,B
02WB003,2014-06-14,411.0,
02WB003,2014-07-14,375.0,
02WB003,2014-08-14,191.0,
02WB003,2014-09-14,233.0,
02WB003,2014-10-14,213.0,
02WB003,2014-11-14,237.0,B
02WB003,2014-12-14,141.0,B
02WB003,2015-01-14,99.8000030517578,B
02WB003,2015-02-14,78.5999984741211,B
02WB003,2015-03-14,68.0999984741211,B
02WB003,2015-04-14,63.20000076293945,B
02WB003,2015-05-14,1000.0,
02WB003,2015-06-14,950.0,
02WB003,2015-07-14,490.0,
02WB003,2015-08-14,497.0,
02WB003,2015-09-14,517.0,
02WB003,2015-10-14,204.0,
02WB003,2015-11-14,197.0,
02WB003,2015-12-14,170.0,B
02WB003,2016-01-14,93.5,B
02WB003,2016-02-14,77.0,B
02WB003,2016-03-14,89.5,B
02WB003,2016-04-14,227.0,B
02WB003,2016-05-14,1210.0,
02WB003,2016-06-14,903.0,
02WB003,2016-07-14,388.0,
02WB003,2016-08-14,439.0,
02WB003,2016-09-14,504.0,
02WB003,2016-10-14,234.0,
02WB003,2016-11-14,,
02WB003,2017-05-14,1940.0,
02WB003,2017-06-14,529.0,
02WB003,2017-07-14,589.0,
02WB003,2017-08-14,342.0,
02WB003,2017-09-14,502.0,
02WB003,2017-10-14,289.0,
02WB003,2017-11-14,,
02WB003,2018-05-14,902.0,
02WB003,2018-06-14,1310.0,
02WB003,2018-07-14,355.0,
02WB003,2018-08-14,480.0,
02WB003,2018-09-14,203.0,
02WB003,2018-10-14,182.0,
02WB003,2018-11-14,,
02WB003,2019-05-14,,
02WB003,2019-06-14,1210.0,
02WB003,2019-07-14,312.0,
02WB003,2019-08-14,521.0,
02WB003,2019-09-14,414.0,
02WB003,2019-10-14,182.0,
02WB003,2019-11-14,,
02WB003,2020-05-14,626.0,
02WB003,2020-06-14,717.0,
02WB003,2020-07-14,332.0,
02WB003,2020-08-14,213.0,
02WB003,2020-09-14,213.0,
02WB003,2020-10-14,453.0,
02WB003,2020-11-14,524.0,
02WB003,2021-04-14,,
02WB003,2021-05-14,1020.0,
02WB003,2021-06-14,459.0,
02WB003,2021-07-14,241.0,
02WB003,2021-08-14,179.0,
02WB003,2021-09-14,620.0,
02WB003,2021-10-14,344.0,
02WB003,2021-11-14,264.0,
02WB003,2021-12-14,,
02WB003,2022-05-14,1220.0,
02WB003,2022-06-14,992.0,
02WB003,2022-07-14,421.0,
02WB003,2022-08-14,289.0,
02WB003,2022-09-14,172.0,
02WB003,2022-10-14,404.0,
02WB003,2022-11-14,211.0,
02WB003,2023-04-14,,
02WB003,2023-05-14,690.0,
02WB003,2023-06-14,462.0,
02WB003,2023-07-14,271.0,
02WB003,2023-08-14,340.0,
02WB003,2023-09-14,677.0,
02WB003,2023-10-14,449.0,
02WB003,2023-11-14,,
02WB003,2024-04-14,,
02WB003,2024-05-14,1040.0,
02WB003,2024-06-14,399.0,
02WB003,2024-07-14,164.0,
02WB003,2024-08-14,140.0,
02WB003,2024-09-14,99.0,
02WB003,1980-06-15,,
02WB003,1980-08-15,481.0,E
02WB003,1980-10-15,752.0,E
02WB003,1981-01-15,,
02WB003,1981-03-15,,
02WB003,1981-08-15,,
02WB003,1981-10-15,360.0,
02WB003,1981-11-15,330.0,
02WB003,1981-12-15,310.0,E
02WB003,1982-01-15,168.0,E
02WB003,1982-02-15,106.0,E
02WB003,1982-03-15,79.0,E
02WB003,1982-04-15,110.0,E
02WB003,1982-05-15,786.0,
02WB003,1982-06-15,1040.0,
02WB003,1982-07-15,484.0,
02WB003,1982-08-15,264.0,
02WB003,1982-09-15,286.0,
02WB003,1982-10-15,182.0,
02WB003,1982-11-15,398.0,
02WB003,1982-12-15,156.0,E
02WB003,1983-01-15,137.0,E
02WB003,1983-02-15,140.0,E
02WB003,1983-03-15,112.0,E
02WB003,1983-04-15,155.0,E
02WB003,1983-05-15,1240.0,
02WB003,1983-06-15,642.0,
02WB003,1983-07-15,299.0,
02WB003,1983-08-15,444.0,
02WB003,1983-09-15,390.0,
02WB003,1983-10-15,436.0,
02WB003,1983-11-15,416.0,
02WB003,1983-12-15,270.0,
02WB003,1984-01-15,142.0,E
02WB003,1984-02-15,99.0,E
02WB003,1984-03-15,81.5,E
02WB003,1984-04-15,188.0,E
02WB003,1984-05-15,1700.0,
02WB003,1984-06-15,720.0,
02WB003,1984-07-15,405.0,
02WB003,1984-08-15,184.0,
02WB003,1984-09-15,380.0,
02WB003,1984-10-15,240.0,
02WB003,1984-11-15,204.0,
02WB003,1984-12-15,141.0,E
02WB003,1985-01-15,84.0,E
02WB003,1985-02-15,62.5,E
02WB003,1985-03-15,57.29999923706055,E
02WB003,1985-04-15,67.5,E
02WB003,1985-05-15,294.0,
02WB003,1985-06-15,812.0,
02WB003,1985-07-15,542.0,
02WB003,1985-08-15,448.0,
02WB003,1985-09-15,382.0,
02WB003,1985-10-15,401.0,
02WB003,1985-11-15,152.0,
02WB003,1985-12-15,102.0,E
02WB003,1986-01-15,85.0,E
02WB003,1986-02-15,105.0,E
02WB003,1986-03-15,65.5,E
02WB003,1986-04-15,158.0,E
02WB003,1986-05-15,941.0,
02WB003,1986-06-15,394.0,
02WB003,1986-07-15,430.0,
02WB003,1986-08-15,211.0,
02WB003,1986-09-15,539.0,
02WB003,1986-10-15,288.0,
02WB003,1986-11-15,110.0,
02WB003,1986-12-15,89.0,E
02WB003,1987-01-15,62.0,E
02WB003,1987-02-15,53.0,E
02WB003,1987-03-15,49.70000076293945,E
02WB003,1987-04-15,328.0,E
02WB003,1987-05-15,660.0,
02WB003,1987-06-15,657.0,E
02WB003,1987-07-15,243.0,
02WB003,1987-08-15,338.0,
02WB003,1987-09-15,319.0,
02WB003,1987-10-15,518.0,
02WB003,1987-11-15,246.0,
02WB003,1987-12-15,188.0,E
02WB003,1988-01-15,120.0,E
02WB003,1988-02-15,85.0,E
02WB003,1988-03-15,85.5,E
02WB003,1988-04-15,156.0,E
02WB003,1988-05-15,1420.0,
02WB003,1988-06-15,596.0,
02WB003,1988-07-15,418.0,
02WB003,1988-08-15,209.0,
02WB003,1988-09-15,182.0,
02WB003,1988-10-15,442.0,
02WB003,1988-11-15,359.0,
02WB003,1988-12-15,174.0,E
02WB003,1989-01-15,93.3000030517578,E
02WB003,1989-02-15,63.400001525878906,E
02WB003,1989-03-15,51.5,E
02WB003,1989-04-15,64.69999694824219,E
02WB003,1989-05-15,1350.0,
02WB003,1989-06-15,611.0,
02WB003,1989-07-15,440.0,
02WB003,1989-08-15,511.0,
02WB003,1989-09-15,737.0,
02WB003,1989-10-15,392.0,
02WB003,1989-11-15,362.0,
02WB003,1989-12-15,145.0,E
02WB003,1990-01-15,87.9000015258789,E
02WB003,1990-02-15,69.19999694824219,
02WB003,1990-03-15,58.20000076293945,E
02WB003,1990-04-15,91.3000030517578,E
02WB003,1990-05-15,1000.0,
02WB003,1990-06-15,514.0,
02WB003,1990-07-15,325.0,
02WB003,1990-08-15,378.0,
02WB003,1990-09-15,153.0,
02WB003,1990-10-15,259.0,
02WB003,1990-11-15,149.0,E
02WB003,1990-12-15,144.0,E
02WB003,1991-01-15,103.0,E
02WB003,1991-02-15,73.0999984741211,
02WB003,1991-03-15,66.0999984741211,E
02WB003,1991-04-15,60.79999923706055,E
02WB003,1991-05-15,1030.0,
02WB003,1991-06-15,936.0,
02WB003,1991-07-15,579.0,
02WB003,1991-08-15,218.0,
02WB003,1991-09-15,115.0,
02WB003,1991-10-15,412.0,
02WB003,1991-11-15,209.0,
02WB003,1991-12-15,96.0,
02WB003,1992-01-15,85.0999984741211,E
02WB003,1992-02-15,63.400001525878906,E
02WB003,1992-03-15,48.5,E
02WB003,1992-04-15,63.29999923706055,E
02WB003,1992-05-15,1200.0,
02WB003,1992-06-15,663.0,
02WB003,1992-07-15,396.0,
02WB003,1992-08-15,405.0,
02WB003,1992-09-15,323.0,
02WB003,1992-10-15,739.0,
02WB003,1992-11-15,352.0,
02WB003,1992-12-15,107.0,E
02WB003,1993-01-15,59.79999923706055,E
02WB003,1993-02-15,50.09999847412109,
02WB003,1993-03-15,46.59999847412109,E
02WB003,1993-04-15,47.29999923706055,E
02WB003,1993-05-15,627.0,
02WB003,1993-06-15,432.0,
02WB003,1993-07-15,268.0,
02WB003,1993-08-15,314.0,
02WB003,1993-09-15,480.0,
02WB003,1993-10-15,645.0,
02WB003,1993-11-15,220.0,
02WB003,1993-12-15,165.0,E
02WB003,1994-01-15,98.3000030517578,E
02WB003,1994-02-15,87.4000015258789,
02WB003,1994-03-15,73.80000305175781,E
02WB003,1994-04-15,69.5,E
02WB003,1994-05-15,1160.0,
02WB003,1994-06-15,940.0,
02WB003,1994-07-15,584.0,
02WB003,1994-08-15,362.0,
02WB003,1994-09-15,672.0,
02WB003,1994-10-15,365.0,
02WB003,1994-11-15,393.0,
02WB003,1994-12-15,142.0,E
02WB003,1995-01-15,103.0,E
02WB003,1995-02-15,84.5,
02WB003,1995-03-15,76.0,E
02WB003,1995-04-15,90.5999984741211,E
02WB003,1995-05-15,1240.0,
02WB003,1995-06-15,594.0,
02WB003,1995-07-15,454.0,
02WB003,1995-08-15,115.0,
02WB003,1995-09-15,181.0,
02WB003,1995-10-15,249.0,
02WB003,1995-11-15,609.0,
02WB003,1995-12-15,159.0,E
02WB003,1996-01-15,95.0,E
02WB003,1996-02-15,90.8000030517578,E
02WB003,1996-03-15,160.0,E
02WB003,1996-04-15,180.0,
02WB003,1996-05-15,746.0,
02WB003,1996-06-15,577.0,
02WB003,1996-07-15,514.0,
02WB003,1996-08-15,345.0,
02WB003,1996-09-15,150.0,
02WB003,1996-10-15,284.0,
02WB003,1996-11-15,717.0,
02WB003,1996-12-15,211.0,E
02WB003,1997-01-15,135.0,E
02WB003,1997-02-15,111.0,
02WB003,1997-03-15,102.0,E
02WB003,1997-04-15,97.6999969482422,E
02WB003,1997-05-15,1070.0,
02WB003,1997-06-15,834.0,
02WB003,1997-07-15,523.0,
02WB003,1997-08-15,218.0,
02WB003,1997-09-15,398.0,
02WB003,1997-10-15,357.0,
02WB003,1997-11-15,273.0,
02WB003,1997-12-15,143.0,E
02WB003,1998-01-15,97.1999969482422,E
02WB003,1998-02-15,87.5,
02WB003,1998-03-15,210.0,E
02WB003,1998-04-15,148.0,E
02WB003,1998-05-15,1620.0,
02WB003,1998-06-15,529.0,
02WB003,1998-07-15,268.0,
02WB003,1998-08-15,218.0,
02WB003,1998-09-15,298.0,
02WB003,1998-10-15,445.0,
02WB003,1998-11-15,362.0,
02WB003,1998-12-15,158.0,B
02WB003,1999-01-15,108.0,B
02WB003,1999-02-15,83.30000305175781,
02WB003,1999-03-15,163.0,B
02WB003,1999-04-15,176.0,E
02WB003,1999-05-15,1930.0,
02WB003,1999-06-15,511.0,
02WB003,1999-07-15,296.0,
02WB003,1999-08-15,456.0,
02WB003,1999-09-15,372.0,
02WB003,1999-10-15,913.0,
02WB003,1999-11-15,331.0,
02WB003,1999-12-15,238.0,
02WB003,2000-01-15,138.0,E
02WB003,2000-02-15,105.0,E
02WB003,2000-03-15,92.5,E
02WB003,2000-04-15,277.0,B
02WB003,2000-05-15,705.0,
02WB003,2000-06-15,988.0,
02WB003,2000-07-15,1000.0,
02WB003,2000-08-15,296.0,
02WB003,2000-09-15,153.0,
02WB003,2000-10-15,222.0,
02WB003,2000-11-15,234.0,
02WB003,2000-12-15,113.0,B
02WB003,2001-01-15,93.9000015258789,B
02WB003,2001-02-15,82.9000015258789,
02WB003,2001-03-15,76.9000015258789,B
02WB003,2001-04-15,75.0999984741211,B
02WB003,2001-05-15,1590.0,
02WB003,2001-06-15,467.0,
02WB003,2001-07-15,1030.0,
02WB003,2001-08-15,229.0,
02WB003,2001-09-15,166.0,
02WB003,2001-10-15,270.0,
02WB003,2001-11-15,399.0,
02WB003,2001-12-15,183.0,
02WB003,2002-01-15,101.0,
02WB003,2002-02-15,83.5,
02WB003,2002-03-15,155.0,
02WB003,2002-04-15,145.0,
02WB003,2002-05-15,531.0,
02WB003,2002-06-15,910.0,
02WB003,2002-07-15,647.0,
02WB003,2002-08-15,604.0,
02WB003,2002-09-15,381.0,
02WB003,2002-10-15,236.0,
02WB003,2002-11-15,269.0,
02WB003,2002-12-15,151.0,
02WB003,2003-01-15,107.0,
02WB003,2003-02-15,85.5999984741211,
02WB003,2003-03-15,73.5,
02WB003,2003-04-15,81.80000305175781,
02WB003,2003-05-15,1370.0,
02WB003,2003-06-15,595.0,
02WB003,2003-07-15,455.0,
02WB003,2003-08-15,195.0,
02WB003,2003-09-15,145.0,
02WB003,2003-10-15,229.0,
02WB003,2003-11-15,372.0,
02WB003,2003-12-15,191.0,
02WB003,2004-01-15,123.0,
02WB003,2004-02-15,95.3000030517578,
02WB003,2004-03-15,81.5999984741211,
02WB003,2004-04-15,122.0,
02WB003,2004-05-15,921.0,
02WB003,2004-06-15,1040.0,
02WB003,2004-07-15,296.0,
02WB003,2004-08-15,221.0,
02WB003,2004-09-15,159.0,
02WB003,2004-10-15,415.0,
02WB003,2004-11-15,148.0,
02WB003,2004-12-15,158.0,
02WB003,2005-01-15,122.0,
02WB003,2005-02-15,107.0,
02WB003,2005-03-15,129.0,
02WB003,2005-04-15,149.0,
02WB003,2005-05-15,1870.0,
02WB003,2005-06-15,402.0,
02WB003,2005-07-15,151.0,
02WB003,2005-08-15,103.0,
02WB003,2005-09-15,319.0,
02WB003,2005-10-15,228.0,
02WB003,2005-11-15,214.0,
02WB003,2005-12-15,255.0,
02WB003,2006-01-15,145.0,
02WB003,2006-02-15,120.0,
02WB003,2006-03-15,101.0,
02WB003,2006-04-15,244.0,
02WB003,2006-05-15,1610.0,
02WB003,2006-06-15,505.0,
02WB003,2006-07-15,198.0,
02WB003,2006-08-15,535.0,
02WB003,2006-09-15,133.0,
02WB003,2006-10-15,172.0,
02WB003,2006-11-15,281.0,
02WB003,2006-12-15,166.0,
02WB003,2007-01-15,116.0,
02WB003,2007-02-15,99.9000015258789,
02WB003,2007-03-15,93.5,
02WB003,2007-04-15,98.9000015258789,
02WB003,2007-05-15,1160.0,
02WB003,2007-06-15,623.0,
02WB003,2007-07-15,593.0,
02WB003,2007-08-15,158.0,
02WB003,2007-09-15,177.0,
02WB003,2007-10-15,250.0,
02WB003,2007-11-15,308.0,
02WB003,2007-12-15,194.0,
02WB003,2008-01-15,111.0,
02WB003,2008-02-15,84.0999984741211,
02WB003,2008-03-15,71.80000305175781,
02WB003,2008-04-15,90.0,
02WB003,2008-05-15,1080.0,
02WB003,2008-06-15,521.0,
02WB003,2008-07-15,361.0,
02WB003,2008-08-15,265.0,
02WB003,2008-09-15,248.0,
02WB003,2008-10-15,321.0,
02WB003,2008-11-15,301.0,
02WB003,2008-12-15,179.0,
02WB003,2009-01-15,122.0,
02WB003,2009-02-15,103.0,
02WB003,2009-03-15,97.0999984741211,
02WB003,2009-04-15,123.0,
02WB003,2009-05-15,1290.0,
02WB003,2009-06-15,733.0,
02WB003,2009-07-15,276.0,
02WB003,2009-08-15,151.0,
02WB003,2009-09-15,570.0,
02WB003,2009-10-15,564.0,
02WB003,2009-11-15,200.0,
02WB003,2009-12-15,171.0,
02WB003,2010-01-15,114.0,
02WB003,2010-02-15,91.0,
02WB003,2010-03-15,83.19999694824219,
02WB003,2010-04-15,521.0,
02WB003,2010-05-15,1140.0,
02WB003,2010-06-15,676.0,
02WB003,2010-07-15,466.0,
02WB003,2010-08-15,263.0,
02WB003,2010-09-15,153.0,
02WB003,2010-10-15,312.0,
02WB003,2010-11-15,448.0,
02WB003,2010-12-15,323.0,
02WB003,2011-01-15,143.0,
02WB003,2011-02-15,94.9000015258789,
02WB003,2011-03-15,109.0,
02WB003,2011-04-15,125.0,
02WB003,2011-05-15,1110.0,
02WB003,2011-06-15,638.0,
02WB003,2011-07-15,570.0,
02WB003,2011-08-15,257.0,
02WB003,2011-09-15,195.0,
02WB003,2011-10-15,143.0,
02WB003,2011-11-15,797.0,
02WB003,2011-12-15,192.0,
02WB003,2012-01-15,138.0,B
02WB003,2012-02-15,101.0,B
02WB003,2012-03-15,82.5999984741211,B
02WB003,2012-04-15,106.0,B
02WB003,2012-05-15,2120.0,
02WB003,2012-06-15,327.0,
02WB003,2012-07-15,352.0,
02WB003,2012-08-15,187.0,
02WB003,2012-09-15,216.0,
02WB003,2012-10-15,676.0,
02WB003,2012-11-15,408.0,
02WB003,2012-12-15,179.0,B
02WB003,2013-01-15,112.0,B
02WB003,2013-02-15,92.4000015258789,B
02WB003,2013-03-15,127.0,B
02WB003,2013-04-15,138.0,B
02WB003,2013-05-15,1850.0,
02WB003,2013-06-15,527.0,
02WB003,2013-07-15,187.0,
02WB003,2013-08-15,391.0,
02WB003,2013-09-15,359.0,
02WB003,2013-10-15,328.0,
02WB003,2013-11-15,262.0,
02WB003,2013-12-15,181.0,B
02WB003,2014-01-15,100.0,B
02WB003,2014-02-15,71.69999694824219,B
02WB003,2014-03-15,59.5,B
02WB003,2014-04-15,62.5,B
02WB003,2014-05-15,858.0,B
02WB003,2014-06-15,394.0,
02WB003,2014-07-15,354.0,
02WB003,2014-08-15,183.0,
02WB003,2014-09-15,234.0,
02WB003,2014-10-15,212.0,
02WB003,2014-11-15,230.0,B
02WB003,2014-12-15,139.0,B
02WB003,2015-01-15,98.9000015258789,B
02WB003,2015-02-15,78.19999694824219,B
02WB003,2015-03-15,67.80000305175781,B
02WB003,2015-04-15,63.29999923706055,B
02WB003,2015-05-15,962.0,
02WB003,2015-06-15,892.0,
02WB003,2015-07-15,496.0,
02WB003,2015-08-15,480.0,
02WB003,2015-09-15,484.0,
02WB003,2015-10-15,214.0,
02WB003,2015-11-15,216.0,
02WB003,2015-12-15,159.0,B
02WB003,2016-01-15,90.3000030517578,B
02WB003,2016-02-15,76.80000305175781,B
02WB003,2016-03-15,88.5999984741211,B
02WB003,2016-04-15,265.0,B
02WB003,2016-05-15,1200.0,
02WB003,2016-06-15,876.0,
02WB003,2016-07-15,377.0,
02WB003,2016-08-15,404.0,
02WB003,2016-09-15,502.0,
02WB003,2016-10-15,227.0,
02WB003,2016-11-15,,
02WB003,2017-05-15,2070.0,
02WB003,2017-06-15,511.0,
02WB003,2017-07-15,546.0,
02WB003,2017-08-15,333.0,
02WB003,2017-09-15,446.0,
02WB003,2017-10-15,281.0,
02WB003,2017-11-15,,
02WB003,2018-05-15,878.0,
02WB003,2018-06-15,1420.0,
02WB003,2018-07-15,332.0,
02WB003,2018-08-15,449.0,
02WB003,2018-09-15,197.0,
02WB003,2018-10-15,180.0,
02WB003,2018-11-15,,
02WB003,2019-05-15,,
02WB003,2019-06-15,1190.0,
02WB003,2019-07-15,331.0,
02WB003,2019-08-15,503.0,
02WB003,2019-09-15,391.0,
02WB003,2019-10-15,182.0,
02WB003,2019-11-15,,
02WB003,2020-05-15,619.0,
02WB003,2020-06-15,669.0,
02WB003,2020-07-15,383.0,
02WB003,2020-08-15,203.0,
02WB003,2020-09-15,206.0,
02WB003,2020-10-15,553.0,
02WB003,2020-11-15,525.0,
02WB003,2021-04-15,,
02WB003,2021-05-15,970.0,
02WB003,2021-06-15,441.0,
02WB003,2021-07-15,229.0,
02WB003,2021-08-15,178.0,
02WB003,2021-09-15,590.0,
02WB003,2021-10-15,328.0,
02WB003,2021-11-15,252.0,
02WB003,2021-12-15,,
02WB003,2022-05-15,1340.0,
02WB003,2022-06-15,903.0,
02WB003,2022-07-15,557.0,
02WB003,2022-08-15,279.0,
02WB003,2022-09-15,187.0,
02WB003,2022-10-15,381.0,
02WB003,2022-11-15,206.0,
02WB003,2023-04-15,,
02WB003,2023-05-15,747.0,
02WB003,2023-06-15,423.0,
02WB003,2023-07-15,272.0,
02WB003,2023-08-15,323.0,
02WB003,2023-09-15,682.0,
02WB003,2023-10-15,580.0,
02WB003,2023-11-15,,
02WB003,2024-04-15,,
02WB003,2024-05-15,1100.0,
02WB003,2024-06-15,373.0,
02WB003,2024-07-15,157.0,
02WB003,2024-08-15,135.0,
02WB003,2024-09-15,95.6999969482422,
02WB003,1980-06-16,,
02WB003,1980-08-16,,
02WB003,1980-10-16,,
02WB003,1981-01-16,,
02WB003,1981-03-16,,
02WB003,1981-08-16,,
02WB003,1981-10-16,344.0,
02WB003,1981-11-16,330.0,
02WB003,1981-12-16,320.0,E
02WB003,1982-01-16,166.0,E
02WB003,1982-02-16,105.0,E
02WB003,1982-03-16,78.0,E
02WB003,1982-04-16,112.0,E
02WB003,1982-05-16,780.0,
02WB003,1982-06-16,971.0,
02WB003,1982-07-16,469.0,
02WB003,1982-08-16,255.0,
02WB003,1982-09-16,275.0,
02WB003,1982-10-16,180.0,
02WB003,1982-11-16,380.0,
02WB003,1982-12-16,155.0,E
02WB003,1983-01-16,137.0,E
02WB003,1983-02-16,137.0,E
02WB003,1983-03-16,113.0,E
02WB003,1983-04-16,154.0,E
02WB003,1983-05-16,1300.0,
02WB003,1983-06-16,602.0,
02WB003,1983-07-16,293.0,
02WB003,1983-08-16,402.0,
02WB003,1983-09-16,366.0,
02WB003,1983-10-16,437.0,
02WB003,1983-11-16,346.0,
02WB003,1983-12-16,260.0,E
02WB003,1984-01-16,138.0,E
02WB003,1984-02-16,98.0,E
02WB003,1984-03-16,83.0,E
02WB003,1984-04-16,189.0,E
02WB003,1984-05-16,1740.0,
02WB003,1984-06-16,674.0,
02WB003,1984-07-16,422.0,
02WB003,1984-08-16,179.0,
02WB003,1984-09-16,385.0,
02WB003,1984-10-16,232.0,
02WB003,1984-11-16,159.0,
02WB003,1984-12-16,137.0,E
02WB003,1985-01-16,83.0,E
02WB003,1985-02-16,62.0,E
02WB003,1985-03-16,57.29999923706055,E
02WB003,1985-04-16,71.0,E
02WB003,1985-05-16,347.0,
02WB003,1985-06-16,772.0,
02WB003,1985-07-16,534.0,
02WB003,1985-08-16,446.0,
02WB003,1985-09-16,363.0,
02WB003,1985-10-16,389.0,
02WB003,1985-11-16,194.0,
02WB003,1985-12-16,100.0,E
02WB003,1986-01-16,84.0,E
02WB003,1986-02-16,103.0,E
02WB003,1986-03-16,65.0,E
02WB003,1986-04-16,190.0,E
02WB003,1986-05-16,996.0,
02WB003,1986-06-16,375.0,
02WB003,1986-07-16,402.0,
02WB003,1986-08-16,200.0,
02WB003,1986-09-16,591.0,
02WB003,1986-10-16,290.0,
02WB003,1986-11-16,103.0,
02WB003,1986-12-16,87.5,E
02WB003,1987-01-16,61.5,E
02WB003,1987-02-16,52.79999923706055,E
02WB003,1987-03-16,49.70000076293945,E
02WB003,1987-04-16,327.0,E
02WB003,1987-05-16,690.0,
02WB003,1987-06-16,640.0,E
02WB003,1987-07-16,252.0,
02WB003,1987-08-16,325.0,
02WB003,1987-09-16,362.0,
02WB003,1987-10-16,483.0,
02WB003,1987-11-16,238.0,E
02WB003,1987-12-16,185.0,E
02WB003,1988-01-16,119.0,E
02WB003,1988-02-16,84.0,E
02WB003,1988-03-16,84.5,E
02WB003,1988-04-16,155.0,E
02WB003,1988-05-16,1450.0,
02WB003,1988-06-16,560.0,
02WB003,1988-07-16,412.0,E
02WB003,1988-08-16,190.0,
02WB003,1988-09-16,203.0,
02WB003,1988-10-16,437.0,
02WB003,1988-11-16,360.0,
02WB003,1988-12-16,169.0,E
02WB003,1989-01-16,92.0999984741211,E
02WB003,1989-02-16,62.900001525878906,E
02WB003,1989-03-16,51.09999847412109,E
02WB003,1989-04-16,65.19999694824219,E
02WB003,1989-05-16,1370.0,
02WB003,1989-06-16,577.0,
02WB003,1989-07-16,466.0,
02WB003,1989-08-16,487.0,
02WB003,1989-09-16,669.0,
02WB003,1989-10-16,386.0,
02WB003,1989-11-16,339.0,
02WB003,1989-12-16,142.0,E
02WB003,1990-01-16,87.0999984741211,E
02WB003,1990-02-16,68.19999694824219,
02WB003,1990-03-16,58.79999923706055,E
02WB003,1990-04-16,94.5,E
02WB003,1990-05-16,956.0,
02WB003,1990-06-16,489.0,
02WB003,1990-07-16,315.0,
02WB003,1990-08-16,409.0,
02WB003,1990-09-16,155.0,
02WB003,1990-10-16,275.0,
02WB003,1990-11-16,148.0,E
02WB003,1990-12-16,142.0,E
02WB003,1991-01-16,101.0,E
02WB003,1991-02-16,72.30000305175781,
02WB003,1991-03-16,66.0999984741211,E
02WB003,1991-04-16,60.5,E
02WB003,1991-05-16,1020.0,
02WB003,1991-06-16,934.0,
02WB003,1991-07-16,550.0,
02WB003,1991-08-16,206.0,
02WB003,1991-09-16,111.0,
02WB003,1991-10-16,406.0,
02WB003,1991-11-16,200.0,
02WB003,1991-12-16,94.5,
02WB003,1992-01-16,88.19999694824219,E
02WB003,1992-02-16,62.59999847412109,E
02WB003,1992-03-16,48.20000076293945,E
02WB003,1992-04-16,62.09999847412109,E
02WB003,1992-05-16,1280.0,
02WB003,1992-06-16,620.0,
02WB003,1992-07-16,377.0,
02WB003,1992-08-16,381.0,
02WB003,1992-09-16,315.0,
02WB003,1992-10-16,718.0,
02WB003,1992-11-16,319.0,
02WB003,1992-12-16,104.0,E
02WB003,1993-01-16,59.09999847412109,E
02WB003,1993-02-16,50.0,
02WB003,1993-03-16,46.400001525878906,E
02WB003,1993-04-16,48.29999923706055,E
02WB003,1993-05-16,686.0,
02WB003,1993-06-16,415.0,
02WB003,1993-07-16,291.0,
02WB003,1993-08-16,298.0,
02WB003,1993-09-16,483.0,
02WB003,1993-10-16,611.0,
02WB003,1993-11-16,210.0,
02WB003,1993-12-16,158.0,E
02WB003,1994-01-16,99.3000030517578,E
02WB003,1994-02-16,86.80000305175781,
02WB003,1994-03-16,73.9000015258789,E
02WB003,1994-04-16,74.5,E
02WB003,1994-05-16,1320.0,
02WB003,1994-06-16,901.0,
02WB003,1994-07-16,602.0,
02WB003,1994-08-16,363.0,
02WB003,1994-09-16,619.0,
02WB003,1994-10-16,350.0,
02WB003,1994-11-16,380.0,
02WB003,1994-12-16,139.0,E
02WB003,1995-01-16,102.0,E
02WB003,1995-02-16,83.80000305175781,
02WB003,1995-03-16,75.9000015258789,E
02WB003,1995-04-16,95.0,E
02WB003,1995-05-16,1360.0,
02WB003,1995-06-16,563.0,
02WB003,1995-07-16,428.0,
02WB003,1995-08-16,119.0,
02WB003,1995-09-16,193.0,
02WB003,1995-10-16,295.0,
02WB003,1995-11-16,589.0,
02WB003,1995-12-16,155.0,E
02WB003,1996-01-16,93.6999969482422,E
02WB003,1996-02-16,90.4000015258789,E
02WB003,1996-03-16,156.0,E
02WB003,1996-04-16,186.0,
02WB003,1996-05-16,713.0,
02WB003,1996-06-16,580.0,
02WB003,1996-07-16,501.0,
02WB003,1996-08-16,329.0,
02WB003,1996-09-16,144.0,
02WB003,1996-10-16,300.0,
02WB003,1996-11-16,613.0,
02WB003,1996-12-16,204.0,E
02WB003,1997-01-16,134.0,E
02WB003,1997-02-16,111.0,
02WB003,1997-03-16,102.0,E
02WB003,1997-04-16,97.4000015258789,E
02WB003,1997-05-16,1290.0,
02WB003,1997-06-16,860.0,
02WB003,1997-07-16,530.0,
02WB003,1997-08-16,214.0,
02WB003,1997-09-16,389.0,
02WB003,1997-10-16,345.0,
02WB003,1997-11-16,251.0,
02WB003,1997-12-16,140.0,E
02WB003,1998-01-16,96.5,E
02WB003,1998-02-16,87.5999984741211,
02WB003,1998-03-16,203.0,E
02WB003,1998-04-16,154.0,E
02WB003,1998-05-16,1690.0,
02WB003,1998-06-16,497.0,
02WB003,1998-07-16,261.0,
02WB003,1998-08-16,214.0,
02WB003,1998-09-16,296.0,
02WB003,1998-10-16,425.0,
02WB003,1998-11-16,345.0,
02WB003,1998-12-16,156.0,B
02WB003,1999-01-16,107.0,B
02WB003,1999-02-16,82.80000305175781,
02WB003,1999-03-16,163.0,B
02WB003,1999-04-16,182.0,E
02WB003,1999-05-16,1720.0,
02WB003,1999-06-16,495.0,
02WB003,1999-07-16,288.0,
02WB003,1999-08-16,463.0,
02WB003,1999-09-16,338.0,
02WB003,1999-10-16,1010.0,
02WB003,1999-11-16,356.0,
02WB003,1999-12-16,222.0,
02WB003,2000-01-16,137.0,E
02WB003,2000-02-16,104.0,E
02WB003,2000-03-16,92.3000030517578,E
02WB003,2000-04-16,276.0,B
02WB003,2000-05-16,712.0,
02WB003,2000-06-16,946.0,
02WB003,2000-07-16,870.0,
02WB003,2000-08-16,281.0,
02WB003,2000-09-16,157.0,
02WB003,2000-10-16,216.0,
02WB003,2000-11-16,239.0,
02WB003,2000-12-16,113.0,B
02WB003,2001-01-16,93.9000015258789,B
02WB003,2001-02-16,82.5,
02WB003,2001-03-16,76.5999984741211,B
02WB003,2001-04-16,75.30000305175781,B
02WB003,2001-05-16,1650.0,
02WB003,2001-06-16,446.0,
02WB003,2001-07-16,964.0,
02WB003,2001-08-16,230.0,
02WB003,2001-09-16,164.0,
02WB003,2001-10-16,266.0,
02WB003,2001-11-16,377.0,
02WB003,2001-12-16,179.0,
02WB003,2002-01-16,99.9000015258789,
02WB003,2002-02-16,83.9000015258789,
02WB003,2002-03-16,150.0,
02WB003,2002-04-16,149.0,
02WB003,2002-05-16,560.0,
02WB003,2002-06-16,891.0,
02WB003,2002-07-16,595.0,
02WB003,2002-08-16,566.0,
02WB003,2002-09-16,369.0,
02WB003,2002-10-16,243.0,
02WB003,2002-11-16,260.0,
02WB003,2002-12-16,160.0,
02WB003,2003-01-16,106.0,
02WB003,2003-02-16,85.0999984741211,
02WB003,2003-03-16,73.19999694824219,
02WB003,2003-04-16,94.4000015258789,
02WB003,2003-05-16,1450.0,
02WB003,2003-06-16,562.0,
02WB003,2003-07-16,427.0,
02WB003,2003-08-16,192.0,
02WB003,2003-09-16,140.0,
02WB003,2003-10-16,229.0,
02WB003,2003-11-16,367.0,
02WB003,2003-12-16,187.0,
02WB003,2004-01-16,122.0,
02WB003,2004-02-16,94.6999969482422,
02WB003,2004-03-16,81.19999694824219,
02WB003,2004-04-16,126.0,
02WB003,2004-05-16,990.0,
02WB003,2004-06-16,981.0,
02WB003,2004-07-16,289.0,
02WB003,2004-08-16,233.0,
02WB003,2004-09-16,160.0,
02WB003,2004-10-16,438.0,
02WB003,2004-11-16,130.0,
02WB003,2004-12-16,154.0,
02WB003,2005-01-16,121.0,
02WB003,2005-02-16,107.0,
02WB003,2005-03-16,126.0,
02WB003,2005-04-16,148.0,
02WB003,2005-05-16,1730.0,
02WB003,2005-06-16,383.0,
02WB003,2005-07-16,178.0,
02WB003,2005-08-16,106.0,
02WB003,2005-09-16,309.0,
02WB003,2005-10-16,223.0,
02WB003,2005-11-16,200.0,
02WB003,2005-12-16,241.0,
02WB003,2006-01-16,221.0,
02WB003,2006-02-16,118.0,
02WB003,2006-03-16,103.0,
02WB003,2006-04-16,270.0,
02WB003,2006-05-16,1580.0,
02WB003,2006-06-16,450.0,
02WB003,2006-07-16,196.0,
02WB003,2006-08-16,598.0,
02WB003,2006-09-16,126.0,
02WB003,2006-10-16,222.0,
02WB003,2006-11-16,333.0,
02WB003,2006-12-16,163.0,
02WB003,2007-01-16,115.0,
02WB003,2007-02-16,99.4000015258789,
02WB003,2007-03-16,93.4000015258789,
02WB003,2007-04-16,99.8000030517578,
02WB003,2007-05-16,1050.0,
02WB003,2007-06-16,578.0,
02WB003,2007-07-16,567.0,
02WB003,2007-08-16,157.0,
02WB003,2007-09-16,268.0,
02WB003,2007-10-16,244.0,
02WB003,2007-11-16,342.0,
02WB003,2007-12-16,188.0,
02WB003,2008-01-16,110.0,
02WB003,2008-02-16,83.5,
02WB003,2008-03-16,71.5,
02WB003,2008-04-16,92.0999984741211,
02WB003,2008-05-16,1020.0,
02WB003,2008-06-16,486.0,
02WB003,2008-07-16,406.0,
02WB003,2008-08-16,323.0,
02WB003,2008-09-16,361.0,
02WB003,2008-10-16,303.0,
02WB003,2008-11-16,369.0,
02WB003,2008-12-16,175.0,
02WB003,2009-01-16,121.0,
02WB003,2009-02-16,103.0,
02WB003,2009-03-16,97.0,
02WB003,2009-04-16,121.0,
02WB003,2009-05-16,1630.0,
02WB003,2009-06-16,693.0,
02WB003,2009-07-16,301.0,
02WB003,2009-08-16,149.0,
02WB003,2009-09-16,820.0,
02WB003,2009-10-16,525.0,
02WB003,2009-11-16,207.0,
02WB003,2009-12-16,169.0,
02WB003,2010-01-16,112.0,
02WB003,2010-02-16,90.5,
02WB003,2010-03-16,82.9000015258789,
02WB003,2010-04-16,497.0,
02WB003,2010-05-16,1080.0,
02WB003,2010-06-16,620.0,
02WB003,2010-07-16,448.0,
02WB003,2010-08-16,245.0,
02WB003,2010-09-16,147.0,
02WB003,2010-10-16,307.0,
02WB003,2010-11-16,411.0,
02WB003,2010-12-16,344.0,
02WB003,2011-01-16,140.0,
02WB003,2011-02-16,94.1999969482422,
02WB003,2011-03-16,115.0,
02WB003,2011-04-16,126.0,
02WB003,2011-05-16,1120.0,
02WB003,2011-06-16,599.0,
02WB003,2011-07-16,550.0,
02WB003,2011-08-16,260.0,
02WB003,2011-09-16,216.0,
02WB003,2011-10-16,150.0,
02WB003,2011-11-16,686.0,
02WB003,2011-12-16,206.0,
02WB003,2012-01-16,136.0,B
02WB003,2012-02-16,99.6999969482422,B
02WB003,2012-03-16,82.30000305175781,B
02WB003,2012-04-16,110.0,B
02WB003,2012-05-16,2060.0,
02WB003,2012-06-16,320.0,
02WB003,2012-07-16,337.0,
02WB003,2012-08-16,201.0,
02WB003,2012-09-16,213.0,
02WB003,2012-10-16,628.0,
02WB003,2012-11-16,378.0,
02WB003,2012-12-16,176.0,B
02WB003,2013-01-16,110.0,B
02WB003,2013-02-16,92.0,B
02WB003,2013-03-16,171.0,B
02WB003,2013-04-16,141.0,B
02WB003,2013-05-16,1850.0,
02WB003,2013-06-16,501.0,
02WB003,2013-07-16,177.0,
02WB003,2013-08-16,393.0,
02WB003,2013-09-16,403.0,
02WB003,2013-10-16,310.0,
02WB003,2013-11-16,264.0,
02WB003,2013-12-16,176.0,B
02WB003,2014-01-16,98.8000030517578,B
02WB003,2014-02-16,71.0999984741211,B
02WB003,2014-03-16,59.20000076293945,B
02WB003,2014-04-16,65.0,B
02WB003,2014-05-16,972.0,
02WB003,2014-06-16,388.0,
02WB003,2014-07-16,350.0,
02WB003,2014-08-16,178.0,
02WB003,2014-09-16,239.0,
02WB003,2014-10-16,214.0,
02WB003,2014-11-16,223.0,B
02WB003,2014-12-16,138.0,B
02WB003,2015-01-16,98.0,B
02WB003,2015-02-16,77.69999694824219,B
02WB003,2015-03-16,67.5999984741211,B
02WB003,2015-04-16,63.5,B
02WB003,2015-05-16,968.0,
02WB003,2015-06-16,823.0,
02WB003,2015-07-16,489.0,
02WB003,2015-08-16,458.0,
02WB003,2015-09-16,467.0,
02WB003,2015-10-16,242.0,
02WB003,2015-11-16,218.0,
02WB003,2015-12-16,150.0,B
02WB003,2016-01-16,91.0,B
02WB003,2016-02-16,76.69999694824219,B
02WB003,2016-03-16,87.69999694824219,B
02WB003,2016-04-16,291.0,B
02WB003,2016-05-16,1270.0,
02WB003,2016-06-16,916.0,
02WB003,2016-07-16,389.0,
02WB003,2016-08-16,372.0,
02WB003,2016-09-16,478.0,
02WB003,2016-10-16,222.0,
02WB003,2016-11-16,,
02WB003,2017-05-16,2220.0,
02WB003,2017-06-16,494.0,
02WB003,2017-07-16,504.0,
02WB003,2017-08-16,337.0,
02WB003,2017-09-16,416.0,
02WB003,2017-10-16,290.0,
02WB003,2017-11-16,,
02WB003,2018-05-16,873.0,
02WB003,2018-06-16,1390.0,
02WB003,2018-07-16,311.0,
02WB003,2018-08-16,413.0,
02WB003,2018-09-16,191.0,
02WB003,2018-10-16,191.0,
02WB003,2018-11-16,,
02WB003,2019-05-16,,
02WB003,2019-06-16,1140.0,
02WB003,2019-07-16,352.0,
02WB003,2019-08-16,477.0,
02WB003,2019-09-16,371.0,
02WB003,2019-10-16,181.0,
02WB003,2019-11-16,,
02WB003,2020-05-16,605.0,
02WB003,2020-06-16,628.0,
02WB003,2020-07-16,407.0,
02WB003,2020-08-16,194.0,
02WB003,2020-09-16,204.0,
02WB003,2020-10-16,619.0,
02WB003,2020-11-16,,
02WB003,2021-04-16,1160.0,
02WB003,2021-05-16,939.0,
02WB003,2021-06-16,521.0,
02WB003,2021-07-16,220.0,
02WB003,2021-08-16,179.0,
02WB003,2021-09-16,546.0,
02WB003,2021-10-16,311.0,
02WB003,2021-11-16,271.0,
02WB003,2021-12-16,,
02WB003,2022-05-16,1490.0,
02WB003,2022-06-16,822.0,
02WB003,2022-07-16,611.0,
02WB003,2022-08-16,269.0,
02WB003,2022-09-16,208.0,
02WB003,2022-10-16,365.0,
02WB003,2022-11-16,,
02WB003,2023-04-16,,
02WB003,2023-05-16,804.0,
02WB003,2023-06-16,394.0,
02WB003,2023-07-16,262.0,
02WB003,2023-08-16,301.0,
02WB003,2023-09-16,761.0,
02WB003,2023-10-16,672.0,
02WB003,2023-11-16,,
02WB003,2024-04-16,,
02WB003,2024-05-16,1160.0,
02WB003,2024-06-16,350.0,
02WB003,2024-07-16,154.0,
02WB003,2024-08-16,129.0,
02WB003,2024-09-16,93.1999969482422,
02WB003,1980-06-17,,
02WB003,1980-08-17,,
02WB003,1980-10-17,,
02WB003,1981-01-17,,
02WB003,1981-03-17,,
02WB003,1981-08-17,,
02WB003,1981-10-17,330.0,
02WB003,1981-11-17,343.0,
02WB003,1981-12-17,324.0,E
02WB003,1982-01-17,164.0,E
02WB003,1982-02-17,104.0,E
02WB003,1982-03-17,77.0,E
02WB003,1982-04-17,116.0,E
02WB003,1982-05-17,801.0,
02WB003,1982-06-17,936.0,
02WB003,1982-07-17,462.0,
02WB003,1982-08-17,254.0,
02WB003,1982-09-17,273.0,
02WB003,1982-10-17,181.0,
02WB003,1982-11-17,344.0,
02WB003,1982-12-17,154.0,E
02WB003,1983-01-17,137.0,E
02WB003,1983-02-17,134.0,E
02WB003,1983-03-17,113.0,E
02WB003,1983-04-17,158.0,E
02WB003,1983-05-17,1370.0,
02WB003,1983-06-17,582.0,
02WB003,1983-07-17,352.0,
02WB003,1983-08-17,363.0,
02WB003,1983-09-17,345.0,
02WB003,1983-10-17,444.0,
02WB003,1983-11-17,367.0,
02WB003,1983-12-17,252.0,E
02WB003,1984-01-17,137.0,E
02WB003,1984-02-17,97.0,E
02WB003,1984-03-17,88.0,E
02WB003,1984-04-17,193.0,E
02WB003,1984-05-17,1750.0,
02WB003,1984-06-17,631.0,
02WB003,1984-07-17,431.0,
02WB003,1984-08-17,179.0,
02WB003,1984-09-17,383.0,
02WB003,1984-10-17,225.0,
02WB003,1984-11-17,156.0,
02WB003,1984-12-17,135.0,E
02WB003,1985-01-17,81.5,E
02WB003,1985-02-17,61.5,E
02WB003,1985-03-17,57.20000076293945,E
02WB003,1985-04-17,77.0,E
02WB003,1985-05-17,398.0,
02WB003,1985-06-17,733.0,
02WB003,1985-07-17,586.0,
02WB003,1985-08-17,420.0,
02WB003,1985-09-17,340.0,
02WB003,1985-10-17,386.0,
02WB003,1985-11-17,181.0,
02WB003,1985-12-17,98.0,E
02WB003,1986-01-17,83.0,E
02WB003,1986-02-17,100.0,E
02WB003,1986-03-17,64.5,E
02WB003,1986-04-17,220.0,E
02WB003,1986-05-17,1040.0,
02WB003,1986-06-17,365.0,
02WB003,1986-07-17,380.0,
02WB003,1986-08-17,191.0,
02WB003,1986-09-17,572.0,
02WB003,1986-10-17,308.0,
02WB003,1986-11-17,121.0,
02WB003,1986-12-17,86.5,E
02WB003,1987-01-17,61.0,E
02WB003,1987-02-17,52.70000076293945,E
02WB003,1987-03-17,49.70000076293945,E
02WB003,1987-04-17,328.0,E
02WB003,1987-05-17,723.0,
02WB003,1987-06-17,625.0,E
02WB003,1987-07-17,247.0,
02WB003,1987-08-17,312.0,
02WB003,1987-09-17,430.0,
02WB003,1987-10-17,453.0,
02WB003,1987-11-17,227.0,E
02WB003,1987-12-17,182.0,E
02WB003,1988-01-17,118.0,E
02WB003,1988-02-17,83.5,E
02WB003,1988-03-17,84.0,E
02WB003,1988-04-17,154.0,E
02WB003,1988-05-17,1410.0,
02WB003,1988-06-17,532.0,
02WB003,1988-07-17,414.0,
02WB003,1988-08-17,173.0,
02WB003,1988-09-17,205.0,
02WB003,1988-10-17,404.0,
02WB003,1988-11-17,355.0,
02WB003,1988-12-17,164.0,E
02WB003,1989-01-17,90.5,E
02WB003,1989-02-17,61.900001525878906,E
02WB003,1989-03-17,50.900001525878906,E
02WB003,1989-04-17,65.80000305175781,E
02WB003,1989-05-17,1410.0,
02WB003,1989-06-17,538.0,
02WB003,1989-07-17,452.0,
02WB003,1989-08-17,542.0,
02WB003,1989-09-17,614.0,
02WB003,1989-10-17,385.0,
02WB003,1989-11-17,351.0,
02WB003,1989-12-17,139.0,E
02WB003,1990-01-17,86.69999694824219,E
02WB003,1990-02-17,67.5999984741211,
02WB003,1990-03-17,59.20000076293945,E
02WB003,1990-04-17,94.6999969482422,E
02WB003,1990-05-17,969.0,
02WB003,1990-06-17,475.0,
02WB003,1990-07-17,309.0,
02WB003,1990-08-17,486.0,
02WB003,1990-09-17,171.0,
02WB003,1990-10-17,282.0,
02WB003,1990-11-17,148.0,E
02WB003,1990-12-17,140.0,E
02WB003,1991-01-17,99.5,E
02WB003,1991-02-17,71.5,
02WB003,1991-03-17,66.19999694824219,E
02WB003,1991-04-17,60.29999923706055,E
02WB003,1991-05-17,991.0,
02WB003,1991-06-17,906.0,
02WB003,1991-07-17,531.0,
02WB003,1991-08-17,190.0,
02WB003,1991-09-17,112.0,
02WB003,1991-10-17,456.0,
02WB003,1991-11-17,191.0,
02WB003,1991-12-17,93.5,
02WB003,1992-01-17,88.80000305175781,E
02WB003,1992-02-17,62.0,E
02WB003,1992-03-17,47.900001525878906,E
02WB003,1992-04-17,61.09999847412109,E
02WB003,1992-05-17,1180.0,
02WB003,1992-06-17,578.0,
02WB003,1992-07-17,373.0,
02WB003,1992-08-17,360.0,
02WB003,1992-09-17,306.0,
02WB003,1992-10-17,692.0,
02WB003,1992-11-17,292.0,
02WB003,1992-12-17,102.0,E
02WB003,1993-01-17,58.20000076293945,E
02WB003,1993-02-17,50.09999847412109,
02WB003,1993-03-17,46.5,E
02WB003,1993-04-17,49.20000076293945,E
02WB003,1993-05-17,836.0,
02WB003,1993-06-17,398.0,
02WB003,1993-07-17,327.0,
02WB003,1993-08-17,282.0,
02WB003,1993-09-17,468.0,
02WB003,1993-10-17,578.0,
02WB003,1993-11-17,202.0,
02WB003,1993-12-17,151.0,E
02WB003,1994-01-17,101.0,E
02WB003,1994-02-17,86.19999694824219,
02WB003,1994-03-17,73.80000305175781,E
02WB003,1994-04-17,78.69999694824219,E
02WB003,1994-05-17,1370.0,
02WB003,1994-06-17,882.0,
02WB003,1994-07-17,586.0,
02WB003,1994-08-17,375.0,
02WB003,1994-09-17,571.0,
02WB003,1994-10-17,338.0,
02WB003,1994-11-17,377.0,
02WB003,1994-12-17,138.0,E
02WB003,1995-01-17,101.0,E
02WB003,1995-02-17,83.19999694824219,
02WB003,1995-03-17,75.69999694824219,E
02WB003,1995-04-17,97.5,E
02WB003,1995-05-17,1390.0,
02WB003,1995-06-17,530.0,
02WB003,1995-07-17,405.0,
02WB003,1995-08-17,124.0,
02WB003,1995-09-17,195.0,
02WB003,1995-10-17,318.0,
02WB003,1995-11-17,634.0,
02WB003,1995-12-17,151.0,E
02WB003,1996-01-17,92.5,E
02WB003,1996-02-17,94.8000030517578,E
02WB003,1996-03-17,152.0,E
02WB003,1996-04-17,192.0,
02WB003,1996-05-17,704.0,
02WB003,1996-06-17,610.0,
02WB003,1996-07-17,479.0,
02WB003,1996-08-17,319.0,
02WB003,1996-09-17,138.0,
02WB003,1996-10-17,297.0,
02WB003,1996-11-17,552.0,
02WB003,1996-12-17,198.0,E
02WB003,1997-01-17,133.0,E
02WB003,1997-02-17,110.0,
02WB003,1997-03-17,101.0,E
02WB003,1997-04-17,97.5,E
02WB003,1997-05-17,1530.0,
02WB003,1997-06-17,880.0,
02WB003,1997-07-17,515.0,
02WB003,1997-08-17,212.0,
02WB003,1997-09-17,395.0,
02WB003,1997-10-17,333.0,
02WB003,1997-11-17,222.0,
02WB003,1997-12-17,137.0,E
02WB003,1998-01-17,95.9000015258789,E
02WB003,1998-02-17,87.9000015258789,
02WB003,1998-03-17,197.0,E
02WB003,1998-04-17,162.0,E
02WB003,1998-05-17,1660.0,
02WB003,1998-06-17,472.0,
02WB003,1998-07-17,257.0,
02WB003,1998-08-17,214.0,
02WB003,1998-09-17,300.0,
02WB003,1998-10-17,404.0,
02WB003,1998-11-17,311.0,
02WB003,1998-12-17,154.0,B
02WB003,1999-01-17,105.0,B
02WB003,1999-02-17,82.5999984741211,
02WB003,1999-03-17,163.0,B
02WB003,1999-04-17,187.0,E
02WB003,1999-05-17,1630.0,
02WB003,1999-06-17,470.0,
02WB003,1999-07-17,279.0,
02WB003,1999-08-17,465.0,
02WB003,1999-09-17,317.0,
02WB003,1999-10-17,859.0,
02WB003,1999-11-17,352.0,
02WB003,1999-12-17,217.0,
02WB003,2000-01-17,135.0,E
02WB003,2000-02-17,103.0,E
02WB003,2000-03-17,91.8000030517578,E
02WB003,2000-04-17,270.0,B
02WB003,2000-05-17,728.0,
02WB003,2000-06-17,924.0,
02WB003,2000-07-17,771.0,
02WB003,2000-08-17,269.0,
02WB003,2000-09-17,209.0,
02WB003,2000-10-17,208.0,
02WB003,2000-11-17,244.0,
02WB003,2000-12-17,112.0,B
02WB003,2001-01-17,93.4000015258789,B
02WB003,2001-02-17,82.0999984741211,
02WB003,2001-03-17,76.5999984741211,B
02WB003,2001-04-17,75.19999694824219,B
02WB003,2001-05-17,1640.0,
02WB003,2001-06-17,421.0,
02WB003,2001-07-17,855.0,
02WB003,2001-08-17,226.0,
02WB003,2001-09-17,162.0,
02WB003,2001-10-17,271.0,
02WB003,2001-11-17,359.0,
02WB003,2001-12-17,173.0,
02WB003,2002-01-17,98.3000030517578,
02WB003,2002-02-17,84.0999984741211,
02WB003,2002-03-17,146.0,
02WB003,2002-04-17,151.0,
02WB003,2002-05-17,603.0,
02WB003,2002-06-17,851.0,
02WB003,2002-07-17,550.0,
02WB003,2002-08-17,524.0,
02WB003,2002-09-17,359.0,
02WB003,2002-10-17,254.0,
02WB003,2002-11-17,222.0,
02WB003,2002-12-17,150.0,
02WB003,2003-01-17,105.0,
02WB003,2003-02-17,84.5,
02WB003,2003-03-17,72.9000015258789,
02WB003,2003-04-17,93.1999969482422,
02WB003,2003-05-17,1510.0,
02WB003,2003-06-17,527.0,
02WB003,2003-07-17,399.0,
02WB003,2003-08-17,230.0,
02WB003,2003-09-17,135.0,
02WB003,2003-10-17,231.0,
02WB003,2003-11-17,349.0,
02WB003,2003-12-17,184.0,
02WB003,2004-01-17,120.0,
02WB003,2004-02-17,94.0999984741211,
02WB003,2004-03-17,80.80000305175781,
02WB003,2004-04-17,130.0,
02WB003,2004-05-17,1060.0,
02WB003,2004-06-17,922.0,
02WB003,2004-07-17,285.0,
02WB003,2004-08-17,238.0,
02WB003,2004-09-17,156.0,
02WB003,2004-10-17,433.0,
02WB003,2004-11-17,141.0,
02WB003,2004-12-17,150.0,
02WB003,2005-01-17,120.0,
02WB003,2005-02-17,106.0,
02WB003,2005-03-17,122.0,
02WB003,2005-04-17,148.0,
02WB003,2005-05-17,1720.0,
02WB003,2005-06-17,364.0,
02WB003,2005-07-17,227.0,
02WB003,2005-08-17,107.0,
02WB003,2005-09-17,293.0,
02WB003,2005-10-17,235.0,
02WB003,2005-11-17,222.0,
02WB003,2005-12-17,227.0,
02WB003,2006-01-17,289.0,
02WB003,2006-02-17,117.0,
02WB003,2006-03-17,104.0,
02WB003,2006-04-17,300.0,
02WB003,2006-05-17,1510.0,
02WB003,2006-06-17,403.0,
02WB003,2006-07-17,195.0,
02WB003,2006-08-17,587.0,
02WB003,2006-09-17,120.0,
02WB003,2006-10-17,315.0,
02WB003,2006-11-17,394.0,
02WB003,2006-12-17,160.0,
02WB003,2007-01-17,114.0,
02WB003,2007-02-17,99.0,
02WB003,2007-03-17,93.3000030517578,
02WB003,2007-04-17,103.0,
02WB003,2007-05-17,964.0,
02WB003,2007-06-17,539.0,
02WB003,2007-07-17,522.0,
02WB003,2007-08-17,155.0,
02WB003,2007-09-17,328.0,
02WB003,2007-10-17,235.0,
02WB003,2007-11-17,569.0,
02WB003,2007-12-17,183.0,
02WB003,2008-01-17,109.0,
02WB003,2008-02-17,83.0,
02WB003,2008-03-17,71.19999694824219,
02WB003,2008-04-17,95.5999984741211,
02WB003,2008-05-17,1010.0,
02WB003,2008-06-17,457.0,
02WB003,2008-07-17,397.0,
02WB003,2008-08-17,341.0,
02WB003,2008-09-17,681.0,
02WB003,2008-10-17,288.0,
02WB003,2008-11-17,888.0,
02WB003,2008-12-17,172.0,
02WB003,2009-01-17,120.0,
02WB003,2009-02-17,102.0,
02WB003,2009-03-17,96.9000015258789,
02WB003,2009-04-17,120.0,
02WB003,2009-05-17,1840.0,
02WB003,2009-06-17,648.0,
02WB003,2009-07-17,315.0,
02WB003,2009-08-17,148.0,
02WB003,2009-09-17,816.0,
02WB003,2009-10-17,488.0,
02WB003,2009-11-17,213.0,
02WB003,2009-12-17,166.0,
02WB003,2010-01-17,111.0,
02WB003,2010-02-17,90.3000030517578,
02WB003,2010-03-17,82.69999694824219,
02WB003,2010-04-17,467.0,
02WB003,2010-05-17,1020.0,
02WB003,2010-06-17,572.0,
02WB003,2010-07-17,423.0,
02WB003,2010-08-17,234.0,
02WB003,2010-09-17,142.0,
02WB003,2010-10-17,301.0,
02WB003,2010-11-17,397.0,
02WB003,2010-12-17,382.0,
02WB003,2011-01-17,137.0,
02WB003,2011-02-17,93.5999984741211,
02WB003,2011-03-17,121.0,
02WB003,2011-04-17,128.0,
02WB003,2011-05-17,1070.0,
02WB003,2011-06-17,564.0,
02WB003,2011-07-17,519.0,
02WB003,2011-08-17,258.0,
02WB003,2011-09-17,242.0,
02WB003,2011-10-17,157.0,
02WB003,2011-11-17,625.0,
02WB003,2011-12-17,220.0,
02WB003,2012-01-17,134.0,B
02WB003,2012-02-17,98.8000030517578,B
02WB003,2012-03-17,81.9000015258789,B
02WB003,2012-04-17,115.0,B
02WB003,2012-05-17,2230.0,
02WB003,2012-06-17,301.0,
02WB003,2012-07-17,321.0,
02WB003,2012-08-17,221.0,
02WB003,2012-09-17,218.0,
02WB003,2012-10-17,732.0,
02WB003,2012-11-17,352.0,
02WB003,2012-12-17,173.0,B
02WB003,2013-01-17,109.0,B
02WB003,2013-02-17,91.5999984741211,B
02WB003,2013-03-17,218.0,B
02WB003,2013-04-17,150.0,B
02WB003,2013-05-17,1800.0,
02WB003,2013-06-17,491.0,
02WB003,2013-07-17,169.0,
02WB003,2013-08-17,607.0,
02WB003,2013-09-17,391.0,
02WB003,2013-10-17,301.0,
02WB003,2013-11-17,276.0,
02WB003,2013-12-17,171.0,B
02WB003,2014-01-17,97.5,B
02WB003,2014-02-17,70.5999984741211,B
02WB003,2014-03-17,59.0,B
02WB003,2014-04-17,67.80000305175781,B
02WB003,2014-05-17,1290.0,
02WB003,2014-06-17,398.0,
02WB003,2014-07-17,368.0,
02WB003,2014-08-17,178.0,
02WB003,2014-09-17,240.0,
02WB003,2014-10-17,227.0,
02WB003,2014-11-17,217.0,B
02WB003,2014-12-17,136.0,B
02WB003,2015-01-17,97.0999984741211,B
02WB003,2015-02-17,77.19999694824219,B
02WB003,2015-03-17,67.30000305175781,B
02WB003,2015-04-17,63.70000076293945,B
02WB003,2015-05-17,1070.0,
02WB003,2015-06-17,773.0,
02WB003,2015-07-17,490.0,
02WB003,2015-08-17,433.0,
02WB003,2015-09-17,482.0,
02WB003,2015-10-17,265.0,
02WB003,2015-11-17,206.0,
02WB003,2015-12-17,141.0,B
02WB003,2016-01-17,94.1999969482422,B
02WB003,2016-02-17,76.69999694824219,B
02WB003,2016-03-17,86.9000015258789,B
02WB003,2016-04-17,290.0,B
02WB003,2016-05-17,1390.0,
02WB003,2016-06-17,961.0,
02WB003,2016-07-17,393.0,
02WB003,2016-08-17,346.0,
02WB003,2016-09-17,451.0,
02WB003,2016-10-17,220.0,
02WB003,2016-11-17,,
02WB003,2017-05-17,2310.0,
02WB003,2017-06-17,473.0,
02WB003,2017-07-17,468.0,
02WB003,2017-08-17,345.0,
02WB003,2017-09-17,387.0,
02WB003,2017-10-17,296.0,
02WB003,2017-11-17,,
02WB003,2018-05-17,888.0,
02WB003,2018-06-17,1310.0,
02WB003,2018-07-17,293.0,
02WB003,2018-08-17,385.0,
02WB003,2018-09-17,187.0,
02WB003,2018-10-17,202.0,
02WB003,2018-11-17,,
02WB003,2019-05-17,,
02WB003,2019-06-17,1100.0,
02WB003,2019-07-17,356.0,
02WB003,2019-08-17,448.0,
02WB003,2019-09-17,356.0,
02WB003,2019-10-17,180.0,
02WB003,2019-11-17,,
02WB003,2020-05-17,600.0,
02WB003,2020-06-17,593.0,
02WB003,2020-07-17,375.0,
02WB003,2020-08-17,187.0,
02WB003,2020-09-17,206.0,
02WB003,2020-10-17,629.0,
02WB003,2020-11-17,,
02WB003,2021-04-17,1060.0,
02WB003,2021-05-17,936.0,
02WB003,2021-06-17,555.0,
02WB003,2021-07-17,214.0,
02WB003,2021-08-17,240.0,
02WB003,2021-09-17,504.0,
02WB003,2021-10-17,302.0,
02WB003,2021-11-17,277.0,
02WB003,2021-12-17,,
02WB003,2022-05-17,1600.0,
02WB003,2022-06-17,752.0,
02WB003,2022-07-17,594.0,
02WB003,2022-08-17,262.0,
02WB003,2022-09-17,247.0,
02WB003,2022-10-17,352.0,
02WB003,2022-11-17,,
02WB003,2023-04-17,,
02WB003,2023-05-17,793.0,
02WB003,2023-06-17,372.0,
02WB003,2023-07-17,251.0,
02WB003,2023-08-17,283.0,
02WB003,2023-09-17,867.0,
02WB003,2023-10-17,728.0,
02WB003,2023-11-17,,
02WB003,2024-04-17,,
02WB003,2024-05-17,1190.0,
02WB003,2024-06-17,324.0,
02WB003,2024-07-17,150.0,
02WB003,2024-08-17,124.0,
02WB003,2024-09-17,91.5999984741211,
02WB003,1980-06-18,,
02WB003,1980-08-18,,
02WB003,1980-10-18,,
02WB003,1981-01-18,144.0,E
02WB003,1981-03-18,,
02WB003,1981-08-18,,
02WB003,1981-10-18,316.0,
02WB003,1981-11-18,340.0,
02WB003,1981-12-18,318.0,E
02WB003,1982-01-18,161.0,E
02WB003,1982-02-18,103.0,E
02WB003,1982-03-18,76.5,E
02WB003,1982-04-18,122.0,E
02WB003,1982-05-18,897.0,
02WB003,1982-06-18,935.0,
02WB003,1982-07-18,493.0,
02WB003,1982-08-18,254.0,
02WB003,1982-09-18,272.0,
02WB003,1982-10-18,180.0,
02WB003,1982-11-18,335.0,
02WB003,1982-12-18,152.0,E
02WB003,1983-01-18,136.0,E
02WB003,1983-02-18,132.0,E
02WB003,1983-03-18,112.0,E
02WB003,1983-04-18,180.0,E
02WB003,1983-05-18,1410.0,
02WB003,1983-06-18,554.0,
02WB003,1983-07-18,582.0,
02WB003,1983-08-18,332.0,
02WB003,1983-09-18,329.0,
02WB003,1983-10-18,448.0,
02WB003,1983-11-18,393.0,
02WB003,1983-12-18,245.0,E
02WB003,1984-01-18,135.0,E
02WB003,1984-02-18,96.0,E
02WB003,1984-03-18,93.0,E
02WB003,1984-04-18,196.0,E
02WB003,1984-05-18,1600.0,
02WB003,1984-06-18,599.0,
02WB003,1984-07-18,419.0,
02WB003,1984-08-18,174.0,
02WB003,1984-09-18,365.0,
02WB003,1984-10-18,220.0,
02WB003,1984-11-18,147.0,
02WB003,1984-12-18,134.0,E
02WB003,1985-01-18,80.5,E
02WB003,1985-02-18,61.20000076293945,E
02WB003,1985-03-18,57.20000076293945,E
02WB003,1985-04-18,84.0,E
02WB003,1985-05-18,409.0,
02WB003,1985-06-18,693.0,
02WB003,1985-07-18,676.0,
02WB003,1985-08-18,400.0,
02WB003,1985-09-18,318.0,
02WB003,1985-10-18,384.0,
02WB003,1985-11-18,172.0,E
02WB003,1985-12-18,97.0,E
02WB003,1986-01-18,82.0,E
02WB003,1986-02-18,98.0,E
02WB003,1986-03-18,64.5,E
02WB003,1986-04-18,270.0,E
02WB003,1986-05-18,1030.0,
02WB003,1986-06-18,374.0,
02WB003,1986-07-18,356.0,
02WB003,1986-08-18,182.0,
02WB003,1986-09-18,532.0,
02WB003,1986-10-18,352.0,
02WB003,1986-11-18,155.0,
02WB003,1986-12-18,85.0,E
02WB003,1987-01-18,60.5,E
02WB003,1987-02-18,52.5,E
02WB003,1987-03-18,49.70000076293945,E
02WB003,1987-04-18,334.0,
02WB003,1987-05-18,716.0,
02WB003,1987-06-18,600.0,E
02WB003,1987-07-18,239.0,
02WB003,1987-08-18,305.0,
02WB003,1987-09-18,481.0,
02WB003,1987-10-18,428.0,
02WB003,1987-11-18,227.0,E
02WB003,1987-12-18,178.0,E
02WB003,1988-01-18,117.0,E
02WB003,1988-02-18,83.0,E
02WB003,1988-03-18,83.0,E
02WB003,1988-04-18,152.0,E
02WB003,1988-05-18,1360.0,
02WB003,1988-06-18,511.0,
02WB003,1988-07-18,398.0,
02WB003,1988-08-18,163.0,
02WB003,1988-09-18,194.0,
02WB003,1988-10-18,372.0,
02WB003,1988-11-18,355.0,
02WB003,1988-12-18,161.0,E
02WB003,1989-01-18,89.0999984741211,E
02WB003,1989-02-18,61.5,E
02WB003,1989-03-18,50.900001525878906,E
02WB003,1989-04-18,66.9000015258789,E
02WB003,1989-05-18,1380.0,
02WB003,1989-06-18,500.0,
02WB003,1989-07-18,432.0,
02WB003,1989-08-18,812.0,
02WB003,1989-09-18,567.0,
02WB003,1989-10-18,374.0,
02WB003,1989-11-18,446.0,
02WB003,1989-12-18,137.0,E
02WB003,1990-01-18,85.9000015258789,E
02WB003,1990-02-18,66.9000015258789,
02WB003,1990-03-18,59.79999923706055,E
02WB003,1990-04-18,95.9000015258789,E
02WB003,1990-05-18,1020.0,
02WB003,1990-06-18,474.0,
02WB003,1990-07-18,300.0,
02WB003,1990-08-18,489.0,
02WB003,1990-09-18,199.0,
02WB003,1990-10-18,285.0,
02WB003,1990-11-18,157.0,E
02WB003,1990-12-18,140.0,E
02WB003,1991-01-18,98.6999969482422,E
02WB003,1991-02-18,70.80000305175781,
02WB003,1991-03-18,66.0999984741211,E
02WB003,1991-04-18,60.0,E
02WB003,1991-05-18,977.0,
02WB003,1991-06-18,858.0,
02WB003,1991-07-18,502.0,
02WB003,1991-08-18,182.0,
02WB003,1991-09-18,109.0,
02WB003,1991-10-18,483.0,
02WB003,1991-11-18,182.0,
02WB003,1991-12-18,92.3000030517578,
02WB003,1992-01-18,87.80000305175781,E
02WB003,1992-02-18,61.20000076293945,E
02WB003,1992-03-18,47.70000076293945,E
02WB003,1992-04-18,60.20000076293945,E
02WB003,1992-05-18,1080.0,
02WB003,1992-06-18,536.0,
02WB003,1992-07-18,393.0,
02WB003,1992-08-18,338.0,
02WB003,1992-09-18,302.0,
02WB003,1992-10-18,666.0,
02WB003,1992-11-18,256.0,
02WB003,1992-12-18,99.3000030517578,E
02WB003,1993-01-18,57.70000076293945,E
02WB003,1993-02-18,49.900001525878906,
02WB003,1993-03-18,46.5,E
02WB003,1993-04-18,50.09999847412109,E
02WB003,1993-05-18,1030.0,
02WB003,1993-06-18,382.0,
02WB003,1993-07-18,333.0,
02WB003,1993-08-18,270.0,
02WB003,1993-09-18,438.0,
02WB003,1993-10-18,579.0,
02WB003,1993-11-18,196.0,
02WB003,1993-12-18,145.0,E
02WB003,1994-01-18,104.0,E
02WB003,1994-02-18,85.5999984741211,
02WB003,1994-03-18,73.5,E
02WB003,1994-04-18,85.69999694824219,E
02WB003,1994-05-18,1280.0,
02WB003,1994-06-18,847.0,
02WB003,1994-07-18,559.0,
02WB003,1994-08-18,380.0,
02WB003,1994-09-18,533.0,
02WB003,1994-10-18,326.0,
02WB003,1994-11-18,351.0,
02WB003,1994-12-18,135.0,E
02WB003,1995-01-18,101.0,E
02WB003,1995-02-18,82.5,
02WB003,1995-03-18,76.0,E
02WB003,1995-04-18,99.6999969482422,E
02WB003,1995-05-18,1350.0,
02WB003,1995-06-18,499.0,
02WB003,1995-07-18,384.0,
02WB003,1995-08-18,123.0,
02WB003,1995-09-18,208.0,
02WB003,1995-10-18,320.0,
02WB003,1995-11-18,666.0,
02WB003,1995-12-18,149.0,E
02WB003,1996-01-18,91.5,E
02WB003,1996-02-18,106.0,E
02WB003,1996-03-18,148.0,E
02WB003,1996-04-18,200.0,
02WB003,1996-05-18,732.0,
02WB003,1996-06-18,629.0,
02WB003,1996-07-18,459.0,
02WB003,1996-08-18,303.0,
02WB003,1996-09-18,133.0,
02WB003,1996-10-18,292.0,
02WB003,1996-11-18,532.0,
02WB003,1996-12-18,193.0,E
02WB003,1997-01-18,132.0,E
02WB003,1997-02-18,110.0,
02WB003,1997-03-18,102.0,E
02WB003,1997-04-18,97.5999984741211,E
02WB003,1997-05-18,1630.0,
02WB003,1997-06-18,855.0,
02WB003,1997-07-18,487.0,
02WB003,1997-08-18,218.0,
02WB003,1997-09-18,413.0,
02WB003,1997-10-18,321.0,
02WB003,1997-11-18,209.0,
02WB003,1997-12-18,134.0,E
02WB003,1998-01-18,95.4000015258789,E
02WB003,1998-02-18,87.4000015258789,
02WB003,1998-03-18,194.0,E
02WB003,1998-04-18,185.0,E
02WB003,1998-05-18,1570.0,
02WB003,1998-06-18,451.0,
02WB003,1998-07-18,255.0,
02WB003,1998-08-18,210.0,
02WB003,1998-09-18,328.0,
02WB003,1998-10-18,385.0,
02WB003,1998-11-18,299.0,
02WB003,1998-12-18,151.0,B
02WB003,1999-01-18,105.0,B
02WB003,1999-02-18,82.5,
02WB003,1999-03-18,162.0,B
02WB003,1999-04-18,195.0,E
02WB003,1999-05-18,1700.0,
02WB003,1999-06-18,443.0,
02WB003,1999-07-18,266.0,
02WB003,1999-08-18,437.0,
02WB003,1999-09-18,306.0,
02WB003,1999-10-18,729.0,
02WB003,1999-11-18,283.0,
02WB003,1999-12-18,213.0,
02WB003,2000-01-18,134.0,E
02WB003,2000-02-18,103.0,E
02WB003,2000-03-18,92.0,E
02WB003,2000-04-18,261.0,B
02WB003,2000-05-18,816.0,
02WB003,2000-06-18,913.0,
02WB003,2000-07-18,700.0,
02WB003,2000-08-18,263.0,
02WB003,2000-09-18,243.0,
02WB003,2000-10-18,199.0,
02WB003,2000-11-18,258.0,
02WB003,2000-12-18,111.0,B
02WB003,2001-01-18,92.8000030517578,B
02WB003,2001-02-18,81.5999984741211,
02WB003,2001-03-18,76.5,B
02WB003,2001-04-18,75.0,B
02WB003,2001-05-18,1540.0,
02WB003,2001-06-18,396.0,
02WB003,2001-07-18,754.0,
02WB003,2001-08-18,222.0,
02WB003,2001-09-18,160.0,
02WB003,2001-10-18,320.0,
02WB003,2001-11-18,347.0,
02WB003,2001-12-18,169.0,
02WB003,2002-01-18,97.0,
02WB003,2002-02-18,84.69999694824219,
02WB003,2002-03-18,144.0,
02WB003,2002-04-18,154.0,
02WB003,2002-05-18,632.0,
02WB003,2002-06-18,810.0,
02WB003,2002-07-18,514.0,
02WB003,2002-08-18,481.0,
02WB003,2002-09-18,353.0,
02WB003,2002-10-18,278.0,
02WB003,2002-11-18,201.0,
02WB003,2002-12-18,144.0,
02WB003,2003-01-18,104.0,
02WB003,2003-02-18,83.9000015258789,
02WB003,2003-03-18,72.5999984741211,
02WB003,2003-04-18,89.9000015258789,
02WB003,2003-05-18,1580.0,
02WB003,2003-06-18,497.0,
02WB003,2003-07-18,373.0,
02WB003,2003-08-18,276.0,
02WB003,2003-09-18,131.0,
02WB003,2003-10-18,235.0,
02WB003,2003-11-18,325.0,
02WB003,2003-12-18,180.0,
02WB003,2004-01-18,119.0,
02WB003,2004-02-18,93.5999984741211,
02WB003,2004-03-18,80.5,
02WB003,2004-04-18,135.0,
02WB003,2004-05-18,1170.0,
02WB003,2004-06-18,866.0,
02WB003,2004-07-18,290.0,
02WB003,2004-08-18,233.0,
02WB003,2004-09-18,150.0,
02WB003,2004-10-18,428.0,
02WB003,2004-11-18,158.0,
02WB003,2004-12-18,146.0,
02WB003,2005-01-18,120.0,
02WB003,2005-02-18,106.0,
02WB003,2005-03-18,119.0,
02WB003,2005-04-18,151.0,
02WB003,2005-05-18,1720.0,
02WB003,2005-06-18,345.0,
02WB003,2005-07-18,280.0,
02WB003,2005-08-18,104.0,
02WB003,2005-09-18,276.0,
02WB003,2005-10-18,261.0,
02WB003,2005-11-18,240.0,
02WB003,2005-12-18,219.0,
02WB003,2006-01-18,290.0,
02WB003,2006-02-18,115.0,
02WB003,2006-03-18,105.0,
02WB003,2006-04-18,333.0,
02WB003,2006-05-18,1400.0,
02WB003,2006-06-18,362.0,
02WB003,2006-07-18,194.0,
02WB003,2006-08-18,546.0,
02WB003,2006-09-18,114.0,
02WB003,2006-10-18,373.0,
02WB003,2006-11-18,481.0,
02WB003,2006-12-18,158.0,
02WB003,2007-01-18,114.0,
02WB003,2007-02-18,98.5999984741211,
02WB003,2007-03-18,93.1999969482422,
02WB003,2007-04-18,107.0,
02WB003,2007-05-18,886.0,
02WB003,2007-06-18,514.0,
02WB003,2007-07-18,487.0,
02WB003,2007-08-18,149.0,
02WB003,2007-09-18,372.0,
02WB003,2007-10-18,226.0,
02WB003,2007-11-18,1140.0,
02WB003,2007-12-18,179.0,
02WB003,2008-01-18,108.0,
02WB003,2008-02-18,82.4000015258789,
02WB003,2008-03-18,70.9000015258789,
02WB003,2008-04-18,101.0,
02WB003,2008-05-18,1020.0,
02WB003,2008-06-18,431.0,
02WB003,2008-07-18,376.0,
02WB003,2008-08-18,324.0,
02WB003,2008-09-18,722.0,
02WB003,2008-10-18,272.0,
02WB003,2008-11-18,1460.0,
02WB003,2008-12-18,169.0,
02WB003,2009-01-18,119.0,
02WB003,2009-02-18,102.0,
02WB003,2009-03-18,96.8000030517578,
02WB003,2009-04-18,119.0,
02WB003,2009-05-18,1800.0,
02WB003,2009-06-18,608.0,
02WB003,2009-07-18,321.0,
02WB003,2009-08-18,153.0,
02WB003,2009-09-18,718.0,
02WB003,2009-10-18,453.0,
02WB003,2009-11-18,225.0,
02WB003,2009-12-18,164.0,
02WB003,2010-01-18,110.0,
02WB003,2010-02-18,90.4000015258789,
02WB003,2010-03-18,82.5,
02WB003,2010-04-18,459.0,
02WB003,2010-05-18,985.0,
02WB003,2010-06-18,533.0,
02WB003,2010-07-18,413.0,
02WB003,2010-08-18,234.0,
02WB003,2010-09-18,138.0,
02WB003,2010-10-18,304.0,
02WB003,2010-11-18,403.0,
02WB003,2010-12-18,405.0,
02WB003,2011-01-18,134.0,
02WB003,2011-02-18,92.9000015258789,
02WB003,2011-03-18,125.0,
02WB003,2011-04-18,129.0,
02WB003,2011-05-18,1030.0,
02WB003,2011-06-18,548.0,
02WB003,2011-07-18,488.0,
02WB003,2011-08-18,271.0,
02WB003,2011-09-18,324.0,
02WB003,2011-10-18,170.0,
02WB003,2011-11-18,584.0,
02WB003,2011-12-18,203.0,
02WB003,2012-01-18,133.0,B
02WB003,2012-02-18,98.0,B
02WB003,2012-03-18,81.5999984741211,B
02WB003,2012-04-18,120.0,B
02WB003,2012-05-18,2320.0,
02WB003,2012-06-18,282.0,
02WB003,2012-07-18,342.0,
02WB003,2012-08-18,241.0,
02WB003,2012-09-18,236.0,
02WB003,2012-10-18,903.0,
02WB003,2012-11-18,325.0,B
02WB003,2012-12-18,170.0,B
02WB003,2013-01-18,107.0,B
02WB003,2013-02-18,91.1999969482422,B
02WB003,2013-03-18,245.0,B
02WB003,2013-04-18,159.0,B
02WB003,2013-05-18,1640.0,
02WB003,2013-06-18,499.0,
02WB003,2013-07-18,162.0,
02WB003,2013-08-18,795.0,
02WB003,2013-09-18,361.0,
02WB003,2013-10-18,310.0,
02WB003,2013-11-18,282.0,
02WB003,2013-12-18,167.0,B
02WB003,2014-01-18,96.1999969482422,B
02WB003,2014-02-18,70.0,B
02WB003,2014-03-18,58.70000076293945,B
02WB003,2014-04-18,71.0999984741211,B
02WB003,2014-05-18,1720.0,
02WB003,2014-06-18,441.0,
02WB003,2014-07-18,380.0,
02WB003,2014-08-18,184.0,
02WB003,2014-09-18,245.0,
02WB003,2014-10-18,250.0,
02WB003,2014-11-18,211.0,B
02WB003,2014-12-18,134.0,B
02WB003,2015-01-18,96.3000030517578,B
02WB003,2015-02-18,76.80000305175781,B
02WB003,2015-03-18,67.0999984741211,B
02WB003,2015-04-18,63.900001525878906,B
02WB003,2015-05-18,1210.0,
02WB003,2015-06-18,738.0,
02WB003,2015-07-18,487.0,
02WB003,2015-08-18,410.0,
02WB003,2015-09-18,489.0,
02WB003,2015-10-18,260.0,
02WB003,2015-11-18,199.0,
02WB003,2015-12-18,130.0,B
02WB003,2016-01-18,98.1999969482422,B
02WB003,2016-02-18,76.80000305175781,B
02WB003,2016-03-18,86.0999984741211,B
02WB003,2016-04-18,280.0,B
02WB003,2016-05-18,1450.0,
02WB003,2016-06-18,940.0,
02WB003,2016-07-18,363.0,
02WB003,2016-08-18,328.0,
02WB003,2016-09-18,436.0,
02WB003,2016-10-18,217.0,
02WB003,2016-11-18,,
02WB003,2017-05-18,2270.0,
02WB003,2017-06-18,453.0,
02WB003,2017-07-18,434.0,
02WB003,2017-08-18,367.0,
02WB003,2017-09-18,363.0,
02WB003,2017-10-18,294.0,
02WB003,2017-11-18,,
02WB003,2018-05-18,871.0,
02WB003,2018-06-18,1220.0,
02WB003,2018-07-18,280.0,
02WB003,2018-08-18,362.0,
02WB003,2018-09-18,181.0,
02WB003,2018-10-18,218.0,
02WB003,2018-11-18,,
02WB003,2019-05-18,1670.0,
02WB003,2019-06-18,1060.0,
02WB003,2019-07-18,343.0,
02WB003,2019-08-18,415.0,
02WB003,2019-09-18,337.0,
02WB003,2019-10-18,183.0,
02WB003,2019-11-18,,
02WB003,2020-05-18,605.0,
02WB003,2020-06-18,559.0,
02WB003,2020-07-18,341.0,
02WB003,2020-08-18,180.0,
02WB003,2020-09-18,205.0,
02WB003,2020-10-18,627.0,
02WB003,2020-11-18,,
02WB003,2021-04-18,1000.0,
02WB003,2021-05-18,944.0,
02WB003,2021-06-18,554.0,
02WB003,2021-07-18,210.0,
02WB003,2021-08-18,299.0,
02WB003,2021-09-18,469.0,
02WB003,2021-10-18,330.0,
02WB003,2021-11-18,256.0,
02WB003,2021-12-18,,
02WB003,2022-05-18,1860.0,
02WB003,2022-06-18,706.0,
02WB003,2022-07-18,569.0,
02WB003,2022-08-18,254.0,
02WB003,2022-09-18,270.0,
02WB003,2022-10-18,340.0,
02WB003,2022-11-18,,
02WB003,2023-04-18,,
02WB003,2023-05-18,759.0,
02WB003,2023-06-18,355.0,
02WB003,2023-07-18,249.0,
02WB003,2023-08-18,269.0,
02WB003,2023-09-18,1030.0,
02WB003,2023-10-18,704.0,
02WB003,2023-11-18,,
02WB003,2024-04-18,,
02WB003,2024-05-18,1160.0,
02WB003,2024-06-18,303.0,
02WB003,2024-07-18,151.0,
02WB003,2024-08-18,120.0,
02WB003,2024-09-18,94.5,
02WB003,1980-06-19,,
02WB003,1980-08-19,,
02WB003,1980-10-19,,
02WB003,1981-01-19,,
02WB003,1981-03-19,,
02WB003,1981-08-19,391.0,E
02WB003,1981-10-19,312.0,
02WB003,1981-11-19,322.0,
02WB003,1981-12-19,309.0,E
02WB003,1982-01-19,157.0,E
02WB003,1982-02-19,102.0,E
02WB003,1982-03-19,76.0,E
02WB003,1982-04-19,122.0,E
02WB003,1982-05-19,1030.0,
02WB003,1982-06-19,948.0,
02WB003,1982-07-19,508.0,
02WB003,1982-08-19,266.0,
02WB003,1982-09-19,270.0,
02WB003,1982-10-19,179.0,
02WB003,1982-11-19,311.0,
02WB003,1982-12-19,150.0,E
02WB003,1983-01-19,134.0,E
02WB003,1983-02-19,127.0,E
02WB003,1983-03-19,112.0,E
02WB003,1983-04-19,210.0,E
02WB003,1983-05-19,1310.0,
02WB003,1983-06-19,541.0,
02WB003,1983-07-19,784.0,
02WB003,1983-08-19,319.0,
02WB003,1983-09-19,319.0,
02WB003,1983-10-19,440.0,
02WB003,1983-11-19,437.0,
02WB003,1983-12-19,237.0,E
02WB003,1984-01-19,134.0,E
02WB003,1984-02-19,95.0,E
02WB003,1984-03-19,104.0,E
02WB003,1984-04-19,200.0,E
02WB003,1984-05-19,1410.0,
02WB003,1984-06-19,606.0,
02WB003,1984-07-19,419.0,
02WB003,1984-08-19,175.0,
02WB003,1984-09-19,348.0,
02WB003,1984-10-19,214.0,
02WB003,1984-11-19,144.0,E
02WB003,1984-12-19,130.0,E
02WB003,1985-01-19,80.0,E
02WB003,1985-02-19,61.0,E
02WB003,1985-03-19,57.09999847412109,E
02WB003,1985-04-19,89.0,E
02WB003,1985-05-19,474.0,
02WB003,1985-06-19,659.0,
02WB003,1985-07-19,679.0,
02WB003,1985-08-19,393.0,
02WB003,1985-09-19,301.0,
02WB003,1985-10-19,384.0,
02WB003,1985-11-19,164.0,E
02WB003,1985-12-19,95.0,E
02WB003,1986-01-19,81.0,E
02WB003,1986-02-19,96.0,E
02WB003,1986-03-19,64.19999694824219,E
02WB003,1986-04-19,300.0,E
02WB003,1986-05-19,996.0,
02WB003,1986-06-19,411.0,
02WB003,1986-07-19,336.0,
02WB003,1986-08-19,174.0,
02WB003,1986-09-19,491.0,
02WB003,1986-10-19,365.0,
02WB003,1986-11-19,152.0,E
02WB003,1986-12-19,83.5,E
02WB003,1987-01-19,60.20000076293945,E
02WB003,1987-02-19,52.29999923706055,E
02WB003,1987-03-19,50.0,E
02WB003,1987-04-19,381.0,
02WB003,1987-05-19,710.0,E
02WB003,1987-06-19,570.0,E
02WB003,1987-07-19,229.0,
02WB003,1987-08-19,329.0,
02WB003,1987-09-19,488.0,
02WB003,1987-10-19,414.0,
02WB003,1987-11-19,249.0,E
02WB003,1987-12-19,176.0,E
02WB003,1988-01-19,115.0,E
02WB003,1988-02-19,82.5,E
02WB003,1988-03-19,82.0,E
02WB003,1988-04-19,150.0,E
02WB003,1988-05-19,1300.0,
02WB003,1988-06-19,496.0,
02WB003,1988-07-19,377.0,
02WB003,1988-08-19,158.0,
02WB003,1988-09-19,185.0,
02WB003,1988-10-19,356.0,
02WB003,1988-11-19,355.0,
02WB003,1988-12-19,156.0,E
02WB003,1989-01-19,88.0,E
02WB003,1989-02-19,61.0,E
02WB003,1989-03-19,50.900001525878906,E
02WB003,1989-04-19,69.0999984741211,E
02WB003,1989-05-19,1360.0,
02WB003,1989-06-19,468.0,
02WB003,1989-07-19,407.0,
02WB003,1989-08-19,858.0,
02WB003,1989-09-19,522.0,
02WB003,1989-10-19,358.0,
02WB003,1989-11-19,535.0,
02WB003,1989-12-19,135.0,E
02WB003,1990-01-19,85.5,E
02WB003,1990-02-19,66.0999984741211,
02WB003,1990-03-19,60.59999847412109,E
02WB003,1990-04-19,94.0,E
02WB003,1990-05-19,1050.0,
02WB003,1990-06-19,474.0,
02WB003,1990-07-19,292.0,
02WB003,1990-08-19,443.0,
02WB003,1990-09-19,226.0,
02WB003,1990-10-19,281.0,
02WB003,1990-11-19,176.0,E
02WB003,1990-12-19,138.0,E
02WB003,1991-01-19,97.6999969482422,E
02WB003,1991-02-19,70.0999984741211,
02WB003,1991-03-19,66.0999984741211,E
02WB003,1991-04-19,59.79999923706055,E
02WB003,1991-05-19,972.0,
02WB003,1991-06-19,804.0,
02WB003,1991-07-19,472.0,
02WB003,1991-08-19,180.0,
02WB003,1991-09-19,107.0,
02WB003,1991-10-19,485.0,
02WB003,1991-11-19,175.0,
02WB003,1991-12-19,91.1999969482422,
02WB003,1992-01-19,86.0,E
02WB003,1992-02-19,60.59999847412109,E
02WB003,1992-03-19,47.5,E
02WB003,1992-04-19,59.20000076293945,E
02WB003,1992-05-19,1120.0,
02WB003,1992-06-19,500.0,
02WB003,1992-07-19,413.0,
02WB003,1992-08-19,319.0,
02WB003,1992-09-19,295.0,
02WB003,1992-10-19,633.0,
02WB003,1992-11-19,237.0,
02WB003,1992-12-19,97.9000015258789,E
02WB003,1993-01-19,57.09999847412109,E
02WB003,1993-02-19,49.70000076293945,
02WB003,1993-03-19,46.400001525878906,E
02WB003,1993-04-19,51.29999923706055,E
02WB003,1993-05-19,1160.0,
02WB003,1993-06-19,368.0,
02WB003,1993-07-19,339.0,
02WB003,1993-08-19,254.0,
02WB003,1993-09-19,410.0,
02WB003,1993-10-19,672.0,
02WB003,1993-11-19,190.0,
02WB003,1993-12-19,139.0,E
02WB003,1994-01-19,104.0,E
02WB003,1994-02-19,85.19999694824219,
02WB003,1994-03-19,74.0,E
02WB003,1994-04-19,97.0,E
02WB003,1994-05-19,1270.0,
02WB003,1994-06-19,814.0,
02WB003,1994-07-19,524.0,
02WB003,1994-08-19,370.0,
02WB003,1994-09-19,512.0,
02WB003,1994-10-19,317.0,
02WB003,1994-11-19,335.0,
02WB003,1994-12-19,132.0,E
02WB003,1995-01-19,99.5,E
02WB003,1995-02-19,81.80000305175781,
02WB003,1995-03-19,76.30000305175781,E
02WB003,1995-04-19,103.0,E
02WB003,1995-05-19,1270.0,
02WB003,1995-06-19,475.0,
02WB003,1995-07-19,369.0,
02WB003,1995-08-19,124.0,
02WB003,1995-09-19,220.0,
02WB003,1995-10-19,310.0,
02WB003,1995-11-19,640.0,
02WB003,1995-12-19,146.0,E
02WB003,1996-01-19,90.9000015258789,E
02WB003,1996-02-19,120.0,E
02WB003,1996-03-19,146.0,E
02WB003,1996-04-19,208.0,
02WB003,1996-05-19,829.0,
02WB003,1996-06-19,617.0,
02WB003,1996-07-19,448.0,
02WB003,1996-08-19,289.0,
02WB003,1996-09-19,127.0,
02WB003,1996-10-19,285.0,
02WB003,1996-11-19,521.0,
02WB003,1996-12-19,188.0,E
02WB003,1997-01-19,131.0,E
02WB003,1997-02-19,110.0,
02WB003,1997-03-19,101.0,E
02WB003,1997-04-19,97.5,E
02WB003,1997-05-19,1580.0,
02WB003,1997-06-19,824.0,
02WB003,1997-07-19,469.0,
02WB003,1997-08-19,240.0,
02WB003,1997-09-19,430.0,
02WB003,1997-10-19,312.0,
02WB003,1997-11-19,200.0,
02WB003,1997-12-19,132.0,E
02WB003,1998-01-19,94.6999969482422,E
02WB003,1998-02-19,87.69999694824219,
02WB003,1998-03-19,190.0,E
02WB003,1998-04-19,208.0,E
02WB003,1998-05-19,1470.0,
02WB003,1998-06-19,437.0,
02WB003,1998-07-19,254.0,
02WB003,1998-08-19,211.0,
02WB003,1998-09-19,369.0,
02WB003,1998-10-19,377.0,
02WB003,1998-11-19,286.0,
02WB003,1998-12-19,149.0,B
02WB003,1999-01-19,103.0,B
02WB003,1999-02-19,82.0999984741211,
02WB003,1999-03-19,162.0,B
02WB003,1999-04-19,209.0,E
02WB003,1999-05-19,1890.0,
02WB003,1999-06-19,404.0,
02WB003,1999-07-19,253.0,
02WB003,1999-08-19,407.0,
02WB003,1999-09-19,301.0,
02WB003,1999-10-19,634.0,
02WB003,1999-11-19,249.0,
02WB003,1999-12-19,209.0,
02WB003,2000-01-19,132.0,E
02WB003,2000-02-19,102.0,E
02WB003,2000-03-19,92.0,E
02WB003,2000-04-19,253.0,B
02WB003,2000-05-19,996.0,
02WB003,2000-06-19,868.0,
02WB003,2000-07-19,657.0,
02WB003,2000-08-19,260.0,
02WB003,2000-09-19,257.0,
02WB003,2000-10-19,196.0,
02WB003,2000-11-19,272.0,
02WB003,2000-12-19,110.0,B
02WB003,2001-01-19,91.9000015258789,B
02WB003,2001-02-19,81.5,
02WB003,2001-03-19,76.80000305175781,B
02WB003,2001-04-19,75.30000305175781,B
02WB003,2001-05-19,1450.0,
02WB003,2001-06-19,381.0,
02WB003,2001-07-19,668.0,
02WB003,2001-08-19,231.0,
02WB003,2001-09-19,157.0,
02WB003,2001-10-19,383.0,
02WB003,2001-11-19,335.0,
02WB003,2001-12-19,165.0,
02WB003,2002-01-19,95.6999969482422,
02WB003,2002-02-19,84.69999694824219,
02WB003,2002-03-19,139.0,
02WB003,2002-04-19,155.0,
02WB003,2002-05-19,681.0,
02WB003,2002-06-19,772.0,
02WB003,2002-07-19,474.0,
02WB003,2002-08-19,442.0,
02WB003,2002-09-19,342.0,
02WB003,2002-10-19,347.0,
02WB003,2002-11-19,171.0,
02WB003,2002-12-19,140.0,
02WB003,2003-01-19,103.0,
02WB003,2003-02-19,83.4000015258789,
02WB003,2003-03-19,72.4000015258789,
02WB003,2003-04-19,87.0999984741211,
02WB003,2003-05-19,1870.0,
02WB003,2003-06-19,469.0,
02WB003,2003-07-19,355.0,
02WB003,2003-08-19,281.0,
02WB003,2003-09-19,127.0,
02WB003,2003-10-19,237.0,
02WB003,2003-11-19,314.0,
02WB003,2003-12-19,176.0,
02WB003,2004-01-19,118.0,
02WB003,2004-02-19,93.0,
02WB003,2004-03-19,80.0999984741211,
02WB003,2004-04-19,140.0,
02WB003,2004-05-19,1360.0,
02WB003,2004-06-19,815.0,
02WB003,2004-07-19,291.0,
02WB003,2004-08-19,221.0,
02WB003,2004-09-19,147.0,
02WB003,2004-10-19,426.0,
02WB003,2004-11-19,147.0,
02WB003,2004-12-19,143.0,
02WB003,2005-01-19,119.0,
02WB003,2005-02-19,106.0,
02WB003,2005-03-19,115.0,
02WB003,2005-04-19,156.0,
02WB003,2005-05-19,1750.0,
02WB003,2005-06-19,327.0,
02WB003,2005-07-19,279.0,
02WB003,2005-08-19,103.0,
02WB003,2005-09-19,259.0,
02WB003,2005-10-19,309.0,
02WB003,2005-11-19,214.0,
02WB003,2005-12-19,211.0,
02WB003,2006-01-19,286.0,
02WB003,2006-02-19,113.0,
02WB003,2006-03-19,105.0,
02WB003,2006-04-19,370.0,
02WB003,2006-05-19,1280.0,
02WB003,2006-06-19,339.0,
02WB003,2006-07-19,195.0,
02WB003,2006-08-19,502.0,
02WB003,2006-09-19,112.0,
02WB003,2006-10-19,369.0,
02WB003,2006-11-19,617.0,
02WB003,2006-12-19,155.0,
02WB003,2007-01-19,113.0,
02WB003,2007-02-19,98.4000015258789,
02WB003,2007-03-19,93.1999969482422,
02WB003,2007-04-19,113.0,
02WB003,2007-05-19,834.0,
02WB003,2007-06-19,514.0,
02WB003,2007-07-19,458.0,
02WB003,2007-08-19,143.0,
02WB003,2007-09-19,395.0,
02WB003,2007-10-19,217.0,
02WB003,2007-11-19,1120.0,
02WB003,2007-12-19,174.0,
02WB003,2008-01-19,107.0,
02WB003,2008-02-19,81.80000305175781,
02WB003,2008-03-19,70.69999694824219,
02WB003,2008-04-19,107.0,
02WB003,2008-05-19,1100.0,
02WB003,2008-06-19,406.0,
02WB003,2008-07-19,423.0,
02WB003,2008-08-19,308.0,
02WB003,2008-09-19,650.0,
02WB003,2008-10-19,259.0,
02WB003,2008-11-19,1320.0,
02WB003,2008-12-19,167.0,
02WB003,2009-01-19,118.0,
02WB003,2009-02-19,102.0,
02WB003,2009-03-19,96.6999969482422,
02WB003,2009-04-19,119.0,
02WB003,2009-05-19,1690.0,
02WB003,2009-06-19,577.0,
02WB003,2009-07-19,397.0,
02WB003,2009-08-19,151.0,
02WB003,2009-09-19,624.0,
02WB003,2009-10-19,423.0,
02WB003,2009-11-19,226.0,
02WB003,2009-12-19,161.0,
02WB003,2010-01-19,109.0,
02WB003,2010-02-19,90.6999969482422,
02WB003,2010-03-19,82.30000305175781,
02WB003,2010-04-19,481.0,
02WB003,2010-05-19,961.0,
02WB003,2010-06-19,504.0,
02WB003,2010-07-19,416.0,
02WB003,2010-08-19,224.0,
02WB003,2010-09-19,136.0,
02WB003,2010-10-19,350.0,
02WB003,2010-11-19,429.0,
02WB003,2010-12-19,393.0,
02WB003,2011-01-19,132.0,
02WB003,2011-02-19,92.3000030517578,
02WB003,2011-03-19,124.0,
02WB003,2011-04-19,130.0,
02WB003,2011-05-19,1080.0,
02WB003,2011-06-19,624.0,
02WB003,2011-07-19,457.0,
02WB003,2011-08-19,293.0,
02WB003,2011-09-19,362.0,
02WB003,2011-10-19,181.0,
02WB003,2011-11-19,539.0,
02WB003,2011-12-19,186.0,
02WB003,2012-01-19,132.0,B
02WB003,2012-02-19,97.1999969482422,B
02WB003,2012-03-19,81.5999984741211,B
02WB003,2012-04-19,127.0,B
02WB003,2012-05-19,2310.0,
02WB003,2012-06-19,266.0,
02WB003,2012-07-19,352.0,
02WB003,2012-08-19,276.0,
02WB003,2012-09-19,283.0,
02WB003,2012-10-19,934.0,
02WB003,2012-11-19,313.0,B
02WB003,2012-12-19,168.0,B
02WB003,2013-01-19,106.0,B
02WB003,2013-02-19,90.8000030517578,B
02WB003,2013-03-19,247.0,B
02WB003,2013-04-19,164.0,B
02WB003,2013-05-19,1450.0,
02WB003,2013-06-19,502.0,
02WB003,2013-07-19,154.0,
02WB003,2013-08-19,715.0,
02WB003,2013-09-19,330.0,
02WB003,2013-10-19,352.0,
02WB003,2013-11-19,383.0,
02WB003,2013-12-19,163.0,B
02WB003,2014-01-19,95.0,B
02WB003,2014-02-19,69.5,B
02WB003,2014-03-19,58.400001525878906,B
02WB003,2014-04-19,74.9000015258789,B
02WB003,2014-05-19,2080.0,
02WB003,2014-06-19,499.0,
02WB003,2014-07-19,375.0,
02WB003,2014-08-19,201.0,
02WB003,2014-09-19,245.0,
02WB003,2014-10-19,273.0,
02WB003,2014-11-19,207.0,B
02WB003,2014-12-19,132.0,B
02WB003,2015-01-19,95.4000015258789,B
02WB003,2015-02-19,76.30000305175781,B
02WB003,2015-03-19,66.80000305175781,B
02WB003,2015-04-19,64.19999694824219,B
02WB003,2015-05-19,1360.0,
02WB003,2015-06-19,708.0,
02WB003,2015-07-19,467.0,
02WB003,2015-08-19,384.0,
02WB003,2015-09-19,472.0,
02WB003,2015-10-19,247.0,
02WB003,2015-11-19,198.0,
02WB003,2015-12-19,126.0,B
02WB003,2016-01-19,102.0,B
02WB003,2016-02-19,77.30000305175781,B
02WB003,2016-03-19,85.30000305175781,B
02WB003,2016-04-19,268.0,B
02WB003,2016-05-19,1480.0,
02WB003,2016-06-19,890.0,
02WB003,2016-07-19,345.0,
02WB003,2016-08-19,339.0,
02WB003,2016-09-19,433.0,
02WB003,2016-10-19,225.0,
02WB003,2016-11-19,,
02WB003,2017-05-19,2150.0,
02WB003,2017-06-19,437.0,
02WB003,2017-07-19,402.0,
02WB003,2017-08-19,401.0,
02WB003,2017-09-19,341.0,
02WB003,2017-10-19,282.0,
02WB003,2017-11-19,,
02WB003,2018-05-19,832.0,
02WB003,2018-06-19,1160.0,
02WB003,2018-07-19,269.0,
02WB003,2018-08-19,336.0,
02WB003,2018-09-19,173.0,
02WB003,2018-10-19,227.0,
02WB003,2018-11-19,,
02WB003,2019-05-19,1690.0,
02WB003,2019-06-19,987.0,
02WB003,2019-07-19,326.0,
02WB003,2019-08-19,381.0,
02WB003,2019-09-19,318.0,
02WB003,2019-10-19,188.0,
02WB003,2019-11-19,,
02WB003,2020-05-19,628.0,
02WB003,2020-06-19,541.0,
02WB003,2020-07-19,305.0,
02WB003,2020-08-19,175.0,
02WB003,2020-09-19,204.0,
02WB003,2020-10-19,640.0,
02WB003,2020-11-19,,
02WB003,2021-04-19,954.0,
02WB003,2021-05-19,975.0,
02WB003,2021-06-19,549.0,
02WB003,2021-07-19,205.0,
02WB003,2021-08-19,292.0,
02WB003,2021-09-19,436.0,
02WB003,2021-10-19,404.0,
02WB003,2021-11-19,258.0,
02WB003,2021-12-19,,
02WB003,2022-05-19,2040.0,
02WB003,2022-06-19,690.0,
02WB003,2022-07-19,556.0,
02WB003,2022-08-19,247.0,
02WB003,2022-09-19,274.0,
02WB003,2022-10-19,331.0,
02WB003,2022-11-19,,
02WB003,2023-04-19,,
02WB003,2023-05-19,712.0,
02WB003,2023-06-19,340.0,
02WB003,2023-07-19,254.0,
02WB003,2023-08-19,263.0,
02WB003,2023-09-19,1160.0,
02WB003,2023-10-19,647.0,
02WB003,2023-11-19,,
02WB003,2024-04-19,,
02WB003,2024-05-19,1120.0,
02WB003,2024-06-19,286.0,
02WB003,2024-07-19,166.0,
02WB003,2024-08-19,117.0,
02WB003,2024-09-19,96.5999984741211,
02WB003,1980-06-20,,
02WB003,1980-08-20,,
02WB003,1980-10-20,,
02WB003,1981-01-20,,
02WB003,1981-03-20,,
02WB003,1981-08-20,,
02WB003,1981-10-20,384.0,
02WB003,1981-11-20,312.0,
02WB003,1981-12-20,300.0,E
02WB003,1982-01-20,156.0,E
02WB003,1982-02-20,100.0,E
02WB003,1982-03-20,75.5,E
02WB003,1982-04-20,124.0,E
02WB003,1982-05-20,1060.0,
02WB003,1982-06-20,923.0,
02WB003,1982-07-20,506.0,
02WB003,1982-08-20,299.0,
02WB003,1982-09-20,271.0,
02WB003,1982-10-20,177.0,
02WB003,1982-11-20,276.0,
02WB003,1982-12-20,148.0,E
02WB003,1983-01-20,131.0,E
02WB003,1983-02-20,125.0,E
02WB003,1983-03-20,113.0,E
02WB003,1983-04-20,275.0,E
02WB003,1983-05-20,1180.0,
02WB003,1983-06-20,540.0,
02WB003,1983-07-20,826.0,
02WB003,1983-08-20,302.0,
02WB003,1983-09-20,321.0,
02WB003,1983-10-20,430.0,
02WB003,1983-11-20,437.0,
02WB003,1983-12-20,230.0,E
02WB003,1984-01-20,133.0,E
02WB003,1984-02-20,94.5,E
02WB003,1984-03-20,118.0,E
02WB003,1984-04-20,212.0,E
02WB003,1984-05-20,1330.0,
02WB003,1984-06-20,655.0,
02WB003,1984-07-20,412.0,
02WB003,1984-08-20,180.0,
02WB003,1984-09-20,337.0,
02WB003,1984-10-20,206.0,
02WB003,1984-11-20,138.0,E
02WB003,1984-12-20,127.0,E
02WB003,1985-01-20,79.0,E
02WB003,1985-02-20,60.79999923706055,E
02WB003,1985-03-20,57.09999847412109,E
02WB003,1985-04-20,94.0,E
02WB003,1985-05-20,568.0,
02WB003,1985-06-20,647.0,
02WB003,1985-07-20,634.0,
02WB003,1985-08-20,402.0,
02WB003,1985-09-20,289.0,
02WB003,1985-10-20,375.0,
02WB003,1985-11-20,157.0,E
02WB003,1985-12-20,93.0,E
02WB003,1986-01-20,80.0,E
02WB003,1986-02-20,94.5,E
02WB003,1986-03-20,64.0,E
02WB003,1986-04-20,315.0,E
02WB003,1986-05-20,957.0,
02WB003,1986-06-20,455.0,
02WB003,1986-07-20,321.0,
02WB003,1986-08-20,169.0,
02WB003,1986-09-20,452.0,
02WB003,1986-10-20,359.0,
02WB003,1986-11-20,147.0,E
02WB003,1986-12-20,82.5,E
02WB003,1987-01-20,60.0,E
02WB003,1987-02-20,52.20000076293945,E
02WB003,1987-03-20,51.0,E
02WB003,1987-04-20,496.0,
02WB003,1987-05-20,700.0,E
02WB003,1987-06-20,520.0,E
02WB003,1987-07-20,218.0,
02WB003,1987-08-20,357.0,
02WB003,1987-09-20,493.0,
02WB003,1987-10-20,400.0,
02WB003,1987-11-20,278.0,E
02WB003,1987-12-20,172.0,E
02WB003,1988-01-20,114.0,E
02WB003,1988-02-20,82.0,E
02WB003,1988-03-20,81.5,E
02WB003,1988-04-20,149.0,E
02WB003,1988-05-20,1250.0,
02WB003,1988-06-20,476.0,
02WB003,1988-07-20,358.0,
02WB003,1988-08-20,152.0,
02WB003,1988-09-20,177.0,
02WB003,1988-10-20,409.0,
02WB003,1988-11-20,355.0,
02WB003,1988-12-20,152.0,E
02WB003,1989-01-20,86.80000305175781,E
02WB003,1989-02-20,60.29999923706055,E
02WB003,1989-03-20,50.900001525878906,E
02WB003,1989-04-20,71.9000015258789,E
02WB003,1989-05-20,1350.0,
02WB003,1989-06-20,444.0,
02WB003,1989-07-20,386.0,
02WB003,1989-08-20,793.0,
02WB003,1989-09-20,485.0,
02WB003,1989-10-20,341.0,
02WB003,1989-11-20,514.0,
02WB003,1989-12-20,133.0,E
02WB003,1990-01-20,84.80000305175781,E
02WB003,1990-02-20,65.5,
02WB003,1990-03-20,62.0,E
02WB003,1990-04-20,92.4000015258789,E
02WB003,1990-05-20,1080.0,
02WB003,1990-06-20,470.0,
02WB003,1990-07-20,294.0,
02WB003,1990-08-20,395.0,
02WB003,1990-09-20,265.0,
02WB003,1990-10-20,289.0,
02WB003,1990-11-20,192.0,E
02WB003,1990-12-20,137.0,E
02WB003,1991-01-20,96.1999969482422,E
02WB003,1991-02-20,69.5,
02WB003,1991-03-20,66.0999984741211,E
02WB003,1991-04-20,59.79999923706055,E
02WB003,1991-05-20,947.0,
02WB003,1991-06-20,745.0,
02WB003,1991-07-20,443.0,
02WB003,1991-08-20,192.0,
02WB003,1991-09-20,107.0,
02WB003,1991-10-20,458.0,
02WB003,1991-11-20,170.0,
02WB003,1991-12-20,90.3000030517578,
02WB003,1992-01-20,84.69999694824219,E
02WB003,1992-02-20,60.09999847412109,E
02WB003,1992-03-20,47.400001525878906,E
02WB003,1992-04-20,60.400001525878906,E
02WB003,1992-05-20,1200.0,
02WB003,1992-06-20,464.0,
02WB003,1992-07-20,409.0,
02WB003,1992-08-20,306.0,
02WB003,1992-09-20,287.0,
02WB003,1992-10-20,601.0,
02WB003,1992-11-20,227.0,
02WB003,1992-12-20,95.3000030517578,E
02WB003,1993-01-20,56.400001525878906,E
02WB003,1993-02-20,49.59999847412109,
02WB003,1993-03-20,46.29999923706055,E
02WB003,1993-04-20,52.900001525878906,E
02WB003,1993-05-20,1130.0,
02WB003,1993-06-20,354.0,
02WB003,1993-07-20,328.0,
02WB003,1993-08-20,237.0,
02WB003,1993-09-20,388.0,
02WB003,1993-10-20,738.0,
02WB003,1993-11-20,186.0,
02WB003,1993-12-20,135.0,E
02WB003,1994-01-20,104.0,E
02WB003,1994-02-20,84.4000015258789,
02WB003,1994-03-20,75.0999984741211,E
02WB003,1994-04-20,107.0,E
02WB003,1994-05-20,1350.0,
02WB003,1994-06-20,762.0,
02WB003,1994-07-20,496.0,
02WB003,1994-08-20,360.0,
02WB003,1994-09-20,494.0,
02WB003,1994-10-20,306.0,
02WB003,1994-11-20,343.0,
02WB003,1994-12-20,131.0,E
02WB003,1995-01-20,99.1999969482422,E
02WB003,1995-02-20,81.4000015258789,
02WB003,1995-03-20,76.5,E
02WB003,1995-04-20,108.0,E
02WB003,1995-05-20,1210.0,
02WB003,1995-06-20,466.0,
02WB003,1995-07-20,353.0,
02WB003,1995-08-20,121.0,
02WB003,1995-09-20,270.0,
02WB003,1995-10-20,293.0,
02WB003,1995-11-20,572.0,
02WB003,1995-12-20,146.0,E
02WB003,1996-01-20,90.1999969482422,E
02WB003,1996-02-20,136.0,E
02WB003,1996-03-20,144.0,E
02WB003,1996-04-20,218.0,
02WB003,1996-05-20,948.0,
02WB003,1996-06-20,594.0,
02WB003,1996-07-20,503.0,
02WB003,1996-08-20,274.0,
02WB003,1996-09-20,123.0,
02WB003,1996-10-20,278.0,
02WB003,1996-11-20,495.0,
02WB003,1996-12-20,183.0,E
02WB003,1997-01-20,130.0,E
02WB003,1997-02-20,109.0,
02WB003,1997-03-20,101.0,E
02WB003,1997-04-20,97.3000030517578,E
02WB003,1997-05-20,1520.0,
02WB003,1997-06-20,829.0,
02WB003,1997-07-20,455.0,
02WB003,1997-08-20,276.0,
02WB003,1997-09-20,439.0,
02WB003,1997-10-20,307.0,
02WB003,1997-11-20,193.0,
02WB003,1997-12-20,130.0,E
02WB003,1998-01-20,94.4000015258789,E
02WB003,1998-02-20,87.69999694824219,
02WB003,1998-03-20,186.0,E
02WB003,1998-04-20,229.0,E
02WB003,1998-05-20,1410.0,
02WB003,1998-06-20,430.0,
02WB003,1998-07-20,263.0,
02WB003,1998-08-20,206.0,
02WB003,1998-09-20,396.0,
02WB003,1998-10-20,366.0,
02WB003,1998-11-20,275.0,
02WB003,1998-12-20,147.0,B
02WB003,1999-01-20,103.0,B
02WB003,1999-02-20,81.80000305175781,
02WB003,1999-03-20,161.0,B
02WB003,1999-04-20,222.0,E
02WB003,1999-05-20,2000.0,
02WB003,1999-06-20,378.0,
02WB003,1999-07-20,246.0,
02WB003,1999-08-20,380.0,
02WB003,1999-09-20,286.0,
02WB003,1999-10-20,562.0,
02WB003,1999-11-20,265.0,
02WB003,1999-12-20,205.0,
02WB003,2000-01-20,131.0,E
02WB003,2000-02-20,102.0,E
02WB003,2000-03-20,91.4000015258789,E
02WB003,2000-04-20,250.0,B
02WB003,2000-05-20,1200.0,
02WB003,2000-06-20,800.0,
02WB003,2000-07-20,633.0,
02WB003,2000-08-20,275.0,
02WB003,2000-09-20,256.0,
02WB003,2000-10-20,200.0,
02WB003,2000-11-20,269.0,
02WB003,2000-12-20,110.0,B
02WB003,2001-01-20,91.6999969482422,B
02WB003,2001-02-20,81.30000305175781,
02WB003,2001-03-20,76.5,B
02WB003,2001-04-20,75.0999984741211,B
02WB003,2001-05-20,1370.0,
02WB003,2001-06-20,371.0,
02WB003,2001-07-20,597.0,
02WB003,2001-08-20,257.0,
02WB003,2001-09-20,152.0,
02WB003,2001-10-20,422.0,
02WB003,2001-11-20,327.0,
02WB003,2001-12-20,162.0,
02WB003,2002-01-20,95.0,
02WB003,2002-02-20,86.69999694824219,
02WB003,2002-03-20,137.0,
02WB003,2002-04-20,159.0,
02WB003,2002-05-20,750.0,
02WB003,2002-06-20,725.0,
02WB003,2002-07-20,439.0,
02WB003,2002-08-20,411.0,
02WB003,2002-09-20,331.0,
02WB003,2002-10-20,482.0,
02WB003,2002-11-20,164.0,
02WB003,2002-12-20,137.0,
02WB003,2003-01-20,102.0,
02WB003,2003-02-20,82.9000015258789,
02WB003,2003-03-20,72.30000305175781,
02WB003,2003-04-20,87.0,
02WB003,2003-05-20,2140.0,
02WB003,2003-06-20,460.0,
02WB003,2003-07-20,341.0,
02WB003,2003-08-20,255.0,
02WB003,2003-09-20,123.0,
02WB003,2003-10-20,229.0,
02WB003,2003-11-20,311.0,
02WB003,2003-12-20,188.0,
02WB003,2004-01-20,117.0,
02WB003,2004-02-20,92.4000015258789,
02WB003,2004-03-20,79.69999694824219,
02WB003,2004-04-20,145.0,
02WB003,2004-05-20,1530.0,
02WB003,2004-06-20,773.0,
02WB003,2004-07-20,277.0,
02WB003,2004-08-20,214.0,
02WB003,2004-09-20,143.0,
02WB003,2004-10-20,414.0,
02WB003,2004-11-20,141.0,
02WB003,2004-12-20,140.0,
02WB003,2005-01-20,118.0,
02WB003,2005-02-20,106.0,
02WB003,2005-03-20,111.0,
02WB003,2005-04-20,162.0,
02WB003,2005-05-20,1760.0,
02WB003,2005-06-20,312.0,
02WB003,2005-07-20,253.0,
02WB003,2005-08-20,99.9000015258789,
02WB003,2005-09-20,244.0,
02WB003,2005-10-20,410.0,
02WB003,2005-11-20,189.0,
02WB003,2005-12-20,204.0,
02WB003,2006-01-20,275.0,
02WB003,2006-02-20,112.0,
02WB003,2006-03-20,108.0,
02WB003,2006-04-20,411.0,
02WB003,2006-05-20,1170.0,
02WB003,2006-06-20,315.0,
02WB003,2006-07-20,196.0,
02WB003,2006-08-20,461.0,
02WB003,2006-09-20,114.0,
02WB003,2006-10-20,344.0,
02WB003,2006-11-20,709.0,
02WB003,2006-12-20,153.0,
02WB003,2007-01-20,112.0,
02WB003,2007-02-20,98.1999969482422,
02WB003,2007-03-20,93.1999969482422,
02WB003,2007-04-20,121.0,
02WB003,2007-05-20,832.0,
02WB003,2007-06-20,581.0,
02WB003,2007-07-20,433.0,
02WB003,2007-08-20,138.0,
02WB003,2007-09-20,393.0,
02WB003,2007-10-20,241.0,
02WB003,2007-11-20,878.0,
02WB003,2007-12-20,170.0,
02WB003,2008-01-20,106.0,
02WB003,2008-02-20,81.30000305175781,
02WB003,2008-03-20,70.4000015258789,
02WB003,2008-04-20,115.0,
02WB003,2008-05-20,1190.0,
02WB003,2008-06-20,389.0,
02WB003,2008-07-20,457.0,
02WB003,2008-08-20,312.0,
02WB003,2008-09-20,571.0,
02WB003,2008-10-20,246.0,
02WB003,2008-11-20,1070.0,
02WB003,2008-12-20,164.0,
02WB003,2009-01-20,118.0,
02WB003,2009-02-20,101.0,
02WB003,2009-03-20,96.5999984741211,
02WB003,2009-04-20,119.0,
02WB003,2009-05-20,1590.0,
02WB003,2009-06-20,560.0,
02WB003,2009-07-20,679.0,
02WB003,2009-08-20,148.0,
02WB003,2009-09-20,556.0,
02WB003,2009-10-20,397.0,
02WB003,2009-11-20,235.0,
02WB003,2009-12-20,159.0,
02WB003,2010-01-20,108.0,
02WB003,2010-02-20,91.0999984741211,
02WB003,2010-03-20,82.0999984741211,
02WB003,2010-04-20,527.0,
02WB003,2010-05-20,977.0,
02WB003,2010-06-20,489.0,
02WB003,2010-07-20,456.0,
02WB003,2010-08-20,210.0,
02WB003,2010-09-20,133.0,
02WB003,2010-10-20,416.0,
02WB003,2010-11-20,432.0,
02WB003,2010-12-20,402.0,
02WB003,2011-01-20,130.0,
02WB003,2011-02-20,91.6999969482422,
02WB003,2011-03-20,120.0,
02WB003,2011-04-20,131.0,
02WB003,2011-05-20,1200.0,
02WB003,2011-06-20,714.0,
02WB003,2011-07-20,441.0,
02WB003,2011-08-20,275.0,
02WB003,2011-09-20,353.0,
02WB003,2011-10-20,193.0,
02WB003,2011-11-20,478.0,
02WB003,2011-12-20,183.0,
02WB003,2012-01-20,130.0,B
02WB003,2012-02-20,96.4000015258789,B
02WB003,2012-03-20,82.0999984741211,B
02WB003,2012-04-20,135.0,B
02WB003,2012-05-20,2150.0,
02WB003,2012-06-20,253.0,
02WB003,2012-07-20,342.0,
02WB003,2012-08-20,321.0,
02WB003,2012-09-20,391.0,
02WB003,2012-10-20,861.0,
02WB003,2012-11-20,302.0,B
02WB003,2012-12-20,166.0,B
02WB003,2013-01-20,105.0,B
02WB003,2013-02-20,90.5,B
02WB003,2013-03-20,241.0,B
02WB003,2013-04-20,165.0,B
02WB003,2013-05-20,1280.0,
02WB003,2013-06-20,492.0,
02WB003,2013-07-20,154.0,
02WB003,2013-08-20,633.0,
02WB003,2013-09-20,305.0,
02WB003,2013-10-20,418.0,
02WB003,2013-11-20,455.0,
02WB003,2013-12-20,159.0,B
02WB003,2014-01-20,93.8000030517578,B
02WB003,2014-02-20,68.9000015258789,B
02WB003,2014-03-20,58.20000076293945,B
02WB003,2014-04-20,79.19999694824219,B
02WB003,2014-05-20,2160.0,
02WB003,2014-06-20,625.0,
02WB003,2014-07-20,368.0,
02WB003,2014-08-20,231.0,
02WB003,2014-09-20,238.0,
02WB003,2014-10-20,301.0,
02WB003,2014-11-20,202.0,B
02WB003,2014-12-20,131.0,B
02WB003,2015-01-20,94.5999984741211,B
02WB003,2015-02-20,75.9000015258789,B
02WB003,2015-03-20,66.5999984741211,B
02WB003,2015-04-20,64.5999984741211,B
02WB003,2015-05-20,1540.0,
02WB003,2015-06-20,667.0,
02WB003,2015-07-20,438.0,
02WB003,2015-08-20,358.0,
02WB003,2015-09-20,453.0,
02WB003,2015-10-20,235.0,
02WB003,2015-11-20,197.0,
02WB003,2015-12-20,121.0,B
02WB003,2016-01-20,101.0,B
02WB003,2016-02-20,78.0999984741211,B
02WB003,2016-03-20,84.69999694824219,B
02WB003,2016-04-20,258.0,B
02WB003,2016-05-20,1490.0,
02WB003,2016-06-20,812.0,
02WB003,2016-07-20,336.0,
02WB003,2016-08-20,477.0,
02WB003,2016-09-20,445.0,
02WB003,2016-10-20,235.0,
02WB003,2016-11-20,,
02WB003,2017-05-20,2030.0,
02WB003,2017-06-20,431.0,
02WB003,2017-07-20,378.0,
02WB003,2017-08-20,424.0,
02WB003,2017-09-20,328.0,
02WB003,2017-10-20,275.0,
02WB003,2017-11-20,,
02WB003,2018-05-20,820.0,
02WB003,2018-06-20,1130.0,
02WB003,2018-07-20,277.0,
02WB003,2018-08-20,311.0,
02WB003,2018-09-20,168.0,
02WB003,2018-10-20,239.0,
02WB003,2018-11-20,,
02WB003,2019-05-20,1660.0,
02WB003,2019-06-20,924.0,
02WB003,2019-07-20,307.0,
02WB003,2019-08-20,353.0,
02WB003,2019-09-20,303.0,
02WB003,2019-10-20,193.0,
02WB003,2019-11-20,,
02WB003,2020-05-20,660.0,
02WB003,2020-06-20,541.0,
02WB003,2020-07-20,287.0,
02WB003,2020-08-20,178.0,
02WB003,2020-09-20,203.0,
02WB003,2020-10-20,648.0,
02WB003,2020-11-20,,
02WB003,2021-04-20,942.0,
02WB003,2021-05-20,1000.0,
02WB003,2021-06-20,555.0,
02WB003,2021-07-20,204.0,
02WB003,2021-08-20,281.0,
02WB003,2021-09-20,406.0,
02WB003,2021-10-20,565.0,
02WB003,2021-11-20,273.0,
02WB003,2021-12-20,,
02WB003,2022-05-20,2110.0,
02WB003,2022-06-20,693.0,
02WB003,2022-07-20,567.0,
02WB003,2022-08-20,240.0,
02WB003,2022-09-20,259.0,
02WB003,2022-10-20,434.0,
02WB003,2022-11-20,,
02WB003,2023-04-20,,
02WB003,2023-05-20,663.0,
02WB003,2023-06-20,321.0,
02WB003,2023-07-20,250.0,
02WB003,2023-08-20,255.0,
02WB003,2023-09-20,1120.0,
02WB003,2023-10-20,590.0,
02WB003,2023-11-20,,
02WB003,2024-04-20,820.0,
02WB003,2024-05-20,1070.0,
02WB003,2024-06-20,271.0,
02WB003,2024-07-20,171.0,
02WB003,2024-08-20,120.0,
02WB003,2024-09-20,94.9000015258789,
02WB003,1980-06-21,,
02WB003,1980-08-21,,
02WB003,1980-10-21,,
02WB003,1981-01-21,,
02WB003,1981-03-21,,
02WB003,1981-08-21,,
02WB003,1981-10-21,434.0,
02WB003,1981-11-21,291.0,
02WB003,1981-12-21,292.0,E
02WB003,1982-01-21,154.0,E
02WB003,1982-02-21,98.0,E
02WB003,1982-03-21,75.0,E
02WB003,1982-04-21,126.0,E
02WB003,1982-05-21,1040.0,
02WB003,1982-06-21,886.0,
02WB003,1982-07-21,519.0,
02WB003,1982-08-21,318.0,
02WB003,1982-09-21,269.0,
02WB003,1982-10-21,174.0,
02WB003,1982-11-21,271.0,
02WB003,1982-12-21,147.0,E
02WB003,1983-01-21,128.0,E
02WB003,1983-02-21,123.0,E
02WB003,1983-03-21,128.0,E
02WB003,1983-04-21,375.0,E
02WB003,1983-05-21,1100.0,
02WB003,1983-06-21,550.0,
02WB003,1983-07-21,760.0,
02WB003,1983-08-21,307.0,
02WB003,1983-09-21,331.0,
02WB003,1983-10-21,413.0,
02WB003,1983-11-21,395.0,
02WB003,1983-12-21,226.0,E
02WB003,1984-01-21,130.0,E
02WB003,1984-02-21,93.5,E
02WB003,1984-03-21,134.0,E
02WB003,1984-04-21,225.0,E
02WB003,1984-05-21,1360.0,
02WB003,1984-06-21,671.0,
02WB003,1984-07-21,392.0,
02WB003,1984-08-21,197.0,
02WB003,1984-09-21,335.0,
02WB003,1984-10-21,202.0,
02WB003,1984-11-21,135.0,E
02WB003,1984-12-21,125.0,E
02WB003,1985-01-21,77.5,E
02WB003,1985-02-21,60.5,E
02WB003,1985-03-21,57.0,E
02WB003,1985-04-21,99.0,E
02WB003,1985-05-21,690.0,
02WB003,1985-06-21,676.0,
02WB003,1985-07-21,582.0,
02WB003,1985-08-21,406.0,
02WB003,1985-09-21,280.0,
02WB003,1985-10-21,363.0,
02WB003,1985-11-21,156.0,E
02WB003,1985-12-21,92.5,E
02WB003,1986-01-21,80.0,E
02WB003,1986-02-21,92.5,E
02WB003,1986-03-21,63.5,E
02WB003,1986-04-21,335.0,E
02WB003,1986-05-21,934.0,
02WB003,1986-06-21,452.0,
02WB003,1986-07-21,308.0,
02WB003,1986-08-21,165.0,
02WB003,1986-09-21,423.0,
02WB003,1986-10-21,345.0,
02WB003,1986-11-21,137.0,E
02WB003,1986-12-21,81.0,E
02WB003,1987-01-21,59.5,E
02WB003,1987-02-21,52.0,E
02WB003,1987-03-21,52.5,E
02WB003,1987-04-21,688.0,
02WB003,1987-05-21,670.0,E
02WB003,1987-06-21,470.0,E
02WB003,1987-07-21,210.0,
02WB003,1987-08-21,364.0,
02WB003,1987-09-21,476.0,
02WB003,1987-10-21,386.0,
02WB003,1987-11-21,296.0,E
02WB003,1987-12-21,168.0,E
02WB003,1988-01-21,113.0,E
02WB003,1988-02-21,81.5,E
02WB003,1988-03-21,81.0,E
02WB003,1988-04-21,152.0,E
02WB003,1988-05-21,1280.0,
02WB003,1988-06-21,455.0,
02WB003,1988-07-21,338.0,
02WB003,1988-08-21,144.0,
02WB003,1988-09-21,168.0,
02WB003,1988-10-21,656.0,
02WB003,1988-11-21,300.0,
02WB003,1988-12-21,149.0,E
02WB003,1989-01-21,86.0,E
02WB003,1989-02-21,59.70000076293945,E
02WB003,1989-03-21,51.0,E
02WB003,1989-04-21,75.80000305175781,E
02WB003,1989-05-21,1420.0,
02WB003,1989-06-21,418.0,
02WB003,1989-07-21,365.0,
02WB003,1989-08-21,711.0,
02WB003,1989-09-21,456.0,
02WB003,1989-10-21,332.0,
02WB003,1989-11-21,449.0,
02WB003,1989-12-21,130.0,E
02WB003,1990-01-21,84.0999984741211,E
02WB003,1990-02-21,64.80000305175781,
02WB003,1990-03-21,62.5,E
02WB003,1990-04-21,91.3000030517578,E
02WB003,1990-05-21,1090.0,
02WB003,1990-06-21,457.0,
02WB003,1990-07-21,338.0,E
02WB003,1990-08-21,355.0,
02WB003,1990-09-21,303.0,
02WB003,1990-10-21,351.0,
02WB003,1990-11-21,211.0,E
02WB003,1990-12-21,135.0,E
02WB003,1991-01-21,95.1999969482422,E
02WB003,1991-02-21,68.80000305175781,
02WB003,1991-03-21,66.0,E
02WB003,1991-04-21,60.09999847412109,E
02WB003,1991-05-21,938.0,
02WB003,1991-06-21,710.0,
02WB003,1991-07-21,456.0,
02WB003,1991-08-21,218.0,
02WB003,1991-09-21,105.0,
02WB003,1991-10-21,438.0,
02WB003,1991-11-21,176.0,
02WB003,1991-12-21,89.4000015258789,
02WB003,1992-01-21,83.30000305175781,E
02WB003,1992-02-21,59.400001525878906,E
02WB003,1992-03-21,47.0,E
02WB003,1992-04-21,63.900001525878906,E
02WB003,1992-05-21,1140.0,
02WB003,1992-06-21,434.0,
02WB003,1992-07-21,407.0,
02WB003,1992-08-21,298.0,
02WB003,1992-09-21,280.0,
02WB003,1992-10-21,560.0,
02WB003,1992-11-21,219.0,
02WB003,1992-12-21,93.5999984741211,E
02WB003,1993-01-21,56.0,E
02WB003,1993-02-21,49.400001525878906,
02WB003,1993-03-21,46.400001525878906,E
02WB003,1993-04-21,56.0,E
02WB003,1993-05-21,1120.0,
02WB003,1993-06-21,336.0,
02WB003,1993-07-21,311.0,
02WB003,1993-08-21,252.0,
02WB003,1993-09-21,374.0,
02WB003,1993-10-21,756.0,
02WB003,1993-11-21,207.0,
02WB003,1993-12-21,131.0,E
02WB003,1994-01-21,103.0,E
02WB003,1994-02-21,83.80000305175781,
02WB003,1994-03-21,77.69999694824219,E
02WB003,1994-04-21,115.0,E
02WB003,1994-05-21,1460.0,
02WB003,1994-06-21,705.0,
02WB003,1994-07-21,473.0,
02WB003,1994-08-21,351.0,
02WB003,1994-09-21,469.0,
02WB003,1994-10-21,299.0,
02WB003,1994-11-21,320.0,
02WB003,1994-12-21,128.0,E
02WB003,1995-01-21,98.5,E
02WB003,1995-02-21,80.69999694824219,
02WB003,1995-03-21,76.9000015258789,E
02WB003,1995-04-21,113.0,E
02WB003,1995-05-21,1180.0,
02WB003,1995-06-21,483.0,
02WB003,1995-07-21,342.0,
02WB003,1995-08-21,121.0,
02WB003,1995-09-21,324.0,
02WB003,1995-10-21,279.0,
02WB003,1995-11-21,508.0,
02WB003,1995-12-21,147.0,E
02WB003,1996-01-21,91.9000015258789,E
02WB003,1996-02-21,159.0,E
02WB003,1996-03-21,142.0,E
02WB003,1996-04-21,230.0,
02WB003,1996-05-21,1070.0,
02WB003,1996-06-21,568.0,
02WB003,1996-07-21,632.0,
02WB003,1996-08-21,263.0,
02WB003,1996-09-21,118.0,
02WB003,1996-10-21,269.0,
02WB003,1996-11-21,475.0,
02WB003,1996-12-21,180.0,E
02WB003,1997-01-21,129.0,E
02WB003,1997-02-21,109.0,
02WB003,1997-03-21,102.0,E
02WB003,1997-04-21,97.3000030517578,E
02WB003,1997-05-21,1510.0,
02WB003,1997-06-21,801.0,
02WB003,1997-07-21,448.0,
02WB003,1997-08-21,294.0,
02WB003,1997-09-21,444.0,
02WB003,1997-10-21,301.0,
02WB003,1997-11-21,188.0,
02WB003,1997-12-21,128.0,E
02WB003,1998-01-21,93.6999969482422,E
02WB003,1998-02-21,88.0999984741211,
02WB003,1998-03-21,182.0,E
02WB003,1998-04-21,253.0,E
02WB003,1998-05-21,1350.0,
02WB003,1998-06-21,449.0,
02WB003,1998-07-21,293.0,
02WB003,1998-08-21,205.0,
02WB003,1998-09-21,394.0,
02WB003,1998-10-21,366.0,
02WB003,1998-11-21,265.0,
02WB003,1998-12-21,145.0,B
02WB003,1999-01-21,101.0,B
02WB003,1999-02-21,81.4000015258789,
02WB003,1999-03-21,159.0,B
02WB003,1999-04-21,234.0,E
02WB003,1999-05-21,2070.0,
02WB003,1999-06-21,350.0,
02WB003,1999-07-21,244.0,
02WB003,1999-08-21,355.0,
02WB003,1999-09-21,268.0,
02WB003,1999-10-21,508.0,
02WB003,1999-11-21,300.0,
02WB003,1999-12-21,201.0,
02WB003,2000-01-21,129.0,E
02WB003,2000-02-21,101.0,E
02WB003,2000-03-21,91.5,E
02WB003,2000-04-21,251.0,B
02WB003,2000-05-21,1280.0,
02WB003,2000-06-21,734.0,
02WB003,2000-07-21,610.0,
02WB003,2000-08-21,282.0,
02WB003,2000-09-21,247.0,
02WB003,2000-10-21,207.0,
02WB003,2000-11-21,241.0,
02WB003,2000-12-21,109.0,B
02WB003,2001-01-21,91.4000015258789,B
02WB003,2001-02-21,81.19999694824219,
02WB003,2001-03-21,76.5999984741211,B
02WB003,2001-04-21,75.19999694824219,B
02WB003,2001-05-21,1290.0,
02WB003,2001-06-21,353.0,
02WB003,2001-07-21,541.0,
02WB003,2001-08-21,275.0,
02WB003,2001-09-21,150.0,
02WB003,2001-10-21,420.0,
02WB003,2001-11-21,319.0,
02WB003,2001-12-21,158.0,
02WB003,2002-01-21,93.9000015258789,
02WB003,2002-02-21,87.5,
02WB003,2002-03-21,139.0,
02WB003,2002-04-21,162.0,
02WB003,2002-05-21,768.0,
02WB003,2002-06-21,674.0,
02WB003,2002-07-21,408.0,
02WB003,2002-08-21,390.0,
02WB003,2002-09-21,338.0,
02WB003,2002-10-21,618.0,
02WB003,2002-11-21,158.0,
02WB003,2002-12-21,136.0,
02WB003,2003-01-21,101.0,
02WB003,2003-02-21,82.4000015258789,
02WB003,2003-03-21,72.0999984741211,
02WB003,2003-04-21,85.80000305175781,
02WB003,2003-05-21,2300.0,
02WB003,2003-06-21,469.0,
02WB003,2003-07-21,331.0,
02WB003,2003-08-21,228.0,
02WB003,2003-09-21,119.0,
02WB003,2003-10-21,218.0,
02WB003,2003-11-21,423.0,
02WB003,2003-12-21,170.0,
02WB003,2004-01-21,116.0,
02WB003,2004-02-21,91.9000015258789,
02WB003,2004-03-21,79.30000305175781,
02WB003,2004-04-21,151.0,
02WB003,2004-05-21,1580.0,
02WB003,2004-06-21,741.0,
02WB003,2004-07-21,267.0,
02WB003,2004-08-21,205.0,
02WB003,2004-09-21,138.0,
02WB003,2004-10-21,392.0,
02WB003,2004-11-21,137.0,
02WB003,2004-12-21,137.0,
02WB003,2005-01-21,117.0,
02WB003,2005-02-21,106.0,
02WB003,2005-03-21,108.0,
02WB003,2005-04-21,168.0,
02WB003,2005-05-21,1710.0,
02WB003,2005-06-21,297.0,
02WB003,2005-07-21,226.0,
02WB003,2005-08-21,112.0,
02WB003,2005-09-21,239.0,
02WB003,2005-10-21,463.0,
02WB003,2005-11-21,183.0,
02WB003,2005-12-21,197.0,
02WB003,2006-01-21,257.0,
02WB003,2006-02-21,111.0,
02WB003,2006-03-21,110.0,
02WB003,2006-04-21,445.0,
02WB003,2006-05-21,1110.0,
02WB003,2006-06-21,300.0,
02WB003,2006-07-21,187.0,
02WB003,2006-08-21,425.0,
02WB003,2006-09-21,122.0,
02WB003,2006-10-21,321.0,
02WB003,2006-11-21,707.0,
02WB003,2006-12-21,151.0,
02WB003,2007-01-21,112.0,
02WB003,2007-02-21,98.0,
02WB003,2007-03-21,93.1999969482422,
02WB003,2007-04-21,130.0,
02WB003,2007-05-21,899.0,
02WB003,2007-06-21,593.0,
02WB003,2007-07-21,414.0,
02WB003,2007-08-21,130.0,
02WB003,2007-09-21,371.0,
02WB003,2007-10-21,273.0,
02WB003,2007-11-21,749.0,
02WB003,2007-12-21,166.0,
02WB003,2008-01-21,105.0,
02WB003,2008-02-21,80.80000305175781,
02WB003,2008-03-21,70.19999694824219,
02WB003,2008-04-21,125.0,
02WB003,2008-05-21,1220.0,
02WB003,2008-06-21,373.0,
02WB003,2008-07-21,420.0,
02WB003,2008-08-21,360.0,
02WB003,2008-09-21,516.0,
02WB003,2008-10-21,236.0,
02WB003,2008-11-21,860.0,
02WB003,2008-12-21,162.0,
02WB003,2009-01-21,117.0,
02WB003,2009-02-21,101.0,
02WB003,2009-03-21,96.5999984741211,
02WB003,2009-04-21,121.0,
02WB003,2009-05-21,1520.0,
02WB003,2009-06-21,577.0,
02WB003,2009-07-21,887.0,
02WB003,2009-08-21,145.0,
02WB003,2009-09-21,510.0,
02WB003,2009-10-21,374.0,
02WB003,2009-11-21,228.0,
02WB003,2009-12-21,156.0,
02WB003,2010-01-21,107.0,
02WB003,2010-02-21,91.5999984741211,
02WB003,2010-03-21,82.0,
02WB003,2010-04-21,586.0,
02WB003,2010-05-21,1090.0,
02WB003,2010-06-21,469.0,
02WB003,2010-07-21,492.0,
02WB003,2010-08-21,200.0,
02WB003,2010-09-21,127.0,
02WB003,2010-10-21,462.0,
02WB003,2010-11-21,371.0,
02WB003,2010-12-21,390.0,
02WB003,2011-01-21,128.0,
02WB003,2011-02-21,91.0999984741211,
02WB003,2011-03-21,117.0,
02WB003,2011-04-21,132.0,
02WB003,2011-05-21,1290.0,
02WB003,2011-06-21,792.0,
02WB003,2011-07-21,428.0,
02WB003,2011-08-21,256.0,
02WB003,2011-09-21,330.0,
02WB003,2011-10-21,202.0,
02WB003,2011-11-21,431.0,
02WB003,2011-12-21,180.0,
02WB003,2012-01-21,129.0,B
02WB003,2012-02-21,95.5999984741211,B
02WB003,2012-03-21,82.9000015258789,B
02WB003,2012-04-21,144.0,B
02WB003,2012-05-21,1920.0,
02WB003,2012-06-21,242.0,
02WB003,2012-07-21,327.0,
02WB003,2012-08-21,385.0,
02WB003,2012-09-21,473.0,
02WB003,2012-10-21,855.0,
02WB003,2012-11-21,293.0,B
02WB003,2012-12-21,165.0,B
02WB003,2013-01-21,104.0,B
02WB003,2013-02-21,90.1999969482422,B
02WB003,2013-03-21,231.0,B
02WB003,2013-04-21,172.0,B
02WB003,2013-05-21,1170.0,
02WB003,2013-06-21,480.0,
02WB003,2013-07-21,150.0,
02WB003,2013-08-21,569.0,
02WB003,2013-09-21,285.0,
02WB003,2013-10-21,465.0,
02WB003,2013-11-21,426.0,
02WB003,2013-12-21,155.0,B
02WB003,2014-01-21,92.6999969482422,B
02WB003,2014-02-21,68.4000015258789,B
02WB003,2014-03-21,57.900001525878906,B
02WB003,2014-04-21,84.0,B
02WB003,2014-05-21,2060.0,
02WB003,2014-06-21,888.0,
02WB003,2014-07-21,370.0,
02WB003,2014-08-21,251.0,
02WB003,2014-09-21,235.0,
02WB003,2014-10-21,356.0,
02WB003,2014-11-21,199.0,B
02WB003,2014-12-21,129.0,B
02WB003,2015-01-21,93.8000030517578,B
02WB003,2015-02-21,75.5,B
02WB003,2015-03-21,66.4000015258789,B
02WB003,2015-04-21,65.0,B
02WB003,2015-05-21,1730.0,
02WB003,2015-06-21,625.0,
02WB003,2015-07-21,410.0,
02WB003,2015-08-21,334.0,
02WB003,2015-09-21,436.0,
02WB003,2015-10-21,226.0,
02WB003,2015-11-21,205.0,
02WB003,2015-12-21,117.0,B
02WB003,2016-01-21,99.5999984741211,B
02WB003,2016-02-21,79.0999984741211,B
02WB003,2016-03-21,84.0,B
02WB003,2016-04-21,253.0,B
02WB003,2016-05-21,1530.0,
02WB003,2016-06-21,737.0,
02WB003,2016-07-21,337.0,
02WB003,2016-08-21,559.0,
02WB003,2016-09-21,494.0,
02WB003,2016-10-21,254.0,
02WB003,2016-11-21,,
02WB003,2017-05-21,1890.0,
02WB003,2017-06-21,504.0,
02WB003,2017-07-21,369.0,
02WB003,2017-08-21,422.0,
02WB003,2017-09-21,328.0,
02WB003,2017-10-21,275.0,
02WB003,2017-11-21,,
02WB003,2018-05-21,873.0,
02WB003,2018-06-21,1090.0,
02WB003,2018-07-21,275.0,
02WB003,2018-08-21,290.0,
02WB003,2018-09-21,164.0,
02WB003,2018-10-21,271.0,
02WB003,2018-11-21,,
02WB003,2019-05-21,1650.0,
02WB003,2019-06-21,866.0,
02WB003,2019-07-21,289.0,
02WB003,2019-08-21,331.0,
02WB003,2019-09-21,287.0,
02WB003,2019-10-21,203.0,
02WB003,2019-11-21,,
02WB003,2020-05-21,713.0,
02WB003,2020-06-21,556.0,
02WB003,2020-07-21,265.0,
02WB003,2020-08-21,191.0,
02WB003,2020-09-21,199.0,
02WB003,2020-10-21,628.0,
02WB003,2020-11-21,,
02WB003,2021-04-21,977.0,
02WB003,2021-05-21,1020.0,
02WB003,2021-06-21,553.0,
02WB003,2021-07-21,203.0,
02WB003,2021-08-21,263.0,
02WB003,2021-09-21,378.0,
02WB003,2021-10-21,739.0,
02WB003,2021-11-21,264.0,
02WB003,2021-12-21,,
02WB003,2022-05-21,2110.0,
02WB003,2022-06-21,710.0,
02WB003,2022-07-21,654.0,
02WB003,2022-08-21,235.0,
02WB003,2022-09-21,242.0,
02WB003,2022-10-21,611.0,
02WB003,2022-11-21,,
02WB003,2023-04-21,,
02WB003,2023-05-21,651.0,
02WB003,2023-06-21,304.0,
02WB003,2023-07-21,240.0,
02WB003,2023-08-21,251.0,
02WB003,2023-09-21,1160.0,
02WB003,2023-10-21,542.0,
02WB003,2023-11-21,,
02WB003,2024-04-21,774.0,
02WB003,2024-05-21,1050.0,
02WB003,2024-06-21,256.0,
02WB003,2024-07-21,205.0,
02WB003,2024-08-21,118.0,
02WB003,2024-09-21,95.0,
02WB003,1980-06-22,,
02WB003,1980-08-22,,
02WB003,1980-10-22,,
02WB003,1981-01-22,,
02WB003,1981-03-22,182.0,E
02WB003,1981-08-22,,
02WB003,1981-10-22,492.0,
02WB003,1981-11-22,275.0,
02WB003,1981-12-22,285.0,E
02WB003,1982-01-22,150.0,E
02WB003,1982-02-22,97.0,E
02WB003,1982-03-22,74.5,E
02WB003,1982-04-22,136.0,E
02WB003,1982-05-22,1060.0,
02WB003,1982-06-22,860.0,
02WB003,1982-07-22,563.0,
02WB003,1982-08-22,324.0,
02WB003,1982-09-22,267.0,
02WB003,1982-10-22,174.0,
02WB003,1982-11-22,277.0,
02WB003,1982-12-22,145.0,E
02WB003,1983-01-22,126.0,E
02WB003,1983-02-22,120.0,E
02WB003,1983-03-22,148.0,E
02WB003,1983-04-22,550.0,E
02WB003,1983-05-22,1070.0,
02WB003,1983-06-22,541.0,
02WB003,1983-07-22,677.0,
02WB003,1983-08-22,322.0,
02WB003,1983-09-22,338.0,
02WB003,1983-10-22,392.0,
02WB003,1983-11-22,391.0,
02WB003,1983-12-22,220.0,E
02WB003,1984-01-22,128.0,E
02WB003,1984-02-22,93.0,E
02WB003,1984-03-22,135.0,E
02WB003,1984-04-22,235.0,E
02WB003,1984-05-22,1430.0,
02WB003,1984-06-22,714.0,
02WB003,1984-07-22,372.0,
02WB003,1984-08-22,212.0,
02WB003,1984-09-22,332.0,
02WB003,1984-10-22,198.0,
02WB003,1984-11-22,133.0,E
02WB003,1984-12-22,123.0,E
02WB003,1985-01-22,77.0,E
02WB003,1985-02-22,60.0,E
02WB003,1985-03-22,57.0,E
02WB003,1985-04-22,103.0,E
02WB003,1985-05-22,904.0,
02WB003,1985-06-22,713.0,
02WB003,1985-07-22,538.0,
02WB003,1985-08-22,404.0,
02WB003,1985-09-22,269.0,
02WB003,1985-10-22,350.0,
02WB003,1985-11-22,156.0,E
02WB003,1985-12-22,91.0,E
02WB003,1986-01-22,79.5,E
02WB003,1986-02-22,91.0,E
02WB003,1986-03-22,63.0,E
02WB003,1986-04-22,365.0,E
02WB003,1986-05-22,875.0,
02WB003,1986-06-22,428.0,
02WB003,1986-07-22,295.0,
02WB003,1986-08-22,169.0,
02WB003,1986-09-22,398.0,
02WB003,1986-10-22,333.0,
02WB003,1986-11-22,132.0,E
02WB003,1986-12-22,80.0,E
02WB003,1987-01-22,59.20000076293945,E
02WB003,1987-02-22,51.900001525878906,E
02WB003,1987-03-22,53.0,E
02WB003,1987-04-22,768.0,
02WB003,1987-05-22,640.0,E
02WB003,1987-06-22,440.0,E
02WB003,1987-07-22,201.0,
02WB003,1987-08-22,357.0,
02WB003,1987-09-22,441.0,
02WB003,1987-10-22,382.0,
02WB003,1987-11-22,310.0,E
02WB003,1987-12-22,167.0,E
02WB003,1988-01-22,112.0,E
02WB003,1988-02-22,81.0,E
02WB003,1988-03-22,80.19999694824219,E
02WB003,1988-04-22,162.0,E
02WB003,1988-05-22,1420.0,
02WB003,1988-06-22,437.0,
02WB003,1988-07-22,320.0,
02WB003,1988-08-22,139.0,
02WB003,1988-09-22,168.0,
02WB003,1988-10-22,818.0,
02WB003,1988-11-22,265.0,
02WB003,1988-12-22,146.0,E
02WB003,1989-01-22,84.69999694824219,E
02WB003,1989-02-22,59.29999923706055,E
02WB003,1989-03-22,51.0,E
02WB003,1989-04-22,83.69999694824219,E
02WB003,1989-05-22,1410.0,
02WB003,1989-06-22,392.0,
02WB003,1989-07-22,345.0,
02WB003,1989-08-22,641.0,
02WB003,1989-09-22,426.0,
02WB003,1989-10-22,336.0,
02WB003,1989-11-22,395.0,
02WB003,1989-12-22,127.0,E
02WB003,1990-01-22,83.30000305175781,E
02WB003,1990-02-22,64.69999694824219,
02WB003,1990-03-22,63.09999847412109,E
02WB003,1990-04-22,91.1999969482422,E
02WB003,1990-05-22,1080.0,
02WB003,1990-06-22,428.0,
02WB003,1990-07-22,398.0,
02WB003,1990-08-22,323.0,
02WB003,1990-09-22,309.0,
02WB003,1990-10-22,403.0,
02WB003,1990-11-22,229.0,E
02WB003,1990-12-22,134.0,E
02WB003,1991-01-22,94.5,E
02WB003,1991-02-22,68.0999984741211,
02WB003,1991-03-22,65.9000015258789,E
02WB003,1991-04-22,61.09999847412109,E
02WB003,1991-05-22,1020.0,
02WB003,1991-06-22,717.0,
02WB003,1991-07-22,523.0,
02WB003,1991-08-22,224.0,
02WB003,1991-09-22,102.0,
02WB003,1991-10-22,427.0,
02WB003,1991-11-22,172.0,
02WB003,1991-12-22,87.9000015258789,
02WB003,1992-01-22,82.30000305175781,E
02WB003,1992-02-22,58.900001525878906,E
02WB003,1992-03-22,46.59999847412109,E
02WB003,1992-04-22,67.0,E
02WB003,1992-05-22,1070.0,
02WB003,1992-06-22,408.0,
02WB003,1992-07-22,413.0,
02WB003,1992-08-22,311.0,
02WB003,1992-09-22,274.0,
02WB003,1992-10-22,519.0,
02WB003,1992-11-22,209.0,
02WB003,1992-12-22,91.4000015258789,E
02WB003,1993-01-22,55.79999923706055,E
02WB003,1993-02-22,49.09999847412109,
02WB003,1993-03-22,46.400001525878906,E
02WB003,1993-04-22,67.0,E
02WB003,1993-05-22,1270.0,
02WB003,1993-06-22,321.0,
02WB003,1993-07-22,326.0,
02WB003,1993-08-22,277.0,
02WB003,1993-09-22,357.0,
02WB003,1993-10-22,752.0,
02WB003,1993-11-22,199.0,
02WB003,1993-12-22,129.0,E
02WB003,1994-01-22,102.0,E
02WB003,1994-02-22,83.30000305175781,
02WB003,1994-03-22,79.0,E
02WB003,1994-04-22,119.0,E
02WB003,1994-05-22,1610.0,
02WB003,1994-06-22,692.0,
02WB003,1994-07-22,457.0,
02WB003,1994-08-22,347.0,
02WB003,1994-09-22,439.0,
02WB003,1994-10-22,291.0,
02WB003,1994-11-22,290.0,
02WB003,1994-12-22,127.0,E
02WB003,1995-01-22,98.0,E
02WB003,1995-02-22,80.19999694824219,
02WB003,1995-03-22,77.5,E
02WB003,1995-04-22,119.0,E
02WB003,1995-05-22,1200.0,
02WB003,1995-06-22,470.0,
02WB003,1995-07-22,333.0,
02WB003,1995-08-22,125.0,
02WB003,1995-09-22,331.0,
02WB003,1995-10-22,267.0,
02WB003,1995-11-22,471.0,
02WB003,1995-12-22,148.0,E
02WB003,1996-01-22,97.8000030517578,E
02WB003,1996-02-22,184.0,E
02WB003,1996-03-22,142.0,E
02WB003,1996-04-22,247.0,
02WB003,1996-05-22,1140.0,
02WB003,1996-06-22,539.0,
02WB003,1996-07-22,954.0,
02WB003,1996-08-22,251.0,
02WB003,1996-09-22,121.0,
02WB003,1996-10-22,261.0,
02WB003,1996-11-22,453.0,
02WB003,1996-12-22,176.0,E
02WB003,1997-01-22,128.0,E
02WB003,1997-02-22,108.0,
02WB003,1997-03-22,101.0,E
02WB003,1997-04-22,100.0,E
02WB003,1997-05-22,1560.0,
02WB003,1997-06-22,768.0,
02WB003,1997-07-22,435.0,
02WB003,1997-08-22,288.0,
02WB003,1997-09-22,459.0,
02WB003,1997-10-22,294.0,
02WB003,1997-11-22,184.0,
02WB003,1997-12-22,125.0,E
02WB003,1998-01-22,93.3000030517578,E
02WB003,1998-02-22,88.30000305175781,
02WB003,1998-03-22,180.0,E
02WB003,1998-04-22,300.0,E
02WB003,1998-05-22,1280.0,
02WB003,1998-06-22,460.0,
02WB003,1998-07-22,325.0,
02WB003,1998-08-22,203.0,
02WB003,1998-09-22,399.0,
02WB003,1998-10-22,372.0,
02WB003,1998-11-22,256.0,
02WB003,1998-12-22,143.0,B
02WB003,1999-01-22,100.0,B
02WB003,1999-02-22,81.30000305175781,
02WB003,1999-03-22,156.0,B
02WB003,1999-04-22,253.0,E
02WB003,1999-05-22,2070.0,
02WB003,1999-06-22,328.0,
02WB003,1999-07-22,233.0,
02WB003,1999-08-22,326.0,
02WB003,1999-09-22,283.0,
02WB003,1999-10-22,468.0,
02WB003,1999-11-22,315.0,
02WB003,1999-12-22,198.0,
02WB003,2000-01-22,128.0,E
02WB003,2000-02-22,101.0,E
02WB003,2000-03-22,91.1999969482422,E
02WB003,2000-04-22,251.0,B
02WB003,2000-05-22,1310.0,
02WB003,2000-06-22,686.0,
02WB003,2000-07-22,637.0,
02WB003,2000-08-22,281.0,
02WB003,2000-09-22,239.0,
02WB003,2000-10-22,212.0,
02WB003,2000-11-22,213.0,
02WB003,2000-12-22,109.0,B
02WB003,2001-01-22,91.0999984741211,B
02WB003,2001-02-22,80.5999984741211,
02WB003,2001-03-22,75.80000305175781,B
02WB003,2001-04-22,75.80000305175781,B
02WB003,2001-05-22,1190.0,
02WB003,2001-06-22,333.0,
02WB003,2001-07-22,500.0,
02WB003,2001-08-22,271.0,
02WB003,2001-09-22,155.0,
02WB003,2001-10-22,412.0,
02WB003,2001-11-22,311.0,
02WB003,2001-12-22,155.0,
02WB003,2002-01-22,93.0999984741211,
02WB003,2002-02-22,91.1999969482422,
02WB003,2002-03-22,139.0,
02WB003,2002-04-22,166.0,
02WB003,2002-05-22,755.0,
02WB003,2002-06-22,630.0,
02WB003,2002-07-22,383.0,
02WB003,2002-08-22,373.0,
02WB003,2002-09-22,353.0,
02WB003,2002-10-22,650.0,
02WB003,2002-11-22,158.0,
02WB003,2002-12-22,140.0,
02WB003,2003-01-22,100.0,
02WB003,2003-02-22,82.0,
02WB003,2003-03-22,71.9000015258789,
02WB003,2003-04-22,86.80000305175781,
02WB003,2003-05-22,2380.0,
02WB003,2003-06-22,467.0,
02WB003,2003-07-22,328.0,
02WB003,2003-08-22,209.0,
02WB003,2003-09-22,115.0,
02WB003,2003-10-22,209.0,
02WB003,2003-11-22,726.0,
02WB003,2003-12-22,167.0,
02WB003,2004-01-22,115.0,
02WB003,2004-02-22,91.4000015258789,
02WB003,2004-03-22,79.0,
02WB003,2004-04-22,157.0,
02WB003,2004-05-22,1640.0,
02WB003,2004-06-22,738.0,
02WB003,2004-07-22,257.0,
02WB003,2004-08-22,198.0,
02WB003,2004-09-22,135.0,
02WB003,2004-10-22,365.0,
02WB003,2004-11-22,134.0,
02WB003,2004-12-22,134.0,
02WB003,2005-01-22,116.0,
02WB003,2005-02-22,106.0,
02WB003,2005-03-22,105.0,
02WB003,2005-04-22,171.0,
02WB003,2005-05-22,1640.0,
02WB003,2005-06-22,285.0,
02WB003,2005-07-22,209.0,
02WB003,2005-08-22,141.0,
02WB003,2005-09-22,250.0,
02WB003,2005-10-22,457.0,
02WB003,2005-11-22,195.0,
02WB003,2005-12-22,191.0,
02WB003,2006-01-22,242.0,
02WB003,2006-02-22,109.0,
02WB003,2006-03-22,114.0,
02WB003,2006-04-22,470.0,
02WB003,2006-05-22,1110.0,
02WB003,2006-06-22,302.0,
02WB003,2006-07-22,175.0,
02WB003,2006-08-22,391.0,
02WB003,2006-09-22,148.0,
02WB003,2006-10-22,299.0,
02WB003,2006-11-22,656.0,
02WB003,2006-12-22,148.0,
02WB003,2007-01-22,111.0,
02WB003,2007-02-22,97.8000030517578,
02WB003,2007-03-22,93.1999969482422,
02WB003,2007-04-22,141.0,
02WB003,2007-05-22,896.0,
02WB003,2007-06-22,553.0,
02WB003,2007-07-22,423.0,
02WB003,2007-08-22,123.0,
02WB003,2007-09-22,343.0,
02WB003,2007-10-22,265.0,
02WB003,2007-11-22,607.0,
02WB003,2007-12-22,162.0,
02WB003,2008-01-22,104.0,
02WB003,2008-02-22,80.30000305175781,
02WB003,2008-03-22,70.0,
02WB003,2008-04-22,137.0,
02WB003,2008-05-22,1290.0,
02WB003,2008-06-22,358.0,
02WB003,2008-07-22,380.0,
02WB003,2008-08-22,496.0,
02WB003,2008-09-22,464.0,
02WB003,2008-10-22,225.0,
02WB003,2008-11-22,714.0,
02WB003,2008-12-22,159.0,
02WB003,2009-01-22,116.0,
02WB003,2009-02-22,101.0,
02WB003,2009-03-22,96.5,
02WB003,2009-04-22,138.0,
02WB003,2009-05-22,1420.0,
02WB003,2009-06-22,586.0,
02WB003,2009-07-22,785.0,
02WB003,2009-08-22,158.0,
02WB003,2009-09-22,473.0,
02WB003,2009-10-22,355.0,
02WB003,2009-11-22,224.0,
02WB003,2009-12-22,154.0,
02WB003,2010-01-22,106.0,
02WB003,2010-02-22,92.3000030517578,
02WB003,2010-03-22,81.80000305175781,
02WB003,2010-04-22,620.0,
02WB003,2010-05-22,1210.0,
02WB003,2010-06-22,440.0,
02WB003,2010-07-22,481.0,
02WB003,2010-08-22,186.0,
02WB003,2010-09-22,122.0,
02WB003,2010-10-22,478.0,
02WB003,2010-11-22,336.0,
02WB003,2010-12-22,372.0,
02WB003,2011-01-22,127.0,
02WB003,2011-02-22,90.5999984741211,
02WB003,2011-03-22,113.0,
02WB003,2011-04-22,134.0,
02WB003,2011-05-22,1220.0,
02WB003,2011-06-22,815.0,
02WB003,2011-07-22,415.0,
02WB003,2011-08-22,250.0,
02WB003,2011-09-22,303.0,
02WB003,2011-10-22,209.0,
02WB003,2011-11-22,380.0,
02WB003,2011-12-22,178.0,
02WB003,2012-01-22,128.0,B
02WB003,2012-02-22,94.8000030517578,B
02WB003,2012-03-22,84.0,B
02WB003,2012-04-22,154.0,B
02WB003,2012-05-22,1700.0,
02WB003,2012-06-22,231.0,
02WB003,2012-07-22,313.0,
02WB003,2012-08-22,387.0,
02WB003,2012-09-22,479.0,
02WB003,2012-10-22,913.0,
02WB003,2012-11-22,284.0,B
02WB003,2012-12-22,164.0,B
02WB003,2013-01-22,103.0,B
02WB003,2013-02-22,89.80000305175781,B
02WB003,2013-03-22,219.0,B
02WB003,2013-04-22,182.0,B
02WB003,2013-05-22,1120.0,
02WB003,2013-06-22,457.0,
02WB003,2013-07-22,145.0,
02WB003,2013-08-22,515.0,
02WB003,2013-09-22,273.0,
02WB003,2013-10-22,492.0,
02WB003,2013-11-22,334.0,
02WB003,2013-12-22,152.0,B
02WB003,2014-01-22,91.5999984741211,B
02WB003,2014-02-22,67.9000015258789,B
02WB003,2014-03-22,57.5,B
02WB003,2014-04-22,89.4000015258789,B
02WB003,2014-05-22,1930.0,
02WB003,2014-06-22,1020.0,
02WB003,2014-07-22,356.0,
02WB003,2014-08-22,263.0,
02WB003,2014-09-22,240.0,
02WB003,2014-10-22,452.0,
02WB003,2014-11-22,195.0,B
02WB003,2014-12-22,128.0,B
02WB003,2015-01-22,93.0,B
02WB003,2015-02-22,75.0,B
02WB003,2015-03-22,66.19999694824219,B
02WB003,2015-04-22,65.5,B
02WB003,2015-05-22,1860.0,
02WB003,2015-06-22,583.0,
02WB003,2015-07-22,387.0,
02WB003,2015-08-22,320.0,
02WB003,2015-09-22,418.0,
02WB003,2015-10-22,221.0,
02WB003,2015-11-22,219.0,
02WB003,2015-12-22,114.0,B
02WB003,2016-01-22,98.5,B
02WB003,2016-02-22,80.30000305175781,B
02WB003,2016-03-22,83.5,B
02WB003,2016-04-22,262.0,B
02WB003,2016-05-22,1600.0,
02WB003,2016-06-22,674.0,
02WB003,2016-07-22,342.0,
02WB003,2016-08-22,519.0,
02WB003,2016-09-22,549.0,
02WB003,2016-10-22,293.0,
02WB003,2016-11-22,,
02WB003,2017-05-22,1710.0,
02WB003,2017-06-22,611.0,
02WB003,2017-07-22,363.0,
02WB003,2017-08-22,428.0,
02WB003,2017-09-22,345.0,
02WB003,2017-10-22,290.0,
02WB003,2017-11-22,,
02WB003,2018-05-22,960.0,
02WB003,2018-06-22,1030.0,
02WB003,2018-07-22,260.0,
02WB003,2018-08-22,271.0,
02WB003,2018-09-22,164.0,
02WB003,2018-10-22,293.0,
02WB003,2018-11-22,,
02WB003,2019-05-22,1650.0,
02WB003,2019-06-22,824.0,
02WB003,2019-07-22,282.0,
02WB003,2019-08-22,311.0,
02WB003,2019-09-22,273.0,
02WB003,2019-10-22,210.0,
02WB003,2019-11-22,,
02WB003,2020-05-22,830.0,
02WB003,2020-06-22,564.0,
02WB003,2020-07-22,250.0,
02WB003,2020-08-22,207.0,
02WB003,2020-09-22,196.0,
02WB003,2020-10-22,624.0,
02WB003,2020-11-22,,
02WB003,2021-04-22,1000.0,
02WB003,2021-05-22,1130.0,
02WB003,2021-06-22,546.0,
02WB003,2021-07-22,213.0,
02WB003,2021-08-22,242.0,
02WB003,2021-09-22,353.0,
02WB003,2021-10-22,764.0,
02WB003,2021-11-22,245.0,
02WB003,2021-12-22,,
02WB003,2022-05-22,2110.0,
02WB003,2022-06-22,733.0,
02WB003,2022-07-22,841.0,
02WB003,2022-08-22,230.0,
02WB003,2022-09-22,229.0,
02WB003,2022-10-22,710.0,
02WB003,2022-11-22,,
02WB003,2023-04-22,,
02WB003,2023-05-22,689.0,
02WB003,2023-06-22,286.0,
02WB003,2023-07-22,260.0,
02WB003,2023-08-22,246.0,
02WB003,2023-09-22,1290.0,
02WB003,2023-10-22,502.0,
02WB003,2023-11-22,,
02WB003,2024-04-22,765.0,
02WB003,2024-05-22,1080.0,
02WB003,2024-06-22,242.0,
02WB003,2024-07-22,215.0,
02WB003,2024-08-22,121.0,
02WB003,2024-09-22,95.4000015258789,
02WB003,1980-06-23,,
02WB003,1980-08-23,,
02WB003,1980-10-23,,
02WB003,1981-01-23,,
02WB003,1981-03-23,,
02WB003,1981-08-23,,
02WB003,1981-10-23,500.0,
02WB003,1981-11-23,291.0,
02WB003,1981-12-23,276.0,E
02WB003,1982-01-23,148.0,E
02WB003,1982-02-23,96.0,E
02WB003,1982-03-23,74.0,E
02WB003,1982-04-23,145.0,E
02WB003,1982-05-23,1030.0,
02WB003,1982-06-23,864.0,
02WB003,1982-07-23,690.0,
02WB003,1982-08-23,327.0,
02WB003,1982-09-23,260.0,
02WB003,1982-10-23,169.0,
02WB003,1982-11-23,285.0,
02WB003,1982-12-23,144.0,E
02WB003,1983-01-23,124.0,E
02WB003,1983-02-23,117.0,E
02WB003,1983-03-23,172.0,E
02WB003,1983-04-23,760.0,E
02WB003,1983-05-23,1080.0,
02WB003,1983-06-23,525.0,
02WB003,1983-07-23,605.0,
02WB003,1983-08-23,387.0,
02WB003,1983-09-23,384.0,
02WB003,1983-10-23,372.0,
02WB003,1983-11-23,371.0,
02WB003,1983-12-23,214.0,E
02WB003,1984-01-23,127.0,E
02WB003,1984-02-23,91.5,E
02WB003,1984-03-23,138.0,E
02WB003,1984-04-23,250.0,E
02WB003,1984-05-23,1410.0,
02WB003,1984-06-23,788.0,
02WB003,1984-07-23,355.0,
02WB003,1984-08-23,213.0,
02WB003,1984-09-23,355.0,
02WB003,1984-10-23,194.0,
02WB003,1984-11-23,128.0,E
02WB003,1984-12-23,120.0,E
02WB003,1985-01-23,76.0,E
02WB003,1985-02-23,60.0,E
02WB003,1985-03-23,56.5,E
02WB003,1985-04-23,107.0,E
02WB003,1985-05-23,1120.0,
02WB003,1985-06-23,712.0,
02WB003,1985-07-23,498.0,
02WB003,1985-08-23,395.0,
02WB003,1985-09-23,258.0,
02WB003,1985-10-23,334.0,
02WB003,1985-11-23,155.0,E
02WB003,1985-12-23,90.5,E
02WB003,1986-01-23,79.0,E
02WB003,1986-02-23,89.0,E
02WB003,1986-03-23,62.5,E
02WB003,1986-04-23,419.0,
02WB003,1986-05-23,802.0,
02WB003,1986-06-23,406.0,
02WB003,1986-07-23,293.0,
02WB003,1986-08-23,170.0,
02WB003,1986-09-23,375.0,
02WB003,1986-10-23,321.0,
02WB003,1986-11-23,128.0,E
02WB003,1986-12-23,78.5,E
02WB003,1987-01-23,59.0,E
02WB003,1987-02-23,51.79999923706055,E
02WB003,1987-03-23,53.5,E
02WB003,1987-04-23,893.0,
02WB003,1987-05-23,610.0,E
02WB003,1987-06-23,410.0,E
02WB003,1987-07-23,193.0,
02WB003,1987-08-23,359.0,
02WB003,1987-09-23,408.0,
02WB003,1987-10-23,377.0,
02WB003,1987-11-23,335.0,E
02WB003,1987-12-23,164.0,E
02WB003,1988-01-23,109.0,E
02WB003,1988-02-23,80.5,E
02WB003,1988-03-23,80.0,E
02WB003,1988-04-23,170.0,E
02WB003,1988-05-23,1570.0,
02WB003,1988-06-23,446.0,
02WB003,1988-07-23,304.0,
02WB003,1988-08-23,131.0,
02WB003,1988-09-23,169.0,
02WB003,1988-10-23,768.0,
02WB003,1988-11-23,231.0,
02WB003,1988-12-23,142.0,E
02WB003,1989-01-23,83.5,E
02WB003,1989-02-23,58.79999923706055,E
02WB003,1989-03-23,51.0,E
02WB003,1989-04-23,89.30000305175781,E
02WB003,1989-05-23,1310.0,
02WB003,1989-06-23,371.0,
02WB003,1989-07-23,324.0,
02WB003,1989-08-23,594.0,
02WB003,1989-09-23,405.0,
02WB003,1989-10-23,354.0,
02WB003,1989-11-23,286.0,
02WB003,1989-12-23,125.0,E
02WB003,1990-01-23,82.5999984741211,E
02WB003,1990-02-23,64.0999984741211,
02WB003,1990-03-23,62.900001525878906,E
02WB003,1990-04-23,90.3000030517578,E
02WB003,1990-05-23,1090.0,
02WB003,1990-06-23,396.0,
02WB003,1990-07-23,402.0,
02WB003,1990-08-23,297.0,
02WB003,1990-09-23,306.0,
02WB003,1990-10-23,386.0,
02WB003,1990-11-23,242.0,E
02WB003,1990-12-23,132.0,E
02WB003,1991-01-23,93.5999984741211,E
02WB003,1991-02-23,67.4000015258789,
02WB003,1991-03-23,65.9000015258789,E
02WB003,1991-04-23,63.59999847412109,E
02WB003,1991-05-23,1120.0,
02WB003,1991-06-23,724.0,
02WB003,1991-07-23,514.0,
02WB003,1991-08-23,228.0,
02WB003,1991-09-23,98.6999969482422,
02WB003,1991-10-23,415.0,
02WB003,1991-11-23,169.0,
02WB003,1991-12-23,86.5,
02WB003,1992-01-23,81.0,E
02WB003,1992-02-23,58.09999847412109,E
02WB003,1992-03-23,46.29999923706055,E
02WB003,1992-04-23,70.0999984741211,E
02WB003,1992-05-23,1040.0,
02WB003,1992-06-23,389.0,
02WB003,1992-07-23,420.0,
02WB003,1992-08-23,332.0,
02WB003,1992-09-23,281.0,
02WB003,1992-10-23,483.0,
02WB003,1992-11-23,200.0,
02WB003,1992-12-23,89.5,E
02WB003,1993-01-23,55.29999923706055,E
02WB003,1993-02-23,48.900001525878906,
02WB003,1993-03-23,46.400001525878906,E
02WB003,1993-04-23,113.0,E
02WB003,1993-05-23,1560.0,
02WB003,1993-06-23,305.0,
02WB003,1993-07-23,342.0,
02WB003,1993-08-23,277.0,
02WB003,1993-09-23,340.0,
02WB003,1993-10-23,746.0,
02WB003,1993-11-23,191.0,
02WB003,1993-12-23,127.0,E
02WB003,1994-01-23,101.0,E
02WB003,1994-02-23,82.69999694824219,
02WB003,1994-03-23,78.5,E
02WB003,1994-04-23,120.0,E
02WB003,1994-05-23,1690.0,
02WB003,1994-06-23,705.0,
02WB003,1994-07-23,463.0,
02WB003,1994-08-23,379.0,
02WB003,1994-09-23,415.0,
02WB003,1994-10-23,298.0,
02WB003,1994-11-23,283.0,
02WB003,1994-12-23,125.0,E
02WB003,1995-01-23,97.4000015258789,E
02WB003,1995-02-23,79.69999694824219,
02WB003,1995-03-23,79.0,E
02WB003,1995-04-23,131.0,E
02WB003,1995-05-23,1220.0,
02WB003,1995-06-23,445.0,
02WB003,1995-07-23,321.0,
02WB003,1995-08-23,147.0,
02WB003,1995-09-23,328.0,
02WB003,1995-10-23,272.0,
02WB003,1995-11-23,460.0,
02WB003,1995-12-23,150.0,E
02WB003,1996-01-23,104.0,E
02WB003,1996-02-23,195.0,E
02WB003,1996-03-23,144.0,E
02WB003,1996-04-23,262.0,
02WB003,1996-05-23,1170.0,
02WB003,1996-06-23,509.0,
02WB003,1996-07-23,1180.0,
02WB003,1996-08-23,242.0,
02WB003,1996-09-23,129.0,
02WB003,1996-10-23,257.0,
02WB003,1996-11-23,419.0,
02WB003,1996-12-23,173.0,E
02WB003,1997-01-23,127.0,E
02WB003,1997-02-23,108.0,
02WB003,1997-03-23,101.0,E
02WB003,1997-04-23,110.0,E
02WB003,1997-05-23,1670.0,
02WB003,1997-06-23,741.0,
02WB003,1997-07-23,417.0,
02WB003,1997-08-23,276.0,
02WB003,1997-09-23,459.0,
02WB003,1997-10-23,284.0,
02WB003,1997-11-23,179.0,
02WB003,1997-12-23,123.0,E
02WB003,1998-01-23,92.8000030517578,E
02WB003,1998-02-23,88.80000305175781,
02WB003,1998-03-23,178.0,E
02WB003,1998-04-23,335.0,E
02WB003,1998-05-23,1270.0,
02WB003,1998-06-23,451.0,
02WB003,1998-07-23,342.0,
02WB003,1998-08-23,207.0,
02WB003,1998-09-23,401.0,
02WB003,1998-10-23,381.0,
02WB003,1998-11-23,247.0,
02WB003,1998-12-23,141.0,B
02WB003,1999-01-23,99.4000015258789,B
02WB003,1999-02-23,81.0999984741211,
02WB003,1999-03-23,154.0,B
02WB003,1999-04-23,266.0,E
02WB003,1999-05-23,1900.0,
02WB003,1999-06-23,312.0,
02WB003,1999-07-23,227.0,
02WB003,1999-08-23,308.0,
02WB003,1999-09-23,437.0,
02WB003,1999-10-23,441.0,
02WB003,1999-11-23,305.0,
02WB003,1999-12-23,194.0,
02WB003,2000-01-23,127.0,E
02WB003,2000-02-23,99.5999984741211,E
02WB003,2000-03-23,91.1999969482422,E
02WB003,2000-04-23,251.0,B
02WB003,2000-05-23,1370.0,
02WB003,2000-06-23,637.0,
02WB003,2000-07-23,696.0,
02WB003,2000-08-23,269.0,
02WB003,2000-09-23,234.0,
02WB003,2000-10-23,222.0,
02WB003,2000-11-23,192.0,
02WB003,2000-12-23,108.0,B
02WB003,2001-01-23,90.5999984741211,B
02WB003,2001-02-23,80.5,
02WB003,2001-03-23,75.69999694824219,B
02WB003,2001-04-23,76.19999694824219,B
02WB003,2001-05-23,1110.0,
02WB003,2001-06-23,319.0,
02WB003,2001-07-23,479.0,
02WB003,2001-08-23,257.0,
02WB003,2001-09-23,179.0,
02WB003,2001-10-23,413.0,
02WB003,2001-11-23,303.0,
02WB003,2001-12-23,151.0,
02WB003,2002-01-23,92.3000030517578,
02WB003,2002-02-23,91.9000015258789,
02WB003,2002-03-23,140.0,
02WB003,2002-04-23,172.0,
02WB003,2002-05-23,767.0,
02WB003,2002-06-23,584.0,
02WB003,2002-07-23,369.0,
02WB003,2002-08-23,357.0,
02WB003,2002-09-23,376.0,
02WB003,2002-10-23,617.0,
02WB003,2002-11-23,191.0,
02WB003,2002-12-23,193.0,
02WB003,2003-01-23,99.3000030517578,
02WB003,2003-02-23,81.5999984741211,
02WB003,2003-03-23,71.80000305175781,
02WB003,2003-04-23,91.0999984741211,
02WB003,2003-05-23,2350.0,
02WB003,2003-06-23,445.0,
02WB003,2003-07-23,338.0,
02WB003,2003-08-23,195.0,
02WB003,2003-09-23,112.0,
02WB003,2003-10-23,207.0,
02WB003,2003-11-23,978.0,
02WB003,2003-12-23,165.0,
02WB003,2004-01-23,114.0,
02WB003,2004-02-23,90.8000030517578,
02WB003,2004-03-23,78.5999984741211,
02WB003,2004-04-23,164.0,
02WB003,2004-05-23,1660.0,
02WB003,2004-06-23,744.0,
02WB003,2004-07-23,258.0,
02WB003,2004-08-23,189.0,
02WB003,2004-09-23,134.0,
02WB003,2004-10-23,342.0,
02WB003,2004-11-23,136.0,
02WB003,2004-12-23,132.0,
02WB003,2005-01-23,116.0,
02WB003,2005-02-23,106.0,
02WB003,2005-03-23,104.0,
02WB003,2005-04-23,172.0,
02WB003,2005-05-23,1590.0,
02WB003,2005-06-23,267.0,
02WB003,2005-07-23,197.0,
02WB003,2005-08-23,230.0,
02WB003,2005-09-23,291.0,
02WB003,2005-10-23,440.0,
02WB003,2005-11-23,450.0,
02WB003,2005-12-23,186.0,
02WB003,2006-01-23,229.0,
02WB003,2006-02-23,108.0,
02WB003,2006-03-23,117.0,
02WB003,2006-04-23,490.0,
02WB003,2006-05-23,1090.0,
02WB003,2006-06-23,318.0,
02WB003,2006-07-23,164.0,
02WB003,2006-08-23,360.0,
02WB003,2006-09-23,192.0,
02WB003,2006-10-23,286.0,
02WB003,2006-11-23,586.0,
02WB003,2006-12-23,146.0,
02WB003,2007-01-23,111.0,
02WB003,2007-02-23,97.5999984741211,
02WB003,2007-03-23,93.1999969482422,
02WB003,2007-04-23,154.0,
02WB003,2007-05-23,834.0,
02WB003,2007-06-23,517.0,
02WB003,2007-07-23,436.0,
02WB003,2007-08-23,115.0,
02WB003,2007-09-23,322.0,
02WB003,2007-10-23,264.0,
02WB003,2007-11-23,565.0,
02WB003,2007-12-23,159.0,
02WB003,2008-01-23,103.0,
02WB003,2008-02-23,79.80000305175781,
02WB003,2008-03-23,69.80000305175781,
02WB003,2008-04-23,152.0,
02WB003,2008-05-23,1290.0,
02WB003,2008-06-23,348.0,
02WB003,2008-07-23,361.0,
02WB003,2008-08-23,551.0,
02WB003,2008-09-23,429.0,
02WB003,2008-10-23,220.0,
02WB003,2008-11-23,629.0,
02WB003,2008-12-23,157.0,
02WB003,2009-01-23,115.0,
02WB003,2009-02-23,101.0,
02WB003,2009-03-23,96.4000015258789,
02WB003,2009-04-23,168.0,
02WB003,2009-05-23,1310.0,
02WB003,2009-06-23,553.0,
02WB003,2009-07-23,659.0,
02WB003,2009-08-23,162.0,
02WB003,2009-09-23,439.0,
02WB003,2009-10-23,337.0,
02WB003,2009-11-23,197.0,
02WB003,2009-12-23,152.0,
02WB003,2010-01-23,105.0,
02WB003,2010-02-23,93.0,
02WB003,2010-03-23,81.69999694824219,
02WB003,2010-04-23,653.0,
02WB003,2010-05-23,1210.0,
02WB003,2010-06-23,412.0,
02WB003,2010-07-23,452.0,
02WB003,2010-08-23,175.0,
02WB003,2010-09-23,116.0,
02WB003,2010-10-23,502.0,
02WB003,2010-11-23,283.0,
02WB003,2010-12-23,338.0,
02WB003,2011-01-23,125.0,
02WB003,2011-02-23,90.0999984741211,
02WB003,2011-03-23,111.0,
02WB003,2011-04-23,137.0,
02WB003,2011-05-23,1090.0,
02WB003,2011-06-23,769.0,
02WB003,2011-07-23,400.0,
02WB003,2011-08-23,272.0,
02WB003,2011-09-23,281.0,
02WB003,2011-10-23,218.0,
02WB003,2011-11-23,351.0,
02WB003,2011-12-23,176.0,
02WB003,2012-01-23,126.0,B
02WB003,2012-02-23,94.0999984741211,B
02WB003,2012-03-23,85.30000305175781,B
02WB003,2012-04-23,167.0,B
02WB003,2012-05-23,1590.0,
02WB003,2012-06-23,222.0,
02WB003,2012-07-23,294.0,
02WB003,2012-08-23,356.0,
02WB003,2012-09-23,517.0,
02WB003,2012-10-23,978.0,
02WB003,2012-11-23,276.0,B
02WB003,2012-12-23,172.0,B
02WB003,2013-01-23,102.0,B
02WB003,2013-02-23,89.5,B
02WB003,2013-03-23,208.0,B
02WB003,2013-04-23,193.0,B
02WB003,2013-05-23,1110.0,
02WB003,2013-06-23,430.0,
02WB003,2013-07-23,144.0,
02WB003,2013-08-23,475.0,
02WB003,2013-09-23,297.0,
02WB003,2013-10-23,527.0,
02WB003,2013-11-23,304.0,
02WB003,2013-12-23,149.0,B
02WB003,2014-01-23,90.4000015258789,B
02WB003,2014-02-23,67.4000015258789,B
02WB003,2014-03-23,57.20000076293945,B
02WB003,2014-04-23,95.5999984741211,B
02WB003,2014-05-23,1800.0,
02WB003,2014-06-23,1000.0,
02WB003,2014-07-23,333.0,
02WB003,2014-08-23,262.0,
02WB003,2014-09-23,276.0,
02WB003,2014-10-23,490.0,
02WB003,2014-11-23,192.0,B
02WB003,2014-12-23,126.0,B
02WB003,2015-01-23,92.1999969482422,B
02WB003,2015-02-23,74.5999984741211,B
02WB003,2015-03-23,65.9000015258789,B
02WB003,2015-04-23,66.0999984741211,B
02WB003,2015-05-23,1810.0,
02WB003,2015-06-23,542.0,
02WB003,2015-07-23,371.0,
02WB003,2015-08-23,310.0,
02WB003,2015-09-23,395.0,
02WB003,2015-10-23,222.0,
02WB003,2015-11-23,262.0,
02WB003,2015-12-23,112.0,B
02WB003,2016-01-23,97.4000015258789,B
02WB003,2016-02-23,81.5999984741211,B
02WB003,2016-03-23,83.0,B
02WB003,2016-04-23,278.0,B
02WB003,2016-05-23,1570.0,
02WB003,2016-06-23,624.0,
02WB003,2016-07-23,364.0,
02WB003,2016-08-23,575.0,
02WB003,2016-09-23,576.0,
02WB003,2016-10-23,418.0,
02WB003,2016-11-23,,
02WB003,2017-05-23,1560.0,
02WB003,2017-06-23,674.0,
02WB003,2017-07-23,374.0,
02WB003,2017-08-23,433.0,
02WB003,2017-09-23,346.0,
02WB003,2017-10-23,299.0,
02WB003,2017-11-23,,
02WB003,2018-05-23,1010.0,
02WB003,2018-06-23,975.0,
02WB003,2018-07-23,247.0,
02WB003,2018-08-23,268.0,
02WB003,2018-09-23,166.0,
02WB003,2018-10-23,307.0,
02WB003,2018-11-23,,
02WB003,2019-05-23,1660.0,
02WB003,2019-06-23,782.0,
02WB003,2019-07-23,286.0,
02WB003,2019-08-23,301.0,
02WB003,2019-09-23,265.0,
02WB003,2019-10-23,212.0,
02WB003,2019-11-23,,
02WB003,2020-05-23,984.0,
02WB003,2020-06-23,546.0,
02WB003,2020-07-23,242.0,
02WB003,2020-08-23,206.0,
02WB003,2020-09-23,205.0,
02WB003,2020-10-23,612.0,
02WB003,2020-11-23,,
02WB003,2021-04-23,1150.0,
02WB003,2021-05-23,1300.0,
02WB003,2021-06-23,550.0,
02WB003,2021-07-23,225.0,
02WB003,2021-08-23,226.0,
02WB003,2021-09-23,336.0,
02WB003,2021-10-23,704.0,
02WB003,2021-11-23,483.0,
02WB003,2021-12-23,,
02WB003,2022-05-23,2270.0,
02WB003,2022-06-23,712.0,
02WB003,2022-07-23,896.0,
02WB003,2022-08-23,227.0,
02WB003,2022-09-23,251.0,
02WB003,2022-10-23,660.0,
02WB003,2022-11-23,,
02WB003,2023-04-23,,
02WB003,2023-05-23,780.0,
02WB003,2023-06-23,270.0,
02WB003,2023-07-23,285.0,
02WB003,2023-08-23,240.0,
02WB003,2023-09-23,1300.0,
02WB003,2023-10-23,465.0,
02WB003,2023-11-23,,
02WB003,2024-04-23,720.0,
02WB003,2024-05-23,1110.0,
02WB003,2024-06-23,228.0,
02WB003,2024-07-23,206.0,
02WB003,2024-08-23,128.0,
02WB003,2024-09-23,94.6999969482422,
02WB003,1980-06-24,,
02WB003,1980-08-24,,
02WB003,1980-10-24,,
02WB003,1981-01-24,,
02WB003,1981-03-24,,
02WB003,1981-08-24,,
02WB003,1981-10-24,614.0,
02WB003,1981-11-24,293.0,
02WB003,1981-12-24,268.0,E
02WB003,1982-01-24,146.0,E
02WB003,1982-02-24,95.0,E
02WB003,1982-03-24,74.0,E
02WB003,1982-04-24,146.0,E
02WB003,1982-05-24,995.0,
02WB003,1982-06-24,864.0,
02WB003,1982-07-24,773.0,
02WB003,1982-08-24,332.0,
02WB003,1982-09-24,258.0,
02WB003,1982-10-24,166.0,
02WB003,1982-11-24,287.0,
02WB003,1982-12-24,143.0,E
02WB003,1983-01-24,123.0,E
02WB003,1983-02-24,115.0,E
02WB003,1983-03-24,195.0,E
02WB003,1983-04-24,890.0,E
02WB003,1983-05-24,1060.0,
02WB003,1983-06-24,517.0,
02WB003,1983-07-24,543.0,
02WB003,1983-08-24,434.0,
02WB003,1983-09-24,456.0,
02WB003,1983-10-24,356.0,
02WB003,1983-11-24,347.0,
02WB003,1983-12-24,208.0,E
02WB003,1984-01-24,126.0,E
02WB003,1984-02-24,91.0,E
02WB003,1984-03-24,144.0,E
02WB003,1984-04-24,265.0,E
02WB003,1984-05-24,1380.0,
02WB003,1984-06-24,854.0,
02WB003,1984-07-24,348.0,
02WB003,1984-08-24,201.0,
02WB003,1984-09-24,381.0,
02WB003,1984-10-24,190.0,
02WB003,1984-11-24,127.0,E
02WB003,1984-12-24,117.0,E
02WB003,1985-01-24,75.0,E
02WB003,1985-02-24,60.0,E
02WB003,1985-03-24,56.0,E
02WB003,1985-04-24,109.0,E
02WB003,1985-05-24,1400.0,
02WB003,1985-06-24,673.0,
02WB003,1985-07-24,482.0,
02WB003,1985-08-24,388.0,
02WB003,1985-09-24,247.0,
02WB003,1985-10-24,321.0,
02WB003,1985-11-24,152.0,E
02WB003,1985-12-24,90.0,E
02WB003,1986-01-24,78.5,E
02WB003,1986-02-24,88.0,E
02WB003,1986-03-24,62.20000076293945,E
02WB003,1986-04-24,470.0,
02WB003,1986-05-24,740.0,
02WB003,1986-06-24,381.0,
02WB003,1986-07-24,315.0,
02WB003,1986-08-24,176.0,
02WB003,1986-09-24,354.0,
02WB003,1986-10-24,315.0,
02WB003,1986-11-24,127.0,E
02WB003,1986-12-24,77.0,E
02WB003,1987-01-24,58.5,E
02WB003,1987-02-24,51.70000076293945,E
02WB003,1987-03-24,53.79999923706055,E
02WB003,1987-04-24,892.0,
02WB003,1987-05-24,600.0,E
02WB003,1987-06-24,386.0,E
02WB003,1987-07-24,186.0,
02WB003,1987-08-24,361.0,
02WB003,1987-09-24,384.0,
02WB003,1987-10-24,375.0,
02WB003,1987-11-24,341.0,E
02WB003,1987-12-24,162.0,E
02WB003,1988-01-24,108.0,E
02WB003,1988-02-24,80.0,E
02WB003,1988-03-24,80.0,E
02WB003,1988-04-24,178.0,E
02WB003,1988-05-24,1550.0,
02WB003,1988-06-24,558.0,
02WB003,1988-07-24,289.0,
02WB003,1988-08-24,125.0,
02WB003,1988-09-24,174.0,
02WB003,1988-10-24,727.0,
02WB003,1988-11-24,189.0,
02WB003,1988-12-24,139.0,E
02WB003,1989-01-24,82.4000015258789,E
02WB003,1989-02-24,58.0,E
02WB003,1989-03-24,50.79999923706055,E
02WB003,1989-04-24,90.8000030517578,E
02WB003,1989-05-24,1260.0,
02WB003,1989-06-24,350.0,
02WB003,1989-07-24,303.0,
02WB003,1989-08-24,578.0,
02WB003,1989-09-24,406.0,
02WB003,1989-10-24,377.0,
02WB003,1989-11-24,259.0,E
02WB003,1989-12-24,124.0,E
02WB003,1990-01-24,82.30000305175781,E
02WB003,1990-02-24,63.59999847412109,
02WB003,1990-03-24,63.29999923706055,E
02WB003,1990-04-24,90.3000030517578,E
02WB003,1990-05-24,1100.0,
02WB003,1990-06-24,374.0,
02WB003,1990-07-24,387.0,
02WB003,1990-08-24,273.0,
02WB003,1990-09-24,300.0,
02WB003,1990-10-24,359.0,
02WB003,1990-11-24,261.0,E
02WB003,1990-12-24,131.0,E
02WB003,1991-01-24,92.5,E
02WB003,1991-02-24,66.5999984741211,
02WB003,1991-03-24,65.69999694824219,E
02WB003,1991-04-24,66.80000305175781,E
02WB003,1991-05-24,1100.0,
02WB003,1991-06-24,689.0,
02WB003,1991-07-24,480.0,
02WB003,1991-08-24,233.0,
02WB003,1991-09-24,97.5,
02WB003,1991-10-24,395.0,
02WB003,1991-11-24,163.0,
02WB003,1991-12-24,85.9000015258789,
02WB003,1992-01-24,80.0999984741211,E
02WB003,1992-02-24,57.70000076293945,E
02WB003,1992-03-24,46.0,E
02WB003,1992-04-24,72.0999984741211,E
02WB003,1992-05-24,1040.0,
02WB003,1992-06-24,381.0,
02WB003,1992-07-24,402.0,
02WB003,1992-08-24,336.0,
02WB003,1992-09-24,293.0,
02WB003,1992-10-24,463.0,
02WB003,1992-11-24,193.0,
02WB003,1992-12-24,87.4000015258789,E
02WB003,1993-01-24,55.59999847412109,E
02WB003,1993-02-24,48.79999923706055,
02WB003,1993-03-24,46.29999923706055,E
02WB003,1993-04-24,162.0,E
02WB003,1993-05-24,1670.0,
02WB003,1993-06-24,291.0,
02WB003,1993-07-24,371.0,
02WB003,1993-08-24,261.0,
02WB003,1993-09-24,333.0,
02WB003,1993-10-24,707.0,
02WB003,1993-11-24,184.0,
02WB003,1993-12-24,125.0,E
02WB003,1994-01-24,99.6999969482422,E
02WB003,1994-02-24,81.80000305175781,
02WB003,1994-03-24,78.4000015258789,E
02WB003,1994-04-24,121.0,E
02WB003,1994-05-24,1590.0,
02WB003,1994-06-24,685.0,
02WB003,1994-07-24,518.0,
02WB003,1994-08-24,434.0,
02WB003,1994-09-24,392.0,
02WB003,1994-10-24,311.0,
02WB003,1994-11-24,295.0,
02WB003,1994-12-24,124.0,E
02WB003,1995-01-24,96.5999984741211,E
02WB003,1995-02-24,79.5,
02WB003,1995-03-24,80.80000305175781,E
02WB003,1995-04-24,150.0,E
02WB003,1995-05-24,1300.0,
02WB003,1995-06-24,420.0,
02WB003,1995-07-24,311.0,
02WB003,1995-08-24,138.0,
02WB003,1995-09-24,322.0,
02WB003,1995-10-24,272.0,
02WB003,1995-11-24,450.0,
02WB003,1995-12-24,151.0,E
02WB003,1996-01-24,106.0,E
02WB003,1996-02-24,200.0,E
02WB003,1996-03-24,145.0,E
02WB003,1996-04-24,294.0,
02WB003,1996-05-24,1160.0,
02WB003,1996-06-24,481.0,
02WB003,1996-07-24,1120.0,
02WB003,1996-08-24,236.0,
02WB003,1996-09-24,149.0,
02WB003,1996-10-24,255.0,
02WB003,1996-11-24,364.0,
02WB003,1996-12-24,171.0,E
02WB003,1997-01-24,126.0,E
02WB003,1997-02-24,108.0,
02WB003,1997-03-24,101.0,E
02WB003,1997-04-24,126.0,E
02WB003,1997-05-24,1660.0,
02WB003,1997-06-24,745.0,
02WB003,1997-07-24,398.0,
02WB003,1997-08-24,269.0,
02WB003,1997-09-24,451.0,
02WB003,1997-10-24,280.0,
02WB003,1997-11-24,175.0,
02WB003,1997-12-24,121.0,E
02WB003,1998-01-24,92.6999969482422,E
02WB003,1998-02-24,89.0999984741211,
02WB003,1998-03-24,174.0,E
02WB003,1998-04-24,351.0,E
02WB003,1998-05-24,1270.0,
02WB003,1998-06-24,430.0,
02WB003,1998-07-24,339.0,
02WB003,1998-08-24,207.0,
02WB003,1998-09-24,403.0,
02WB003,1998-10-24,397.0,
02WB003,1998-11-24,240.0,
02WB003,1998-12-24,140.0,B
02WB003,1999-01-24,98.1999969482422,B
02WB003,1999-02-24,81.0999984741211,
02WB003,1999-03-24,153.0,B
02WB003,1999-04-24,278.0,E
02WB003,1999-05-24,1680.0,
02WB003,1999-06-24,301.0,
02WB003,1999-07-24,218.0,
02WB003,1999-08-24,296.0,
02WB003,1999-09-24,967.0,
02WB003,1999-10-24,429.0,
02WB003,1999-11-24,293.0,
02WB003,1999-12-24,191.0,
02WB003,2000-01-24,126.0,E
02WB003,2000-02-24,99.5999984741211,E
02WB003,2000-03-24,90.9000015258789,E
02WB003,2000-04-24,252.0,B
02WB003,2000-05-24,1460.0,
02WB003,2000-06-24,608.0,
02WB003,2000-07-24,659.0,
02WB003,2000-08-24,257.0,
02WB003,2000-09-24,235.0,
02WB003,2000-10-24,245.0,
02WB003,2000-11-24,173.0,
02WB003,2000-12-24,107.0,B
02WB003,2001-01-24,90.0999984741211,B
02WB003,2001-02-24,80.30000305175781,
02WB003,2001-03-24,75.80000305175781,B
02WB003,2001-04-24,77.5999984741211,B
02WB003,2001-05-24,1030.0,
02WB003,2001-06-24,316.0,
02WB003,2001-07-24,478.0,
02WB003,2001-08-24,244.0,
02WB003,2001-09-24,224.0,
02WB003,2001-10-24,413.0,
02WB003,2001-11-24,296.0,
02WB003,2001-12-24,149.0,
02WB003,2002-01-24,91.3000030517578,
02WB003,2002-02-24,94.3000030517578,
02WB003,2002-03-24,139.0,
02WB003,2002-04-24,174.0,
02WB003,2002-05-24,874.0,
02WB003,2002-06-24,572.0,
02WB003,2002-07-24,358.0,
02WB003,2002-08-24,343.0,
02WB003,2002-09-24,385.0,
02WB003,2002-10-24,580.0,
02WB003,2002-11-24,275.0,
02WB003,2002-12-24,208.0,
02WB003,2003-01-24,98.5,
02WB003,2003-02-24,81.19999694824219,
02WB003,2003-03-24,71.5999984741211,
02WB003,2003-04-24,99.9000015258789,
02WB003,2003-05-24,2130.0,
02WB003,2003-06-24,412.0,
02WB003,2003-07-24,331.0,
02WB003,2003-08-24,189.0,
02WB003,2003-09-24,114.0,
02WB003,2003-10-24,240.0,
02WB003,2003-11-24,916.0,
02WB003,2003-12-24,162.0,
02WB003,2004-01-24,113.0,
02WB003,2004-02-24,90.3000030517578,
02WB003,2004-03-24,78.19999694824219,
02WB003,2004-04-24,171.0,
02WB003,2004-05-24,1580.0,
02WB003,2004-06-24,720.0,
02WB003,2004-07-24,267.0,
02WB003,2004-08-24,192.0,
02WB003,2004-09-24,133.0,
02WB003,2004-10-24,324.0,
02WB003,2004-11-24,143.0,
02WB003,2004-12-24,146.0,
02WB003,2005-01-24,115.0,
02WB003,2005-02-24,106.0,
02WB003,2005-03-24,103.0,
02WB003,2005-04-24,172.0,
02WB003,2005-05-24,1550.0,
02WB003,2005-06-24,253.0,
02WB003,2005-07-24,186.0,
02WB003,2005-08-24,351.0,
02WB003,2005-09-24,341.0,
02WB003,2005-10-24,417.0,
02WB003,2005-11-24,1250.0,
02WB003,2005-12-24,181.0,
02WB003,2006-01-24,218.0,
02WB003,2006-02-24,107.0,
02WB003,2006-03-24,122.0,
02WB003,2006-04-24,507.0,
02WB003,2006-05-24,1050.0,
02WB003,2006-06-24,323.0,
02WB003,2006-07-24,168.0,
02WB003,2006-08-24,335.0,
02WB003,2006-09-24,225.0,
02WB003,2006-10-24,294.0,
02WB003,2006-11-24,521.0,
02WB003,2006-12-24,144.0,
02WB003,2007-01-24,110.0,
02WB003,2007-02-24,97.4000015258789,
02WB003,2007-03-24,93.3000030517578,
02WB003,2007-04-24,168.0,
02WB003,2007-05-24,793.0,
02WB003,2007-06-24,537.0,
02WB003,2007-07-24,415.0,
02WB003,2007-08-24,111.0,
02WB003,2007-09-24,306.0,
02WB003,2007-10-24,272.0,
02WB003,2007-11-24,489.0,
02WB003,2007-12-24,155.0,
02WB003,2008-01-24,102.0,
02WB003,2008-02-24,79.30000305175781,
02WB003,2008-03-24,69.5,
02WB003,2008-04-24,169.0,
02WB003,2008-05-24,1220.0,
02WB003,2008-06-24,349.0,
02WB003,2008-07-24,346.0,
02WB003,2008-08-24,514.0,
02WB003,2008-09-24,395.0,
02WB003,2008-10-24,211.0,
02WB003,2008-11-24,561.0,
02WB003,2008-12-24,155.0,
02WB003,2009-01-24,114.0,
02WB003,2009-02-24,100.0,
02WB003,2009-03-24,96.3000030517578,
02WB003,2009-04-24,211.0,
02WB003,2009-05-24,1200.0,
02WB003,2009-06-24,512.0,
02WB003,2009-07-24,570.0,
02WB003,2009-08-24,154.0,
02WB003,2009-09-24,414.0,
02WB003,2009-10-24,318.0,
02WB003,2009-11-24,191.0,
02WB003,2009-12-24,150.0,
02WB003,2010-01-24,104.0,
02WB003,2010-02-24,93.6999969482422,
02WB003,2010-03-24,81.5999984741211,
02WB003,2010-04-24,678.0,
02WB003,2010-05-24,1130.0,
02WB003,2010-06-24,394.0,
02WB003,2010-07-24,416.0,
02WB003,2010-08-24,166.0,
02WB003,2010-09-24,110.0,
02WB003,2010-10-24,543.0,
02WB003,2010-11-24,278.0,
02WB003,2010-12-24,272.0,
02WB003,2011-01-24,123.0,
02WB003,2011-02-24,89.5999984741211,
02WB003,2011-03-24,108.0,
02WB003,2011-04-24,147.0,
02WB003,2011-05-24,1010.0,
02WB003,2011-06-24,701.0,
02WB003,2011-07-24,377.0,
02WB003,2011-08-24,289.0,
02WB003,2011-09-24,266.0,
02WB003,2011-10-24,231.0,
02WB003,2011-11-24,306.0,
02WB003,2011-12-24,175.0,
02WB003,2012-01-24,125.0,B
02WB003,2012-02-24,93.4000015258789,B
02WB003,2012-03-24,86.5999984741211,B
02WB003,2012-04-24,181.0,B
02WB003,2012-05-24,1570.0,
02WB003,2012-06-24,216.0,
02WB003,2012-07-24,276.0,
02WB003,2012-08-24,339.0,
02WB003,2012-09-24,556.0,
02WB003,2012-10-24,944.0,
02WB003,2012-11-24,267.0,B
02WB003,2012-12-24,204.0,B
02WB003,2013-01-24,101.0,B
02WB003,2013-02-24,89.19999694824219,B
02WB003,2013-03-24,199.0,B
02WB003,2013-04-24,201.0,B
02WB003,2013-05-24,1120.0,
02WB003,2013-06-24,404.0,
02WB003,2013-07-24,144.0,
02WB003,2013-08-24,434.0,
02WB003,2013-09-24,464.0,
02WB003,2013-10-24,559.0,
02WB003,2013-11-24,323.0,
02WB003,2013-12-24,146.0,B
02WB003,2014-01-24,89.4000015258789,B
02WB003,2014-02-24,66.9000015258789,B
02WB003,2014-03-24,57.0,B
02WB003,2014-04-24,102.0,B
02WB003,2014-05-24,1660.0,
02WB003,2014-06-24,907.0,
02WB003,2014-07-24,313.0,
02WB003,2014-08-24,246.0,
02WB003,2014-09-24,320.0,
02WB003,2014-10-24,471.0,
02WB003,2014-11-24,188.0,B
02WB003,2014-12-24,125.0,B
02WB003,2015-01-24,91.4000015258789,B
02WB003,2015-02-24,74.19999694824219,B
02WB003,2015-03-24,65.69999694824219,B
02WB003,2015-04-24,66.80000305175781,B
02WB003,2015-05-24,1730.0,
02WB003,2015-06-24,510.0,
02WB003,2015-07-24,363.0,
02WB003,2015-08-24,301.0,
02WB003,2015-09-24,372.0,
02WB003,2015-10-24,219.0,
02WB003,2015-11-24,318.0,
02WB003,2015-12-24,112.0,B
02WB003,2016-01-24,96.1999969482422,B
02WB003,2016-02-24,83.0,B
02WB003,2016-03-24,82.5999984741211,B
02WB003,2016-04-24,296.0,B
02WB003,2016-05-24,1460.0,
02WB003,2016-06-24,581.0,
02WB003,2016-07-24,406.0,
02WB003,2016-08-24,779.0,
02WB003,2016-09-24,547.0,
02WB003,2016-10-24,689.0,
02WB003,2016-11-24,,
02WB003,2017-05-24,1510.0,
02WB003,2017-06-24,794.0,
02WB003,2017-07-24,366.0,
02WB003,2017-08-24,438.0,
02WB003,2017-09-24,332.0,
02WB003,2017-10-24,293.0,
02WB003,2017-11-24,,
02WB003,2018-05-24,1020.0,
02WB003,2018-06-24,905.0,
02WB003,2018-07-24,254.0,
02WB003,2018-08-24,256.0,
02WB003,2018-09-24,178.0,
02WB003,2018-10-24,299.0,
02WB003,2018-11-24,,
02WB003,2019-05-24,1680.0,
02WB003,2019-06-24,738.0,
02WB003,2019-07-24,275.0,
02WB003,2019-08-24,306.0,
02WB003,2019-09-24,254.0,
02WB003,2019-10-24,230.0,
02WB003,2019-11-24,,
02WB003,2020-05-24,997.0,
02WB003,2020-06-24,532.0,
02WB003,2020-07-24,232.0,
02WB003,2020-08-24,200.0,
02WB003,2020-09-24,222.0,
02WB003,2020-10-24,589.0,
02WB003,2020-11-24,,
02WB003,2021-04-24,1230.0,
02WB003,2021-05-24,1370.0,
02WB003,2021-06-24,584.0,
02WB003,2021-07-24,218.0,
02WB003,2021-08-24,229.0,
02WB003,2021-09-24,318.0,
02WB003,2021-10-24,647.0,
02WB003,2021-11-24,1380.0,
02WB003,2021-12-24,,
02WB003,2022-05-24,2520.0,
02WB003,2022-06-24,689.0,
02WB003,2022-07-24,892.0,
02WB003,2022-08-24,225.0,
02WB003,2022-09-24,308.0,
02WB003,2022-10-24,587.0,
02WB003,2022-11-24,,
02WB003,2023-04-24,,
02WB003,2023-05-24,829.0,
02WB003,2023-06-24,254.0,
02WB003,2023-07-24,284.0,
02WB003,2023-08-24,237.0,
02WB003,2023-09-24,1140.0,
02WB003,2023-10-24,429.0,
02WB003,2023-11-24,,
02WB003,2024-04-24,661.0,
02WB003,2024-05-24,1080.0,
02WB003,2024-06-24,219.0,
02WB003,2024-07-24,200.0,
02WB003,2024-08-24,126.0,
02WB003,2024-09-24,93.1999969482422,
02WB003,1980-06-25,,
02WB003,1980-08-25,,
02WB003,1980-10-25,,
02WB003,1981-01-25,,
02WB003,1981-03-25,,
02WB003,1981-08-25,,
02WB003,1981-10-25,766.0,
02WB003,1981-11-25,284.0,
02WB003,1981-12-25,262.0,E
02WB003,1982-01-25,144.0,E
02WB003,1982-02-25,94.0,E
02WB003,1982-03-25,73.5,E
02WB003,1982-04-25,144.0,E
02WB003,1982-05-25,1010.0,
02WB003,1982-06-25,844.0,
02WB003,1982-07-25,736.0,
02WB003,1982-08-25,390.0,
02WB003,1982-09-25,262.0,
02WB003,1982-10-25,155.0,
02WB003,1982-11-25,270.0,
02WB003,1982-12-25,141.0,E
02WB003,1983-01-25,119.0,E
02WB003,1983-02-25,114.0,E
02WB003,1983-03-25,210.0,E
02WB003,1983-04-25,1080.0,E
02WB003,1983-05-25,993.0,
02WB003,1983-06-25,487.0,
02WB003,1983-07-25,492.0,
02WB003,1983-08-25,459.0,
02WB003,1983-09-25,482.0,
02WB003,1983-10-25,340.0,
02WB003,1983-11-25,350.0,
02WB003,1983-12-25,204.0,E
02WB003,1984-01-25,125.0,E
02WB003,1984-02-25,90.0,E
02WB003,1984-03-25,148.0,E
02WB003,1984-04-25,285.0,E
02WB003,1984-05-25,1430.0,
02WB003,1984-06-25,822.0,
02WB003,1984-07-25,350.0,
02WB003,1984-08-25,188.0,
02WB003,1984-09-25,379.0,
02WB003,1984-10-25,186.0,
02WB003,1984-11-25,128.0,E
02WB003,1984-12-25,115.0,E
02WB003,1985-01-25,74.5,E
02WB003,1985-02-25,59.5,E
02WB003,1985-03-25,55.900001525878906,E
02WB003,1985-04-25,114.0,E
02WB003,1985-05-25,1500.0,
02WB003,1985-06-25,622.0,
02WB003,1985-07-25,563.0,
02WB003,1985-08-25,385.0,
02WB003,1985-09-25,239.0,
02WB003,1985-10-25,309.0,
02WB003,1985-11-25,148.0,E
02WB003,1985-12-25,90.0,E
02WB003,1986-01-25,78.0,E
02WB003,1986-02-25,86.5,E
02WB003,1986-03-25,62.0,E
02WB003,1986-04-25,534.0,
02WB003,1986-05-25,651.0,
02WB003,1986-06-25,366.0,
02WB003,1986-07-25,351.0,
02WB003,1986-08-25,193.0,
02WB003,1986-09-25,334.0,
02WB003,1986-10-25,309.0,
02WB003,1986-11-25,127.0,E
02WB003,1986-12-25,76.5,E
02WB003,1987-01-25,58.0,E
02WB003,1987-02-25,51.5,E
02WB003,1987-03-25,54.5,E
02WB003,1987-04-25,874.0,
02WB003,1987-05-25,575.0,E
02WB003,1987-06-25,367.0,E
02WB003,1987-07-25,182.0,
02WB003,1987-08-25,356.0,
02WB003,1987-09-25,370.0,
02WB003,1987-10-25,366.0,
02WB003,1987-11-25,347.0,E
02WB003,1987-12-25,158.0,E
02WB003,1988-01-25,106.0,E
02WB003,1988-02-25,80.0,E
02WB003,1988-03-25,80.0,E
02WB003,1988-04-25,185.0,E
02WB003,1988-05-25,1480.0,
02WB003,1988-06-25,718.0,
02WB003,1988-07-25,271.0,
02WB003,1988-08-25,116.0,
02WB003,1988-09-25,182.0,
02WB003,1988-10-25,725.0,
02WB003,1988-11-25,209.0,
02WB003,1988-12-25,136.0,E
02WB003,1989-01-25,81.0,E
02WB003,1989-02-25,57.59999847412109,E
02WB003,1989-03-25,50.5,E
02WB003,1989-04-25,91.5999984741211,E
02WB003,1989-05-25,1220.0,
02WB003,1989-06-25,330.0,
02WB003,1989-07-25,287.0,
02WB003,1989-08-25,578.0,
02WB003,1989-09-25,404.0,
02WB003,1989-10-25,401.0,
02WB003,1989-11-25,250.0,E
02WB003,1989-12-25,121.0,E
02WB003,1990-01-25,82.0999984741211,E
02WB003,1990-02-25,63.0,
02WB003,1990-03-25,64.0,E
02WB003,1990-04-25,90.6999969482422,E
02WB003,1990-05-25,1100.0,
02WB003,1990-06-25,362.0,
02WB003,1990-07-25,371.0,
02WB003,1990-08-25,250.0,
02WB003,1990-09-25,296.0,
02WB003,1990-10-25,351.0,
02WB003,1990-11-25,283.0,
02WB003,1990-12-25,129.0,E
02WB003,1991-01-25,92.0,E
02WB003,1991-02-25,65.80000305175781,
02WB003,1991-03-25,65.69999694824219,E
02WB003,1991-04-25,70.0,E
02WB003,1991-05-25,1050.0,
02WB003,1991-06-25,641.0,
02WB003,1991-07-25,442.0,
02WB003,1991-08-25,244.0,
02WB003,1991-09-25,98.3000030517578,
02WB003,1991-10-25,378.0,
02WB003,1991-11-25,169.0,
02WB003,1991-12-25,85.30000305175781,
02WB003,1992-01-25,82.0,E
02WB003,1992-02-25,57.09999847412109,E
02WB003,1992-03-25,45.79999923706055,E
02WB003,1992-04-25,73.5,E
02WB003,1992-05-25,1040.0,
02WB003,1992-06-25,376.0,
02WB003,1992-07-25,380.0,
02WB003,1992-08-25,322.0,
02WB003,1992-09-25,322.0,
02WB003,1992-10-25,451.0,
02WB003,1992-11-25,186.0,
02WB003,1992-12-25,85.5,E
02WB003,1993-01-25,56.5,E
02WB003,1993-02-25,48.59999847412109,
02WB003,1993-03-25,46.09999847412109,E
02WB003,1993-04-25,178.0,E
02WB003,1993-05-25,1520.0,
02WB003,1993-06-25,272.0,
02WB003,1993-07-25,406.0,
02WB003,1993-08-25,244.0,
02WB003,1993-09-25,331.0,
02WB003,1993-10-25,664.0,
02WB003,1993-11-25,179.0,
02WB003,1993-12-25,122.0,E
02WB003,1994-01-25,99.0,E
02WB003,1994-02-25,81.0999984741211,
02WB003,1994-03-25,77.9000015258789,E
02WB003,1994-04-25,120.0,E
02WB003,1994-05-25,1420.0,
02WB003,1994-06-25,666.0,
02WB003,1994-07-25,581.0,
02WB003,1994-08-25,431.0,
02WB003,1994-09-25,371.0,
02WB003,1994-10-25,333.0,
02WB003,1994-11-25,286.0,
02WB003,1994-12-25,122.0,E
02WB003,1995-01-25,95.9000015258789,E
02WB003,1995-02-25,79.19999694824219,
02WB003,1995-03-25,82.30000305175781,E
02WB003,1995-04-25,179.0,E
02WB003,1995-05-25,1390.0,
02WB003,1995-06-25,399.0,
02WB003,1995-07-25,295.0,
02WB003,1995-08-25,140.0,
02WB003,1995-09-25,317.0,
02WB003,1995-10-25,272.0,
02WB003,1995-11-25,424.0,
02WB003,1995-12-25,152.0,E
02WB003,1996-01-25,106.0,E
02WB003,1996-02-25,207.0,E
02WB003,1996-03-25,145.0,E
02WB003,1996-04-25,335.0,
02WB003,1996-05-25,1150.0,
02WB003,1996-06-25,462.0,
02WB003,1996-07-25,982.0,
02WB003,1996-08-25,226.0,
02WB003,1996-09-25,167.0,
02WB003,1996-10-25,257.0,
02WB003,1996-11-25,306.0,
02WB003,1996-12-25,168.0,E
02WB003,1997-01-25,126.0,E
02WB003,1997-02-25,108.0,
02WB003,1997-03-25,99.9000015258789,E
02WB003,1997-04-25,134.0,E
02WB003,1997-05-25,1510.0,
02WB003,1997-06-25,806.0,
02WB003,1997-07-25,383.0,
02WB003,1997-08-25,269.0,
02WB003,1997-09-25,441.0,
02WB003,1997-10-25,277.0,
02WB003,1997-11-25,170.0,
02WB003,1997-12-25,119.0,E
02WB003,1998-01-25,92.5,E
02WB003,1998-02-25,89.19999694824219,
02WB003,1998-03-25,172.0,E
02WB003,1998-04-25,356.0,E
02WB003,1998-05-25,1270.0,
02WB003,1998-06-25,407.0,
02WB003,1998-07-25,320.0,
02WB003,1998-08-25,205.0,
02WB003,1998-09-25,435.0,
02WB003,1998-10-25,406.0,
02WB003,1998-11-25,233.0,
02WB003,1998-12-25,138.0,B
02WB003,1999-01-25,97.3000030517578,B
02WB003,1999-02-25,81.0,
02WB003,1999-03-25,152.0,B
02WB003,1999-04-25,291.0,E
02WB003,1999-05-25,1480.0,
02WB003,1999-06-25,294.0,
02WB003,1999-07-25,217.0,
02WB003,1999-08-25,284.0,
02WB003,1999-09-25,1310.0,
02WB003,1999-10-25,433.0,
02WB003,1999-11-25,278.0,
02WB003,1999-12-25,188.0,
02WB003,2000-01-25,124.0,E
02WB003,2000-02-25,99.5,E
02WB003,2000-03-25,90.5,E
02WB003,2000-04-25,254.0,B
02WB003,2000-05-25,1580.0,
02WB003,2000-06-25,598.0,
02WB003,2000-07-25,617.0,
02WB003,2000-08-25,252.0,
02WB003,2000-09-25,237.0,
02WB003,2000-10-25,250.0,
02WB003,2000-11-25,138.0,
02WB003,2000-12-25,106.0,B
02WB003,2001-01-25,89.69999694824219,B
02WB003,2001-02-25,79.9000015258789,
02WB003,2001-03-25,75.9000015258789,B
02WB003,2001-04-25,79.5999984741211,B
02WB003,2001-05-25,960.0,
02WB003,2001-06-25,449.0,
02WB003,2001-07-25,494.0,
02WB003,2001-08-25,237.0,
02WB003,2001-09-25,279.0,
02WB003,2001-10-25,401.0,
02WB003,2001-11-25,289.0,
02WB003,2001-12-25,145.0,
02WB003,2002-01-25,90.6999969482422,
02WB003,2002-02-25,97.4000015258789,
02WB003,2002-03-25,138.0,
02WB003,2002-04-25,182.0,
02WB003,2002-05-25,1040.0,
02WB003,2002-06-25,553.0,
02WB003,2002-07-25,361.0,
02WB003,2002-08-25,342.0,
02WB003,2002-09-25,377.0,
02WB003,2002-10-25,547.0,
02WB003,2002-11-25,283.0,
02WB003,2002-12-25,185.0,
02WB003,2003-01-25,97.8000030517578,
02WB003,2003-02-25,80.80000305175781,
02WB003,2003-03-25,71.4000015258789,
02WB003,2003-04-25,116.0,
02WB003,2003-05-25,1870.0,
02WB003,2003-06-25,384.0,
02WB003,2003-07-25,315.0,
02WB003,2003-08-25,191.0,
02WB003,2003-09-25,114.0,
02WB003,2003-10-25,296.0,
02WB003,2003-11-25,784.0,
02WB003,2003-12-25,160.0,
02WB003,2004-01-25,112.0,
02WB003,2004-02-25,89.80000305175781,
02WB003,2004-03-25,77.9000015258789,
02WB003,2004-04-25,179.0,
02WB003,2004-05-25,1440.0,
02WB003,2004-06-25,689.0,
02WB003,2004-07-25,269.0,
02WB003,2004-08-25,189.0,
02WB003,2004-09-25,134.0,
02WB003,2004-10-25,307.0,
02WB003,2004-11-25,156.0,
02WB003,2004-12-25,178.0,
02WB003,2005-01-25,114.0,
02WB003,2005-02-25,106.0,
02WB003,2005-03-25,103.0,
02WB003,2005-04-25,171.0,
02WB003,2005-05-25,1500.0,
02WB003,2005-06-25,241.0,
02WB003,2005-07-25,175.0,
02WB003,2005-08-25,388.0,
02WB003,2005-09-25,350.0,
02WB003,2005-10-25,391.0,
02WB003,2005-11-25,1470.0,
02WB003,2005-12-25,176.0,
02WB003,2006-01-25,208.0,
02WB003,2006-02-25,106.0,
02WB003,2006-03-25,124.0,
02WB003,2006-04-25,588.0,
02WB003,2006-05-25,989.0,
02WB003,2006-06-25,314.0,
02WB003,2006-07-25,184.0,
02WB003,2006-08-25,313.0,
02WB003,2006-09-25,238.0,
02WB003,2006-10-25,329.0,
02WB003,2006-11-25,465.0,
02WB003,2006-12-25,142.0,
02WB003,2007-01-25,109.0,
02WB003,2007-02-25,97.0999984741211,
02WB003,2007-03-25,93.4000015258789,
02WB003,2007-04-25,184.0,
02WB003,2007-05-25,810.0,
02WB003,2007-06-25,677.0,
02WB003,2007-07-25,378.0,
02WB003,2007-08-25,109.0,
02WB003,2007-09-25,293.0,
02WB003,2007-10-25,284.0,
02WB003,2007-11-25,415.0,
02WB003,2007-12-25,152.0,
02WB003,2008-01-25,101.0,
02WB003,2008-02-25,78.80000305175781,
02WB003,2008-03-25,69.30000305175781,
02WB003,2008-04-25,190.0,
02WB003,2008-05-25,1150.0,
02WB003,2008-06-25,356.0,
02WB003,2008-07-25,319.0,
02WB003,2008-08-25,466.0,
02WB003,2008-09-25,361.0,
02WB003,2008-10-25,200.0,
02WB003,2008-11-25,500.0,
02WB003,2008-12-25,153.0,
02WB003,2009-01-25,114.0,
02WB003,2009-02-25,100.0,
02WB003,2009-03-25,96.1999969482422,
02WB003,2009-04-25,268.0,
02WB003,2009-05-25,1110.0,
02WB003,2009-06-25,471.0,
02WB003,2009-07-25,502.0,
02WB003,2009-08-25,148.0,
02WB003,2009-09-25,399.0,
02WB003,2009-10-25,311.0,
02WB003,2009-11-25,174.0,
02WB003,2009-12-25,148.0,
02WB003,2010-01-25,103.0,
02WB003,2010-02-25,94.4000015258789,
02WB003,2010-03-25,81.4000015258789,
02WB003,2010-04-25,697.0,
02WB003,2010-05-25,1100.0,
02WB003,2010-06-25,397.0,
02WB003,2010-07-25,391.0,
02WB003,2010-08-25,156.0,
02WB003,2010-09-25,105.0,
02WB003,2010-10-25,564.0,
02WB003,2010-11-25,288.0,
02WB003,2010-12-25,240.0,
02WB003,2011-01-25,121.0,
02WB003,2011-02-25,89.0999984741211,
02WB003,2011-03-25,106.0,
02WB003,2011-04-25,160.0,
02WB003,2011-05-25,986.0,
02WB003,2011-06-25,635.0,
02WB003,2011-07-25,349.0,
02WB003,2011-08-25,302.0,
02WB003,2011-09-25,255.0,
02WB003,2011-10-25,233.0,
02WB003,2011-11-25,273.0,
02WB003,2011-12-25,173.0,
02WB003,2012-01-25,124.0,B
02WB003,2012-02-25,92.6999969482422,B
02WB003,2012-03-25,87.69999694824219,B
02WB003,2012-04-25,210.0,B
02WB003,2012-05-25,1510.0,
02WB003,2012-06-25,211.0,
02WB003,2012-07-25,266.0,
02WB003,2012-08-25,330.0,
02WB003,2012-09-25,562.0,
02WB003,2012-10-25,855.0,
02WB003,2012-11-25,257.0,B
02WB003,2012-12-25,194.0,B
02WB003,2013-01-25,99.6999969482422,B
02WB003,2013-02-25,89.0,B
02WB003,2013-03-25,195.0,B
02WB003,2013-04-25,271.0,B
02WB003,2013-05-25,1160.0,
02WB003,2013-06-25,379.0,
02WB003,2013-07-25,138.0,
02WB003,2013-08-25,398.0,
02WB003,2013-09-25,770.0,
02WB003,2013-10-25,561.0,
02WB003,2013-11-25,340.0,
02WB003,2013-12-25,143.0,B
02WB003,2014-01-25,88.30000305175781,B
02WB003,2014-02-25,66.5,B
02WB003,2014-03-25,56.70000076293945,B
02WB003,2014-04-25,110.0,B
02WB003,2014-05-25,1510.0,
02WB003,2014-06-25,820.0,
02WB003,2014-07-25,301.0,
02WB003,2014-08-25,229.0,
02WB003,2014-09-25,344.0,
02WB003,2014-10-25,435.0,
02WB003,2014-11-25,186.0,B
02WB003,2014-12-25,123.0,B
02WB003,2015-01-25,90.6999969482422,B
02WB003,2015-02-25,73.80000305175781,B
02WB003,2015-03-25,65.5,B
02WB003,2015-04-25,90.5999984741211,B
02WB003,2015-05-25,1730.0,
02WB003,2015-06-25,496.0,
02WB003,2015-07-25,354.0,
02WB003,2015-08-25,289.0,
02WB003,2015-09-25,349.0,
02WB003,2015-10-25,213.0,
02WB003,2015-11-25,263.0,
02WB003,2015-12-25,120.0,B
02WB003,2016-01-25,95.0,B
02WB003,2016-02-25,84.5999984741211,B
02WB003,2016-03-25,82.19999694824219,B
02WB003,2016-04-25,309.0,B
02WB003,2016-05-25,1380.0,
02WB003,2016-06-25,548.0,
02WB003,2016-07-25,429.0,
02WB003,2016-08-25,832.0,
02WB003,2016-09-25,504.0,
02WB003,2016-10-25,901.0,
02WB003,2016-11-25,,
02WB003,2017-05-25,1460.0,
02WB003,2017-06-25,823.0,
02WB003,2017-07-25,340.0,
02WB003,2017-08-25,453.0,
02WB003,2017-09-25,317.0,
02WB003,2017-10-25,283.0,
02WB003,2017-11-25,,
02WB003,2018-05-25,1030.0,
02WB003,2018-06-25,835.0,
02WB003,2018-07-25,276.0,
02WB003,2018-08-25,244.0,
02WB003,2018-09-25,184.0,
02WB003,2018-10-25,303.0,
02WB003,2018-11-25,,
02WB003,2019-05-25,1770.0,
02WB003,2019-06-25,709.0,
02WB003,2019-07-25,261.0,
02WB003,2019-08-25,356.0,
02WB003,2019-09-25,247.0,
02WB003,2019-10-25,251.0,
02WB003,2019-11-25,,
02WB003,2020-05-25,944.0,
02WB003,2020-06-25,519.0,
02WB003,2020-07-25,224.0,
02WB003,2020-08-25,192.0,
02WB003,2020-09-25,233.0,
02WB003,2020-10-25,565.0,
02WB003,2020-11-25,,
02WB003,2021-04-25,1200.0,
02WB003,2021-05-25,1320.0,
02WB003,2021-06-25,630.0,
02WB003,2021-07-25,209.0,
02WB003,2021-08-25,236.0,
02WB003,2021-09-25,307.0,
02WB003,2021-10-25,614.0,
02WB003,2021-11-25,1650.0,
02WB003,2021-12-25,,
02WB003,2022-05-25,2550.0,
02WB003,2022-06-25,679.0,
02WB003,2022-07-25,786.0,
02WB003,2022-08-25,223.0,
02WB003,2022-09-25,508.0,
02WB003,2022-10-25,523.0,
02WB003,2022-11-25,,
02WB003,2023-04-25,,
02WB003,2023-05-25,790.0,
02WB003,2023-06-25,245.0,
02WB003,2023-07-25,274.0,
02WB003,2023-08-25,231.0,
02WB003,2023-09-25,972.0,
02WB003,2023-10-25,401.0,
02WB003,2023-11-25,,
02WB003,2024-04-25,664.0,
02WB003,2024-05-25,1100.0,
02WB003,2024-06-25,211.0,
02WB003,2024-07-25,195.0,
02WB003,2024-08-25,122.0,
02WB003,2024-09-25,90.5999984741211,
02WB003,1980-06-26,,
02WB003,1980-08-26,,
02WB003,1980-10-26,,
02WB003,1981-01-26,,
02WB003,1981-03-26,,
02WB003,1981-08-26,,
02WB003,1981-10-26,899.0,
02WB003,1981-11-26,268.0,
02WB003,1981-12-26,254.0,E
02WB003,1982-01-26,143.0,E
02WB003,1982-02-26,93.0,E
02WB003,1982-03-26,73.5,E
02WB003,1982-04-26,143.0,E
02WB003,1982-05-26,1150.0,
02WB003,1982-06-26,803.0,
02WB003,1982-07-26,683.0,
02WB003,1982-08-26,433.0,
02WB003,1982-09-26,282.0,
02WB003,1982-10-26,152.0,
02WB003,1982-11-26,222.0,
02WB003,1982-12-26,139.0,E
02WB003,1983-01-26,117.0,E
02WB003,1983-02-26,112.0,E
02WB003,1983-03-26,220.0,E
02WB003,1983-04-26,1200.0,
02WB003,1983-05-26,933.0,
02WB003,1983-06-26,465.0,
02WB003,1983-07-26,451.0,
02WB003,1983-08-26,456.0,
02WB003,1983-09-26,461.0,
02WB003,1983-10-26,326.0,
02WB003,1983-11-26,420.0,
02WB003,1983-12-26,198.0,E
02WB003,1984-01-26,124.0,E
02WB003,1984-02-26,89.5,E
02WB003,1984-03-26,152.0,E
02WB003,1984-04-26,315.0,E
02WB003,1984-05-26,1520.0,
02WB003,1984-06-26,753.0,
02WB003,1984-07-26,385.0,
02WB003,1984-08-26,177.0,
02WB003,1984-09-26,381.0,
02WB003,1984-10-26,182.0,
02WB003,1984-11-26,130.0,E
02WB003,1984-12-26,114.0,E
02WB003,1985-01-26,73.5,E
02WB003,1985-02-26,59.20000076293945,E
02WB003,1985-03-26,55.79999923706055,E
02WB003,1985-04-26,119.0,E
02WB003,1985-05-26,1460.0,
02WB003,1985-06-26,574.0,
02WB003,1985-07-26,610.0,
02WB003,1985-08-26,373.0,
02WB003,1985-09-26,234.0,
02WB003,1985-10-26,301.0,
02WB003,1985-11-26,144.0,E
02WB003,1985-12-26,90.5,E
02WB003,1986-01-26,78.0,E
02WB003,1986-02-26,84.5,E
02WB003,1986-03-26,62.0,E
02WB003,1986-04-26,652.0,
02WB003,1986-05-26,620.0,
02WB003,1986-06-26,373.0,
02WB003,1986-07-26,364.0,
02WB003,1986-08-26,205.0,
02WB003,1986-09-26,322.0,
02WB003,1986-10-26,286.0,
02WB003,1986-11-26,127.0,E
02WB003,1986-12-26,75.5,E
02WB003,1987-01-26,57.5,E
02WB003,1987-02-26,51.20000076293945,E
02WB003,1987-03-26,55.0,E
02WB003,1987-04-26,834.0,
02WB003,1987-05-26,560.0,E
02WB003,1987-06-26,347.0,E
02WB003,1987-07-26,175.0,
02WB003,1987-08-26,335.0,
02WB003,1987-09-26,367.0,
02WB003,1987-10-26,367.0,
02WB003,1987-11-26,309.0,E
02WB003,1987-12-26,156.0,E
02WB003,1988-01-26,105.0,E
02WB003,1988-02-26,79.19999694824219,E
02WB003,1988-03-26,83.0,E
02WB003,1988-04-26,188.0,E
02WB003,1988-05-26,1430.0,
02WB003,1988-06-26,765.0,
02WB003,1988-07-26,256.0,
02WB003,1988-08-26,111.0,
02WB003,1988-09-26,193.0,
02WB003,1988-10-26,776.0,
02WB003,1988-11-26,209.0,
02WB003,1988-12-26,133.0,E
02WB003,1989-01-26,80.4000015258789,E
02WB003,1989-02-26,57.09999847412109,E
02WB003,1989-03-26,50.400001525878906,E
02WB003,1989-04-26,92.4000015258789,E
02WB003,1989-05-26,1200.0,
02WB003,1989-06-26,312.0,
02WB003,1989-07-26,271.0,
02WB003,1989-08-26,655.0,
02WB003,1989-09-26,410.0,
02WB003,1989-10-26,410.0,
02WB003,1989-11-26,240.0,E
02WB003,1989-12-26,119.0,E
02WB003,1990-01-26,80.5999984741211,E
02WB003,1990-02-26,62.29999923706055,
02WB003,1990-03-26,65.19999694824219,E
02WB003,1990-04-26,92.6999969482422,E
02WB003,1990-05-26,1090.0,
02WB003,1990-06-26,348.0,
02WB003,1990-07-26,351.0,
02WB003,1990-08-26,234.0,
02WB003,1990-09-26,296.0,
02WB003,1990-10-26,333.0,
02WB003,1990-11-26,269.0,
02WB003,1990-12-26,127.0,E
02WB003,1991-01-26,91.0999984741211,E
02WB003,1991-02-26,65.0,
02WB003,1991-03-26,65.5,E
02WB003,1991-04-26,77.5999984741211,E
02WB003,1991-05-26,1060.0,
02WB003,1991-06-26,596.0,
02WB003,1991-07-26,414.0,
02WB003,1991-08-26,250.0,
02WB003,1991-09-26,126.0,
02WB003,1991-10-26,368.0,
02WB003,1991-11-26,171.0,
02WB003,1991-12-26,83.9000015258789,
02WB003,1992-01-26,82.9000015258789,E
02WB003,1992-02-26,56.70000076293945,E
02WB003,1992-03-26,45.400001525878906,E
02WB003,1992-04-26,75.19999694824219,E
02WB003,1992-05-26,1010.0,
02WB003,1992-06-26,383.0,
02WB003,1992-07-26,361.0,
02WB003,1992-08-26,305.0,
02WB003,1992-09-26,343.0,
02WB003,1992-10-26,449.0,
02WB003,1992-11-26,179.0,
02WB003,1992-12-26,84.0,E
02WB003,1993-01-26,57.5,E
02WB003,1993-02-26,48.79999923706055,
02WB003,1993-03-26,46.20000076293945,E
02WB003,1993-04-26,181.0,E
02WB003,1993-05-26,1380.0,
02WB003,1993-06-26,264.0,
02WB003,1993-07-26,403.0,
02WB003,1993-08-26,239.0,
02WB003,1993-09-26,336.0,
02WB003,1993-10-26,614.0,
02WB003,1993-11-26,172.0,
02WB003,1993-12-26,121.0,E
02WB003,1994-01-26,98.3000030517578,E
02WB003,1994-02-26,80.19999694824219,
02WB003,1994-03-26,77.30000305175781,E
02WB003,1994-04-26,120.0,E
02WB003,1994-05-26,1260.0,
02WB003,1994-06-26,642.0,
02WB003,1994-07-26,639.0,
02WB003,1994-08-26,411.0,
02WB003,1994-09-26,350.0,
02WB003,1994-10-26,356.0,
02WB003,1994-11-26,252.0,
02WB003,1994-12-26,120.0,E
02WB003,1995-01-26,94.9000015258789,E
02WB003,1995-02-26,78.9000015258789,
02WB003,1995-03-26,83.30000305175781,E
02WB003,1995-04-26,203.0,E
02WB003,1995-05-26,1420.0,
02WB003,1995-06-26,383.0,
02WB003,1995-07-26,282.0,
02WB003,1995-08-26,142.0,
02WB003,1995-09-26,307.0,
02WB003,1995-10-26,274.0,
02WB003,1995-11-26,391.0,
02WB003,1995-12-26,151.0,E
02WB003,1996-01-26,111.0,E
02WB003,1996-02-26,223.0,E
02WB003,1996-03-26,143.0,E
02WB003,1996-04-26,400.0,
02WB003,1996-05-26,1140.0,
02WB003,1996-06-26,452.0,
02WB003,1996-07-26,872.0,
02WB003,1996-08-26,224.0,
02WB003,1996-09-26,172.0,
02WB003,1996-10-26,258.0,
02WB003,1996-11-26,291.0,
02WB003,1996-12-26,166.0,E
02WB003,1997-01-26,125.0,E
02WB003,1997-02-26,107.0,
02WB003,1997-03-26,100.0,E
02WB003,1997-04-26,138.0,E
02WB003,1997-05-26,1380.0,
02WB003,1997-06-26,796.0,
02WB003,1997-07-26,369.0,
02WB003,1997-08-26,274.0,
02WB003,1997-09-26,442.0,
02WB003,1997-10-26,275.0,
02WB003,1997-11-26,166.0,
02WB003,1997-12-26,117.0,E
02WB003,1998-01-26,92.1999969482422,E
02WB003,1998-02-26,89.9000015258789,
02WB003,1998-03-26,170.0,E
02WB003,1998-04-26,358.0,E
02WB003,1998-05-26,1250.0,
02WB003,1998-06-26,382.0,
02WB003,1998-07-26,305.0,
02WB003,1998-08-26,193.0,
02WB003,1998-09-26,452.0,
02WB003,1998-10-26,399.0,
02WB003,1998-11-26,227.0,
02WB003,1998-12-26,136.0,B
02WB003,1999-01-26,96.5999984741211,B
02WB003,1999-02-26,80.80000305175781,
02WB003,1999-03-26,152.0,B
02WB003,1999-04-26,306.0,E
02WB003,1999-05-26,1360.0,
02WB003,1999-06-26,289.0,
02WB003,1999-07-26,215.0,
02WB003,1999-08-26,280.0,
02WB003,1999-09-26,1170.0,
02WB003,1999-10-26,454.0,
02WB003,1999-11-26,282.0,
02WB003,1999-12-26,185.0,
02WB003,2000-01-26,123.0,E
02WB003,2000-02-26,98.5999984741211,E
02WB003,2000-03-26,90.5999984741211,E
02WB003,2000-04-26,254.0,B
02WB003,2000-05-26,1680.0,
02WB003,2000-06-26,597.0,
02WB003,2000-07-26,591.0,
02WB003,2000-08-26,252.0,
02WB003,2000-09-26,249.0,
02WB003,2000-10-26,244.0,
02WB003,2000-11-26,134.0,
02WB003,2000-12-26,105.0,B
02WB003,2001-01-26,89.30000305175781,B
02WB003,2001-02-26,79.9000015258789,
02WB003,2001-03-26,75.5,B
02WB003,2001-04-26,82.30000305175781,B
02WB003,2001-05-26,895.0,
02WB003,2001-06-26,503.0,
02WB003,2001-07-26,498.0,
02WB003,2001-08-26,230.0,
02WB003,2001-09-26,290.0,
02WB003,2001-10-26,393.0,
02WB003,2001-11-26,282.0,
02WB003,2001-12-26,143.0,
02WB003,2002-01-26,90.0999984741211,
02WB003,2002-02-26,102.0,
02WB003,2002-03-26,137.0,
02WB003,2002-04-26,184.0,
02WB003,2002-05-26,1170.0,
02WB003,2002-06-26,533.0,
02WB003,2002-07-26,347.0,
02WB003,2002-08-26,331.0,
02WB003,2002-09-26,359.0,
02WB003,2002-10-26,514.0,
02WB003,2002-11-26,291.0,
02WB003,2002-12-26,165.0,
02WB003,2003-01-26,97.0999984741211,
02WB003,2003-02-26,80.5,
02WB003,2003-03-26,71.19999694824219,
02WB003,2003-04-26,197.0,
02WB003,2003-05-26,1700.0,
02WB003,2003-06-26,360.0,
02WB003,2003-07-26,303.0,
02WB003,2003-08-26,195.0,
02WB003,2003-09-26,115.0,
02WB003,2003-10-26,345.0,
02WB003,2003-11-26,705.0,
02WB003,2003-12-26,157.0,
02WB003,2004-01-26,111.0,
02WB003,2004-02-26,89.30000305175781,
02WB003,2004-03-26,77.5,
02WB003,2004-04-26,187.0,
02WB003,2004-05-26,1350.0,
02WB003,2004-06-26,650.0,
02WB003,2004-07-26,278.0,
02WB003,2004-08-26,203.0,
02WB003,2004-09-26,137.0,
02WB003,2004-10-26,293.0,
02WB003,2004-11-26,174.0,
02WB003,2004-12-26,210.0,
02WB003,2005-01-26,114.0,
02WB003,2005-02-26,106.0,
02WB003,2005-03-26,103.0,
02WB003,2005-04-26,171.0,
02WB003,2005-05-26,1430.0,
02WB003,2005-06-26,229.0,
02WB003,2005-07-26,173.0,
02WB003,2005-08-26,372.0,
02WB003,2005-09-26,342.0,
02WB003,2005-10-26,367.0,
02WB003,2005-11-26,1380.0,
02WB003,2005-12-26,172.0,
02WB003,2006-01-26,199.0,
02WB003,2006-02-26,105.0,
02WB003,2006-03-26,125.0,
02WB003,2006-04-26,751.0,
02WB003,2006-05-26,928.0,
02WB003,2006-06-26,296.0,
02WB003,2006-07-26,182.0,
02WB003,2006-08-26,293.0,
02WB003,2006-09-26,246.0,
02WB003,2006-10-26,377.0,
02WB003,2006-11-26,417.0,
02WB003,2006-12-26,140.0,
02WB003,2007-01-26,109.0,
02WB003,2007-02-26,96.9000015258789,
02WB003,2007-03-26,95.0999984741211,
02WB003,2007-04-26,200.0,
02WB003,2007-05-26,954.0,
02WB003,2007-06-26,795.0,
02WB003,2007-07-26,349.0,
02WB003,2007-08-26,105.0,
02WB003,2007-09-26,282.0,
02WB003,2007-10-26,302.0,
02WB003,2007-11-26,395.0,
02WB003,2007-12-26,149.0,
02WB003,2008-01-26,99.6999969482422,
02WB003,2008-02-26,78.30000305175781,
02WB003,2008-03-26,69.0999984741211,
02WB003,2008-04-26,222.0,
02WB003,2008-05-26,1050.0,
02WB003,2008-06-26,382.0,
02WB003,2008-07-26,297.0,
02WB003,2008-08-26,425.0,
02WB003,2008-09-26,338.0,
02WB003,2008-10-26,193.0,
02WB003,2008-11-26,450.0,
02WB003,2008-12-26,151.0,
02WB003,2009-01-26,113.0,
02WB003,2009-02-26,99.8000030517578,
02WB003,2009-03-26,96.1999969482422,
02WB003,2009-04-26,335.0,
02WB003,2009-05-26,1040.0,
02WB003,2009-06-26,437.0,
02WB003,2009-07-26,451.0,
02WB003,2009-08-26,142.0,
02WB003,2009-09-26,388.0,
02WB003,2009-10-26,313.0,
02WB003,2009-11-26,198.0,
02WB003,2009-12-26,146.0,
02WB003,2010-01-26,106.0,
02WB003,2010-02-26,95.0,
02WB003,2010-03-26,81.30000305175781,
02WB003,2010-04-26,707.0,
02WB003,2010-05-26,1100.0,
02WB003,2010-06-26,432.0,
02WB003,2010-07-26,405.0,
02WB003,2010-08-26,153.0,
02WB003,2010-09-26,99.1999969482422,
02WB003,2010-10-26,541.0,
02WB003,2010-11-26,311.0,
02WB003,2010-12-26,207.0,
02WB003,2011-01-26,119.0,
02WB003,2011-02-26,88.5999984741211,
02WB003,2011-03-26,104.0,
02WB003,2011-04-26,177.0,
02WB003,2011-05-26,1040.0,
02WB003,2011-06-26,589.0,
02WB003,2011-07-26,326.0,
02WB003,2011-08-26,286.0,
02WB003,2011-09-26,242.0,
02WB003,2011-10-26,237.0,
02WB003,2011-11-26,259.0,
02WB003,2011-12-26,172.0,
02WB003,2012-01-26,122.0,B
02WB003,2012-02-26,92.0,B
02WB003,2012-03-26,88.5999984741211,B
02WB003,2012-04-26,300.0,B
02WB003,2012-05-26,1380.0,
02WB003,2012-06-26,209.0,
02WB003,2012-07-26,257.0,
02WB003,2012-08-26,318.0,
02WB003,2012-09-26,520.0,
02WB003,2012-10-26,770.0,
02WB003,2012-11-26,247.0,B
02WB003,2012-12-26,185.0,B
02WB003,2013-01-26,98.8000030517578,B
02WB003,2013-02-26,88.69999694824219,B
02WB003,2013-03-26,196.0,B
02WB003,2013-04-26,399.0,B
02WB003,2013-05-26,1210.0,
02WB003,2013-06-26,358.0,
02WB003,2013-07-26,135.0,
02WB003,2013-08-26,367.0,
02WB003,2013-09-26,848.0,
02WB003,2013-10-26,529.0,
02WB003,2013-11-26,282.0,
02WB003,2013-12-26,140.0,B
02WB003,2014-01-26,87.30000305175781,B
02WB003,2014-02-26,66.0,B
02WB003,2014-03-26,56.5,B
02WB003,2014-04-26,119.0,B
02WB003,2014-05-26,1350.0,
02WB003,2014-06-26,762.0,
02WB003,2014-07-26,284.0,
02WB003,2014-08-26,213.0,
02WB003,2014-09-26,349.0,
02WB003,2014-10-26,403.0,
02WB003,2014-11-26,183.0,B
02WB003,2014-12-26,122.0,B
02WB003,2015-01-26,90.0,B
02WB003,2015-02-26,73.5,B
02WB003,2015-03-26,65.30000305175781,B
02WB003,2015-04-26,122.0,B
02WB003,2015-05-26,1710.0,
02WB003,2015-06-26,483.0,
02WB003,2015-07-26,340.0,
02WB003,2015-08-26,275.0,
02WB003,2015-09-26,327.0,
02WB003,2015-10-26,216.0,
02WB003,2015-11-26,210.0,B
02WB003,2015-12-26,132.0,B
02WB003,2016-01-26,93.9000015258789,B
02WB003,2016-02-26,86.30000305175781,B
02WB003,2016-03-26,81.9000015258789,B
02WB003,2016-04-26,291.0,B
02WB003,2016-05-26,1340.0,
02WB003,2016-06-26,529.0,
02WB003,2016-07-26,423.0,
02WB003,2016-08-26,736.0,
02WB003,2016-09-26,463.0,
02WB003,2016-10-26,918.0,
02WB003,2016-11-26,,
02WB003,2017-05-26,1380.0,
02WB003,2017-06-26,828.0,
02WB003,2017-07-26,315.0,
02WB003,2017-08-26,466.0,
02WB003,2017-09-26,321.0,
02WB003,2017-10-26,276.0,
02WB003,2017-11-26,,
02WB003,2018-05-26,1020.0,
02WB003,2018-06-26,768.0,
02WB003,2018-07-26,280.0,
02WB003,2018-08-26,236.0,
02WB003,2018-09-26,186.0,
02WB003,2018-10-26,310.0,
02WB003,2018-11-26,,
02WB003,2019-05-26,1930.0,
02WB003,2019-06-26,699.0,
02WB003,2019-07-26,249.0,
02WB003,2019-08-26,401.0,
02WB003,2019-09-26,240.0,
02WB003,2019-10-26,266.0,
02WB003,2019-11-26,,
02WB003,2020-05-26,957.0,
02WB003,2020-06-26,491.0,
02WB003,2020-07-26,218.0,
02WB003,2020-08-26,190.0,
02WB003,2020-09-26,233.0,
02WB003,2020-10-26,543.0,
02WB003,2020-11-26,,
02WB003,2021-04-26,1120.0,
02WB003,2021-05-26,1210.0,
02WB003,2021-06-26,629.0,
02WB003,2021-07-26,203.0,
02WB003,2021-08-26,235.0,
02WB003,2021-09-26,320.0,
02WB003,2021-10-26,582.0,
02WB003,2021-11-26,1320.0,
02WB003,2021-12-26,,
02WB003,2022-05-26,2340.0,
02WB003,2022-06-26,670.0,
02WB003,2022-07-26,716.0,
02WB003,2022-08-26,237.0,
02WB003,2022-09-26,680.0,
02WB003,2022-10-26,473.0,
02WB003,2022-11-26,,
02WB003,2023-04-26,,
02WB003,2023-05-26,738.0,
02WB003,2023-06-26,233.0,
02WB003,2023-07-26,265.0,
02WB003,2023-08-26,238.0,
02WB003,2023-09-26,847.0,
02WB003,2023-10-26,379.0,
02WB003,2023-11-26,,
02WB003,2024-04-26,619.0,
02WB003,2024-05-26,1160.0,
02WB003,2024-06-26,206.0,
02WB003,2024-07-26,192.0,
02WB003,2024-08-26,118.0,
02WB003,2024-09-26,91.4000015258789,
02WB003,1980-06-27,,
02WB003,1980-08-27,,
02WB003,1980-10-27,,
02WB003,1981-01-27,,
02WB003,1981-03-27,,
02WB003,1981-08-27,,
02WB003,1981-10-27,870.0,
02WB003,1981-11-27,250.0,E
02WB003,1981-12-27,248.0,E
02WB003,1982-01-27,140.0,E
02WB003,1982-02-27,92.5,E
02WB003,1982-03-27,74.0,E
02WB003,1982-04-27,160.0,E
02WB003,1982-05-27,1390.0,
02WB003,1982-06-27,764.0,
02WB003,1982-07-27,620.0,
02WB003,1982-08-27,454.0,
02WB003,1982-09-27,296.0,
02WB003,1982-10-27,157.0,
02WB003,1982-11-27,199.0,
02WB003,1982-12-27,138.0,E
02WB003,1983-01-27,115.0,E
02WB003,1983-02-27,109.0,E
02WB003,1983-03-27,226.0,E
02WB003,1983-04-27,1330.0,
02WB003,1983-05-27,886.0,
02WB003,1983-06-27,444.0,
02WB003,1983-07-27,424.0,
02WB003,1983-08-27,451.0,
02WB003,1983-09-27,432.0,
02WB003,1983-10-27,314.0,
02WB003,1983-11-27,427.0,
02WB003,1983-12-27,195.0,E
02WB003,1984-01-27,123.0,E
02WB003,1984-02-27,89.0,E
02WB003,1984-03-27,152.0,E
02WB003,1984-04-27,340.0,E
02WB003,1984-05-27,1500.0,
02WB003,1984-06-27,687.0,
02WB003,1984-07-27,418.0,
02WB003,1984-08-27,167.0,
02WB003,1984-09-27,404.0,
02WB003,1984-10-27,172.0,
02WB003,1984-11-27,131.0,E
02WB003,1984-12-27,112.0,E
02WB003,1985-01-27,73.0,E
02WB003,1985-02-27,59.0,E
02WB003,1985-03-27,55.70000076293945,E
02WB003,1985-04-27,128.0,E
02WB003,1985-05-27,1420.0,
02WB003,1985-06-27,531.0,
02WB003,1985-07-27,600.0,
02WB003,1985-08-27,350.0,
02WB003,1985-09-27,229.0,
02WB003,1985-10-27,295.0,
02WB003,1985-11-27,138.0,E
02WB003,1985-12-27,93.0,E
02WB003,1986-01-27,78.0,E
02WB003,1986-02-27,83.0,E
02WB003,1986-03-27,62.0,E
02WB003,1986-04-27,768.0,
02WB003,1986-05-27,562.0,
02WB003,1986-06-27,432.0,
02WB003,1986-07-27,361.0,
02WB003,1986-08-27,218.0,
02WB003,1986-09-27,314.0,
02WB003,1986-10-27,246.0,
02WB003,1986-11-27,126.0,E
02WB003,1986-12-27,74.5,E
02WB003,1987-01-27,57.20000076293945,E
02WB003,1987-02-27,51.09999847412109,E
02WB003,1987-03-27,56.5,E
02WB003,1987-04-27,765.0,
02WB003,1987-05-27,545.0,E
02WB003,1987-06-27,335.0,E
02WB003,1987-07-27,175.0,
02WB003,1987-08-27,314.0,
02WB003,1987-09-27,366.0,
02WB003,1987-10-27,375.0,
02WB003,1987-11-27,278.0,E
02WB003,1987-12-27,154.0,E
02WB003,1988-01-27,105.0,E
02WB003,1988-02-27,79.0,E
02WB003,1988-03-27,89.0,E
02WB003,1988-04-27,192.0,E
02WB003,1988-05-27,1390.0,
02WB003,1988-06-27,759.0,
02WB003,1988-07-27,243.0,
02WB003,1988-08-27,130.0,
02WB003,1988-09-27,208.0,
02WB003,1988-10-27,858.0,
02WB003,1988-11-27,240.0,
02WB003,1988-12-27,130.0,E
02WB003,1989-01-27,79.5,E
02WB003,1989-02-27,56.400001525878906,E
02WB003,1989-03-27,50.400001525878906,E
02WB003,1989-04-27,93.1999969482422,E
02WB003,1989-05-27,1220.0,
02WB003,1989-06-27,302.0,
02WB003,1989-07-27,257.0,
02WB003,1989-08-27,743.0,
02WB003,1989-09-27,434.0,
02WB003,1989-10-27,403.0,
02WB003,1989-11-27,234.0,E
02WB003,1989-12-27,116.0,E
02WB003,1990-01-27,80.5,E
02WB003,1990-02-27,62.20000076293945,
02WB003,1990-03-27,65.80000305175781,E
02WB003,1990-04-27,94.8000030517578,E
02WB003,1990-05-27,1080.0,
02WB003,1990-06-27,338.0,
02WB003,1990-07-27,337.0,
02WB003,1990-08-27,221.0,
02WB003,1990-09-27,295.0,
02WB003,1990-10-27,320.0,
02WB003,1990-11-27,215.0,
02WB003,1990-12-27,126.0,E
02WB003,1991-01-27,89.30000305175781,E
02WB003,1991-02-27,64.19999694824219,
02WB003,1991-03-27,65.19999694824219,E
02WB003,1991-04-27,84.30000305175781,E
02WB003,1991-05-27,1120.0,
02WB003,1991-06-27,557.0,
02WB003,1991-07-27,398.0,
02WB003,1991-08-27,247.0,
02WB003,1991-09-27,179.0,
02WB003,1991-10-27,371.0,
02WB003,1991-11-27,161.0,
02WB003,1991-12-27,83.0999984741211,
02WB003,1992-01-27,80.5,E
02WB003,1992-02-27,56.20000076293945,E
02WB003,1992-03-27,45.20000076293945,E
02WB003,1992-04-27,77.9000015258789,E
02WB003,1992-05-27,938.0,
02WB003,1992-06-27,408.0,
02WB003,1992-07-27,350.0,
02WB003,1992-08-27,302.0,
02WB003,1992-09-27,338.0,
02WB003,1992-10-27,455.0,
02WB003,1992-11-27,174.0,
02WB003,1992-12-27,82.4000015258789,E
02WB003,1993-01-27,57.09999847412109,E
02WB003,1993-02-27,48.400001525878906,
02WB003,1993-03-27,46.20000076293945,E
02WB003,1993-04-27,179.0,E
02WB003,1993-05-27,1290.0,
02WB003,1993-06-27,258.0,
02WB003,1993-07-27,389.0,
02WB003,1993-08-27,230.0,
02WB003,1993-09-27,339.0,
02WB003,1993-10-27,556.0,
02WB003,1993-11-27,167.0,
02WB003,1993-12-27,120.0,E
02WB003,1994-01-27,97.3000030517578,E
02WB003,1994-02-27,79.80000305175781,
02WB003,1994-03-27,76.80000305175781,E
02WB003,1994-04-27,121.0,E
02WB003,1994-05-27,1180.0,
02WB003,1994-06-27,625.0,
02WB003,1994-07-27,680.0,
02WB003,1994-08-27,393.0,
02WB003,1994-09-27,334.0,
02WB003,1994-10-27,364.0,
02WB003,1994-11-27,216.0,
02WB003,1994-12-27,119.0,E
02WB003,1995-01-27,94.0999984741211,E
02WB003,1995-02-27,78.30000305175781,
02WB003,1995-03-27,83.9000015258789,E
02WB003,1995-04-27,219.0,E
02WB003,1995-05-27,1380.0,
02WB003,1995-06-27,368.0,
02WB003,1995-07-27,273.0,
02WB003,1995-08-27,135.0,
02WB003,1995-09-27,297.0,
02WB003,1995-10-27,269.0,
02WB003,1995-11-27,332.0,
02WB003,1995-12-27,150.0,E
02WB003,1996-01-27,123.0,E
02WB003,1996-02-27,250.0,E
02WB003,1996-03-27,141.0,E
02WB003,1996-04-27,478.0,
02WB003,1996-05-27,1070.0,
02WB003,1996-06-27,452.0,
02WB003,1996-07-27,789.0,
02WB003,1996-08-27,216.0,
02WB003,1996-09-27,169.0,
02WB003,1996-10-27,260.0,
02WB003,1996-11-27,267.0,
02WB003,1996-12-27,164.0,E
02WB003,1997-01-27,124.0,E
02WB003,1997-02-27,107.0,
02WB003,1997-03-27,99.8000030517578,E
02WB003,1997-04-27,143.0,E
02WB003,1997-05-27,1290.0,
02WB003,1997-06-27,742.0,
02WB003,1997-07-27,351.0,
02WB003,1997-08-27,296.0,
02WB003,1997-09-27,436.0,
02WB003,1997-10-27,268.0,
02WB003,1997-11-27,163.0,
02WB003,1997-12-27,116.0,E
02WB003,1998-01-27,91.9000015258789,E
02WB003,1998-02-27,91.5,
02WB003,1998-03-27,167.0,E
02WB003,1998-04-27,361.0,E
02WB003,1998-05-27,1180.0,
02WB003,1998-06-27,356.0,
02WB003,1998-07-27,291.0,
02WB003,1998-08-27,184.0,
02WB003,1998-09-27,432.0,
02WB003,1998-10-27,381.0,
02WB003,1998-11-27,222.0,
02WB003,1998-12-27,135.0,B
02WB003,1999-01-27,95.6999969482422,B
02WB003,1999-02-27,80.5,
02WB003,1999-03-27,152.0,B
02WB003,1999-04-27,315.0,E
02WB003,1999-05-27,1270.0,
02WB003,1999-06-27,290.0,
02WB003,1999-07-27,206.0,
02WB003,1999-08-27,277.0,
02WB003,1999-09-27,953.0,
02WB003,1999-10-27,445.0,
02WB003,1999-11-27,283.0,
02WB003,1999-12-27,182.0,
02WB003,2000-01-27,122.0,E
02WB003,2000-02-27,98.5,E
02WB003,2000-03-27,90.4000015258789,E
02WB003,2000-04-27,252.0,B
02WB003,2000-05-27,1720.0,
02WB003,2000-06-27,580.0,
02WB003,2000-07-27,558.0,
02WB003,2000-08-27,257.0,
02WB003,2000-09-27,260.0,
02WB003,2000-10-27,235.0,
02WB003,2000-11-27,133.0,
02WB003,2000-12-27,104.0,B
02WB003,2001-01-27,89.0,B
02WB003,2001-02-27,79.5999984741211,
02WB003,2001-03-27,75.5,B
02WB003,2001-04-27,88.19999694824219,B
02WB003,2001-05-27,838.0,
02WB003,2001-06-27,480.0,
02WB003,2001-07-27,481.0,
02WB003,2001-08-27,219.0,
02WB003,2001-09-27,289.0,
02WB003,2001-10-27,394.0,
02WB003,2001-11-27,275.0,
02WB003,2001-12-27,140.0,
02WB003,2002-01-27,88.0999984741211,
02WB003,2002-02-27,106.0,
02WB003,2002-03-27,137.0,
02WB003,2002-04-27,189.0,
02WB003,2002-05-27,1170.0,
02WB003,2002-06-27,524.0,
02WB003,2002-07-27,328.0,
02WB003,2002-08-27,321.0,
02WB003,2002-09-27,340.0,
02WB003,2002-10-27,482.0,
02WB003,2002-11-27,288.0,
02WB003,2002-12-27,152.0,
02WB003,2003-01-27,96.5,
02WB003,2003-02-27,80.0999984741211,
02WB003,2003-03-27,71.0,
02WB003,2003-04-27,236.0,
02WB003,2003-05-27,1590.0,
02WB003,2003-06-27,343.0,
02WB003,2003-07-27,307.0,
02WB003,2003-08-27,194.0,
02WB003,2003-09-27,114.0,
02WB003,2003-10-27,353.0,
02WB003,2003-11-27,635.0,
02WB003,2003-12-27,155.0,
02WB003,2004-01-27,110.0,
02WB003,2004-02-27,88.80000305175781,
02WB003,2004-03-27,77.19999694824219,
02WB003,2004-04-27,196.0,
02WB003,2004-05-27,1300.0,
02WB003,2004-06-27,615.0,
02WB003,2004-07-27,273.0,
02WB003,2004-08-27,210.0,
02WB003,2004-09-27,137.0,
02WB003,2004-10-27,281.0,
02WB003,2004-11-27,198.0,
02WB003,2004-12-27,214.0,
02WB003,2005-01-27,113.0,
02WB003,2005-02-27,105.0,
02WB003,2005-03-27,102.0,
02WB003,2005-04-27,168.0,
02WB003,2005-05-27,1340.0,
02WB003,2005-06-27,223.0,
02WB003,2005-07-27,170.0,
02WB003,2005-08-27,340.0,
02WB003,2005-09-27,335.0,
02WB003,2005-10-27,348.0,
02WB003,2005-11-27,1290.0,
02WB003,2005-12-27,168.0,
02WB003,2006-01-27,191.0,
02WB003,2006-02-27,104.0,
02WB003,2006-03-27,125.0,
02WB003,2006-04-27,766.0,
02WB003,2006-05-27,871.0,
02WB003,2006-06-27,277.0,
02WB003,2006-07-27,174.0,
02WB003,2006-08-27,276.0,
02WB003,2006-09-27,256.0,
02WB003,2006-10-27,402.0,
02WB003,2006-11-27,375.0,
02WB003,2006-12-27,139.0,
02WB003,2007-01-27,108.0,
02WB003,2007-02-27,96.6999969482422,
02WB003,2007-03-27,98.5,
02WB003,2007-04-27,216.0,
02WB003,2007-05-27,1160.0,
02WB003,2007-06-27,787.0,
02WB003,2007-07-27,323.0,
02WB003,2007-08-27,106.0,
02WB003,2007-09-27,275.0,
02WB003,2007-10-27,319.0,
02WB003,2007-11-27,377.0,
02WB003,2007-12-27,146.0,
02WB003,2008-01-27,98.8000030517578,
02WB003,2008-02-27,77.9000015258789,
02WB003,2008-03-27,68.9000015258789,
02WB003,2008-04-27,257.0,
02WB003,2008-05-27,969.0,
02WB003,2008-06-27,397.0,
02WB003,2008-07-27,279.0,
02WB003,2008-08-27,391.0,
02WB003,2008-09-27,316.0,
02WB003,2008-10-27,202.0,
02WB003,2008-11-27,408.0,
02WB003,2008-12-27,149.0,
02WB003,2009-01-27,112.0,
02WB003,2009-02-27,99.5999984741211,
02WB003,2009-03-27,96.0999984741211,
02WB003,2009-04-27,402.0,
02WB003,2009-05-27,961.0,
02WB003,2009-06-27,425.0,
02WB003,2009-07-27,393.0,
02WB003,2009-08-27,144.0,
02WB003,2009-09-27,373.0,
02WB003,2009-10-27,308.0,
02WB003,2009-11-27,221.0,
02WB003,2009-12-27,144.0,
02WB003,2010-01-27,109.0,
02WB003,2010-02-27,95.5,
02WB003,2010-03-27,81.19999694824219,
02WB003,2010-04-27,699.0,
02WB003,2010-05-27,1070.0,
02WB003,2010-06-27,515.0,
02WB003,2010-07-27,464.0,
02WB003,2010-08-27,167.0,
02WB003,2010-09-27,93.4000015258789,
02WB003,2010-10-27,506.0,
02WB003,2010-11-27,327.0,
02WB003,2010-12-27,180.0,
02WB003,2011-01-27,117.0,
02WB003,2011-02-27,88.0999984741211,
02WB003,2011-03-27,102.0,
02WB003,2011-04-27,196.0,
02WB003,2011-05-27,1090.0,
02WB003,2011-06-27,555.0,
02WB003,2011-07-27,307.0,
02WB003,2011-08-27,256.0,
02WB003,2011-09-27,228.0,
02WB003,2011-10-27,249.0,
02WB003,2011-11-27,245.0,
02WB003,2011-12-27,171.0,
02WB003,2012-01-27,121.0,B
02WB003,2012-02-27,91.3000030517578,B
02WB003,2012-03-27,89.0999984741211,B
02WB003,2012-04-27,468.0,B
02WB003,2012-05-27,1260.0,
02WB003,2012-06-27,222.0,
02WB003,2012-07-27,267.0,
02WB003,2012-08-27,296.0,
02WB003,2012-09-27,474.0,
02WB003,2012-10-27,699.0,
02WB003,2012-11-27,248.0,
02WB003,2012-12-27,177.0,B
02WB003,2013-01-27,97.9000015258789,B
02WB003,2013-02-27,88.4000015258789,B
02WB003,2013-03-27,199.0,B
02WB003,2013-04-27,487.0,
02WB003,2013-05-27,1260.0,
02WB003,2013-06-27,337.0,
02WB003,2013-07-27,190.0,
02WB003,2013-08-27,341.0,
02WB003,2013-09-27,788.0,
02WB003,2013-10-27,490.0,
02WB003,2013-11-27,249.0,
02WB003,2013-12-27,137.0,B
02WB003,2014-01-27,86.30000305175781,B
02WB003,2014-02-27,65.5999984741211,B
02WB003,2014-03-27,56.29999923706055,B
02WB003,2014-04-27,128.0,B
02WB003,2014-05-27,1220.0,
02WB003,2014-06-27,706.0,
02WB003,2014-07-27,267.0,
02WB003,2014-08-27,200.0,
02WB003,2014-09-27,344.0,
02WB003,2014-10-27,394.0,
02WB003,2014-11-27,180.0,B
02WB003,2014-12-27,120.0,B
02WB003,2015-01-27,89.30000305175781,B
02WB003,2015-02-27,73.0999984741211,B
02WB003,2015-03-27,65.0999984741211,B
02WB003,2015-04-27,162.0,B
02WB003,2015-05-27,1630.0,
02WB003,2015-06-27,464.0,
02WB003,2015-07-27,323.0,
02WB003,2015-08-27,266.0,
02WB003,2015-09-27,307.0,
02WB003,2015-10-27,229.0,
02WB003,2015-11-27,187.0,B
02WB003,2015-12-27,120.0,B
02WB003,2016-01-27,92.6999969482422,B
02WB003,2016-02-27,88.0,B
02WB003,2016-03-27,81.69999694824219,B
02WB003,2016-04-27,279.0,B
02WB003,2016-05-27,1260.0,
02WB003,2016-06-27,504.0,
02WB003,2016-07-27,412.0,
02WB003,2016-08-27,653.0,
02WB003,2016-09-27,428.0,
02WB003,2016-10-27,823.0,
02WB003,2016-11-27,,
02WB003,2017-05-27,1300.0,
02WB003,2017-06-27,788.0,
02WB003,2017-07-27,292.0,
02WB003,2017-08-27,453.0,
02WB003,2017-09-27,350.0,
02WB003,2017-10-27,284.0,
02WB003,2017-11-27,,
02WB003,2018-05-27,1000.0,
02WB003,2018-06-27,709.0,
02WB003,2018-07-27,278.0,
02WB003,2018-08-27,226.0,
02WB003,2018-09-27,200.0,
02WB003,2018-10-27,306.0,
02WB003,2018-11-27,,
02WB003,2019-05-27,2070.0,
02WB003,2019-06-27,676.0,
02WB003,2019-07-27,235.0,
02WB003,2019-08-27,391.0,
02WB003,2019-09-27,249.0,
02WB003,2019-10-27,274.0,
02WB003,2019-11-27,,
02WB003,2020-05-27,1140.0,
02WB003,2020-06-27,492.0,
02WB003,2020-07-27,210.0,
02WB003,2020-08-27,199.0,
02WB003,2020-09-27,224.0,
02WB003,2020-10-27,532.0,
02WB003,2020-11-27,,
02WB003,2021-04-27,1190.0,
02WB003,2021-05-27,1100.0,
02WB003,2021-06-27,596.0,
02WB003,2021-07-27,200.0,
02WB003,2021-08-27,229.0,
02WB003,2021-09-27,368.0,
02WB003,2021-10-27,547.0,
02WB003,2021-11-27,1130.0,
02WB003,2021-12-27,,
02WB003,2022-05-27,2160.0,
02WB003,2022-06-27,638.0,
02WB003,2022-07-27,660.0,
02WB003,2022-08-27,267.0,
02WB003,2022-09-27,750.0,
02WB003,2022-10-27,442.0,
02WB003,2022-11-27,,
02WB003,2023-04-27,,
02WB003,2023-05-27,697.0,
02WB003,2023-06-27,222.0,
02WB003,2023-07-27,258.0,
02WB003,2023-08-27,308.0,
02WB003,2023-09-27,755.0,
02WB003,2023-10-27,361.0,
02WB003,2023-11-27,,
02WB003,2024-04-27,554.0,
02WB003,2024-05-27,1140.0,
02WB003,2024-06-27,205.0,
02WB003,2024-07-27,182.0,
02WB003,2024-08-27,114.0,
02WB003,2024-09-27,96.3000030517578,
02WB003,1980-06-28,,
02WB003,1980-08-28,,
02WB003,1980-10-28,,
02WB003,1981-01-28,,
02WB003,1981-03-28,,
02WB003,1981-08-28,,
02WB003,1981-10-28,789.0,
02WB003,1981-11-28,235.0,E
02WB003,1981-12-28,242.0,E
02WB003,1982-01-28,138.0,E
02WB003,1982-02-28,91.0,E
02WB003,1982-03-28,78.5,E
02WB003,1982-04-28,185.0,E
02WB003,1982-05-28,1460.0,
02WB003,1982-06-28,721.0,
02WB003,1982-07-28,560.0,
02WB003,1982-08-28,455.0,
02WB003,1982-09-28,285.0,
02WB003,1982-10-28,149.0,
02WB003,1982-11-28,140.0,
02WB003,1982-12-28,137.0,E
02WB003,1983-01-28,114.0,E
02WB003,1983-02-28,108.0,E
02WB003,1983-03-28,227.0,E
02WB003,1983-04-28,1480.0,
02WB003,1983-05-28,848.0,
02WB003,1983-06-28,431.0,
02WB003,1983-07-28,408.0,
02WB003,1983-08-28,504.0,
02WB003,1983-09-28,407.0,
02WB003,1983-10-28,306.0,
02WB003,1983-11-28,359.0,
02WB003,1983-12-28,190.0,E
02WB003,1984-01-28,122.0,E
02WB003,1984-02-28,88.5,E
02WB003,1984-03-28,151.0,E
02WB003,1984-04-28,400.0,E
02WB003,1984-05-28,1460.0,
02WB003,1984-06-28,628.0,
02WB003,1984-07-28,411.0,
02WB003,1984-08-28,158.0,
02WB003,1984-09-28,421.0,
02WB003,1984-10-28,158.0,
02WB003,1984-11-28,135.0,E
02WB003,1984-12-28,108.0,E
02WB003,1985-01-28,72.0,E
02WB003,1985-02-28,59.0,E
02WB003,1985-03-28,55.59999847412109,E
02WB003,1985-04-28,142.0,E
02WB003,1985-05-28,1400.0,
02WB003,1985-06-28,490.0,
02WB003,1985-07-28,751.0,
02WB003,1985-08-28,331.0,
02WB003,1985-09-28,258.0,
02WB003,1985-10-28,297.0,
02WB003,1985-11-28,132.0,E
02WB003,1985-12-28,105.0,E
02WB003,1986-01-28,82.0,E
02WB003,1986-02-28,81.0,E
02WB003,1986-03-28,62.0,E
02WB003,1986-04-28,840.0,
02WB003,1986-05-28,540.0,
02WB003,1986-06-28,501.0,
02WB003,1986-07-28,348.0,
02WB003,1986-08-28,250.0,
02WB003,1986-09-28,301.0,
02WB003,1986-10-28,233.0,
02WB003,1986-11-28,126.0,E
02WB003,1986-12-28,73.5,E
02WB003,1987-01-28,57.0,E
02WB003,1987-02-28,51.0,E
02WB003,1987-03-28,57.5,E
02WB003,1987-04-28,696.0,
02WB003,1987-05-28,530.0,E
02WB003,1987-06-28,330.0,E
02WB003,1987-07-28,174.0,
02WB003,1987-08-28,296.0,
02WB003,1987-09-28,351.0,
02WB003,1987-10-28,382.0,
02WB003,1987-11-28,258.0,E
02WB003,1987-12-28,152.0,E
02WB003,1988-01-28,104.0,E
02WB003,1988-02-28,78.5,E
02WB003,1988-03-28,98.0,E
02WB003,1988-04-28,196.0,E
02WB003,1988-05-28,1450.0,
02WB003,1988-06-28,816.0,
02WB003,1988-07-28,232.0,
02WB003,1988-08-28,139.0,
02WB003,1988-09-28,212.0,
02WB003,1988-10-28,877.0,
02WB003,1988-11-28,282.0,
02WB003,1988-12-28,128.0,E
02WB003,1989-01-28,78.30000305175781,E
02WB003,1989-02-28,56.29999923706055,E
02WB003,1989-03-28,50.20000076293945,E
02WB003,1989-04-28,94.0999984741211,E
02WB003,1989-05-28,1210.0,
02WB003,1989-06-28,307.0,
02WB003,1989-07-28,253.0,
02WB003,1989-08-28,744.0,
02WB003,1989-09-28,444.0,
02WB003,1989-10-28,389.0,
02WB003,1989-11-28,227.0,E
02WB003,1989-12-28,114.0,E
02WB003,1990-01-28,79.5999984741211,E
02WB003,1990-02-28,61.79999923706055,
02WB003,1990-03-28,65.5,E
02WB003,1990-04-28,96.3000030517578,E
02WB003,1990-05-28,1070.0,
02WB003,1990-06-28,330.0,
02WB003,1990-07-28,330.0,
02WB003,1990-08-28,213.0,
02WB003,1990-09-28,292.0,
02WB003,1990-10-28,304.0,
02WB003,1990-11-28,192.0,E
02WB003,1990-12-28,125.0,E
02WB003,1991-01-28,88.5999984741211,E
02WB003,1991-02-28,63.400001525878906,
02WB003,1991-03-28,64.80000305175781,E
02WB003,1991-04-28,86.9000015258789,E
02WB003,1991-05-28,1160.0,
02WB003,1991-06-28,525.0,
02WB003,1991-07-28,407.0,
02WB003,1991-08-28,233.0,
02WB003,1991-09-28,226.0,
02WB003,1991-10-28,383.0,
02WB003,1991-11-28,152.0,
02WB003,1991-12-28,82.5999984741211,
02WB003,1992-01-28,79.30000305175781,E
02WB003,1992-02-28,55.79999923706055,E
02WB003,1992-03-28,48.70000076293945,E
02WB003,1992-04-28,81.0999984741211,E
02WB003,1992-05-28,878.0,
02WB003,1992-06-28,444.0,
02WB003,1992-07-28,342.0,
02WB003,1992-08-28,310.0,
02WB003,1992-09-28,327.0,
02WB003,1992-10-28,520.0,
02WB003,1992-11-28,168.0,
02WB003,1992-12-28,80.9000015258789,E
02WB003,1993-01-28,56.29999923706055,E
02WB003,1993-02-28,48.29999923706055,
02WB003,1993-03-28,46.09999847412109,E
02WB003,1993-04-28,175.0,E
02WB003,1993-05-28,1220.0,
02WB003,1993-06-28,255.0,
02WB003,1993-07-28,367.0,
02WB003,1993-08-28,235.0,
02WB003,1993-09-28,344.0,
02WB003,1993-10-28,518.0,
02WB003,1993-11-28,164.0,
02WB003,1993-12-28,118.0,E
02WB003,1994-01-28,98.8000030517578,E
02WB003,1994-02-28,79.0999984741211,
02WB003,1994-03-28,76.30000305175781,E
02WB003,1994-04-28,122.0,E
02WB003,1994-05-28,1160.0,
02WB003,1994-06-28,640.0,
02WB003,1994-07-28,661.0,
02WB003,1994-08-28,390.0,
02WB003,1994-09-28,318.0,
02WB003,1994-10-28,357.0,
02WB003,1994-11-28,148.0,
02WB003,1994-12-28,118.0,E
02WB003,1995-01-28,93.6999969482422,E
02WB003,1995-02-28,78.0999984741211,
02WB003,1995-03-28,84.0999984741211,E
02WB003,1995-04-28,236.0,E
02WB003,1995-05-28,1250.0,
02WB003,1995-06-28,350.0,
02WB003,1995-07-28,257.0,
02WB003,1995-08-28,129.0,
02WB003,1995-09-28,295.0,
02WB003,1995-10-28,259.0,
02WB003,1995-11-28,309.0,
02WB003,1995-12-28,146.0,E
02WB003,1996-01-28,129.0,E
02WB003,1996-02-28,266.0,E
02WB003,1996-03-28,138.0,E
02WB003,1996-04-28,582.0,
02WB003,1996-05-28,994.0,
02WB003,1996-06-28,463.0,
02WB003,1996-07-28,729.0,
02WB003,1996-08-28,213.0,
02WB003,1996-09-28,164.0,
02WB003,1996-10-28,262.0,
02WB003,1996-11-28,256.0,
02WB003,1996-12-28,162.0,E
02WB003,1997-01-28,123.0,E
02WB003,1997-02-28,106.0,
02WB003,1997-03-28,99.6999969482422,E
02WB003,1997-04-28,140.0,E
02WB003,1997-05-28,1250.0,
02WB003,1997-06-28,692.0,
02WB003,1997-07-28,346.0,
02WB003,1997-08-28,330.0,
02WB003,1997-09-28,422.0,
02WB003,1997-10-28,262.0,
02WB003,1997-11-28,159.0,
02WB003,1997-12-28,115.0,E
02WB003,1998-01-28,91.5999984741211,E
02WB003,1998-02-28,93.9000015258789,
02WB003,1998-03-28,166.0,E
02WB003,1998-04-28,371.0,E
02WB003,1998-05-28,1140.0,
02WB003,1998-06-28,333.0,
02WB003,1998-07-28,283.0,
02WB003,1998-08-28,176.0,
02WB003,1998-09-28,422.0,
02WB003,1998-10-28,359.0,
02WB003,1998-11-28,217.0,
02WB003,1998-12-28,132.0,B
02WB003,1999-01-28,94.6999969482422,B
02WB003,1999-02-28,80.30000305175781,
02WB003,1999-03-28,152.0,B
02WB003,1999-04-28,317.0,E
02WB003,1999-05-28,1200.0,
02WB003,1999-06-28,287.0,
02WB003,1999-07-28,194.0,
02WB003,1999-08-28,269.0,
02WB003,1999-09-28,798.0,
02WB003,1999-10-28,420.0,
02WB003,1999-11-28,330.0,
02WB003,1999-12-28,179.0,
02WB003,2000-01-28,120.0,E
02WB003,2000-02-28,98.1999969482422,E
02WB003,2000-03-28,90.5999984741211,E
02WB003,2000-04-28,260.0,B
02WB003,2000-05-28,1710.0,
02WB003,2000-06-28,577.0,
02WB003,2000-07-28,522.0,
02WB003,2000-08-28,259.0,
02WB003,2000-09-28,264.0,
02WB003,2000-10-28,237.0,
02WB003,2000-11-28,132.0,
02WB003,2000-12-28,104.0,B
02WB003,2001-01-28,88.9000015258789,B
02WB003,2001-02-28,79.4000015258789,
02WB003,2001-03-28,75.69999694824219,B
02WB003,2001-04-28,93.5,B
02WB003,2001-05-28,781.0,
02WB003,2001-06-28,436.0,
02WB003,2001-07-28,448.0,
02WB003,2001-08-28,207.0,
02WB003,2001-09-28,287.0,
02WB003,2001-10-28,406.0,
02WB003,2001-11-28,268.0,
02WB003,2001-12-28,137.0,
02WB003,2002-01-28,87.5999984741211,
02WB003,2002-02-28,111.0,
02WB003,2002-03-28,138.0,
02WB003,2002-04-28,196.0,
02WB003,2002-05-28,1160.0,
02WB003,2002-06-28,527.0,
02WB003,2002-07-28,308.0,
02WB003,2002-08-28,318.0,
02WB003,2002-09-28,325.0,
02WB003,2002-10-28,454.0,
02WB003,2002-11-28,283.0,
02WB003,2002-12-28,144.0,
02WB003,2003-01-28,95.9000015258789,
02WB003,2003-02-28,79.69999694824219,
02WB003,2003-03-28,70.80000305175781,
02WB003,2003-04-28,266.0,
02WB003,2003-05-28,1500.0,
02WB003,2003-06-28,324.0,
02WB003,2003-07-28,368.0,
02WB003,2003-08-28,189.0,
02WB003,2003-09-28,110.0,
02WB003,2003-10-28,474.0,
02WB003,2003-11-28,552.0,
02WB003,2003-12-28,153.0,
02WB003,2004-01-28,109.0,
02WB003,2004-02-28,88.4000015258789,
02WB003,2004-03-28,76.80000305175781,
02WB003,2004-04-28,206.0,
02WB003,2004-05-28,1340.0,
02WB003,2004-06-28,584.0,
02WB003,2004-07-28,256.0,
02WB003,2004-08-28,228.0,
02WB003,2004-09-28,142.0,
02WB003,2004-10-28,269.0,
02WB003,2004-11-28,228.0,
02WB003,2004-12-28,202.0,
02WB003,2005-01-28,113.0,
02WB003,2005-02-28,105.0,
02WB003,2005-03-28,102.0,
02WB003,2005-04-28,171.0,
02WB003,2005-05-28,1230.0,
02WB003,2005-06-28,212.0,
02WB003,2005-07-28,161.0,
02WB003,2005-08-28,308.0,
02WB003,2005-09-28,330.0,
02WB003,2005-10-28,326.0,
02WB003,2005-11-28,1050.0,
02WB003,2005-12-28,164.0,
02WB003,2006-01-28,183.0,
02WB003,2006-02-28,103.0,
02WB003,2006-03-28,126.0,
02WB003,2006-04-28,856.0,
02WB003,2006-05-28,818.0,
02WB003,2006-06-28,258.0,
02WB003,2006-07-28,192.0,
02WB003,2006-08-28,260.0,
02WB003,2006-09-28,253.0,
02WB003,2006-10-28,387.0,
02WB003,2006-11-28,346.0,
02WB003,2006-12-28,137.0,
02WB003,2007-01-28,108.0,
02WB003,2007-02-28,96.5,
02WB003,2007-03-28,100.0,
02WB003,2007-04-28,241.0,
02WB003,2007-05-28,1290.0,
02WB003,2007-06-28,735.0,
02WB003,2007-07-28,301.0,
02WB003,2007-08-28,114.0,
02WB003,2007-09-28,281.0,
02WB003,2007-10-28,357.0,
02WB003,2007-11-28,360.0,
02WB003,2007-12-28,144.0,
02WB003,2008-01-28,97.9000015258789,
02WB003,2008-02-28,77.4000015258789,
02WB003,2008-03-28,68.69999694824219,
02WB003,2008-04-28,300.0,
02WB003,2008-05-28,898.0,
02WB003,2008-06-28,441.0,
02WB003,2008-07-28,264.0,
02WB003,2008-08-28,358.0,
02WB003,2008-09-28,307.0,
02WB003,2008-10-28,234.0,
02WB003,2008-11-28,381.0,
02WB003,2008-12-28,147.0,
02WB003,2009-01-28,112.0,
02WB003,2009-02-28,99.4000015258789,
02WB003,2009-03-28,96.0,
02WB003,2009-04-28,452.0,
02WB003,2009-05-28,895.0,
02WB003,2009-06-28,416.0,
02WB003,2009-07-28,361.0,
02WB003,2009-08-28,143.0,
02WB003,2009-09-28,356.0,
02WB003,2009-10-28,274.0,
02WB003,2009-11-28,229.0,
02WB003,2009-12-28,142.0,
02WB003,2010-01-28,104.0,
02WB003,2010-02-28,95.9000015258789,
02WB003,2010-03-28,81.0999984741211,
02WB003,2010-04-28,686.0,
02WB003,2010-05-28,1030.0,
02WB003,2010-06-28,574.0,
02WB003,2010-07-28,517.0,
02WB003,2010-08-28,202.0,
02WB003,2010-09-28,93.9000015258789,
02WB003,2010-10-28,486.0,
02WB003,2010-11-28,308.0,
02WB003,2010-12-28,163.0,
02WB003,2011-01-28,115.0,
02WB003,2011-02-28,87.69999694824219,
02WB003,2011-03-28,100.0,
02WB003,2011-04-28,217.0,
02WB003,2011-05-28,1050.0,
02WB003,2011-06-28,533.0,
02WB003,2011-07-28,291.0,
02WB003,2011-08-28,235.0,
02WB003,2011-09-28,213.0,
02WB003,2011-10-28,257.0,
02WB003,2011-11-28,239.0,
02WB003,2011-12-28,170.0,
02WB003,2012-01-28,120.0,B
02WB003,2012-02-28,90.6999969482422,B
02WB003,2012-03-28,89.0999984741211,B
02WB003,2012-04-28,713.0,B
02WB003,2012-05-28,1160.0,
02WB003,2012-06-28,228.0,
02WB003,2012-07-28,270.0,
02WB003,2012-08-28,283.0,
02WB003,2012-09-28,429.0,
02WB003,2012-10-28,642.0,
02WB003,2012-11-28,216.0,
02WB003,2012-12-28,170.0,B
02WB003,2013-01-28,97.0999984741211,B
02WB003,2013-02-28,88.19999694824219,B
02WB003,2013-03-28,198.0,B
02WB003,2013-04-28,509.0,
02WB003,2013-05-28,1380.0,
02WB003,2013-06-28,318.0,
02WB003,2013-07-28,219.0,
02WB003,2013-08-28,322.0,
02WB003,2013-09-28,694.0,
02WB003,2013-10-28,452.0,
02WB003,2013-11-28,511.0,
02WB003,2013-12-28,134.0,B
02WB003,2014-01-28,85.4000015258789,B
02WB003,2014-02-28,65.0999984741211,B
02WB003,2014-03-28,56.09999847412109,B
02WB003,2014-04-28,139.0,B
02WB003,2014-05-28,1110.0,
02WB003,2014-06-28,640.0,
02WB003,2014-07-28,257.0,
02WB003,2014-08-28,188.0,
02WB003,2014-09-28,332.0,
02WB003,2014-10-28,418.0,
02WB003,2014-11-28,177.0,B
02WB003,2014-12-28,119.0,B
02WB003,2015-01-28,88.5999984741211,B
02WB003,2015-02-28,72.69999694824219,B
02WB003,2015-03-28,64.9000015258789,B
02WB003,2015-04-28,210.0,B
02WB003,2015-05-28,1640.0,
02WB003,2015-06-28,438.0,
02WB003,2015-07-28,319.0,
02WB003,2015-08-28,290.0,
02WB003,2015-09-28,290.0,
02WB003,2015-10-28,236.0,
02WB003,2015-11-28,170.0,B
02WB003,2015-12-28,110.0,B
02WB003,2016-01-28,91.5,B
02WB003,2016-02-28,89.80000305175781,B
02WB003,2016-03-28,81.5999984741211,B
02WB003,2016-04-28,271.0,B
02WB003,2016-05-28,1170.0,
02WB003,2016-06-28,475.0,
02WB003,2016-07-28,405.0,
02WB003,2016-08-28,582.0,
02WB003,2016-09-28,400.0,
02WB003,2016-10-28,713.0,
02WB003,2016-11-28,,
02WB003,2017-05-28,1240.0,
02WB003,2017-06-28,718.0,
02WB003,2017-07-28,275.0,
02WB003,2017-08-28,435.0,
02WB003,2017-09-28,411.0,
02WB003,2017-10-28,330.0,
02WB003,2017-11-28,,
02WB003,2018-05-28,1030.0,
02WB003,2018-06-28,657.0,
02WB003,2018-07-28,272.0,
02WB003,2018-08-28,217.0,
02WB003,2018-09-28,207.0,
02WB003,2018-10-28,291.0,
02WB003,2018-11-28,,
02WB003,2019-05-28,2210.0,
02WB003,2019-06-28,645.0,
02WB003,2019-07-28,222.0,
02WB003,2019-08-28,362.0,
02WB003,2019-09-28,261.0,
02WB003,2019-10-28,266.0,
02WB003,2019-11-28,,
02WB003,2020-05-28,1380.0,
02WB003,2020-06-28,501.0,
02WB003,2020-07-28,216.0,
02WB003,2020-08-28,213.0,
02WB003,2020-09-28,213.0,
02WB003,2020-10-28,511.0,
02WB003,2020-11-28,,
02WB003,2021-04-28,1320.0,
02WB003,2021-05-28,1020.0,
02WB003,2021-06-28,561.0,
02WB003,2021-07-28,198.0,
02WB003,2021-08-28,221.0,
02WB003,2021-09-28,419.0,
02WB003,2021-10-28,513.0,
02WB003,2021-11-28,1060.0,
02WB003,2021-12-28,,
02WB003,2022-05-28,2010.0,
02WB003,2022-06-28,596.0,
02WB003,2022-07-28,620.0,
02WB003,2022-08-28,264.0,
02WB003,2022-09-28,726.0,
02WB003,2022-10-28,421.0,
02WB003,2022-11-28,,
02WB003,2023-04-28,,
02WB003,2023-05-28,663.0,
02WB003,2023-06-28,216.0,
02WB003,2023-07-28,252.0,
02WB003,2023-08-28,374.0,
02WB003,2023-09-28,685.0,
02WB003,2023-10-28,348.0,
02WB003,2023-11-28,,
02WB003,2024-04-28,532.0,
02WB003,2024-05-28,1060.0,
02WB003,2024-06-28,205.0,
02WB003,2024-07-28,189.0,
02WB003,2024-08-28,121.0,
02WB003,2024-09-28,97.5999984741211,
02WB003,1980-06-29,,
02WB003,1980-08-29,,
02WB003,1980-10-29,,
02WB003,1981-01-29,,
02WB003,1981-03-29,,
02WB003,1981-08-29,,
02WB003,1981-10-29,720.0,
02WB003,1981-11-29,225.0,E
02WB003,1981-12-29,236.0,E
02WB003,1982-01-29,137.0,E
02WB003,1982-03-29,82.0,E
02WB003,1982-04-29,205.0,E
02WB003,1982-05-29,1440.0,
02WB003,1982-06-29,682.0,
02WB003,1982-07-29,515.0,
02WB003,1982-08-29,447.0,
02WB003,1982-09-29,267.0,
02WB003,1982-10-29,142.0,
02WB003,1982-11-29,142.0,E
02WB003,1982-12-29,135.0,E
02WB003,1983-01-29,112.0,E
02WB003,1983-03-29,225.0,E
02WB003,1983-04-29,1640.0,
02WB003,1983-05-29,816.0,
02WB003,1983-06-29,414.0,
02WB003,1983-07-29,387.0,
02WB003,1983-08-29,504.0,
02WB003,1983-09-29,385.0,
02WB003,1983-10-29,313.0,
02WB003,1983-11-29,260.0,
02WB003,1983-12-29,186.0,E
02WB003,1984-01-29,119.0,E
02WB003,1984-02-29,88.0,E
02WB003,1984-03-29,149.0,E
02WB003,1984-04-29,420.0,E
02WB003,1984-05-29,1430.0,
02WB003,1984-06-29,582.0,
02WB003,1984-07-29,388.0,
02WB003,1984-08-29,150.0,
02WB003,1984-09-29,410.0,
02WB003,1984-10-29,155.0,
02WB003,1984-11-29,142.0,E
02WB003,1984-12-29,107.0,E
02WB003,1985-01-29,71.5,E
02WB003,1985-03-29,55.5,E
02WB003,1985-04-29,156.0,E
02WB003,1985-05-29,1360.0,
02WB003,1985-06-29,455.0,
02WB003,1985-07-29,905.0,
02WB003,1985-08-29,326.0,
02WB003,1985-09-29,311.0,
02WB003,1985-10-29,300.0,
02WB003,1985-11-29,127.0,E
02WB003,1985-12-29,111.0,E
02WB003,1986-01-29,95.0,E
02WB003,1986-03-29,62.0,E
02WB003,1986-04-29,901.0,
02WB003,1986-05-29,480.0,
02WB003,1986-06-29,514.0,
02WB003,1986-07-29,335.0,
02WB003,1986-08-29,266.0,
02WB003,1986-09-29,306.0,
02WB003,1986-10-29,222.0,
02WB003,1986-11-29,124.0,E
02WB003,1986-12-29,73.0,E
02WB003,1987-01-29,57.0,E
02WB003,1987-03-29,59.0,E
02WB003,1987-04-29,644.0,
02WB003,1987-05-29,515.0,E
02WB003,1987-06-29,340.0,E
02WB003,1987-07-29,185.0,
02WB003,1987-08-29,280.0,
02WB003,1987-09-29,335.0,
02WB003,1987-10-29,411.0,
02WB003,1987-11-29,248.0,E
02WB003,1987-12-29,148.0,E
02WB003,1988-01-29,103.0,E
02WB003,1988-02-29,78.0,E
02WB003,1988-03-29,108.0,E
02WB003,1988-04-29,202.0,E
02WB003,1988-05-29,1510.0,
02WB003,1988-06-29,859.0,
02WB003,1988-07-29,221.0,
02WB003,1988-08-29,145.0,
02WB003,1988-09-29,220.0,
02WB003,1988-10-29,825.0,
02WB003,1988-11-29,333.0,
02WB003,1988-12-29,125.0,E
02WB003,1989-01-29,77.5999984741211,E
02WB003,1989-03-29,50.20000076293945,E
02WB003,1989-04-29,96.8000030517578,E
02WB003,1989-05-29,1240.0,
02WB003,1989-06-29,343.0,
02WB003,1989-07-29,280.0,
02WB003,1989-08-29,726.0,
02WB003,1989-09-29,441.0,
02WB003,1989-10-29,371.0,
02WB003,1989-11-29,219.0,E
02WB003,1989-12-29,112.0,E
02WB003,1990-01-29,79.0,E
02WB003,1990-03-29,65.19999694824219,E
02WB003,1990-04-29,98.5999984741211,E
02WB003,1990-05-29,1050.0,
02WB003,1990-06-29,331.0,
02WB003,1990-07-29,329.0,
02WB003,1990-08-29,209.0,
02WB003,1990-09-29,286.0,
02WB003,1990-10-29,274.0,
02WB003,1990-11-29,172.0,E
02WB003,1990-12-29,123.0,E
02WB003,1991-01-29,87.69999694824219,E
02WB003,1991-03-29,64.9000015258789,E
02WB003,1991-04-29,89.0,E
02WB003,1991-05-29,1150.0,
02WB003,1991-06-29,511.0,
02WB003,1991-07-29,437.0,
02WB003,1991-08-29,223.0,
02WB003,1991-09-29,258.0,
02WB003,1991-10-29,385.0,
02WB003,1991-11-29,142.0,
02WB003,1991-12-29,82.0999984741211,
02WB003,1992-01-29,78.0999984741211,E
02WB003,1992-02-29,55.29999923706055,E
02WB003,1992-03-29,55.70000076293945,E
02WB003,1992-04-29,85.0,E
02WB003,1992-05-29,829.0,
02WB003,1992-06-29,472.0,
02WB003,1992-07-29,341.0,
02WB003,1992-08-29,322.0,
02WB003,1992-09-29,314.0,
02WB003,1992-10-29,630.0,
02WB003,1992-11-29,163.0,
02WB003,1992-12-29,79.19999694824219,E
02WB003,1993-01-29,55.59999847412109,E
02WB003,1993-03-29,46.0,E
02WB003,1993-04-29,172.0,E
02WB003,1993-05-29,1180.0,
02WB003,1993-06-29,269.0,
02WB003,1993-07-29,351.0,
02WB003,1993-08-29,262.0,
02WB003,1993-09-29,366.0,
02WB003,1993-10-29,512.0,
02WB003,1993-11-29,170.0,
02WB003,1993-12-29,117.0,E
02WB003,1994-01-29,100.0,E
02WB003,1994-03-29,75.9000015258789,E
02WB003,1994-04-29,124.0,E
02WB003,1994-05-29,1120.0,
02WB003,1994-06-29,749.0,
02WB003,1994-07-29,624.0,
02WB003,1994-08-29,401.0,
02WB003,1994-09-29,305.0,
02WB003,1994-10-29,347.0,
02WB003,1994-11-29,140.0,
02WB003,1994-12-29,117.0,E
02WB003,1995-01-29,93.0,E
02WB003,1995-03-29,84.19999694824219,E
02WB003,1995-04-29,256.0,E
02WB003,1995-05-29,1130.0,
02WB003,1995-06-29,333.0,
02WB003,1995-07-29,242.0,
02WB003,1995-08-29,124.0,
02WB003,1995-09-29,301.0,
02WB003,1995-10-29,304.0,
02WB003,1995-11-29,273.0,
02WB003,1995-12-29,141.0,E
02WB003,1996-01-29,130.0,E
02WB003,1996-02-29,272.0,E
02WB003,1996-03-29,135.0,E
02WB003,1996-04-29,712.0,
02WB003,1996-05-29,932.0,
02WB003,1996-06-29,480.0,
02WB003,1996-07-29,697.0,
02WB003,1996-08-29,210.0,
02WB003,1996-09-29,160.0,
02WB003,1996-10-29,265.0,
02WB003,1996-11-29,244.0,
02WB003,1996-12-29,160.0,E
02WB003,1997-01-29,122.0,E
02WB003,1997-03-29,99.6999969482422,E
02WB003,1997-04-29,140.0,E
02WB003,1997-05-29,1220.0,
02WB003,1997-06-29,649.0,
02WB003,1997-07-29,345.0,
02WB003,1997-08-29,368.0,
02WB003,1997-09-29,408.0,
02WB003,1997-10-29,256.0,
02WB003,1997-11-29,156.0,
02WB003,1997-12-29,113.0,E
02WB003,1998-01-29,91.0999984741211,E
02WB003,1998-03-29,163.0,E
02WB003,1998-04-29,394.0,E
02WB003,1998-05-29,1110.0,
02WB003,1998-06-29,311.0,
02WB003,1998-07-29,281.0,
02WB003,1998-08-29,167.0,
02WB003,1998-09-29,511.0,
02WB003,1998-10-29,341.0,
02WB003,1998-11-29,212.0,
02WB003,1998-12-29,131.0,B
02WB003,1999-01-29,93.6999969482422,B
02WB003,1999-03-29,152.0,B
02WB003,1999-04-29,348.0,E
02WB003,1999-05-29,1130.0,
02WB003,1999-06-29,284.0,
02WB003,1999-07-29,189.0,
02WB003,1999-08-29,258.0,
02WB003,1999-09-29,693.0,
02WB003,1999-10-29,396.0,
02WB003,1999-11-29,339.0,
02WB003,1999-12-29,176.0,
02WB003,2000-01-29,119.0,E
02WB003,2000-02-29,97.5999984741211,E
02WB003,2000-03-29,92.0,E
02WB003,2000-04-29,290.0,B
02WB003,2000-05-29,1650.0,
02WB003,2000-06-29,581.0,
02WB003,2000-07-29,501.0,
02WB003,2000-08-29,252.0,
02WB003,2000-09-29,256.0,
02WB003,2000-10-29,246.0,
02WB003,2000-11-29,130.0,
02WB003,2000-12-29,103.0,B
02WB003,2001-01-29,88.5999984741211,B
02WB003,2001-03-29,75.5999984741211,B
02WB003,2001-04-29,101.0,B
02WB003,2001-05-29,730.0,
02WB003,2001-06-29,394.0,
02WB003,2001-07-29,414.0,
02WB003,2001-08-29,200.0,
02WB003,2001-09-29,281.0,
02WB003,2001-10-29,416.0,
02WB003,2001-11-29,262.0,
02WB003,2001-12-29,134.0,
02WB003,2002-01-29,86.5999984741211,
02WB003,2002-03-29,137.0,
02WB003,2002-04-29,199.0,
02WB003,2002-05-29,1230.0,
02WB003,2002-06-29,530.0,
02WB003,2002-07-29,290.0,
02WB003,2002-08-29,323.0,
02WB003,2002-09-29,310.0,
02WB003,2002-10-29,431.0,
02WB003,2002-11-29,275.0,
02WB003,2002-12-29,138.0,
02WB003,2003-01-29,95.3000030517578,
02WB003,2003-03-29,70.5999984741211,
02WB003,2003-04-29,265.0,
02WB003,2003-05-29,1400.0,
02WB003,2003-06-29,313.0,
02WB003,2003-07-29,486.0,
02WB003,2003-08-29,186.0,
02WB003,2003-09-29,120.0,
02WB003,2003-10-29,735.0,
02WB003,2003-11-29,495.0,
02WB003,2003-12-29,151.0,
02WB003,2004-01-29,108.0,
02WB003,2004-02-29,87.9000015258789,
02WB003,2004-03-29,76.4000015258789,
02WB003,2004-04-29,219.0,
02WB003,2004-05-29,1360.0,
02WB003,2004-06-29,558.0,
02WB003,2004-07-29,240.0,
02WB003,2004-08-29,256.0,
02WB003,2004-09-29,143.0,
02WB003,2004-10-29,258.0,
02WB003,2004-11-29,265.0,
02WB003,2004-12-29,191.0,
02WB003,2005-01-29,112.0,
02WB003,2005-03-29,102.0,
02WB003,2005-04-29,179.0,
02WB003,2005-05-29,1120.0,
02WB003,2005-06-29,206.0,
02WB003,2005-07-29,150.0,
02WB003,2005-08-29,284.0,
02WB003,2005-09-29,315.0,
02WB003,2005-10-29,308.0,
02WB003,2005-11-29,844.0,
02WB003,2005-12-29,161.0,
02WB003,2006-01-29,177.0,
02WB003,2006-03-29,124.0,
02WB003,2006-04-29,798.0,
02WB003,2006-05-29,767.0,
02WB003,2006-06-29,243.0,
02WB003,2006-07-29,279.0,
02WB003,2006-08-29,245.0,
02WB003,2006-09-29,237.0,
02WB003,2006-10-29,372.0,
02WB003,2006-11-29,327.0,
02WB003,2006-12-29,135.0,
02WB003,2007-01-29,107.0,
02WB003,2007-03-29,99.6999969482422,
02WB003,2007-04-29,271.0,
02WB003,2007-05-29,1250.0,
02WB003,2007-06-29,709.0,
02WB003,2007-07-29,289.0,
02WB003,2007-08-29,127.0,
02WB003,2007-09-29,340.0,
02WB003,2007-10-29,381.0,
02WB003,2007-11-29,344.0,
02WB003,2007-12-29,141.0,
02WB003,2008-01-29,96.9000015258789,
02WB003,2008-02-29,77.0,
02WB003,2008-03-29,68.5999984741211,
02WB003,2008-04-29,358.0,
02WB003,2008-05-29,861.0,
02WB003,2008-06-29,478.0,
02WB003,2008-07-29,247.0,
02WB003,2008-08-29,326.0,
02WB003,2008-09-29,371.0,
02WB003,2008-10-29,301.0,
02WB003,2008-11-29,363.0,
02WB003,2008-12-29,145.0,
02WB003,2009-01-29,111.0,
02WB003,2009-03-29,95.9000015258789,
02WB003,2009-04-29,489.0,
02WB003,2009-05-29,861.0,
02WB003,2009-06-29,403.0,
02WB003,2009-07-29,343.0,
02WB003,2009-08-29,160.0,
02WB003,2009-09-29,342.0,
02WB003,2009-10-29,246.0,
02WB003,2009-11-29,284.0,
02WB003,2009-12-29,140.0,
02WB003,2010-01-29,100.0,
02WB003,2010-03-29,81.0,
02WB003,2010-04-29,685.0,
02WB003,2010-05-29,980.0,
02WB003,2010-06-29,573.0,
02WB003,2010-07-29,519.0,
02WB003,2010-08-29,233.0,
02WB003,2010-09-29,115.0,
02WB003,2010-10-29,464.0,
02WB003,2010-11-29,270.0,
02WB003,2010-12-29,150.0,
02WB003,2011-01-29,114.0,
02WB003,2011-03-29,99.0,
02WB003,2011-04-29,239.0,
02WB003,2011-05-29,1010.0,
02WB003,2011-06-29,518.0,
02WB003,2011-07-29,271.0,
02WB003,2011-08-29,252.0,
02WB003,2011-09-29,203.0,
02WB003,2011-10-29,257.0,
02WB003,2011-11-29,238.0,
02WB003,2011-12-29,180.0,
02WB003,2012-01-29,119.0,B
02WB003,2012-02-29,90.0999984741211,B
02WB003,2012-03-29,88.4000015258789,B
02WB003,2012-04-29,944.0,B
02WB003,2012-05-29,1060.0,
02WB003,2012-06-29,236.0,
02WB003,2012-07-29,255.0,
02WB003,2012-08-29,273.0,
02WB003,2012-09-29,393.0,
02WB003,2012-10-29,595.0,
02WB003,2012-11-29,188.0,
02WB003,2012-12-29,162.0,B
02WB003,2013-01-29,96.3000030517578,B
02WB003,2013-03-29,193.0,B
02WB003,2013-04-29,525.0,
02WB003,2013-05-29,1390.0,
02WB003,2013-06-29,303.0,
02WB003,2013-07-29,202.0,
02WB003,2013-08-29,308.0,
02WB003,2013-09-29,613.0,
02WB003,2013-10-29,423.0,
02WB003,2013-11-29,727.0,
02WB003,2013-12-29,132.0,B
02WB003,2014-01-29,84.4000015258789,B
02WB003,2014-03-29,56.0,B
02WB003,2014-04-29,151.0,B
02WB003,2014-05-29,1020.0,
02WB003,2014-06-29,580.0,
02WB003,2014-07-29,261.0,
02WB003,2014-08-29,179.0,
02WB003,2014-09-29,315.0,
02WB003,2014-10-29,416.0,
02WB003,2014-11-29,174.0,B
02WB003,2014-12-29,118.0,B
02WB003,2015-01-29,87.9000015258789,B
02WB003,2015-03-29,64.80000305175781,B
02WB003,2015-04-29,265.0,B
02WB003,2015-05-29,1800.0,
02WB003,2015-06-29,414.0,
02WB003,2015-07-29,325.0,
02WB003,2015-08-29,354.0,
02WB003,2015-09-29,281.0,
02WB003,2015-10-29,232.0,
02WB003,2015-11-29,154.0,B
02WB003,2015-12-29,103.0,B
02WB003,2016-01-29,90.3000030517578,B
02WB003,2016-02-29,91.5999984741211,B
02WB003,2016-03-29,81.5999984741211,B
02WB003,2016-04-29,269.0,B
02WB003,2016-05-29,1080.0,
02WB003,2016-06-29,449.0,
02WB003,2016-07-29,404.0,
02WB003,2016-08-29,544.0,
02WB003,2016-09-29,374.0,
02WB003,2016-10-29,628.0,
02WB003,2016-11-29,,
02WB003,2017-05-29,1160.0,
02WB003,2017-06-29,662.0,
02WB003,2017-07-29,269.0,
02WB003,2017-08-29,410.0,
02WB003,2017-09-29,466.0,
02WB003,2017-10-29,390.0,
02WB003,2017-11-29,,
02WB003,2018-05-29,1140.0,
02WB003,2018-06-29,631.0,
02WB003,2018-07-29,278.0,
02WB003,2018-08-29,215.0,
02WB003,2018-09-29,219.0,
02WB003,2018-10-29,262.0,
02WB003,2018-11-29,,
02WB003,2019-05-29,2290.0,
02WB003,2019-06-29,613.0,
02WB003,2019-07-29,214.0,
02WB003,2019-08-29,335.0,
02WB003,2019-09-29,273.0,
02WB003,2019-10-29,252.0,
02WB003,2019-11-29,,
02WB003,2020-05-29,1520.0,
02WB003,2020-06-29,500.0,
02WB003,2020-07-29,230.0,
02WB003,2020-08-29,236.0,
02WB003,2020-09-29,211.0,
02WB003,2020-10-29,482.0,
02WB003,2020-11-29,,
02WB003,2021-04-29,1420.0,
02WB003,2021-05-29,948.0,
02WB003,2021-06-29,544.0,
02WB003,2021-07-29,207.0,
02WB003,2021-08-29,225.0,
02WB003,2021-09-29,438.0,
02WB003,2021-10-29,480.0,
02WB003,2021-11-29,1040.0,
02WB003,2021-12-29,,
02WB003,2022-05-29,1940.0,
02WB003,2022-06-29,554.0,
02WB003,2022-07-29,587.0,
02WB003,2022-08-29,247.0,
02WB003,2022-09-29,677.0,
02WB003,2022-10-29,404.0,
02WB003,2022-11-29,,
02WB003,2023-04-29,833.0,
02WB003,2023-05-29,626.0,
02WB003,2023-06-29,210.0,
02WB003,2023-07-29,248.0,
02WB003,2023-08-29,430.0,
02WB003,2023-09-29,627.0,
02WB003,2023-10-29,340.0,
02WB003,2023-11-29,,
02WB003,2024-04-29,519.0,
02WB003,2024-05-29,1030.0,
02WB003,2024-06-29,204.0,
02WB003,2024-07-29,197.0,
02WB003,2024-08-29,118.0,
02WB003,2024-09-29,95.8000030517578,
02WB003,1980-06-30,,
02WB003,1980-08-30,,
02WB003,1980-10-30,,
02WB003,1981-01-30,,
02WB003,1981-03-30,,
02WB003,1981-08-30,,
02WB003,1981-10-30,668.0,
02WB003,1981-11-30,210.0,E
02WB003,1981-12-30,230.0,E
02WB003,1982-01-30,135.0,E
02WB003,1982-03-30,81.5,E
02WB003,1982-04-30,225.0,E
02WB003,1982-05-30,1450.0,
02WB003,1982-06-30,670.0,
02WB003,1982-07-30,491.0,
02WB003,1982-08-30,419.0,
02WB003,1982-09-30,246.0,
02WB003,1982-10-30,150.0,
02WB003,1982-11-30,143.0,E
02WB003,1982-12-30,134.0,E
02WB003,1983-01-30,111.0,E
02WB003,1983-03-30,220.0,E
02WB003,1983-04-30,1980.0,E
02WB003,1983-05-30,788.0,
02WB003,1983-06-30,398.0,
02WB003,1983-07-30,369.0,
02WB003,1983-08-30,481.0,
02WB003,1983-09-30,364.0,
02WB003,1983-10-30,311.0,
02WB003,1983-11-30,252.0,
02WB003,1983-12-30,183.0,E
02WB003,1984-01-30,117.0,E
02WB003,1984-03-30,148.0,E
02WB003,1984-04-30,547.0,
02WB003,1984-05-30,1350.0,
02WB003,1984-06-30,539.0,
02WB003,1984-07-30,365.0,
02WB003,1984-08-30,145.0,
02WB003,1984-09-30,386.0,
02WB003,1984-10-30,174.0,
02WB003,1984-11-30,150.0,E
02WB003,1984-12-30,105.0,E
02WB003,1985-01-30,71.0,E
02WB003,1985-03-30,55.400001525878906,E
02WB003,1985-04-30,170.0,E
02WB003,1985-05-30,1360.0,
02WB003,1985-06-30,422.0,
02WB003,1985-07-30,946.0,
02WB003,1985-08-30,338.0,
02WB003,1985-09-30,429.0,
02WB003,1985-10-30,299.0,
02WB003,1985-11-30,123.0,E
02WB003,1985-12-30,112.0,E
02WB003,1986-01-30,110.0,E
02WB003,1986-03-30,62.0,E
02WB003,1986-04-30,930.0,E
02WB003,1986-05-30,509.0,
02WB003,1986-06-30,508.0,
02WB003,1986-07-30,321.0,
02WB003,1986-08-30,273.0,
02WB003,1986-09-30,303.0,
02WB003,1986-10-30,247.0,
02WB003,1986-11-30,122.0,E
02WB003,1986-12-30,71.5,E
02WB003,1987-01-30,56.5,E
02WB003,1987-03-30,62.0,E
02WB003,1987-04-30,610.0,
02WB003,1987-05-30,500.0,E
02WB003,1987-06-30,350.0,E
02WB003,1987-07-30,199.0,
02WB003,1987-08-30,263.0,
02WB003,1987-09-30,314.0,
02WB003,1987-10-30,521.0,
02WB003,1987-11-30,252.0,E
02WB003,1987-12-30,147.0,E
02WB003,1988-01-30,101.0,E
02WB003,1988-03-30,117.0,E
02WB003,1988-04-30,219.0,E
02WB003,1988-05-30,1400.0,
02WB003,1988-06-30,814.0,
02WB003,1988-07-30,213.0,
02WB003,1988-08-30,147.0,
02WB003,1988-09-30,223.0,
02WB003,1988-10-30,768.0,
02WB003,1988-11-30,354.0,
02WB003,1988-12-30,123.0,E
02WB003,1989-01-30,76.69999694824219,E
02WB003,1989-03-30,50.09999847412109,E
02WB003,1989-04-30,110.0,E
02WB003,1989-05-30,1490.0,
02WB003,1989-06-30,470.0,
02WB003,1989-07-30,630.0,
02WB003,1989-08-30,685.0,
02WB003,1989-09-30,423.0,
02WB003,1989-10-30,355.0,
02WB003,1989-11-30,215.0,E
02WB003,1989-12-30,111.0,E
02WB003,1990-01-30,78.0999984741211,E
02WB003,1990-03-30,64.69999694824219,E
02WB003,1990-04-30,103.0,E
02WB003,1990-05-30,1050.0,
02WB003,1990-06-30,339.0,
02WB003,1990-07-30,315.0,
02WB003,1990-08-30,219.0,
02WB003,1990-09-30,277.0,
02WB003,1990-10-30,226.0,E
02WB003,1990-11-30,163.0,E
02WB003,1990-12-30,122.0,E
02WB003,1991-01-30,86.80000305175781,E
02WB003,1991-03-30,64.69999694824219,E
02WB003,1991-04-30,90.4000015258789,E
02WB003,1991-05-30,1140.0,
02WB003,1991-06-30,525.0,
02WB003,1991-07-30,449.0,
02WB003,1991-08-30,213.0,
02WB003,1991-09-30,266.0,
02WB003,1991-10-30,375.0,
02WB003,1991-11-30,111.0,
02WB003,1991-12-30,80.80000305175781,
02WB003,1992-01-30,77.4000015258789,E
02WB003,1992-03-30,60.400001525878906,E
02WB003,1992-04-30,89.5,E
02WB003,1992-05-30,795.0,
02WB003,1992-06-30,486.0,
02WB003,1992-07-30,355.0,
02WB003,1992-08-30,339.0,
02WB003,1992-09-30,307.0,
02WB003,1992-10-30,674.0,
02WB003,1992-11-30,159.0,
02WB003,1992-12-30,78.0999984741211,E
02WB003,1993-01-30,54.900001525878906,E
02WB003,1993-03-30,45.79999923706055,E
02WB003,1993-04-30,173.0,E
02WB003,1993-05-30,1150.0,
02WB003,1993-06-30,304.0,
02WB003,1993-07-30,331.0,
02WB003,1993-08-30,299.0,
02WB003,1993-09-30,394.0,
02WB003,1993-10-30,504.0,
02WB003,1993-11-30,167.0,
02WB003,1993-12-30,116.0,E
02WB003,1994-01-30,101.0,E
02WB003,1994-03-30,75.4000015258789,E
02WB003,1994-04-30,127.0,E
02WB003,1994-05-30,1080.0,
02WB003,1994-06-30,816.0,
02WB003,1994-07-30,582.0,
02WB003,1994-08-30,414.0,
02WB003,1994-09-30,351.0,
02WB003,1994-10-30,337.0,
02WB003,1994-11-30,147.0,
02WB003,1994-12-30,116.0,E
02WB003,1995-01-30,92.1999969482422,E
02WB003,1995-03-30,84.19999694824219,E
02WB003,1995-04-30,274.0,E
02WB003,1995-05-30,1040.0,
02WB003,1995-06-30,317.0,
02WB003,1995-07-30,243.0,
02WB003,1995-08-30,130.0,
02WB003,1995-09-30,308.0,
02WB003,1995-10-30,601.0,
02WB003,1995-11-30,264.0,
02WB003,1995-12-30,134.0,E
02WB003,1996-01-30,125.0,E
02WB003,1996-03-30,134.0,E
02WB003,1996-04-30,987.0,
02WB003,1996-05-30,899.0,
02WB003,1996-06-30,478.0,
02WB003,1996-07-30,691.0,
02WB003,1996-08-30,205.0,
02WB003,1996-09-30,155.0,
02WB003,1996-10-30,269.0,
02WB003,1996-11-30,238.0,
02WB003,1996-12-30,159.0,E
02WB003,1997-01-30,122.0,E
02WB003,1997-03-30,99.4000015258789,E
02WB003,1997-04-30,144.0,E
02WB003,1997-05-30,1190.0,
02WB003,1997-06-30,610.0,
02WB003,1997-07-30,345.0,
02WB003,1997-08-30,380.0,
02WB003,1997-09-30,398.0,
02WB003,1997-10-30,247.0,
02WB003,1997-11-30,153.0,
02WB003,1997-12-30,111.0,E
02WB003,1998-01-30,90.9000015258789,E
02WB003,1998-03-30,161.0,E
02WB003,1998-04-30,413.0,E
02WB003,1998-05-30,1060.0,
02WB003,1998-06-30,295.0,
02WB003,1998-07-30,274.0,
02WB003,1998-08-30,160.0,
02WB003,1998-09-30,545.0,
02WB003,1998-10-30,359.0,
02WB003,1998-11-30,208.0,
02WB003,1998-12-30,129.0,B
02WB003,1999-01-30,92.8000030517578,B
02WB003,1999-03-30,153.0,B
02WB003,1999-04-30,353.0,E
02WB003,1999-05-30,1060.0,
02WB003,1999-06-30,283.0,
02WB003,1999-07-30,192.0,
02WB003,1999-08-30,251.0,
02WB003,1999-09-30,617.0,
02WB003,1999-10-30,374.0,
02WB003,1999-11-30,320.0,
02WB003,1999-12-30,173.0,
02WB003,2000-01-30,119.0,E
02WB003,2000-03-30,101.0,E
02WB003,2000-04-30,330.0,B
02WB003,2000-05-30,1580.0,
02WB003,2000-06-30,592.0,
02WB003,2000-07-30,527.0,
02WB003,2000-08-30,245.0,
02WB003,2000-09-30,251.0,
02WB003,2000-10-30,259.0,
02WB003,2000-11-30,129.0,
02WB003,2000-12-30,103.0,B
02WB003,2001-01-30,88.30000305175781,B
02WB003,2001-03-30,75.69999694824219,B
02WB003,2001-04-30,106.0,B
02WB003,2001-05-30,685.0,
02WB003,2001-06-30,360.0,
02WB003,2001-07-30,385.0,
02WB003,2001-08-30,186.0,
02WB003,2001-09-30,269.0,
02WB003,2001-10-30,407.0,
02WB003,2001-11-30,255.0,
02WB003,2001-12-30,132.0,
02WB003,2002-01-30,86.19999694824219,
02WB003,2002-03-30,138.0,
02WB003,2002-04-30,208.0,
02WB003,2002-05-30,1350.0,
02WB003,2002-06-30,512.0,
02WB003,2002-07-30,283.0,
02WB003,2002-08-30,329.0,
02WB003,2002-09-30,299.0,
02WB003,2002-10-30,406.0,
02WB003,2002-11-30,261.0,
02WB003,2002-12-30,134.0,
02WB003,2003-01-30,94.8000030517578,
02WB003,2003-03-30,70.4000015258789,
02WB003,2003-04-30,272.0,
02WB003,2003-05-30,1320.0,
02WB003,2003-06-30,297.0,
02WB003,2003-07-30,539.0,
02WB003,2003-08-30,194.0,
02WB003,2003-09-30,162.0,
02WB003,2003-10-30,858.0,
02WB003,2003-11-30,469.0,
02WB003,2003-12-30,149.0,
02WB003,2004-01-30,107.0,
02WB003,2004-03-30,76.69999694824219,
02WB003,2004-04-30,235.0,
02WB003,2004-05-30,1400.0,
02WB003,2004-06-30,529.0,
02WB003,2004-07-30,227.0,
02WB003,2004-08-30,245.0,
02WB003,2004-09-30,146.0,
02WB003,2004-10-30,248.0,
02WB003,2004-11-30,308.0,
02WB003,2004-12-30,182.0,
02WB003,2005-01-30,112.0,
02WB003,2005-03-30,102.0,
02WB003,2005-04-30,195.0,
02WB003,2005-05-30,1020.0,
02WB003,2005-06-30,202.0,
02WB003,2005-07-30,140.0,
02WB003,2005-08-30,272.0,
02WB003,2005-09-30,315.0,
02WB003,2005-10-30,291.0,
02WB003,2005-11-30,767.0,
02WB003,2005-12-30,158.0,
02WB003,2006-01-30,170.0,
02WB003,2006-03-30,124.0,
02WB003,2006-04-30,727.0,
02WB003,2006-05-30,713.0,
02WB003,2006-06-30,234.0,
02WB003,2006-07-30,385.0,
02WB003,2006-08-30,232.0,
02WB003,2006-09-30,243.0,
02WB003,2006-10-30,366.0,
02WB003,2006-11-30,299.0,
02WB003,2006-12-30,134.0,
02WB003,2007-01-30,107.0,
02WB003,2007-03-30,99.0,
02WB003,2007-04-30,307.0,
02WB003,2007-05-30,1130.0,
02WB003,2007-06-30,680.0,
02WB003,2007-07-30,282.0,
02WB003,2007-08-30,132.0,
02WB003,2007-09-30,457.0,
02WB003,2007-10-30,385.0,
02WB003,2007-11-30,329.0,
02WB003,2007-12-30,139.0,
02WB003,2008-01-30,96.0,
02WB003,2008-03-30,68.4000015258789,
02WB003,2008-04-30,446.0,
02WB003,2008-05-30,842.0,
02WB003,2008-06-30,438.0,
02WB003,2008-07-30,242.0,
02WB003,2008-08-30,300.0,
02WB003,2008-09-30,640.0,
02WB003,2008-10-30,378.0,
02WB003,2008-11-30,346.0,
02WB003,2008-12-30,144.0,
02WB003,2009-01-30,110.0,
02WB003,2009-03-30,95.8000030517578,
02WB003,2009-04-30,509.0,
02WB003,2009-05-30,893.0,
02WB003,2009-06-30,381.0,
02WB003,2009-07-30,337.0,
02WB003,2009-08-30,189.0,
02WB003,2009-09-30,350.0,
02WB003,2009-10-30,222.0,
02WB003,2009-11-30,351.0,
02WB003,2009-12-30,138.0,
02WB003,2010-01-30,99.8000030517578,
02WB003,2010-03-30,80.80000305175781,
02WB003,2010-04-30,688.0,
02WB003,2010-05-30,939.0,
02WB003,2010-06-30,543.0,
02WB003,2010-07-30,487.0,
02WB003,2010-08-30,233.0,
02WB003,2010-09-30,130.0,
02WB003,2010-10-30,461.0,
02WB003,2010-11-30,244.0,
02WB003,2010-12-30,148.0,
02WB003,2011-01-30,112.0,
02WB003,2011-03-30,97.6999969482422,
02WB003,2011-04-30,260.0,
02WB003,2011-05-30,1000.0,
02WB003,2011-06-30,501.0,
02WB003,2011-07-30,266.0,
02WB003,2011-08-30,301.0,
02WB003,2011-09-30,198.0,
02WB003,2011-10-30,249.0,
02WB003,2011-11-30,252.0,
02WB003,2011-12-30,194.0,
02WB003,2012-01-30,118.0,B
02WB003,2012-03-30,89.0999984741211,B
02WB003,2012-04-30,961.0,B
02WB003,2012-05-30,961.0,
02WB003,2012-06-30,250.0,
02WB003,2012-07-30,238.0,
02WB003,2012-08-30,259.0,
02WB003,2012-09-30,367.0,
02WB003,2012-10-30,556.0,
02WB003,2012-11-30,215.0,B
02WB003,2012-12-30,155.0,B
02WB003,2013-01-30,95.5,B
02WB003,2013-03-30,188.0,B
02WB003,2013-04-30,602.0,
02WB003,2013-05-30,1270.0,
02WB003,2013-06-30,299.0,
02WB003,2013-07-30,189.0,
02WB003,2013-08-30,299.0,
02WB003,2013-09-30,548.0,
02WB003,2013-10-30,396.0,
02WB003,2013-11-30,684.0,
02WB003,2013-12-30,129.0,B
02WB003,2014-01-30,83.5,B
02WB003,2014-03-30,56.0,B
02WB003,2014-04-30,164.0,B
02WB003,2014-05-30,940.0,
02WB003,2014-06-30,529.0,
02WB003,2014-07-30,289.0,
02WB003,2014-08-30,170.0,
02WB003,2014-09-30,299.0,
02WB003,2014-10-30,420.0,
02WB003,2014-11-30,172.0,B
02WB003,2014-12-30,116.0,B
02WB003,2015-01-30,87.19999694824219,B
02WB003,2015-03-30,64.5999984741211,B
02WB003,2015-04-30,321.0,B
02WB003,2015-05-30,1840.0,
02WB003,2015-06-30,394.0,
02WB003,2015-07-30,304.0,
02WB003,2015-08-30,401.0,
02WB003,2015-09-30,278.0,
02WB003,2015-10-30,238.0,
02WB003,2015-11-30,138.0,B
02WB003,2015-12-30,96.5,B
02WB003,2016-01-30,89.0999984741211,B
02WB003,2016-03-30,81.5999984741211,B
02WB003,2016-04-30,266.0,B
02WB003,2016-05-30,996.0,
02WB003,2016-06-30,481.0,
02WB003,2016-07-30,412.0,
02WB003,2016-08-30,534.0,
02WB003,2016-09-30,354.0,
02WB003,2016-10-30,567.0,
02WB003,2016-11-30,,
02WB003,2017-05-30,1080.0,
02WB003,2017-06-30,645.0,
02WB003,2017-07-30,290.0,
02WB003,2017-08-30,382.0,
02WB003,2017-09-30,523.0,
02WB003,2017-10-30,404.0,
02WB003,2017-11-30,,
02WB003,2018-05-30,1290.0,
02WB003,2018-06-30,608.0,
02WB003,2018-07-30,289.0,
02WB003,2018-08-30,223.0,
02WB003,2018-09-30,231.0,
02WB003,2018-10-30,257.0,
02WB003,2018-11-30,,
02WB003,2019-05-30,2190.0,
02WB003,2019-06-30,587.0,
02WB003,2019-07-30,210.0,
02WB003,2019-08-30,338.0,
02WB003,2019-09-30,274.0,
02WB003,2019-10-30,240.0,
02WB003,2019-11-30,,
02WB003,2020-05-30,1690.0,
02WB003,2020-06-30,496.0,
02WB003,2020-07-30,241.0,
02WB003,2020-08-30,256.0,
02WB003,2020-09-30,214.0,
02WB003,2020-10-30,456.0,
02WB003,2020-11-30,,
02WB003,2021-04-30,1410.0,
02WB003,2021-05-30,886.0,
02WB003,2021-06-30,543.0,
02WB003,2021-07-30,218.0,
02WB003,2021-08-30,221.0,
02WB003,2021-09-30,449.0,
02WB003,2021-10-30,450.0,
02WB003,2021-11-30,966.0,
02WB003,2021-12-30,,
02WB003,2022-05-30,2010.0,
02WB003,2022-06-30,514.0,
02WB003,2022-07-30,554.0,
02WB003,2022-08-30,232.0,
02WB003,2022-09-30,634.0,
02WB003,2022-10-30,387.0,
02WB003,2022-11-30,,
02WB003,2023-04-30,905.0,
02WB003,2023-05-30,598.0,
02WB003,2023-06-30,208.0,
02WB003,2023-07-30,239.0,
02WB003,2023-08-30,408.0,
02WB003,2023-09-30,578.0,
02WB003,2023-10-30,344.0,
02WB003,2023-11-30,,
02WB003,2024-04-30,541.0,
02WB003,2024-05-30,977.0,
02WB003,2024-06-30,211.0,
02WB003,2024-07-30,192.0,
02WB003,2024-08-30,112.0,
02WB003,2024-09-30,96.4000015258789,
02WB003,1980-08-31,,
02WB003,1980-10-31,,
02WB003,1981-01-31,,
02WB003,1981-03-31,,
02WB003,1981-08-31,,
02WB003,1981-10-31,616.0,
02WB003,1981-12-31,225.0,E
02WB003,1982-01-31,133.0,E
02WB003,1982-03-31,87.0,E
02WB003,1982-05-31,1500.0,
02WB003,1982-07-31,462.0,
02WB003,1982-08-31,393.0,
02WB003,1982-10-31,132.0,
02WB003,1982-12-31,132.0,E
02WB003,1983-01-31,114.0,E
02WB003,1983-03-31,212.0,E
02WB003,1983-05-31,764.0,
02WB003,1983-07-31,375.0,
02WB003,1983-08-31,461.0,
02WB003,1983-10-31,290.0,
02WB003,1983-12-31,178.0,E
02WB003,1984-01-31,116.0,E
02WB003,1984-03-31,147.0,E
02WB003,1984-05-31,1280.0,
02WB003,1984-07-31,346.0,
02WB003,1984-08-31,138.0,
02WB003,1984-10-31,188.0,
02WB003,1984-12-31,104.0,E
02WB003,1985-01-31,70.0,E
02WB003,1985-03-31,55.400001525878906,E
02WB003,1985-05-31,1310.0,
02WB003,1985-07-31,907.0,
02WB003,1985-08-31,378.0,
02WB003,1985-10-31,270.0,
02WB003,1985-12-31,109.0,E
02WB003,1986-01-31,120.0,E
02WB003,1986-03-31,62.0,E
02WB003,1986-05-31,521.0,
02WB003,1986-07-31,307.0,
02WB003,1986-08-31,274.0,
02WB003,1986-10-31,257.0,
02WB003,1986-12-31,71.0,E
02WB003,1987-01-31,56.20000076293945,E
02WB003,1987-03-31,68.0,E
02WB003,1987-05-31,490.0,E
02WB003,1987-07-31,226.0,
02WB003,1987-08-31,247.0,
02WB003,1987-10-31,646.0,
02WB003,1987-12-31,145.0,E
02WB003,1988-01-31,99.0,E
02WB003,1988-03-31,127.0,E
02WB003,1988-05-31,1260.0,
02WB003,1988-07-31,206.0,
02WB003,1988-08-31,136.0,
02WB003,1988-10-31,729.0,
02WB003,1988-12-31,120.0,E
02WB003,1989-01-31,75.5999984741211,E
02WB003,1989-03-31,50.29999923706055,E
02WB003,1989-05-31,1650.0,
02WB003,1989-07-31,827.0,
02WB003,1989-08-31,645.0,
02WB003,1989-10-31,342.0,
02WB003,1989-12-31,110.0,E
02WB003,1990-01-31,77.5,E
02WB003,1990-03-31,64.5999984741211,E
02WB003,1990-05-31,1040.0,
02WB003,1990-07-31,290.0,
02WB003,1990-08-31,220.0,
02WB003,1990-10-31,200.0,E
02WB003,1990-12-31,121.0,E
02WB003,1991-01-31,86.0999984741211,E
02WB003,1991-03-31,64.4000015258789,E
02WB003,1991-05-31,1140.0,
02WB003,1991-07-31,428.0,
02WB003,1991-08-31,206.0,
02WB003,1991-10-31,355.0,
02WB003,1991-12-31,79.9000015258789,
02WB003,1992-01-31,76.5999984741211,E
02WB003,1992-03-31,65.0,E
02WB003,1992-05-31,771.0,
02WB003,1992-07-31,384.0,
02WB003,1992-08-31,367.0,
02WB003,1992-10-31,643.0,
02WB003,1992-12-31,76.5999984741211,E
02WB003,1993-01-31,54.400001525878906,E
02WB003,1993-03-31,45.29999923706055,E
02WB003,1993-05-31,1110.0,
02WB003,1993-07-31,322.0,
02WB003,1993-08-31,356.0,
02WB003,1993-10-31,491.0,
02WB003,1993-12-31,115.0,E
02WB003,1994-01-31,99.9000015258789,E
02WB003,1994-03-31,75.0999984741211,E
02WB003,1994-05-31,1080.0,
02WB003,1994-07-31,535.0,
02WB003,1994-08-31,425.0,
02WB003,1994-10-31,327.0,
02WB003,1994-12-31,115.0,E
02WB003,1995-01-31,91.5999984741211,E
02WB003,1995-03-31,84.0999984741211,E
02WB003,1995-05-31,974.0,
02WB003,1995-07-31,228.0,
02WB003,1995-08-31,130.0,
02WB003,1995-10-31,899.0,
02WB003,1995-12-31,129.0,E
02WB003,1996-01-31,122.0,E
02WB003,1996-03-31,132.0,E
02WB003,1996-05-31,890.0,
02WB003,1996-07-31,661.0,
02WB003,1996-08-31,201.0,
02WB003,1996-10-31,272.0,
02WB003,1996-12-31,157.0,E
02WB003,1997-01-31,121.0,E
02WB003,1997-03-31,99.6999969482422,E
02WB003,1997-05-31,1170.0,
02WB003,1997-07-31,343.0,
02WB003,1997-08-31,398.0,
02WB003,1997-10-31,241.0,
02WB003,1997-12-31,110.0,E
02WB003,1998-01-31,90.5999984741211,E
02WB003,1998-03-31,160.0,E
02WB003,1998-05-31,1010.0,
02WB003,1998-07-31,271.0,
02WB003,1998-08-31,159.0,
02WB003,1998-10-31,473.0,
02WB003,1998-12-31,127.0,B
02WB003,1999-01-31,92.3000030517578,B
02WB003,1999-03-31,159.0,B
02WB003,1999-05-31,980.0,
02WB003,1999-07-31,210.0,
02WB003,1999-08-31,268.0,
02WB003,1999-10-31,350.0,
02WB003,1999-12-31,171.0,
02WB003,2000-01-31,118.0,E
02WB003,2000-03-31,114.0,E
02WB003,2000-05-31,1580.0,
02WB003,2000-07-31,524.0,
02WB003,2000-08-31,238.0,
02WB003,2000-10-31,261.0,
02WB003,2000-12-31,102.0,B
02WB003,2001-01-31,87.69999694824219,B
02WB003,2001-03-31,75.69999694824219,
02WB003,2001-05-31,652.0,
02WB003,2001-07-31,358.0,
02WB003,2001-08-31,177.0,
02WB003,2001-10-31,384.0,
02WB003,2001-12-31,129.0,
02WB003,2002-01-31,85.5999984741211,
02WB003,2002-03-31,139.0,
02WB003,2002-05-31,1610.0,
02WB003,2002-07-31,279.0,
02WB003,2002-08-31,314.0,
02WB003,2002-10-31,383.0,
02WB003,2002-12-31,131.0,
02WB003,2003-01-31,94.3000030517578,
02WB003,2003-03-31,70.19999694824219,
02WB003,2003-05-31,1290.0,
02WB003,2003-07-31,521.0,
02WB003,2003-08-31,208.0,
02WB003,2003-10-31,969.0,
02WB003,2003-12-31,147.0,
02WB003,2004-01-31,106.0,
02WB003,2004-03-31,76.9000015258789,
02WB003,2004-05-31,1540.0,
02WB003,2004-07-31,222.0,
02WB003,2004-08-31,238.0,
02WB003,2004-10-31,238.0,
02WB003,2004-12-31,174.0,
02WB003,2005-01-31,111.0,
02WB003,2005-03-31,102.0,
02WB003,2005-05-31,927.0,
02WB003,2005-07-31,127.0,
02WB003,2005-08-31,294.0,
02WB003,2005-10-31,277.0,
02WB003,2005-12-31,155.0,
02WB003,2006-01-31,164.0,
02WB003,2006-03-31,124.0,
02WB003,2006-05-31,660.0,
02WB003,2006-07-31,402.0,
02WB003,2006-08-31,228.0,
02WB003,2006-10-31,361.0,
02WB003,2006-12-31,132.0,
02WB003,2007-01-31,106.0,
02WB003,2007-03-31,98.0,
02WB003,2007-05-31,1050.0,
02WB003,2007-07-31,266.0,
02WB003,2007-08-31,131.0,
02WB003,2007-10-31,384.0,
02WB003,2007-12-31,136.0,
02WB003,2008-01-31,95.0999984741211,
02WB003,2008-03-31,68.19999694824219,
02WB003,2008-05-31,796.0,
02WB003,2008-07-31,305.0,
02WB003,2008-08-31,284.0,
02WB003,2008-10-31,416.0,
02WB003,2008-12-31,142.0,
02WB003,2009-01-31,110.0,
02WB003,2009-03-31,95.8000030517578,
02WB003,2009-05-31,984.0,
02WB003,2009-07-31,342.0,
02WB003,2009-08-31,195.0,
02WB003,2009-10-31,255.0,
02WB003,2009-12-31,136.0,
02WB003,2010-01-31,99.3000030517578,
02WB003,2010-03-31,80.69999694824219,
02WB003,2010-05-31,905.0,
02WB003,2010-07-31,451.0,
02WB003,2010-08-31,216.0,
02WB003,2010-10-31,465.0,
02WB003,2010-12-31,144.0,
02WB003,2011-01-31,111.0,
02WB003,2011-03-31,96.6999969482422,
02WB003,2011-05-31,1010.0,
02WB003,2011-07-31,289.0,
02WB003,2011-08-31,345.0,
02WB003,2011-10-31,238.0,
02WB003,2011-12-31,175.0,
02WB003,2012-01-31,116.0,B
02WB003,2012-03-31,89.5999984741211,B
02WB003,2012-05-31,873.0,
02WB003,2012-07-31,226.0,
02WB003,2012-08-31,249.0,
02WB003,2012-10-31,525.0,
02WB003,2012-12-31,151.0,B
02WB003,2013-01-31,99.0999984741211,B
02WB003,2013-03-31,181.0,B
02WB003,2013-05-31,1170.0,
02WB003,2013-07-31,191.0,
02WB003,2013-08-31,287.0,
02WB003,2013-10-31,370.0,
02WB003,2013-12-31,127.0,B
02WB003,2014-01-31,82.5999984741211,B
02WB003,2014-03-31,55.900001525878906,B
02WB003,2014-05-31,876.0,
02WB003,2014-07-31,359.0,
02WB003,2014-08-31,164.0,
02WB003,2014-10-31,440.0,
02WB003,2014-12-31,115.0,B
02WB003,2015-01-31,86.5,B
02WB003,2015-03-31,64.4000015258789,B
02WB003,2015-05-31,1700.0,
02WB003,2015-07-31,290.0,
02WB003,2015-08-31,403.0,
02WB003,2015-10-31,251.0,
02WB003,2015-12-31,91.4000015258789,B
02WB003,2016-01-31,87.9000015258789,B
02WB003,2016-03-31,84.4000015258789,B
02WB003,2016-05-31,939.0,
02WB003,2016-07-31,421.0,
02WB003,2016-08-31,539.0,
02WB003,2016-10-31,524.0,
02WB003,2017-05-31,997.0,
02WB003,2017-07-31,334.0,
02WB003,2017-08-31,356.0,
02WB003,2017-10-31,402.0,
02WB003,2018-05-31,1430.0,
02WB003,2018-07-31,325.0,
02WB003,2018-08-31,248.0,
02WB003,2018-10-31,275.0,
02WB003,2019-05-31,2030.0,
02WB003,2019-07-31,208.0,
02WB003,2019-08-31,349.0,
02WB003,2019-10-31,231.0,
02WB003,2020-05-31,1810.0,
02WB003,2020-07-31,242.0,
02WB003,2020-08-31,253.0,
02WB003,2020-10-31,422.0,
02WB003,2021-05-31,826.0,
02WB003,2021-07-31,226.0,
02WB003,2021-08-31,217.0,
02WB003,2021-10-31,423.0,
02WB003,2021-12-31,,
02WB003,2022-05-31,2050.0,
02WB003,2022-07-31,534.0,
02WB003,2022-08-31,222.0,
02WB003,2022-10-31,369.0,
02WB003,2023-05-31,567.0,
02WB003,2023-07-31,251.0,
02WB003,2023-08-31,506.0,
02WB003,2023-10-31,347.0,
02WB003,2024-05-31,965.0,
02WB003,2024-07-31,183.0,
02WB003,2024-08-31,105.0,
