STATION_NUMBER,DATUM_ID_FROM,DATUM_ID_TO,CONVERSION_FACTOR
08FF002,10,163,42.69300079345703
08FF002,10,605,43.10699844360352
