STATION_NUMBER,DATUM_ID_FROM,DATUM_ID_TO,CONVERSION_FACTOR
05CA002,10,110,1071.2769775390625
05CA002,10,605,1071.573974609375
