STATION_NUMBER,DATUM_ID_FROM,DATUM_ID_TO,CONVERSION_FACTOR
09BC001,10,35,458.2330017089844
09BC001,10,605,458.3420104980469
