STATION_NUMBER,DATUM_ID_FROM,DATUM_ID_TO,CONVERSION_FACTOR
02LB006,10,35,57.9119987487793
02LB006,10,605,57.59299850463867
