STATION_NUMBER,date,flow_cms,quality_symbol
05OF014,1960-03-01,0.0,B
05OF014,1960-04-01,0.7139999866485596,B
05OF014,1960-05-01,2.630000114440918,
05OF014,1960-06-01,0.08500000089406967,
05OF014,1960-07-01,0.30000001192092896,
05OF014,1960-08-01,0.0,
05OF014,1960-09-01,0.0,
05OF014,1960-10-01,0.0,
05OF014,1961-03-01,0.0,B
05OF014,1961-04-01,1.9800000190734863,B
05OF014,1961-05-01,0.03999999910593033,
05OF014,1961-06-01,0.0,
05OF014,1961-07-01,0.0,
05OF014,1961-08-01,0.0,
05OF014,1961-09-01,0.0,
05OF014,1961-10-01,0.0,
05OF014,1962-03-01,0.0,
05OF014,1962-04-01,0.0,
05OF014,1962-05-01,0.6290000081062317,
05OF014,1962-06-01,10.0,
05OF014,1962-07-01,0.017000000923871994,
05OF014,1962-08-01,0.10199999809265135,
05OF014,1962-09-01,0.0,
05OF014,1962-10-01,0.0,
05OF014,1963-03-01,0.0,B
05OF014,1963-04-01,0.99099999666214,B
05OF014,1963-05-01,0.00800000037997961,
05OF014,1963-06-01,0.0,
05OF014,1963-07-01,0.019999999552965164,
05OF014,1963-08-01,0.03700000047683716,
05OF014,1963-09-01,0.006000000052154064,E
05OF014,1963-10-01,0.0,
05OF014,1964-03-01,0.0,B
05OF014,1964-04-01,0.0,B
05OF014,1964-05-01,0.20999999344348907,E
05OF014,1964-06-01,0.0,
05OF014,1964-07-01,0.04800000041723251,
05OF014,1964-08-01,0.0,
05OF014,1964-09-01,0.4390000104904175,E
05OF014,1964-10-01,0.05700000002980232,E
05OF014,1965-03-01,0.0,B
05OF014,1965-04-01,0.0,B
05OF014,1965-05-01,1.600000023841858,
05OF014,1965-06-01,0.4359999895095825,E
05OF014,1965-07-01,0.193000003695488,E
05OF014,1965-08-01,0.0,
05OF014,1965-09-01,0.0,
05OF014,1965-10-01,0.0,
05OF014,1966-03-01,0.0,B
05OF014,1966-04-01,47.29999923706055,B
05OF014,1966-05-01,0.0,
05OF014,1966-06-01,0.0,
05OF014,1966-07-01,0.0,
05OF014,1966-08-01,0.0,
05OF014,1966-09-01,0.0,
05OF014,1966-10-01,0.0,
05OF014,1967-03-01,0.0,B
05OF014,1967-04-01,0.0,B
05OF014,1967-05-01,0.7760000228881836,
05OF014,1967-06-01,0.3400000035762787,
05OF014,1967-07-01,0.04500000178813934,E
05OF014,1967-08-01,0.0,
05OF014,1967-09-01,0.0,
05OF014,1967-10-01,0.0,
05OF014,1968-03-01,0.0,B
05OF014,1968-04-01,3.3399999141693115,B
05OF014,1968-05-01,0.125,
05OF014,1968-06-01,0.1809999942779541,E
05OF014,1968-07-01,0.3109999895095825,E
05OF014,1968-08-01,0.019999999552965164,E
05OF014,1968-09-01,3.109999895095825,E
05OF014,1968-10-01,0.3479999899864197,
05OF014,1969-03-01,0.0,B
05OF014,1969-04-01,0.0,B
05OF014,1969-05-01,0.0,
05OF014,1969-06-01,0.32600000500679016,E
05OF014,1969-07-01,4.300000190734863,
05OF014,1969-08-01,0.3680000007152557,
05OF014,1969-09-01,0.019999999552965164,E
05OF014,1969-10-01,0.009999999776482582,
05OF014,1970-03-01,0.0,B
05OF014,1970-04-01,0.0,B
05OF014,1970-05-01,43.900001525878906,
05OF014,1970-06-01,2.2100000381469727,E
05OF014,1970-07-01,0.9570000171661376,
05OF014,1970-08-01,0.2409999966621399,
05OF014,1970-09-01,0.0,
05OF014,1970-10-01,0.03099999949336052,
05OF014,1971-03-01,0.0,B
05OF014,1971-04-01,0.0,B
05OF014,1971-05-01,0.6629999876022339,
05OF014,1971-06-01,0.1420000046491623,
05OF014,1971-07-01,0.38199999928474426,
05OF014,1971-08-01,0.0,
05OF014,1971-09-01,0.0,
05OF014,1971-10-01,0.0,
05OF014,1972-03-01,0.0,B
05OF014,1972-04-01,1.840000033378601,B
05OF014,1972-05-01,1.1299999952316284,E
05OF014,1972-06-01,0.42800000309944153,
05OF014,1972-07-01,0.5070000290870667,
05OF014,1972-08-01,0.2800000011920929,
05OF014,1972-09-01,0.14399999380111694,
05OF014,1972-10-01,0.05099999904632568,
05OF014,1973-03-01,0.0,B
05OF014,1973-04-01,0.15600000321865082,
05OF014,1973-05-01,0.017999999225139618,
05OF014,1973-06-01,0.0,
05OF014,1973-07-01,0.014000000432133676,
05OF014,1973-08-01,0.0,
05OF014,1973-09-01,0.0,
05OF014,1973-10-01,0.007000000216066837,
05OF014,1974-03-01,0.0,B
05OF014,1974-04-01,0.0,B
05OF014,1974-05-01,2.6600000858306885,
05OF014,1974-06-01,2.359999895095825,
05OF014,1974-07-01,0.2630000114440918,
05OF014,1974-08-01,0.0,
05OF014,1974-09-01,0.03400000184774399,
05OF014,1974-10-01,0.0,
05OF014,1975-03-01,0.0,B
05OF014,1975-04-01,0.0,B
05OF014,1975-05-01,5.150000095367432,
05OF014,1975-06-01,0.08799999952316284,
05OF014,1975-07-01,2.640000104904175,
05OF014,1975-08-01,0.0010000000474974513,
05OF014,1975-09-01,0.0,E
05OF014,1975-10-01,0.0,
05OF014,1976-03-01,0.0,B
05OF014,1976-04-01,0.0,B
05OF014,1976-05-01,0.5580000281333923,
05OF014,1976-06-01,0.03400000184774399,
05OF014,1976-07-01,0.004999999888241291,
05OF014,1976-08-01,0.0,
05OF014,1976-09-01,0.0,
05OF014,1976-10-01,0.0,
05OF014,1977-03-01,0.0,B
05OF014,1977-04-01,0.014000000432133676,B
05OF014,1977-05-01,0.0,
05OF014,1977-06-01,0.0010000000474974513,
05OF014,1977-07-01,0.003000000026077032,
05OF014,1977-08-01,0.003000000026077032,
05OF014,1977-09-01,0.0,
05OF014,1977-10-01,1.5700000524520874,
05OF014,1978-03-01,0.0,B
05OF014,1978-04-01,0.718999981880188,B
05OF014,1978-05-01,1.2699999809265137,E
05OF014,1978-06-01,0.4729999899864197,
05OF014,1978-07-01,0.0,
05OF014,1978-08-01,0.0,
05OF014,1978-09-01,0.0,
05OF014,1978-10-01,0.0,
05OF014,1979-03-01,0.0,B
05OF014,1979-04-01,0.0,B
05OF014,1979-06-01,,
05OF014,1979-07-01,0.2939999997615814,
05OF014,1979-08-01,0.08299999684095383,
05OF014,1979-09-01,0.0,
05OF014,1979-10-01,0.0,
05OF014,1980-03-01,0.0,B
05OF014,1980-04-01,0.0,B
05OF014,1980-05-01,0.06300000101327896,
05OF014,1980-06-01,0.0,
05OF014,1980-07-01,0.0,
05OF014,1980-08-01,0.0,
05OF014,1980-09-01,0.0,
05OF014,1980-10-01,0.0,
05OF014,1981-03-01,0.0,B
05OF014,1981-04-01,0.27900001406669617,
05OF014,1981-05-01,0.0,
05OF014,1981-06-01,0.008999999612569809,
05OF014,1981-07-01,0.04899999871850014,
05OF014,1981-08-01,0.0,
05OF014,1981-09-01,0.0,
05OF014,1981-10-01,0.0,
05OF014,1982-03-01,0.0,B
05OF014,1982-04-01,2.650000095367432,B
05OF014,1982-05-01,0.02800000086426735,
05OF014,1982-06-01,0.0,
05OF014,1982-07-01,0.0020000000949949026,
05OF014,1982-08-01,0.0,
05OF014,1982-09-01,0.0,
05OF014,1982-10-01,0.0,
05OF014,1983-03-01,0.0,B
05OF014,1983-04-01,6.0,B
05OF014,1983-05-01,0.25200000405311584,
05OF014,1983-06-01,0.03099999949336052,E
05OF014,1983-07-01,0.0,
05OF014,1983-08-01,0.0,
05OF014,1983-09-01,0.0,
05OF014,1983-10-01,0.0,
05OF014,1984-03-01,0.0,B
05OF014,1984-04-01,1.1100000143051147,B
05OF014,1984-05-01,0.1449999958276749,E
05OF014,1984-06-01,0.0,
05OF014,1984-07-01,0.057999998331069946,
05OF014,1984-08-01,0.0,
05OF014,1984-09-01,0.0,
05OF014,1984-10-01,0.0,
05OF014,1985-03-01,0.0,B
05OF014,1985-04-01,1.940000057220459,E
05OF014,1985-05-01,0.07100000232458115,
05OF014,1985-06-01,0.03799999877810478,
05OF014,1985-07-01,0.0,
05OF014,1985-08-01,0.0,
05OF014,1985-09-01,0.5600000023841858,
05OF014,1985-10-01,0.15700000524520874,
05OF014,1986-03-01,0.0,B
05OF014,1986-04-01,14.0,
05OF014,1986-05-01,5.46999979019165,
05OF014,1986-06-01,0.3540000021457672,
05OF014,1986-07-01,0.0,
05OF014,1986-08-01,0.027000000700354576,E
05OF014,1986-09-01,0.0,E
05OF014,1986-10-01,0.0,
05OF014,1987-03-01,0.0,B
05OF014,1987-04-01,0.10899999737739564,B
05OF014,1987-05-01,0.0989999994635582,
05OF014,1987-06-01,0.023000000044703484,
05OF014,1987-07-01,0.0,
05OF014,1987-08-01,0.0,
05OF014,1987-09-01,0.0,
05OF014,1987-10-01,0.0,
05OF014,1988-03-01,0.023000000044703484,B
05OF014,1988-04-01,0.3499999940395355,B
05OF014,1988-05-01,0.004999999888241291,
05OF014,1988-06-01,0.0,
05OF014,1988-07-01,0.0,
05OF014,1988-08-01,0.0,
05OF014,1988-09-01,0.0,
05OF014,1988-10-01,0.0,
05OF014,1989-03-01,0.0,B
05OF014,1989-04-01,0.0,B
05OF014,1989-05-01,0.25600001215934753,
05OF014,1989-06-01,0.0,
05OF014,1989-07-01,0.0,
05OF014,1989-08-01,0.0,
05OF014,1989-09-01,0.0,
05OF014,1989-10-01,0.0,
05OF014,1990-03-01,0.0,B
05OF014,1990-04-01,15.0,B
05OF014,1990-05-01,0.08100000023841858,
05OF014,1990-06-01,0.003000000026077032,
05OF014,1990-07-01,0.3540000021457672,
05OF014,1990-08-01,0.0,
05OF014,1990-09-01,0.0,
05OF014,1990-10-01,0.0,
05OF014,1991-03-01,0.0,B
05OF014,1991-04-01,0.31700000166893005,B
05OF014,1991-05-01,0.07000000029802322,
05OF014,1991-06-01,0.017000000923871994,
05OF014,1991-07-01,3.190000057220459,
05OF014,1991-08-01,0.10999999940395357,
05OF014,1991-09-01,0.006000000052154064,E
05OF014,1991-10-01,0.0,
05OF014,1992-03-01,0.0,B
05OF014,1992-04-01,16.5,B
05OF014,1992-05-01,0.4699999988079071,
05OF014,1992-06-01,0.25999999046325684,
05OF014,1992-07-01,0.33399999141693115,
05OF014,1992-08-01,0.014999999664723871,
05OF014,1992-09-01,0.0,
05OF014,1992-10-01,0.0130000002682209,
05OF014,1993-03-01,0.0,B
05OF014,1993-04-01,8.850000381469727,B
05OF014,1993-05-01,0.15399999916553497,
05OF014,1993-06-01,0.14900000393390656,
05OF014,1993-07-01,0.3529999852180481,
05OF014,1993-08-01,8.369999885559082,
05OF014,1993-09-01,0.8149999976158142,
05OF014,1993-10-01,0.15700000524520874,
05OF014,1994-03-01,0.0,B
05OF014,1994-04-01,3.220000028610229,B
05OF014,1994-05-01,0.699999988079071,
05OF014,1994-06-01,0.26899999380111694,
05OF014,1994-07-01,0.0,
05OF014,1994-08-01,0.0989999994635582,
05OF014,1994-09-01,0.0,
05OF014,1994-10-01,0.0,
05OF014,1995-03-01,0.0,B
05OF014,1995-04-01,10.800000190734863,B
05OF014,1995-05-01,3.3499999046325684,
05OF014,1995-06-01,2.259999990463257,
05OF014,1995-07-01,0.023000000044703484,
05OF014,1995-08-01,0.0,
05OF014,1995-09-01,0.125,
05OF014,1995-10-01,0.0010000000474974513,
05OF014,1996-03-01,0.0,B
05OF014,1996-04-01,0.0,B
05OF014,1996-05-01,1.3700000047683716,
05OF014,1996-06-01,1.4800000190734863,
05OF014,1996-07-01,0.14900000393390656,
05OF014,1996-08-01,0.10300000011920928,
05OF014,1996-09-01,0.06599999964237213,
05OF014,1996-10-01,0.019999999552965164,
05OF014,1997-03-01,0.0,B
05OF014,1997-04-01,0.0020000000949949026,B
05OF014,1997-05-01,,
05OF014,1997-06-01,0.7020000219345093,
05OF014,1997-07-01,0.1420000046491623,
05OF014,1997-08-01,0.0689999982714653,
05OF014,1997-09-01,0.0,
05OF014,1997-10-01,0.0,
05OF014,1998-03-01,0.6000000238418579,B
05OF014,1998-04-01,15.899999618530272,
05OF014,1998-05-01,2.200000047683716,
05OF014,1998-06-01,0.054999999701976776,
05OF014,1998-07-01,0.11599999666213988,
05OF014,1998-08-01,0.0010000000474974513,
05OF014,1998-09-01,0.0,
05OF014,1998-10-01,0.0,
05OF014,1999-03-01,0.0,B
05OF014,1999-04-01,6.650000095367432,
05OF014,1999-05-01,0.5299999713897705,
05OF014,1999-06-01,0.9449999928474426,
05OF014,1999-07-01,0.1449999958276749,
05OF014,1999-08-01,0.008999999612569809,
05OF014,1999-09-01,0.0,
05OF014,1999-10-01,0.0,
05OF014,2000-03-01,0.0,B
05OF014,2000-04-01,0.1469999998807907,
05OF014,2000-05-01,0.0,
05OF014,2000-06-01,0.0,
05OF014,2000-07-01,0.009999999776482582,
05OF014,2000-08-01,0.0,
05OF014,2000-09-01,0.20999999344348907,
05OF014,2000-10-01,0.0,
05OF014,2001-03-01,0.0,B
05OF014,2001-04-01,0.9169999957084656,B
05OF014,2001-05-01,1.309999942779541,
05OF014,2001-06-01,0.9810000061988832,
05OF014,2001-07-01,0.12600000202655792,
05OF014,2001-08-01,1.100000023841858,
05OF014,2001-09-01,0.008999999612569809,
05OF014,2001-10-01,0.0010000000474974513,
05OF014,2002-03-01,0.0,B
05OF014,2002-04-01,0.0,B
05OF014,2002-05-01,0.12300000339746477,
05OF014,2002-06-01,0.014000000432133676,
05OF014,2002-07-01,0.7789999842643738,
05OF014,2002-08-01,0.0,
05OF014,2002-09-01,1.3799999952316284,
05OF014,2002-10-01,0.08500000089406967,
05OF014,2003-03-01,0.0,B
05OF014,2003-04-01,2.369999885559082,B
05OF014,2003-05-01,0.07500000298023224,
05OF014,2003-06-01,0.10899999737739564,
05OF014,2003-07-01,0.16599999368190765,
05OF014,2003-08-01,0.0,
05OF014,2003-09-01,0.0,
05OF014,2003-10-01,0.0,
05OF014,2004-03-01,0.0,B
05OF014,2004-04-01,27.5,B
05OF014,2004-05-01,0.1459999978542328,
05OF014,2004-06-01,29.0,
05OF014,2004-07-01,0.8980000019073486,
05OF014,2004-08-01,0.12200000137090684,
05OF014,2004-09-01,0.13600000739097595,
05OF014,2004-10-01,0.35100001096725464,
05OF014,2005-03-01,0.0,B
05OF014,2005-04-01,0.39500001072883606,B
05OF014,2005-05-01,0.3610000014305115,
05OF014,2005-06-01,2.2699999809265137,
05OF014,2005-07-01,90.5999984741211,
05OF014,2005-08-01,0.25999999046325684,
05OF014,2005-09-01,0.0560000017285347,
05OF014,2005-10-01,0.024000000208616257,A
05OF014,2006-03-01,0.04899999871850014,B
05OF014,2006-04-01,3.0299999713897705,B
05OF014,2006-05-01,5.539999961853027,
05OF014,2006-06-01,0.2119999974966049,
05OF014,2006-07-01,0.05400000140070915,
05OF014,2006-08-01,0.0,
05OF014,2006-09-01,0.0,
05OF014,2006-10-01,0.0,
05OF014,2007-03-01,0.0,B
05OF014,2007-04-01,5.610000133514404,B
05OF014,2007-05-01,0.05299999937415123,A
05OF014,2007-06-01,2.539999961853028,
05OF014,2007-07-01,4.389999866485596,
05OF014,2007-08-01,0.0689999982714653,
05OF014,2007-09-01,0.0820000022649765,
05OF014,2007-10-01,0.007000000216066837,
05OF014,2008-03-01,0.0,B
05OF014,2008-04-01,0.0010000000474974513,B
05OF014,2008-05-01,0.09700000286102296,
05OF014,2008-06-01,0.07199999690055847,
05OF014,2008-07-01,0.1459999978542328,
05OF014,2008-08-01,0.0,
05OF014,2008-09-01,0.0,
05OF014,2008-10-01,0.1120000034570694,
05OF014,2009-03-01,0.0,B
05OF014,2009-04-01,3.660000085830689,B
05OF014,2009-05-01,,
05OF014,2009-06-01,1.690000057220459,
05OF014,2009-07-01,1.8799999952316284,
05OF014,2009-08-01,0.028999999165534973,
05OF014,2009-09-01,0.0,
05OF014,2009-10-01,0.0,
05OF014,2010-03-01,0.0,B
05OF014,2010-04-01,9.449999809265137,B
05OF014,2010-05-01,0.090999998152256,
05OF014,2010-06-01,4.550000190734863,
05OF014,2010-07-01,0.5690000057220459,
05OF014,2010-08-01,0.36899998784065247,
05OF014,2010-09-01,3.5899999141693115,
05OF014,2010-10-01,3.130000114440918,
05OF014,2011-03-01,0.06199999898672104,B
05OF014,2011-04-01,26.100000381469727,B
05OF014,2011-05-01,,
05OF014,2011-06-01,6.079999923706055,
05OF014,2011-07-01,3.130000114440918,
05OF014,2011-08-01,0.22499999403953552,
05OF014,2011-09-01,0.0010000000474974513,A
05OF014,2011-10-01,0.0,
05OF014,2012-03-01,0.0,B
05OF014,2012-04-01,0.13899999856948853,
05OF014,2012-05-01,0.03200000151991844,
05OF014,2012-06-01,0.052000001072883606,
05OF014,2012-07-01,0.03700000047683716,
05OF014,2012-08-01,0.0,
05OF014,2012-09-01,0.0,
05OF014,2012-10-01,0.0,
05OF014,2013-03-01,0.0,B
05OF014,2013-04-01,0.0,B
05OF014,2013-05-01,44.400001525878906,
05OF014,2013-06-01,54.70000076293945,
05OF014,2013-07-01,1.2000000476837158,
05OF014,2013-08-01,0.18400000035762787,
05OF014,2013-09-01,0.03200000151991844,
05OF014,2013-10-01,0.014000000432133676,
05OF014,2014-03-01,0.0,B
05OF014,2014-04-01,0.0,B
05OF014,2014-05-01,2.150000095367432,
05OF014,2014-06-01,0.20399999618530276,
05OF014,2014-07-01,0.800000011920929,
05OF014,2014-08-01,0.003000000026077032,
05OF014,2014-09-01,0.007000000216066837,
05OF014,2014-10-01,0.0,
05OF014,2015-03-01,0.0,B
05OF014,2015-04-01,0.5569999814033508,B
05OF014,2015-05-01,0.193000003695488,
05OF014,2015-06-01,0.19699999690055847,A
05OF014,2015-07-01,0.06300000101327896,A
05OF014,2015-08-01,0.014999999664723871,
05OF014,2015-09-01,0.0010000000474974513,
05OF014,2015-10-01,0.0010000000474974513,
05OF014,2016-03-01,0.0010000000474974513,B
05OF014,2016-04-01,0.7009999752044678,B
05OF014,2016-05-01,0.23499999940395355,
05OF014,2016-06-01,0.15000000596046448,
05OF014,2016-07-01,0.5690000057220459,
05OF014,2016-08-01,0.2290000021457672,
05OF014,2016-09-01,0.0010000000474974513,E
05OF014,2016-10-01,0.01899999938905239,
05OF014,2017-03-01,0.009999999776482582,B
05OF014,2017-04-01,61.70000076293945,
05OF014,2017-05-01,0.414000004529953,
05OF014,2017-06-01,0.2419999986886978,
05OF014,2017-07-01,0.30399999022483826,
05OF014,2017-08-01,0.0130000002682209,
05OF014,2017-09-01,0.0,
05OF014,2017-10-01,0.0,
05OF014,2018-03-01,,
05OF014,2018-04-01,,
05OF014,2018-06-01,,
05OF014,2018-07-01,0.003000000026077032,
05OF014,2018-08-01,0.0,
05OF014,2018-09-01,0.0,
05OF014,2018-10-01,0.0,
05OF014,2019-03-01,0.0,B
05OF014,2019-04-01,13.699999809265137,B
05OF014,2019-05-01,,
05OF014,2019-06-01,0.014999999664723871,
05OF014,2019-07-01,0.0,
05OF014,2019-08-01,0.0,
05OF014,2019-09-01,0.0,
05OF014,2019-10-01,1.6699999570846558,
05OF014,2019-11-01,1.3300000429153442,B
05OF014,2020-03-01,0.0,B
05OF014,2020-04-01,13.899999618530272,B
05OF014,2020-05-01,,
05OF014,2020-06-01,0.0,
05OF014,2020-07-01,0.061000000685453415,
05OF014,2020-08-01,0.0,
05OF014,2020-09-01,0.0,
05OF014,2020-10-01,0.0,
05OF014,2021-02-01,,
05OF014,2021-03-01,0.0,B
05OF014,2021-04-01,0.06800000369548798,
05OF014,2021-05-01,0.25999999046325684,
05OF014,2021-06-01,0.05999999865889549,
05OF014,2021-07-01,0.012000000104308128,
05OF014,2021-08-01,0.0,
05OF014,2021-09-01,0.0,
05OF014,2021-10-01,0.0,
05OF014,2022-03-01,0.0,B
05OF014,2022-04-01,9.010000228881836,B
05OF014,2022-05-01,,
05OF014,2022-06-01,,
05OF014,2022-07-01,1.059999942779541,A
05OF014,2022-08-01,0.29100000858306885,
05OF014,2022-09-01,0.0,
05OF014,2022-10-01,0.0,
05OF014,2023-02-01,,
05OF014,2023-03-01,0.0010000000474974513,B
05OF014,2023-04-01,0.0010000000474974513,B
05OF014,2023-05-01,,
05OF014,2023-06-01,0.5540000200271606,
05OF014,2023-07-01,0.6050000190734863,
05OF014,2023-08-01,0.0,
05OF014,2023-09-01,0.0,
05OF014,2023-10-01,0.0,
05OF014,2024-03-01,0.0,B
05OF014,2024-04-01,0.8230000138282776,B
05OF014,2024-05-01,1.0299999713897705,
05OF014,2024-06-01,0.6909999847412109,
05OF014,2024-07-01,9.81999969482422,E
05OF014,2024-08-01,0.05299999937415123,E
05OF014,2024-09-01,0.2450000047683716,
05OF014,2024-10-01,0.23600000143051147,
05OF014,1960-03-02,0.0,B
05OF014,1960-04-02,0.9509999752044678,B
05OF014,1960-05-02,2.0999999046325684,
05OF014,1960-06-02,0.07900000363588333,
05OF014,1960-07-02,0.4020000100135803,
05OF014,1960-08-02,0.0,
05OF014,1960-09-02,0.0,
05OF014,1960-10-02,0.0,
05OF014,1961-03-02,0.0,B
05OF014,1961-04-02,1.840000033378601,B
05OF014,1961-05-02,0.03700000047683716,E
05OF014,1961-06-02,0.0,
05OF014,1961-07-02,0.0,
05OF014,1961-08-02,0.0,
05OF014,1961-09-02,0.0,
05OF014,1961-10-02,0.0,
05OF014,1962-03-02,0.0,
05OF014,1962-04-02,0.0,
05OF014,1962-05-02,0.5149999856948853,
05OF014,1962-06-02,5.659999847412109,E
05OF014,1962-07-02,0.010999999940395355,
05OF014,1962-08-02,0.125,
05OF014,1962-09-02,0.0,
05OF014,1962-10-02,0.0,
05OF014,1963-03-02,0.0,B
05OF014,1963-04-02,0.99099999666214,B
05OF014,1963-05-02,0.006000000052154064,E
05OF014,1963-06-02,0.0,
05OF014,1963-07-02,0.019999999552965164,
05OF014,1963-08-02,0.03400000184774399,
05OF014,1963-09-02,0.006000000052154064,
05OF014,1963-10-02,0.0,
05OF014,1964-03-02,0.0,B
05OF014,1964-04-02,0.0,B
05OF014,1964-05-02,0.23199999332427976,
05OF014,1964-06-02,0.0,
05OF014,1964-07-02,0.04199999943375588,E
05OF014,1964-08-02,0.0,
05OF014,1964-09-02,0.4390000104904175,E
05OF014,1964-10-02,0.05700000002980232,E
05OF014,1965-03-02,0.0,B
05OF014,1965-04-02,0.0,B
05OF014,1965-05-02,1.2000000476837158,
05OF014,1965-06-02,0.4129999876022339,
05OF014,1965-07-02,0.193000003695488,
05OF014,1965-08-02,0.0,
05OF014,1965-09-02,0.0,
05OF014,1965-10-02,0.0,
05OF014,1966-03-02,0.0,B
05OF014,1966-04-02,35.400001525878906,B
05OF014,1966-05-02,0.0,
05OF014,1966-06-02,0.0,
05OF014,1966-07-02,7.820000171661377,E
05OF014,1966-08-02,0.0,
05OF014,1966-09-02,0.0,
05OF014,1966-10-02,0.0,
05OF014,1967-03-02,0.0,B
05OF014,1967-04-02,0.9340000152587892,B
05OF014,1967-05-02,0.5320000052452087,
05OF014,1967-06-02,0.296999990940094,
05OF014,1967-07-02,0.03400000184774399,
05OF014,1967-08-02,0.0,
05OF014,1967-09-02,0.0,
05OF014,1967-10-02,0.0,
05OF014,1968-03-02,0.0,B
05OF014,1968-04-02,1.5499999523162842,B
05OF014,1968-05-02,0.0989999994635582,
05OF014,1968-06-02,0.1979999989271164,E
05OF014,1968-07-02,0.5799999833106995,
05OF014,1968-08-02,0.006000000052154064,
05OF014,1968-09-02,2.720000028610229,E
05OF014,1968-10-02,0.3400000035762787,
05OF014,1969-03-02,0.0,B
05OF014,1969-04-02,0.0,B
05OF014,1969-05-02,0.0,
05OF014,1969-06-02,0.3109999895095825,E
05OF014,1969-07-02,5.659999847412109,
05OF014,1969-08-02,0.3400000035762787,
05OF014,1969-09-02,0.019999999552965164,
05OF014,1969-10-02,0.010999999940395355,
05OF014,1970-03-02,0.0,B
05OF014,1970-04-02,0.0,B
05OF014,1970-05-02,35.099998474121094,
05OF014,1970-06-02,1.9800000190734863,
05OF014,1970-07-02,0.9490000009536744,
05OF014,1970-08-02,0.26899999380111694,
05OF014,1970-09-02,0.0,
05OF014,1970-10-02,0.014000000432133676,
05OF014,1971-03-02,0.0,B
05OF014,1971-04-02,0.0,B
05OF014,1971-05-02,0.6230000257492065,
05OF014,1971-06-02,0.1469999998807907,
05OF014,1971-07-02,0.3370000123977661,
05OF014,1971-08-02,0.0,
05OF014,1971-09-02,0.0,
05OF014,1971-10-02,0.0,
05OF014,1972-03-02,0.0,B
05OF014,1972-04-02,1.899999976158142,B
05OF014,1972-05-02,0.8579999804496765,
05OF014,1972-06-02,0.3310000002384186,
05OF014,1972-07-02,0.5379999876022339,
05OF014,1972-08-02,0.28600001335144043,
05OF014,1972-09-02,0.13600000739097595,
05OF014,1972-10-02,0.04800000041723251,E
05OF014,1973-03-02,0.0,B
05OF014,1973-04-02,0.1469999998807907,E
05OF014,1973-05-02,0.024000000208616257,
05OF014,1973-06-02,0.0,
05OF014,1973-07-02,0.007000000216066837,E
05OF014,1973-08-02,0.39899998903274536,
05OF014,1973-09-02,0.0,
05OF014,1973-10-02,0.007000000216066837,
05OF014,1974-03-02,0.0,B
05OF014,1974-04-02,0.0,B
05OF014,1974-05-02,2.0,
05OF014,1974-06-02,2.109999895095825,
05OF014,1974-07-02,0.25200000405311584,
05OF014,1974-08-02,0.0,
05OF014,1974-09-02,0.03099999949336052,E
05OF014,1974-10-02,0.0,
05OF014,1975-03-02,0.0,B
05OF014,1975-04-02,0.0,B
05OF014,1975-05-02,3.539999961853028,
05OF014,1975-06-02,0.0820000022649765,
05OF014,1975-07-02,2.450000047683716,
05OF014,1975-08-02,0.0010000000474974513,
05OF014,1975-09-02,0.0,
05OF014,1975-10-02,0.0,
05OF014,1976-03-02,0.0,B
05OF014,1976-04-02,0.0,B
05OF014,1976-05-02,0.5379999876022339,
05OF014,1976-06-02,0.0820000022649765,
05OF014,1976-07-02,0.0020000000949949026,
05OF014,1976-08-02,0.0,
05OF014,1976-09-02,0.0,
05OF014,1976-10-02,0.0,
05OF014,1977-03-02,0.0,B
05OF014,1977-04-02,0.05700000002980232,B
05OF014,1977-05-02,0.0,
05OF014,1977-06-02,0.0,
05OF014,1977-07-02,0.0130000002682209,
05OF014,1977-08-02,0.0020000000949949026,
05OF014,1977-09-02,0.0,
05OF014,1977-10-02,1.0,
05OF014,1978-03-02,0.0,B
05OF014,1978-04-02,1.3799999952316284,B
05OF014,1978-05-02,1.1399999856948853,E
05OF014,1978-06-02,0.4359999895095825,
05OF014,1978-07-02,0.0,
05OF014,1978-08-02,0.0,
05OF014,1978-09-02,0.0,
05OF014,1978-10-02,0.0,
05OF014,1979-03-02,0.0,B
05OF014,1979-04-02,0.0,B
05OF014,1979-06-02,,
05OF014,1979-07-02,0.27900001406669617,
05OF014,1979-08-02,0.05700000002980232,
05OF014,1979-09-02,0.0,
05OF014,1979-10-02,0.0,
05OF014,1980-03-02,0.0,B
05OF014,1980-04-02,0.0,B
05OF014,1980-05-02,0.05000000074505806,
05OF014,1980-06-02,0.0,
05OF014,1980-07-02,0.0,
05OF014,1980-08-02,0.0,
05OF014,1980-09-02,0.0,
05OF014,1980-10-02,0.0,
05OF014,1981-03-02,0.0,B
05OF014,1981-04-02,0.239999994635582,
05OF014,1981-05-02,0.0,
05OF014,1981-06-02,0.0010000000474974513,
05OF014,1981-07-02,0.03999999910593033,
05OF014,1981-08-02,0.07199999690055847,
05OF014,1981-09-02,0.0,
05OF014,1981-10-02,0.0,
05OF014,1982-03-02,0.0,B
05OF014,1982-04-02,2.5999999046325684,B
05OF014,1982-05-02,0.006000000052154064,
05OF014,1982-06-02,0.0,
05OF014,1982-07-02,0.0010000000474974513,
05OF014,1982-08-02,0.0,
05OF014,1982-09-02,0.0,
05OF014,1982-10-02,0.0,
05OF014,1983-03-02,0.0,B
05OF014,1983-04-02,8.5,B
05OF014,1983-05-02,0.20200000703334808,
05OF014,1983-06-02,0.02800000086426735,E
05OF014,1983-07-02,0.020999999716877937,
05OF014,1983-08-02,0.0,
05OF014,1983-09-02,0.0,
05OF014,1983-10-02,0.0,
05OF014,1984-03-02,0.0,B
05OF014,1984-04-02,0.8700000047683716,B
05OF014,1984-05-02,0.11800000071525574,E
05OF014,1984-06-02,0.0,
05OF014,1984-07-02,0.03500000014901161,
05OF014,1984-08-02,0.0,
05OF014,1984-09-02,0.0,
05OF014,1984-10-02,0.0,
05OF014,1985-03-02,0.0,B
05OF014,1985-04-02,1.7100000381469729,A
05OF014,1985-05-02,0.119999997317791,
05OF014,1985-06-02,0.028999999165534973,
05OF014,1985-07-02,0.20200000703334808,
05OF014,1985-08-02,0.0,
05OF014,1985-09-02,0.5019999742507935,
05OF014,1985-10-02,0.1509999930858612,
05OF014,1986-03-02,0.0,B
05OF014,1986-04-02,10.0,
05OF014,1986-05-02,6.340000152587891,
05OF014,1986-06-02,0.335999995470047,
05OF014,1986-07-02,0.0020000000949949026,
05OF014,1986-08-02,0.017000000923871994,E
05OF014,1986-09-02,0.0,E
05OF014,1986-10-02,0.0,
05OF014,1987-03-02,0.0,B
05OF014,1987-04-02,5.090000152587891,B
05OF014,1987-05-02,0.09399999678134918,
05OF014,1987-06-02,0.01600000075995922,
05OF014,1987-07-02,0.0,
05OF014,1987-08-02,0.0,
05OF014,1987-09-02,0.003000000026077032,
05OF014,1987-10-02,0.0,
05OF014,1988-03-02,0.023000000044703484,B
05OF014,1988-04-02,0.6000000238418579,B
05OF014,1988-05-02,0.003000000026077032,
05OF014,1988-06-02,0.0,
05OF014,1988-07-02,0.0,
05OF014,1988-08-02,0.0,
05OF014,1988-09-02,0.0,
05OF014,1988-10-02,0.0,
05OF014,1989-03-02,0.0,B
05OF014,1989-04-02,0.0,B
05OF014,1989-05-02,0.20399999618530276,
05OF014,1989-06-02,0.0,
05OF014,1989-07-02,0.0,
05OF014,1989-08-02,0.0,
05OF014,1989-09-02,0.0,
05OF014,1989-10-02,0.0,
05OF014,1990-03-02,0.0,B
05OF014,1990-04-02,20.200000762939453,B
05OF014,1990-05-02,0.06700000166893005,
05OF014,1990-06-02,0.16899999976158142,
05OF014,1990-07-02,0.3310000002384186,
05OF014,1990-08-02,0.0,
05OF014,1990-09-02,0.0,
05OF014,1990-10-02,0.0,
05OF014,1991-03-02,0.0,B
05OF014,1991-04-02,0.6850000023841858,B
05OF014,1991-05-02,0.06400000303983688,
05OF014,1991-06-02,0.01899999938905239,
05OF014,1991-07-02,3.150000095367432,
05OF014,1991-08-02,0.09600000083446504,
05OF014,1991-09-02,0.004999999888241291,E
05OF014,1991-10-02,0.0,
05OF014,1992-03-02,0.0,B
05OF014,1992-04-02,23.799999237060547,B
05OF014,1992-05-02,0.421999990940094,
05OF014,1992-06-02,0.2430000007152557,
05OF014,1992-07-02,0.2179999947547913,
05OF014,1992-08-02,0.006000000052154064,
05OF014,1992-09-02,0.0,
05OF014,1992-10-02,0.017999999225139618,
05OF014,1993-03-02,0.0,B
05OF014,1993-04-02,9.81999969482422,B
05OF014,1993-05-02,0.10300000011920928,
05OF014,1993-06-02,0.13500000536441803,
05OF014,1993-07-02,0.32100000977516174,
05OF014,1993-08-02,5.880000114440918,
05OF014,1993-09-02,0.6759999990463257,
05OF014,1993-10-02,0.15600000321865082,
05OF014,1994-03-02,0.0,B
05OF014,1994-04-02,2.3499999046325684,B
05OF014,1994-05-02,0.7149999737739563,
05OF014,1994-06-02,0.2160000056028366,
05OF014,1994-07-02,0.0,
05OF014,1994-08-02,0.06400000303983688,
05OF014,1994-09-02,0.0,
05OF014,1994-10-02,0.0,
05OF014,1995-03-02,0.0,B
05OF014,1995-04-02,8.130000114440918,B
05OF014,1995-05-02,3.259999990463257,
05OF014,1995-06-02,2.109999895095825,
05OF014,1995-07-02,0.1420000046491623,
05OF014,1995-08-02,0.0,
05OF014,1995-09-02,0.08900000154972076,
05OF014,1995-10-02,0.0,
05OF014,1996-03-02,0.0,B
05OF014,1996-04-02,0.0,B
05OF014,1996-05-02,1.25,
05OF014,1996-06-02,1.3200000524520874,
05OF014,1996-07-02,0.14800000190734863,
05OF014,1996-08-02,0.07199999690055847,
05OF014,1996-09-02,0.1040000021457672,
05OF014,1996-10-02,0.020999999716877937,
05OF014,1997-03-02,0.0,B
05OF014,1997-04-02,0.017000000923871994,B
05OF014,1997-05-02,,
05OF014,1997-06-02,0.5910000205039978,
05OF014,1997-07-02,5.090000152587891,
05OF014,1997-08-02,0.05400000140070915,
05OF014,1997-09-02,0.0,
05OF014,1997-10-02,0.0,
05OF014,1998-03-02,0.5799999833106995,B
05OF014,1998-04-02,11.600000381469728,
05OF014,1998-05-02,2.009999990463257,
05OF014,1998-06-02,0.06700000166893005,
05OF014,1998-07-02,0.10199999809265135,
05OF014,1998-08-02,0.0010000000474974513,
05OF014,1998-09-02,0.0,
05OF014,1998-10-02,0.0,
05OF014,1999-03-02,0.0,B
05OF014,1999-04-02,5.179999828338623,
05OF014,1999-05-02,0.6100000143051147,
05OF014,1999-06-02,0.722000002861023,
05OF014,1999-07-02,0.12700000405311584,
05OF014,1999-08-02,0.0020000000949949026,
05OF014,1999-09-02,0.0,
05OF014,1999-10-02,0.0,
05OF014,2000-03-02,0.1289999932050705,B
05OF014,2000-04-02,0.1289999932050705,
05OF014,2000-05-02,0.0,
05OF014,2000-06-02,0.0,
05OF014,2000-07-02,0.004999999888241291,
05OF014,2000-08-02,0.0,
05OF014,2000-09-02,0.19200000166893005,
05OF014,2000-10-02,0.0,
05OF014,2001-03-02,0.0,B
05OF014,2001-04-02,6.21999979019165,B
05OF014,2001-05-02,1.600000023841858,
05OF014,2001-06-02,0.9860000014305116,
05OF014,2001-07-02,0.08100000023841858,
05OF014,2001-08-02,0.8399999737739563,
05OF014,2001-09-02,0.008999999612569809,
05OF014,2001-10-02,0.0,
05OF014,2002-03-02,0.0,B
05OF014,2002-04-02,0.0,B
05OF014,2002-05-02,0.1040000021457672,
05OF014,2002-06-02,0.017999999225139618,
05OF014,2002-07-02,0.5839999914169312,
05OF014,2002-08-02,0.0,
05OF014,2002-09-02,1.5499999523162842,
05OF014,2002-10-02,0.0820000022649765,
05OF014,2003-03-02,0.0,B
05OF014,2003-04-02,0.3409999907016754,B
05OF014,2003-05-02,0.06700000166893005,
05OF014,2003-06-02,0.07699999958276749,
05OF014,2003-07-02,0.16599999368190765,
05OF014,2003-08-02,0.0,
05OF014,2003-09-02,0.0,
05OF014,2003-10-02,0.0,
05OF014,2004-03-02,0.0,B
05OF014,2004-04-02,25.5,B
05OF014,2004-05-02,0.12099999934434892,
05OF014,2004-06-02,29.399999618530277,
05OF014,2004-07-02,0.8659999966621399,
05OF014,2004-08-02,0.119999997317791,
05OF014,2004-09-02,0.10599999874830246,
05OF014,2004-10-02,0.26100000739097595,
05OF014,2005-03-02,0.0,B
05OF014,2005-04-02,2.0,B
05OF014,2005-05-02,0.35899999737739563,
05OF014,2005-06-02,1.809999942779541,
05OF014,2005-07-02,81.69999694824219,
05OF014,2005-08-02,0.23000000417232516,
05OF014,2005-09-02,0.054999999701976776,
05OF014,2005-10-02,0.019999999552965164,
05OF014,2006-03-02,0.05000000074505806,B
05OF014,2006-04-02,29.200000762939453,B
05OF014,2006-05-02,4.369999885559082,
05OF014,2006-06-02,0.19900000095367432,A
05OF014,2006-07-02,0.03500000014901161,
05OF014,2006-08-02,0.0,
05OF014,2006-09-02,0.0,
05OF014,2006-10-02,0.0,
05OF014,2007-03-02,0.0,B
05OF014,2007-04-02,4.489999771118164,B
05OF014,2007-05-02,0.05900000035762787,
05OF014,2007-06-02,2.4800000190734863,
05OF014,2007-07-02,3.200000047683716,A
05OF014,2007-08-02,0.04199999943375588,
05OF014,2007-09-02,0.06599999964237213,
05OF014,2007-10-02,0.004000000189989805,
05OF014,2008-03-02,0.0,B
05OF014,2008-04-02,0.006000000052154064,B
05OF014,2008-05-02,0.08399999886751175,
05OF014,2008-06-02,0.06800000369548798,
05OF014,2008-07-02,0.13099999725818634,
05OF014,2008-08-02,0.0,
05OF014,2008-09-02,0.0,
05OF014,2008-10-02,0.1040000021457672,
05OF014,2009-03-02,0.0,B
05OF014,2009-04-02,3.2699999809265137,B
05OF014,2009-05-02,,
05OF014,2009-06-02,1.7400000095367432,
05OF014,2009-07-02,0.7300000190734863,
05OF014,2009-08-02,0.028999999165534973,
05OF014,2009-09-02,0.0,
05OF014,2009-10-02,0.0,
05OF014,2010-03-02,0.0,B
05OF014,2010-04-02,9.550000190734863,
05OF014,2010-05-02,0.12600000202655792,
05OF014,2010-06-02,3.25,
05OF014,2010-07-02,0.5649999976158142,
05OF014,2010-08-02,0.3409999907016754,
05OF014,2010-09-02,9.829999923706056,
05OF014,2010-10-02,2.569999933242798,
05OF014,2011-03-02,0.05999999865889549,B
05OF014,2011-04-02,38.09999847412109,A
05OF014,2011-05-02,,
05OF014,2011-06-02,8.579999923706055,
05OF014,2011-07-02,2.559999942779541,
05OF014,2011-08-02,0.2669999897480011,
05OF014,2011-09-02,0.0,
05OF014,2011-10-02,0.007000000216066837,
05OF014,2012-03-02,0.0,B
05OF014,2012-04-02,0.12099999934434892,
05OF014,2012-05-02,0.03200000151991844,
05OF014,2012-06-02,0.052000001072883606,
05OF014,2012-07-02,0.032999999821186066,
05OF014,2012-08-02,0.0,
05OF014,2012-09-02,0.0,
05OF014,2012-10-02,0.0,
05OF014,2013-03-02,0.0,B
05OF014,2013-04-02,0.0,B
05OF014,2013-05-02,20.5,
05OF014,2013-06-02,74.0,
05OF014,2013-07-02,1.0199999809265137,
05OF014,2013-08-02,0.16200000047683716,
05OF014,2013-09-02,0.019999999552965164,
05OF014,2013-10-02,0.003000000026077032,
05OF014,2014-03-02,0.0,B
05OF014,2014-04-02,0.0,B
05OF014,2014-05-02,2.0899999141693115,
05OF014,2014-06-02,0.16899999976158142,
05OF014,2014-07-02,0.5080000162124634,
05OF014,2014-08-02,0.003000000026077032,
05OF014,2014-09-02,0.010999999940395355,A
05OF014,2014-10-02,0.0,
05OF014,2015-03-02,0.0,B
05OF014,2015-04-02,0.335999995470047,B
05OF014,2015-05-02,0.193000003695488,
05OF014,2015-06-02,0.2169999927282333,A
05OF014,2015-07-02,0.05700000002980232,E
05OF014,2015-08-02,0.012000000104308128,
05OF014,2015-09-02,0.0010000000474974513,
05OF014,2015-10-02,0.0010000000474974513,
05OF014,2016-03-02,0.0010000000474974513,B
05OF014,2016-04-02,0.4569999873638153,B
05OF014,2016-05-02,0.3059999942779541,
05OF014,2016-06-02,0.2870000004768372,
05OF014,2016-07-02,0.47699999809265137,
05OF014,2016-08-02,0.19699999690055847,
05OF014,2016-09-02,0.0010000000474974513,E
05OF014,2016-10-02,0.017999999225139618,
05OF014,2017-03-02,0.007000000216066837,B
05OF014,2017-04-02,51.29999923706055,
05OF014,2017-05-02,0.37700000405311584,
05OF014,2017-06-02,0.24799999594688416,
05OF014,2017-07-02,0.32100000977516174,
05OF014,2017-08-02,0.004000000189989805,
05OF014,2017-09-02,0.0,
05OF014,2017-10-02,0.0,
05OF014,2018-03-02,,
05OF014,2018-04-02,,
05OF014,2018-06-02,,
05OF014,2018-07-02,0.007000000216066837,
05OF014,2018-08-02,0.0,
05OF014,2018-09-02,0.0,
05OF014,2018-10-02,0.0,
05OF014,2019-03-02,0.0,B
05OF014,2019-04-02,12.399999618530272,B
05OF014,2019-05-02,,
05OF014,2019-06-02,0.009999999776482582,
05OF014,2019-07-02,0.0,
05OF014,2019-08-02,0.0,
05OF014,2019-09-02,0.0,
05OF014,2019-10-02,2.190000057220459,
05OF014,2019-11-02,1.0299999713897705,B
05OF014,2020-03-02,0.0,B
05OF014,2020-04-02,7.070000171661377,B
05OF014,2020-05-02,,
05OF014,2020-06-02,0.0,
05OF014,2020-07-02,0.032999999821186066,
05OF014,2020-08-02,0.0,
05OF014,2020-09-02,0.0,
05OF014,2020-10-02,0.0,
05OF014,2021-02-02,,
05OF014,2021-03-02,0.0,B
05OF014,2021-04-02,0.039000000804662704,
05OF014,2021-05-02,0.2549999952316284,
05OF014,2021-06-02,0.06300000101327896,
05OF014,2021-07-02,0.017999999225139618,
05OF014,2021-08-02,0.0,
05OF014,2021-09-02,0.0,
05OF014,2021-10-02,0.0,
05OF014,2022-03-02,0.0,B
05OF014,2022-04-02,15.0,B
05OF014,2022-05-02,76.69999694824219,
05OF014,2022-06-02,,
05OF014,2022-07-02,0.9679999947547911,
05OF014,2022-08-02,0.22699999809265137,
05OF014,2022-09-02,0.0,
05OF014,2022-10-02,0.0,
05OF014,2023-02-02,,
05OF014,2023-03-02,0.0010000000474974513,B
05OF014,2023-04-02,0.0010000000474974513,B
05OF014,2023-05-02,,
05OF014,2023-06-02,0.6629999876022339,
05OF014,2023-07-02,0.4900000095367432,
05OF014,2023-08-02,0.0,
05OF014,2023-09-02,0.0,
05OF014,2023-10-02,0.0,
05OF014,2024-03-02,0.0,B
05OF014,2024-04-02,1.0499999523162842,B
05OF014,2024-05-02,1.0800000429153442,
05OF014,2024-06-02,0.5699999928474426,
05OF014,2024-07-02,22.200000762939453,E
05OF014,2024-08-02,0.04399999976158142,A
05OF014,2024-09-02,0.2160000056028366,
05OF014,2024-10-02,0.18000000715255737,
05OF014,1960-03-03,0.0,B
05OF014,1960-04-03,1.1299999952316284,B
05OF014,1960-05-03,1.809999942779541,
05OF014,1960-06-03,0.07400000095367432,
05OF014,1960-07-03,0.328000009059906,
05OF014,1960-08-03,0.0,
05OF014,1960-09-03,0.0,
05OF014,1960-10-03,0.0,
05OF014,1961-03-03,0.0,B
05OF014,1961-04-03,1.7599999904632568,B
05OF014,1961-05-03,0.03400000184774399,
05OF014,1961-06-03,0.0,
05OF014,1961-07-03,0.0,
05OF014,1961-08-03,0.0,
05OF014,1961-09-03,0.0,
05OF014,1961-10-03,0.0,
05OF014,1962-03-03,0.0,
05OF014,1962-04-03,0.0,
05OF014,1962-05-03,0.4020000100135803,
05OF014,1962-06-03,1.5499999523162842,
05OF014,1962-07-03,0.017000000923871994,E
05OF014,1962-08-03,0.13899999856948853,E
05OF014,1962-09-03,0.0,
05OF014,1962-10-03,0.0,
05OF014,1963-03-03,0.0,B
05OF014,1963-04-03,1.1100000143051147,B
05OF014,1963-05-03,0.003000000026077032,
05OF014,1963-06-03,0.17599999904632568,
05OF014,1963-07-03,0.019999999552965164,
05OF014,1963-08-03,0.03400000184774399,
05OF014,1963-09-03,0.006000000052154064,
05OF014,1963-10-03,0.0,
05OF014,1964-03-03,0.0,B
05OF014,1964-04-03,0.0,B
05OF014,1964-05-03,0.23499999940395355,E
05OF014,1964-06-03,0.0,
05OF014,1964-07-03,0.03700000047683716,
05OF014,1964-08-03,0.0,
05OF014,1964-09-03,0.4390000104904175,E
05OF014,1964-10-03,0.05700000002980232,E
05OF014,1965-03-03,0.0,B
05OF014,1965-04-03,0.0,B
05OF014,1965-05-03,0.9229999780654908,
05OF014,1965-06-03,0.4050000011920929,E
05OF014,1965-07-03,0.18700000643730164,
05OF014,1965-08-03,0.0,
05OF014,1965-09-03,0.0,
05OF014,1965-10-03,0.0,
05OF014,1966-03-03,0.0,B
05OF014,1966-04-03,23.600000381469727,B
05OF014,1966-05-03,0.0,
05OF014,1966-06-03,0.0,
05OF014,1966-07-03,13.199999809265137,E
05OF014,1966-08-03,0.0,
05OF014,1966-09-03,0.0,
05OF014,1966-10-03,0.0,
05OF014,1967-03-03,0.0,B
05OF014,1967-04-03,1.870000004768372,B
05OF014,1967-05-03,0.33399999141693115,
05OF014,1967-06-03,0.27799999713897705,
05OF014,1967-07-03,0.04500000178813934,E
05OF014,1967-08-03,0.0,
05OF014,1967-09-03,0.0,
05OF014,1967-10-03,0.0,
05OF014,1968-03-03,0.0,B
05OF014,1968-04-03,1.1299999952316284,B
05OF014,1968-05-03,0.07599999755620956,
05OF014,1968-06-03,0.2179999947547913,
05OF014,1968-07-03,0.3709999918937683,E
05OF014,1968-08-03,0.7419999837875366,E
05OF014,1968-09-03,2.319999933242798,
05OF014,1968-10-03,0.328000009059906,
05OF014,1969-03-03,0.0,B
05OF014,1969-04-03,0.0,B
05OF014,1969-05-03,0.02800000086426735,E
05OF014,1969-06-03,0.3109999895095825,E
05OF014,1969-07-03,4.190000057220459,
05OF014,1969-08-03,0.2549999952316284,
05OF014,1969-09-03,0.03099999949336052,
05OF014,1969-10-03,0.009999999776482582,
05OF014,1970-03-03,0.0,B
05OF014,1970-04-03,0.0,B
05OF014,1970-05-03,26.200000762939453,
05OF014,1970-06-03,1.659999966621399,
05OF014,1970-07-03,0.915000021457672,
05OF014,1970-08-03,0.2549999952316284,E
05OF014,1970-09-03,0.0,
05OF014,1970-10-03,0.00800000037997961,
05OF014,1971-03-03,0.0,B
05OF014,1971-04-03,0.0,B
05OF014,1971-05-03,0.5950000286102295,
05OF014,1971-06-03,0.1469999998807907,
05OF014,1971-07-03,0.3059999942779541,
05OF014,1971-08-03,0.0,
05OF014,1971-09-03,0.0,
05OF014,1971-10-03,0.0,
05OF014,1972-03-03,0.0,B
05OF014,1972-04-03,1.6799999475479126,B
05OF014,1972-05-03,0.7649999856948853,
05OF014,1972-06-03,0.257999986410141,
05OF014,1972-07-03,0.5239999890327454,
05OF014,1972-08-03,0.2409999966621399,
05OF014,1972-09-03,0.13600000739097595,
05OF014,1972-10-03,0.04199999943375588,
05OF014,1973-03-03,0.0,B
05OF014,1973-04-03,0.13600000739097595,
05OF014,1973-05-03,0.020999999716877937,
05OF014,1973-06-03,0.0,
05OF014,1973-07-03,0.0,
05OF014,1973-08-03,0.39899998903274536,
05OF014,1973-09-03,0.0,E
05OF014,1973-10-03,0.003000000026077032,
05OF014,1974-03-03,0.0,B
05OF014,1974-04-03,0.0,B
05OF014,1974-05-03,1.8200000524520876,
05OF014,1974-06-03,1.809999942779541,E
05OF014,1974-07-03,0.2440000027418137,
05OF014,1974-08-03,0.0,
05OF014,1974-09-03,0.02800000086426735,E
05OF014,1974-10-03,0.0,
05OF014,1975-03-03,0.0,B
05OF014,1975-04-03,0.0,B
05OF014,1975-05-03,2.430000066757202,
05OF014,1975-06-03,0.07900000363588333,
05OF014,1975-07-03,1.8899999856948853,
05OF014,1975-08-03,0.0,
05OF014,1975-09-03,0.0,
05OF014,1975-10-03,0.0,E
05OF014,1976-03-03,0.0,B
05OF014,1976-04-03,0.0,B
05OF014,1976-05-03,0.5099999904632568,
05OF014,1976-06-03,0.07100000232458115,
05OF014,1976-07-03,0.0010000000474974513,
05OF014,1976-08-03,0.0,
05OF014,1976-09-03,0.0,
05OF014,1976-10-03,0.0,
05OF014,1977-03-03,0.0,B
05OF014,1977-04-03,0.2939999997615814,B
05OF014,1977-05-03,0.0,
05OF014,1977-06-03,0.0,
05OF014,1977-07-03,0.04800000041723251,
05OF014,1977-08-03,0.0020000000949949026,
05OF014,1977-09-03,0.0,
05OF014,1977-10-03,0.6909999847412109,
05OF014,1978-03-03,0.0,B
05OF014,1978-04-03,2.4600000381469727,B
05OF014,1978-05-03,1.0099999904632568,E
05OF014,1978-06-03,0.37400001287460327,
05OF014,1978-07-03,0.0,
05OF014,1978-08-03,0.0,
05OF014,1978-09-03,0.0,
05OF014,1978-10-03,0.0,
05OF014,1979-03-03,0.0,B
05OF014,1979-04-03,0.0,B
05OF014,1979-06-03,,
05OF014,1979-07-03,0.2160000056028366,
05OF014,1979-08-03,0.04199999943375588,
05OF014,1979-09-03,0.0,
05OF014,1979-10-03,0.0,
05OF014,1980-03-03,0.0,B
05OF014,1980-04-03,0.0,B
05OF014,1980-05-03,0.032999999821186066,
05OF014,1980-06-03,0.0,
05OF014,1980-07-03,0.0,
05OF014,1980-08-03,0.0,
05OF014,1980-09-03,0.0,
05OF014,1980-10-03,0.0,
05OF014,1981-03-03,0.0,B
05OF014,1981-04-03,0.22300000488758087,
05OF014,1981-05-03,0.0,
05OF014,1981-06-03,0.0,
05OF014,1981-07-03,0.032999999821186066,
05OF014,1981-08-03,0.119999997317791,
05OF014,1981-09-03,0.0,
05OF014,1981-10-03,0.0,
05OF014,1982-03-03,0.0,B
05OF014,1982-04-03,2.5199999809265137,B
05OF014,1982-05-03,0.003000000026077032,
05OF014,1982-06-03,0.0,
05OF014,1982-07-03,0.0010000000474974513,
05OF014,1982-08-03,0.0,
05OF014,1982-09-03,0.0,
05OF014,1982-10-03,0.0,
05OF014,1983-03-03,0.0,B
05OF014,1983-04-03,11.0,B
05OF014,1983-05-03,0.16300000250339508,
05OF014,1983-06-03,0.027000000700354576,E
05OF014,1983-07-03,0.012000000104308128,
05OF014,1983-08-03,0.0,
05OF014,1983-09-03,0.0,
05OF014,1983-10-03,0.0,
05OF014,1984-03-03,0.0,B
05OF014,1984-04-03,0.6259999871253967,B
05OF014,1984-05-03,0.090999998152256,E
05OF014,1984-06-03,0.0,
05OF014,1984-07-03,0.017000000923871994,
05OF014,1984-08-03,0.0,
05OF014,1984-09-03,0.0,
05OF014,1984-10-03,0.0,
05OF014,1985-03-03,0.0,B
05OF014,1985-04-03,1.2599999904632568,
05OF014,1985-05-03,0.11800000071525574,
05OF014,1985-06-03,0.017000000923871994,
05OF014,1985-07-03,1.1399999856948853,
05OF014,1985-08-03,0.0,
05OF014,1985-09-03,0.4650000035762787,
05OF014,1985-10-03,0.1589999943971634,
05OF014,1986-03-03,0.0,B
05OF014,1986-04-03,8.359999656677246,
05OF014,1986-05-03,6.039999961853027,
05OF014,1986-06-03,0.3160000145435333,
05OF014,1986-07-03,0.017000000923871994,
05OF014,1986-08-03,0.012000000104308128,E
05OF014,1986-09-03,0.0,E
05OF014,1986-10-03,0.0,
05OF014,1987-03-03,0.0,B
05OF014,1987-04-03,6.050000190734863,B
05OF014,1987-05-03,0.11900000274181366,
05OF014,1987-06-03,0.008999999612569809,
05OF014,1987-07-03,0.0,
05OF014,1987-08-03,0.0,
05OF014,1987-09-03,0.028999999165534973,
05OF014,1987-10-03,0.0,
05OF014,1988-03-03,0.023000000044703484,B
05OF014,1988-04-03,1.100000023841858,B
05OF014,1988-05-03,0.0,
05OF014,1988-06-03,0.0,
05OF014,1988-07-03,0.0,
05OF014,1988-08-03,0.0,
05OF014,1988-09-03,0.0,
05OF014,1988-10-03,0.0,
05OF014,1989-03-03,0.0,B
05OF014,1989-04-03,0.0,B
05OF014,1989-05-03,0.1940000057220459,
05OF014,1989-06-03,0.0,
05OF014,1989-07-03,0.0,
05OF014,1989-08-03,0.0,
05OF014,1989-09-03,0.0,
05OF014,1989-10-03,0.0,
05OF014,1990-03-03,0.0,B
05OF014,1990-04-03,14.699999809265137,B
05OF014,1990-05-03,0.090999998152256,
05OF014,1990-06-03,0.6159999966621399,
05OF014,1990-07-03,1.559999942779541,
05OF014,1990-08-03,0.0,
05OF014,1990-09-03,0.0,
05OF014,1990-10-03,0.0,
05OF014,1991-03-03,0.0,B
05OF014,1991-04-03,1.399999976158142,B
05OF014,1991-05-03,0.08900000154972076,
05OF014,1991-06-03,0.0130000002682209,
05OF014,1991-07-03,3.5899999141693115,
05OF014,1991-08-03,0.07500000298023224,
05OF014,1991-09-03,0.004000000189989805,A
05OF014,1991-10-03,0.0,
05OF014,1992-03-03,0.0,B
05OF014,1992-04-03,33.5,B
05OF014,1992-05-03,0.3680000007152557,
05OF014,1992-06-03,0.2029999941587448,
05OF014,1992-07-03,0.18400000035762787,
05OF014,1992-08-03,0.0010000000474974513,
05OF014,1992-09-03,0.0,
05OF014,1992-10-03,0.017999999225139618,
05OF014,1993-03-03,0.0,B
05OF014,1993-04-03,7.960000038146973,B
05OF014,1993-05-03,0.05099999904632568,
05OF014,1993-06-03,0.12200000137090684,
05OF014,1993-07-03,0.3149999976158142,
05OF014,1993-08-03,4.78000020980835,
05OF014,1993-09-03,0.5950000286102295,
05OF014,1993-10-03,0.1449999958276749,
05OF014,1994-03-03,0.0,B
05OF014,1994-04-03,2.5999999046325684,B
05OF014,1994-05-03,0.7229999899864197,
05OF014,1994-06-03,0.20600000023841855,
05OF014,1994-07-03,0.004999999888241291,
05OF014,1994-08-03,0.05400000140070915,
05OF014,1994-09-03,0.0,
05OF014,1994-10-03,0.0,
05OF014,1995-03-03,0.0,B
05OF014,1995-04-03,6.150000095367432,B
05OF014,1995-05-03,3.240000009536743,
05OF014,1995-06-03,2.440000057220459,
05OF014,1995-07-03,0.15800000727176666,
05OF014,1995-08-03,0.0,
05OF014,1995-09-03,0.05999999865889549,
05OF014,1995-10-03,0.017999999225139618,
05OF014,1996-03-03,0.0,B
05OF014,1996-04-03,0.0,B
05OF014,1996-05-03,1.0700000524520874,
05OF014,1996-06-03,1.2200000286102295,
05OF014,1996-07-03,0.1420000046491623,
05OF014,1996-08-03,0.04199999943375588,
05OF014,1996-09-03,0.06800000369548798,
05OF014,1996-10-03,0.02199999988079071,
05OF014,1997-03-03,0.0,B
05OF014,1997-04-03,0.12399999797344208,B
05OF014,1997-05-03,,
05OF014,1997-06-03,1.1399999856948853,
05OF014,1997-07-03,16.600000381469727,
05OF014,1997-08-03,0.04699999839067459,
05OF014,1997-09-03,0.0,
05OF014,1997-10-03,0.0,
05OF014,1998-03-03,0.550000011920929,B
05OF014,1998-04-03,9.079999923706056,
05OF014,1998-05-03,1.909999966621399,
05OF014,1998-06-03,0.06199999898672104,
05OF014,1998-07-03,0.09399999678134918,
05OF014,1998-08-03,0.0010000000474974513,
05OF014,1998-09-03,0.0,
05OF014,1998-10-03,0.0,
05OF014,1999-03-03,0.0,B
05OF014,1999-04-03,4.429999828338623,
05OF014,1999-05-03,0.6600000262260437,
05OF014,1999-06-03,0.5299999713897705,
05OF014,1999-07-03,0.23499999940395355,
05OF014,1999-08-03,0.0,
05OF014,1999-09-03,0.0,
05OF014,1999-10-03,0.0,
05OF014,2000-03-03,0.27799999713897705,B
05OF014,2000-04-03,0.16200000047683716,
05OF014,2000-05-03,0.0,
05OF014,2000-06-03,0.0,
05OF014,2000-07-03,0.0010000000474974513,
05OF014,2000-08-03,0.0,
05OF014,2000-09-03,0.17399999499320984,
05OF014,2000-10-03,0.0,
05OF014,2001-03-03,0.0,B
05OF014,2001-04-03,12.699999809265137,B
05OF014,2001-05-03,1.9900000095367432,
05OF014,2001-06-03,0.949999988079071,
05OF014,2001-07-03,0.05299999937415123,
05OF014,2001-08-03,0.6629999876022339,
05OF014,2001-09-03,0.00800000037997961,
05OF014,2001-10-03,0.0,
05OF014,2002-03-03,0.0,B
05OF014,2002-04-03,0.0,B
05OF014,2002-05-03,0.10599999874830246,
05OF014,2002-06-03,0.020999999716877937,
05OF014,2002-07-03,0.3319999873638153,
05OF014,2002-08-03,0.0,
05OF014,2002-09-03,1.2100000381469729,
05OF014,2002-10-03,0.07599999755620956,
05OF014,2003-03-03,0.0,B
05OF014,2003-04-03,0.10100000351667404,B
05OF014,2003-05-03,0.07100000232458115,A
05OF014,2003-06-03,0.054999999701976776,
05OF014,2003-07-03,0.1599999964237213,
05OF014,2003-08-03,0.0,
05OF014,2003-09-03,0.0,
05OF014,2003-10-03,0.0,
05OF014,2004-03-03,0.0,B
05OF014,2004-04-03,13.800000190734863,
05OF014,2004-05-03,0.09799999743700027,
05OF014,2004-06-03,11.300000190734863,
05OF014,2004-07-03,0.8420000076293945,
05OF014,2004-08-03,0.1289999932050705,
05OF014,2004-09-03,0.09700000286102296,
05OF014,2004-10-03,0.24699999392032623,
05OF014,2005-03-03,0.0,B
05OF014,2005-04-03,10.0,B
05OF014,2005-05-03,0.3389999866485596,
05OF014,2005-06-03,1.6100000143051147,
05OF014,2005-07-03,65.0,
05OF014,2005-08-03,0.20000000298023224,
05OF014,2005-09-03,0.03999999910593033,
05OF014,2005-10-03,0.017999999225139618,
05OF014,2006-03-03,0.05099999904632568,B
05OF014,2006-04-03,60.70000076293945,B
05OF014,2006-05-03,2.940000057220459,
05OF014,2006-06-03,0.16899999976158142,
05OF014,2006-07-03,0.02500000037252903,
05OF014,2006-08-03,0.0,
05OF014,2006-09-03,0.0,
05OF014,2006-10-03,0.0,
05OF014,2007-03-03,0.0,B
05OF014,2007-04-03,5.050000190734863,B
05OF014,2007-05-03,0.05400000140070915,
05OF014,2007-06-03,2.4600000381469727,
05OF014,2007-07-03,2.630000114440918,
05OF014,2007-08-03,0.029999999329447743,
05OF014,2007-09-03,0.04800000041723251,
05OF014,2007-10-03,0.003000000026077032,
05OF014,2008-03-03,0.0,B
05OF014,2008-04-03,0.03599999845027924,B
05OF014,2008-05-03,0.05299999937415123,
05OF014,2008-06-03,0.06400000303983688,
05OF014,2008-07-03,0.11500000208616255,
05OF014,2008-08-03,0.0,
05OF014,2008-09-03,0.0,
05OF014,2008-10-03,0.07100000232458115,
05OF014,2009-03-03,0.0,B
05OF014,2009-04-03,3.3499999046325684,B
05OF014,2009-05-03,,
05OF014,2009-06-03,1.809999942779541,
05OF014,2009-07-03,0.4390000104904175,
05OF014,2009-08-03,0.039000000804662704,
05OF014,2009-09-03,0.0,
05OF014,2009-10-03,0.0,
05OF014,2010-03-03,0.0,B
05OF014,2010-04-03,8.220000267028809,
05OF014,2010-05-03,0.17900000512599945,
05OF014,2010-06-03,2.690000057220459,
05OF014,2010-07-03,0.5640000104904175,
05OF014,2010-08-03,0.28999999165534973,
05OF014,2010-09-03,19.5,
05OF014,2010-10-03,1.830000042915344,
05OF014,2011-03-03,0.061000000685453415,B
05OF014,2011-04-03,58.0,E
05OF014,2011-05-03,,
05OF014,2011-06-03,6.519999980926514,
05OF014,2011-07-03,1.909999966621399,
05OF014,2011-08-03,0.29100000858306885,
05OF014,2011-09-03,0.0,
05OF014,2011-10-03,0.023000000044703484,
05OF014,2012-03-03,0.0,B
05OF014,2012-04-03,0.10599999874830246,
05OF014,2012-05-03,0.03099999949336052,
05OF014,2012-06-03,0.052000001072883606,
05OF014,2012-07-03,0.028999999165534973,
05OF014,2012-08-03,0.0,
05OF014,2012-09-03,0.0,
05OF014,2012-10-03,0.0,
05OF014,2013-03-03,0.0,B
05OF014,2013-04-03,0.0,B
05OF014,2013-05-03,10.199999809265137,
05OF014,2013-06-03,17.100000381469727,
05OF014,2013-07-03,0.9390000104904176,
05OF014,2013-08-03,0.1550000011920929,
05OF014,2013-09-03,0.00800000037997961,
05OF014,2013-10-03,0.003000000026077032,
05OF014,2014-03-03,0.0,B
05OF014,2014-04-03,0.0,B
05OF014,2014-05-03,1.5700000524520874,
05OF014,2014-06-03,0.15600000321865082,
05OF014,2014-07-03,0.3680000007152557,
05OF014,2014-08-03,0.0,
05OF014,2014-09-03,0.008999999612569809,
05OF014,2014-10-03,0.0,
05OF014,2015-03-03,0.0,B
05OF014,2015-04-03,0.18400000035762787,B
05OF014,2015-05-03,0.1860000044107437,
05OF014,2015-06-03,0.19900000095367432,
05OF014,2015-07-03,0.05400000140070915,E
05OF014,2015-08-03,0.010999999940395355,
05OF014,2015-09-03,0.0010000000474974513,
05OF014,2015-10-03,0.0010000000474974513,
05OF014,2016-03-03,0.0,B
05OF014,2016-04-03,0.328000009059906,
05OF014,2016-05-03,0.2070000022649765,
05OF014,2016-06-03,0.2199999988079071,
05OF014,2016-07-03,0.4230000078678131,
05OF014,2016-08-03,0.12600000202655792,
05OF014,2016-09-03,0.0010000000474974513,E
05OF014,2016-10-03,0.014999999664723871,
05OF014,2017-03-03,0.007000000216066837,B
05OF014,2017-04-03,42.79999923706055,
05OF014,2017-05-03,0.35100001096725464,
05OF014,2017-06-03,0.25699999928474426,
05OF014,2017-07-03,0.3109999895095825,
05OF014,2017-08-03,0.0010000000474974513,
05OF014,2017-09-03,0.0,
05OF014,2017-10-03,0.0,
05OF014,2018-03-03,,
05OF014,2018-04-03,,
05OF014,2018-06-03,,
05OF014,2018-07-03,0.007000000216066837,
05OF014,2018-08-03,0.0,
05OF014,2018-09-03,0.0,
05OF014,2018-10-03,0.0,
05OF014,2019-03-03,0.0,B
05OF014,2019-04-03,8.989999771118164,B
05OF014,2019-05-03,,
05OF014,2019-06-03,0.006000000052154064,
05OF014,2019-07-03,0.0,
05OF014,2019-08-03,0.0,
05OF014,2019-09-03,0.0,
05OF014,2019-10-03,5.099999904632568,
05OF014,2019-11-03,0.7960000038146973,B
05OF014,2020-03-03,0.0,B
05OF014,2020-04-03,0.7889999747276306,B
05OF014,2020-05-03,,
05OF014,2020-06-03,0.0,
05OF014,2020-07-03,0.01899999938905239,
05OF014,2020-08-03,0.0,
05OF014,2020-09-03,0.0,
05OF014,2020-10-03,0.0,
05OF014,2021-02-03,,
05OF014,2021-03-03,0.0,B
05OF014,2021-04-03,0.023000000044703484,
05OF014,2021-05-03,0.25699999928474426,
05OF014,2021-06-03,0.054999999701976776,
05OF014,2021-07-03,0.01899999938905239,
05OF014,2021-08-03,0.0,
05OF014,2021-09-03,0.0,
05OF014,2021-10-03,0.0,
05OF014,2022-03-03,0.0,B
05OF014,2022-04-03,28.299999237060547,B
05OF014,2022-05-03,,
05OF014,2022-06-03,,
05OF014,2022-07-03,0.8930000066757202,
05OF014,2022-08-03,0.18400000035762787,A
05OF014,2022-09-03,0.0,
05OF014,2022-10-03,0.0,
05OF014,2023-02-03,,
05OF014,2023-03-03,0.0020000000949949026,B
05OF014,2023-04-03,0.0010000000474974513,B
05OF014,2023-05-03,,
05OF014,2023-06-03,0.5879999995231628,
05OF014,2023-07-03,0.382999986410141,
05OF014,2023-08-03,0.0,
05OF014,2023-09-03,0.0,
05OF014,2023-10-03,0.0,
05OF014,2024-03-03,0.0,B
05OF014,2024-04-03,1.3300000429153442,B
05OF014,2024-05-03,1.1299999952316284,
05OF014,2024-06-03,0.49900001287460327,
05OF014,2024-07-03,34.099998474121094,E
05OF014,2024-08-03,0.039000000804662704,
05OF014,2024-09-03,0.193000003695488,
05OF014,2024-10-03,0.15199999511241913,
05OF014,1960-03-04,0.0,B
05OF014,1960-04-04,1.350000023841858,B
05OF014,1960-05-04,1.4700000286102295,
05OF014,1960-06-04,0.06800000369548798,
05OF014,1960-07-04,0.28299999237060547,E
05OF014,1960-08-04,0.0,
05OF014,1960-09-04,0.0,
05OF014,1960-10-04,0.0,
05OF014,1961-03-04,0.0,B
05OF014,1961-04-04,1.6699999570846558,B
05OF014,1961-05-04,0.017000000923871994,
05OF014,1961-06-04,0.0,
05OF014,1961-07-04,0.0,
05OF014,1961-08-04,0.0,
05OF014,1961-09-04,0.0,
05OF014,1961-10-04,0.0,
05OF014,1962-03-04,0.0,
05OF014,1962-04-04,0.0,
05OF014,1962-05-04,0.3849999904632568,
05OF014,1962-06-04,1.1799999475479126,
05OF014,1962-07-04,0.019999999552965164,E
05OF014,1962-08-04,0.1469999998807907,
05OF014,1962-09-04,0.0,
05OF014,1962-10-04,0.0,
05OF014,1963-03-04,0.0,B
05OF014,1963-04-04,1.2899999618530271,B
05OF014,1963-05-04,0.0,
05OF014,1963-06-04,7.989999771118164,
05OF014,1963-07-04,0.017000000923871994,E
05OF014,1963-08-04,0.014000000432133676,
05OF014,1963-09-04,0.0,
05OF014,1963-10-04,0.0,
05OF014,1964-03-04,0.0,B
05OF014,1964-04-04,0.0,B
05OF014,1964-05-04,0.2380000054836273,
05OF014,1964-06-04,0.0,
05OF014,1964-07-04,0.03099999949336052,
05OF014,1964-08-04,0.0,
05OF014,1964-09-04,0.4390000104904175,E
05OF014,1964-10-04,0.05700000002980232,E
05OF014,1965-03-04,0.0,B
05OF014,1965-04-04,0.0,B
05OF014,1965-05-04,0.6000000238418579,
05OF014,1965-06-04,0.3959999978542328,
05OF014,1965-07-04,0.17000000178813934,E
05OF014,1965-08-04,0.0,
05OF014,1965-09-04,0.0,
05OF014,1965-10-04,0.0,
05OF014,1966-03-04,0.0,B
05OF014,1966-04-04,11.800000190734863,B
05OF014,1966-05-04,0.0,
05OF014,1966-06-04,0.0,
05OF014,1966-07-04,11.100000381469728,E
05OF014,1966-08-04,0.0,
05OF014,1966-09-04,0.0,
05OF014,1966-10-04,0.0,
05OF014,1967-03-04,0.0,B
05OF014,1967-04-04,2.8299999237060547,B
05OF014,1967-05-04,0.22100000083446503,
05OF014,1967-06-04,0.24899999797344208,
05OF014,1967-07-04,0.05700000002980232,
05OF014,1967-08-04,0.0,
05OF014,1967-09-04,0.0,
05OF014,1967-10-04,0.0,
05OF014,1968-03-04,0.0,B
05OF014,1968-04-04,0.7080000042915344,B
05OF014,1968-05-04,0.06800000369548798,E
05OF014,1968-06-04,0.1809999942779541,
05OF014,1968-07-04,0.1589999943971634,
05OF014,1968-08-04,1.4800000190734863,E
05OF014,1968-09-04,2.190000057220459,
05OF014,1968-10-04,0.31700000166893005,
05OF014,1969-03-04,0.0,B
05OF014,1969-04-04,0.0,B
05OF014,1969-05-04,0.05700000002980232,E
05OF014,1969-06-04,0.28299999237060547,E
05OF014,1969-07-04,3.369999885559082,
05OF014,1969-08-04,0.17000000178813934,
05OF014,1969-09-04,0.026000000536441803,
05OF014,1969-10-04,0.02199999988079071,
05OF014,1970-03-04,0.0,B
05OF014,1970-04-04,0.0,B
05OF014,1970-05-04,17.299999237060547,
05OF014,1970-06-04,1.0199999809265137,
05OF014,1970-07-04,0.8859999775886536,
05OF014,1970-08-04,0.2409999966621399,
05OF014,1970-09-04,0.0,
05OF014,1970-10-04,0.009999999776482582,
05OF014,1971-03-04,0.0,B
05OF014,1971-04-04,0.0,B
05OF014,1971-05-04,0.5659999847412109,
05OF014,1971-06-04,0.16099999845027924,
05OF014,1971-07-04,0.2800000011920929,
05OF014,1971-08-04,0.0,
05OF014,1971-09-04,0.0,
05OF014,1971-10-04,0.0,E
05OF014,1972-03-04,0.0,B
05OF014,1972-04-04,1.5,B
05OF014,1972-05-04,0.6740000247955322,
05OF014,1972-06-04,0.2290000021457672,
05OF014,1972-07-04,0.5130000114440918,
05OF014,1972-08-04,0.2380000054836273,
05OF014,1972-09-04,0.11299999803304672,
05OF014,1972-10-04,0.03700000047683716,
05OF014,1973-03-04,0.0,B
05OF014,1973-04-04,0.14399999380111694,
05OF014,1973-05-04,0.017999999225139618,
05OF014,1973-06-04,0.0,E
05OF014,1973-07-04,0.0010000000474974513,
05OF014,1973-08-04,0.39899998903274536,
05OF014,1973-09-04,0.0,
05OF014,1973-10-04,0.003000000026077032,
05OF014,1974-03-04,0.0,B
05OF014,1974-04-04,0.0,B
05OF014,1974-05-04,1.6699999570846558,
05OF014,1974-06-04,1.5099999904632568,E
05OF014,1974-07-04,0.2380000054836273,
05OF014,1974-08-04,0.0,
05OF014,1974-09-04,0.027000000700354576,
05OF014,1974-10-04,0.0,
05OF014,1975-03-04,0.0,B
05OF014,1975-04-04,0.0,B
05OF014,1975-05-04,1.7400000095367432,
05OF014,1975-06-04,0.08799999952316284,
05OF014,1975-07-04,1.1399999856948853,
05OF014,1975-08-04,0.0,E
05OF014,1975-09-04,0.0,
05OF014,1975-10-04,0.0,
05OF014,1976-03-04,0.0,B
05OF014,1976-04-04,0.1420000046491623,B
05OF014,1976-05-04,0.5009999871253967,
05OF014,1976-06-04,0.04800000041723251,
05OF014,1976-07-04,0.0,
05OF014,1976-08-04,0.0,
05OF014,1976-09-04,0.0,
05OF014,1976-10-04,0.0,
05OF014,1977-03-04,0.0,B
05OF014,1977-04-04,0.3959999978542328,B
05OF014,1977-05-04,0.0,
05OF014,1977-06-04,0.0,
05OF014,1977-07-04,0.017999999225139618,
05OF014,1977-08-04,0.0010000000474974513,
05OF014,1977-09-04,0.0,
05OF014,1977-10-04,0.5410000085830688,
05OF014,1978-03-04,0.0,B
05OF014,1978-04-04,4.389999866485596,B
05OF014,1978-05-04,0.878000020980835,E
05OF014,1978-06-04,0.3370000123977661,
05OF014,1978-07-04,0.0,
05OF014,1978-08-04,0.0,
05OF014,1978-09-04,0.0,
05OF014,1978-10-04,0.004000000189989805,
05OF014,1979-03-04,0.0,B
05OF014,1979-04-04,0.0,B
05OF014,1979-06-04,,
05OF014,1979-07-04,0.23199999332427976,
05OF014,1979-08-04,0.03999999910593033,
05OF014,1979-09-04,0.0,
05OF014,1979-10-04,0.0,
05OF014,1980-03-04,0.0,B
05OF014,1980-04-04,0.0,B
05OF014,1980-05-04,0.02199999988079071,
05OF014,1980-06-04,0.0,
05OF014,1980-07-04,0.0,
05OF014,1980-08-04,0.0,
05OF014,1980-09-04,0.0,
05OF014,1980-10-04,0.0,
05OF014,1981-03-04,0.0,B
05OF014,1981-04-04,0.20000000298023224,
05OF014,1981-05-04,0.0,
05OF014,1981-06-04,0.0,
05OF014,1981-07-04,0.02500000037252903,
05OF014,1981-08-04,0.07000000029802322,
05OF014,1981-09-04,0.0,
05OF014,1981-10-04,0.0,
05OF014,1982-03-04,0.0,B
05OF014,1982-04-04,2.440000057220459,B
05OF014,1982-05-04,0.0010000000474974513,
05OF014,1982-06-04,0.0,
05OF014,1982-07-04,0.0010000000474974513,
05OF014,1982-08-04,0.0,
05OF014,1982-09-04,0.0,
05OF014,1982-10-04,0.0,
05OF014,1983-03-04,0.25,B
05OF014,1983-04-04,13.5,B
05OF014,1983-05-04,0.12099999934434892,
05OF014,1983-06-04,0.024000000208616257,E
05OF014,1983-07-04,0.006000000052154064,
05OF014,1983-08-04,0.0,
05OF014,1983-09-04,0.0,
05OF014,1983-10-04,0.0,
05OF014,1984-03-04,0.0,B
05OF014,1984-04-04,0.38199999928474426,B
05OF014,1984-05-04,0.08699999749660492,E
05OF014,1984-06-04,0.0,
05OF014,1984-07-04,0.004000000189989805,
05OF014,1984-08-04,0.0,
05OF014,1984-09-04,0.0,
05OF014,1984-10-04,0.0,
05OF014,1985-03-04,0.0,B
05OF014,1985-04-04,1.0199999809265137,
05OF014,1985-05-04,0.1509999930858612,
05OF014,1985-06-04,0.004000000189989805,
05OF014,1985-07-04,0.531000018119812,
05OF014,1985-08-04,0.0,
05OF014,1985-09-04,0.4580000042915344,
05OF014,1985-10-04,0.16699999570846558,
05OF014,1986-03-04,0.0,B
05OF014,1986-04-04,6.920000076293945,
05OF014,1986-05-04,4.190000057220459,
05OF014,1986-06-04,0.2540000081062317,
05OF014,1986-07-04,0.057999998331069946,
05OF014,1986-08-04,0.02500000037252903,E
05OF014,1986-09-04,0.0,E
05OF014,1986-10-04,0.0,
05OF014,1987-03-04,0.0,B
05OF014,1987-04-04,32.5,B
05OF014,1987-05-04,0.11299999803304672,
05OF014,1987-06-04,0.004000000189989805,
05OF014,1987-07-04,0.0,
05OF014,1987-08-04,0.0,
05OF014,1987-09-04,0.04500000178813934,
05OF014,1987-10-04,0.0,
05OF014,1988-03-04,0.029999999329447743,B
05OF014,1988-04-04,4.449999809265137,B
05OF014,1988-05-04,0.0,
05OF014,1988-06-04,0.0,
05OF014,1988-07-04,0.0,
05OF014,1988-08-04,0.0,
05OF014,1988-09-04,0.0,
05OF014,1988-10-04,0.0,
05OF014,1989-03-04,0.0,B
05OF014,1989-04-04,0.0,B
05OF014,1989-05-04,0.1710000038146973,
05OF014,1989-06-04,0.0,
05OF014,1989-07-04,0.0,
05OF014,1989-08-04,0.0,
05OF014,1989-09-04,0.0,
05OF014,1989-10-04,0.0,
05OF014,1990-03-04,0.0,B
05OF014,1990-04-04,8.09000015258789,B
05OF014,1990-05-04,0.08500000089406967,
05OF014,1990-06-04,0.4379999935626984,
05OF014,1990-07-04,0.6980000138282776,
05OF014,1990-08-04,0.0,
05OF014,1990-09-04,0.0,
05OF014,1990-10-04,0.0,
05OF014,1991-03-04,0.0,B
05OF014,1991-04-04,1.2699999809265137,B
05OF014,1991-05-04,0.13199999928474426,
05OF014,1991-06-04,0.006000000052154064,
05OF014,1991-07-04,3.9800000190734863,
05OF014,1991-08-04,0.06499999761581421,
05OF014,1991-09-04,0.003000000026077032,
05OF014,1991-10-04,0.003000000026077032,
05OF014,1992-03-04,0.0,B
05OF014,1992-04-04,27.5,B
05OF014,1992-05-04,0.32899999618530273,
05OF014,1992-06-04,0.2179999947547913,
05OF014,1992-07-04,0.2199999988079071,
05OF014,1992-08-04,0.0,
05OF014,1992-09-04,0.0,
05OF014,1992-10-04,0.017000000923871994,
05OF014,1993-03-04,0.0,B
05OF014,1993-04-04,8.0,
05OF014,1993-05-04,0.039000000804662704,
05OF014,1993-06-04,0.1040000021457672,
05OF014,1993-07-04,0.3389999866485596,
05OF014,1993-08-04,4.090000152587891,
05OF014,1993-09-04,0.531000018119812,
05OF014,1993-10-04,0.125,
05OF014,1994-03-04,0.0,B
05OF014,1994-04-04,2.3299999237060547,B
05OF014,1994-05-04,0.6600000262260437,
05OF014,1994-06-04,0.18000000715255737,
05OF014,1994-07-04,0.04699999839067459,
05OF014,1994-08-04,0.05299999937415123,
05OF014,1994-09-04,0.0,
05OF014,1994-10-04,0.0,
05OF014,1995-03-04,0.0,B
05OF014,1995-04-04,4.440000057220459,B
05OF014,1995-05-04,3.259999990463257,
05OF014,1995-06-04,1.809999942779541,
05OF014,1995-07-04,0.11800000071525574,
05OF014,1995-08-04,0.0,
05OF014,1995-09-04,0.052000001072883606,
05OF014,1995-10-04,0.02500000037252903,
05OF014,1996-03-04,0.0,B
05OF014,1996-04-04,0.0,B
05OF014,1996-05-04,1.7899999618530271,
05OF014,1996-06-04,1.159999966621399,
05OF014,1996-07-04,0.1289999932050705,
05OF014,1996-08-04,0.032999999821186066,
05OF014,1996-09-04,0.04100000113248825,
05OF014,1996-10-04,0.017000000923871994,
05OF014,1997-03-04,0.0,B
05OF014,1997-04-04,0.375,B
05OF014,1997-05-04,,
05OF014,1997-06-04,1.399999976158142,
05OF014,1997-07-04,28.600000381469727,
05OF014,1997-08-04,0.0430000014603138,
05OF014,1997-09-04,0.0,
05OF014,1997-10-04,0.0,
05OF014,1998-03-04,0.5,B
05OF014,1998-04-04,7.75,
05OF014,1998-05-04,1.6200000047683716,
05OF014,1998-06-04,0.05099999904632568,
05OF014,1998-07-04,0.09399999678134918,
05OF014,1998-08-04,0.0010000000474974513,
05OF014,1998-09-04,0.0,
05OF014,1998-10-04,0.0,
05OF014,1999-03-04,0.0,B
05OF014,1999-04-04,3.2300000190734863,
05OF014,1999-05-04,0.6480000019073486,
05OF014,1999-06-04,0.375,
05OF014,1999-07-04,0.3089999854564667,
05OF014,1999-08-04,0.0,
05OF014,1999-09-04,0.0,
05OF014,1999-10-04,0.0,
05OF014,2000-03-04,0.27000001072883606,B
05OF014,2000-04-04,0.193000003695488,
05OF014,2000-05-04,0.0,
05OF014,2000-06-04,0.0,
05OF014,2000-07-04,0.010999999940395355,
05OF014,2000-08-04,0.0,
05OF014,2000-09-04,0.15299999713897705,
05OF014,2000-10-04,0.0,
05OF014,2001-03-04,0.0,B
05OF014,2001-04-04,25.200000762939453,B
05OF014,2001-05-04,2.2699999809265137,
05OF014,2001-06-04,0.9380000233650208,
05OF014,2001-07-04,0.02199999988079071,
05OF014,2001-08-04,0.5559999942779541,
05OF014,2001-09-04,0.00800000037997961,
05OF014,2001-10-04,0.0,
05OF014,2002-03-04,0.0,B
05OF014,2002-04-04,0.02199999988079071,B
05OF014,2002-05-04,0.1040000021457672,
05OF014,2002-06-04,0.03200000151991844,
05OF014,2002-07-04,0.21299999952316284,
05OF014,2002-08-04,0.0,
05OF014,2002-09-04,1.0700000524520874,
05OF014,2002-10-04,0.06700000166893005,
05OF014,2003-03-04,0.0,B
05OF014,2003-04-04,0.24799999594688416,B
05OF014,2003-05-04,0.0860000029206276,A
05OF014,2003-06-04,0.07199999690055847,
05OF014,2003-07-04,0.13099999725818634,
05OF014,2003-08-04,0.0,
05OF014,2003-09-04,0.0,
05OF014,2003-10-04,0.0,
05OF014,2004-03-04,0.0,B
05OF014,2004-04-04,8.5,
05OF014,2004-05-04,0.08799999952316284,
05OF014,2004-06-04,6.53000020980835,
05OF014,2004-07-04,0.777999997138977,
05OF014,2004-08-04,0.12200000137090684,
05OF014,2004-09-04,0.09799999743700027,
05OF014,2004-10-04,0.22200000286102292,
05OF014,2005-03-04,0.0,B
05OF014,2005-04-04,47.29999923706055,B
05OF014,2005-05-04,0.3709999918937683,
05OF014,2005-06-04,1.5399999618530271,
05OF014,2005-07-04,53.0,
05OF014,2005-08-04,0.164000004529953,
05OF014,2005-09-04,0.03599999845027924,
05OF014,2005-10-04,0.014000000432133676,
05OF014,2006-03-04,0.05099999904632568,B
05OF014,2006-04-04,71.19999694824219,B
05OF014,2006-05-04,2.4100000858306885,
05OF014,2006-06-04,0.11400000005960464,
05OF014,2006-07-04,0.014999999664723871,
05OF014,2006-08-04,0.0,
05OF014,2006-09-04,0.0,
05OF014,2006-10-04,0.0,
05OF014,2007-03-04,0.0,B
05OF014,2007-04-04,4.559999942779541,B
05OF014,2007-05-04,0.054999999701976776,
05OF014,2007-06-04,2.2799999713897705,
05OF014,2007-07-04,2.1600000858306885,
05OF014,2007-08-04,0.020999999716877937,A
05OF014,2007-09-04,0.04199999943375588,
05OF014,2007-10-04,0.0020000000949949026,
05OF014,2008-03-04,0.0,B
05OF014,2008-04-04,3.5199999809265137,B
05OF014,2008-05-04,0.054999999701976776,
05OF014,2008-06-04,0.020999999716877937,
05OF014,2008-07-04,0.119999997317791,
05OF014,2008-08-04,0.0,
05OF014,2008-09-04,0.0,
05OF014,2008-10-04,0.03500000014901161,
05OF014,2009-03-04,0.0,B
05OF014,2009-04-04,2.0999999046325684,B
05OF014,2009-05-04,,
05OF014,2009-06-04,1.7100000381469729,
05OF014,2009-07-04,0.28600001335144043,
05OF014,2009-08-04,0.03599999845027924,
05OF014,2009-09-04,0.0,
05OF014,2009-10-04,0.0,
05OF014,2010-03-04,0.0,B
05OF014,2010-04-04,6.880000114440918,
05OF014,2010-05-04,0.3109999895095825,
05OF014,2010-06-04,2.390000104904175,
05OF014,2010-07-04,0.5690000057220459,
05OF014,2010-08-04,0.22300000488758087,
05OF014,2010-09-04,16.700000762939453,
05OF014,2010-10-04,1.2999999523162842,
05OF014,2011-03-04,0.06300000101327896,B
05OF014,2011-04-04,57.09999847412109,E
05OF014,2011-05-04,,
05OF014,2011-06-04,5.440000057220459,
05OF014,2011-07-04,1.600000023841858,
05OF014,2011-08-04,0.1710000038146973,
05OF014,2011-09-04,0.0,
05OF014,2011-10-04,0.01600000075995922,
05OF014,2012-03-04,0.0,B
05OF014,2012-04-04,0.09399999678134918,
05OF014,2012-05-04,0.03099999949336052,
05OF014,2012-06-04,0.07599999755620956,
05OF014,2012-07-04,0.0430000014603138,
05OF014,2012-08-04,0.0,
05OF014,2012-09-04,0.0,
05OF014,2012-10-04,0.0,
05OF014,2013-03-04,0.0,B
05OF014,2013-04-04,0.0,B
05OF014,2013-05-04,6.800000190734863,
05OF014,2013-06-04,6.320000171661377,
05OF014,2013-07-04,0.8180000185966492,
05OF014,2013-08-04,0.15000000596046448,
05OF014,2013-09-04,0.008999999612569809,
05OF014,2013-10-04,0.004000000189989805,
05OF014,2014-03-04,0.0,B
05OF014,2014-04-04,0.0,B
05OF014,2014-05-04,1.2999999523162842,
05OF014,2014-06-04,0.19599999487400052,
05OF014,2014-07-04,0.7210000157356262,
05OF014,2014-08-04,0.0,
05OF014,2014-09-04,0.008999999612569809,A
05OF014,2014-10-04,0.0,
05OF014,2015-03-04,0.0,B
05OF014,2015-04-04,0.22200000286102292,B
05OF014,2015-05-04,0.1850000023841858,
05OF014,2015-06-04,0.1340000033378601,
05OF014,2015-07-04,0.05299999937415123,A
05OF014,2015-08-04,0.008999999612569809,
05OF014,2015-09-04,0.0010000000474974513,
05OF014,2015-10-04,0.0010000000474974513,
05OF014,2016-03-04,0.0,B
05OF014,2016-04-04,0.22200000286102292,
05OF014,2016-05-04,0.11299999803304672,
05OF014,2016-06-04,0.1720000058412552,
05OF014,2016-07-04,0.4160000085830689,
05OF014,2016-08-04,0.4690000116825104,
05OF014,2016-09-04,0.0010000000474974513,E
05OF014,2016-10-04,0.01600000075995922,
05OF014,2017-03-04,0.007000000216066837,B
05OF014,2017-04-04,34.29999923706055,
05OF014,2017-05-04,0.31700000166893005,
05OF014,2017-06-04,0.2590000033378601,
05OF014,2017-07-04,0.44600000977516174,
05OF014,2017-08-04,0.0,
05OF014,2017-09-04,0.0,
05OF014,2017-10-04,0.0,
05OF014,2018-03-04,,
05OF014,2018-04-04,,
05OF014,2018-06-04,,
05OF014,2018-07-04,0.014000000432133676,
05OF014,2018-08-04,0.0,
05OF014,2018-09-04,0.0,
05OF014,2018-10-04,0.0,
05OF014,2019-03-04,0.0,B
05OF014,2019-04-04,8.420000076293945,B
05OF014,2019-05-04,,
05OF014,2019-06-04,0.003000000026077032,
05OF014,2019-07-04,0.0,
05OF014,2019-08-04,0.0,
05OF014,2019-09-04,0.0,
05OF014,2019-10-04,3.380000114440918,
05OF014,2019-11-04,0.6110000014305115,B
05OF014,2020-03-04,0.0,B
05OF014,2020-04-04,3.180000066757202,B
05OF014,2020-05-04,,
05OF014,2020-06-04,0.0,
05OF014,2020-07-04,0.0010000000474974513,
05OF014,2020-08-04,0.0,
05OF014,2020-09-04,0.0,
05OF014,2020-10-04,0.0,
05OF014,2021-02-04,,
05OF014,2021-03-04,0.0,B
05OF014,2021-04-04,0.009999999776482582,
05OF014,2021-05-04,0.2169999927282333,
05OF014,2021-06-04,0.04600000008940697,
05OF014,2021-07-04,0.019999999552965164,
05OF014,2021-08-04,0.0,
05OF014,2021-09-04,0.0,
05OF014,2021-10-04,0.0,
05OF014,2022-03-04,0.0,B
05OF014,2022-04-04,27.399999618530277,B
05OF014,2022-05-04,,
05OF014,2022-06-04,,
05OF014,2022-07-04,0.8410000205039978,
05OF014,2022-08-04,0.12999999523162842,E
05OF014,2022-09-04,0.0,
05OF014,2022-10-04,0.0,
05OF014,2023-02-04,,
05OF014,2023-03-04,0.0010000000474974513,B
05OF014,2023-04-04,0.0010000000474974513,B
05OF014,2023-05-04,,
05OF014,2023-06-04,0.49900001287460327,
05OF014,2023-07-04,0.289000004529953,
05OF014,2023-08-04,0.0,
05OF014,2023-09-04,0.0,
05OF014,2023-10-04,0.0,
05OF014,2024-03-04,0.0,B
05OF014,2024-04-04,1.919999957084656,B
05OF014,2024-05-04,1.1699999570846558,
05OF014,2024-06-04,0.4749999940395355,
05OF014,2024-07-04,31.899999618530277,E
05OF014,2024-08-04,0.03799999877810478,
05OF014,2024-09-04,0.17599999904632568,
05OF014,2024-10-04,0.13899999856948853,
05OF014,1960-03-05,0.0,B
05OF014,1960-04-05,8.069999694824219,B
05OF014,1960-05-05,1.3300000429153442,
05OF014,1960-06-05,0.05700000002980232,
05OF014,1960-07-05,0.24899999797344208,
05OF014,1960-08-05,0.0,
05OF014,1960-09-05,0.0,
05OF014,1960-10-05,0.0,
05OF014,1961-03-05,0.0,B
05OF014,1961-04-05,1.590000033378601,B
05OF014,1961-05-05,0.003000000026077032,
05OF014,1961-06-05,0.0,
05OF014,1961-07-05,0.0,
05OF014,1961-08-05,0.0,
05OF014,1961-09-05,0.0,
05OF014,1961-10-05,0.0,
05OF014,1962-03-05,0.0,
05OF014,1962-04-05,0.0,
05OF014,1962-05-05,0.3959999978542328,
05OF014,1962-06-05,0.6650000214576721,
05OF014,1962-07-05,0.023000000044703484,E
05OF014,1962-08-05,0.12700000405311584,E
05OF014,1962-09-05,0.0,
05OF014,1962-10-05,0.0,
05OF014,1963-03-05,0.0,B
05OF014,1963-04-05,1.5199999809265137,B
05OF014,1963-05-05,0.0,
05OF014,1963-06-05,21.299999237060547,
05OF014,1963-07-05,0.017000000923871994,E
05OF014,1963-08-05,0.006000000052154064,E
05OF014,1963-09-05,0.0,
05OF014,1963-10-05,0.0,
05OF014,1964-03-05,0.0,B
05OF014,1964-04-05,0.0,B
05OF014,1964-05-05,0.17800000309944153,
05OF014,1964-06-05,0.0,
05OF014,1964-07-05,0.02800000086426735,E
05OF014,1964-08-05,0.0,
05OF014,1964-09-05,0.4390000104904175,E
05OF014,1964-10-05,0.05700000002980232,E
05OF014,1965-03-05,0.0,B
05OF014,1965-04-05,0.03700000047683716,B
05OF014,1965-05-05,1.0399999618530271,E
05OF014,1965-06-05,0.39399999380111694,E
05OF014,1965-07-05,0.15299999713897705,
05OF014,1965-08-05,0.0,
05OF014,1965-09-05,0.0,
05OF014,1965-10-05,0.0,
05OF014,1966-03-05,0.0,B
05OF014,1966-04-05,0.0,
05OF014,1966-05-05,0.0,
05OF014,1966-06-05,0.0,
05OF014,1966-07-05,9.600000381469728,E
05OF014,1966-08-05,0.0,
05OF014,1966-09-05,0.0,
05OF014,1966-10-05,0.0,
05OF014,1967-03-05,0.0,B
05OF014,1967-04-05,3.539999961853028,B
05OF014,1967-05-05,2.3499999046325684,
05OF014,1967-06-05,0.22699999809265137,
05OF014,1967-07-05,0.05099999904632568,E
05OF014,1967-08-05,0.0,
05OF014,1967-09-05,0.0,
05OF014,1967-10-05,0.0,
05OF014,1968-03-05,0.0,B
05OF014,1968-04-05,0.42500001192092896,B
05OF014,1968-05-05,0.05900000035762787,E
05OF014,1968-06-05,0.15600000321865082,
05OF014,1968-07-05,0.1330000013113022,E
05OF014,1968-08-05,2.2100000381469727,E
05OF014,1968-09-05,1.6200000047683716,
05OF014,1968-10-05,0.3199999928474426,E
05OF014,1969-03-05,0.0,B
05OF014,1969-04-05,0.0,B
05OF014,1969-05-05,0.11299999803304672,
05OF014,1969-06-05,0.28299999237060547,E
05OF014,1969-07-05,3.140000104904175,E
05OF014,1969-08-05,0.08500000089406967,
05OF014,1969-09-05,0.06199999898672104,
05OF014,1969-10-05,0.023000000044703484,
05OF014,1970-03-05,0.0,B
05OF014,1970-04-05,0.0,B
05OF014,1970-05-05,8.40999984741211,
05OF014,1970-06-05,1.1299999952316284,
05OF014,1970-07-05,0.878000020980835,
05OF014,1970-08-05,0.2630000114440918,
05OF014,1970-09-05,0.0,
05OF014,1970-10-05,0.007000000216066837,
05OF014,1971-03-05,0.0,B
05OF014,1971-04-05,0.0,B
05OF014,1971-05-05,0.5320000052452087,
05OF014,1971-06-05,0.2179999947547913,
05OF014,1971-07-05,0.2440000027418137,
05OF014,1971-08-05,0.0,
05OF014,1971-09-05,0.0,
05OF014,1971-10-05,0.0,
05OF014,1972-03-05,0.0,B
05OF014,1972-04-05,1.6100000143051147,B
05OF014,1972-05-05,0.6600000262260437,
05OF014,1972-06-05,0.20100000500679016,E
05OF014,1972-07-05,0.5009999871253967,
05OF014,1972-08-05,0.23199999332427976,
05OF014,1972-09-05,0.10499999672174454,
05OF014,1972-10-05,0.03099999949336052,E
05OF014,1973-03-05,0.0,B
05OF014,1973-04-05,0.13600000739097595,
05OF014,1973-05-05,0.020999999716877937,
05OF014,1973-06-05,0.0,
05OF014,1973-07-05,0.0,
05OF014,1973-08-05,0.010999999940395355,
05OF014,1973-09-05,0.0,
05OF014,1973-10-05,0.0,
05OF014,1974-03-05,0.0,B
05OF014,1974-04-05,0.0,B
05OF014,1974-05-05,1.5399999618530271,
05OF014,1974-06-05,1.2100000381469729,
05OF014,1974-07-05,0.23499999940395355,E
05OF014,1974-08-05,0.0,
05OF014,1974-09-05,0.027000000700354576,
05OF014,1974-10-05,0.0,
05OF014,1975-03-05,0.0,B
05OF014,1975-04-05,0.0,B
05OF014,1975-05-05,1.2999999523162842,
05OF014,1975-06-05,0.07900000363588333,
05OF014,1975-07-05,0.6769999861717224,
05OF014,1975-08-05,0.0,
05OF014,1975-09-05,0.0,
05OF014,1975-10-05,0.0,
05OF014,1976-03-05,0.0,B
05OF014,1976-04-05,46.400001525878906,B
05OF014,1976-05-05,0.4359999895095825,
05OF014,1976-06-05,0.026000000536441803,
05OF014,1976-07-05,0.0,
05OF014,1976-08-05,0.0,
05OF014,1976-09-05,0.0,
05OF014,1976-10-05,0.0,
05OF014,1977-03-05,0.0,B
05OF014,1977-04-05,0.4760000109672546,B
05OF014,1977-05-05,0.014000000432133676,
05OF014,1977-06-05,0.0,
05OF014,1977-07-05,0.004999999888241291,
05OF014,1977-08-05,0.0010000000474974513,
05OF014,1977-09-05,0.0020000000949949026,
05OF014,1977-10-05,0.4359999895095825,
05OF014,1978-03-05,0.0,B
05OF014,1978-04-05,7.590000152587891,B
05OF014,1978-05-05,0.7480000257492065,A
05OF014,1978-06-05,0.26899999380111694,
05OF014,1978-07-05,0.0,
05OF014,1978-08-05,0.0,
05OF014,1978-09-05,0.0,
05OF014,1978-10-05,0.00800000037997961,
05OF014,1979-03-05,0.0,B
05OF014,1979-04-05,0.0,B
05OF014,1979-06-05,,
05OF014,1979-07-05,0.30799999833106995,
05OF014,1979-08-05,0.03700000047683716,
05OF014,1979-09-05,0.0,
05OF014,1979-10-05,0.0,
05OF014,1980-03-05,0.0,B
05OF014,1980-04-05,0.7910000085830688,B
05OF014,1980-05-05,0.00800000037997961,
05OF014,1980-06-05,0.0,
05OF014,1980-07-05,0.0,
05OF014,1980-08-05,0.0,
05OF014,1980-09-05,0.0,
05OF014,1980-10-05,0.0,
05OF014,1981-03-05,0.0,B
05OF014,1981-04-05,0.16899999976158142,
05OF014,1981-05-05,0.0,
05OF014,1981-06-05,0.0,
05OF014,1981-07-05,0.01600000075995922,
05OF014,1981-08-05,0.08900000154972076,
05OF014,1981-09-05,0.0,
05OF014,1981-10-05,0.0,
05OF014,1982-03-05,0.0,B
05OF014,1982-04-05,2.319999933242798,B
05OF014,1982-05-05,0.0010000000474974513,
05OF014,1982-06-05,0.0,
05OF014,1982-07-05,0.0010000000474974513,
05OF014,1982-08-05,0.0,
05OF014,1982-09-05,0.0,
05OF014,1982-10-05,0.0,
05OF014,1983-03-05,1.2000000476837158,B
05OF014,1983-04-05,16.0,B
05OF014,1983-05-05,0.090999998152256,
05OF014,1983-06-05,0.020999999716877937,E
05OF014,1983-07-05,0.004999999888241291,
05OF014,1983-08-05,0.0,
05OF014,1983-09-05,0.0,
05OF014,1983-10-05,0.0,
05OF014,1984-03-05,0.0,B
05OF014,1984-04-05,0.2879999876022339,B
05OF014,1984-05-05,0.08299999684095383,E
05OF014,1984-06-05,0.0,
05OF014,1984-07-05,0.0,
05OF014,1984-08-05,0.0,
05OF014,1984-09-05,0.0,
05OF014,1984-10-05,0.0,
05OF014,1985-03-05,0.0,B
05OF014,1985-04-05,1.919999957084656,
05OF014,1985-05-05,0.2029999941587448,
05OF014,1985-06-05,0.0,
05OF014,1985-07-05,0.3790000081062317,
05OF014,1985-08-05,0.0,
05OF014,1985-09-05,0.44999998807907104,
05OF014,1985-10-05,0.16599999368190765,
05OF014,1986-03-05,0.0,B
05OF014,1986-04-05,5.96999979019165,
05OF014,1986-05-05,13.899999618530272,
05OF014,1986-06-05,0.2189999967813492,
05OF014,1986-07-05,0.05400000140070915,
05OF014,1986-08-05,0.04100000113248825,E
05OF014,1986-09-05,0.0,E
05OF014,1986-10-05,0.0,
05OF014,1987-03-05,0.0,B
05OF014,1987-04-05,59.29999923706055,B
05OF014,1987-05-05,0.10100000351667404,
05OF014,1987-06-05,0.0,
05OF014,1987-07-05,0.0,
05OF014,1987-08-05,0.0,
05OF014,1987-09-05,0.05900000035762787,
05OF014,1987-10-05,0.0,
05OF014,1988-03-05,0.052000001072883606,B
05OF014,1988-04-05,2.369999885559082,B
05OF014,1988-05-05,0.0,
05OF014,1988-06-05,0.0,
05OF014,1988-07-05,0.0,
05OF014,1988-08-05,0.0,
05OF014,1988-09-05,0.0,
05OF014,1988-10-05,0.0,
05OF014,1989-03-05,0.0,B
05OF014,1989-04-05,0.0,B
05OF014,1989-05-05,0.13899999856948853,
05OF014,1989-06-05,0.0,
05OF014,1989-07-05,0.0,
05OF014,1989-08-05,0.0,
05OF014,1989-09-05,0.0,
05OF014,1989-10-05,0.0,
05OF014,1990-03-05,0.0,B
05OF014,1990-04-05,4.809999942779541,B
05OF014,1990-05-05,0.10000000149011612,
05OF014,1990-06-05,0.35100001096725464,
05OF014,1990-07-05,0.3330000042915344,
05OF014,1990-08-05,0.0,
05OF014,1990-09-05,0.0,
05OF014,1990-10-05,0.0,
05OF014,1991-03-05,0.0,B
05OF014,1991-04-05,0.8939999938011169,B
05OF014,1991-05-05,0.1430000066757202,
05OF014,1991-06-05,0.0,
05OF014,1991-07-05,4.480000019073486,
05OF014,1991-08-05,0.12999999523162842,
05OF014,1991-09-05,0.0020000000949949026,
05OF014,1991-10-05,0.017000000923871994,
05OF014,1992-03-05,0.0,B
05OF014,1992-04-05,22.600000381469727,B
05OF014,1992-05-05,0.2870000004768372,
05OF014,1992-06-05,0.19900000095367432,
05OF014,1992-07-05,0.6880000233650208,
05OF014,1992-08-05,0.0,
05OF014,1992-09-05,0.0,
05OF014,1992-10-05,0.0130000002682209,
05OF014,1993-03-05,0.0,B
05OF014,1993-04-05,7.510000228881836,
05OF014,1993-05-05,0.023000000044703484,
05OF014,1993-06-05,0.09399999678134918,
05OF014,1993-07-05,0.3659999966621399,
05OF014,1993-08-05,3.799999952316284,
05OF014,1993-09-05,0.4889999926090241,
05OF014,1993-10-05,0.11100000143051147,
05OF014,1994-03-05,0.0,B
05OF014,1994-04-05,1.909999966621399,B
05OF014,1994-05-05,0.5849999785423279,
05OF014,1994-06-05,0.17299999296665192,
05OF014,1994-07-05,0.03099999949336052,
05OF014,1994-08-05,0.02500000037252903,
05OF014,1994-09-05,0.0,
05OF014,1994-10-05,0.0,
05OF014,1995-03-05,0.0,B
05OF014,1995-04-05,3.490000009536743,B
05OF014,1995-05-05,3.380000114440918,
05OF014,1995-06-05,1.4600000381469729,
05OF014,1995-07-05,0.0820000022649765,
05OF014,1995-08-05,0.0,
05OF014,1995-09-05,0.04399999976158142,
05OF014,1995-10-05,0.012000000104308128,
05OF014,1996-03-05,0.0,B
05OF014,1996-04-05,0.0,B
05OF014,1996-05-05,3.9700000286102295,
05OF014,1996-06-05,1.0800000429153442,
05OF014,1996-07-05,0.11500000208616255,
05OF014,1996-08-05,0.07599999755620956,
05OF014,1996-09-05,0.04399999976158142,
05OF014,1996-10-05,0.012000000104308128,
05OF014,1997-03-05,0.0,B
05OF014,1997-04-05,0.8399999737739563,B
05OF014,1997-05-05,,
05OF014,1997-06-05,0.9660000205039978,
05OF014,1997-07-05,13.899999618530272,
05OF014,1997-08-05,0.05400000140070915,
05OF014,1997-09-05,0.0,
05OF014,1997-10-05,0.0,
05OF014,1998-03-05,0.32199999690055847,B
05OF014,1998-04-05,6.639999866485596,
05OF014,1998-05-05,1.190000057220459,
05OF014,1998-06-05,0.07199999690055847,
05OF014,1998-07-05,0.0860000029206276,
05OF014,1998-08-05,0.0010000000474974513,
05OF014,1998-09-05,0.0,
05OF014,1998-10-05,0.0,
05OF014,1999-03-05,0.0,B
05OF014,1999-04-05,3.220000028610229,
05OF014,1999-05-05,0.8069999814033508,
05OF014,1999-06-05,0.3030000030994416,
05OF014,1999-07-05,0.2660000026226044,
05OF014,1999-08-05,0.0,
05OF014,1999-09-05,0.0,
05OF014,1999-10-05,0.0,
05OF014,2000-03-05,0.671999990940094,B
05OF014,2000-04-05,0.1940000057220459,
05OF014,2000-05-05,0.0,
05OF014,2000-06-05,0.0,
05OF014,2000-07-05,0.05299999937415123,
05OF014,2000-08-05,0.0,
05OF014,2000-09-05,0.16699999570846558,
05OF014,2000-10-05,0.0,
05OF014,2001-03-05,0.0,B
05OF014,2001-04-05,31.299999237060547,B
05OF014,2001-05-05,2.450000047683716,
05OF014,2001-06-05,0.9399999976158142,
05OF014,2001-07-05,0.008999999612569809,
05OF014,2001-08-05,0.4860000014305115,
05OF014,2001-09-05,0.00800000037997961,
05OF014,2001-10-05,0.0,
05OF014,2002-03-05,0.0,B
05OF014,2002-04-05,0.0949999988079071,B
05OF014,2002-05-05,0.1120000034570694,
05OF014,2002-06-05,0.03599999845027924,
05OF014,2002-07-05,1.0299999713897705,
05OF014,2002-08-05,0.0,
05OF014,2002-09-05,1.0,
05OF014,2002-10-05,0.06400000303983688,
05OF014,2003-03-05,0.0,B
05OF014,2003-04-05,0.2949999868869781,B
05OF014,2003-05-05,0.06499999761581421,A
05OF014,2003-06-05,0.13600000739097595,
05OF014,2003-07-05,0.10999999940395357,
05OF014,2003-08-05,0.0,
05OF014,2003-09-05,0.0,
05OF014,2003-10-05,0.0,
05OF014,2004-03-05,0.0,B
05OF014,2004-04-05,6.199999809265137,
05OF014,2004-05-05,0.09600000083446504,
05OF014,2004-06-05,4.139999866485596,
05OF014,2004-07-05,0.7450000047683716,
05OF014,2004-08-05,0.0989999994635582,
05OF014,2004-09-05,0.6930000185966492,
05OF014,2004-10-05,0.17900000512599945,
05OF014,2005-03-05,0.0,B
05OF014,2005-04-05,58.900001525878906,
05OF014,2005-05-05,0.4370000064373016,
05OF014,2005-06-05,1.5299999713897705,
05OF014,2005-07-05,43.0,
05OF014,2005-08-05,0.10599999874830246,
05OF014,2005-09-05,0.03999999910593033,
05OF014,2005-10-05,0.05299999937415123,
05OF014,2006-03-05,0.052000001072883606,B
05OF014,2006-04-05,83.4000015258789,B
05OF014,2006-05-05,2.5,
05OF014,2006-06-05,0.0860000029206276,
05OF014,2006-07-05,0.012000000104308128,
05OF014,2006-08-05,0.0,
05OF014,2006-09-05,0.0,
05OF014,2006-10-05,0.0,
05OF014,2007-03-05,0.0,B
05OF014,2007-04-05,4.78000020980835,B
05OF014,2007-05-05,0.0820000022649765,
05OF014,2007-06-05,1.830000042915344,
05OF014,2007-07-05,1.2699999809265137,A
05OF014,2007-08-05,0.012000000104308128,
05OF014,2007-09-05,0.03700000047683716,
05OF014,2007-10-05,0.0,
05OF014,2008-03-05,0.0,B
05OF014,2008-04-05,10.5,B
05OF014,2008-05-05,0.08500000089406967,
05OF014,2008-06-05,0.02800000086426735,
05OF014,2008-07-05,0.12600000202655792,
05OF014,2008-08-05,0.0,
05OF014,2008-09-05,0.0,
05OF014,2008-10-05,0.02500000037252903,
05OF014,2009-03-05,0.0,B
05OF014,2009-04-05,1.5499999523162842,B
05OF014,2009-05-05,,
05OF014,2009-06-05,1.4700000286102295,
05OF014,2009-07-05,0.2070000022649765,
05OF014,2009-08-05,0.03200000151991844,
05OF014,2009-09-05,0.0,
05OF014,2009-10-05,0.0,
05OF014,2010-03-05,0.0,B
05OF014,2010-04-05,5.550000190734863,
05OF014,2010-05-05,10.699999809265137,
05OF014,2010-06-05,1.919999957084656,
05OF014,2010-07-05,0.3790000081062317,
05OF014,2010-08-05,0.16500000655651093,
05OF014,2010-09-05,11.199999809265137,
05OF014,2010-10-05,1.0499999523162842,
05OF014,2011-03-05,0.06300000101327896,B
05OF014,2011-04-05,47.09999847412109,A
05OF014,2011-05-05,,
05OF014,2011-06-05,4.650000095367432,
05OF014,2011-07-05,1.4199999570846558,
05OF014,2011-08-05,0.1710000038146973,
05OF014,2011-09-05,0.0,
05OF014,2011-10-05,0.0020000000949949026,
05OF014,2012-03-05,0.0,B
05OF014,2012-04-05,0.08500000089406967,
05OF014,2012-05-05,0.029999999329447743,
05OF014,2012-06-05,0.26100000739097595,
05OF014,2012-07-05,0.061000000685453415,
05OF014,2012-08-05,0.0,
05OF014,2012-09-05,0.0,
05OF014,2012-10-05,0.0,
05OF014,2013-03-05,0.0,B
05OF014,2013-04-05,0.0,B
05OF014,2013-05-05,5.940000057220459,
05OF014,2013-06-05,3.880000114440918,
05OF014,2013-07-05,0.699999988079071,
05OF014,2013-08-05,0.14399999380111694,
05OF014,2013-09-05,0.008999999612569809,
05OF014,2013-10-05,0.006000000052154064,
05OF014,2014-03-05,0.0,B
05OF014,2014-04-05,0.0,B
05OF014,2014-05-05,1.190000057220459,
05OF014,2014-06-05,0.2529999911785126,
05OF014,2014-07-05,0.7319999933242798,
05OF014,2014-08-05,0.0,
05OF014,2014-09-05,0.004000000189989805,A
05OF014,2014-10-05,0.0,
05OF014,2015-03-05,0.0,B
05OF014,2015-04-05,0.15700000524520874,
05OF014,2015-05-05,0.1860000044107437,
05OF014,2015-06-05,0.15399999916553497,
05OF014,2015-07-05,0.04899999871850014,
05OF014,2015-08-05,0.00800000037997961,
05OF014,2015-09-05,0.0010000000474974513,
05OF014,2015-10-05,0.0010000000474974513,
05OF014,2016-03-05,0.0,B
05OF014,2016-04-05,0.15000000596046448,
05OF014,2016-05-05,0.09600000083446504,
05OF014,2016-06-05,0.09799999743700027,
05OF014,2016-07-05,0.453000009059906,
05OF014,2016-08-05,1.2899999618530271,
05OF014,2016-09-05,0.0010000000474974513,A
05OF014,2016-10-05,0.03599999845027924,
05OF014,2017-03-05,0.007000000216066837,B
05OF014,2017-04-05,25.899999618530277,
05OF014,2017-05-05,0.27799999713897705,
05OF014,2017-06-05,0.25200000405311584,
05OF014,2017-07-05,0.800000011920929,
05OF014,2017-08-05,0.0,
05OF014,2017-09-05,0.0,
05OF014,2017-10-05,0.0,
05OF014,2018-03-05,,
05OF014,2018-04-05,,
05OF014,2018-06-05,,
05OF014,2018-07-05,0.014000000432133676,
05OF014,2018-08-05,0.0,
05OF014,2018-09-05,0.0,
05OF014,2018-10-05,0.0,
05OF014,2019-03-05,0.0,B
05OF014,2019-04-05,6.039999961853027,B
05OF014,2019-05-05,,
05OF014,2019-06-05,0.0010000000474974513,
05OF014,2019-07-05,0.0,
05OF014,2019-08-05,0.0,
05OF014,2019-09-05,0.0,
05OF014,2019-10-05,1.6699999570846558,
05OF014,2019-11-05,0.5289999842643738,B
05OF014,2020-03-05,0.0,B
05OF014,2020-04-05,1.399999976158142,B
05OF014,2020-05-05,,
05OF014,2020-06-05,0.0,
05OF014,2020-07-05,0.0,
05OF014,2020-08-05,0.0,
05OF014,2020-09-05,0.0,
05OF014,2020-10-05,0.0,
05OF014,2021-02-05,,
05OF014,2021-03-05,0.0,B
05OF014,2021-04-05,0.004999999888241291,
05OF014,2021-05-05,0.1860000044107437,
05OF014,2021-06-05,0.03599999845027924,
05OF014,2021-07-05,0.01600000075995922,
05OF014,2021-08-05,0.0,
05OF014,2021-09-05,0.0,
05OF014,2021-10-05,0.0,
05OF014,2022-03-05,0.0,B
05OF014,2022-04-05,36.20000076293945,B
05OF014,2022-05-05,,
05OF014,2022-06-05,,
05OF014,2022-07-05,0.7870000004768372,
05OF014,2022-08-05,0.1040000021457672,E
05OF014,2022-09-05,0.0,
05OF014,2022-10-05,0.0,
05OF014,2023-02-05,,
05OF014,2023-03-05,0.0010000000474974513,B
05OF014,2023-04-05,0.0010000000474974513,B
05OF014,2023-05-05,,
05OF014,2023-06-05,0.5090000033378601,
05OF014,2023-07-05,0.21299999952316284,
05OF014,2023-08-05,0.0,
05OF014,2023-09-05,0.0,
05OF014,2023-10-05,0.0,
05OF014,2024-03-05,0.0,B
05OF014,2024-04-05,2.5999999046325684,B
05OF014,2024-05-05,1.2200000286102295,
05OF014,2024-06-05,0.7609999775886536,
05OF014,2024-07-05,22.0,E
05OF014,2024-08-05,0.028999999165534973,
05OF014,2024-09-05,0.15700000524520874,
05OF014,2024-10-05,0.1509999930858612,
05OF014,1960-03-06,0.0,B
05OF014,1960-04-06,27.799999237060547,B
05OF014,1960-05-06,1.149999976158142,
05OF014,1960-06-06,0.05099999904632568,
05OF014,1960-07-06,0.1979999989271164,
05OF014,1960-08-06,0.0,
05OF014,1960-09-06,0.0,
05OF014,1960-10-06,0.0,
05OF014,1961-03-06,0.0,B
05OF014,1961-04-06,1.590000033378601,B
05OF014,1961-05-06,0.006000000052154064,
05OF014,1961-06-06,0.0,
05OF014,1961-07-06,0.0,
05OF014,1961-08-06,0.0,
05OF014,1961-09-06,0.0,
05OF014,1961-10-06,0.0,
05OF014,1962-03-06,0.0,
05OF014,1962-04-06,0.0,
05OF014,1962-05-06,0.9739999771118164,E
05OF014,1962-06-06,0.6169999837875366,
05OF014,1962-07-06,0.02500000037252903,E
05OF014,1962-08-06,0.10999999940395357,
05OF014,1962-09-06,0.0,
05OF014,1962-10-06,0.0,
05OF014,1963-03-06,0.0,B
05OF014,1963-04-06,1.1200000047683716,E
05OF014,1963-05-06,0.0,
05OF014,1963-06-06,17.799999237060547,
05OF014,1963-07-06,0.014000000432133676,
05OF014,1963-08-06,0.0,
05OF014,1963-09-06,0.0,
05OF014,1963-10-06,0.0,
05OF014,1964-03-06,0.0,B
05OF014,1964-04-06,0.0,B
05OF014,1964-05-06,0.1469999998807907,
05OF014,1964-06-06,0.0,
05OF014,1964-07-06,0.02500000037252903,E
05OF014,1964-08-06,0.0,
05OF014,1964-09-06,0.4390000104904175,E
05OF014,1964-10-06,0.05700000002980232,E
05OF014,1965-03-06,0.0,B
05OF014,1965-04-06,0.09600000083446504,B
05OF014,1965-05-06,1.4700000286102295,
05OF014,1965-06-06,0.3910000026226044,E
05OF014,1965-07-06,0.12999999523162842,E
05OF014,1965-08-06,0.0,
05OF014,1965-09-06,0.0,
05OF014,1965-10-06,0.0,
05OF014,1966-03-06,0.0,B
05OF014,1966-04-06,0.0,
05OF014,1966-05-06,0.0,
05OF014,1966-06-06,0.0,
05OF014,1966-07-06,7.989999771118164,E
05OF014,1966-08-06,0.0,
05OF014,1966-09-06,0.0,
05OF014,1966-10-06,0.0,
05OF014,1967-03-06,0.0,B
05OF014,1967-04-06,4.25,B
05OF014,1967-05-06,2.0799999237060547,
05OF014,1967-06-06,0.15299999713897705,
05OF014,1967-07-06,0.04500000178813934,
05OF014,1967-08-06,0.0,
05OF014,1967-09-06,0.0,
05OF014,1967-10-06,0.0,
05OF014,1968-03-06,0.0,B
05OF014,1968-04-06,0.28299999237060547,B
05OF014,1968-05-06,0.05099999904632568,
05OF014,1968-06-06,0.19499999284744263,
05OF014,1968-07-06,0.1080000028014183,E
05OF014,1968-08-06,2.940000057220459,
05OF014,1968-09-06,1.9800000190734863,
05OF014,1968-10-06,0.3199999928474426,E
05OF014,1969-03-06,0.0,B
05OF014,1969-04-06,0.0,B
05OF014,1969-05-06,0.4110000133514404,
05OF014,1969-06-06,0.28299999237060547,
05OF014,1969-07-06,2.9200000762939453,E
05OF014,1969-08-06,0.04199999943375588,
05OF014,1969-09-06,0.05900000035762787,
05OF014,1969-10-06,0.024000000208616257,
05OF014,1970-03-06,0.0,B
05OF014,1970-04-06,0.0,B
05OF014,1970-05-06,8.239999771118164,
05OF014,1970-06-06,1.1799999475479126,
05OF014,1970-07-06,0.8069999814033508,
05OF014,1970-08-06,0.2549999952316284,
05OF014,1970-09-06,0.05700000002980232,
05OF014,1970-10-06,0.003000000026077032,
05OF014,1971-03-06,0.0,B
05OF014,1971-04-06,0.0,B
05OF014,1971-05-06,0.5239999890327454,
05OF014,1971-06-06,0.193000003695488,
05OF014,1971-07-06,0.2119999974966049,
05OF014,1971-08-06,0.0,
05OF014,1971-09-06,0.0,
05OF014,1971-10-06,0.019999999552965164,
05OF014,1972-03-06,0.0,B
05OF014,1972-04-06,1.5499999523162842,B
05OF014,1972-05-06,0.6650000214576721,
05OF014,1972-06-06,0.17299999296665192,
05OF014,1972-07-06,0.4900000095367432,
05OF014,1972-08-06,0.2290000021457672,
05OF014,1972-09-06,0.10499999672174454,
05OF014,1972-10-06,0.024000000208616257,E
05OF014,1973-03-06,0.0,B
05OF014,1973-04-06,0.164000004529953,
05OF014,1973-05-06,0.020999999716877937,
05OF014,1973-06-06,0.0,
05OF014,1973-07-06,0.0,
05OF014,1973-08-06,0.006000000052154064,E
05OF014,1973-09-06,0.0,
05OF014,1973-10-06,0.003000000026077032,
05OF014,1974-03-06,0.0,B
05OF014,1974-04-06,0.0,B
05OF014,1974-05-06,1.409999966621399,
05OF014,1974-06-06,1.1399999856948853,
05OF014,1974-07-06,0.23199999332427976,
05OF014,1974-08-06,0.0,
05OF014,1974-09-06,0.03400000184774399,
05OF014,1974-10-06,0.0,
05OF014,1975-03-06,0.0,B
05OF014,1975-04-06,0.0,B
05OF014,1975-05-06,0.9089999794960022,
05OF014,1975-06-06,0.06199999898672104,
05OF014,1975-07-06,0.4930000007152557,
05OF014,1975-08-06,0.0,
05OF014,1975-09-06,0.0,
05OF014,1975-10-06,0.0,
05OF014,1976-03-06,0.0,B
05OF014,1976-04-06,58.900001525878906,B
05OF014,1976-05-06,0.39399999380111694,
05OF014,1976-06-06,0.03400000184774399,
05OF014,1976-07-06,0.0,
05OF014,1976-08-06,0.0,
05OF014,1976-09-06,0.0,
05OF014,1976-10-06,0.0,
05OF014,1977-03-06,0.0,B
05OF014,1977-04-06,0.4589999914169312,B
05OF014,1977-05-06,0.003000000026077032,
05OF014,1977-06-06,0.0,
05OF014,1977-07-06,0.0010000000474974513,
05OF014,1977-08-06,0.0010000000474974513,
05OF014,1977-09-06,0.007000000216066837,
05OF014,1977-10-06,0.4300000071525574,
05OF014,1978-03-06,0.0,B
05OF014,1978-04-06,11.399999618530272,B
05OF014,1978-05-06,0.7160000205039978,E
05OF014,1978-06-06,0.20100000500679016,
05OF014,1978-07-06,0.0,
05OF014,1978-08-06,0.0,
05OF014,1978-09-06,0.0,
05OF014,1978-10-06,0.0130000002682209,
05OF014,1979-03-06,0.0,B
05OF014,1979-04-06,0.0,B
05OF014,1979-06-06,,
05OF014,1979-07-06,0.37599998712539673,
05OF014,1979-08-06,0.03599999845027924,
05OF014,1979-09-06,0.0,
05OF014,1979-10-06,0.0,
05OF014,1980-03-06,0.0,B
05OF014,1980-04-06,2.4600000381469727,B
05OF014,1980-05-06,0.0,
05OF014,1980-06-06,0.0,
05OF014,1980-07-06,0.0,
05OF014,1980-08-06,0.0,
05OF014,1980-09-06,0.0,
05OF014,1980-10-06,0.0,
05OF014,1981-03-06,0.0,B
05OF014,1981-04-06,0.1330000013113022,
05OF014,1981-05-06,0.0,
05OF014,1981-06-06,0.0,
05OF014,1981-07-06,0.014000000432133676,
05OF014,1981-08-06,0.1720000058412552,
05OF014,1981-09-06,0.0,
05OF014,1981-10-06,0.0,
05OF014,1982-03-06,0.0,B
05OF014,1982-04-06,2.2799999713897705,B
05OF014,1982-05-06,0.0,
05OF014,1982-06-06,0.0,
05OF014,1982-07-06,0.0,
05OF014,1982-08-06,0.0,
05OF014,1982-09-06,0.0,
05OF014,1982-10-06,0.0,
05OF014,1983-03-06,1.0499999523162842,B
05OF014,1983-04-06,18.5,
05OF014,1983-05-06,0.07000000029802322,
05OF014,1983-06-06,0.017999999225139618,E
05OF014,1983-07-06,0.004999999888241291,
05OF014,1983-08-06,0.0,
05OF014,1983-09-06,0.0,
05OF014,1983-10-06,0.0,
05OF014,1984-03-06,0.0,B
05OF014,1984-04-06,0.25,B
05OF014,1984-05-06,0.07900000363588333,E
05OF014,1984-06-06,0.0,
05OF014,1984-07-06,0.0,
05OF014,1984-08-06,0.0,
05OF014,1984-09-06,0.0,
05OF014,1984-10-06,0.0,
05OF014,1985-03-06,0.0,B
05OF014,1985-04-06,3.009999990463257,
05OF014,1985-05-06,0.2290000021457672,
05OF014,1985-06-06,0.0,
05OF014,1985-07-06,0.32199999690055847,
05OF014,1985-08-06,0.0,
05OF014,1985-09-06,0.36899998784065247,
05OF014,1985-10-06,0.14800000190734863,
05OF014,1986-03-06,0.0,B
05OF014,1986-04-06,4.949999809265137,
05OF014,1986-05-06,36.59999847412109,
05OF014,1986-06-06,0.1720000058412552,
05OF014,1986-07-06,0.03500000014901161,
05OF014,1986-08-06,0.02199999988079071,E
05OF014,1986-09-06,0.0,E
05OF014,1986-10-06,0.0,
05OF014,1987-03-06,0.0,B
05OF014,1987-04-06,83.0,B
05OF014,1987-05-06,0.0989999994635582,
05OF014,1987-06-06,0.0,
05OF014,1987-07-06,0.0,
05OF014,1987-08-06,0.0,
05OF014,1987-09-06,0.07100000232458115,
05OF014,1987-10-06,0.0,
05OF014,1988-03-06,0.06499999761581421,B
05OF014,1988-04-06,2.289999961853028,B
05OF014,1988-05-06,0.0,
05OF014,1988-06-06,0.0,
05OF014,1988-07-06,0.0,
05OF014,1988-08-06,0.0,
05OF014,1988-09-06,0.0,
05OF014,1988-10-06,0.0,
05OF014,1989-03-06,0.0,B
05OF014,1989-04-06,0.0,B
05OF014,1989-05-06,0.11299999803304672,
05OF014,1989-06-06,0.0,
05OF014,1989-07-06,0.0,
05OF014,1989-08-06,0.0,
05OF014,1989-09-06,0.0,
05OF014,1989-10-06,0.0,
05OF014,1990-03-06,0.0,B
05OF014,1990-04-06,4.320000171661377,B
05OF014,1990-05-06,0.0949999988079071,
05OF014,1990-06-06,0.367000013589859,
05OF014,1990-07-06,0.2119999974966049,
05OF014,1990-08-06,0.0,
05OF014,1990-09-06,0.0,
05OF014,1990-10-06,0.0,
05OF014,1991-03-06,0.0,B
05OF014,1991-04-06,0.7760000228881836,B
05OF014,1991-05-06,0.10899999737739564,
05OF014,1991-06-06,0.0,
05OF014,1991-07-06,4.050000190734863,
05OF014,1991-08-06,0.17000000178813934,
05OF014,1991-09-06,0.0010000000474974513,
05OF014,1991-10-06,0.004999999888241291,
05OF014,1992-03-06,0.0130000002682209,B
05OF014,1992-04-06,17.600000381469727,B
05OF014,1992-05-06,0.22599999606609344,
05OF014,1992-06-06,0.2290000021457672,
05OF014,1992-07-06,0.9940000176429749,
05OF014,1992-08-06,0.010999999940395355,
05OF014,1992-09-06,0.0,
05OF014,1992-10-06,0.00800000037997961,
05OF014,1993-03-06,0.0,B
05OF014,1993-04-06,6.429999828338623,
05OF014,1993-05-06,0.020999999716877937,
05OF014,1993-06-06,0.2870000004768372,
05OF014,1993-07-06,0.4050000011920929,
05OF014,1993-08-06,3.660000085830689,
05OF014,1993-09-06,0.45100000500679016,
05OF014,1993-10-06,0.10300000011920928,
05OF014,1994-03-06,0.0,B
05OF014,1994-04-06,1.5099999904632568,B
05OF014,1994-05-06,0.5590000152587891,
05OF014,1994-06-06,0.16899999976158142,
05OF014,1994-07-06,0.017999999225139618,
05OF014,1994-08-06,0.010999999940395355,
05OF014,1994-09-06,0.0,
05OF014,1994-10-06,0.020999999716877937,
05OF014,1995-03-06,0.0,B
05OF014,1995-04-06,2.740000009536743,B
05OF014,1995-05-06,3.5,
05OF014,1995-06-06,1.2899999618530271,
05OF014,1995-07-06,0.052000001072883606,
05OF014,1995-08-06,0.0,
05OF014,1995-09-06,0.2370000034570694,
05OF014,1995-10-06,0.006000000052154064,
05OF014,1996-03-06,0.0,B
05OF014,1996-04-06,0.0,B
05OF014,1996-05-06,7.730000019073486,
05OF014,1996-06-06,1.0399999618530271,
05OF014,1996-07-06,0.11299999803304672,
05OF014,1996-08-06,0.12200000137090684,
05OF014,1996-09-06,0.04800000041723251,
05OF014,1996-10-06,0.008999999612569809,
05OF014,1997-03-06,0.0,B
05OF014,1997-04-06,1.399999976158142,B
05OF014,1997-05-06,,
05OF014,1997-06-06,1.0199999809265137,
05OF014,1997-07-06,5.639999866485596,
05OF014,1997-08-06,0.05999999865889549,
05OF014,1997-09-06,0.0,
05OF014,1997-10-06,0.0,
05OF014,1998-03-06,0.20900000631809235,B
05OF014,1998-04-06,6.079999923706055,
05OF014,1998-05-06,2.1600000858306885,
05OF014,1998-06-06,0.09200000017881392,
05OF014,1998-07-06,0.0989999994635582,
05OF014,1998-08-06,0.0010000000474974513,
05OF014,1998-09-06,0.0,
05OF014,1998-10-06,0.0,
05OF014,1999-03-06,0.0,B
05OF014,1999-04-06,3.829999923706055,
05OF014,1999-05-06,0.9369999766349792,
05OF014,1999-06-06,0.2680000066757202,
05OF014,1999-07-06,0.2150000035762787,
05OF014,1999-08-06,0.0,
05OF014,1999-09-06,0.0,
05OF014,1999-10-06,0.0,
05OF014,2000-03-06,0.7689999938011169,B
05OF014,2000-04-06,0.16500000655651093,
05OF014,2000-05-06,0.0,
05OF014,2000-06-06,0.0,
05OF014,2000-07-06,0.06499999761581421,
05OF014,2000-08-06,0.0,
05OF014,2000-09-06,0.09799999743700027,
05OF014,2000-10-06,0.0,
05OF014,2001-03-06,0.0,B
05OF014,2001-04-06,45.400001525878906,B
05OF014,2001-05-06,2.680000066757202,
05OF014,2001-06-06,0.9120000004768372,
05OF014,2001-07-06,0.008999999612569809,
05OF014,2001-08-06,0.4300000071525574,
05OF014,2001-09-06,0.00800000037997961,
05OF014,2001-10-06,0.0,
05OF014,2002-03-06,0.0,B
05OF014,2002-04-06,0.23899999260902405,B
05OF014,2002-05-06,0.13500000536441803,
05OF014,2002-06-06,0.04100000113248825,
05OF014,2002-07-06,0.41999998688697815,
05OF014,2002-08-06,0.0,
05OF014,2002-09-06,0.8930000066757202,
05OF014,2002-10-06,0.06700000166893005,
05OF014,2003-03-06,0.0,B
05OF014,2003-04-06,0.5139999985694885,B
05OF014,2003-05-06,0.05400000140070915,A
05OF014,2003-06-06,0.22599999606609344,
05OF014,2003-07-06,0.10999999940395357,
05OF014,2003-08-06,0.0,
05OF014,2003-09-06,0.0,
05OF014,2003-10-06,0.0,
05OF014,2004-03-06,0.0,B
05OF014,2004-04-06,4.400000095367432,
05OF014,2004-05-06,0.0860000029206276,
05OF014,2004-06-06,2.539999961853028,
05OF014,2004-07-06,0.7450000047683716,
05OF014,2004-08-06,0.10700000077486038,
05OF014,2004-09-06,1.1200000047683716,
05OF014,2004-10-06,0.1550000011920929,
05OF014,2005-03-06,0.0,B
05OF014,2005-04-06,29.700000762939453,
05OF014,2005-05-06,0.4779999852180481,A
05OF014,2005-06-06,1.7200000286102295,
05OF014,2005-07-06,35.0,A
05OF014,2005-08-06,0.07500000298023224,
05OF014,2005-09-06,0.03999999910593033,
05OF014,2005-10-06,0.10100000351667404,
05OF014,2006-03-06,0.052000001072883606,B
05OF014,2006-04-06,79.9000015258789,
05OF014,2006-05-06,2.309999942779541,
05OF014,2006-06-06,0.13199999928474426,
05OF014,2006-07-06,0.014999999664723871,
05OF014,2006-08-06,0.0,
05OF014,2006-09-06,0.0,
05OF014,2006-10-06,0.0,
05OF014,2007-03-06,0.0,B
05OF014,2007-04-06,4.679999828338623,B
05OF014,2007-05-06,0.0989999994635582,
05OF014,2007-06-06,1.1200000047683716,
05OF014,2007-07-06,0.9380000233650208,
05OF014,2007-08-06,0.006000000052154064,
05OF014,2007-09-06,0.03099999949336052,
05OF014,2007-10-06,0.0,
05OF014,2008-03-06,0.0,B
05OF014,2008-04-06,8.109999656677246,B
05OF014,2008-05-06,0.10199999809265135,
05OF014,2008-06-06,0.12600000202655792,
05OF014,2008-07-06,0.12999999523162842,
05OF014,2008-08-06,0.0,
05OF014,2008-09-06,0.0,
05OF014,2008-10-06,0.032999999821186066,
05OF014,2009-03-06,0.0,B
05OF014,2009-04-06,1.5800000429153442,B
05OF014,2009-05-06,,
05OF014,2009-06-06,1.4900000095367432,
05OF014,2009-07-06,0.15700000524520874,
05OF014,2009-08-06,0.02500000037252903,
05OF014,2009-09-06,0.0,
05OF014,2009-10-06,0.0,
05OF014,2010-03-06,0.0,B
05OF014,2010-04-06,4.21999979019165,
05OF014,2010-05-06,21.799999237060547,
05OF014,2010-06-06,0.9789999723434448,
05OF014,2010-07-06,0.2509999871253968,
05OF014,2010-08-06,0.12600000202655792,
05OF014,2010-09-06,5.460000038146973,
05OF014,2010-10-06,0.8610000014305115,
05OF014,2011-03-06,0.06499999761581421,B
05OF014,2011-04-06,29.700000762939453,
05OF014,2011-05-06,,
05OF014,2011-06-06,4.119999885559082,A
05OF014,2011-07-06,1.100000023841858,
05OF014,2011-08-06,0.15800000727176666,
05OF014,2011-09-06,0.0,
05OF014,2011-10-06,0.0,
05OF014,2012-03-06,0.0,B
05OF014,2012-04-06,0.07699999958276749,
05OF014,2012-05-06,0.028999999165534973,
05OF014,2012-06-06,0.2240000069141388,
05OF014,2012-07-06,0.06700000166893005,
05OF014,2012-08-06,0.0,
05OF014,2012-09-06,0.0,
05OF014,2012-10-06,0.0,
05OF014,2013-03-06,0.0,B
05OF014,2013-04-06,0.0,B
05OF014,2013-05-06,4.650000095367432,
05OF014,2013-06-06,3.130000114440918,
05OF014,2013-07-06,0.6019999980926514,
05OF014,2013-08-06,0.13699999451637268,
05OF014,2013-09-06,0.020999999716877937,
05OF014,2013-10-06,0.007000000216066837,
05OF014,2014-03-06,0.0,B
05OF014,2014-04-06,0.0,B
05OF014,2014-05-06,1.0399999618530271,
05OF014,2014-06-06,0.296999990940094,
05OF014,2014-07-06,0.5609999895095825,
05OF014,2014-08-06,0.0,
05OF014,2014-09-06,0.003000000026077032,
05OF014,2014-10-06,0.0,
05OF014,2015-03-06,0.0,B
05OF014,2015-04-06,0.11100000143051147,
05OF014,2015-05-06,0.17499999701976776,
05OF014,2015-06-06,0.2409999966621399,
05OF014,2015-07-06,0.03400000184774399,
05OF014,2015-08-06,0.004999999888241291,
05OF014,2015-09-06,0.017000000923871994,
05OF014,2015-10-06,0.0010000000474974513,
05OF014,2016-03-06,0.0,B
05OF014,2016-04-06,0.119999997317791,
05OF014,2016-05-06,0.1080000028014183,
05OF014,2016-06-06,0.08500000089406967,
05OF014,2016-07-06,0.25,
05OF014,2016-08-06,1.830000042915344,
05OF014,2016-09-06,0.0,
05OF014,2016-10-06,0.04500000178813934,
05OF014,2017-03-06,0.014000000432133676,B
05OF014,2017-04-06,17.299999237060547,
05OF014,2017-05-06,0.25200000405311584,
05OF014,2017-06-06,0.2409999966621399,
05OF014,2017-07-06,0.6850000023841858,
05OF014,2017-08-06,0.0,
05OF014,2017-09-06,0.0,
05OF014,2017-10-06,0.0,
05OF014,2018-03-06,,
05OF014,2018-04-06,,
05OF014,2018-06-06,,
05OF014,2018-07-06,0.009999999776482582,
05OF014,2018-08-06,0.0,
05OF014,2018-09-06,0.0,
05OF014,2018-10-06,0.0,
05OF014,2019-03-06,0.0,B
05OF014,2019-04-06,5.789999961853027,B
05OF014,2019-05-06,,
05OF014,2019-06-06,0.0,
05OF014,2019-07-06,0.0,
05OF014,2019-08-06,0.0,
05OF014,2019-09-06,0.0,
05OF014,2019-10-06,1.3300000429153442,
05OF014,2019-11-06,0.460999995470047,B
05OF014,2020-03-06,0.0,B
05OF014,2020-04-06,0.9610000252723694,B
05OF014,2020-05-06,0.04899999871850014,A
05OF014,2020-06-06,0.0,
05OF014,2020-07-06,0.0,
05OF014,2020-08-06,0.0,
05OF014,2020-09-06,0.0,
05OF014,2020-10-06,0.0,
05OF014,2021-02-06,,
05OF014,2021-03-06,0.0,B
05OF014,2021-04-06,0.004000000189989805,
05OF014,2021-05-06,0.15700000524520874,
05OF014,2021-06-06,0.04500000178813934,
05OF014,2021-07-06,0.012000000104308128,
05OF014,2021-08-06,0.0,
05OF014,2021-09-06,0.0,
05OF014,2021-10-06,0.0,
05OF014,2022-03-06,0.0,B
05OF014,2022-04-06,44.29999923706055,B
05OF014,2022-05-06,,
05OF014,2022-06-06,,
05OF014,2022-07-06,0.7649999856948853,
05OF014,2022-08-06,0.07999999821186066,E
05OF014,2022-09-06,0.0,
05OF014,2022-10-06,0.0,
05OF014,2023-02-06,,
05OF014,2023-03-06,0.0010000000474974513,B
05OF014,2023-04-06,0.0010000000474974513,B
05OF014,2023-05-06,,
05OF014,2023-06-06,0.5189999938011169,
05OF014,2023-07-06,0.1589999943971634,
05OF014,2023-08-06,0.0,
05OF014,2023-09-06,0.0,
05OF014,2023-10-06,0.0,
05OF014,2024-03-06,0.0,B
05OF014,2024-04-06,3.2100000381469727,B
05OF014,2024-05-06,1.2899999618530271,
05OF014,2024-06-06,0.6449999809265137,
05OF014,2024-07-06,15.199999809265137,E
05OF014,2024-08-06,0.032999999821186066,
05OF014,2024-09-06,0.13899999856948853,
05OF014,2024-10-06,0.1340000033378601,
05OF014,1960-03-07,0.0,B
05OF014,1960-04-07,45.29999923706055,
05OF014,1960-05-07,1.059999942779541,
05OF014,1960-06-07,0.04500000178813934,
05OF014,1960-07-07,0.12999999523162842,
05OF014,1960-08-07,0.0,
05OF014,1960-09-07,0.0,
05OF014,1960-10-07,0.0,
05OF014,1961-03-07,0.0,B
05OF014,1961-04-07,1.6100000143051147,B
05OF014,1961-05-07,0.07900000363588333,
05OF014,1961-06-07,0.0,
05OF014,1961-07-07,0.0,
05OF014,1961-08-07,0.0,
05OF014,1961-09-07,0.0,
05OF014,1961-10-07,0.0,
05OF014,1962-03-07,0.0,
05OF014,1962-04-07,0.0,
05OF014,1962-05-07,1.5499999523162842,
05OF014,1962-06-07,1.4600000381469729,
05OF014,1962-07-07,0.02800000086426735,
05OF014,1962-08-07,0.07100000232458115,
05OF014,1962-09-07,0.0,
05OF014,1962-10-07,0.0,
05OF014,1963-03-07,0.0,B
05OF014,1963-04-07,0.718999981880188,E
05OF014,1963-05-07,0.0,
05OF014,1963-06-07,13.600000381469728,E
05OF014,1963-07-07,0.006000000052154064,E
05OF014,1963-08-07,0.0,
05OF014,1963-09-07,0.0,
05OF014,1963-10-07,0.0,
05OF014,1964-03-07,0.0,B
05OF014,1964-04-07,1.7300000190734863,B
05OF014,1964-05-07,0.1420000046491623,E
05OF014,1964-06-07,0.0,
05OF014,1964-07-07,0.02500000037252903,
05OF014,1964-08-07,0.0,
05OF014,1964-09-07,0.4390000104904175,E
05OF014,1964-10-07,0.05700000002980232,E
05OF014,1965-03-07,0.0,B
05OF014,1965-04-07,0.20999999344348907,B
05OF014,1965-05-07,10.100000381469728,
05OF014,1965-06-07,0.3880000114440918,E
05OF014,1965-07-07,0.1080000028014183,E
05OF014,1965-08-07,0.0,
05OF014,1965-09-07,0.0,
05OF014,1965-10-07,0.0,
05OF014,1966-03-07,0.0,B
05OF014,1966-04-07,0.0,
05OF014,1966-05-07,0.0,
05OF014,1966-06-07,0.0,
05OF014,1966-07-07,6.460000038146973,E
05OF014,1966-08-07,0.0,
05OF014,1966-09-07,0.0,
05OF014,1966-10-07,0.0,
05OF014,1967-03-07,0.0,B
05OF014,1967-04-07,6.599999904632568,B
05OF014,1967-05-07,6.510000228881836,
05OF014,1967-06-07,0.1420000046491623,
05OF014,1967-07-07,0.05400000140070915,E
05OF014,1967-08-07,0.0,
05OF014,1967-09-07,0.0,
05OF014,1967-10-07,0.0,
05OF014,1968-03-07,0.0,B
05OF014,1968-04-07,0.2119999974966049,B
05OF014,1968-05-07,0.05400000140070915,
05OF014,1968-06-07,0.164000004529953,
05OF014,1968-07-07,0.0820000022649765,E
05OF014,1968-08-07,1.9900000095367432,E
05OF014,1968-09-07,1.9800000190734863,E
05OF014,1968-10-07,0.3230000138282776,
05OF014,1969-03-07,0.0,B
05OF014,1969-04-07,0.0,B
05OF014,1969-05-07,0.5659999847412109,
05OF014,1969-06-07,0.2549999952316284,E
05OF014,1969-07-07,2.690000057220459,E
05OF014,1969-08-07,0.05400000140070915,
05OF014,1969-09-07,0.05400000140070915,
05OF014,1969-10-07,0.023000000044703484,
05OF014,1970-03-07,0.0,B
05OF014,1970-04-07,0.0,B
05OF014,1970-05-07,8.069999694824219,
05OF014,1970-06-07,1.0700000524520874,
05OF014,1970-07-07,0.7360000014305115,
05OF014,1970-08-07,0.26899999380111694,
05OF014,1970-09-07,0.03999999910593033,E
05OF014,1970-10-07,0.0,
05OF014,1971-03-07,0.0,B
05OF014,1971-04-07,0.1420000046491623,B
05OF014,1971-05-07,0.5040000081062317,
05OF014,1971-06-07,0.22100000083446503,E
05OF014,1971-07-07,0.2939999997615814,
05OF014,1971-08-07,0.0,
05OF014,1971-09-07,0.0,
05OF014,1971-10-07,0.05700000002980232,
05OF014,1972-03-07,0.0,B
05OF014,1972-04-07,1.5,B
05OF014,1972-05-07,0.6169999837875366,
05OF014,1972-06-07,0.15600000321865082,
05OF014,1972-07-07,0.4729999899864197,
05OF014,1972-08-07,0.2150000035762787,
05OF014,1972-09-07,0.12700000405311584,
05OF014,1972-10-07,0.017000000923871994,
05OF014,1973-03-07,0.0,B
05OF014,1973-04-07,0.15299999713897705,
05OF014,1973-05-07,0.017999999225139618,
05OF014,1973-06-07,0.0,
05OF014,1973-07-07,0.024000000208616257,
05OF014,1973-08-07,0.0,
05OF014,1973-09-07,0.0,
05OF014,1973-10-07,0.003000000026077032,
05OF014,1974-03-07,0.0,B
05OF014,1974-04-07,0.0,B
05OF014,1974-05-07,1.2999999523162842,
05OF014,1974-06-07,1.0,
05OF014,1974-07-07,0.23199999332427976,
05OF014,1974-08-07,0.0,
05OF014,1974-09-07,0.03400000184774399,
05OF014,1974-10-07,0.0,
05OF014,1975-03-07,0.0,B
05OF014,1975-04-07,0.0,B
05OF014,1975-05-07,0.5889999866485596,
05OF014,1975-06-07,0.05900000035762787,
05OF014,1975-07-07,0.38199999928474426,
05OF014,1975-08-07,0.0,
05OF014,1975-09-07,0.0,
05OF014,1975-10-07,0.0,
05OF014,1976-03-07,0.0,B
05OF014,1976-04-07,47.29999923706055,B
05OF014,1976-05-07,0.3680000007152557,
05OF014,1976-06-07,0.04800000041723251,
05OF014,1976-07-07,0.0,
05OF014,1976-08-07,0.0,
05OF014,1976-09-07,0.0,
05OF014,1976-10-07,0.0,
05OF014,1977-03-07,0.0,B
05OF014,1977-04-07,0.4449999928474426,B
05OF014,1977-05-07,0.0020000000949949026,
05OF014,1977-06-07,0.0010000000474974513,
05OF014,1977-07-07,0.0,
05OF014,1977-08-07,0.0,
05OF014,1977-09-07,0.007000000216066837,
05OF014,1977-10-07,0.3790000081062317,
05OF014,1978-03-07,0.0,B
05OF014,1978-04-07,15.100000381469728,B
05OF014,1978-05-07,0.6880000233650208,E
05OF014,1978-06-07,0.20399999618530276,
05OF014,1978-07-07,0.0,
05OF014,1978-08-07,0.0,
05OF014,1978-09-07,0.0,
05OF014,1978-10-07,0.017999999225139618,
05OF014,1979-03-07,0.0,B
05OF014,1979-04-07,0.0,B
05OF014,1979-06-07,,
05OF014,1979-07-07,0.3529999852180481,
05OF014,1979-08-07,0.03200000151991844,
05OF014,1979-09-07,0.0,
05OF014,1979-10-07,0.0,
05OF014,1980-03-07,0.0,B
05OF014,1980-04-07,5.170000076293945,B
05OF014,1980-05-07,0.0,
05OF014,1980-06-07,0.0,
05OF014,1980-07-07,0.0,
05OF014,1980-08-07,0.0,
05OF014,1980-09-07,0.0,
05OF014,1980-10-07,0.0,
05OF014,1981-03-07,0.0,B
05OF014,1981-04-07,0.1120000034570694,
05OF014,1981-05-07,0.0,
05OF014,1981-06-07,0.0,
05OF014,1981-07-07,0.009999999776482582,
05OF014,1981-08-07,0.18000000715255737,
05OF014,1981-09-07,0.0,
05OF014,1981-10-07,0.0,
05OF014,1982-03-07,0.0,B
05OF014,1982-04-07,2.2100000381469727,B
05OF014,1982-05-07,0.0,
05OF014,1982-06-07,0.2949999868869781,
05OF014,1982-07-07,0.0,
05OF014,1982-08-07,0.0,
05OF014,1982-09-07,0.0,
05OF014,1982-10-07,0.0,
05OF014,1983-03-07,0.8999999761581421,B
05OF014,1983-04-07,16.799999237060547,
05OF014,1983-05-07,0.054999999701976776,
05OF014,1983-06-07,0.010999999940395355,E
05OF014,1983-07-07,0.004000000189989805,
05OF014,1983-08-07,0.0,
05OF014,1983-09-07,0.0,
05OF014,1983-10-07,0.0,
05OF014,1984-03-07,0.0,B
05OF014,1984-04-07,0.23399999737739563,B
05OF014,1984-05-07,0.07400000095367432,E
05OF014,1984-06-07,0.0,
05OF014,1984-07-07,0.0,
05OF014,1984-08-07,0.0,
05OF014,1984-09-07,0.0,
05OF014,1984-10-07,0.0,
05OF014,1985-03-07,0.0,B
05OF014,1985-04-07,1.7000000476837158,
05OF014,1985-05-07,0.23600000143051147,
05OF014,1985-06-07,0.0,
05OF014,1985-07-07,0.3109999895095825,
05OF014,1985-08-07,0.0,
05OF014,1985-09-07,0.4259999990463257,
05OF014,1985-10-07,0.1430000066757202,
05OF014,1986-03-07,0.0,B
05OF014,1986-04-07,3.660000085830689,
05OF014,1986-05-07,24.899999618530277,
05OF014,1986-06-07,0.125,
05OF014,1986-07-07,0.012000000104308128,
05OF014,1986-08-07,0.010999999940395355,E
05OF014,1986-09-07,0.0,E
05OF014,1986-10-07,0.0,
05OF014,1987-03-07,0.0,B
05OF014,1987-04-07,48.900001525878906,
05OF014,1987-05-07,0.10100000351667404,
05OF014,1987-06-07,0.0,
05OF014,1987-07-07,0.0,
05OF014,1987-08-07,0.0,
05OF014,1987-09-07,0.0560000017285347,
05OF014,1987-10-07,0.0,
05OF014,1988-03-07,0.07500000298023224,B
05OF014,1988-04-07,1.5099999904632568,B
05OF014,1988-05-07,0.0,
05OF014,1988-06-07,0.0,
05OF014,1988-07-07,0.0,
05OF014,1988-08-07,0.0,
05OF014,1988-09-07,0.0,
05OF014,1988-10-07,0.0,
05OF014,1989-03-07,0.0,B
05OF014,1989-04-07,0.0,B
05OF014,1989-05-07,0.0949999988079071,
05OF014,1989-06-07,0.0,
05OF014,1989-07-07,0.0,
05OF014,1989-08-07,0.0,
05OF014,1989-09-07,0.0,
05OF014,1989-10-07,0.0,
05OF014,1990-03-07,0.0,B
05OF014,1990-04-07,3.130000114440918,B
05OF014,1990-05-07,0.07000000029802322,
05OF014,1990-06-07,0.3720000088214874,
05OF014,1990-07-07,0.3319999873638153,
05OF014,1990-08-07,0.0,
05OF014,1990-09-07,0.0,
05OF014,1990-10-07,0.0,
05OF014,1991-03-07,0.0,B
05OF014,1991-04-07,0.5720000267028809,B
05OF014,1991-05-07,0.09799999743700027,
05OF014,1991-06-07,0.0,
05OF014,1991-07-07,3.940000057220459,
05OF014,1991-08-07,0.090999998152256,
05OF014,1991-09-07,0.0010000000474974513,
05OF014,1991-10-07,0.0010000000474974513,
05OF014,1992-03-07,0.06400000303983688,B
05OF014,1992-04-07,13.600000381469728,
05OF014,1992-05-07,0.16699999570846558,
05OF014,1992-06-07,0.2660000026226044,
05OF014,1992-07-07,0.6299999952316284,
05OF014,1992-08-07,0.05400000140070915,
05OF014,1992-09-07,0.0,
05OF014,1992-10-07,0.004999999888241291,
05OF014,1993-03-07,0.0,B
05OF014,1993-04-07,4.480000019073486,
05OF014,1993-05-07,0.03700000047683716,
05OF014,1993-06-07,0.386000007390976,
05OF014,1993-07-07,0.4699999988079071,
05OF014,1993-08-07,3.5299999713897705,
05OF014,1993-09-07,0.38999998569488525,
05OF014,1993-10-07,0.0949999988079071,
05OF014,1994-03-07,0.0,B
05OF014,1994-04-07,1.2200000286102295,
05OF014,1994-05-07,0.5419999957084656,
05OF014,1994-06-07,0.14000000059604645,
05OF014,1994-07-07,0.007000000216066837,
05OF014,1994-08-07,0.06599999964237213,
05OF014,1994-09-07,0.0,
05OF014,1994-10-07,1.5399999618530271,
05OF014,1995-03-07,0.0010000000474974513,B
05OF014,1995-04-07,2.3499999046325684,B
05OF014,1995-05-07,3.5,
05OF014,1995-06-07,1.2300000190734863,
05OF014,1995-07-07,0.03999999910593033,
05OF014,1995-08-07,0.0,
05OF014,1995-09-07,0.5799999833106995,
05OF014,1995-10-07,0.007000000216066837,
05OF014,1996-03-07,0.0,B
05OF014,1996-04-07,0.0,B
05OF014,1996-05-07,12.699999809265137,
05OF014,1996-06-07,0.9610000252723694,
05OF014,1996-07-07,0.11900000274181366,
05OF014,1996-08-07,0.335999995470047,
05OF014,1996-09-07,0.0430000014603138,
05OF014,1996-10-07,0.007000000216066837,
05OF014,1997-03-07,0.0,B
05OF014,1997-04-07,1.600000023841858,B
05OF014,1997-05-07,,
05OF014,1997-06-07,0.824999988079071,
05OF014,1997-07-07,3.369999885559082,
05OF014,1997-08-07,0.061000000685453415,
05OF014,1997-09-07,0.0,
05OF014,1997-10-07,0.0,
05OF014,1998-03-07,0.12999999523162842,B
05OF014,1998-04-07,11.300000190734863,
05OF014,1998-05-07,2.309999942779541,
05OF014,1998-06-07,0.09600000083446504,
05OF014,1998-07-07,0.1040000021457672,
05OF014,1998-08-07,0.0010000000474974513,
05OF014,1998-09-07,0.0,
05OF014,1998-10-07,0.0,
05OF014,1999-03-07,0.0,B
05OF014,1999-04-07,5.099999904632568,
05OF014,1999-05-07,1.059999942779541,
05OF014,1999-06-07,0.5329999923706055,
05OF014,1999-07-07,0.14000000059604645,
05OF014,1999-08-07,0.0,
05OF014,1999-09-07,0.0,
05OF014,1999-10-07,0.0,
05OF014,2000-03-07,0.8230000138282776,B
05OF014,2000-04-07,0.1420000046491623,
05OF014,2000-05-07,0.0,
05OF014,2000-06-07,0.0,
05OF014,2000-07-07,0.061000000685453415,
05OF014,2000-08-07,0.0,
05OF014,2000-09-07,0.04600000008940697,
05OF014,2000-10-07,0.0,
05OF014,2001-03-07,0.0,B
05OF014,2001-04-07,84.0,B
05OF014,2001-05-07,3.039999961853028,
05OF014,2001-06-07,0.8790000081062317,
05OF014,2001-07-07,0.008999999612569809,
05OF014,2001-08-07,0.375,
05OF014,2001-09-07,0.00800000037997961,
05OF014,2001-10-07,0.0,
05OF014,2002-03-07,0.0,B
05OF014,2002-04-07,0.4480000138282776,B
05OF014,2002-05-07,0.09200000017881392,
05OF014,2002-06-07,0.0430000014603138,
05OF014,2002-07-07,0.09799999743700027,
05OF014,2002-08-07,0.0,
05OF014,2002-09-07,0.5870000123977661,
05OF014,2002-10-07,0.06599999964237213,
05OF014,2003-03-07,0.0,B
05OF014,2003-04-07,0.42100000381469727,B
05OF014,2003-05-07,0.04899999871850014,A
05OF014,2003-06-07,0.2639999985694885,
05OF014,2003-07-07,0.09799999743700027,
05OF014,2003-08-07,0.0,
05OF014,2003-09-07,0.0,
05OF014,2003-10-07,0.0,
05OF014,2004-03-07,0.0,B
05OF014,2004-04-07,3.0,
05OF014,2004-05-07,0.05900000035762787,
05OF014,2004-06-07,3.319999933242798,
05OF014,2004-07-07,0.6930000185966492,
05OF014,2004-08-07,0.1120000034570694,
05OF014,2004-09-07,0.37400001287460327,
05OF014,2004-10-07,0.12999999523162842,
05OF014,2005-03-07,0.0,B
05OF014,2005-04-07,21.299999237060547,
05OF014,2005-05-07,0.47699999809265137,A
05OF014,2005-06-07,1.4500000476837158,
05OF014,2005-07-07,29.0,A
05OF014,2005-08-07,0.052000001072883606,
05OF014,2005-09-07,0.02800000086426735,
05OF014,2005-10-07,0.17800000309944153,
05OF014,2006-03-07,0.05299999937415123,B
05OF014,2006-04-07,67.0,
05OF014,2006-05-07,2.2699999809265137,
05OF014,2006-06-07,0.09700000286102296,
05OF014,2006-07-07,0.00800000037997961,
05OF014,2006-08-07,0.0,
05OF014,2006-09-07,0.0,
05OF014,2006-10-07,0.0,
05OF014,2007-03-07,0.0,B
05OF014,2007-04-07,3.9800000190734863,B
05OF014,2007-05-07,0.10599999874830246,
05OF014,2007-06-07,0.9330000281333924,
05OF014,2007-07-07,1.059999942779541,
05OF014,2007-08-07,0.0130000002682209,
05OF014,2007-09-07,0.028999999165534973,
05OF014,2007-10-07,0.0,
05OF014,2008-03-07,0.0,B
05OF014,2008-04-07,6.309999942779541,B
05OF014,2008-05-07,0.23899999260902405,
05OF014,2008-06-07,0.20200000703334808,
05OF014,2008-07-07,0.15700000524520874,
05OF014,2008-08-07,0.0,
05OF014,2008-09-07,0.0,
05OF014,2008-10-07,0.039000000804662704,
05OF014,2009-03-07,0.0,B
05OF014,2009-04-07,2.789999961853028,B
05OF014,2009-05-07,,
05OF014,2009-06-07,2.0299999713897705,
05OF014,2009-07-07,0.1040000021457672,
05OF014,2009-08-07,0.023000000044703484,
05OF014,2009-09-07,0.0,
05OF014,2009-10-07,0.0,
05OF014,2010-03-07,0.0,B
05OF014,2010-04-07,2.880000114440918,
05OF014,2010-05-07,15.699999809265137,
05OF014,2010-06-07,0.5649999976158142,
05OF014,2010-07-07,0.19499999284744263,
05OF014,2010-08-07,0.10499999672174454,
05OF014,2010-09-07,3.4200000762939453,
05OF014,2010-10-07,0.7419999837875366,
05OF014,2011-03-07,0.06700000166893005,B
05OF014,2011-04-07,23.5,
05OF014,2011-05-07,,
05OF014,2011-06-07,3.7100000381469727,E
05OF014,2011-07-07,0.9229999780654908,
05OF014,2011-08-07,0.15600000321865082,
05OF014,2011-09-07,0.0,
05OF014,2011-10-07,0.0,
05OF014,2012-03-07,0.0,B
05OF014,2012-04-07,0.07100000232458115,
05OF014,2012-05-07,0.028999999165534973,
05OF014,2012-06-07,0.19200000166893005,
05OF014,2012-07-07,0.06300000101327896,
05OF014,2012-08-07,0.0,
05OF014,2012-09-07,0.0,
05OF014,2012-10-07,0.0,
05OF014,2013-03-07,0.0,B
05OF014,2013-04-07,0.0,B
05OF014,2013-05-07,4.019999980926514,
05OF014,2013-06-07,2.7300000190734863,
05OF014,2013-07-07,0.5360000133514404,
05OF014,2013-08-07,0.13099999725818634,
05OF014,2013-09-07,0.03400000184774399,
05OF014,2013-10-07,0.007000000216066837,
05OF014,2014-03-07,0.0,B
05OF014,2014-04-07,0.0,B
05OF014,2014-05-07,0.9430000185966492,
05OF014,2014-06-07,0.460999995470047,
05OF014,2014-07-07,0.4009999930858612,
05OF014,2014-08-07,0.0,
05OF014,2014-09-07,0.0,
05OF014,2014-10-07,0.0,
05OF014,2015-03-07,0.0,B
05OF014,2015-04-07,0.090999998152256,
05OF014,2015-05-07,0.1940000057220459,
05OF014,2015-06-07,0.25999999046325684,A
05OF014,2015-07-07,0.012000000104308128,
05OF014,2015-08-07,0.004000000189989805,
05OF014,2015-09-07,0.1430000066757202,
05OF014,2015-10-07,0.0010000000474974513,
05OF014,2016-03-07,0.0,B
05OF014,2016-04-07,0.15399999916553497,
05OF014,2016-05-07,0.11800000071525574,
05OF014,2016-06-07,0.090999998152256,
05OF014,2016-07-07,0.19200000166893005,
05OF014,2016-08-07,1.409999966621399,
05OF014,2016-09-07,0.0020000000949949026,
05OF014,2016-10-07,0.04199999943375588,
05OF014,2017-03-07,0.008999999612569809,B
05OF014,2017-04-07,9.550000190734863,
05OF014,2017-05-07,0.2290000021457672,
05OF014,2017-06-07,0.23199999332427976,
05OF014,2017-07-07,0.5199999809265137,
05OF014,2017-08-07,0.0,
05OF014,2017-09-07,0.0,
05OF014,2017-10-07,0.0,
05OF014,2018-03-07,0.0,B
05OF014,2018-04-07,,
05OF014,2018-06-07,,
05OF014,2018-07-07,0.00800000037997961,
05OF014,2018-08-07,0.0,
05OF014,2018-09-07,0.0,
05OF014,2018-10-07,0.0,
05OF014,2019-03-07,0.0,B
05OF014,2019-04-07,6.289999961853027,B
05OF014,2019-05-07,,
05OF014,2019-06-07,0.0,
05OF014,2019-07-07,0.0,
05OF014,2019-08-07,0.0,
05OF014,2019-09-07,0.0,
05OF014,2019-10-07,1.1299999952316284,
05OF014,2019-11-07,0.3529999852180481,B
05OF014,2020-03-07,0.0,B
05OF014,2020-04-07,7.880000114440918,B
05OF014,2020-05-07,0.007000000216066837,
05OF014,2020-06-07,0.0,
05OF014,2020-07-07,0.0,
05OF014,2020-08-07,0.0,
05OF014,2020-09-07,0.0,
05OF014,2020-10-07,0.0,
05OF014,2021-02-07,,
05OF014,2021-03-07,0.0,B
05OF014,2021-04-07,0.003000000026077032,
05OF014,2021-05-07,0.13500000536441803,
05OF014,2021-06-07,0.029999999329447743,
05OF014,2021-07-07,0.009999999776482582,
05OF014,2021-08-07,0.0,
05OF014,2021-09-07,0.0,
05OF014,2021-10-07,0.0,
05OF014,2022-03-07,0.0,B
05OF014,2022-04-07,44.20000076293945,B
05OF014,2022-05-07,,
05OF014,2022-06-07,,
05OF014,2022-07-07,0.8259999752044678,
05OF014,2022-08-07,0.05400000140070915,E
05OF014,2022-09-07,0.0,
05OF014,2022-10-07,0.0,
05OF014,2023-02-07,,
05OF014,2023-03-07,0.0010000000474974513,B
05OF014,2023-04-07,0.0010000000474974513,B
05OF014,2023-05-07,,
05OF014,2023-06-07,0.5109999775886536,
05OF014,2023-07-07,0.14100000262260437,
05OF014,2023-08-07,0.0,
05OF014,2023-09-07,0.0,
05OF014,2023-10-07,0.0,
05OF014,2024-03-07,0.0,B
05OF014,2024-04-07,2.8399999141693115,B
05OF014,2024-05-07,1.3300000429153442,
05OF014,2024-06-07,0.8820000290870667,
05OF014,2024-07-07,10.5,E
05OF014,2024-08-07,0.023000000044703484,
05OF014,2024-09-07,0.12200000137090684,
05OF014,2024-10-07,0.10300000011920928,
05OF014,1960-03-08,0.0,B
05OF014,1960-04-08,38.79999923706055,
05OF014,1960-05-08,1.0299999713897705,
05OF014,1960-06-08,0.07900000363588333,
05OF014,1960-07-08,0.03400000184774399,
05OF014,1960-08-08,0.0,
05OF014,1960-09-08,0.0,
05OF014,1960-10-08,0.0,
05OF014,1961-03-08,0.0,B
05OF014,1961-04-08,1.5299999713897705,B
05OF014,1961-05-08,0.07400000095367432,
05OF014,1961-06-08,0.0,
05OF014,1961-07-08,0.0,
05OF014,1961-08-08,0.0,
05OF014,1961-09-08,0.0,
05OF014,1961-10-08,0.0,
05OF014,1962-03-08,0.0,
05OF014,1962-04-08,0.0,
05OF014,1962-05-08,1.5399999618530271,E
05OF014,1962-06-08,1.1299999952316284,E
05OF014,1962-07-08,0.02800000086426735,E
05OF014,1962-08-08,0.05700000002980232,E
05OF014,1962-09-08,0.0,
05OF014,1962-10-08,0.0,
05OF014,1963-03-08,0.0,B
05OF014,1963-04-08,0.3109999895095825,
05OF014,1963-05-08,0.0,
05OF014,1963-06-08,9.31999969482422,E
05OF014,1963-07-08,0.0,
05OF014,1963-08-08,0.0,
05OF014,1963-09-08,0.0,
05OF014,1963-10-08,0.0,
05OF014,1964-03-08,0.0,B
05OF014,1964-04-08,3.450000047683716,B
05OF014,1964-05-08,0.13600000739097595,
05OF014,1964-06-08,0.0,
05OF014,1964-07-08,0.019999999552965164,
05OF014,1964-08-08,0.0,
05OF014,1964-09-08,0.4390000104904175,E
05OF014,1964-10-08,0.05700000002980232,E
05OF014,1965-03-08,0.0,B
05OF014,1965-04-08,0.718999981880188,B
05OF014,1965-05-08,4.019999980926514,
05OF014,1965-06-08,0.3849999904632568,E
05OF014,1965-07-08,0.08500000089406967,E
05OF014,1965-08-08,0.0,
05OF014,1965-09-08,0.0,
05OF014,1965-10-08,0.0,
05OF014,1966-03-08,0.0,B
05OF014,1966-04-08,0.0,
05OF014,1966-05-08,0.0,
05OF014,1966-06-08,0.0,
05OF014,1966-07-08,5.71999979019165,E
05OF014,1966-08-08,0.0,
05OF014,1966-09-08,0.0,
05OF014,1966-10-08,0.0,
05OF014,1967-03-08,0.0,B
05OF014,1967-04-08,8.949999809265137,B
05OF014,1967-05-08,6.739999771118164,
05OF014,1967-06-08,0.13600000739097595,
05OF014,1967-07-08,0.06199999898672104,
05OF014,1967-08-08,0.0,
05OF014,1967-09-08,0.0,
05OF014,1967-10-08,0.0,
05OF014,1968-03-08,0.0,B
05OF014,1968-04-08,0.1420000046491623,B
05OF014,1968-05-08,0.10199999809265135,
05OF014,1968-06-08,0.16099999845027924,
05OF014,1968-07-08,0.05700000002980232,E
05OF014,1968-08-08,1.0399999618530271,
05OF014,1968-09-08,1.9800000190734863,E
05OF014,1968-10-08,0.289000004529953,
05OF014,1969-03-08,0.0,B
05OF014,1969-04-08,1.4199999570846558,B
05OF014,1969-05-08,1.1299999952316284,
05OF014,1969-06-08,0.2549999952316284,E
05OF014,1969-07-08,2.4600000381469727,E
05OF014,1969-08-08,0.07100000232458115,
05OF014,1969-09-08,0.05400000140070915,
05OF014,1969-10-08,0.02199999988079071,
05OF014,1970-03-08,0.0,B
05OF014,1970-04-08,0.0,B
05OF014,1970-05-08,7.820000171661377,
05OF014,1970-06-08,0.9120000004768372,E
05OF014,1970-07-08,0.6650000214576721,
05OF014,1970-08-08,0.2549999952316284,
05OF014,1970-09-08,0.024000000208616257,E
05OF014,1970-10-08,0.0,
05OF014,1971-03-08,0.0,B
05OF014,1971-04-08,1.059999942779541,B
05OF014,1971-05-08,0.5040000081062317,
05OF014,1971-06-08,0.24899999797344208,
05OF014,1971-07-08,0.22100000083446503,E
05OF014,1971-08-08,0.0,
05OF014,1971-09-08,0.0,
05OF014,1971-10-08,0.11299999803304672,
05OF014,1972-03-08,0.0,B
05OF014,1972-04-08,1.5,B
05OF014,1972-05-08,0.6140000224113464,E
05OF014,1972-06-08,0.12999999523162842,
05OF014,1972-07-08,0.4670000076293945,
05OF014,1972-08-08,0.2240000069141388,
05OF014,1972-09-08,0.12700000405311584,
05OF014,1972-10-08,0.01899999938905239,E
05OF014,1973-03-08,0.0,B
05OF014,1973-04-08,0.14399999380111694,
05OF014,1973-05-08,0.017999999225139618,
05OF014,1973-06-08,0.0,
05OF014,1973-07-08,0.02800000086426735,
05OF014,1973-08-08,0.0,
05OF014,1973-09-08,0.0,
05OF014,1973-10-08,0.006000000052154064,E
05OF014,1974-03-08,0.0,B
05OF014,1974-04-08,0.0,B
05OF014,1974-05-08,1.1200000047683716,
05OF014,1974-06-08,1.25,
05OF014,1974-07-08,0.2240000069141388,E
05OF014,1974-08-08,0.0,
05OF014,1974-09-08,0.15299999713897705,
05OF014,1974-10-08,0.0,
05OF014,1975-03-08,0.0,B
05OF014,1975-04-08,0.0,B
05OF014,1975-05-08,0.5379999876022339,
05OF014,1975-06-08,0.07900000363588333,
05OF014,1975-07-08,0.328000009059906,
05OF014,1975-08-08,0.0,
05OF014,1975-09-08,0.0,
05OF014,1975-10-08,0.0,
05OF014,1976-03-08,0.0,B
05OF014,1976-04-08,22.100000381469727,
05OF014,1976-05-08,0.3400000035762787,
05OF014,1976-06-08,0.04199999943375588,
05OF014,1976-07-08,0.0,
05OF014,1976-08-08,0.0,
05OF014,1976-09-08,0.0,
05OF014,1976-10-08,0.0,
05OF014,1977-03-08,0.0,B
05OF014,1977-04-08,0.5440000295639038,B
05OF014,1977-05-08,0.0010000000474974513,
05OF014,1977-06-08,0.0020000000949949026,
05OF014,1977-07-08,0.0,
05OF014,1977-08-08,0.0,
05OF014,1977-09-08,0.012000000104308128,
05OF014,1977-10-08,0.2800000011920929,
05OF014,1978-03-08,0.0,B
05OF014,1978-04-08,18.899999618530277,B
05OF014,1978-05-08,0.6570000052452087,E
05OF014,1978-06-08,0.17299999296665192,
05OF014,1978-07-08,0.0,
05OF014,1978-08-08,0.0,
05OF014,1978-09-08,0.0,
05OF014,1978-10-08,0.019999999552965164,
05OF014,1979-03-08,0.0,B
05OF014,1979-04-08,0.0,B
05OF014,1979-06-08,0.7310000061988831,A
05OF014,1979-07-08,0.3140000104904175,
05OF014,1979-08-08,0.029999999329447743,
05OF014,1979-09-08,0.0,
05OF014,1979-10-08,0.0,
05OF014,1980-03-08,0.0,B
05OF014,1980-04-08,4.139999866485596,B
05OF014,1980-05-08,0.0,
05OF014,1980-06-08,0.0,
05OF014,1980-07-08,0.0,
05OF014,1980-08-08,0.0,
05OF014,1980-09-08,0.0,
05OF014,1980-10-08,0.0,
05OF014,1981-03-08,0.02500000037252903,B
05OF014,1981-04-08,0.08799999952316284,
05OF014,1981-05-08,0.0,
05OF014,1981-06-08,0.0,
05OF014,1981-07-08,0.006000000052154064,
05OF014,1981-08-08,0.1469999998807907,
05OF014,1981-09-08,0.0,
05OF014,1981-10-08,0.0,
05OF014,1982-03-08,0.0,B
05OF014,1982-04-08,2.140000104904175,B
05OF014,1982-05-08,0.0,
05OF014,1982-06-08,0.18000000715255737,
05OF014,1982-07-08,0.0,
05OF014,1982-08-08,0.0,
05OF014,1982-09-08,0.0,
05OF014,1982-10-08,0.0,
05OF014,1983-03-08,0.800000011920929,B
05OF014,1983-04-08,15.300000190734863,
05OF014,1983-05-08,0.04800000041723251,
05OF014,1983-06-08,0.00800000037997961,E
05OF014,1983-07-08,0.003000000026077032,
05OF014,1983-08-08,0.0,
05OF014,1983-09-08,0.0,
05OF014,1983-10-08,0.0,
05OF014,1984-03-08,0.0,B
05OF014,1984-04-08,0.2179999947547913,
05OF014,1984-05-08,0.07000000029802322,E
05OF014,1984-06-08,0.004999999888241291,
05OF014,1984-07-08,0.0,
05OF014,1984-08-08,0.0,
05OF014,1984-09-08,0.0,
05OF014,1984-10-08,0.0,
05OF014,1985-03-08,0.0,B
05OF014,1985-04-08,1.190000057220459,
05OF014,1985-05-08,0.2409999966621399,
05OF014,1985-06-08,0.0,
05OF014,1985-07-08,0.3199999928474426,
05OF014,1985-08-08,0.0,
05OF014,1985-09-08,0.5609999895095825,
05OF014,1985-10-08,0.10599999874830246,
05OF014,1986-03-08,0.0,B
05OF014,1986-04-08,2.4600000381469727,
05OF014,1986-05-08,13.100000381469728,
05OF014,1986-06-08,0.10000000149011612,
05OF014,1986-07-08,0.0130000002682209,
05OF014,1986-08-08,0.0,E
05OF014,1986-09-08,0.0,E
05OF014,1986-10-08,0.0,
05OF014,1987-03-08,0.0,B
05OF014,1987-04-08,27.200000762939453,
05OF014,1987-05-08,0.10700000077486038,
05OF014,1987-06-08,0.0,
05OF014,1987-07-08,0.0,
05OF014,1987-08-08,0.0,
05OF014,1987-09-08,0.0430000014603138,
05OF014,1987-10-08,0.0,
05OF014,1988-03-08,0.07999999821186066,B
05OF014,1988-04-08,0.8550000190734863,
05OF014,1988-05-08,0.0,
05OF014,1988-06-08,0.0,
05OF014,1988-07-08,0.0,
05OF014,1988-08-08,0.0,
05OF014,1988-09-08,0.0,
05OF014,1988-10-08,0.0,
05OF014,1989-03-08,0.0,B
05OF014,1989-04-08,0.0,B
05OF014,1989-05-08,0.08799999952316284,
05OF014,1989-06-08,0.0,
05OF014,1989-07-08,0.0,
05OF014,1989-08-08,0.0,
05OF014,1989-09-08,0.0,
05OF014,1989-10-08,0.0,
05OF014,1990-03-08,0.0,B
05OF014,1990-04-08,2.119999885559082,B
05OF014,1990-05-08,0.057999998331069946,
05OF014,1990-06-08,0.4350000023841858,
05OF014,1990-07-08,0.29100000858306885,
05OF014,1990-08-08,0.0,
05OF014,1990-09-08,0.0,
05OF014,1990-10-08,0.0,
05OF014,1991-03-08,0.0,B
05OF014,1991-04-08,0.3409999907016754,
05OF014,1991-05-08,0.11100000143051147,
05OF014,1991-06-08,0.0,
05OF014,1991-07-08,4.320000171661377,
05OF014,1991-08-08,0.04600000008940697,
05OF014,1991-09-08,0.0,
05OF014,1991-10-08,0.0,
05OF014,1992-03-08,0.2840000092983246,B
05OF014,1992-04-08,10.899999618530272,
05OF014,1992-05-08,0.12600000202655792,
05OF014,1992-06-08,0.2509999871253968,
05OF014,1992-07-08,0.39800000190734863,
05OF014,1992-08-08,0.03500000014901161,
05OF014,1992-09-08,0.0,
05OF014,1992-10-08,0.0010000000474974513,
05OF014,1993-03-08,0.0,B
05OF014,1993-04-08,3.5299999713897705,
05OF014,1993-05-08,0.0729999989271164,
05OF014,1993-06-08,0.5529999732971191,
05OF014,1993-07-08,0.479999989271164,
05OF014,1993-08-08,3.309999942779541,
05OF014,1993-09-08,0.3470000028610229,
05OF014,1993-10-08,0.10999999940395357,
05OF014,1994-03-08,0.0,B
05OF014,1994-04-08,1.190000057220459,
05OF014,1994-05-08,0.531000018119812,
05OF014,1994-06-08,0.09600000083446504,
05OF014,1994-07-08,0.010999999940395355,
05OF014,1994-08-08,0.0560000017285347,
05OF014,1994-09-08,0.01899999938905239,
05OF014,1994-10-08,16.0,E
05OF014,1995-03-08,0.0020000000949949026,B
05OF014,1995-04-08,2.640000104904175,B
05OF014,1995-05-08,3.3499999046325684,
05OF014,1995-06-08,0.9419999718666076,
05OF014,1995-07-08,0.04699999839067459,
05OF014,1995-08-08,0.0,
05OF014,1995-09-08,0.3779999911785126,
05OF014,1995-10-08,0.007000000216066837,
05OF014,1996-03-08,0.0,B
05OF014,1996-04-08,0.0,B
05OF014,1996-05-08,14.399999618530272,
05OF014,1996-06-08,0.972000002861023,
05OF014,1996-07-08,0.13500000536441803,
05OF014,1996-08-08,5.699999809265137,
05OF014,1996-09-08,0.03200000151991844,
05OF014,1996-10-08,0.006000000052154064,
05OF014,1997-03-08,0.0,B
05OF014,1997-04-08,1.399999976158142,B
05OF014,1997-05-08,,
05OF014,1997-06-08,0.6899999976158142,
05OF014,1997-07-08,2.5299999713897705,
05OF014,1997-08-08,0.0729999989271164,
05OF014,1997-09-08,0.0,
05OF014,1997-10-08,0.0,
05OF014,1998-03-08,0.0689999982714653,B
05OF014,1998-04-08,17.899999618530273,
05OF014,1998-05-08,2.039999961853028,
05OF014,1998-06-08,0.09799999743700027,
05OF014,1998-07-08,0.11599999666213988,
05OF014,1998-08-08,0.0010000000474974513,
05OF014,1998-09-08,0.0,
05OF014,1998-10-08,0.0,
05OF014,1999-03-08,0.0,B
05OF014,1999-04-08,6.110000133514404,
05OF014,1999-05-08,0.972000002861023,
05OF014,1999-06-08,1.1200000047683716,
05OF014,1999-07-08,0.1469999998807907,
05OF014,1999-08-08,0.0,
05OF014,1999-09-08,0.0,
05OF014,1999-10-08,0.0,
05OF014,2000-03-08,0.6420000195503235,B
05OF014,2000-04-08,0.1080000028014183,
05OF014,2000-05-08,0.0,
05OF014,2000-06-08,0.0,
05OF014,2000-07-08,0.0430000014603138,
05OF014,2000-08-08,0.0,
05OF014,2000-09-08,0.08299999684095383,
05OF014,2000-10-08,0.0,
05OF014,2001-03-08,0.0,B
05OF014,2001-04-08,86.4000015258789,B
05OF014,2001-05-08,3.650000095367432,
05OF014,2001-06-08,0.8569999933242798,
05OF014,2001-07-08,0.008999999612569809,
05OF014,2001-08-08,0.3109999895095825,
05OF014,2001-09-08,0.00800000037997961,
05OF014,2001-10-08,0.0,
05OF014,2002-03-08,0.0,B
05OF014,2002-04-08,0.6570000052452087,B
05OF014,2002-05-08,0.04399999976158142,
05OF014,2002-06-08,0.027000000700354576,
05OF014,2002-07-08,0.210999995470047,
05OF014,2002-08-08,0.0,
05OF014,2002-09-08,0.2849999964237213,
05OF014,2002-10-08,0.06599999964237213,
05OF014,2003-03-08,0.0,B
05OF014,2003-04-08,1.0800000429153442,B
05OF014,2003-05-08,0.04899999871850014,A
05OF014,2003-06-08,0.2070000022649765,
05OF014,2003-07-08,0.09000000357627869,
05OF014,2003-08-08,0.0,
05OF014,2003-09-08,0.0,
05OF014,2003-10-08,0.0,
05OF014,2004-03-08,0.0,B
05OF014,2004-04-08,2.470000028610229,
05OF014,2004-05-08,0.05900000035762787,
05OF014,2004-06-08,1.850000023841858,
05OF014,2004-07-08,0.6800000071525574,
05OF014,2004-08-08,0.06199999898672104,
05OF014,2004-09-08,0.5360000133514404,
05OF014,2004-10-08,0.12600000202655792,
05OF014,2005-03-08,0.0,B
05OF014,2005-04-08,17.700000762939453,
05OF014,2005-05-08,4.230000019073486,A
05OF014,2005-06-08,1.5399999618530271,
05OF014,2005-07-08,23.0,A
05OF014,2005-08-08,0.03700000047683716,
05OF014,2005-09-08,0.026000000536441803,
05OF014,2005-10-08,0.2240000069141388,
05OF014,2006-03-08,0.05099999904632568,B
05OF014,2006-04-08,48.20000076293945,
05OF014,2006-05-08,2.3399999141693115,
05OF014,2006-06-08,0.054999999701976776,
05OF014,2006-07-08,0.0,A
05OF014,2006-08-08,0.0,
05OF014,2006-09-08,0.0,
05OF014,2006-10-08,0.0,
05OF014,2007-03-08,0.0,B
05OF014,2007-04-08,3.640000104904175,
05OF014,2007-05-08,0.125,
05OF014,2007-06-08,0.7699999809265137,
05OF014,2007-07-08,1.399999976158142,
05OF014,2007-08-08,0.0130000002682209,
05OF014,2007-09-08,0.090999998152256,
05OF014,2007-10-08,0.0010000000474974513,
05OF014,2008-03-08,0.0,B
05OF014,2008-04-08,4.71999979019165,B
05OF014,2008-05-08,0.33500000834465027,
05OF014,2008-06-08,0.11599999666213988,
05OF014,2008-07-08,0.1599999964237213,A
05OF014,2008-08-08,0.0,
05OF014,2008-09-08,0.0,
05OF014,2008-10-08,0.04100000113248825,
05OF014,2009-03-08,0.0,B
05OF014,2009-04-08,7.460000038146973,B
05OF014,2009-05-08,,
05OF014,2009-06-08,1.75,
05OF014,2009-07-08,0.06700000166893005,
05OF014,2009-08-08,0.01899999938905239,
05OF014,2009-09-08,0.0,
05OF014,2009-10-08,0.0010000000474974513,
05OF014,2010-03-08,0.0,B
05OF014,2010-04-08,1.5399999618530271,
05OF014,2010-05-08,5.429999828338623,
05OF014,2010-06-08,0.5049999952316284,
05OF014,2010-07-08,0.16099999845027924,
05OF014,2010-08-08,0.09300000220537186,
05OF014,2010-09-08,2.470000028610229,
05OF014,2010-10-08,0.6869999766349792,
05OF014,2011-03-08,0.07000000029802322,B
05OF014,2011-04-08,18.0,
05OF014,2011-05-08,,
05OF014,2011-06-08,3.289999961853028,E
05OF014,2011-07-08,0.8100000023841858,
05OF014,2011-08-08,0.16099999845027924,
05OF014,2011-09-08,0.0,
05OF014,2011-10-08,0.0010000000474974513,
05OF014,2012-03-08,0.0,B
05OF014,2012-04-08,0.06700000166893005,
05OF014,2012-05-08,0.02800000086426735,
05OF014,2012-06-08,0.1679999977350235,
05OF014,2012-07-08,0.054999999701976776,
05OF014,2012-08-08,0.0,
05OF014,2012-09-08,0.0,
05OF014,2012-10-08,0.0,
05OF014,2013-03-08,0.0,B
05OF014,2013-04-08,0.0,B
05OF014,2013-05-08,3.930000066757202,
05OF014,2013-06-08,2.5,
05OF014,2013-07-08,0.4729999899864197,
05OF014,2013-08-08,0.1289999932050705,
05OF014,2013-09-08,0.04199999943375588,
05OF014,2013-10-08,0.007000000216066837,
05OF014,2014-03-08,0.0,B
05OF014,2014-04-08,0.0010000000474974513,B
05OF014,2014-05-08,0.9259999990463256,
05OF014,2014-06-08,0.4909999966621399,
05OF014,2014-07-08,0.3149999976158142,
05OF014,2014-08-08,0.0,
05OF014,2014-09-08,0.0,
05OF014,2014-10-08,0.0,
05OF014,2015-03-08,0.0,B
05OF014,2015-04-08,0.06300000101327896,
05OF014,2015-05-08,0.1979999989271164,A
05OF014,2015-06-08,0.3449999988079071,A
05OF014,2015-07-08,0.003000000026077032,
05OF014,2015-08-08,0.003000000026077032,
05OF014,2015-09-08,0.10300000011920928,
05OF014,2015-10-08,0.0010000000474974513,
05OF014,2016-03-08,0.0010000000474974513,B
05OF014,2016-04-08,0.15000000596046448,
05OF014,2016-05-08,0.08699999749660492,
05OF014,2016-06-08,0.02800000086426735,
05OF014,2016-07-08,0.16599999368190765,
05OF014,2016-08-08,0.8519999980926514,
05OF014,2016-09-08,0.004999999888241291,
05OF014,2016-10-08,0.04199999943375588,
05OF014,2017-03-08,0.004999999888241291,B
05OF014,2017-04-08,3.990000009536743,
05OF014,2017-05-08,0.20600000023841855,
05OF014,2017-06-08,0.22499999403953552,
05OF014,2017-07-08,0.4760000109672546,
05OF014,2017-08-08,0.0,
05OF014,2017-09-08,0.0,
05OF014,2017-10-08,0.0,
05OF014,2018-03-08,,
05OF014,2018-04-08,,
05OF014,2018-06-08,,
05OF014,2018-07-08,0.006000000052154064,
05OF014,2018-08-08,0.0,
05OF014,2018-09-08,0.0,
05OF014,2018-10-08,0.0,
05OF014,2019-03-08,0.0,B
05OF014,2019-04-08,8.239999771118164,B
05OF014,2019-05-08,,
05OF014,2019-06-08,0.0,
05OF014,2019-07-08,0.0,
05OF014,2019-08-08,0.0,
05OF014,2019-09-08,0.0,
05OF014,2019-10-08,1.5800000429153442,
05OF014,2019-11-08,0.26499998569488525,B
05OF014,2020-03-08,0.0,B
05OF014,2020-04-08,26.5,B
05OF014,2020-05-08,0.007000000216066837,
05OF014,2020-06-08,0.11299999803304672,
05OF014,2020-07-08,0.0,
05OF014,2020-08-08,0.0,
05OF014,2020-09-08,0.0,
05OF014,2020-10-08,0.0,
05OF014,2021-02-08,,
05OF014,2021-03-08,0.004000000189989805,B
05OF014,2021-04-08,0.004000000189989805,
05OF014,2021-05-08,0.12999999523162842,
05OF014,2021-06-08,0.02199999988079071,
05OF014,2021-07-08,0.00800000037997961,
05OF014,2021-08-08,0.0,
05OF014,2021-09-08,0.0,
05OF014,2021-10-08,0.0,
05OF014,2022-03-08,0.0,B
05OF014,2022-04-08,45.0,B
05OF014,2022-05-08,,
05OF014,2022-06-08,,
05OF014,2022-07-08,0.8420000076293945,
05OF014,2022-08-08,0.03099999949336052,E
05OF014,2022-09-08,0.0,
05OF014,2022-10-08,0.0,
05OF014,2023-02-08,,
05OF014,2023-03-08,0.0010000000474974513,B
05OF014,2023-04-08,0.0010000000474974513,B
05OF014,2023-05-08,,
05OF014,2023-06-08,0.4359999895095825,
05OF014,2023-07-08,0.09600000083446504,
05OF014,2023-08-08,0.0,
05OF014,2023-09-08,0.0,
05OF014,2023-10-08,0.0,
05OF014,2024-03-08,0.0,B
05OF014,2024-04-08,2.1700000762939453,B
05OF014,2024-05-08,1.600000023841858,
05OF014,2024-06-08,0.7039999961853027,
05OF014,2024-07-08,6.659999847412109,E
05OF014,2024-08-08,0.017000000923871994,
05OF014,2024-09-08,0.10700000077486038,
05OF014,2024-10-08,0.07900000363588333,
05OF014,1960-03-09,0.0,B
05OF014,1960-04-09,30.600000381469727,
05OF014,1960-05-09,0.9940000176429749,
05OF014,1960-06-09,0.09600000083446504,
05OF014,1960-07-09,0.006000000052154064,
05OF014,1960-08-09,0.0,
05OF014,1960-09-09,0.0,
05OF014,1960-10-09,0.0,
05OF014,1961-03-09,0.0,B
05OF014,1961-04-09,1.4700000286102295,B
05OF014,1961-05-09,0.017000000923871994,
05OF014,1961-06-09,0.0,
05OF014,1961-07-09,0.0,
05OF014,1961-08-09,0.0,
05OF014,1961-09-09,0.0,
05OF014,1961-10-09,0.0,
05OF014,1962-03-09,0.0,
05OF014,1962-04-09,0.0,
05OF014,1962-05-09,1.5299999713897705,
05OF014,1962-06-09,0.8500000238418579,
05OF014,1962-07-09,0.03099999949336052,
05OF014,1962-08-09,0.04199999943375588,E
05OF014,1962-09-09,0.0,
05OF014,1962-10-09,0.0,
05OF014,1963-03-09,0.0,B
05OF014,1963-04-09,0.28299999237060547,E
05OF014,1963-05-09,0.0,
05OF014,1963-06-09,5.070000171661377,E
05OF014,1963-07-09,0.0,
05OF014,1963-08-09,0.0,
05OF014,1963-09-09,0.0,
05OF014,1963-10-09,0.0,
05OF014,1964-03-09,0.0,B
05OF014,1964-04-09,5.150000095367432,B
05OF014,1964-05-09,0.13600000739097595,
05OF014,1964-06-09,0.0,
05OF014,1964-07-09,0.017000000923871994,E
05OF014,1964-08-09,0.0,
05OF014,1964-09-09,0.4390000104904175,E
05OF014,1964-10-09,0.05700000002980232,E
05OF014,1965-03-09,0.0,B
05OF014,1965-04-09,1.2300000190734863,B
05OF014,1965-05-09,2.809999942779541,E
05OF014,1965-06-09,0.38199999928474426,E
05OF014,1965-07-09,0.06499999761581421,
05OF014,1965-08-09,0.0,
05OF014,1965-09-09,0.0,
05OF014,1965-10-09,0.0,
05OF014,1966-03-09,0.0,B
05OF014,1966-04-09,0.0,
05OF014,1966-05-09,0.02800000086426735,E
05OF014,1966-06-09,0.0,
05OF014,1966-07-09,11.100000381469728,E
05OF014,1966-08-09,0.0,
05OF014,1966-09-09,0.0,
05OF014,1966-10-09,0.0,
05OF014,1967-03-09,0.0,B
05OF014,1967-04-09,11.300000190734863,B
05OF014,1967-05-09,4.960000038146973,
05OF014,1967-06-09,0.12999999523162842,
05OF014,1967-07-09,0.04800000041723251,
05OF014,1967-08-09,0.0,
05OF014,1967-09-09,0.0,
05OF014,1967-10-09,0.0,
05OF014,1968-03-09,0.0,B
05OF014,1968-04-09,0.16099999845027924,B
05OF014,1968-05-09,0.3030000030994416,
05OF014,1968-06-09,0.14399999380111694,E
05OF014,1968-07-09,0.03099999949336052,E
05OF014,1968-08-09,0.9459999799728394,E
05OF014,1968-09-09,1.9800000190734863,
05OF014,1968-10-09,0.27799999713897705,
05OF014,1969-03-09,0.0,B
05OF014,1969-04-09,7.360000133514404,B
05OF014,1969-05-09,1.7000000476837158,E
05OF014,1969-06-09,0.2549999952316284,E
05OF014,1969-07-09,2.2699999809265137,E
05OF014,1969-08-09,0.09300000220537186,
05OF014,1969-09-09,0.04199999943375588,
05OF014,1969-10-09,0.04800000041723251,
05OF014,1970-03-09,0.0,B
05OF014,1970-04-09,0.0,B
05OF014,1970-05-09,7.650000095367432,
05OF014,1970-06-09,0.75,
05OF014,1970-07-09,0.6169999837875366,
05OF014,1970-08-09,0.2409999966621399,
05OF014,1970-09-09,0.007000000216066837,
05OF014,1970-10-09,0.0,
05OF014,1971-03-09,0.0,B
05OF014,1971-04-09,3.2799999713897705,B
05OF014,1971-05-09,0.4760000109672546,
05OF014,1971-06-09,0.4959999918937683,
05OF014,1971-07-09,0.1469999998807907,
05OF014,1971-08-09,0.0,
05OF014,1971-09-09,0.0,
05OF014,1971-10-09,0.06199999898672104,
05OF014,1972-03-09,0.0,B
05OF014,1972-04-09,1.440000057220459,B
05OF014,1972-05-09,0.609000027179718,
05OF014,1972-06-09,0.08799999952316284,
05OF014,1972-07-09,0.4449999928474426,
05OF014,1972-08-09,0.22100000083446503,
05OF014,1972-09-09,0.11299999803304672,
05OF014,1972-10-09,0.020999999716877937,
05OF014,1973-03-09,0.0,B
05OF014,1973-04-09,0.13899999856948853,
05OF014,1973-05-09,0.017999999225139618,
05OF014,1973-06-09,0.0,
05OF014,1973-07-09,0.03400000184774399,
05OF014,1973-08-09,0.0,
05OF014,1973-09-09,0.0,
05OF014,1973-10-09,0.00800000037997961,
05OF014,1974-03-09,0.0,B
05OF014,1974-04-09,0.0,B
05OF014,1974-05-09,1.0299999713897705,
05OF014,1974-06-09,1.1200000047683716,
05OF014,1974-07-09,0.2119999974966049,
05OF014,1974-08-09,0.0,
05OF014,1974-09-09,0.03400000184774399,
05OF014,1974-10-09,0.0,
05OF014,1975-03-09,0.0,B
05OF014,1975-04-09,0.0,B
05OF014,1975-05-09,0.4760000109672546,
05OF014,1975-06-09,0.05900000035762787,
05OF014,1975-07-09,0.24899999797344208,
05OF014,1975-08-09,0.0,
05OF014,1975-09-09,0.0,
05OF014,1975-10-09,0.0,
05OF014,1976-03-09,0.0,B
05OF014,1976-04-09,12.199999809265137,
05OF014,1976-05-09,0.3230000138282776,
05OF014,1976-06-09,0.04199999943375588,
05OF014,1976-07-09,0.0,
05OF014,1976-08-09,0.0,
05OF014,1976-09-09,0.0,
05OF014,1976-10-09,0.0,
05OF014,1977-03-09,0.0,B
05OF014,1977-04-09,0.7080000042915344,B
05OF014,1977-05-09,0.0,
05OF014,1977-06-09,0.0020000000949949026,
05OF014,1977-07-09,0.0,
05OF014,1977-08-09,0.0,
05OF014,1977-09-09,0.08500000089406967,
05OF014,1977-10-09,0.19499999284744263,
05OF014,1978-03-09,0.0,B
05OF014,1978-04-09,22.700000762939453,B
05OF014,1978-05-09,0.6259999871253967,E
05OF014,1978-06-09,0.1469999998807907,
05OF014,1978-07-09,0.0,
05OF014,1978-08-09,0.0,
05OF014,1978-09-09,0.0,
05OF014,1978-10-09,0.024000000208616257,
05OF014,1979-03-09,0.0,B
05OF014,1979-04-09,0.0,B
05OF014,1979-06-09,0.703000009059906,
05OF014,1979-07-09,0.27399998903274536,
05OF014,1979-08-09,0.027000000700354576,
05OF014,1979-09-09,0.0,
05OF014,1979-10-09,0.0,
05OF014,1980-03-09,0.0,B
05OF014,1980-04-09,2.5,B
05OF014,1980-05-09,0.0,
05OF014,1980-06-09,0.0,
05OF014,1980-07-09,0.0,
05OF014,1980-08-09,0.0,
05OF014,1980-09-09,0.0,
05OF014,1980-10-09,0.0,
05OF014,1981-03-09,0.05000000074505806,B
05OF014,1981-04-09,0.061000000685453415,
05OF014,1981-05-09,0.0,
05OF014,1981-06-09,0.0,
05OF014,1981-07-09,0.0020000000949949026,
05OF014,1981-08-09,0.09700000286102296,
05OF014,1981-09-09,0.0,
05OF014,1981-10-09,0.0,
05OF014,1982-03-09,0.0,B
05OF014,1982-04-09,2.109999895095825,B
05OF014,1982-05-09,0.0,
05OF014,1982-06-09,0.0989999994635582,
05OF014,1982-07-09,0.0,
05OF014,1982-08-09,0.0,
05OF014,1982-09-09,0.0,
05OF014,1982-10-09,0.0,
05OF014,1983-03-09,0.7200000286102295,B
05OF014,1983-04-09,11.100000381469728,
05OF014,1983-05-09,0.0430000014603138,
05OF014,1983-06-09,0.004999999888241291,E
05OF014,1983-07-09,0.003000000026077032,
05OF014,1983-08-09,0.0,
05OF014,1983-09-09,0.0,
05OF014,1983-10-09,0.0,
05OF014,1984-03-09,0.0,B
05OF014,1984-04-09,0.20900000631809235,
05OF014,1984-05-09,0.06599999964237213,E
05OF014,1984-06-09,0.01600000075995922,
05OF014,1984-07-09,0.0,
05OF014,1984-08-09,0.0,
05OF014,1984-09-09,0.0,
05OF014,1984-10-09,0.0,
05OF014,1985-03-09,0.0,B
05OF014,1985-04-09,0.959999978542328,
05OF014,1985-05-09,0.23199999332427976,
05OF014,1985-06-09,0.0,
05OF014,1985-07-09,0.28999999165534973,
05OF014,1985-08-09,0.0,
05OF014,1985-09-09,0.5429999828338623,
05OF014,1985-10-09,0.06400000303983688,A
05OF014,1986-03-09,0.0,B
05OF014,1986-04-09,1.3600000143051147,
05OF014,1986-05-09,8.960000038146973,
05OF014,1986-06-09,0.09200000017881392,
05OF014,1986-07-09,0.07500000298023224,
05OF014,1986-08-09,0.0,E
05OF014,1986-09-09,0.0,E
05OF014,1986-10-09,0.0,
05OF014,1987-03-09,0.0,B
05OF014,1987-04-09,13.800000190734863,
05OF014,1987-05-09,0.09000000357627869,
05OF014,1987-06-09,0.0,
05OF014,1987-07-09,0.0,
05OF014,1987-08-09,0.0,
05OF014,1987-09-09,0.032999999821186066,
05OF014,1987-10-09,0.0,
05OF014,1988-03-09,0.03999999910593033,B
05OF014,1988-04-09,0.5260000228881836,
05OF014,1988-05-09,0.0,
05OF014,1988-06-09,0.0,
05OF014,1988-07-09,0.0,
05OF014,1988-08-09,0.0,
05OF014,1988-09-09,0.0,
05OF014,1988-10-09,0.0,
05OF014,1989-03-09,0.0,B
05OF014,1989-04-09,0.0,B
05OF014,1989-05-09,0.06199999898672104,
05OF014,1989-06-09,0.0,
05OF014,1989-07-09,0.0,
05OF014,1989-08-09,0.0,
05OF014,1989-09-09,0.0,
05OF014,1989-10-09,0.0,
05OF014,1990-03-09,0.0,B
05OF014,1990-04-09,1.5199999809265137,B
05OF014,1990-05-09,0.04399999976158142,
05OF014,1990-06-09,0.6430000066757202,
05OF014,1990-07-09,0.2070000022649765,
05OF014,1990-08-09,0.0,
05OF014,1990-09-09,0.0,
05OF014,1990-10-09,0.0,
05OF014,1991-03-09,0.0,B
05OF014,1991-04-09,0.2290000021457672,
05OF014,1991-05-09,0.18700000643730164,
05OF014,1991-06-09,0.0,
05OF014,1991-07-09,3.490000009536743,
05OF014,1991-08-09,0.032999999821186066,
05OF014,1991-09-09,0.0,
05OF014,1991-10-09,0.0,
05OF014,1992-03-09,16.0,B
05OF014,1992-04-09,8.15999984741211,
05OF014,1992-05-09,0.11800000071525574,
05OF014,1992-06-09,0.2509999871253968,
05OF014,1992-07-09,0.2590000033378601,
05OF014,1992-08-09,0.027000000700354576,
05OF014,1992-09-09,0.0,
05OF014,1992-10-09,0.0,
05OF014,1993-03-09,0.0,B
05OF014,1993-04-09,3.180000066757202,
05OF014,1993-05-09,0.11400000005960464,
05OF014,1993-06-09,0.5590000152587891,
05OF014,1993-07-09,0.4959999918937683,
05OF014,1993-08-09,3.5299999713897705,
05OF014,1993-09-09,0.3440000116825104,
05OF014,1993-10-09,0.09799999743700027,
05OF014,1994-03-09,0.0,B
05OF014,1994-04-09,1.1299999952316284,
05OF014,1994-05-09,0.5559999942779541,
05OF014,1994-06-09,0.07699999958276749,
05OF014,1994-07-09,0.02199999988079071,
05OF014,1994-08-09,0.019999999552965164,
05OF014,1994-09-09,0.16699999570846558,
05OF014,1994-10-09,11.699999809265137,E
05OF014,1995-03-09,0.00800000037997961,B
05OF014,1995-04-09,3.0,B
05OF014,1995-05-09,3.380000114440918,
05OF014,1995-06-09,0.7960000038146973,
05OF014,1995-07-09,0.11100000143051147,
05OF014,1995-08-09,0.0,
05OF014,1995-09-09,0.28299999237060547,
05OF014,1995-10-09,0.0020000000949949026,
05OF014,1996-03-09,0.0,B
05OF014,1996-04-09,0.0,B
05OF014,1996-05-09,13.399999618530272,
05OF014,1996-06-09,0.8479999899864197,
05OF014,1996-07-09,0.0989999994635582,
05OF014,1996-08-09,3.650000095367432,
05OF014,1996-09-09,0.026000000536441803,
05OF014,1996-10-09,0.004000000189989805,
05OF014,1997-03-09,0.0,B
05OF014,1997-04-09,1.2999999523162842,B
05OF014,1997-05-09,,
05OF014,1997-06-09,0.6570000052452087,
05OF014,1997-07-09,2.119999885559082,
05OF014,1997-08-09,0.06800000369548798,
05OF014,1997-09-09,0.0,
05OF014,1997-10-09,0.0,
05OF014,1998-03-09,0.04399999976158142,B
05OF014,1998-04-09,8.40999984741211,
05OF014,1998-05-09,1.7799999713897705,
05OF014,1998-06-09,0.09300000220537186,
05OF014,1998-07-09,0.1379999965429306,
05OF014,1998-08-09,0.0010000000474974513,
05OF014,1998-09-09,0.0,
05OF014,1998-10-09,0.0,
05OF014,1999-03-09,0.0,B
05OF014,1999-04-09,4.929999828338623,
05OF014,1999-05-09,0.9789999723434448,
05OF014,1999-06-09,0.8610000014305115,
05OF014,1999-07-09,0.1449999958276749,
05OF014,1999-08-09,0.0,
05OF014,1999-09-09,0.0,
05OF014,1999-10-09,0.0,
05OF014,2000-03-09,0.44200000166893005,B
05OF014,2000-04-09,0.08299999684095383,
05OF014,2000-05-09,0.0,
05OF014,2000-06-09,0.0,
05OF014,2000-07-09,0.024000000208616257,
05OF014,2000-08-09,0.0,
05OF014,2000-09-09,0.06199999898672104,
05OF014,2000-10-09,0.0,
05OF014,2001-03-09,0.0,B
05OF014,2001-04-09,58.70000076293945,
05OF014,2001-05-09,4.489999771118164,A
05OF014,2001-06-09,0.8220000267028809,
05OF014,2001-07-09,0.008999999612569809,
05OF014,2001-08-09,0.20600000023841855,
05OF014,2001-09-09,0.00800000037997961,
05OF014,2001-10-09,0.0,
05OF014,2002-03-09,0.0,B
05OF014,2002-04-09,0.7250000238418579,B
05OF014,2002-05-09,0.07100000232458115,
05OF014,2002-06-09,0.6129999756813049,
05OF014,2002-07-09,0.2919999957084656,
05OF014,2002-08-09,0.0,
05OF014,2002-09-09,0.35499998927116394,
05OF014,2002-10-09,0.06800000369548798,
05OF014,2003-03-09,0.0,B
05OF014,2003-04-09,1.0499999523162842,B
05OF014,2003-05-09,0.11100000143051147,
05OF014,2003-06-09,0.17000000178813934,
05OF014,2003-07-09,0.0949999988079071,
05OF014,2003-08-09,0.0,
05OF014,2003-09-09,0.0,
05OF014,2003-10-09,0.0,
05OF014,2004-03-09,0.0,B
05OF014,2004-04-09,1.8200000524520876,
05OF014,2004-05-09,0.039000000804662704,
05OF014,2004-06-09,7.5,
05OF014,2004-07-09,0.7049999833106995,
05OF014,2004-08-09,0.05700000002980232,
05OF014,2004-09-09,0.878000020980835,
05OF014,2004-10-09,0.11400000005960464,
05OF014,2005-03-09,0.0,B
05OF014,2005-04-09,14.300000190734863,
05OF014,2005-05-09,3.509999990463257,
05OF014,2005-06-09,3.2100000381469727,
05OF014,2005-07-09,19.0,A
05OF014,2005-08-09,0.028999999165534973,
05OF014,2005-09-09,0.02500000037252903,
05OF014,2005-10-09,0.15600000321865082,A
05OF014,2006-03-09,0.05000000074505806,B
05OF014,2006-04-09,30.799999237060547,
05OF014,2006-05-09,2.2699999809265137,
05OF014,2006-06-09,0.05900000035762787,
05OF014,2006-07-09,0.0,
05OF014,2006-08-09,0.0,
05OF014,2006-09-09,0.0,
05OF014,2006-10-09,0.0,
05OF014,2007-03-09,0.0,B
05OF014,2007-04-09,3.5899999141693115,
05OF014,2007-05-09,0.14000000059604645,A
05OF014,2007-06-09,0.878000020980835,
05OF014,2007-07-09,1.0099999904632568,
05OF014,2007-08-09,0.017999999225139618,
05OF014,2007-09-09,0.08500000089406967,
05OF014,2007-10-09,0.00800000037997961,
05OF014,2008-03-09,0.0,B
05OF014,2008-04-09,3.5199999809265137,B
05OF014,2008-05-09,0.40400001406669617,
05OF014,2008-06-09,2.119999885559082,
05OF014,2008-07-09,0.1379999965429306,
05OF014,2008-08-09,0.0,
05OF014,2008-09-09,0.0,
05OF014,2008-10-09,0.05900000035762787,
05OF014,2009-03-09,0.0,B
05OF014,2009-04-09,13.5,B
05OF014,2009-05-09,,
05OF014,2009-06-09,1.7899999618530271,
05OF014,2009-07-09,0.04600000008940697,
05OF014,2009-08-09,0.014999999664723871,
05OF014,2009-09-09,0.0,
05OF014,2009-10-09,0.03500000014901161,
05OF014,2010-03-09,0.0,B
05OF014,2010-04-09,1.340000033378601,
05OF014,2010-05-09,3.299999952316284,
05OF014,2010-06-09,0.4320000112056732,
05OF014,2010-07-09,0.1289999932050705,
05OF014,2010-08-09,0.0729999989271164,
05OF014,2010-09-09,1.75,
05OF014,2010-10-09,0.6230000257492065,
05OF014,2011-03-09,0.07100000232458115,B
05OF014,2011-04-09,22.100000381469727,
05OF014,2011-05-09,,
05OF014,2011-06-09,2.940000057220459,E
05OF014,2011-07-09,0.8169999718666077,
05OF014,2011-08-09,0.17900000512599945,
05OF014,2011-09-09,0.0,
05OF014,2011-10-09,0.008999999612569809,
05OF014,2012-03-09,0.0,B
05OF014,2012-04-09,0.06199999898672104,
05OF014,2012-05-09,0.05299999937415123,
05OF014,2012-06-09,0.14800000190734863,
05OF014,2012-07-09,0.04699999839067459,
05OF014,2012-08-09,0.0,
05OF014,2012-09-09,0.0,
05OF014,2012-10-09,0.0,
05OF014,2013-03-09,0.0,B
05OF014,2013-04-09,0.0,B
05OF014,2013-05-09,3.630000114440918,
05OF014,2013-06-09,2.309999942779541,
05OF014,2013-07-09,0.45100000500679016,
05OF014,2013-08-09,0.11800000071525574,
05OF014,2013-09-09,0.05000000074505806,
05OF014,2013-10-09,0.007000000216066837,
05OF014,2014-03-09,0.0,B
05OF014,2014-04-09,0.004999999888241291,B
05OF014,2014-05-09,0.9409999847412108,
05OF014,2014-06-09,0.479999989271164,
05OF014,2014-07-09,0.2619999945163727,E
05OF014,2014-08-09,0.0,
05OF014,2014-09-09,0.0,
05OF014,2014-10-09,0.0,
05OF014,2015-03-09,0.0,B
05OF014,2015-04-09,0.04399999976158142,
05OF014,2015-05-09,0.1940000057220459,
05OF014,2015-06-09,0.32600000500679016,A
05OF014,2015-07-09,0.0020000000949949026,
05OF014,2015-08-09,0.003000000026077032,
05OF014,2015-09-09,0.06300000101327896,
05OF014,2015-10-09,0.0010000000474974513,
05OF014,2016-03-09,0.0020000000949949026,B
05OF014,2016-04-09,0.1120000034570694,
05OF014,2016-05-09,0.09600000083446504,
05OF014,2016-06-09,0.16099999845027924,
05OF014,2016-07-09,0.10899999737739564,
05OF014,2016-08-09,0.5580000281333923,
05OF014,2016-09-09,0.004000000189989805,
05OF014,2016-10-09,0.04100000113248825,
05OF014,2017-03-09,0.004000000189989805,B
05OF014,2017-04-09,3.259999990463257,
05OF014,2017-05-09,0.193000003695488,
05OF014,2017-06-09,0.22300000488758087,
05OF014,2017-07-09,0.4880000054836273,
05OF014,2017-08-09,0.0,
05OF014,2017-09-09,0.0,
05OF014,2017-10-09,0.0,
05OF014,2018-03-09,,
05OF014,2018-04-09,,
05OF014,2018-06-09,,
05OF014,2018-07-09,0.004000000189989805,
05OF014,2018-08-09,0.0,
05OF014,2018-09-09,0.0,
05OF014,2018-10-09,0.0,
05OF014,2019-03-09,0.0,B
05OF014,2019-04-09,1.7999999523162842,B
05OF014,2019-05-09,,
05OF014,2019-06-09,0.0,
05OF014,2019-07-09,0.0,
05OF014,2019-08-09,0.0,
05OF014,2019-09-09,0.0,
05OF014,2019-10-09,1.4700000286102295,
05OF014,2019-11-09,0.20600000023841855,B
05OF014,2020-03-09,0.0,B
05OF014,2020-04-09,19.799999237060547,B
05OF014,2020-05-09,0.008999999612569809,
05OF014,2020-06-09,0.11400000005960464,
05OF014,2020-07-09,0.0,
05OF014,2020-08-09,0.0,
05OF014,2020-09-09,0.0,
05OF014,2020-10-09,0.0,
05OF014,2021-02-09,,
05OF014,2021-03-09,0.4180000126361847,B
05OF014,2021-04-09,0.007000000216066837,
05OF014,2021-05-09,0.1120000034570694,
05OF014,2021-06-09,0.05700000002980232,
05OF014,2021-07-09,0.004999999888241291,
05OF014,2021-08-09,0.0,
05OF014,2021-09-09,0.0,
05OF014,2021-10-09,0.0,
05OF014,2022-03-09,0.0,B
05OF014,2022-04-09,42.20000076293945,B
05OF014,2022-05-09,,
05OF014,2022-06-09,,
05OF014,2022-07-09,0.6899999976158142,
05OF014,2022-08-09,0.010999999940395355,A
05OF014,2022-09-09,0.0,
05OF014,2022-10-09,0.0,
05OF014,2023-02-09,,
05OF014,2023-03-09,0.0010000000474974513,B
05OF014,2023-04-09,0.0010000000474974513,B
05OF014,2023-05-09,,
05OF014,2023-06-09,0.41999998688697815,
05OF014,2023-07-09,0.07100000232458115,
05OF014,2023-08-09,0.0,
05OF014,2023-09-09,0.0,
05OF014,2023-10-09,0.0,
05OF014,2024-03-09,0.0,B
05OF014,2024-04-09,1.7000000476837158,B
05OF014,2024-05-09,1.559999942779541,
05OF014,2024-06-09,0.5170000195503235,
05OF014,2024-07-09,4.460000038146973,E
05OF014,2024-08-09,0.019999999552965164,
05OF014,2024-09-09,0.0949999988079071,
05OF014,2024-10-09,0.03999999910593033,
05OF014,1960-03-10,0.0,B
05OF014,1960-04-10,27.899999618530277,
05OF014,1960-05-10,0.9169999957084656,
05OF014,1960-06-10,0.08500000089406967,
05OF014,1960-07-10,0.003000000026077032,
05OF014,1960-08-10,0.0,
05OF014,1960-09-10,0.0,
05OF014,1960-10-10,0.0,
05OF014,1961-03-10,0.0,B
05OF014,1961-04-10,1.2999999523162842,B
05OF014,1961-05-10,0.04500000178813934,
05OF014,1961-06-10,0.0,
05OF014,1961-07-10,0.0,
05OF014,1961-08-10,0.0,
05OF014,1961-09-10,0.0,
05OF014,1961-10-10,0.0,
05OF014,1962-03-10,0.0,
05OF014,1962-04-10,0.0,
05OF014,1962-05-10,1.5299999713897705,
05OF014,1962-06-10,0.7929999828338623,
05OF014,1962-07-10,0.023000000044703484,E
05OF014,1962-08-10,0.02800000086426735,
05OF014,1962-09-10,0.0,
05OF014,1962-10-10,0.0,
05OF014,1963-03-10,0.0,B
05OF014,1963-04-10,0.2549999952316284,
05OF014,1963-05-10,0.0,
05OF014,1963-06-10,0.8209999799728394,
05OF014,1963-07-10,0.0,
05OF014,1963-08-10,0.0,
05OF014,1963-09-10,0.0,
05OF014,1963-10-10,0.0,
05OF014,1964-03-10,0.0,B
05OF014,1964-04-10,2.890000104904175,B
05OF014,1964-05-10,0.13600000739097595,E
05OF014,1964-06-10,0.0,
05OF014,1964-07-10,0.010999999940395355,
05OF014,1964-08-10,0.0,
05OF014,1964-09-10,0.4390000104904175,E
05OF014,1964-10-10,0.05700000002980232,E
05OF014,1965-03-10,0.0,B
05OF014,1965-04-10,19.5,B
05OF014,1965-05-10,1.600000023841858,
05OF014,1965-06-10,0.3790000081062317,
05OF014,1965-07-10,0.06499999761581421,
05OF014,1965-08-10,0.0,
05OF014,1965-09-10,0.0,
05OF014,1965-10-10,0.0,
05OF014,1966-03-10,0.0,B
05OF014,1966-04-10,0.0,
05OF014,1966-05-10,0.28299999237060547,E
05OF014,1966-06-10,0.0,
05OF014,1966-07-10,13.0,E
05OF014,1966-08-10,0.0,
05OF014,1966-09-10,0.0,
05OF014,1966-10-10,0.0,
05OF014,1967-03-10,0.0,B
05OF014,1967-04-10,8.859999656677246,B
05OF014,1967-05-10,3.7899999618530273,
05OF014,1967-06-10,0.11299999803304672,
05OF014,1967-07-10,0.03999999910593033,E
05OF014,1967-08-10,0.0,
05OF014,1967-09-10,0.0,
05OF014,1967-10-10,0.0,
05OF014,1968-03-10,0.0,B
05OF014,1968-04-10,0.5889999866485596,B
05OF014,1968-05-10,0.328000009059906,
05OF014,1968-06-10,0.125,
05OF014,1968-07-10,0.006000000052154064,
05OF014,1968-08-10,0.8500000238418579,E
05OF014,1968-09-10,6.460000038146973,
05OF014,1968-10-10,0.289000004529953,
05OF014,1969-03-10,0.0,B
05OF014,1969-04-10,53.0,B
05OF014,1969-05-10,1.6399999856948853,E
05OF014,1969-06-10,0.22699999809265137,E
05OF014,1969-07-10,2.069999933242798,
05OF014,1969-08-10,0.10199999809265135,
05OF014,1969-09-10,0.04800000041723251,
05OF014,1969-10-10,0.04800000041723251,
05OF014,1970-03-10,0.0,B
05OF014,1970-04-10,0.0,B
05OF014,1970-05-10,8.180000305175781,
05OF014,1970-06-10,0.6740000247955322,
05OF014,1970-07-10,0.5239999890327454,
05OF014,1970-08-10,0.2070000022649765,
05OF014,1970-09-10,0.03700000047683716,
05OF014,1970-10-10,0.0,
05OF014,1971-03-10,0.0,B
05OF014,1971-04-10,44.20000076293945,B
05OF014,1971-05-10,0.4760000109672546,E
05OF014,1971-06-10,0.4189999997615814,
05OF014,1971-07-10,0.12200000137090684,E
05OF014,1971-08-10,0.0,
05OF014,1971-09-10,0.0,
05OF014,1971-10-10,0.07400000095367432,E
05OF014,1972-03-10,0.0,B
05OF014,1972-04-10,3.619999885559082,B
05OF014,1972-05-10,0.5659999847412109,
05OF014,1972-06-10,0.07100000232458115,
05OF014,1972-07-10,0.4449999928474426,
05OF014,1972-08-10,0.2240000069141388,
05OF014,1972-09-10,0.12700000405311584,
05OF014,1972-10-10,0.03999999910593033,E
05OF014,1973-03-10,0.0,B
05OF014,1973-04-10,0.1469999998807907,
05OF014,1973-05-10,0.017000000923871994,
05OF014,1973-06-10,0.0,
05OF014,1973-07-10,0.027000000700354576,
05OF014,1973-08-10,0.0,
05OF014,1973-09-10,0.0,
05OF014,1973-10-10,0.014000000432133676,
05OF014,1974-03-10,0.0,B
05OF014,1974-04-10,0.0,B
05OF014,1974-05-10,0.8980000019073486,
05OF014,1974-06-10,0.8980000019073486,
05OF014,1974-07-10,0.20399999618530276,E
05OF014,1974-08-10,0.0,
05OF014,1974-09-10,0.027000000700354576,
05OF014,1974-10-10,0.0,
05OF014,1975-03-10,0.0,B
05OF014,1975-04-10,0.0,B
05OF014,1975-05-10,0.42800000309944153,
05OF014,1975-06-10,0.0820000022649765,
05OF014,1975-07-10,0.17299999296665192,
05OF014,1975-08-10,0.0,E
05OF014,1975-09-10,0.0,
05OF014,1975-10-10,0.0,
05OF014,1976-03-10,0.0,B
05OF014,1976-04-10,9.489999771118164,
05OF014,1976-05-10,0.2750000059604645,
05OF014,1976-06-10,0.09300000220537186,
05OF014,1976-07-10,0.0,
05OF014,1976-08-10,0.0,
05OF014,1976-09-10,0.0,
05OF014,1976-10-10,0.0,
05OF014,1977-03-10,0.0,B
05OF014,1977-04-10,0.8500000238418579,B
05OF014,1977-05-10,0.02199999988079071,
05OF014,1977-06-10,0.0,
05OF014,1977-07-10,0.03400000184774399,
05OF014,1977-08-10,0.0,
05OF014,1977-09-10,0.09300000220537186,
05OF014,1977-10-10,0.1589999943971634,
05OF014,1978-03-10,0.0,B
05OF014,1978-04-10,18.299999237060547,B
05OF014,1978-05-10,0.597000002861023,E
05OF014,1978-06-10,0.17599999904632568,
05OF014,1978-07-10,0.0,
05OF014,1978-08-10,0.0,
05OF014,1978-09-10,0.0,
05OF014,1978-10-10,0.024000000208616257,
05OF014,1979-03-10,0.0,B
05OF014,1979-04-10,0.0,B
05OF014,1979-06-10,0.6209999918937683,
05OF014,1979-07-10,0.25699999928474426,
05OF014,1979-08-10,0.02500000037252903,
05OF014,1979-09-10,0.0,
05OF014,1979-10-10,0.0,
05OF014,1980-03-10,0.0,B
05OF014,1980-04-10,1.6699999570846558,B
05OF014,1980-05-10,0.0,
05OF014,1980-06-10,0.0,
05OF014,1980-07-10,0.0,
05OF014,1980-08-10,0.0,
05OF014,1980-09-10,0.0,
05OF014,1980-10-10,0.0,
05OF014,1981-03-10,0.10499999672174454,B
05OF014,1981-04-10,0.0560000017285347,
05OF014,1981-05-10,0.0,
05OF014,1981-06-10,0.0,
05OF014,1981-07-10,0.0,
05OF014,1981-08-10,0.09200000017881392,
05OF014,1981-09-10,0.0,
05OF014,1981-10-10,0.0,
05OF014,1982-03-10,0.0,B
05OF014,1982-04-10,2.0799999237060547,B
05OF014,1982-05-10,0.003000000026077032,
05OF014,1982-06-10,0.054999999701976776,
05OF014,1982-07-10,0.0,
05OF014,1982-08-10,0.0,
05OF014,1982-09-10,0.0,
05OF014,1982-10-10,0.0,
05OF014,1983-03-10,0.6000000238418579,B
05OF014,1983-04-10,10.600000381469728,
05OF014,1983-05-10,0.03700000047683716,
05OF014,1983-06-10,0.003000000026077032,E
05OF014,1983-07-10,0.0020000000949949026,
05OF014,1983-08-10,0.0,
05OF014,1983-09-10,0.0,
05OF014,1983-10-10,0.0,
05OF014,1984-03-10,0.0,B
05OF014,1984-04-10,0.1850000023841858,
05OF014,1984-05-10,0.06199999898672104,E
05OF014,1984-06-10,0.004999999888241291,
05OF014,1984-07-10,0.0,
05OF014,1984-08-10,0.0,
05OF014,1984-09-10,0.0,
05OF014,1984-10-10,0.0,
05OF014,1985-03-10,0.0,B
05OF014,1985-04-10,0.7360000014305115,
05OF014,1985-05-10,0.2189999967813492,
05OF014,1985-06-10,0.0,
05OF014,1985-07-10,0.22699999809265137,
05OF014,1985-08-10,0.0,
05OF014,1985-09-10,0.5189999938011169,
05OF014,1985-10-10,0.15800000727176666,
05OF014,1986-03-10,0.0,B
05OF014,1986-04-10,1.0099999904632568,
05OF014,1986-05-10,6.650000095367432,
05OF014,1986-06-10,0.06800000369548798,
05OF014,1986-07-10,0.11400000005960464,
05OF014,1986-08-10,0.0,E
05OF014,1986-09-10,0.0,E
05OF014,1986-10-10,0.0,
05OF014,1987-03-10,0.0,B
05OF014,1987-04-10,6.199999809265137,
05OF014,1987-05-10,0.07400000095367432,
05OF014,1987-06-10,0.0,
05OF014,1987-07-10,0.0,
05OF014,1987-08-10,0.0,
05OF014,1987-09-10,0.029999999329447743,
05OF014,1987-10-10,0.0,
05OF014,1988-03-10,0.029999999329447743,B
05OF014,1988-04-10,0.515999972820282,B
05OF014,1988-05-10,0.0,
05OF014,1988-06-10,0.0,
05OF014,1988-07-10,0.0,
05OF014,1988-08-10,0.0,
05OF014,1988-09-10,0.0,
05OF014,1988-10-10,0.0,
05OF014,1989-03-10,0.0,B
05OF014,1989-04-10,0.0,B
05OF014,1989-05-10,0.04800000041723251,A
05OF014,1989-06-10,0.0,
05OF014,1989-07-10,0.0,
05OF014,1989-08-10,0.0,
05OF014,1989-09-10,0.0,
05OF014,1989-10-10,0.0,
05OF014,1990-03-10,0.0,B
05OF014,1990-04-10,1.8200000524520876,B
05OF014,1990-05-10,0.04199999943375588,
05OF014,1990-06-10,0.5830000042915344,
05OF014,1990-07-10,0.15299999713897705,
05OF014,1990-08-10,0.0,
05OF014,1990-09-10,0.0,
05OF014,1990-10-10,0.0,
05OF014,1991-03-10,0.0,B
05OF014,1991-04-10,0.1550000011920929,
05OF014,1991-05-10,0.6399999856948853,
05OF014,1991-06-10,0.0,
05OF014,1991-07-10,4.809999942779541,
05OF014,1991-08-10,0.05000000074505806,
05OF014,1991-09-10,0.0,
05OF014,1991-10-10,0.0,
05OF014,1992-03-10,11.899999618530272,B
05OF014,1992-04-10,5.849999904632568,
05OF014,1992-05-10,0.10300000011920928,
05OF014,1992-06-10,0.25,
05OF014,1992-07-10,0.16500000655651093,
05OF014,1992-08-10,0.014999999664723871,
05OF014,1992-09-10,0.0010000000474974513,
05OF014,1992-10-10,0.0,
05OF014,1993-03-10,0.0,B
05OF014,1993-04-10,2.640000104904175,
05OF014,1993-05-10,0.14900000393390656,
05OF014,1993-06-10,0.4160000085830689,
05OF014,1993-07-10,0.5139999985694885,
05OF014,1993-08-10,3.289999961853028,
05OF014,1993-09-10,0.3089999854564667,
05OF014,1993-10-10,0.07599999755620956,
05OF014,1994-03-10,0.0,B
05OF014,1994-04-10,0.9290000200271606,
05OF014,1994-05-10,0.6570000052452087,
05OF014,1994-06-10,0.07800000160932541,
05OF014,1994-07-10,0.017000000923871994,
05OF014,1994-08-10,0.009999999776482582,
05OF014,1994-09-10,0.0949999988079071,
05OF014,1994-10-10,8.069999694824219,E
05OF014,1995-03-10,0.03200000151991844,B
05OF014,1995-04-10,3.5299999713897705,B
05OF014,1995-05-10,3.640000104904175,
05OF014,1995-06-10,0.6660000085830688,
05OF014,1995-07-10,0.08799999952316284,
05OF014,1995-08-10,0.0,
05OF014,1995-09-10,0.2529999911785126,
05OF014,1995-10-10,0.0,
05OF014,1996-03-10,0.0,B
05OF014,1996-04-10,0.003000000026077032,B
05OF014,1996-05-10,11.399999618530272,
05OF014,1996-06-10,0.7160000205039978,
05OF014,1996-07-10,0.061000000685453415,
05OF014,1996-08-10,2.5799999237060547,
05OF014,1996-09-10,0.020999999716877937,
05OF014,1996-10-10,0.0020000000949949026,
05OF014,1997-03-10,0.0,B
05OF014,1997-04-10,1.100000023841858,B
05OF014,1997-05-10,,
05OF014,1997-06-10,0.5889999866485596,
05OF014,1997-07-10,1.8799999952316284,
05OF014,1997-08-10,0.052000001072883606,
05OF014,1997-09-10,0.0,
05OF014,1997-10-10,0.0,
05OF014,1998-03-10,0.03400000184774399,B
05OF014,1998-04-10,4.690000057220459,
05OF014,1998-05-10,1.4800000190734863,
05OF014,1998-06-10,0.1040000021457672,
05OF014,1998-07-10,0.1459999978542328,
05OF014,1998-08-10,0.0010000000474974513,
05OF014,1998-09-10,0.0,
05OF014,1998-10-10,0.0,
05OF014,1999-03-10,0.0,B
05OF014,1999-04-10,3.1600000858306885,
05OF014,1999-05-10,1.0299999713897705,
05OF014,1999-06-10,1.1100000143051147,
05OF014,1999-07-10,0.10999999940395357,
05OF014,1999-08-10,0.0,
05OF014,1999-09-10,0.0,
05OF014,1999-10-10,0.0,
05OF014,2000-03-10,0.5720000267028809,B
05OF014,2000-04-10,0.06599999964237213,
05OF014,2000-05-10,0.0,
05OF014,2000-06-10,0.0,
05OF014,2000-07-10,0.004000000189989805,
05OF014,2000-08-10,0.0,
05OF014,2000-09-10,0.05999999865889549,
05OF014,2000-10-10,0.0,
05OF014,2001-03-10,0.0,B
05OF014,2001-04-10,38.09999847412109,
05OF014,2001-05-10,5.860000133514404,
05OF014,2001-06-10,0.7839999794960022,
05OF014,2001-07-10,0.00800000037997961,
05OF014,2001-08-10,0.11100000143051147,
05OF014,2001-09-10,0.007000000216066837,
05OF014,2001-10-10,0.0,
05OF014,2002-03-10,0.0,B
05OF014,2002-04-10,0.8579999804496765,B
05OF014,2002-05-10,0.10499999672174454,
05OF014,2002-06-10,5.139999866485596,
05OF014,2002-07-10,0.2140000015497208,
05OF014,2002-08-10,0.0,
05OF014,2002-09-10,0.492000013589859,
05OF014,2002-10-10,0.06599999964237213,
05OF014,2003-03-10,0.0,B
05OF014,2003-04-10,0.9240000247955322,
05OF014,2003-05-10,0.054999999701976776,A
05OF014,2003-06-10,0.15700000524520874,
05OF014,2003-07-10,0.1120000034570694,
05OF014,2003-08-10,0.0,
05OF014,2003-09-10,0.0,
05OF014,2003-10-10,0.0,
05OF014,2004-03-10,0.0,B
05OF014,2004-04-10,1.4299999475479126,
05OF014,2004-05-10,0.05299999937415123,
05OF014,2004-06-10,5.110000133514404,
05OF014,2004-07-10,0.6660000085830688,
05OF014,2004-08-10,0.05000000074505806,
05OF014,2004-09-10,0.6650000214576721,
05OF014,2004-10-10,0.10599999874830246,
05OF014,2005-03-10,0.0,B
05OF014,2005-04-10,11.800000190734863,
05OF014,2005-05-10,5.050000190734863,
05OF014,2005-06-10,3.319999933242798,
05OF014,2005-07-10,15.5,A
05OF014,2005-08-10,0.02199999988079071,
05OF014,2005-09-10,0.023000000044703484,
05OF014,2005-10-10,0.090999998152256,
05OF014,2006-03-10,0.05000000074505806,B
05OF014,2006-04-10,18.299999237060547,
05OF014,2006-05-10,2.1600000858306885,
05OF014,2006-06-10,0.05099999904632568,
05OF014,2006-07-10,0.0,A
05OF014,2006-08-10,0.0,
05OF014,2006-09-10,0.0,
05OF014,2006-10-10,0.0,
05OF014,2007-03-10,0.0,B
05OF014,2007-04-10,2.470000028610229,
05OF014,2007-05-10,0.13600000739097595,
05OF014,2007-06-10,1.190000057220459,
05OF014,2007-07-10,1.0800000429153442,A
05OF014,2007-08-10,0.03200000151991844,
05OF014,2007-09-10,0.07199999690055847,
05OF014,2007-10-10,0.006000000052154064,
05OF014,2008-03-10,0.0,B
05OF014,2008-04-10,2.7300000190734863,B
05OF014,2008-05-10,0.37299999594688416,
05OF014,2008-06-10,2.299999952316284,
05OF014,2008-07-10,0.1420000046491623,
05OF014,2008-08-10,0.0,
05OF014,2008-09-10,0.0,
05OF014,2008-10-10,0.04399999976158142,
05OF014,2009-03-10,0.0,B
05OF014,2009-04-10,18.600000381469727,B
05OF014,2009-05-10,,
05OF014,2009-06-10,1.7899999618530271,
05OF014,2009-07-10,0.04100000113248825,
05OF014,2009-08-10,0.007000000216066837,
05OF014,2009-09-10,0.0010000000474974513,
05OF014,2009-10-10,0.04600000008940697,
05OF014,2010-03-10,0.0,B
05OF014,2010-04-10,1.149999976158142,
05OF014,2010-05-10,2.559999942779541,
05OF014,2010-06-10,0.39500001072883606,
05OF014,2010-07-10,0.09799999743700027,
05OF014,2010-08-10,0.05999999865889549,
05OF014,2010-09-10,3.390000104904175,
05OF014,2010-10-10,0.5799999833106995,
05OF014,2011-03-10,0.0729999989271164,B
05OF014,2011-04-10,27.700000762939453,
05OF014,2011-05-10,,
05OF014,2011-06-10,2.630000114440918,E
05OF014,2011-07-10,0.7580000162124634,
05OF014,2011-08-10,0.15000000596046448,
05OF014,2011-09-10,0.0,
05OF014,2011-10-10,0.02199999988079071,
05OF014,2012-03-10,0.0,B
05OF014,2012-04-10,0.057999998331069946,
05OF014,2012-05-10,0.15000000596046448,
05OF014,2012-06-10,0.1330000013113022,
05OF014,2012-07-10,0.04199999943375588,
05OF014,2012-08-10,0.0,
05OF014,2012-09-10,0.0,
05OF014,2012-10-10,0.0,
05OF014,2013-03-10,0.0,B
05OF014,2013-04-10,0.0,B
05OF014,2013-05-10,3.3299999237060547,
05OF014,2013-06-10,2.319999933242798,
05OF014,2013-07-10,0.375,
05OF014,2013-08-10,0.11599999666213988,
05OF014,2013-09-10,0.05900000035762787,
05OF014,2013-10-10,0.006000000052154064,
05OF014,2014-03-10,0.0,B
05OF014,2014-04-10,0.03099999949336052,B
05OF014,2014-05-10,0.8949999809265137,
05OF014,2014-06-10,0.453000009059906,
05OF014,2014-07-10,0.2140000015497208,A
05OF014,2014-08-10,0.0,
05OF014,2014-09-10,0.0,
05OF014,2014-10-10,0.0,
05OF014,2015-03-10,0.0,B
05OF014,2015-04-10,0.029999999329447743,
05OF014,2015-05-10,0.19200000166893005,A
05OF014,2015-06-10,0.25,A
05OF014,2015-07-10,0.02500000037252903,A
05OF014,2015-08-10,0.0020000000949949026,
05OF014,2015-09-10,0.027000000700354576,
05OF014,2015-10-10,0.0010000000474974513,
05OF014,2016-03-10,0.0010000000474974513,B
05OF014,2016-04-10,0.09399999678134918,
05OF014,2016-05-10,0.09399999678134918,
05OF014,2016-06-10,0.1860000044107437,
05OF014,2016-07-10,0.08699999749660492,
05OF014,2016-08-10,0.4399999976158142,
05OF014,2016-09-10,0.003000000026077032,
05OF014,2016-10-10,0.04199999943375588,
05OF014,2017-03-10,0.003000000026077032,B
05OF014,2017-04-10,2.9200000762939453,
05OF014,2017-05-10,0.17399999499320984,
05OF014,2017-06-10,0.4020000100135803,
05OF014,2017-07-10,0.4059999883174896,
05OF014,2017-08-10,0.0,
05OF014,2017-09-10,0.0,
05OF014,2017-10-10,0.0,
05OF014,2018-03-10,,
05OF014,2018-04-10,,
05OF014,2018-06-10,,
05OF014,2018-07-10,0.0020000000949949026,
05OF014,2018-08-10,0.0,
05OF014,2018-09-10,0.0,
05OF014,2018-10-10,0.0,
05OF014,2019-03-10,0.0,B
05OF014,2019-04-10,1.1699999570846558,B
05OF014,2019-05-10,,
05OF014,2019-06-10,0.0,
05OF014,2019-07-10,0.0,
05OF014,2019-08-10,0.0,
05OF014,2019-09-10,0.0,
05OF014,2019-10-10,1.1799999475479126,
05OF014,2019-11-10,0.20399999618530276,B
05OF014,2020-03-10,0.0,B
05OF014,2020-04-10,,
05OF014,2020-05-10,0.00800000037997961,
05OF014,2020-06-10,0.024000000208616257,
05OF014,2020-07-10,0.0,
05OF014,2020-08-10,0.0,
05OF014,2020-09-10,0.0,
05OF014,2020-10-10,0.0,
05OF014,2021-02-10,,
05OF014,2021-03-10,0.3490000069141388,B
05OF014,2021-04-10,0.007000000216066837,
05OF014,2021-05-10,0.09200000017881392,
05OF014,2021-06-10,0.10899999737739564,
05OF014,2021-07-10,0.003000000026077032,
05OF014,2021-08-10,0.0,
05OF014,2021-09-10,0.0,
05OF014,2021-10-10,0.0,
05OF014,2022-03-10,0.0,B
05OF014,2022-04-10,31.5,B
05OF014,2022-05-10,,
05OF014,2022-06-10,,
05OF014,2022-07-10,0.6039999723434448,
05OF014,2022-08-10,0.004999999888241291,
05OF014,2022-09-10,0.0,
05OF014,2022-10-10,0.0,
05OF014,2023-02-10,,
05OF014,2023-03-10,0.0010000000474974513,B
05OF014,2023-04-10,0.0010000000474974513,B
05OF014,2023-05-10,,
05OF014,2023-06-10,0.4429999887943268,
05OF014,2023-07-10,0.06499999761581421,
05OF014,2023-08-10,0.0,
05OF014,2023-09-10,0.0,
05OF014,2023-10-10,0.0,
05OF014,2024-03-10,0.0,B
05OF014,2024-04-10,1.0700000524520874,B
05OF014,2024-05-10,1.399999976158142,
05OF014,2024-06-10,0.39800000190734863,
05OF014,2024-07-10,2.630000114440918,E
05OF014,2024-08-10,0.01899999938905239,
05OF014,2024-09-10,0.08299999684095383,
05OF014,2024-10-10,0.02500000037252903,
05OF014,1960-03-11,0.0,B
05OF014,1960-04-11,24.899999618530277,
05OF014,1960-05-11,0.8830000162124634,
05OF014,1960-06-11,0.08500000089406967,
05OF014,1960-07-11,0.006000000052154064,
05OF014,1960-08-11,0.0,
05OF014,1960-09-11,0.0,
05OF014,1960-10-11,0.0,
05OF014,1961-03-11,0.0,B
05OF014,1961-04-11,1.2200000286102295,
05OF014,1961-05-11,0.03700000047683716,E
05OF014,1961-06-11,0.0,
05OF014,1961-07-11,0.0,
05OF014,1961-08-11,0.0,
05OF014,1961-09-11,0.0,
05OF014,1961-10-11,0.0,
05OF014,1962-03-11,0.0,
05OF014,1962-04-11,0.0,
05OF014,1962-05-11,1.5,
05OF014,1962-06-11,0.5659999847412109,
05OF014,1962-07-11,0.017000000923871994,E
05OF014,1962-08-11,0.019999999552965164,
05OF014,1962-09-11,0.0,
05OF014,1962-10-11,0.0,
05OF014,1963-03-11,0.0,B
05OF014,1963-04-11,0.2070000022649765,E
05OF014,1963-05-11,0.0,
05OF014,1963-06-11,2.450000047683716,
05OF014,1963-07-11,0.1809999942779541,E
05OF014,1963-08-11,0.0,
05OF014,1963-09-11,0.0,
05OF014,1963-10-11,0.0,
05OF014,1964-03-11,0.0,B
05OF014,1964-04-11,11.0,B
05OF014,1964-05-11,0.1330000013113022,
05OF014,1964-06-11,0.0,
05OF014,1964-07-11,0.014000000432133676,
05OF014,1964-08-11,0.0,
05OF014,1964-09-11,0.17599999904632568,E
05OF014,1964-10-11,0.02800000086426735,E
05OF014,1965-03-11,0.0,B
05OF014,1965-04-11,38.20000076293945,B
05OF014,1965-05-11,1.100000023841858,
05OF014,1965-06-11,0.33399999141693115,E
05OF014,1965-07-11,0.02500000037252903,
05OF014,1965-08-11,0.0,
05OF014,1965-09-11,0.0,
05OF014,1965-10-11,0.0,
05OF014,1966-03-11,0.0,B
05OF014,1966-04-11,0.0,
05OF014,1966-05-11,0.6909999847412109,E
05OF014,1966-06-11,0.0,
05OF014,1966-07-11,8.920000076293945,E
05OF014,1966-08-11,0.0,
05OF014,1966-09-11,0.0,
05OF014,1966-10-11,0.0,
05OF014,1967-03-11,0.0,B
05OF014,1967-04-11,6.400000095367432,B
05OF014,1967-05-11,2.789999961853028,
05OF014,1967-06-11,0.12200000137090684,
05OF014,1967-07-11,0.02800000086426735,
05OF014,1967-08-11,0.0,
05OF014,1967-09-11,0.0,
05OF014,1967-10-11,0.0,
05OF014,1968-03-11,0.0,B
05OF014,1968-04-11,0.597000002861023,B
05OF014,1968-05-11,0.33399999141693115,
05OF014,1968-06-11,0.10499999672174454,
05OF014,1968-07-11,0.003000000026077032,E
05OF014,1968-08-11,0.75,E
05OF014,1968-09-11,3.849999904632568,
05OF014,1968-10-11,0.2630000114440918,
05OF014,1969-03-11,0.0,B
05OF014,1969-04-11,53.5,B
05OF014,1969-05-11,1.590000033378601,E
05OF014,1969-06-11,0.22699999809265137,E
05OF014,1969-07-11,1.830000042915344,E
05OF014,1969-08-11,0.0820000022649765,E
05OF014,1969-09-11,0.02800000086426735,
05OF014,1969-10-11,0.04500000178813934,
05OF014,1970-03-11,0.0,B
05OF014,1970-04-11,0.0,B
05OF014,1970-05-11,8.890000343322754,
05OF014,1970-06-11,2.0199999809265137,
05OF014,1970-07-11,0.4050000011920929,
05OF014,1970-08-11,0.17000000178813934,
05OF014,1970-09-11,0.0,
05OF014,1970-10-11,0.0,
05OF014,1971-03-11,0.0,B
05OF014,1971-04-11,116.0,
05OF014,1971-05-11,0.4760000109672546,
05OF014,1971-06-11,0.32600000500679016,
05OF014,1971-07-11,0.0989999994635582,E
05OF014,1971-08-11,0.0,
05OF014,1971-09-11,0.0,
05OF014,1971-10-11,0.0820000022649765,
05OF014,1972-03-11,0.0,B
05OF014,1972-04-11,7.960000038146973,B
05OF014,1972-05-11,0.546999990940094,
05OF014,1972-06-11,0.05099999904632568,
05OF014,1972-07-11,0.421999990940094,
05OF014,1972-08-11,0.2409999966621399,
05OF014,1972-09-11,0.12200000137090684,
05OF014,1972-10-11,0.05900000035762787,
05OF014,1973-03-11,0.0,B
05OF014,1973-04-11,0.12200000137090684,
05OF014,1973-05-11,0.014000000432133676,
05OF014,1973-06-11,0.0,
05OF014,1973-07-11,0.02800000086426735,
05OF014,1973-08-11,0.0,
05OF014,1973-09-11,0.0,
05OF014,1973-10-11,0.0130000002682209,
05OF014,1974-03-11,0.0,B
05OF014,1974-04-11,0.0,B
05OF014,1974-05-11,0.8550000190734863,
05OF014,1974-06-11,0.8640000224113464,
05OF014,1974-07-11,0.1979999989271164,E
05OF014,1974-08-11,0.0,
05OF014,1974-09-11,0.027000000700354576,
05OF014,1974-10-11,0.0,
05OF014,1975-03-11,0.0,B
05OF014,1975-04-11,0.0,B
05OF014,1975-05-11,0.37700000405311584,
05OF014,1975-06-11,0.08799999952316284,
05OF014,1975-07-11,0.09600000083446504,
05OF014,1975-08-11,0.0,
05OF014,1975-09-11,0.0,
05OF014,1975-10-11,0.0,
05OF014,1976-03-11,0.0,B
05OF014,1976-04-11,7.5,
05OF014,1976-05-11,0.23499999940395355,
05OF014,1976-06-11,0.15000000596046448,
05OF014,1976-07-11,0.0,
05OF014,1976-08-11,0.0,
05OF014,1976-09-11,0.0,
05OF014,1976-10-11,0.0,
05OF014,1977-03-11,0.0,B
05OF014,1977-04-11,0.16699999570846558,
05OF014,1977-05-11,0.07400000095367432,
05OF014,1977-06-11,0.0,
05OF014,1977-07-11,0.05400000140070915,
05OF014,1977-08-11,0.0,
05OF014,1977-09-11,0.08799999952316284,
05OF014,1977-10-11,0.13899999856948853,
05OF014,1978-03-11,0.0,B
05OF014,1978-04-11,13.800000190734863,B
05OF014,1978-05-11,0.5659999847412109,E
05OF014,1978-06-11,0.06800000369548798,
05OF014,1978-07-11,0.0,
05OF014,1978-08-11,0.0,
05OF014,1978-09-11,0.0,
05OF014,1978-10-11,0.02500000037252903,
05OF014,1979-03-11,0.0,B
05OF014,1979-04-11,0.0,B
05OF014,1979-06-11,0.5120000243186951,
05OF014,1979-07-11,0.3499999940395355,
05OF014,1979-08-11,0.02199999988079071,
05OF014,1979-09-11,0.0,
05OF014,1979-10-11,0.0,
05OF014,1980-03-11,0.0,B
05OF014,1980-04-11,1.600000023841858,B
05OF014,1980-05-11,0.0,
05OF014,1980-06-11,0.0,
05OF014,1980-07-11,0.0,
05OF014,1980-08-11,0.0,
05OF014,1980-09-11,0.0,
05OF014,1980-10-11,0.0,
05OF014,1981-03-11,0.2450000047683716,B
05OF014,1981-04-11,0.03799999877810478,
05OF014,1981-05-11,0.0,
05OF014,1981-06-11,0.0,
05OF014,1981-07-11,0.003000000026077032,
05OF014,1981-08-11,0.09700000286102296,
05OF014,1981-09-11,0.0,
05OF014,1981-10-11,0.0,
05OF014,1982-03-11,0.0,B
05OF014,1982-04-11,4.829999923706055,B
05OF014,1982-05-11,0.009999999776482582,
05OF014,1982-06-11,0.03400000184774399,
05OF014,1982-07-11,0.0,
05OF014,1982-08-11,0.0,
05OF014,1982-09-11,0.0,
05OF014,1982-10-11,0.0,
05OF014,1983-03-11,0.5,B
05OF014,1983-04-11,8.170000076293945,
05OF014,1983-05-11,0.027000000700354576,
05OF014,1983-06-11,0.0020000000949949026,E
05OF014,1983-07-11,0.02800000086426735,
05OF014,1983-08-11,0.0,
05OF014,1983-09-11,0.0,
05OF014,1983-10-11,0.0,
05OF014,1984-03-11,0.0,B
05OF014,1984-04-11,0.1850000023841858,
05OF014,1984-05-11,0.05900000035762787,E
05OF014,1984-06-11,0.0,
05OF014,1984-07-11,0.0,
05OF014,1984-08-11,0.0,
05OF014,1984-09-11,0.0,
05OF014,1984-10-11,0.0,
05OF014,1985-03-11,0.0,B
05OF014,1985-04-11,0.609000027179718,
05OF014,1985-05-11,0.2759999930858612,
05OF014,1985-06-11,0.0,
05OF014,1985-07-11,0.1710000038146973,
05OF014,1985-08-11,0.0,
05OF014,1985-09-11,0.5180000066757202,
05OF014,1985-10-11,0.18000000715255737,
05OF014,1986-03-11,0.0,B
05OF014,1986-04-11,0.7820000052452087,
05OF014,1986-05-11,5.400000095367432,
05OF014,1986-06-11,0.024000000208616257,
05OF014,1986-07-11,0.020999999716877937,
05OF014,1986-08-11,0.0,E
05OF014,1986-09-11,0.0,E
05OF014,1986-10-11,0.0,
05OF014,1987-03-11,0.0,B
05OF014,1987-04-11,4.380000114440918,
05OF014,1987-05-11,0.05900000035762787,
05OF014,1987-06-11,0.0,
05OF014,1987-07-11,0.0,
05OF014,1987-08-11,0.0,
05OF014,1987-09-11,0.02500000037252903,
05OF014,1987-10-11,0.0,
05OF014,1988-03-11,0.10999999940395357,B
05OF014,1988-04-11,0.6100000143051147,B
05OF014,1988-05-11,0.0,
05OF014,1988-06-11,0.0,
05OF014,1988-07-11,0.0,
05OF014,1988-08-11,0.0,
05OF014,1988-09-11,0.0,
05OF014,1988-10-11,0.0,
05OF014,1989-03-11,0.0,B
05OF014,1989-04-11,0.0,B
05OF014,1989-05-11,0.04199999943375588,A
05OF014,1989-06-11,0.0,
05OF014,1989-07-11,0.0,
05OF014,1989-08-11,0.0,
05OF014,1989-09-11,0.0,
05OF014,1989-10-11,0.0,
05OF014,1990-03-11,0.0,B
05OF014,1990-04-11,1.4700000286102295,B
05OF014,1990-05-11,0.04100000113248825,
05OF014,1990-06-11,0.44699999690055847,
05OF014,1990-07-11,0.12099999934434892,
05OF014,1990-08-11,0.0,
05OF014,1990-09-11,0.0,
05OF014,1990-10-11,0.0,
05OF014,1991-03-11,0.0,B
05OF014,1991-04-11,0.10199999809265135,
05OF014,1991-05-11,0.44999998807907104,
05OF014,1991-06-11,0.0,
05OF014,1991-07-11,3.819999933242798,
05OF014,1991-08-11,0.08699999749660492,
05OF014,1991-09-11,0.0,
05OF014,1991-10-11,0.0,
05OF014,1992-03-11,8.220000267028809,B
05OF014,1992-04-11,4.090000152587891,
05OF014,1992-05-11,0.09000000357627869,
05OF014,1992-06-11,0.24699999392032623,
05OF014,1992-07-11,0.10899999737739564,
05OF014,1992-08-11,0.007000000216066837,
05OF014,1992-09-11,0.0,
05OF014,1992-10-11,0.0,
05OF014,1993-03-11,0.0,B
05OF014,1993-04-11,2.309999942779541,
05OF014,1993-05-11,0.14900000393390656,
05OF014,1993-06-11,0.3499999940395355,
05OF014,1993-07-11,0.5090000033378601,
05OF014,1993-08-11,3.0299999713897705,
05OF014,1993-09-11,0.2849999964237213,
05OF014,1993-10-11,0.057999998331069946,
05OF014,1994-03-11,0.0,B
05OF014,1994-04-11,0.8849999904632568,
05OF014,1994-05-11,0.6129999756813049,
05OF014,1994-06-11,0.0820000022649765,
05OF014,1994-07-11,0.008999999612569809,
05OF014,1994-08-11,0.009999999776482582,
05OF014,1994-09-11,0.07800000160932541,
05OF014,1994-10-11,5.800000190734863,E
05OF014,1995-03-11,0.10599999874830246,B
05OF014,1995-04-11,4.480000019073486,B
05OF014,1995-05-11,3.5799999237060547,
05OF014,1995-06-11,0.6129999756813049,
05OF014,1995-07-11,0.06300000101327896,
05OF014,1995-08-11,0.0,
05OF014,1995-09-11,0.1850000023841858,
05OF014,1995-10-11,0.0020000000949949026,
05OF014,1996-03-11,0.0,B
05OF014,1996-04-11,0.009999999776482582,B
05OF014,1996-05-11,10.5,
05OF014,1996-06-11,0.6050000190734863,
05OF014,1996-07-11,0.0689999982714653,
05OF014,1996-08-11,1.600000023841858,
05OF014,1996-09-11,0.014000000432133676,
05OF014,1996-10-11,0.0,
05OF014,1997-03-11,0.0,B
05OF014,1997-04-11,1.0,B
05OF014,1997-05-11,,
05OF014,1997-06-11,0.5130000114440918,
05OF014,1997-07-11,1.6799999475479126,
05OF014,1997-08-11,0.03500000014901161,
05OF014,1997-09-11,0.0,
05OF014,1997-10-11,0.0,
05OF014,1998-03-11,0.02500000037252903,B
05OF014,1998-04-11,3.470000028610229,
05OF014,1998-05-11,1.2999999523162842,
05OF014,1998-06-11,0.17900000512599945,
05OF014,1998-07-11,0.14000000059604645,
05OF014,1998-08-11,0.0010000000474974513,
05OF014,1998-09-11,0.0,
05OF014,1998-10-11,0.0,
05OF014,1999-03-11,0.0,B
05OF014,1999-04-11,1.649999976158142,
05OF014,1999-05-11,0.9950000047683716,
05OF014,1999-06-11,1.0,
05OF014,1999-07-11,0.07199999690055847,
05OF014,1999-08-11,0.0020000000949949026,
05OF014,1999-09-11,0.0,
05OF014,1999-10-11,0.0,
05OF014,2000-03-11,0.4070000052452088,B
05OF014,2000-04-11,0.054999999701976776,
05OF014,2000-05-11,0.0,
05OF014,2000-06-11,0.0,
05OF014,2000-07-11,0.003000000026077032,
05OF014,2000-08-11,0.020999999716877937,
05OF014,2000-09-11,0.05000000074505806,
05OF014,2000-10-11,0.0,
05OF014,2001-03-11,0.0,B
05OF014,2001-04-11,28.700000762939453,
05OF014,2001-05-11,6.349999904632568,
05OF014,2001-06-11,0.7670000195503235,
05OF014,2001-07-11,0.00800000037997961,
05OF014,2001-08-11,0.06199999898672104,
05OF014,2001-09-11,0.007000000216066837,
05OF014,2001-10-11,0.0,
05OF014,2002-03-11,0.0,B
05OF014,2002-04-11,1.1799999475479126,B
05OF014,2002-05-11,0.10499999672174454,
05OF014,2002-06-11,56.5,
05OF014,2002-07-11,0.0020000000949949026,
05OF014,2002-08-11,0.0,
05OF014,2002-09-11,0.6399999856948853,
05OF014,2002-10-11,0.06400000303983688,
05OF014,2003-03-11,0.0,B
05OF014,2003-04-11,0.8050000071525574,
05OF014,2003-05-11,0.04399999976158142,
05OF014,2003-06-11,0.1340000033378601,
05OF014,2003-07-11,0.12300000339746477,
05OF014,2003-08-11,0.0,
05OF014,2003-09-11,0.0,
05OF014,2003-10-11,0.0,
05OF014,2004-03-11,0.0,B
05OF014,2004-04-11,1.2000000476837158,
05OF014,2004-05-11,0.08900000154972076,
05OF014,2004-06-11,3.319999933242798,
05OF014,2004-07-11,0.6420000195503235,
05OF014,2004-08-11,0.0430000014603138,
05OF014,2004-09-11,0.4390000104904175,
05OF014,2004-10-11,0.10000000149011612,
05OF014,2005-03-11,0.0,B
05OF014,2005-04-11,10.399999618530272,
05OF014,2005-05-11,3.609999895095825,
05OF014,2005-06-11,3.930000066757202,
05OF014,2005-07-11,13.0,
05OF014,2005-08-11,0.017999999225139618,
05OF014,2005-09-11,0.01899999938905239,
05OF014,2005-10-11,0.07199999690055847,
05OF014,2006-03-11,0.05000000074505806,B
05OF014,2006-04-11,9.529999732971191,
05OF014,2006-05-11,2.039999961853028,
05OF014,2006-06-11,0.03500000014901161,
05OF014,2006-07-11,0.0,
05OF014,2006-08-11,0.0,
05OF014,2006-09-11,0.0,
05OF014,2006-10-11,0.0,
05OF014,2007-03-11,0.0,B
05OF014,2007-04-11,2.2300000190734863,
05OF014,2007-05-11,0.12999999523162842,
05OF014,2007-06-11,1.809999942779541,
05OF014,2007-07-11,4.679999828338623,
05OF014,2007-08-11,0.06400000303983688,A
05OF014,2007-09-11,0.0560000017285347,
05OF014,2007-10-11,0.0020000000949949026,
05OF014,2008-03-11,0.0,B
05OF014,2008-04-11,2.990000009536743,B
05OF014,2008-05-11,0.10199999809265135,
05OF014,2008-06-11,1.0499999523162842,
05OF014,2008-07-11,0.1289999932050705,
05OF014,2008-08-11,0.0,
05OF014,2008-09-11,0.0,
05OF014,2008-10-11,0.02199999988079071,
05OF014,2009-03-11,0.0,B
05OF014,2009-04-11,,
05OF014,2009-05-11,,
05OF014,2009-06-11,1.7400000095367432,
05OF014,2009-07-11,0.02199999988079071,
05OF014,2009-08-11,0.0,
05OF014,2009-09-11,0.039000000804662704,
05OF014,2009-10-11,0.03500000014901161,
05OF014,2010-03-11,0.0,B
05OF014,2010-04-11,1.0099999904632568,
05OF014,2010-05-11,2.289999961853028,
05OF014,2010-06-11,0.3709999918937683,
05OF014,2010-07-11,0.07100000232458115,
05OF014,2010-08-11,0.0430000014603138,
05OF014,2010-09-11,5.320000171661377,
05OF014,2010-10-11,0.5230000019073486,
05OF014,2011-03-11,0.07500000298023224,B
05OF014,2011-04-11,24.5,
05OF014,2011-05-11,,
05OF014,2011-06-11,2.3399999141693115,E
05OF014,2011-07-11,0.7269999980926514,
05OF014,2011-08-11,0.14100000262260437,
05OF014,2011-09-11,0.0,
05OF014,2011-10-11,0.026000000536441803,
05OF014,2012-03-11,0.0,B
05OF014,2012-04-11,0.054999999701976776,
05OF014,2012-05-11,0.125,
05OF014,2012-06-11,0.12099999934434892,
05OF014,2012-07-11,0.03700000047683716,
05OF014,2012-08-11,0.0,
05OF014,2012-09-11,0.0,
05OF014,2012-10-11,0.0,
05OF014,2013-03-11,0.0,B
05OF014,2013-04-11,0.0,B
05OF014,2013-05-11,2.950000047683716,
05OF014,2013-06-11,2.319999933242798,
05OF014,2013-07-11,0.30799999833106995,
05OF014,2013-08-11,0.1169999986886978,
05OF014,2013-09-11,0.05299999937415123,
05OF014,2013-10-11,0.007000000216066837,
05OF014,2014-03-11,0.0,B
05OF014,2014-04-11,2.700000047683716,B
05OF014,2014-05-11,0.9010000228881836,
05OF014,2014-06-11,0.3889999985694885,
05OF014,2014-07-11,0.1770000010728836,
05OF014,2014-08-11,0.0,
05OF014,2014-09-11,0.0,
05OF014,2014-10-11,0.0,
05OF014,2015-03-11,0.0,B
05OF014,2015-04-11,0.010999999940395355,
05OF014,2015-05-11,0.16699999570846558,A
05OF014,2015-06-11,0.1770000010728836,A
05OF014,2015-07-11,0.03400000184774399,E
05OF014,2015-08-11,0.0010000000474974513,
05OF014,2015-09-11,0.017000000923871994,
05OF014,2015-10-11,0.0010000000474974513,
05OF014,2016-03-11,0.006000000052154064,B
05OF014,2016-04-11,0.04699999839067459,
05OF014,2016-05-11,0.0860000029206276,
05OF014,2016-06-11,0.12700000405311584,
05OF014,2016-07-11,0.125,
05OF014,2016-08-11,0.38199999928474426,
05OF014,2016-09-11,0.0020000000949949026,
05OF014,2016-10-11,0.032999999821186066,
05OF014,2017-03-11,0.0020000000949949026,B
05OF014,2017-04-11,2.180000066757202,
05OF014,2017-05-11,0.1430000066757202,
05OF014,2017-06-11,0.6809999942779541,
05OF014,2017-07-11,0.3700000047683716,
05OF014,2017-08-11,0.0,
05OF014,2017-09-11,0.0,
05OF014,2017-10-11,0.0,
05OF014,2018-03-11,,
05OF014,2018-04-11,,
05OF014,2018-06-11,,
05OF014,2018-07-11,0.006000000052154064,
05OF014,2018-08-11,0.0,
05OF014,2018-09-11,0.0,
05OF014,2018-10-11,0.0,
05OF014,2019-03-11,0.0,B
05OF014,2019-04-11,1.090000033378601,B
05OF014,2019-05-11,,
05OF014,2019-06-11,0.0,
05OF014,2019-07-11,0.0,
05OF014,2019-08-11,0.0,
05OF014,2019-09-11,0.0,
05OF014,2019-10-11,0.99099999666214,
05OF014,2019-11-11,0.17000000178813934,B
05OF014,2020-03-11,0.0,B
05OF014,2020-04-11,,
05OF014,2020-05-11,0.003000000026077032,
05OF014,2020-06-11,0.026000000536441803,
05OF014,2020-07-11,0.0,
05OF014,2020-08-11,0.0,
05OF014,2020-09-11,0.0,
05OF014,2020-10-11,0.0,
05OF014,2021-02-11,,
05OF014,2021-03-11,0.210999995470047,B
05OF014,2021-04-11,0.004999999888241291,
05OF014,2021-05-11,0.0820000022649765,
05OF014,2021-06-11,0.06199999898672104,
05OF014,2021-07-11,0.0010000000474974513,
05OF014,2021-08-11,0.0,
05OF014,2021-09-11,0.0,
05OF014,2021-10-11,0.0,
05OF014,2022-03-11,0.0,B
05OF014,2022-04-11,19.700000762939453,B
05OF014,2022-05-11,,
05OF014,2022-06-11,3.190000057220459,A
05OF014,2022-07-11,0.5799999833106995,
05OF014,2022-08-11,0.0020000000949949026,
05OF014,2022-09-11,0.0,
05OF014,2022-10-11,0.0,
05OF014,2023-02-11,,
05OF014,2023-03-11,0.0020000000949949026,B
05OF014,2023-04-11,0.0020000000949949026,B
05OF014,2023-05-11,,
05OF014,2023-06-11,0.4449999928474426,
05OF014,2023-07-11,0.04899999871850014,
05OF014,2023-08-11,0.0,
05OF014,2023-09-11,0.0,
05OF014,2023-10-11,0.0,
05OF014,2024-03-11,0.014999999664723871,B
05OF014,2024-04-11,0.6959999799728394,B
05OF014,2024-05-11,1.3700000047683716,
05OF014,2024-06-11,0.4359999895095825,
05OF014,2024-07-11,1.7599999904632568,E
05OF014,2024-08-11,0.02199999988079071,
05OF014,2024-09-11,0.07199999690055847,
05OF014,2024-10-11,0.026000000536441803,
05OF014,1960-03-12,0.0,B
05OF014,1960-04-12,18.100000381469727,
05OF014,1960-05-12,1.100000023841858,
05OF014,1960-06-12,0.08500000089406967,
05OF014,1960-07-12,0.003000000026077032,
05OF014,1960-08-12,0.0,
05OF014,1960-09-12,0.0,
05OF014,1960-10-12,0.0,
05OF014,1961-03-12,0.0,B
05OF014,1961-04-12,1.2200000286102295,
05OF014,1961-05-12,0.02800000086426735,
05OF014,1961-06-12,0.0,
05OF014,1961-07-12,0.0,
05OF014,1961-08-12,0.0,
05OF014,1961-09-12,0.0,
05OF014,1961-10-12,0.0,
05OF014,1962-03-12,0.0,
05OF014,1962-04-12,0.0,
05OF014,1962-05-12,1.5099999904632568,
05OF014,1962-06-12,0.4699999988079071,
05OF014,1962-07-12,0.010999999940395355,
05OF014,1962-08-12,0.017000000923871994,
05OF014,1962-09-12,0.0,
05OF014,1962-10-12,0.0,
05OF014,1963-03-12,0.0,B
05OF014,1963-04-12,0.16099999845027924,
05OF014,1963-05-12,0.0,
05OF014,1963-06-12,2.0,E
05OF014,1963-07-12,0.3619999885559082,
05OF014,1963-08-12,0.0,
05OF014,1963-09-12,0.0,
05OF014,1963-10-12,0.0,
05OF014,1964-03-12,0.0,B
05OF014,1964-04-12,10.800000190734863,B
05OF014,1964-05-12,0.12700000405311584,
05OF014,1964-06-12,0.0,
05OF014,1964-07-12,0.014000000432133676,
05OF014,1964-08-12,0.0,
05OF014,1964-09-12,0.17599999904632568,E
05OF014,1964-10-12,0.02800000086426735,E
05OF014,1965-03-12,0.0,B
05OF014,1965-04-12,36.5,B
05OF014,1965-05-12,0.902999997138977,E
05OF014,1965-06-12,0.289000004529953,
05OF014,1965-07-12,0.023000000044703484,
05OF014,1965-08-12,0.0,
05OF014,1965-09-12,0.0,
05OF014,1965-10-12,0.0,
05OF014,1966-03-12,0.0,B
05OF014,1966-04-12,0.0,
05OF014,1966-05-12,0.4930000007152557,E
05OF014,1966-06-12,0.0,
05OF014,1966-07-12,7.019999980926514,E
05OF014,1966-08-12,0.0,
05OF014,1966-09-12,0.0,
05OF014,1966-10-12,0.0,
05OF014,1967-03-12,0.0,B
05OF014,1967-04-12,7.619999885559082,B
05OF014,1967-05-12,2.75,
05OF014,1967-06-12,0.125,
05OF014,1967-07-12,0.019999999552965164,E
05OF014,1967-08-12,0.0,
05OF014,1967-09-12,0.0,
05OF014,1967-10-12,0.0,
05OF014,1968-03-12,0.0,B
05OF014,1968-04-12,0.6060000061988831,E
05OF014,1968-05-12,0.42500001192092896,E
05OF014,1968-06-12,0.08799999952316284,
05OF014,1968-07-12,0.0,
05OF014,1968-08-12,0.6539999842643738,
05OF014,1968-09-12,2.789999961853028,
05OF014,1968-10-12,0.27799999713897705,E
05OF014,1969-03-12,0.0,B
05OF014,1969-04-12,54.09999847412109,B
05OF014,1969-05-12,1.5299999713897705,
05OF014,1969-06-12,0.22699999809265137,
05OF014,1969-07-12,1.600000023841858,E
05OF014,1969-08-12,0.06199999898672104,
05OF014,1969-09-12,0.03700000047683716,E
05OF014,1969-10-12,0.03700000047683716,E
05OF014,1970-03-12,0.0,B
05OF014,1970-04-12,0.0,B
05OF014,1970-05-12,12.600000381469728,
05OF014,1970-06-12,3.619999885559082,
05OF014,1970-07-12,0.32600000500679016,
05OF014,1970-08-12,0.15000000596046448,
05OF014,1970-09-12,0.014999999664723871,
05OF014,1970-10-12,0.0,
05OF014,1971-03-12,0.0,B
05OF014,1971-04-12,77.5999984741211,E
05OF014,1971-05-12,0.4129999876022339,
05OF014,1971-06-12,0.2939999997615814,
05OF014,1971-07-12,0.07400000095367432,E
05OF014,1971-08-12,0.0,
05OF014,1971-09-12,0.0,
05OF014,1971-10-12,0.07900000363588333,E
05OF014,1972-03-12,0.0,B
05OF014,1972-04-12,10.800000190734863,B
05OF014,1972-05-12,0.5239999890327454,
05OF014,1972-06-12,0.07400000095367432,E
05OF014,1972-07-12,0.43299999833107,
05OF014,1972-08-12,0.257999986410141,
05OF014,1972-09-12,0.12200000137090684,
05OF014,1972-10-12,0.04199999943375588,
05OF014,1973-03-12,0.0,B
05OF014,1973-04-12,0.12200000137090684,
05OF014,1973-05-12,0.010999999940395355,E
05OF014,1973-06-12,0.0,
05OF014,1973-07-12,0.02500000037252903,
05OF014,1973-08-12,0.0,
05OF014,1973-09-12,0.0,
05OF014,1973-10-12,0.019999999552965164,
05OF014,1974-03-12,0.0,B
05OF014,1974-04-12,0.0,B
05OF014,1974-05-12,0.7760000228881836,
05OF014,1974-06-12,1.0399999618530271,
05OF014,1974-07-12,0.193000003695488,E
05OF014,1974-08-12,0.0,
05OF014,1974-09-12,0.019999999552965164,
05OF014,1974-10-12,0.0,
05OF014,1975-03-12,0.0,B
05OF014,1975-04-12,0.0,B
05OF014,1975-05-12,0.34299999475479126,
05OF014,1975-06-12,0.07100000232458115,
05OF014,1975-07-12,0.09600000083446504,
05OF014,1975-08-12,0.0,
05OF014,1975-09-12,0.0,
05OF014,1975-10-12,0.0,
05OF014,1976-03-12,0.0,B
05OF014,1976-04-12,5.579999923706055,
05OF014,1976-05-12,0.22100000083446503,
05OF014,1976-06-12,0.328000009059906,
05OF014,1976-07-12,0.0,
05OF014,1976-08-12,0.0,
05OF014,1976-09-12,0.0,
05OF014,1976-10-12,0.0,
05OF014,1977-03-12,0.0,B
05OF014,1977-04-12,0.11599999666213988,
05OF014,1977-05-12,0.05400000140070915,
05OF014,1977-06-12,0.0,
05OF014,1977-07-12,0.023000000044703484,
05OF014,1977-08-12,0.0,
05OF014,1977-09-12,0.08500000089406967,
05OF014,1977-10-12,0.1589999943971634,
05OF014,1978-03-12,0.0,B
05OF014,1978-04-12,9.43000030517578,B
05OF014,1978-05-12,0.5350000262260437,A
05OF014,1978-06-12,0.0,
05OF014,1978-07-12,0.0,
05OF014,1978-08-12,0.0,
05OF014,1978-09-12,0.0,
05OF014,1978-10-12,0.017999999225139618,
05OF014,1979-03-12,0.0,B
05OF014,1979-04-12,0.0,B
05OF014,1979-06-12,0.4620000123977661,
05OF014,1979-07-12,0.3630000054836273,
05OF014,1979-08-12,0.019999999552965164,
05OF014,1979-09-12,0.0,
05OF014,1979-10-12,0.0,
05OF014,1980-03-12,0.0,B
05OF014,1980-04-12,1.5499999523162842,B
05OF014,1980-05-12,0.0,
05OF014,1980-06-12,0.0,
05OF014,1980-07-12,0.0,
05OF014,1980-08-12,0.0,
05OF014,1980-09-12,0.0,
05OF014,1980-10-12,0.0,
05OF014,1981-03-12,0.3799999952316284,B
05OF014,1981-04-12,0.01899999938905239,
05OF014,1981-05-12,0.0,
05OF014,1981-06-12,0.0,
05OF014,1981-07-12,0.004999999888241291,
05OF014,1981-08-12,0.0729999989271164,
05OF014,1981-09-12,0.0,
05OF014,1981-10-12,0.0,
05OF014,1982-03-12,0.0,B
05OF014,1982-04-12,8.960000038146973,B
05OF014,1982-05-12,0.014000000432133676,
05OF014,1982-06-12,0.017000000923871994,
05OF014,1982-07-12,0.0,
05OF014,1982-08-12,0.0,
05OF014,1982-09-12,0.0,
05OF014,1982-10-12,0.0,
05OF014,1983-03-12,1.5,B
05OF014,1983-04-12,7.179999828338623,
05OF014,1983-05-12,0.04399999976158142,
05OF014,1983-06-12,0.0,
05OF014,1983-07-12,0.02199999988079071,
05OF014,1983-08-12,0.0,
05OF014,1983-09-12,0.0,
05OF014,1983-10-12,0.0,
05OF014,1984-03-12,0.0,B
05OF014,1984-04-12,0.18700000643730164,
05OF014,1984-05-12,0.05700000002980232,E
05OF014,1984-06-12,0.003000000026077032,
05OF014,1984-07-12,0.0,
05OF014,1984-08-12,0.0,
05OF014,1984-09-12,0.0,
05OF014,1984-10-12,0.0,
05OF014,1985-03-12,0.0,B
05OF014,1985-04-12,0.4839999973773956,
05OF014,1985-05-12,0.26100000739097595,
05OF014,1985-06-12,0.0,
05OF014,1985-07-12,0.12999999523162842,
05OF014,1985-08-12,0.0,
05OF014,1985-09-12,0.44200000166893005,
05OF014,1985-10-12,0.19200000166893005,
05OF014,1986-03-12,0.0,B
05OF014,1986-04-12,0.6129999756813049,
05OF014,1986-05-12,37.20000076293945,
05OF014,1986-06-12,0.007000000216066837,
05OF014,1986-07-12,0.10599999874830246,
05OF014,1986-08-12,0.010999999940395355,E
05OF014,1986-09-12,0.0,E
05OF014,1986-10-12,0.0,
05OF014,1987-03-12,0.0,B
05OF014,1987-04-12,2.990000009536743,
05OF014,1987-05-12,0.04699999839067459,
05OF014,1987-06-12,0.0,
05OF014,1987-07-12,0.0,
05OF014,1987-08-12,0.0,
05OF014,1987-09-12,0.01899999938905239,
05OF014,1987-10-12,0.0,
05OF014,1988-03-12,0.20000000298023224,B
05OF014,1988-04-12,0.47699999809265137,B
05OF014,1988-05-12,0.0,
05OF014,1988-06-12,0.0,
05OF014,1988-07-12,0.0,
05OF014,1988-08-12,0.0,
05OF014,1988-09-12,0.0,
05OF014,1988-10-12,0.0,
05OF014,1989-03-12,0.0,B
05OF014,1989-04-12,0.0,B
05OF014,1989-05-12,0.03599999845027924,A
05OF014,1989-06-12,0.0,
05OF014,1989-07-12,0.0,
05OF014,1989-08-12,0.0,
05OF014,1989-09-12,0.0,
05OF014,1989-10-12,0.0,
05OF014,1990-03-12,0.0,B
05OF014,1990-04-12,1.409999966621399,B
05OF014,1990-05-12,0.03599999845027924,
05OF014,1990-06-12,0.597000002861023,
05OF014,1990-07-12,0.10100000351667404,
05OF014,1990-08-12,0.0,
05OF014,1990-09-12,0.0,
05OF014,1990-10-12,0.0,
05OF014,1991-03-12,0.0,B
05OF014,1991-04-12,0.07000000029802322,
05OF014,1991-05-12,0.2840000092983246,
05OF014,1991-06-12,0.0,
05OF014,1991-07-12,3.0999999046325684,
05OF014,1991-08-12,0.09200000017881392,
05OF014,1991-09-12,0.0,
05OF014,1991-10-12,0.0,
05OF014,1992-03-12,5.940000057220459,B
05OF014,1992-04-12,3.069999933242798,A
05OF014,1992-05-12,0.07900000363588333,
05OF014,1992-06-12,0.2199999988079071,
05OF014,1992-07-12,0.07500000298023224,
05OF014,1992-08-12,0.0,
05OF014,1992-09-12,0.0,
05OF014,1992-10-12,0.0,
05OF014,1993-03-12,0.0,B
05OF014,1993-04-12,2.049999952316284,
05OF014,1993-05-12,1.2799999713897705,
05OF014,1993-06-12,2.809999942779541,
05OF014,1993-07-12,0.460999995470047,
05OF014,1993-08-12,3.039999961853028,
05OF014,1993-09-12,0.27000001072883606,
05OF014,1993-10-12,0.04399999976158142,
05OF014,1994-03-12,0.0,B
05OF014,1994-04-12,0.8149999976158142,
05OF014,1994-05-12,0.5550000071525574,
05OF014,1994-06-12,0.07800000160932541,
05OF014,1994-07-12,0.0020000000949949026,
05OF014,1994-08-12,0.028999999165534973,
05OF014,1994-09-12,0.06700000166893005,
05OF014,1994-10-12,3.950000047683716,E
05OF014,1995-03-12,0.1169999986886978,B
05OF014,1995-04-12,5.5,
05OF014,1995-05-12,3.440000057220459,
05OF014,1995-06-12,0.5889999866485596,
05OF014,1995-07-12,0.03999999910593033,
05OF014,1995-08-12,0.0,
05OF014,1995-09-12,0.181999996304512,
05OF014,1995-10-12,0.0020000000949949026,
05OF014,1996-03-12,0.0,B
05OF014,1996-04-12,0.2840000092983246,B
05OF014,1996-05-12,8.930000305175781,
05OF014,1996-06-12,0.5170000195503235,
05OF014,1996-07-12,0.07400000095367432,
05OF014,1996-08-12,1.1299999952316284,
05OF014,1996-09-12,0.012000000104308128,
05OF014,1996-10-12,0.0,
05OF014,1997-03-12,0.0,B
05OF014,1997-04-12,0.800000011920929,B
05OF014,1997-05-12,,
05OF014,1997-06-12,0.4950000047683716,
05OF014,1997-07-12,1.5499999523162842,
05OF014,1997-08-12,0.014000000432133676,
05OF014,1997-09-12,0.0,
05OF014,1997-10-12,0.014999999664723871,
05OF014,1998-03-12,0.03599999845027924,B
05OF014,1998-04-12,2.9200000762939453,
05OF014,1998-05-12,0.8840000033378601,
05OF014,1998-06-12,0.3009999990463257,
05OF014,1998-07-12,0.13600000739097595,
05OF014,1998-08-12,0.0010000000474974513,
05OF014,1998-09-12,0.0,
05OF014,1998-10-12,0.0,
05OF014,1999-03-12,0.0,B
05OF014,1999-04-12,0.8489999771118164,
05OF014,1999-05-12,0.859000027179718,
05OF014,1999-06-12,1.059999942779541,
05OF014,1999-07-12,0.05000000074505806,
05OF014,1999-08-12,0.0010000000474974513,
05OF014,1999-09-12,0.0,
05OF014,1999-10-12,0.0,
05OF014,2000-03-12,0.33000001311302185,B
05OF014,2000-04-12,0.04399999976158142,
05OF014,2000-05-12,0.0,
05OF014,2000-06-12,0.0,
05OF014,2000-07-12,0.003000000026077032,
05OF014,2000-08-12,0.164000004529953,
05OF014,2000-09-12,0.04500000178813934,
05OF014,2000-10-12,0.0,
05OF014,2001-03-12,0.0,B
05OF014,2001-04-12,20.600000381469727,
05OF014,2001-05-12,6.409999847412109,
05OF014,2001-06-12,0.7289999723434448,
05OF014,2001-07-12,0.00800000037997961,
05OF014,2001-08-12,0.02199999988079071,
05OF014,2001-09-12,0.007000000216066837,
05OF014,2001-10-12,0.0,
05OF014,2002-03-12,0.0,B
05OF014,2002-04-12,1.3300000429153442,B
05OF014,2002-05-12,0.08299999684095383,
05OF014,2002-06-12,95.1999969482422,
05OF014,2002-07-12,0.0020000000949949026,
05OF014,2002-08-12,0.0,
05OF014,2002-09-12,0.6000000238418579,
05OF014,2002-10-12,0.06199999898672104,
05OF014,2003-03-12,0.0,B
05OF014,2003-04-12,2.890000104904175,
05OF014,2003-05-12,0.03599999845027924,
05OF014,2003-06-12,0.1469999998807907,
05OF014,2003-07-12,0.12999999523162842,A
05OF014,2003-08-12,0.0,
05OF014,2003-09-12,0.0,
05OF014,2003-10-12,0.0,
05OF014,2004-03-12,0.0,B
05OF014,2004-04-12,0.959999978542328,
05OF014,2004-05-12,0.16599999368190765,
05OF014,2004-06-12,1.9800000190734863,
05OF014,2004-07-12,0.6460000276565552,
05OF014,2004-08-12,0.03200000151991844,
05OF014,2004-09-12,0.3370000123977661,
05OF014,2004-10-12,0.090999998152256,
05OF014,2005-03-12,0.0,B
05OF014,2005-04-12,9.65999984741211,
05OF014,2005-05-12,2.0299999713897705,
05OF014,2005-06-12,11.699999809265137,
05OF014,2005-07-12,10.0,
05OF014,2005-08-12,0.01600000075995922,
05OF014,2005-09-12,0.014999999664723871,
05OF014,2005-10-12,0.06599999964237213,
05OF014,2006-03-12,0.04899999871850014,B
05OF014,2006-04-12,4.239999771118164,
05OF014,2006-05-12,1.909999966621399,
05OF014,2006-06-12,0.03200000151991844,
05OF014,2006-07-12,0.0,
05OF014,2006-08-12,0.0,
05OF014,2006-09-12,0.0,
05OF014,2006-10-12,0.0,
05OF014,2007-03-12,0.0,B
05OF014,2007-04-12,2.119999885559082,
05OF014,2007-05-12,0.13199999928474426,
05OF014,2007-06-12,1.590000033378601,
05OF014,2007-07-12,8.6899995803833,A
05OF014,2007-08-12,0.08799999952316284,A
05OF014,2007-09-12,0.0430000014603138,
05OF014,2007-10-12,0.006000000052154064,
05OF014,2008-03-12,0.0,B
05OF014,2008-04-12,2.9200000762939453,B
05OF014,2008-05-12,0.061000000685453415,
05OF014,2008-06-12,0.8769999742507935,
05OF014,2008-07-12,0.125,A
05OF014,2008-08-12,0.0,
05OF014,2008-09-12,0.0,
05OF014,2008-10-12,0.1169999986886978,
05OF014,2009-03-12,0.0,B
05OF014,2009-04-12,,
05OF014,2009-05-12,4.949999809265137,
05OF014,2009-06-12,1.8899999856948853,
05OF014,2009-07-12,0.0130000002682209,
05OF014,2009-08-12,0.0,
05OF014,2009-09-12,0.061000000685453415,
05OF014,2009-10-12,0.029999999329447743,
05OF014,2010-03-12,0.0,B
05OF014,2010-04-12,0.8700000047683716,
05OF014,2010-05-12,2.1600000858306885,
05OF014,2010-06-12,0.3919999897480011,
05OF014,2010-07-12,0.04600000008940697,
05OF014,2010-08-12,0.03599999845027924,
05OF014,2010-09-12,9.029999732971191,
05OF014,2010-10-12,0.4959999918937683,
05OF014,2011-03-12,0.0820000022649765,B
05OF014,2011-04-12,22.100000381469727,
05OF014,2011-05-12,,
05OF014,2011-06-12,2.039999961853028,E
05OF014,2011-07-12,0.7400000095367432,
05OF014,2011-08-12,0.125,
05OF014,2011-09-12,0.0,
05OF014,2011-10-12,0.02800000086426735,
05OF014,2012-03-12,0.0,B
05OF014,2012-04-12,0.052000001072883606,
05OF014,2012-05-12,0.10499999672174454,
05OF014,2012-06-12,0.10999999940395357,
05OF014,2012-07-12,0.0560000017285347,
05OF014,2012-08-12,0.0,
05OF014,2012-09-12,0.0,
05OF014,2012-10-12,0.0,
05OF014,2013-03-12,0.0,B
05OF014,2013-04-12,0.0,B
05OF014,2013-05-12,2.640000104904175,
05OF014,2013-06-12,2.200000047683716,
05OF014,2013-07-12,0.27900001406669617,
05OF014,2013-08-12,0.10899999737739564,
05OF014,2013-09-12,0.04399999976158142,
05OF014,2013-10-12,0.009999999776482582,
05OF014,2014-03-12,0.0,B
05OF014,2014-04-12,36.20000076293945,B
05OF014,2014-05-12,0.9210000038146972,
05OF014,2014-06-12,0.3580000102519989,
05OF014,2014-07-12,0.15399999916553497,
05OF014,2014-08-12,0.0,
05OF014,2014-09-12,0.0,
05OF014,2014-10-12,0.0,
05OF014,2015-03-12,0.00800000037997961,B
05OF014,2015-04-12,0.020999999716877937,
05OF014,2015-05-12,0.16200000047683716,
05OF014,2015-06-12,0.257999986410141,A
05OF014,2015-07-12,0.03400000184774399,A
05OF014,2015-08-12,0.0010000000474974513,
05OF014,2015-09-12,0.017000000923871994,
05OF014,2015-10-12,0.0010000000474974513,
05OF014,2016-03-12,0.0430000014603138,B
05OF014,2016-04-12,0.12099999934434892,
05OF014,2016-05-12,0.08500000089406967,
05OF014,2016-06-12,0.16099999845027924,
05OF014,2016-07-12,1.2400000095367432,
05OF014,2016-08-12,0.3019999861717224,
05OF014,2016-09-12,0.003000000026077032,
05OF014,2016-10-12,0.024000000208616257,
05OF014,2017-03-12,0.0020000000949949026,B
05OF014,2017-04-12,1.4700000286102295,
05OF014,2017-05-12,0.18700000643730164,
05OF014,2017-06-12,0.7210000157356262,
05OF014,2017-07-12,0.3799999952316284,
05OF014,2017-08-12,0.0,
05OF014,2017-09-12,0.0,
05OF014,2017-10-12,0.0,
05OF014,2018-03-12,,
05OF014,2018-04-12,,
05OF014,2018-06-12,,
05OF014,2018-07-12,0.006000000052154064,
05OF014,2018-08-12,0.0,
05OF014,2018-09-12,0.0,
05OF014,2018-10-12,0.0,
05OF014,2019-03-12,0.0,B
05OF014,2019-04-12,0.8740000128746033,B
05OF014,2019-05-12,,
05OF014,2019-06-12,0.0,
05OF014,2019-07-12,0.0,
05OF014,2019-08-12,0.0,
05OF014,2019-09-12,0.0,
05OF014,2019-10-12,0.5210000276565552,
05OF014,2019-11-12,,
05OF014,2020-03-12,0.0,B
05OF014,2020-04-12,,
05OF014,2020-05-12,0.0010000000474974513,
05OF014,2020-06-12,0.004999999888241291,
05OF014,2020-07-12,0.0,
05OF014,2020-08-12,0.0,
05OF014,2020-09-12,0.0,
05OF014,2020-10-12,0.0,
05OF014,2021-02-12,,
05OF014,2021-03-12,0.2549999952316284,B
05OF014,2021-04-12,0.004999999888241291,
05OF014,2021-05-12,0.07100000232458115,
05OF014,2021-06-12,0.0430000014603138,
05OF014,2021-07-12,0.0,
05OF014,2021-08-12,0.0,
05OF014,2021-09-12,0.0,
05OF014,2021-10-12,0.0,
05OF014,2022-03-12,0.0,B
05OF014,2022-04-12,13.800000190734863,B
05OF014,2022-05-12,,
05OF014,2022-06-12,2.720000028610229,
05OF014,2022-07-12,0.5550000071525574,A
05OF014,2022-08-12,0.0010000000474974513,
05OF014,2022-09-12,0.0,
05OF014,2022-10-12,0.0,
05OF014,2023-02-12,,
05OF014,2023-03-12,0.0010000000474974513,B
05OF014,2023-04-12,0.009999999776482582,B
05OF014,2023-05-12,,
05OF014,2023-06-12,0.4600000083446503,
05OF014,2023-07-12,0.039000000804662704,
05OF014,2023-08-12,0.0,
05OF014,2023-09-12,0.0,
05OF014,2023-10-12,0.0,
05OF014,2024-03-12,0.1710000038146973,B
05OF014,2024-04-12,0.5640000104904175,B
05OF014,2024-05-12,1.2999999523162842,
05OF014,2024-06-12,0.5370000004768372,
05OF014,2024-07-12,1.159999966621399,E
05OF014,2024-08-12,0.023000000044703484,
05OF014,2024-09-12,0.06499999761581421,
05OF014,2024-10-12,0.03999999910593033,
05OF014,1960-03-13,0.0,B
05OF014,1960-04-13,18.899999618530277,
05OF014,1960-05-13,0.8500000238418579,
05OF014,1960-06-13,0.08500000089406967,
05OF014,1960-07-13,0.0,
05OF014,1960-08-13,0.0,
05OF014,1960-09-13,0.0,
05OF014,1960-10-13,0.0,
05OF014,1961-03-13,0.0,B
05OF014,1961-04-13,1.809999942779541,
05OF014,1961-05-13,0.02800000086426735,
05OF014,1961-06-13,0.0,
05OF014,1961-07-13,0.0,
05OF014,1961-08-13,0.0,
05OF014,1961-09-13,0.0,
05OF014,1961-10-13,0.0,
05OF014,1962-03-13,0.0,
05OF014,1962-04-13,0.0,
05OF014,1962-05-13,1.7200000286102295,E
05OF014,1962-06-13,0.4050000011920929,E
05OF014,1962-07-13,0.0,
05OF014,1962-08-13,0.010999999940395355,E
05OF014,1962-09-13,0.0,
05OF014,1962-10-13,0.0,
05OF014,1963-03-13,0.0,B
05OF014,1963-04-13,0.13899999856948853,
05OF014,1963-05-13,0.0,
05OF014,1963-06-13,1.5399999618530271,E
05OF014,1963-07-13,0.3880000114440918,
05OF014,1963-08-13,0.0,
05OF014,1963-09-13,0.0,
05OF014,1963-10-13,0.0,
05OF014,1964-03-13,0.0,B
05OF014,1964-04-13,6.650000095367432,B
05OF014,1964-05-13,0.11900000274181366,
05OF014,1964-06-13,0.0,
05OF014,1964-07-13,0.006000000052154064,E
05OF014,1964-08-13,0.0,
05OF014,1964-09-13,0.17599999904632568,E
05OF014,1964-10-13,0.02800000086426735,E
05OF014,1965-03-13,0.0,B
05OF014,1965-04-13,47.59999847412109,B
05OF014,1965-05-13,0.6990000009536743,
05OF014,1965-06-13,0.27799999713897705,
05OF014,1965-07-13,0.023000000044703484,
05OF014,1965-08-13,0.0,
05OF014,1965-09-13,0.0,
05OF014,1965-10-13,0.0,
05OF014,1966-03-13,0.0,B
05OF014,1966-04-13,0.0,
05OF014,1966-05-13,0.4189999997615814,E
05OF014,1966-06-13,0.0,
05OF014,1966-07-13,6.199999809265137,E
05OF014,1966-08-13,0.0,
05OF014,1966-09-13,0.0,
05OF014,1966-10-13,0.0,
05OF014,1967-03-13,0.0,B
05OF014,1967-04-13,6.650000095367432,B
05OF014,1967-05-13,2.940000057220459,
05OF014,1967-06-13,0.12700000405311584,
05OF014,1967-07-13,0.010999999940395355,
05OF014,1967-08-13,0.0,
05OF014,1967-09-13,0.0,
05OF014,1967-10-13,0.0,
05OF014,1968-03-13,0.0,B
05OF014,1968-04-13,0.6140000224113464,
05OF014,1968-05-13,0.5130000114440918,
05OF014,1968-06-13,0.07100000232458115,
05OF014,1968-07-13,0.014000000432133676,E
05OF014,1968-08-13,0.5210000276565552,E
05OF014,1968-09-13,2.109999895095825,
05OF014,1968-10-13,0.289000004529953,E
05OF014,1969-03-13,0.0,B
05OF014,1969-04-13,41.59999847412109,
05OF014,1969-05-13,1.4700000286102295,E
05OF014,1969-06-13,0.1979999989271164,E
05OF014,1969-07-13,1.3600000143051147,E
05OF014,1969-08-13,0.08500000089406967,
05OF014,1969-09-13,0.04500000178813934,
05OF014,1969-10-13,0.02800000086426735,
05OF014,1970-03-13,0.0,B
05OF014,1970-04-13,0.0,B
05OF014,1970-05-13,10.5,
05OF014,1970-06-13,2.609999895095825,
05OF014,1970-07-13,0.2549999952316284,
05OF014,1970-08-13,0.12700000405311584,
05OF014,1970-09-13,0.0,
05OF014,1970-10-13,0.0,
05OF014,1971-03-13,0.0,B
05OF014,1971-04-13,39.400001525878906,
05OF014,1971-05-13,0.39899998903274536,
05OF014,1971-06-13,0.2630000114440918,
05OF014,1971-07-13,0.04800000041723251,E
05OF014,1971-08-13,0.0,
05OF014,1971-09-13,0.0,
05OF014,1971-10-13,0.07400000095367432,
05OF014,1972-03-13,0.0,B
05OF014,1972-04-13,9.90999984741211,B
05OF014,1972-05-13,0.5239999890327454,
05OF014,1972-06-13,0.09600000083446504,
05OF014,1972-07-13,0.4110000133514404,
05OF014,1972-08-13,0.1979999989271164,
05OF014,1972-09-13,0.11299999803304672,E
05OF014,1972-10-13,0.03700000047683716,
05OF014,1973-03-13,0.0,B
05OF014,1973-04-13,0.12200000137090684,E
05OF014,1973-05-13,0.00800000037997961,E
05OF014,1973-06-13,0.0,
05OF014,1973-07-13,0.024000000208616257,E
05OF014,1973-08-13,0.0,E
05OF014,1973-09-13,0.0,
05OF014,1973-10-13,0.017999999225139618,
05OF014,1974-03-13,0.0,B
05OF014,1974-04-13,0.0,B
05OF014,1974-05-13,9.289999961853027,
05OF014,1974-06-13,0.915000021457672,
05OF014,1974-07-13,0.17800000309944153,E
05OF014,1974-08-13,0.0,
05OF014,1974-09-13,0.019999999552965164,
05OF014,1974-10-13,0.0,
05OF014,1975-03-13,0.0,B
05OF014,1975-04-13,0.0,B
05OF014,1975-05-13,0.30000001192092896,
05OF014,1975-06-13,0.06199999898672104,
05OF014,1975-07-13,0.07900000363588333,E
05OF014,1975-08-13,0.0,
05OF014,1975-09-13,0.0,
05OF014,1975-10-13,0.0,
05OF014,1976-03-13,0.0,B
05OF014,1976-04-13,3.940000057220459,
05OF014,1976-05-13,0.2409999966621399,
05OF014,1976-06-13,0.24899999797344208,
05OF014,1976-07-13,0.0,
05OF014,1976-08-13,0.0,
05OF014,1976-09-13,0.0,
05OF014,1976-10-13,0.0,
05OF014,1977-03-13,0.0,B
05OF014,1977-04-13,0.04500000178813934,
05OF014,1977-05-13,0.03400000184774399,
05OF014,1977-06-13,0.0,
05OF014,1977-07-13,0.05099999904632568,
05OF014,1977-08-13,0.0,
05OF014,1977-09-13,0.09300000220537186,
05OF014,1977-10-13,0.20999999344348907,
05OF014,1978-03-13,0.0,B
05OF014,1978-04-13,5.039999961853027,B
05OF014,1978-05-13,0.5040000081062317,
05OF014,1978-06-13,0.0,
05OF014,1978-07-13,0.0,
05OF014,1978-08-13,0.0,
05OF014,1978-09-13,0.0,
05OF014,1978-10-13,0.017999999225139618,
05OF014,1979-03-13,0.0,B
05OF014,1979-04-13,0.0,B
05OF014,1979-06-13,0.42500001192092896,
05OF014,1979-07-13,0.2949999868869781,
05OF014,1979-08-13,0.017000000923871994,
05OF014,1979-09-13,0.0,
05OF014,1979-10-13,0.0,
05OF014,1980-03-13,0.0,B
05OF014,1980-04-13,1.5099999904632568,B
05OF014,1980-05-13,0.0,
05OF014,1980-06-13,0.0,
05OF014,1980-07-13,0.0,
05OF014,1980-08-13,0.0,
05OF014,1980-09-13,0.0,
05OF014,1980-10-13,0.0,
05OF014,1981-03-13,0.5149999856948853,B
05OF014,1981-04-13,0.0130000002682209,
05OF014,1981-05-13,0.0,
05OF014,1981-06-13,0.0,
05OF014,1981-07-13,0.0020000000949949026,
05OF014,1981-08-13,0.06499999761581421,
05OF014,1981-09-13,0.0,
05OF014,1981-10-13,0.0,
05OF014,1982-03-13,0.0,B
05OF014,1982-04-13,11.300000190734863,B
05OF014,1982-05-13,0.019999999552965164,
05OF014,1982-06-13,0.01600000075995922,
05OF014,1982-07-13,0.0,
05OF014,1982-08-13,0.0,
05OF014,1982-09-13,0.0,
05OF014,1982-10-13,0.0,
05OF014,1983-03-13,1.4500000476837158,B
05OF014,1983-04-13,3.200000047683716,
05OF014,1983-05-13,0.04600000008940697,
05OF014,1983-06-13,0.0,
05OF014,1983-07-13,0.012000000104308128,
05OF014,1983-08-13,0.0,
05OF014,1983-09-13,0.0,
05OF014,1983-10-13,0.0,
05OF014,1984-03-13,0.0,B
05OF014,1984-04-13,0.19599999487400052,
05OF014,1984-05-13,0.05400000140070915,E
05OF014,1984-06-13,0.020999999716877937,
05OF014,1984-07-13,0.0,
05OF014,1984-08-13,0.0,
05OF014,1984-09-13,0.0,
05OF014,1984-10-13,0.0,
05OF014,1985-03-13,0.0,B
05OF014,1985-04-13,0.3840000033378601,
05OF014,1985-05-13,0.23000000417232516,
05OF014,1985-06-13,0.0,
05OF014,1985-07-13,0.10700000077486038,
05OF014,1985-08-13,0.0010000000474974513,
05OF014,1985-09-13,0.4370000064373016,
05OF014,1985-10-13,0.19699999690055847,
05OF014,1986-03-13,0.0,B
05OF014,1986-04-13,0.32899999618530273,B
05OF014,1986-05-13,40.20000076293945,
05OF014,1986-06-13,0.0010000000474974513,
05OF014,1986-07-13,0.0949999988079071,
05OF014,1986-08-13,0.01899999938905239,A
05OF014,1986-09-13,0.0,E
05OF014,1986-10-13,0.0,
05OF014,1987-03-13,0.0,B
05OF014,1987-04-13,1.649999976158142,
05OF014,1987-05-13,0.026000000536441803,
05OF014,1987-06-13,0.0,
05OF014,1987-07-13,0.0,
05OF014,1987-08-13,0.0,
05OF014,1987-09-13,0.014999999664723871,
05OF014,1987-10-13,0.0,
05OF014,1988-03-13,0.0860000029206276,B
05OF014,1988-04-13,0.30000001192092896,
05OF014,1988-05-13,0.0,
05OF014,1988-06-13,0.0,
05OF014,1988-07-13,0.0,
05OF014,1988-08-13,0.0,
05OF014,1988-09-13,0.0,
05OF014,1988-10-13,0.0,
05OF014,1989-03-13,0.0,B
05OF014,1989-04-13,0.0,B
05OF014,1989-05-13,0.03099999949336052,A
05OF014,1989-06-13,0.0,
05OF014,1989-07-13,0.0,
05OF014,1989-08-13,0.0,
05OF014,1989-09-13,0.0,
05OF014,1989-10-13,0.0,
05OF014,1990-03-13,0.0,B
05OF014,1990-04-13,1.2200000286102295,B
05OF014,1990-05-13,0.04600000008940697,
05OF014,1990-06-13,0.5180000066757202,
05OF014,1990-07-13,0.09600000083446504,
05OF014,1990-08-13,0.0,
05OF014,1990-09-13,0.0,
05OF014,1990-10-13,0.0,
05OF014,1991-03-13,0.0,B
05OF014,1991-04-13,0.04699999839067459,
05OF014,1991-05-13,0.1770000010728836,
05OF014,1991-06-13,0.0,
05OF014,1991-07-13,2.700000047683716,
05OF014,1991-08-13,0.07999999821186066,
05OF014,1991-09-13,0.0,
05OF014,1991-10-13,0.0,
05OF014,1992-03-13,3.2799999713897705,B
05OF014,1992-04-13,1.7799999713897705,
05OF014,1992-05-13,0.07500000298023224,
05OF014,1992-06-13,0.1850000023841858,
05OF014,1992-07-13,0.05299999937415123,
05OF014,1992-08-13,0.0,
05OF014,1992-09-13,0.0,
05OF014,1992-10-13,0.0,
05OF014,1993-03-13,0.0,B
05OF014,1993-04-13,1.8200000524520876,
05OF014,1993-05-13,3.2300000190734863,
05OF014,1993-06-13,2.539999961853028,
05OF014,1993-07-13,0.4129999876022339,
05OF014,1993-08-13,2.799999952316284,
05OF014,1993-09-13,0.27300000190734863,
05OF014,1993-10-13,0.028999999165534973,
05OF014,1994-03-13,0.0010000000474974513,B
05OF014,1994-04-13,0.8669999837875366,
05OF014,1994-05-13,0.5239999890327454,
05OF014,1994-06-13,0.05299999937415123,
05OF014,1994-07-13,0.004000000189989805,
05OF014,1994-08-13,0.03999999910593033,
05OF014,1994-09-13,0.04800000041723251,
05OF014,1994-10-13,2.700000047683716,E
05OF014,1995-03-13,0.12399999797344208,B
05OF014,1995-04-13,5.960000038146973,
05OF014,1995-05-13,3.5199999809265137,
05OF014,1995-06-13,0.5410000085830688,
05OF014,1995-07-13,0.03599999845027924,
05OF014,1995-08-13,0.0,
05OF014,1995-09-13,0.16500000655651093,
05OF014,1995-10-13,0.006000000052154064,
05OF014,1996-03-13,0.0,B
05OF014,1996-04-13,7.400000095367432,B
05OF014,1996-05-13,6.619999885559082,
05OF014,1996-06-13,0.4560000002384186,
05OF014,1996-07-13,0.0729999989271164,
05OF014,1996-08-13,0.878000020980835,
05OF014,1996-09-13,0.009999999776482582,
05OF014,1996-10-13,0.0,
05OF014,1997-03-13,0.0,B
05OF014,1997-04-13,0.699999988079071,B
05OF014,1997-05-13,,
05OF014,1997-06-13,0.5519999861717224,
05OF014,1997-07-13,1.4700000286102295,
05OF014,1997-08-13,0.0,
05OF014,1997-09-13,0.0,
05OF014,1997-10-13,0.06300000101327896,
05OF014,1998-03-13,0.052000001072883606,B
05OF014,1998-04-13,3.609999895095825,
05OF014,1998-05-13,1.2599999904632568,
05OF014,1998-06-13,0.5249999761581421,
05OF014,1998-07-13,0.13500000536441803,
05OF014,1998-08-13,0.0010000000474974513,
05OF014,1998-09-13,0.0,
05OF014,1998-10-13,0.0,
05OF014,1999-03-13,0.0,B
05OF014,1999-04-13,0.5180000066757202,
05OF014,1999-05-13,0.9330000281333924,
05OF014,1999-06-13,1.2599999904632568,
05OF014,1999-07-13,0.039000000804662704,
05OF014,1999-08-13,0.0,
05OF014,1999-09-13,0.0,
05OF014,1999-10-13,0.0,
05OF014,2000-03-13,0.37700000405311584,B
05OF014,2000-04-13,0.03599999845027924,
05OF014,2000-05-13,0.0,
05OF014,2000-06-13,0.028999999165534973,
05OF014,2000-07-13,0.0010000000474974513,
05OF014,2000-08-13,0.07000000029802322,
05OF014,2000-09-13,0.04399999976158142,
05OF014,2000-10-13,0.0,
05OF014,2001-03-13,0.0,B
05OF014,2001-04-13,13.899999618530272,
05OF014,2001-05-13,4.630000114440918,
05OF014,2001-06-13,0.8199999928474426,
05OF014,2001-07-13,0.00800000037997961,
05OF014,2001-08-13,0.01600000075995922,
05OF014,2001-09-13,0.006000000052154064,
05OF014,2001-10-13,0.0,
05OF014,2002-03-13,0.0,B
05OF014,2002-04-13,1.149999976158142,B
05OF014,2002-05-13,0.06300000101327896,
05OF014,2002-06-13,37.400001525878906,
05OF014,2002-07-13,0.003000000026077032,
05OF014,2002-08-13,0.0,
05OF014,2002-09-13,0.367000013589859,
05OF014,2002-10-13,0.0560000017285347,
05OF014,2003-03-13,0.0,B
05OF014,2003-04-13,2.240000009536743,
05OF014,2003-05-13,0.028999999165534973,
05OF014,2003-06-13,0.1289999932050705,
05OF014,2003-07-13,0.09600000083446504,
05OF014,2003-08-13,0.0,
05OF014,2003-09-13,0.0,
05OF014,2003-10-13,0.0,
05OF014,2004-03-13,0.0,B
05OF014,2004-04-13,0.7900000214576721,
05OF014,2004-05-13,0.2199999988079071,
05OF014,2004-06-13,1.2599999904632568,
05OF014,2004-07-13,0.6620000004768372,
05OF014,2004-08-13,0.02800000086426735,
05OF014,2004-09-13,0.27799999713897705,
05OF014,2004-10-13,0.0860000029206276,
05OF014,2005-03-13,0.0,B
05OF014,2005-04-13,15.0,
05OF014,2005-05-13,1.3600000143051147,A
05OF014,2005-06-13,10.5,A
05OF014,2005-07-13,8.5,
05OF014,2005-08-13,0.008999999612569809,A
05OF014,2005-09-13,0.012000000104308128,
05OF014,2005-10-13,0.10700000077486038,
05OF014,2006-03-13,0.05099999904632568,B
05OF014,2006-04-13,2.0999999046325684,E
05OF014,2006-05-13,1.899999976158142,
05OF014,2006-06-13,0.02800000086426735,
05OF014,2006-07-13,0.0,
05OF014,2006-08-13,0.0,
05OF014,2006-09-13,0.0,
05OF014,2006-10-13,0.0,
05OF014,2007-03-13,0.0,B
05OF014,2007-04-13,1.940000057220459,
05OF014,2007-05-13,0.1080000028014183,
05OF014,2007-06-13,1.1699999570846558,
05OF014,2007-07-13,6.440000057220459,
05OF014,2007-08-13,0.09700000286102296,
05OF014,2007-09-13,0.04100000113248825,
05OF014,2007-10-13,0.01600000075995922,A
05OF014,2008-03-13,0.0,B
05OF014,2008-04-13,3.430000066757202,B
05OF014,2008-05-13,0.08299999684095383,
05OF014,2008-06-13,1.9800000190734863,
05OF014,2008-07-13,0.10899999737739564,
05OF014,2008-08-13,0.0,
05OF014,2008-09-13,0.0,
05OF014,2008-10-13,1.6100000143051147,
05OF014,2009-03-13,0.0,B
05OF014,2009-04-13,,
05OF014,2009-05-13,3.7699999809265137,
05OF014,2009-06-13,2.150000095367432,
05OF014,2009-07-13,0.007000000216066837,
05OF014,2009-08-13,0.0,
05OF014,2009-09-13,0.054999999701976776,
05OF014,2009-10-13,0.026000000536441803,
05OF014,2010-03-13,0.003000000026077032,B
05OF014,2010-04-13,0.699999988079071,
05OF014,2010-05-13,1.830000042915344,
05OF014,2010-06-13,0.33399999141693115,
05OF014,2010-07-13,0.05299999937415123,
05OF014,2010-08-13,0.03700000047683716,
05OF014,2010-09-13,11.399999618530272,
05OF014,2010-10-13,0.4560000002384186,
05OF014,2011-03-13,0.09399999678134918,B
05OF014,2011-04-13,19.700000762939453,A
05OF014,2011-05-13,,
05OF014,2011-06-13,1.7200000286102295,E
05OF014,2011-07-13,0.6119999885559082,
05OF014,2011-08-13,0.10000000149011612,
05OF014,2011-09-13,0.0,
05OF014,2011-10-13,0.02800000086426735,
05OF014,2012-03-13,0.06700000166893005,B
05OF014,2012-04-13,0.04899999871850014,A
05OF014,2012-05-13,0.090999998152256,
05OF014,2012-06-13,0.10100000351667404,
05OF014,2012-07-13,0.05299999937415123,
05OF014,2012-08-13,0.0,
05OF014,2012-09-13,0.0,
05OF014,2012-10-13,0.0,
05OF014,2013-03-13,0.0,B
05OF014,2013-04-13,0.0,B
05OF014,2013-05-13,2.309999942779541,
05OF014,2013-06-13,2.049999952316284,
05OF014,2013-07-13,0.27000001072883606,
05OF014,2013-08-13,0.09600000083446504,
05OF014,2013-09-13,0.03599999845027924,
05OF014,2013-10-13,0.007000000216066837,
05OF014,2014-03-13,0.0,B
05OF014,2014-04-13,30.799999237060547,B
05OF014,2014-05-13,0.859000027179718,
05OF014,2014-06-13,0.36899998784065247,
05OF014,2014-07-13,0.11900000274181366,
05OF014,2014-08-13,0.0,
05OF014,2014-09-13,0.0,
05OF014,2014-10-13,0.0,
05OF014,2015-03-13,0.05900000035762787,B
05OF014,2015-04-13,0.032999999821186066,
05OF014,2015-05-13,0.1550000011920929,
05OF014,2015-06-13,0.28999999165534973,A
05OF014,2015-07-13,0.027000000700354576,
05OF014,2015-08-13,0.0010000000474974513,
05OF014,2015-09-13,0.014000000432133676,
05OF014,2015-10-13,0.0010000000474974513,
05OF014,2016-03-13,0.1710000038146973,B
05OF014,2016-04-13,0.1589999943971634,
05OF014,2016-05-13,0.06499999761581421,
05OF014,2016-06-13,0.20600000023841855,
05OF014,2016-07-13,0.503000020980835,
05OF014,2016-08-13,0.20000000298023224,
05OF014,2016-09-13,0.003000000026077032,
05OF014,2016-10-13,0.017999999225139618,
05OF014,2017-03-13,0.0020000000949949026,B
05OF014,2017-04-13,0.968999981880188,
05OF014,2017-05-13,0.20000000298023224,
05OF014,2017-06-13,0.7429999709129333,
05OF014,2017-07-13,0.35199999809265137,
05OF014,2017-08-13,0.0,
05OF014,2017-09-13,0.0,
05OF014,2017-10-13,0.0,
05OF014,2018-03-13,,
05OF014,2018-04-13,,
05OF014,2018-06-13,0.0010000000474974513,A
05OF014,2018-07-13,0.006000000052154064,
05OF014,2018-08-13,0.0,
05OF014,2018-09-13,0.0,
05OF014,2018-10-13,0.0,
05OF014,2019-03-13,0.0,B
05OF014,2019-04-13,1.5199999809265137,B
05OF014,2019-05-13,,
05OF014,2019-06-13,0.0,
05OF014,2019-07-13,0.0,
05OF014,2019-08-13,0.0,
05OF014,2019-09-13,0.0,
05OF014,2019-10-13,0.5299999713897705,
05OF014,2019-11-13,,
05OF014,2020-03-13,0.0,B
05OF014,2020-04-13,,
05OF014,2020-05-13,0.0,
05OF014,2020-06-13,0.0,
05OF014,2020-07-13,0.057999998331069946,
05OF014,2020-08-13,0.0,
05OF014,2020-09-13,0.0,
05OF014,2020-10-13,0.0,
05OF014,2021-02-13,,
05OF014,2021-03-13,0.2169999927282333,B
05OF014,2021-04-13,0.007000000216066837,
05OF014,2021-05-13,0.06199999898672104,
05OF014,2021-06-13,0.026000000536441803,
05OF014,2021-07-13,0.0,
05OF014,2021-08-13,0.0,
05OF014,2021-09-13,0.0,
05OF014,2021-10-13,0.0,
05OF014,2022-03-13,0.0,B
05OF014,2022-04-13,5.840000152587891,B
05OF014,2022-05-13,,
05OF014,2022-06-13,2.869999885559082,
05OF014,2022-07-13,0.492000013589859,A
05OF014,2022-08-13,0.0,
05OF014,2022-09-13,0.0,
05OF014,2022-10-13,0.0,
05OF014,2023-02-13,,
05OF014,2023-03-13,0.0010000000474974513,B
05OF014,2023-04-13,0.07699999958276749,B
05OF014,2023-05-13,,
05OF014,2023-06-13,0.4429999887943268,
05OF014,2023-07-13,0.03099999949336052,
05OF014,2023-08-13,0.0,
05OF014,2023-09-13,0.0,
05OF014,2023-10-13,0.0,
05OF014,2024-03-13,0.640999972820282,B
05OF014,2024-04-13,0.5040000081062317,B
05OF014,2024-05-13,1.2200000286102295,
05OF014,2024-06-13,0.625,
05OF014,2024-07-13,0.777999997138977,E
05OF014,2024-08-13,0.02500000037252903,
05OF014,2024-09-13,0.05400000140070915,
05OF014,2024-10-13,0.06599999964237213,
05OF014,1960-03-14,0.0,B
05OF014,1960-04-14,19.899999618530277,
05OF014,1960-05-14,0.8159999847412109,
05OF014,1960-06-14,0.08500000089406967,
05OF014,1960-07-14,0.0,E
05OF014,1960-08-14,0.0,
05OF014,1960-09-14,0.0,
05OF014,1960-10-14,0.0,
05OF014,1961-03-14,0.0,B
05OF014,1961-04-14,0.7649999856948853,
05OF014,1961-05-14,0.03999999910593033,E
05OF014,1961-06-14,0.0,
05OF014,1961-07-14,0.0,
05OF014,1961-08-14,0.0,
05OF014,1961-09-14,0.0,
05OF014,1961-10-14,0.0,
05OF014,1962-03-14,0.0,
05OF014,1962-04-14,0.0,
05OF014,1962-05-14,1.9299999475479128,
05OF014,1962-06-14,0.3400000035762787,
05OF014,1962-07-14,0.0,E
05OF014,1962-08-14,0.006000000052154064,E
05OF014,1962-09-14,0.0,
05OF014,1962-10-14,0.0,
05OF014,1963-03-14,0.0,B
05OF014,1963-04-14,0.125,E
05OF014,1963-05-14,0.0,
05OF014,1963-06-14,1.090000033378601,E
05OF014,1963-07-14,0.2720000147819519,E
05OF014,1963-08-14,0.0,
05OF014,1963-09-14,0.0,
05OF014,1963-10-14,0.0,
05OF014,1964-03-14,0.0,B
05OF014,1964-04-14,6.800000190734863,B
05OF014,1964-05-14,0.10499999672174454,
05OF014,1964-06-14,0.0,
05OF014,1964-07-14,0.0,
05OF014,1964-08-14,0.0,
05OF014,1964-09-14,0.17599999904632568,E
05OF014,1964-10-14,0.02800000086426735,E
05OF014,1965-03-14,0.0,B
05OF014,1965-04-14,40.79999923706055,B
05OF014,1965-05-14,0.753000020980835,
05OF014,1965-06-14,0.26100000739097595,E
05OF014,1965-07-14,0.023000000044703484,E
05OF014,1965-08-14,0.0,
05OF014,1965-09-14,0.0,
05OF014,1965-10-14,0.0,
05OF014,1966-03-14,0.0,B
05OF014,1966-04-14,0.0,
05OF014,1966-05-14,0.35100001096725464,E
05OF014,1966-06-14,0.0,
05OF014,1966-07-14,5.039999961853027,E
05OF014,1966-08-14,0.0,
05OF014,1966-09-14,0.0,
05OF014,1966-10-14,0.0,
05OF014,1967-03-14,0.0,B
05OF014,1967-04-14,4.53000020980835,B
05OF014,1967-05-14,2.2699999809265137,
05OF014,1967-06-14,0.0989999994635582,
05OF014,1967-07-14,0.03999999910593033,E
05OF014,1967-08-14,0.0,
05OF014,1967-09-14,0.0,
05OF014,1967-10-14,0.0,
05OF014,1968-03-14,0.0,B
05OF014,1968-04-14,0.4699999988079071,E
05OF014,1968-05-14,0.328000009059906,
05OF014,1968-06-14,0.06199999898672104,
05OF014,1968-07-14,0.02800000086426735,E
05OF014,1968-08-14,0.4449999928474426,
05OF014,1968-09-14,1.7699999809265137,E
05OF014,1968-10-14,0.3030000030994416,E
05OF014,1969-03-14,0.0,B
05OF014,1969-04-14,25.600000381469727,
05OF014,1969-05-14,1.4199999570846558,E
05OF014,1969-06-14,0.1979999989271164,E
05OF014,1969-07-14,1.1200000047683716,
05OF014,1969-08-14,0.07400000095367432,
05OF014,1969-09-14,0.08799999952316284,
05OF014,1969-10-14,0.026000000536441803,
05OF014,1970-03-14,0.0,B
05OF014,1970-04-14,0.1420000046491623,B
05OF014,1970-05-14,10.0,
05OF014,1970-06-14,2.6600000858306885,
05OF014,1970-07-14,0.296999990940094,
05OF014,1970-08-14,0.1420000046491623,
05OF014,1970-09-14,0.0,E
05OF014,1970-10-14,0.0,E
05OF014,1971-03-14,0.0,B
05OF014,1971-04-14,24.0,
05OF014,1971-05-14,0.38199999928474426,
05OF014,1971-06-14,0.39899998903274536,
05OF014,1971-07-14,0.02500000037252903,E
05OF014,1971-08-14,0.0,
05OF014,1971-09-14,0.0,
05OF014,1971-10-14,0.1080000028014183,
05OF014,1972-03-14,0.0,B
05OF014,1972-04-14,11.899999618530272,B
05OF014,1972-05-14,0.5519999861717224,
05OF014,1972-06-14,0.05400000140070915,
05OF014,1972-07-14,0.4390000104904175,
05OF014,1972-08-14,0.1979999989271164,
05OF014,1972-09-14,0.10199999809265135,
05OF014,1972-10-14,0.02800000086426735,
05OF014,1973-03-14,0.0,B
05OF014,1973-04-14,0.12200000137090684,
05OF014,1973-05-14,0.006000000052154064,
05OF014,1973-06-14,0.0,
05OF014,1973-07-14,0.020999999716877937,
05OF014,1973-08-14,0.0,
05OF014,1973-09-14,0.0,
05OF014,1973-10-14,0.020999999716877937,
05OF014,1974-03-14,0.0,B
05OF014,1974-04-14,0.8500000238418579,B
05OF014,1974-05-14,6.460000038146973,
05OF014,1974-06-14,0.7139999866485596,
05OF014,1974-07-14,0.16699999570846558,E
05OF014,1974-08-14,0.0,
05OF014,1974-09-14,0.014000000432133676,
05OF014,1974-10-14,0.0,
05OF014,1975-03-14,0.0,B
05OF014,1975-04-14,0.0,B
05OF014,1975-05-14,0.2750000059604645,
05OF014,1975-06-14,0.04800000041723251,
05OF014,1975-07-14,0.05900000035762787,
05OF014,1975-08-14,0.0,
05OF014,1975-09-14,0.0,
05OF014,1975-10-14,0.0,
05OF014,1976-03-14,0.0,B
05OF014,1976-04-14,3.7899999618530273,
05OF014,1976-05-14,0.20999999344348907,
05OF014,1976-06-14,0.19499999284744263,
05OF014,1976-07-14,0.0,
05OF014,1976-08-14,0.0,
05OF014,1976-09-14,0.0,
05OF014,1976-10-14,0.0,
05OF014,1977-03-14,0.0,B
05OF014,1977-04-14,0.017999999225139618,
05OF014,1977-05-14,0.004000000189989805,
05OF014,1977-06-14,0.0,
05OF014,1977-07-14,0.07400000095367432,
05OF014,1977-08-14,0.0,
05OF014,1977-09-14,0.09600000083446504,
05OF014,1977-10-14,0.1899999976158142,
05OF014,1978-03-14,0.0,B
05OF014,1978-04-14,4.559999942779541,B
05OF014,1978-05-14,0.4760000109672546,
05OF014,1978-06-14,0.0,
05OF014,1978-07-14,0.0,
05OF014,1978-08-14,0.0,
05OF014,1978-09-14,0.0,
05OF014,1978-10-14,0.019999999552965164,
05OF014,1979-03-14,0.0,B
05OF014,1979-04-14,0.0,B
05OF014,1979-06-14,0.39500001072883606,
05OF014,1979-07-14,0.2380000054836273,
05OF014,1979-08-14,0.014999999664723871,
05OF014,1979-09-14,0.0,
05OF014,1979-10-14,0.0,
05OF014,1980-03-14,0.0,B
05OF014,1980-04-14,1.440000057220459,
05OF014,1980-05-14,0.0,
05OF014,1980-06-14,0.0,
05OF014,1980-07-14,0.0,
05OF014,1980-08-14,0.0,
05OF014,1980-09-14,0.0,
05OF014,1980-10-14,0.0,
05OF014,1981-03-14,0.6499999761581421,B
05OF014,1981-04-14,0.01600000075995922,
05OF014,1981-05-14,0.0,
05OF014,1981-06-14,0.0,
05OF014,1981-07-14,0.0010000000474974513,
05OF014,1981-08-14,0.10499999672174454,
05OF014,1981-09-14,0.0,
05OF014,1981-10-14,0.0,
05OF014,1982-03-14,0.0,B
05OF014,1982-04-14,10.5,B
05OF014,1982-05-14,0.017999999225139618,
05OF014,1982-06-14,0.014999999664723871,
05OF014,1982-07-14,0.0,
05OF014,1982-08-14,0.0,
05OF014,1982-09-14,0.0,
05OF014,1982-10-14,0.0,
05OF014,1983-03-14,1.3899999856948853,B
05OF014,1983-04-14,5.380000114440918,
05OF014,1983-05-14,0.03999999910593033,
05OF014,1983-06-14,0.0,
05OF014,1983-07-14,0.006000000052154064,
05OF014,1983-08-14,0.0,
05OF014,1983-09-14,0.0,
05OF014,1983-10-14,0.0,
05OF014,1984-03-14,0.0,B
05OF014,1984-04-14,0.193000003695488,
05OF014,1984-05-14,0.052000001072883606,E
05OF014,1984-06-14,0.007000000216066837,
05OF014,1984-07-14,0.0,
05OF014,1984-08-14,0.0,
05OF014,1984-09-14,0.0,
05OF014,1984-10-14,0.0,
05OF014,1985-03-14,0.0,B
05OF014,1985-04-14,0.2949999868869781,
05OF014,1985-05-14,0.20900000631809235,
05OF014,1985-06-14,0.0,
05OF014,1985-07-14,0.09600000083446504,
05OF014,1985-08-14,0.010999999940395355,
05OF014,1985-09-14,0.4129999876022339,
05OF014,1985-10-14,0.2179999947547913,
05OF014,1986-03-14,0.0,B
05OF014,1986-04-14,0.2150000035762787,B
05OF014,1986-05-14,14.399999618530272,
05OF014,1986-06-14,0.0010000000474974513,
05OF014,1986-07-14,0.03200000151991844,
05OF014,1986-08-14,0.03799999877810478,
05OF014,1986-09-14,0.0,E
05OF014,1986-10-14,0.0,
05OF014,1987-03-14,0.0,B
05OF014,1987-04-14,0.906000018119812,
05OF014,1987-05-14,0.017000000923871994,
05OF014,1987-06-14,0.0,
05OF014,1987-07-14,0.0,
05OF014,1987-08-14,0.0,
05OF014,1987-09-14,0.014999999664723871,
05OF014,1987-10-14,0.0,
05OF014,1988-03-14,0.03999999910593033,B
05OF014,1988-04-14,0.239999994635582,
05OF014,1988-05-14,0.0,
05OF014,1988-06-14,0.0,
05OF014,1988-07-14,0.0,
05OF014,1988-08-14,0.0,
05OF014,1988-09-14,0.0,
05OF014,1988-10-14,0.0,
05OF014,1989-03-14,0.0,B
05OF014,1989-04-14,0.007000000216066837,B
05OF014,1989-05-14,0.02199999988079071,A
05OF014,1989-06-14,0.0,
05OF014,1989-07-14,0.0,
05OF014,1989-08-14,0.0,
05OF014,1989-09-14,0.0,
05OF014,1989-10-14,0.0,
05OF014,1990-03-14,0.0,B
05OF014,1990-04-14,1.0800000429153442,B
05OF014,1990-05-14,0.04399999976158142,
05OF014,1990-06-14,0.597000002861023,
05OF014,1990-07-14,0.06800000369548798,
05OF014,1990-08-14,0.0,
05OF014,1990-09-14,0.0,
05OF014,1990-10-14,0.0,
05OF014,1991-03-14,0.0,B
05OF014,1991-04-14,0.03099999949336052,
05OF014,1991-05-14,0.10199999809265135,
05OF014,1991-06-14,0.0,
05OF014,1991-07-14,3.5799999237060547,
05OF014,1991-08-14,0.06199999898672104,
05OF014,1991-09-14,0.0,
05OF014,1991-10-14,0.0,
05OF014,1992-03-14,2.25,B
05OF014,1992-04-14,1.190000057220459,
05OF014,1992-05-14,0.06300000101327896,
05OF014,1992-06-14,0.1550000011920929,
05OF014,1992-07-14,0.03599999845027924,
05OF014,1992-08-14,0.0,
05OF014,1992-09-14,0.0010000000474974513,
05OF014,1992-10-14,0.0,
05OF014,1993-03-14,0.0,B
05OF014,1993-04-14,1.6200000047683716,
05OF014,1993-05-14,1.7599999904632568,
05OF014,1993-06-14,1.659999966621399,
05OF014,1993-07-14,0.37400001287460327,
05OF014,1993-08-14,2.890000104904175,
05OF014,1993-09-14,0.2509999871253968,
05OF014,1993-10-14,0.023000000044703484,
05OF014,1994-03-14,0.0020000000949949026,B
05OF014,1994-04-14,0.8889999985694885,
05OF014,1994-05-14,0.4970000088214874,
05OF014,1994-06-14,0.039000000804662704,
05OF014,1994-07-14,0.0130000002682209,
05OF014,1994-08-14,0.04600000008940697,
05OF014,1994-09-14,0.07000000029802322,
05OF014,1994-10-14,1.830000042915344,E
05OF014,1995-03-14,0.17000000178813934,B
05OF014,1995-04-14,9.609999656677246,
05OF014,1995-05-14,4.300000190734863,
05OF014,1995-06-14,0.47200000286102295,
05OF014,1995-07-14,0.03400000184774399,
05OF014,1995-08-14,0.0,
05OF014,1995-09-14,0.10599999874830246,
05OF014,1995-10-14,0.01899999938905239,
05OF014,1996-03-14,0.0,B
05OF014,1996-04-14,45.0,B
05OF014,1996-05-14,4.010000228881836,
05OF014,1996-06-14,0.3799999952316284,
05OF014,1996-07-14,0.09600000083446504,
05OF014,1996-08-14,0.6819999814033508,
05OF014,1996-09-14,0.00800000037997961,
05OF014,1996-10-14,0.0,
05OF014,1997-03-14,0.0,B
05OF014,1997-04-14,0.5,B
05OF014,1997-05-14,,
05OF014,1997-06-14,0.5149999856948853,
05OF014,1997-07-14,1.4199999570846558,
05OF014,1997-08-14,0.0,
05OF014,1997-09-14,0.0,
05OF014,1997-10-14,0.04800000041723251,
05OF014,1998-03-14,0.06499999761581421,B
05OF014,1998-04-14,5.949999809265137,
05OF014,1998-05-14,3.430000066757202,
05OF014,1998-06-14,0.10300000011920928,
05OF014,1998-07-14,0.08799999952316284,
05OF014,1998-08-14,0.0010000000474974513,
05OF014,1998-09-14,0.0,
05OF014,1998-10-14,0.0,
05OF014,1999-03-14,0.0,B
05OF014,1999-04-14,0.42500001192092896,
05OF014,1999-05-14,1.190000057220459,
05OF014,1999-06-14,1.2000000476837158,
05OF014,1999-07-14,0.032999999821186066,
05OF014,1999-08-14,0.0,
05OF014,1999-09-14,0.0,
05OF014,1999-10-14,0.0,
05OF014,2000-03-14,0.14900000393390656,B
05OF014,2000-04-14,0.02500000037252903,
05OF014,2000-05-14,0.0,
05OF014,2000-06-14,1.4299999475479126,
05OF014,2000-07-14,0.0,
05OF014,2000-08-14,0.1509999930858612,
05OF014,2000-09-14,0.03999999910593033,
05OF014,2000-10-14,0.0,
05OF014,2001-03-14,0.0,B
05OF014,2001-04-14,12.100000381469728,
05OF014,2001-05-14,2.109999895095825,
05OF014,2001-06-14,0.8849999904632568,
05OF014,2001-07-14,0.00800000037997961,
05OF014,2001-08-14,0.024000000208616257,
05OF014,2001-09-14,0.006000000052154064,
05OF014,2001-10-14,0.0,
05OF014,2002-03-14,0.0,B
05OF014,2002-04-14,0.9700000286102296,B
05OF014,2002-05-14,0.07000000029802322,
05OF014,2002-06-14,17.100000381469727,
05OF014,2002-07-14,0.004000000189989805,
05OF014,2002-08-14,0.0,
05OF014,2002-09-14,0.2450000047683716,
05OF014,2002-10-14,0.05000000074505806,
05OF014,2003-03-14,0.0,B
05OF014,2003-04-14,1.1100000143051147,
05OF014,2003-05-14,0.019999999552965164,
05OF014,2003-06-14,0.12200000137090684,
05OF014,2003-07-14,0.08699999749660492,
05OF014,2003-08-14,0.0,
05OF014,2003-09-14,0.0,
05OF014,2003-10-14,0.0,
05OF014,2004-03-14,0.0,B
05OF014,2004-04-14,0.6700000166893005,
05OF014,2004-05-14,0.5070000290870667,A
05OF014,2004-06-14,1.0499999523162842,
05OF014,2004-07-14,0.6029999852180481,
05OF014,2004-08-14,0.014000000432133676,
05OF014,2004-09-14,0.25699999928474426,
05OF014,2004-10-14,0.08799999952316284,
05OF014,2005-03-14,0.0,B
05OF014,2005-04-14,10.899999618530272,
05OF014,2005-05-14,1.1200000047683716,A
05OF014,2005-06-14,15.100000381469728,
05OF014,2005-07-14,6.599999904632568,
05OF014,2005-08-14,0.006000000052154064,A
05OF014,2005-09-14,0.008999999612569809,A
05OF014,2005-10-14,0.9399999976158142,
05OF014,2006-03-14,0.052000001072883606,B
05OF014,2006-04-14,1.590000033378601,E
05OF014,2006-05-14,1.9600000381469729,
05OF014,2006-06-14,0.02800000086426735,
05OF014,2006-07-14,0.0,
05OF014,2006-08-14,0.0,
05OF014,2006-09-14,0.0,
05OF014,2006-10-14,0.0,
05OF014,2007-03-14,0.0,B
05OF014,2007-04-14,1.7799999713897705,
05OF014,2007-05-14,0.11100000143051147,
05OF014,2007-06-14,1.6799999475479126,
05OF014,2007-07-14,4.440000057220459,
05OF014,2007-08-14,0.09300000220537186,
05OF014,2007-09-14,0.03099999949336052,
05OF014,2007-10-14,0.01600000075995922,A
05OF014,2008-03-14,0.0,B
05OF014,2008-04-14,2.4800000190734863,B
05OF014,2008-05-14,0.08500000089406967,
05OF014,2008-06-14,2.940000057220459,
05OF014,2008-07-14,0.10199999809265135,
05OF014,2008-08-14,0.0,
05OF014,2008-09-14,0.0,
05OF014,2008-10-14,2.900000095367432,
05OF014,2009-03-14,0.0,B
05OF014,2009-04-14,,
05OF014,2009-05-14,3.759999990463257,
05OF014,2009-06-14,2.900000095367432,
05OF014,2009-07-14,0.009999999776482582,
05OF014,2009-08-14,0.0,
05OF014,2009-09-14,0.05299999937415123,
05OF014,2009-10-14,0.023000000044703484,
05OF014,2010-03-14,0.4670000076293945,B
05OF014,2010-04-14,0.6370000243186951,
05OF014,2010-05-14,1.3300000429153442,
05OF014,2010-06-14,0.4050000011920929,
05OF014,2010-07-14,0.8309999704360962,
05OF014,2010-08-14,0.026000000536441803,
05OF014,2010-09-14,6.670000076293945,
05OF014,2010-10-14,0.3490000069141388,
05OF014,2011-03-14,0.10700000077486038,B
05OF014,2011-04-14,,
05OF014,2011-05-14,,
05OF014,2011-06-14,1.440000057220459,E
05OF014,2011-07-14,0.5210000276565552,
05OF014,2011-08-14,0.09300000220537186,
05OF014,2011-09-14,0.0,
05OF014,2011-10-14,0.027000000700354576,
05OF014,2012-03-14,0.35100001096725464,B
05OF014,2012-04-14,0.04699999839067459,
05OF014,2012-05-14,0.08299999684095383,
05OF014,2012-06-14,0.09200000017881392,
05OF014,2012-07-14,0.04399999976158142,
05OF014,2012-08-14,0.0,
05OF014,2012-09-14,0.0,
05OF014,2012-10-14,0.0,
05OF014,2013-03-14,0.0,B
05OF014,2013-04-14,0.0,B
05OF014,2013-05-14,1.870000004768372,
05OF014,2013-06-14,1.7699999809265137,
05OF014,2013-07-14,0.27000001072883606,
05OF014,2013-08-14,0.15700000524520874,
05OF014,2013-09-14,0.027000000700354576,
05OF014,2013-10-14,0.007000000216066837,
05OF014,2014-03-14,0.0,B
05OF014,2014-04-14,25.399999618530277,B
05OF014,2014-05-14,0.7350000143051147,
05OF014,2014-06-14,0.4370000064373016,
05OF014,2014-07-14,0.07500000298023224,
05OF014,2014-08-14,0.0,
05OF014,2014-09-14,0.0,
05OF014,2014-10-14,0.0,
05OF014,2015-03-14,0.11800000071525574,B
05OF014,2015-04-14,0.014000000432133676,
05OF014,2015-05-14,0.2169999927282333,
05OF014,2015-06-14,0.3269999921321869,
05OF014,2015-07-14,0.02199999988079071,
05OF014,2015-08-14,0.0010000000474974513,
05OF014,2015-09-14,0.010999999940395355,
05OF014,2015-10-14,0.0010000000474974513,
05OF014,2016-03-14,7.090000152587891,B
05OF014,2016-04-14,0.19099999964237213,
05OF014,2016-05-14,0.04399999976158142,
05OF014,2016-06-14,0.2930000126361847,
05OF014,2016-07-14,0.3109999895095825,
05OF014,2016-08-14,0.11599999666213988,
05OF014,2016-09-14,0.0020000000949949026,
05OF014,2016-10-14,0.014999999664723871,
05OF014,2017-03-14,0.0020000000949949026,B
05OF014,2017-04-14,0.6610000133514404,
05OF014,2017-05-14,0.1940000057220459,
05OF014,2017-06-14,0.915000021457672,
05OF014,2017-07-14,0.33000001311302185,
05OF014,2017-08-14,0.0,
05OF014,2017-09-14,0.0,
05OF014,2017-10-14,0.0,
05OF014,2018-03-14,,
05OF014,2018-04-14,,
05OF014,2018-06-14,0.0,
05OF014,2018-07-14,0.006000000052154064,
05OF014,2018-08-14,0.0,
05OF014,2018-09-14,0.0,
05OF014,2018-10-14,0.0,
05OF014,2019-03-14,0.0,B
05OF014,2019-04-14,1.8799999952316284,B
05OF014,2019-05-14,0.20600000023841855,
05OF014,2019-06-14,0.0,
05OF014,2019-07-14,0.0,
05OF014,2019-08-14,0.0,
05OF014,2019-09-14,0.0,
05OF014,2019-10-14,0.6029999852180481,A
05OF014,2019-11-14,,
05OF014,2020-03-14,0.0,B
05OF014,2020-04-14,,
05OF014,2020-05-14,0.0,
05OF014,2020-06-14,0.0,
05OF014,2020-07-14,0.2949999868869781,
05OF014,2020-08-14,0.0,
05OF014,2020-09-14,0.0,
05OF014,2020-10-14,0.0,
05OF014,2021-02-14,,
05OF014,2021-03-14,0.2370000034570694,B
05OF014,2021-04-14,0.009999999776482582,
05OF014,2021-05-14,0.05700000002980232,
05OF014,2021-06-14,0.017999999225139618,
05OF014,2021-07-14,0.0,
05OF014,2021-08-14,0.0,
05OF014,2021-09-14,0.0,
05OF014,2021-10-14,0.0,
05OF014,2022-03-14,0.0,B
05OF014,2022-04-14,1.5299999713897705,B
05OF014,2022-05-14,,
05OF014,2022-06-14,3.039999961853028,
05OF014,2022-07-14,0.4580000042915344,E
05OF014,2022-08-14,0.0,
05OF014,2022-09-14,0.0,
05OF014,2022-10-14,0.0,
05OF014,2023-02-14,,
05OF014,2023-03-14,0.0020000000949949026,B
05OF014,2023-04-14,9.40999984741211,B
05OF014,2023-05-14,,
05OF014,2023-06-14,0.382999986410141,
05OF014,2023-07-14,0.024000000208616257,
05OF014,2023-08-14,0.0,
05OF014,2023-09-14,0.0,
05OF014,2023-10-14,0.0,
05OF014,2024-03-14,1.0399999618530271,B
05OF014,2024-04-14,0.3930000066757202,
05OF014,2024-05-14,1.2999999523162842,
05OF014,2024-06-14,0.609000027179718,
05OF014,2024-07-14,0.5870000123977661,E
05OF014,2024-08-14,0.03599999845027924,
05OF014,2024-09-14,0.04699999839067459,
05OF014,2024-10-14,0.07800000160932541,
05OF014,1960-03-15,0.0,B
05OF014,1960-04-15,18.299999237060547,
05OF014,1960-05-15,0.7480000257492065,
05OF014,1960-06-15,0.07900000363588333,
05OF014,1960-07-15,0.0,
05OF014,1960-08-15,0.0,
05OF014,1960-09-15,0.0,
05OF014,1960-10-15,0.0,
05OF014,1961-03-15,0.0,B
05OF014,1961-04-15,0.5099999904632568,
05OF014,1961-05-15,0.05099999904632568,
05OF014,1961-06-15,0.0,
05OF014,1961-07-15,0.03999999910593033,
05OF014,1961-08-15,0.0,
05OF014,1961-09-15,0.0,
05OF014,1961-10-15,0.0,
05OF014,1962-03-15,0.0,
05OF014,1962-04-15,0.0,B
05OF014,1962-05-15,1.5399999618530271,
05OF014,1962-06-15,0.3109999895095825,
05OF014,1962-07-15,0.0,E
05OF014,1962-08-15,0.0,
05OF014,1962-09-15,0.0,
05OF014,1962-10-15,0.0,
05OF014,1963-03-15,0.0,B
05OF014,1963-04-15,0.10999999940395357,
05OF014,1963-05-15,0.0,
05OF014,1963-06-15,0.6600000262260437,
05OF014,1963-07-15,0.15299999713897705,
05OF014,1963-08-15,0.0,
05OF014,1963-09-15,0.0,
05OF014,1963-10-15,0.0,
05OF014,1964-03-15,0.0,B
05OF014,1964-04-15,5.800000190734863,B
05OF014,1964-05-15,0.09600000083446504,E
05OF014,1964-06-15,0.0,
05OF014,1964-07-15,0.04500000178813934,E
05OF014,1964-08-15,0.0,
05OF014,1964-09-15,0.17599999904632568,E
05OF014,1964-10-15,0.02800000086426735,E
05OF014,1965-03-15,0.0,B
05OF014,1965-04-15,32.79999923706055,
05OF014,1965-05-15,0.5149999856948853,
05OF014,1965-06-15,0.2440000027418137,E
05OF014,1965-07-15,0.019999999552965164,E
05OF014,1965-08-15,0.0,
05OF014,1965-09-15,0.0,
05OF014,1965-10-15,0.0,
05OF014,1966-03-15,0.0,B
05OF014,1966-04-15,0.0,
05OF014,1966-05-15,0.453000009059906,E
05OF014,1966-06-15,0.0,
05OF014,1966-07-15,3.910000085830689,E
05OF014,1966-08-15,0.0,
05OF014,1966-09-15,0.0,
05OF014,1966-10-15,0.0,
05OF014,1967-03-15,0.0,B
05OF014,1967-04-15,7.929999828338623,B
05OF014,1967-05-15,1.6399999856948853,
05OF014,1967-06-15,0.06800000369548798,
05OF014,1967-07-15,0.06499999761581421,
05OF014,1967-08-15,0.0,
05OF014,1967-09-15,0.0,
05OF014,1967-10-15,0.0,
05OF014,1968-03-15,0.0,B
05OF014,1968-04-15,0.3230000138282776,
05OF014,1968-05-15,0.296999990940094,
05OF014,1968-06-15,0.04800000041723251,
05OF014,1968-07-15,0.04199999943375588,
05OF014,1968-08-15,0.3680000007152557,E
05OF014,1968-09-15,1.440000057220459,E
05OF014,1968-10-15,0.3140000104904175,
05OF014,1969-03-15,0.0,B
05OF014,1969-04-15,18.299999237060547,
05OF014,1969-05-15,1.3600000143051147,E
05OF014,1969-06-15,0.1979999989271164,E
05OF014,1969-07-15,0.9430000185966492,E
05OF014,1969-08-15,0.07599999755620956,
05OF014,1969-09-15,0.04800000041723251,
05OF014,1969-10-15,0.07100000232458115,
05OF014,1970-03-15,0.0,B
05OF014,1970-04-15,6.510000228881836,B
05OF014,1970-05-15,11.199999809265137,
05OF014,1970-06-15,1.899999976158142,E
05OF014,1970-07-15,0.30000001192092896,E
05OF014,1970-08-15,0.15000000596046448,
05OF014,1970-09-15,0.0,
05OF014,1970-10-15,0.006000000052154064,E
05OF014,1971-03-15,0.0,B
05OF014,1971-04-15,9.710000038146973,
05OF014,1971-05-15,0.3680000007152557,
05OF014,1971-06-15,0.42500001192092896,
05OF014,1971-07-15,0.0,
05OF014,1971-08-15,0.0,
05OF014,1971-09-15,0.0,
05OF014,1971-10-15,0.1080000028014183,
05OF014,1972-03-15,0.0,B
05OF014,1972-04-15,15.199999809265137,B
05OF014,1972-05-15,0.5099999904632568,E
05OF014,1972-06-15,0.027000000700354576,
05OF014,1972-07-15,0.421999990940094,
05OF014,1972-08-15,0.1979999989271164,
05OF014,1972-09-15,0.09300000220537186,
05OF014,1972-10-15,0.03700000047683716,
05OF014,1973-03-15,0.28299999237060547,B
05OF014,1973-04-15,0.02800000086426735,
05OF014,1973-05-15,0.0,
05OF014,1973-06-15,0.0,
05OF014,1973-07-15,0.014000000432133676,
05OF014,1973-08-15,0.0,
05OF014,1973-09-15,0.0,
05OF014,1973-10-15,0.017999999225139618,E
05OF014,1974-03-15,0.0,B
05OF014,1974-04-15,0.8500000238418579,B
05OF014,1974-05-15,3.849999904632568,
05OF014,1974-06-15,0.6990000009536743,
05OF014,1974-07-15,0.15299999713897705,E
05OF014,1974-08-15,0.0,
05OF014,1974-09-15,0.014000000432133676,
05OF014,1974-10-15,0.0,
05OF014,1975-03-15,0.0,B
05OF014,1975-04-15,0.0,B
05OF014,1975-05-15,0.2440000027418137,
05OF014,1975-06-15,0.06800000369548798,
05OF014,1975-07-15,0.04800000041723251,
05OF014,1975-08-15,0.0,
05OF014,1975-09-15,0.0,
05OF014,1975-10-15,0.0,
05OF014,1976-03-15,0.0,B
05OF014,1976-04-15,3.9600000381469727,
05OF014,1976-05-15,0.20999999344348907,
05OF014,1976-06-15,0.14399999380111694,
05OF014,1976-07-15,0.0,
05OF014,1976-08-15,0.0,
05OF014,1976-09-15,0.0,
05OF014,1976-10-15,0.0,
05OF014,1977-03-15,0.0,B
05OF014,1977-04-15,0.007000000216066837,
05OF014,1977-05-15,0.0020000000949949026,
05OF014,1977-06-15,0.003000000026077032,
05OF014,1977-07-15,0.0820000022649765,
05OF014,1977-08-15,0.0,
05OF014,1977-09-15,0.090999998152256,
05OF014,1977-10-15,0.1420000046491623,
05OF014,1978-03-15,0.0,B
05OF014,1978-04-15,4.079999923706055,B
05OF014,1978-05-15,0.4449999928474426,
05OF014,1978-06-15,0.0,
05OF014,1978-07-15,0.0,
05OF014,1978-08-15,0.0,
05OF014,1978-09-15,0.0,
05OF014,1978-10-15,0.019999999552965164,
05OF014,1979-03-15,0.0,B
05OF014,1979-04-15,0.0,B
05OF014,1979-06-15,0.3610000014305115,
05OF014,1979-07-15,0.1860000044107437,
05OF014,1979-08-15,0.012000000104308128,
05OF014,1979-09-15,0.0,
05OF014,1979-10-15,0.0,
05OF014,1980-03-15,0.0,B
05OF014,1980-04-15,1.2599999904632568,
05OF014,1980-05-15,0.0,
05OF014,1980-06-15,0.0,
05OF014,1980-07-15,0.0,
05OF014,1980-08-15,0.0,
05OF014,1980-09-15,0.0,
05OF014,1980-10-15,0.0,
05OF014,1981-03-15,0.6380000114440918,B
05OF014,1981-04-15,0.019999999552965164,
05OF014,1981-05-15,0.0,
05OF014,1981-06-15,0.003000000026077032,
05OF014,1981-07-15,0.0020000000949949026,
05OF014,1981-08-15,0.10599999874830246,
05OF014,1981-09-15,0.0,
05OF014,1981-10-15,0.0,
05OF014,1982-03-15,0.0,B
05OF014,1982-04-15,6.5,B
05OF014,1982-05-15,0.014000000432133676,
05OF014,1982-06-15,0.0130000002682209,
05OF014,1982-07-15,0.0,
05OF014,1982-08-15,0.0,
05OF014,1982-09-15,0.0,
05OF014,1982-10-15,0.0,
05OF014,1983-03-15,1.4299999475479126,B
05OF014,1983-04-15,4.130000114440918,
05OF014,1983-05-15,0.027000000700354576,
05OF014,1983-06-15,0.0,
05OF014,1983-07-15,0.0020000000949949026,
05OF014,1983-08-15,0.0,
05OF014,1983-09-15,0.0,
05OF014,1983-10-15,0.0,
05OF014,1984-03-15,0.0,B
05OF014,1984-04-15,0.1720000058412552,
05OF014,1984-05-15,0.04899999871850014,E
05OF014,1984-06-15,0.0010000000474974513,
05OF014,1984-07-15,0.0,
05OF014,1984-08-15,0.0,
05OF014,1984-09-15,0.0,
05OF014,1984-10-15,0.0,
05OF014,1985-03-15,0.0,B
05OF014,1985-04-15,0.28200000524520874,
05OF014,1985-05-15,0.1589999943971634,
05OF014,1985-06-15,0.0,
05OF014,1985-07-15,0.08900000154972076,
05OF014,1985-08-15,0.008999999612569809,
05OF014,1985-09-15,0.3910000026226044,
05OF014,1985-10-15,0.20200000703334808,
05OF014,1986-03-15,0.0,B
05OF014,1986-04-15,0.25200000405311584,B
05OF014,1986-05-15,6.75,
05OF014,1986-06-15,0.03400000184774399,
05OF014,1986-07-15,0.0010000000474974513,
05OF014,1986-08-15,0.02500000037252903,
05OF014,1986-09-15,0.0,E
05OF014,1986-10-15,0.0,
05OF014,1987-03-15,0.0,B
05OF014,1987-04-15,1.159999966621399,
05OF014,1987-05-15,0.010999999940395355,
05OF014,1987-06-15,0.0,
05OF014,1987-07-15,0.0,
05OF014,1987-08-15,0.014000000432133676,
05OF014,1987-09-15,0.009999999776482582,
05OF014,1987-10-15,0.0,
05OF014,1988-03-15,0.02800000086426735,B
05OF014,1988-04-15,0.19900000095367432,A
05OF014,1988-05-15,0.0,
05OF014,1988-06-15,0.0,
05OF014,1988-07-15,0.0,
05OF014,1988-08-15,0.0,
05OF014,1988-09-15,0.0,
05OF014,1988-10-15,0.0,
05OF014,1989-03-15,0.0,B
05OF014,1989-04-15,1.5,B
05OF014,1989-05-15,0.024000000208616257,A
05OF014,1989-06-15,0.0,
05OF014,1989-07-15,0.0,
05OF014,1989-08-15,0.0,
05OF014,1989-09-15,0.0,
05OF014,1989-10-15,0.0,
05OF014,1990-03-15,0.0,B
05OF014,1990-04-15,1.0499999523162842,B
05OF014,1990-05-15,0.04500000178813934,
05OF014,1990-06-15,0.5289999842643738,
05OF014,1990-07-15,0.0560000017285347,
05OF014,1990-08-15,0.0,
05OF014,1990-09-15,0.0,
05OF014,1990-10-15,0.0,
05OF014,1991-03-15,0.0,B
05OF014,1991-04-15,0.02199999988079071,
05OF014,1991-05-15,0.07599999755620956,
05OF014,1991-06-15,0.0,
05OF014,1991-07-15,5.340000152587891,
05OF014,1991-08-15,0.0430000014603138,
05OF014,1991-09-15,0.0,
05OF014,1991-10-15,0.0,
05OF014,1992-03-15,1.7100000381469729,B
05OF014,1992-04-15,1.5199999809265137,
05OF014,1992-05-15,0.057999998331069946,
05OF014,1992-06-15,0.12999999523162842,
05OF014,1992-07-15,0.02800000086426735,
05OF014,1992-08-15,0.0,
05OF014,1992-09-15,0.003000000026077032,
05OF014,1992-10-15,0.0,
05OF014,1993-03-15,0.0,B
05OF014,1993-04-15,1.399999976158142,
05OF014,1993-05-15,0.9559999704360962,
05OF014,1993-06-15,1.1100000143051147,
05OF014,1993-07-15,0.3409999907016754,
05OF014,1993-08-15,3.430000066757202,
05OF014,1993-09-15,0.2290000021457672,
05OF014,1993-10-15,0.02199999988079071,
05OF014,1994-03-15,0.004000000189989805,B
05OF014,1994-04-15,0.9020000100135804,
05OF014,1994-05-15,0.4309999942779541,
05OF014,1994-06-15,0.0430000014603138,
05OF014,1994-07-15,0.008999999612569809,
05OF014,1994-08-15,0.02500000037252903,
05OF014,1994-09-15,0.054999999701976776,A
05OF014,1994-10-15,1.2200000286102295,E
05OF014,1995-03-15,0.13500000536441803,B
05OF014,1995-04-15,11.899999618530272,
05OF014,1995-05-15,6.179999828338623,
05OF014,1995-06-15,0.4020000100135803,
05OF014,1995-07-15,0.023000000044703484,
05OF014,1995-08-15,0.0,
05OF014,1995-09-15,0.07400000095367432,
05OF014,1995-10-15,0.017999999225139618,
05OF014,1996-03-15,0.0,B
05OF014,1996-04-15,60.59999847412109,B
05OF014,1996-05-15,2.1700000762939453,
05OF014,1996-06-15,0.3149999976158142,
05OF014,1996-07-15,0.10599999874830246,
05OF014,1996-08-15,0.7269999980926514,
05OF014,1996-09-15,0.00800000037997961,
05OF014,1996-10-15,0.0,
05OF014,1997-03-15,0.0,B
05OF014,1997-04-15,2.569999933242798,B
05OF014,1997-05-15,,
05OF014,1997-06-15,0.4399999976158142,
05OF014,1997-07-15,1.340000033378601,
05OF014,1997-08-15,0.0,
05OF014,1997-09-15,0.0,
05OF014,1997-10-15,0.01899999938905239,
05OF014,1998-03-15,0.07500000298023224,B
05OF014,1998-04-15,8.5,
05OF014,1998-05-15,5.340000152587891,
05OF014,1998-06-15,0.11500000208616255,
05OF014,1998-07-15,0.05400000140070915,
05OF014,1998-08-15,0.0010000000474974513,
05OF014,1998-09-15,0.0,
05OF014,1998-10-15,0.0,
05OF014,1999-03-15,0.0,B
05OF014,1999-04-15,0.37299999594688416,
05OF014,1999-05-15,1.0399999618530271,
05OF014,1999-06-15,1.1299999952316284,
05OF014,1999-07-15,0.06800000369548798,
05OF014,1999-08-15,0.0,
05OF014,1999-09-15,0.0,
05OF014,1999-10-15,0.0,
05OF014,2000-03-15,0.09799999743700027,B
05OF014,2000-04-15,0.01899999938905239,
05OF014,2000-05-15,0.0,
05OF014,2000-06-15,1.2999999523162842,
05OF014,2000-07-15,0.0,
05OF014,2000-08-15,0.12099999934434892,
05OF014,2000-09-15,0.039000000804662704,
05OF014,2000-10-15,0.0,
05OF014,2001-03-15,0.0,B
05OF014,2001-04-15,8.989999771118164,
05OF014,2001-05-15,1.2300000190734863,
05OF014,2001-06-15,0.949999988079071,
05OF014,2001-07-15,0.00800000037997961,
05OF014,2001-08-15,0.04199999943375588,
05OF014,2001-09-15,0.004999999888241291,
05OF014,2001-10-15,0.0,
05OF014,2002-03-15,0.0,B
05OF014,2002-04-15,0.8809999823570251,B
05OF014,2002-05-15,0.10999999940395357,
05OF014,2002-06-15,9.520000457763672,
05OF014,2002-07-15,0.017000000923871994,
05OF014,2002-08-15,0.0,
05OF014,2002-09-15,0.2150000035762787,
05OF014,2002-10-15,0.04899999871850014,
05OF014,2003-03-15,0.0,B
05OF014,2003-04-15,0.8560000061988831,
05OF014,2003-05-15,0.014999999664723871,
05OF014,2003-06-15,0.14100000262260437,
05OF014,2003-07-15,0.08100000023841858,
05OF014,2003-08-15,0.0,
05OF014,2003-09-15,0.0,
05OF014,2003-10-15,0.0,
05OF014,2004-03-15,0.0,B
05OF014,2004-04-15,0.574999988079071,A
05OF014,2004-05-15,4.519999980926514,
05OF014,2004-06-15,1.649999976158142,
05OF014,2004-07-15,0.5370000004768372,
05OF014,2004-08-15,0.012000000104308128,
05OF014,2004-09-15,0.239999994635582,
05OF014,2004-10-15,0.10999999940395357,
05OF014,2005-03-15,0.0,B
05OF014,2005-04-15,6.320000171661377,
05OF014,2005-05-15,0.984000027179718,
05OF014,2005-06-15,38.59999847412109,A
05OF014,2005-07-15,5.0,
05OF014,2005-08-15,0.004999999888241291,
05OF014,2005-09-15,0.008999999612569809,
05OF014,2005-10-15,0.8450000286102295,
05OF014,2006-03-15,0.05299999937415123,B
05OF014,2006-04-15,1.25,E
05OF014,2006-05-15,1.840000033378601,
05OF014,2006-06-15,0.04199999943375588,
05OF014,2006-07-15,0.0,
05OF014,2006-08-15,0.0,
05OF014,2006-09-15,0.0,
05OF014,2006-10-15,0.0,
05OF014,2007-03-15,0.0,B
05OF014,2007-04-15,1.7699999809265137,
05OF014,2007-05-15,0.09799999743700027,
05OF014,2007-06-15,1.2899999618530271,
05OF014,2007-07-15,3.049999952316284,
05OF014,2007-08-15,0.10499999672174454,A
05OF014,2007-09-15,0.029999999329447743,
05OF014,2007-10-15,0.008999999612569809,
05OF014,2008-03-15,0.0,B
05OF014,2008-04-15,2.3399999141693115,B
05OF014,2008-05-15,0.07999999821186066,
05OF014,2008-06-15,3.039999961853028,
05OF014,2008-07-15,0.09399999678134918,
05OF014,2008-08-15,0.0,
05OF014,2008-09-15,0.0,A
05OF014,2008-10-15,2.0299999713897705,
05OF014,2009-03-15,0.0,B
05OF014,2009-04-15,,
05OF014,2009-05-15,3.609999895095825,
05OF014,2009-06-15,3.5,
05OF014,2009-07-15,0.03999999910593033,
05OF014,2009-08-15,0.004000000189989805,
05OF014,2009-09-15,0.04399999976158142,
05OF014,2009-10-15,0.02500000037252903,
05OF014,2010-03-15,1.0,B
05OF014,2010-04-15,0.574999988079071,
05OF014,2010-05-15,1.059999942779541,
05OF014,2010-06-15,0.628000020980835,
05OF014,2010-07-15,0.6349999904632568,
05OF014,2010-08-15,0.02199999988079071,
05OF014,2010-09-15,4.079999923706055,
05OF014,2010-10-15,0.2370000034570694,
05OF014,2011-03-15,0.1169999986886978,B
05OF014,2011-04-15,,
05OF014,2011-05-15,,
05OF014,2011-06-15,1.2599999904632568,E
05OF014,2011-07-15,0.4519999921321869,
05OF014,2011-08-15,0.07000000029802322,
05OF014,2011-09-15,0.0,
05OF014,2011-10-15,0.027000000700354576,
05OF014,2012-03-15,0.7950000166893005,B
05OF014,2012-04-15,0.04500000178813934,
05OF014,2012-05-15,0.07800000160932541,
05OF014,2012-06-15,0.08100000023841858,
05OF014,2012-07-15,0.03599999845027924,
05OF014,2012-08-15,0.0,
05OF014,2012-09-15,0.0,
05OF014,2012-10-15,0.0,
05OF014,2013-03-15,0.0,B
05OF014,2013-04-15,0.0,B
05OF014,2013-05-15,1.7000000476837158,
05OF014,2013-06-15,1.0,
05OF014,2013-07-15,0.2430000007152557,
05OF014,2013-08-15,0.17499999701976776,
05OF014,2013-09-15,0.027000000700354576,
05OF014,2013-10-15,0.00800000037997961,
05OF014,2014-03-15,0.0,B
05OF014,2014-04-15,17.299999237060547,B
05OF014,2014-05-15,0.7630000114440918,
05OF014,2014-06-15,0.6349999904632568,
05OF014,2014-07-15,0.04699999839067459,
05OF014,2014-08-15,0.0,
05OF014,2014-09-15,0.0,
05OF014,2014-10-15,0.0,
05OF014,2015-03-15,0.3910000026226044,B
05OF014,2015-04-15,0.05099999904632568,
05OF014,2015-05-15,0.3240000009536743,
05OF014,2015-06-15,0.23899999260902405,
05OF014,2015-07-15,0.03500000014901161,
05OF014,2015-08-15,0.0010000000474974513,
05OF014,2015-09-15,0.008999999612569809,
05OF014,2015-10-15,0.0010000000474974513,
05OF014,2016-03-15,18.299999237060547,B
05OF014,2016-04-15,0.3240000009536743,
05OF014,2016-05-15,0.03400000184774399,
05OF014,2016-06-15,0.3720000088214874,
05OF014,2016-07-15,0.16599999368190765,
05OF014,2016-08-15,0.08100000023841858,
05OF014,2016-09-15,0.0010000000474974513,
05OF014,2016-10-15,0.010999999940395355,
05OF014,2017-03-15,0.0020000000949949026,B
05OF014,2017-04-15,0.5740000009536743,
05OF014,2017-05-15,0.19200000166893005,
05OF014,2017-06-15,0.8230000138282776,
05OF014,2017-07-15,0.289000004529953,
05OF014,2017-08-15,0.0,
05OF014,2017-09-15,0.0,
05OF014,2017-10-15,0.0,
05OF014,2018-03-15,,
05OF014,2018-04-15,,
05OF014,2018-06-15,0.0010000000474974513,
05OF014,2018-07-15,0.003000000026077032,
05OF014,2018-08-15,0.0,
05OF014,2018-09-15,0.0,
05OF014,2018-10-15,0.0,
05OF014,2019-03-15,0.0,B
05OF014,2019-04-15,2.1700000762939453,B
05OF014,2019-05-15,0.17399999499320984,
05OF014,2019-06-15,0.0,
05OF014,2019-07-15,0.0,
05OF014,2019-08-15,0.0,
05OF014,2019-09-15,0.0,
05OF014,2019-10-15,,
05OF014,2019-11-15,,
05OF014,2020-03-15,0.0,B
05OF014,2020-04-15,,
05OF014,2020-05-15,0.0,
05OF014,2020-06-15,0.0,
05OF014,2020-07-15,0.1599999964237213,
05OF014,2020-08-15,0.0,
05OF014,2020-09-15,0.0,
05OF014,2020-10-15,0.0,
05OF014,2021-02-15,,
05OF014,2021-03-15,0.28999999165534973,B
05OF014,2021-04-15,0.008999999612569809,
05OF014,2021-05-15,0.05299999937415123,
05OF014,2021-06-15,0.014000000432133676,
05OF014,2021-07-15,0.0,
05OF014,2021-08-15,0.0,
05OF014,2021-09-15,0.0,
05OF014,2021-10-15,0.0,
05OF014,2022-03-15,0.0,B
05OF014,2022-04-15,0.1899999976158142,B
05OF014,2022-05-15,,
05OF014,2022-06-15,3.0,
05OF014,2022-07-15,0.4300000071525574,E
05OF014,2022-08-15,0.0,
05OF014,2022-09-15,0.0,
05OF014,2022-10-15,0.0,
05OF014,2023-02-15,,
05OF014,2023-03-15,0.0020000000949949026,B
05OF014,2023-04-15,42.0,B
05OF014,2023-05-15,1.830000042915344,A
05OF014,2023-06-15,0.3140000104904175,
05OF014,2023-07-15,0.01899999938905239,
05OF014,2023-08-15,0.0,
05OF014,2023-09-15,0.0,
05OF014,2023-10-15,0.0,
05OF014,2024-03-15,1.1399999856948853,B
05OF014,2024-04-15,0.28600001335144043,
05OF014,2024-05-15,1.3300000429153442,
05OF014,2024-06-15,0.5350000262260437,
05OF014,2024-07-15,0.4690000116825104,E
05OF014,2024-08-15,0.06800000369548798,
05OF014,2024-09-15,0.03999999910593033,
05OF014,2024-10-15,0.07500000298023224,
05OF014,1960-03-16,0.0,B
05OF014,1960-04-16,16.399999618530273,
05OF014,1960-05-16,0.5379999876022339,
05OF014,1960-06-16,0.06800000369548798,
05OF014,1960-07-16,0.0,
05OF014,1960-08-16,0.0,
05OF014,1960-09-16,0.0,
05OF014,1960-10-16,0.0,
05OF014,1961-03-16,0.0,B
05OF014,1961-04-16,0.6230000257492065,E
05OF014,1961-05-16,0.03400000184774399,
05OF014,1961-06-16,0.0,
05OF014,1961-07-16,0.010999999940395355,
05OF014,1961-08-16,0.0,
05OF014,1961-09-16,0.0,
05OF014,1961-10-16,0.0,
05OF014,1962-03-16,0.0,
05OF014,1962-04-16,0.010999999940395355,B
05OF014,1962-05-16,3.450000047683716,
05OF014,1962-06-16,0.3059999942779541,E
05OF014,1962-07-16,0.0,
05OF014,1962-08-16,0.0,
05OF014,1962-09-16,0.0,
05OF014,1962-10-16,0.0,
05OF014,1963-03-16,0.0,B
05OF014,1963-04-16,0.1080000028014183,E
05OF014,1963-05-16,0.0,
05OF014,1963-06-16,0.5950000286102295,E
05OF014,1963-07-16,0.125,E
05OF014,1963-08-16,0.0,
05OF014,1963-09-16,0.0,
05OF014,1963-10-16,0.0,
05OF014,1964-03-16,0.0,B
05OF014,1964-04-16,4.809999942779541,B
05OF014,1964-05-16,0.08799999952316284,
05OF014,1964-06-16,0.0,
05OF014,1964-07-16,0.090999998152256,E
05OF014,1964-08-16,0.0,
05OF014,1964-09-16,0.17599999904632568,E
05OF014,1964-10-16,0.02800000086426735,E
05OF014,1965-03-16,0.0,B
05OF014,1965-04-16,26.200000762939453,
05OF014,1965-05-16,0.5149999856948853,
05OF014,1965-06-16,0.22699999809265137,E
05OF014,1965-07-16,0.019999999552965164,E
05OF014,1965-08-16,0.0,
05OF014,1965-09-16,0.0,
05OF014,1965-10-16,0.0,
05OF014,1966-03-16,0.0,B
05OF014,1966-04-16,0.0,
05OF014,1966-05-16,0.9399999976158142,E
05OF014,1966-06-16,0.02800000086426735,E
05OF014,1966-07-16,2.5299999713897705,E
05OF014,1966-08-16,0.0,
05OF014,1966-09-16,0.0,
05OF014,1966-10-16,0.0,
05OF014,1967-03-16,0.0,B
05OF014,1967-04-16,7.869999885559082,B
05OF014,1967-05-16,1.1799999475479126,
05OF014,1967-06-16,0.07100000232458115,
05OF014,1967-07-16,0.04500000178813934,
05OF014,1967-08-16,0.0,
05OF014,1967-09-16,0.0,
05OF014,1967-10-16,0.0,
05OF014,1968-03-16,0.0,B
05OF014,1968-04-16,0.26100000739097595,
05OF014,1968-05-16,0.25200000405311584,
05OF014,1968-06-16,0.04500000178813934,E
05OF014,1968-07-16,0.16099999845027924,E
05OF014,1968-08-16,0.3479999899864197,
05OF014,1968-09-16,1.100000023841858,
05OF014,1968-10-16,0.296999990940094,
05OF014,1969-03-16,0.0,B
05OF014,1969-04-16,14.0,
05OF014,1969-05-16,1.2999999523162842,E
05OF014,1969-06-16,0.17000000178813934,E
05OF014,1969-07-16,0.7649999856948853,E
05OF014,1969-08-16,0.07100000232458115,
05OF014,1969-09-16,0.07599999755620956,
05OF014,1969-10-16,0.04199999943375588,
05OF014,1970-03-16,0.0,B
05OF014,1970-04-16,13.0,B
05OF014,1970-05-16,15.899999618530272,
05OF014,1970-06-16,1.1299999952316284,
05OF014,1970-07-16,0.3059999942779541,
05OF014,1970-08-16,0.11299999803304672,E
05OF014,1970-09-16,0.003000000026077032,
05OF014,1970-10-16,0.010999999940395355,
05OF014,1971-03-16,0.0,B
05OF014,1971-04-16,7.25,
05OF014,1971-05-16,0.37400001287460327,
05OF014,1971-06-16,0.39899998903274536,
05OF014,1971-07-16,0.0,
05OF014,1971-08-16,0.0,
05OF014,1971-09-16,0.0,
05OF014,1971-10-16,0.10499999672174454,
05OF014,1972-03-16,0.0,B
05OF014,1972-04-16,12.899999618530272,
05OF014,1972-05-16,0.4670000076293945,
05OF014,1972-06-16,0.07599999755620956,
05OF014,1972-07-16,0.4160000085830689,
05OF014,1972-08-16,0.17299999296665192,
05OF014,1972-09-16,0.08500000089406967,
05OF014,1972-10-16,0.02800000086426735,
05OF014,1973-03-16,0.5830000042915344,B
05OF014,1973-04-16,0.007000000216066837,
05OF014,1973-05-16,0.0,
05OF014,1973-06-16,0.0,
05OF014,1973-07-16,0.014000000432133676,
05OF014,1973-08-16,0.0,
05OF014,1973-09-16,0.0,
05OF014,1973-10-16,0.01600000075995922,E
05OF014,1974-03-16,0.0,B
05OF014,1974-04-16,15.899999618530272,B
05OF014,1974-05-16,5.690000057220459,
05OF014,1974-06-16,0.6850000023841858,
05OF014,1974-07-16,0.1420000046491623,E
05OF014,1974-08-16,0.0,
05OF014,1974-09-16,0.007000000216066837,
05OF014,1974-10-16,0.0,
05OF014,1975-03-16,0.0,B
05OF014,1975-04-16,1.6699999570846558,B
05OF014,1975-05-16,0.22699999809265137,
05OF014,1975-06-16,0.08799999952316284,
05OF014,1975-07-16,0.04500000178813934,
05OF014,1975-08-16,0.0,
05OF014,1975-09-16,0.0,
05OF014,1975-10-16,0.0,
05OF014,1976-03-16,0.0,B
05OF014,1976-04-16,3.849999904632568,
05OF014,1976-05-16,0.19499999284744263,
05OF014,1976-06-16,0.12200000137090684,
05OF014,1976-07-16,0.0,
05OF014,1976-08-16,0.0,
05OF014,1976-09-16,0.0,
05OF014,1976-10-16,0.0,
05OF014,1977-03-16,0.0,B
05OF014,1977-04-16,0.0,
05OF014,1977-05-16,0.0010000000474974513,
05OF014,1977-06-16,0.014000000432133676,
05OF014,1977-07-16,0.05700000002980232,
05OF014,1977-08-16,0.0,
05OF014,1977-09-16,0.08500000089406967,
05OF014,1977-10-16,0.15299999713897705,
05OF014,1978-03-16,0.0,B
05OF014,1978-04-16,3.5999999046325684,
05OF014,1978-05-16,0.4129999876022339,
05OF014,1978-06-16,0.05099999904632568,
05OF014,1978-07-16,0.0,
05OF014,1978-08-16,0.0,
05OF014,1978-09-16,0.08799999952316284,
05OF014,1978-10-16,0.017999999225139618,
05OF014,1979-03-16,0.0,B
05OF014,1979-04-16,0.0,B
05OF014,1979-06-16,0.31700000166893005,
05OF014,1979-07-16,0.15299999713897705,
05OF014,1979-08-16,0.009999999776482582,
05OF014,1979-09-16,0.0,
05OF014,1979-10-16,0.0,
05OF014,1980-03-16,0.0,B
05OF014,1980-04-16,0.9559999704360962,
05OF014,1980-05-16,0.0,
05OF014,1980-06-16,0.0,
05OF014,1980-07-16,0.0,
05OF014,1980-08-16,0.0,
05OF014,1980-09-16,0.0,
05OF014,1980-10-16,0.0,
05OF014,1981-03-16,0.625,B
05OF014,1981-04-16,0.01600000075995922,
05OF014,1981-05-16,0.0,
05OF014,1981-06-16,0.0010000000474974513,
05OF014,1981-07-16,0.0010000000474974513,
05OF014,1981-08-16,0.10300000011920928,
05OF014,1981-09-16,0.0,
05OF014,1981-10-16,0.0,
05OF014,1982-03-16,0.0,B
05OF014,1982-04-16,4.039999961853027,B
05OF014,1982-05-16,0.00800000037997961,
05OF014,1982-06-16,0.012000000104308128,
05OF014,1982-07-16,0.0,
05OF014,1982-08-16,0.0,
05OF014,1982-09-16,0.0,
05OF014,1982-10-16,0.0,
05OF014,1983-03-16,4.53000020980835,B
05OF014,1983-04-16,3.069999933242798,
05OF014,1983-05-16,0.020999999716877937,
05OF014,1983-06-16,0.0,
05OF014,1983-07-16,0.0010000000474974513,
05OF014,1983-08-16,0.0,
05OF014,1983-09-16,0.0,
05OF014,1983-10-16,0.0,
05OF014,1984-03-16,0.0,B
05OF014,1984-04-16,0.14100000262260437,
05OF014,1984-05-16,0.04699999839067459,E
05OF014,1984-06-16,0.0010000000474974513,
05OF014,1984-07-16,0.0,
05OF014,1984-08-16,0.0,
05OF014,1984-09-16,0.0,
05OF014,1984-10-16,0.0,
05OF014,1985-03-16,0.0,B
05OF014,1985-04-16,0.25200000405311584,
05OF014,1985-05-16,0.12099999934434892,
05OF014,1985-06-16,0.0,
05OF014,1985-07-16,0.0860000029206276,
05OF014,1985-08-16,0.00800000037997961,
05OF014,1985-09-16,0.32499998807907104,
05OF014,1985-10-16,0.41999998688697815,
05OF014,1986-03-16,0.0,B
05OF014,1986-04-16,0.4959999918937683,
05OF014,1986-05-16,4.389999866485596,
05OF014,1986-06-16,0.03400000184774399,
05OF014,1986-07-16,0.0020000000949949026,
05OF014,1986-08-16,0.0020000000949949026,A
05OF014,1986-09-16,0.0,E
05OF014,1986-10-16,0.0,
05OF014,1987-03-16,0.0,B
05OF014,1987-04-16,1.0800000429153442,
05OF014,1987-05-16,0.0020000000949949026,
05OF014,1987-06-16,0.0,
05OF014,1987-07-16,0.0,
05OF014,1987-08-16,0.027000000700354576,
05OF014,1987-09-16,0.00800000037997961,
05OF014,1987-10-16,0.0,
05OF014,1988-03-16,0.02500000037252903,B
05OF014,1988-04-16,0.1420000046491623,
05OF014,1988-05-16,0.0,
05OF014,1988-06-16,0.0,
05OF014,1988-07-16,0.0,
05OF014,1988-08-16,0.0,
05OF014,1988-09-16,0.0,
05OF014,1988-10-16,0.0,
05OF014,1989-03-16,0.0,B
05OF014,1989-04-16,16.5,B
05OF014,1989-05-16,0.027000000700354576,A
05OF014,1989-06-16,0.0,
05OF014,1989-07-16,0.0,
05OF014,1989-08-16,0.0,
05OF014,1989-09-16,0.0,
05OF014,1989-10-16,0.0,
05OF014,1990-03-16,0.0,B
05OF014,1990-04-16,1.0099999904632568,
05OF014,1990-05-16,0.05299999937415123,
05OF014,1990-06-16,0.6330000162124634,
05OF014,1990-07-16,0.03999999910593033,
05OF014,1990-08-16,0.0,
05OF014,1990-09-16,0.0,
05OF014,1990-10-16,0.0,
05OF014,1991-03-16,0.0,B
05OF014,1991-04-16,0.017000000923871994,
05OF014,1991-05-16,0.06400000303983688,
05OF014,1991-06-16,0.0949999988079071,
05OF014,1991-07-16,3.289999961853028,
05OF014,1991-08-16,0.02800000086426735,
05OF014,1991-09-16,0.0,
05OF014,1991-10-16,0.0,
05OF014,1992-03-16,1.1799999475479126,B
05OF014,1992-04-16,1.809999942779541,
05OF014,1992-05-16,0.090999998152256,
05OF014,1992-06-16,0.125,
05OF014,1992-07-16,0.032999999821186066,
05OF014,1992-08-16,0.0,
05OF014,1992-09-16,0.004999999888241291,
05OF014,1992-10-16,0.0,
05OF014,1993-03-16,0.0,B
05OF014,1993-04-16,0.8859999775886536,
05OF014,1993-05-16,0.7459999918937683,
05OF014,1993-06-16,0.8960000276565552,
05OF014,1993-07-16,0.34200000762939453,
05OF014,1993-08-16,3.950000047683716,
05OF014,1993-09-16,0.2179999947547913,
05OF014,1993-10-16,0.05000000074505806,
05OF014,1994-03-16,0.006000000052154064,B
05OF014,1994-04-16,0.8769999742507935,
05OF014,1994-05-16,0.382999986410141,
05OF014,1994-06-16,0.03700000047683716,
05OF014,1994-07-16,0.012000000104308128,
05OF014,1994-08-16,0.0010000000474974513,
05OF014,1994-09-16,0.07800000160932541,E
05OF014,1994-10-16,2.359999895095825,E
05OF014,1995-03-16,0.04699999839067459,B
05OF014,1995-04-16,10.300000190734863,
05OF014,1995-05-16,5.099999904632568,
05OF014,1995-06-16,0.3160000145435333,
05OF014,1995-07-16,0.020999999716877937,
05OF014,1995-08-16,0.0,A
05OF014,1995-09-16,0.06700000166893005,
05OF014,1995-10-16,0.010999999940395355,
05OF014,1996-03-16,0.0,B
05OF014,1996-04-16,64.69999694824219,B
05OF014,1996-05-16,1.2599999904632568,
05OF014,1996-06-16,0.2919999957084656,
05OF014,1996-07-16,0.05900000035762787,
05OF014,1996-08-16,0.8669999837875366,
05OF014,1996-09-16,0.007000000216066837,
05OF014,1996-10-16,0.0,
05OF014,1997-03-16,0.0,B
05OF014,1997-04-16,3.680000066757202,B
05OF014,1997-05-16,,
05OF014,1997-06-16,0.3479999899864197,
05OF014,1997-07-16,1.1299999952316284,
05OF014,1997-08-16,0.0,
05OF014,1997-09-16,0.0,
05OF014,1997-10-16,0.006000000052154064,
05OF014,1998-03-16,0.08699999749660492,B
05OF014,1998-04-16,4.420000076293945,
05OF014,1998-05-16,2.640000104904175,
05OF014,1998-06-16,0.11100000143051147,
05OF014,1998-07-16,0.05400000140070915,
05OF014,1998-08-16,0.0010000000474974513,
05OF014,1998-09-16,0.0,
05OF014,1998-10-16,0.0,
05OF014,1999-03-16,0.0,B
05OF014,1999-04-16,0.3580000102519989,
05OF014,1999-05-16,0.972000002861023,
05OF014,1999-06-16,1.0700000524520874,
05OF014,1999-07-16,0.1550000011920929,
05OF014,1999-08-16,0.0,
05OF014,1999-09-16,0.0,
05OF014,1999-10-16,0.0,
05OF014,2000-03-16,0.07100000232458115,B
05OF014,2000-04-16,0.014000000432133676,
05OF014,2000-05-16,0.0,
05OF014,2000-06-16,0.6949999928474426,
05OF014,2000-07-16,0.0,
05OF014,2000-08-16,0.03500000014901161,
05OF014,2000-09-16,0.04399999976158142,
05OF014,2000-10-16,0.0,
05OF014,2001-03-16,0.0,B
05OF014,2001-04-16,5.849999904632568,
05OF014,2001-05-16,1.149999976158142,
05OF014,2001-06-16,0.9200000166893004,
05OF014,2001-07-16,0.00800000037997961,
05OF014,2001-08-16,0.039000000804662704,
05OF014,2001-09-16,0.004999999888241291,
05OF014,2001-10-16,0.0,
05OF014,2002-03-16,0.0,B
05OF014,2002-04-16,0.7519999742507935,
05OF014,2002-05-16,0.12399999797344208,
05OF014,2002-06-16,5.889999866485596,
05OF014,2002-07-16,0.024000000208616257,
05OF014,2002-08-16,0.0,
05OF014,2002-09-16,0.17299999296665192,
05OF014,2002-10-16,0.04100000113248825,
05OF014,2003-03-16,0.0010000000474974513,B
05OF014,2003-04-16,0.6570000052452087,
05OF014,2003-05-16,0.017999999225139618,
05OF014,2003-06-16,9.630000114440918,
05OF014,2003-07-16,0.0689999982714653,
05OF014,2003-08-16,0.0,
05OF014,2003-09-16,0.0,
05OF014,2003-10-16,0.0,
05OF014,2004-03-16,0.0,B
05OF014,2004-04-16,0.479999989271164,
05OF014,2004-05-16,11.600000381469728,
05OF014,2004-06-16,1.840000033378601,
05OF014,2004-07-16,0.5059999823570251,
05OF014,2004-08-16,0.012000000104308128,
05OF014,2004-09-16,0.20900000631809235,
05OF014,2004-10-16,0.11299999803304672,
05OF014,2005-03-16,0.0,B
05OF014,2005-04-16,4.210000038146973,
05OF014,2005-05-16,1.059999942779541,
05OF014,2005-06-16,49.70000076293945,
05OF014,2005-07-16,3.799999952316284,A
05OF014,2005-08-16,0.007000000216066837,
05OF014,2005-09-16,0.010999999940395355,
05OF014,2005-10-16,0.5180000066757202,
05OF014,2006-03-16,0.05299999937415123,B
05OF014,2006-04-16,1.100000023841858,E
05OF014,2006-05-16,1.6299999952316284,
05OF014,2006-06-16,0.06800000369548798,
05OF014,2006-07-16,0.0,
05OF014,2006-08-16,0.0,
05OF014,2006-09-16,0.0,
05OF014,2006-10-16,0.0,
05OF014,2007-03-16,0.0,B
05OF014,2007-04-16,1.6799999475479126,
05OF014,2007-05-16,0.07400000095367432,
05OF014,2007-06-16,0.8999999761581421,
05OF014,2007-07-16,2.4200000762939453,
05OF014,2007-08-16,0.09600000083446504,A
05OF014,2007-09-16,0.029999999329447743,A
05OF014,2007-10-16,0.004999999888241291,
05OF014,2008-03-16,0.0,B
05OF014,2008-04-16,2.0,B
05OF014,2008-05-16,0.07100000232458115,
05OF014,2008-06-16,2.2100000381469727,
05OF014,2008-07-16,0.12200000137090684,
05OF014,2008-08-16,0.0,
05OF014,2008-09-16,0.0,
05OF014,2008-10-16,1.059999942779541,
05OF014,2009-03-16,0.01600000075995922,B
05OF014,2009-04-16,,
05OF014,2009-05-16,2.900000095367432,
05OF014,2009-06-16,3.9700000286102295,
05OF014,2009-07-16,0.3479999899864197,
05OF014,2009-08-16,0.007000000216066837,
05OF014,2009-09-16,0.03500000014901161,
05OF014,2009-10-16,0.023000000044703484,
05OF014,2010-03-16,1.5,B
05OF014,2010-04-16,0.5210000276565552,
05OF014,2010-05-16,0.9240000247955322,
05OF014,2010-06-16,0.5389999747276306,A
05OF014,2010-07-16,0.7009999752044678,
05OF014,2010-08-16,0.012000000104308128,
05OF014,2010-09-16,3.0799999237060547,
05OF014,2010-10-16,0.2419999986886978,
05OF014,2011-03-16,0.125,B
05OF014,2011-04-16,,
05OF014,2011-05-16,,
05OF014,2011-06-16,4.119999885559082,A
05OF014,2011-07-16,0.386000007390976,
05OF014,2011-08-16,0.07999999821186066,
05OF014,2011-09-16,0.0,
05OF014,2011-10-16,0.023000000044703484,
05OF014,2012-03-16,3.299999952316284,B
05OF014,2012-04-16,0.04399999976158142,
05OF014,2012-05-16,0.07400000095367432,
05OF014,2012-06-16,0.08900000154972076,
05OF014,2012-07-16,0.028999999165534973,
05OF014,2012-08-16,0.0,
05OF014,2012-09-16,0.0,
05OF014,2012-10-16,0.0,
05OF014,2013-03-16,0.0,B
05OF014,2013-04-16,0.0,B
05OF014,2013-05-16,1.3899999856948853,
05OF014,2013-06-16,0.9160000085830688,
05OF014,2013-07-16,0.2179999947547913,
05OF014,2013-08-16,0.16599999368190765,
05OF014,2013-09-16,0.029999999329447743,
05OF014,2013-10-16,0.007000000216066837,
05OF014,2014-03-16,0.0,B
05OF014,2014-04-16,10.800000190734863,B
05OF014,2014-05-16,0.8960000276565552,
05OF014,2014-06-16,0.6589999794960022,
05OF014,2014-07-16,0.02500000037252903,
05OF014,2014-08-16,0.0,
05OF014,2014-09-16,0.0,
05OF014,2014-10-16,0.014999999664723871,
05OF014,2015-03-16,2.7100000381469727,B
05OF014,2015-04-16,0.06700000166893005,
05OF014,2015-05-16,0.3140000104904175,
05OF014,2015-06-16,0.18299999833106995,
05OF014,2015-07-16,0.07599999755620956,
05OF014,2015-08-16,0.0010000000474974513,
05OF014,2015-09-16,0.00800000037997961,
05OF014,2015-10-16,0.0010000000474974513,
05OF014,2016-03-16,18.799999237060547,B
05OF014,2016-04-16,0.4900000095367432,
05OF014,2016-05-16,0.02500000037252903,
05OF014,2016-06-16,0.2680000066757202,
05OF014,2016-07-16,0.0820000022649765,
05OF014,2016-08-16,0.10899999737739564,
05OF014,2016-09-16,0.0010000000474974513,
05OF014,2016-10-16,0.004999999888241291,
05OF014,2017-03-16,0.003000000026077032,B
05OF014,2017-04-16,0.5590000152587891,
05OF014,2017-05-16,0.20200000703334808,
05OF014,2017-06-16,0.6930000185966492,
05OF014,2017-07-16,0.20100000500679016,
05OF014,2017-08-16,0.0,
05OF014,2017-09-16,0.0,
05OF014,2017-10-16,0.0,
05OF014,2018-03-16,,
05OF014,2018-04-16,,
05OF014,2018-06-16,0.0,
05OF014,2018-07-16,0.0010000000474974513,
05OF014,2018-08-16,0.0,
05OF014,2018-09-16,0.0,
05OF014,2018-10-16,0.0,
05OF014,2019-03-16,0.0,B
05OF014,2019-04-16,2.150000095367432,B
05OF014,2019-05-16,0.15800000727176666,
05OF014,2019-06-16,0.0,
05OF014,2019-07-16,0.0,
05OF014,2019-08-16,0.0,
05OF014,2019-09-16,0.0,
05OF014,2019-10-16,,
05OF014,2019-11-16,,
05OF014,2020-03-16,0.0,B
05OF014,2020-04-16,,
05OF014,2020-05-16,0.0,
05OF014,2020-06-16,0.0,
05OF014,2020-07-16,0.039000000804662704,
05OF014,2020-08-16,0.0,
05OF014,2020-09-16,0.0,
05OF014,2020-10-16,0.0,
05OF014,2021-02-16,,
05OF014,2021-03-16,0.3230000138282776,B
05OF014,2021-04-16,0.007000000216066837,
05OF014,2021-05-16,0.04800000041723251,
05OF014,2021-06-16,0.010999999940395355,
05OF014,2021-07-16,0.0,
05OF014,2021-08-16,0.0,
05OF014,2021-09-16,0.0,
05OF014,2021-10-16,0.0,
05OF014,2022-03-16,0.0,B
05OF014,2022-04-16,0.3930000066757202,B
05OF014,2022-05-16,,
05OF014,2022-06-16,3.109999895095825,
05OF014,2022-07-16,0.4169999957084656,E
05OF014,2022-08-16,0.0,
05OF014,2022-09-16,0.0,
05OF014,2022-10-16,0.0,
05OF014,2023-02-16,,
05OF014,2023-03-16,0.0020000000949949026,B
05OF014,2023-04-16,30.600000381469727,B
05OF014,2023-05-16,1.4600000381469729,
05OF014,2023-06-16,0.4440000057220459,
05OF014,2023-07-16,0.01600000075995922,
05OF014,2023-08-16,0.0,
05OF014,2023-09-16,0.0,
05OF014,2023-10-16,0.0,
05OF014,2024-03-16,1.090000033378601,B
05OF014,2024-04-16,0.1850000023841858,
05OF014,2024-05-16,1.4800000190734863,
05OF014,2024-06-16,0.5210000276565552,
05OF014,2024-07-16,0.3889999985694885,E
05OF014,2024-08-16,0.08799999952316284,
05OF014,2024-09-16,0.08399999886751175,
05OF014,2024-10-16,0.07100000232458115,
05OF014,1960-03-17,0.0,B
05OF014,1960-04-17,6.769999980926514,
05OF014,1960-05-17,0.3680000007152557,
05OF014,1960-06-17,0.12999999523162842,
05OF014,1960-07-17,0.006000000052154064,
05OF014,1960-08-17,0.0,
05OF014,1960-09-17,0.0,
05OF014,1960-10-17,0.0,
05OF014,1961-03-17,0.0,B
05OF014,1961-04-17,0.722000002861023,
05OF014,1961-05-17,0.023000000044703484,
05OF014,1961-06-17,0.0,
05OF014,1961-07-17,0.006000000052154064,
05OF014,1961-08-17,0.0,
05OF014,1961-09-17,0.0,
05OF014,1961-10-17,0.0,
05OF014,1962-03-17,0.0,
05OF014,1962-04-17,0.07599999755620956,B
05OF014,1962-05-17,1.9600000381469729,
05OF014,1962-06-17,0.2939999997615814,E
05OF014,1962-07-17,0.0,
05OF014,1962-08-17,0.0,
05OF014,1962-09-17,0.0,
05OF014,1962-10-17,0.0,
05OF014,1963-03-17,0.0,B
05OF014,1963-04-17,0.10199999809265135,
05OF014,1963-05-17,0.0,
05OF014,1963-06-17,0.5320000052452087,
05OF014,1963-07-17,0.09300000220537186,
05OF014,1963-08-17,0.0,
05OF014,1963-09-17,0.0,
05OF014,1963-10-17,0.0,
05OF014,1964-03-17,0.0,B
05OF014,1964-04-17,3.849999904632568,
05OF014,1964-05-17,0.07900000363588333,
05OF014,1964-06-17,0.0,
05OF014,1964-07-17,0.13600000739097595,
05OF014,1964-08-17,0.0,
05OF014,1964-09-17,0.17599999904632568,E
05OF014,1964-10-17,0.02800000086426735,E
05OF014,1965-03-17,0.0,B
05OF014,1965-04-17,20.600000381469727,
05OF014,1965-05-17,0.5239999890327454,
05OF014,1965-06-17,0.20999999344348907,E
05OF014,1965-07-17,0.017000000923871994,E
05OF014,1965-08-17,0.0,
05OF014,1965-09-17,0.0,
05OF014,1965-10-17,0.0,
05OF014,1966-03-17,0.0,B
05OF014,1966-04-17,0.0,
05OF014,1966-05-17,1.0299999713897705,E
05OF014,1966-06-17,0.08500000089406967,E
05OF014,1966-07-17,2.0199999809265137,E
05OF014,1966-08-17,0.0,
05OF014,1966-09-17,0.0,
05OF014,1966-10-17,0.0,
05OF014,1967-03-17,0.0,B
05OF014,1967-04-17,5.239999771118164,B
05OF014,1967-05-17,1.0299999713897705,
05OF014,1967-06-17,0.06800000369548798,
05OF014,1967-07-17,0.03999999910593033,E
05OF014,1967-08-17,0.0,
05OF014,1967-09-17,0.0,
05OF014,1967-10-17,0.0,
05OF014,1968-03-17,0.0,B
05OF014,1968-04-17,0.2240000069141388,
05OF014,1968-05-17,0.2119999974966049,
05OF014,1968-06-17,0.04199999943375588,
05OF014,1968-07-17,0.27799999713897705,E
05OF014,1968-08-17,0.33399999141693115,E
05OF014,1968-09-17,1.0399999618530271,
05OF014,1968-10-17,0.289000004529953,
05OF014,1969-03-17,0.0,B
05OF014,1969-04-17,9.460000038146973,
05OF014,1969-05-17,1.25,E
05OF014,1969-06-17,0.17000000178813934,E
05OF014,1969-07-17,0.5860000252723694,E
05OF014,1969-08-17,0.07400000095367432,
05OF014,1969-09-17,0.04500000178813934,
05OF014,1969-10-17,0.05400000140070915,
05OF014,1970-03-17,0.0,B
05OF014,1970-04-17,19.5,B
05OF014,1970-05-17,12.800000190734863,
05OF014,1970-06-17,1.0499999523162842,E
05OF014,1970-07-17,0.3199999928474426,
05OF014,1970-08-17,0.07900000363588333,
05OF014,1970-09-17,0.0,
05OF014,1970-10-17,0.0130000002682209,
05OF014,1971-03-17,0.0,B
05OF014,1971-04-17,6.510000228881836,
05OF014,1971-05-17,0.3680000007152557,
05OF014,1971-06-17,0.3619999885559082,
05OF014,1971-07-17,0.0,
05OF014,1971-08-17,0.0,
05OF014,1971-09-17,0.0,
05OF014,1971-10-17,0.11299999803304672,
05OF014,1972-03-17,0.0,B
05OF014,1972-04-17,9.65999984741211,
05OF014,1972-05-17,0.4560000002384186,
05OF014,1972-06-17,0.05900000035762787,
05OF014,1972-07-17,0.39399999380111694,
05OF014,1972-08-17,0.164000004529953,
05OF014,1972-09-17,0.07900000363588333,
05OF014,1972-10-17,0.02800000086426735,
05OF014,1973-03-17,0.8830000162124634,B
05OF014,1973-04-17,0.007000000216066837,
05OF014,1973-05-17,0.0,
05OF014,1973-06-17,0.0,
05OF014,1973-07-17,0.012000000104308128,E
05OF014,1973-08-17,0.0,
05OF014,1973-09-17,0.0,E
05OF014,1973-10-17,0.0130000002682209,
05OF014,1974-03-17,0.0,B
05OF014,1974-04-17,80.69999694824219,B
05OF014,1974-05-17,3.619999885559082,
05OF014,1974-06-17,0.6340000033378601,
05OF014,1974-07-17,0.1330000013113022,E
05OF014,1974-08-17,0.0,
05OF014,1974-09-17,0.007000000216066837,
05OF014,1974-10-17,0.0,
05OF014,1975-03-17,0.0,B
05OF014,1975-04-17,3.259999990463257,B
05OF014,1975-05-17,0.20399999618530276,
05OF014,1975-06-17,0.125,
05OF014,1975-07-17,0.03700000047683716,
05OF014,1975-08-17,0.0,
05OF014,1975-09-17,0.0,
05OF014,1975-10-17,0.0,
05OF014,1976-03-17,0.0,B
05OF014,1976-04-17,4.25,
05OF014,1976-05-17,0.17000000178813934,
05OF014,1976-06-17,0.11599999666213988,
05OF014,1976-07-17,0.0,
05OF014,1976-08-17,0.0,
05OF014,1976-09-17,0.0,
05OF014,1976-10-17,0.0,
05OF014,1977-03-17,0.0,B
05OF014,1977-04-17,0.0010000000474974513,
05OF014,1977-05-17,0.0,
05OF014,1977-06-17,0.01600000075995922,
05OF014,1977-07-17,0.05700000002980232,
05OF014,1977-08-17,0.0,
05OF014,1977-09-17,0.07599999755620956,
05OF014,1977-10-17,0.14399999380111694,
05OF014,1978-03-17,0.0,B
05OF014,1978-04-17,3.109999895095825,
05OF014,1978-05-17,0.3849999904632568,
05OF014,1978-06-17,0.07100000232458115,
05OF014,1978-07-17,0.0,
05OF014,1978-08-17,0.0,
05OF014,1978-09-17,0.2240000069141388,
05OF014,1978-10-17,0.014000000432133676,
05OF014,1979-03-17,0.0,B
05OF014,1979-04-17,0.0,B
05OF014,1979-06-17,0.2849999964237213,
05OF014,1979-07-17,0.12999999523162842,
05OF014,1979-08-17,0.007000000216066837,
05OF014,1979-09-17,0.0,
05OF014,1979-10-17,0.0,
05OF014,1980-03-17,0.0,B
05OF014,1980-04-17,0.8709999918937683,
05OF014,1980-05-17,0.0,
05OF014,1980-06-17,0.0,
05OF014,1980-07-17,0.0,
05OF014,1980-08-17,0.0,
05OF014,1980-09-17,0.0,
05OF014,1980-10-17,0.0,
05OF014,1981-03-17,0.6119999885559082,B
05OF014,1981-04-17,0.010999999940395355,
05OF014,1981-05-17,0.0,
05OF014,1981-06-17,0.0020000000949949026,
05OF014,1981-07-17,0.0,
05OF014,1981-08-17,0.1169999986886978,
05OF014,1981-09-17,0.0,
05OF014,1981-10-17,0.0,
05OF014,1982-03-17,0.0,B
05OF014,1982-04-17,2.9600000381469727,B
05OF014,1982-05-17,0.009999999776482582,
05OF014,1982-06-17,0.010999999940395355,
05OF014,1982-07-17,0.0,
05OF014,1982-08-17,0.0,
05OF014,1982-09-17,0.0,
05OF014,1982-10-17,0.0,
05OF014,1983-03-17,2.140000104904175,B
05OF014,1983-04-17,1.4800000190734863,
05OF014,1983-05-17,0.026000000536441803,
05OF014,1983-06-17,0.0,
05OF014,1983-07-17,0.0010000000474974513,
05OF014,1983-08-17,0.0,
05OF014,1983-09-17,0.0,
05OF014,1983-10-17,0.0,
05OF014,1984-03-17,0.0,B
05OF014,1984-04-17,0.0989999994635582,
05OF014,1984-05-17,0.04399999976158142,E
05OF014,1984-06-17,0.007000000216066837,
05OF014,1984-07-17,0.0,
05OF014,1984-08-17,0.0,
05OF014,1984-09-17,0.0,
05OF014,1984-10-17,0.0,
05OF014,1985-03-17,0.2160000056028366,B
05OF014,1985-04-17,0.27000001072883606,
05OF014,1985-05-17,0.0820000022649765,
05OF014,1985-06-17,0.0,
05OF014,1985-07-17,0.07800000160932541,
05OF014,1985-08-17,0.09600000083446504,
05OF014,1985-09-17,0.2619999945163727,
05OF014,1985-10-17,0.3449999988079071,
05OF014,1986-03-17,0.0,B
05OF014,1986-04-17,0.4099999964237213,
05OF014,1986-05-17,3.2300000190734863,
05OF014,1986-06-17,0.03799999877810478,
05OF014,1986-07-17,0.03099999949336052,
05OF014,1986-08-17,0.0,E
05OF014,1986-09-17,0.0,E
05OF014,1986-10-17,0.0,
05OF014,1987-03-17,0.0,B
05OF014,1987-04-17,0.765999972820282,
05OF014,1987-05-17,0.0010000000474974513,
05OF014,1987-06-17,0.0,
05OF014,1987-07-17,0.0,
05OF014,1987-08-17,0.026000000536441803,
05OF014,1987-09-17,0.004999999888241291,
05OF014,1987-10-17,0.0,
05OF014,1988-03-17,0.03500000014901161,B
05OF014,1988-04-17,0.1040000021457672,
05OF014,1988-05-17,0.0,
05OF014,1988-06-17,0.0,
05OF014,1988-07-17,0.0,
05OF014,1988-08-17,0.0,
05OF014,1988-09-17,0.0,
05OF014,1988-10-17,0.0,
05OF014,1989-03-17,0.0,B
05OF014,1989-04-17,14.899999618530272,B
05OF014,1989-05-17,0.03599999845027924,A
05OF014,1989-06-17,0.0,
05OF014,1989-07-17,0.0,
05OF014,1989-08-17,0.0,
05OF014,1989-09-17,0.0,
05OF014,1989-10-17,0.0,
05OF014,1990-03-17,0.0,B
05OF014,1990-04-17,0.959999978542328,
05OF014,1990-05-17,0.054999999701976776,
05OF014,1990-06-17,0.546999990940094,
05OF014,1990-07-17,0.06800000369548798,
05OF014,1990-08-17,0.0,
05OF014,1990-09-17,0.0,
05OF014,1990-10-17,0.0,
05OF014,1991-03-17,0.0,B
05OF014,1991-04-17,0.017000000923871994,
05OF014,1991-05-17,0.05700000002980232,
05OF014,1991-06-17,0.5799999833106995,
05OF014,1991-07-17,2.289999961853028,
05OF014,1991-08-17,0.024000000208616257,
05OF014,1991-09-17,0.0,
05OF014,1991-10-17,0.0,
05OF014,1992-03-17,1.090000033378601,B
05OF014,1992-04-17,1.4600000381469729,
05OF014,1992-05-17,0.0689999982714653,
05OF014,1992-06-17,0.15199999511241913,
05OF014,1992-07-17,0.04600000008940697,
05OF014,1992-08-17,0.0,
05OF014,1992-09-17,0.009999999776482582,
05OF014,1992-10-17,0.0,
05OF014,1993-03-17,0.0,B
05OF014,1993-04-17,0.7490000128746033,
05OF014,1993-05-17,0.6269999742507935,
05OF014,1993-06-17,0.8420000076293945,
05OF014,1993-07-17,0.3149999976158142,
05OF014,1993-08-17,3.559999942779541,
05OF014,1993-09-17,0.2189999967813492,
05OF014,1993-10-17,0.03500000014901161,
05OF014,1994-03-17,0.4289999902248383,B
05OF014,1994-04-17,0.8460000157356262,
05OF014,1994-05-17,0.3680000007152557,
05OF014,1994-06-17,0.03200000151991844,
05OF014,1994-07-17,0.008999999612569809,
05OF014,1994-08-17,0.0,
05OF014,1994-09-17,0.05099999904632568,E
05OF014,1994-10-17,6.150000095367432,E
05OF014,1995-03-17,0.2949999868869781,B
05OF014,1995-04-17,6.5,
05OF014,1995-05-17,4.230000019073486,
05OF014,1995-06-17,0.24899999797344208,
05OF014,1995-07-17,0.03200000151991844,
05OF014,1995-08-17,0.0,E
05OF014,1995-09-17,0.05099999904632568,
05OF014,1995-10-17,0.008999999612569809,
05OF014,1996-03-17,0.0,B
05OF014,1996-04-17,71.80000305175781,B
05OF014,1996-05-17,6.010000228881836,
05OF014,1996-06-17,0.3499999940395355,
05OF014,1996-07-17,0.03200000151991844,
05OF014,1996-08-17,0.7129999995231628,
05OF014,1996-09-17,0.007000000216066837,
05OF014,1996-10-17,0.0,
05OF014,1997-03-17,0.0,B
05OF014,1997-04-17,5.199999809265137,B
05OF014,1997-05-17,,
05OF014,1997-06-17,0.27799999713897705,
05OF014,1997-07-17,0.7749999761581421,
05OF014,1997-08-17,0.0,
05OF014,1997-09-17,0.0,
05OF014,1997-10-17,0.0,
05OF014,1998-03-17,0.0989999994635582,B
05OF014,1998-04-17,3.259999990463257,
05OF014,1998-05-17,1.6100000143051147,
05OF014,1998-06-17,0.12300000339746477,
05OF014,1998-07-17,0.04500000178813934,
05OF014,1998-08-17,0.0,
05OF014,1998-09-17,0.0,
05OF014,1998-10-17,0.0,
05OF014,1999-03-17,0.0,B
05OF014,1999-04-17,0.3569999933242798,
05OF014,1999-05-17,0.9639999866485596,
05OF014,1999-06-17,1.0,
05OF014,1999-07-17,0.13099999725818634,
05OF014,1999-08-17,0.0,
05OF014,1999-09-17,0.0,
05OF014,1999-10-17,0.0,
05OF014,2000-03-17,0.05099999904632568,B
05OF014,2000-04-17,0.008999999612569809,
05OF014,2000-05-17,0.0,
05OF014,2000-06-17,0.2549999952316284,
05OF014,2000-07-17,0.0,
05OF014,2000-08-17,0.02800000086426735,
05OF014,2000-09-17,0.027000000700354576,
05OF014,2000-10-17,0.0,
05OF014,2001-03-17,0.0,B
05OF014,2001-04-17,4.170000076293945,
05OF014,2001-05-17,1.2100000381469729,
05OF014,2001-06-17,0.8889999985694885,
05OF014,2001-07-17,0.00800000037997961,
05OF014,2001-08-17,0.03400000184774399,
05OF014,2001-09-17,0.004999999888241291,
05OF014,2001-10-17,0.0,
05OF014,2002-03-17,0.0,B
05OF014,2002-04-17,0.5519999861717224,
05OF014,2002-05-17,0.10199999809265135,
05OF014,2002-06-17,4.110000133514404,
05OF014,2002-07-17,0.02500000037252903,
05OF014,2002-08-17,0.3910000026226044,
05OF014,2002-09-17,0.1589999943971634,
05OF014,2002-10-17,0.03700000047683716,B
05OF014,2003-03-17,0.004999999888241291,B
05OF014,2003-04-17,0.5429999828338623,
05OF014,2003-05-17,0.039000000804662704,
05OF014,2003-06-17,6.820000171661377,
05OF014,2003-07-17,0.07000000029802322,
05OF014,2003-08-17,0.0,
05OF014,2003-09-17,0.0,
05OF014,2003-10-17,0.0,
05OF014,2004-03-17,0.0,B
05OF014,2004-04-17,0.4350000023841858,
05OF014,2004-05-17,9.130000114440918,
05OF014,2004-06-17,1.899999976158142,
05OF014,2004-07-17,0.46799999475479126,
05OF014,2004-08-17,0.00800000037997961,
05OF014,2004-09-17,0.23600000143051147,
05OF014,2004-10-17,0.10300000011920928,
05OF014,2005-03-17,0.0,B
05OF014,2005-04-17,2.9200000762939453,
05OF014,2005-05-17,1.1699999570846558,
05OF014,2005-06-17,24.200000762939453,A
05OF014,2005-07-17,3.0199999809265137,A
05OF014,2005-08-17,0.017999999225139618,
05OF014,2005-09-17,0.020999999716877937,A
05OF014,2005-10-17,0.503000020980835,
05OF014,2006-03-17,0.05099999904632568,B
05OF014,2006-04-17,0.949999988079071,E
05OF014,2006-05-17,1.350000023841858,
05OF014,2006-06-17,0.1080000028014183,
05OF014,2006-07-17,0.0,
05OF014,2006-08-17,0.0,
05OF014,2006-09-17,0.0,
05OF014,2006-10-17,0.0,
05OF014,2007-03-17,0.0,B
05OF014,2007-04-17,1.2400000095367432,
05OF014,2007-05-17,0.05900000035762787,
05OF014,2007-06-17,0.6710000038146973,
05OF014,2007-07-17,1.6699999570846558,A
05OF014,2007-08-17,0.08500000089406967,
05OF014,2007-09-17,0.02800000086426735,
05OF014,2007-10-17,0.006000000052154064,
05OF014,2008-03-17,0.0,B
05OF014,2008-04-17,1.3300000429153442,B
05OF014,2008-05-17,0.061000000685453415,
05OF014,2008-06-17,1.2699999809265137,
05OF014,2008-07-17,0.08399999886751175,
05OF014,2008-08-17,0.0,
05OF014,2008-09-17,0.0,
05OF014,2008-10-17,0.7519999742507935,
05OF014,2009-03-17,0.07999999821186066,B
05OF014,2009-04-17,,
05OF014,2009-05-17,2.2699999809265137,
05OF014,2009-06-17,3.1700000762939453,
05OF014,2009-07-17,0.2770000100135803,
05OF014,2009-08-17,0.004999999888241291,
05OF014,2009-09-17,0.05999999865889549,
05OF014,2009-10-17,0.019999999552965164,
05OF014,2010-03-17,2.5,B
05OF014,2010-04-17,0.4659999907016754,
05OF014,2010-05-17,1.5299999713897705,
05OF014,2010-06-17,0.4440000057220459,
05OF014,2010-07-17,0.5460000038146973,
05OF014,2010-08-17,0.004000000189989805,
05OF014,2010-09-17,2.5999999046325684,
05OF014,2010-10-17,0.2290000021457672,
05OF014,2011-03-17,0.12999999523162842,B
05OF014,2011-04-17,,
05OF014,2011-05-17,,
05OF014,2011-06-17,9.34000015258789,
05OF014,2011-07-17,0.34200000762939453,
05OF014,2011-08-17,0.10100000351667404,
05OF014,2011-09-17,0.0,
05OF014,2011-10-17,0.009999999776482582,
05OF014,2012-03-17,4.46999979019165,B
05OF014,2012-04-17,0.04199999943375588,
05OF014,2012-05-17,0.07000000029802322,
05OF014,2012-06-17,0.08500000089406967,
05OF014,2012-07-17,0.023000000044703484,
05OF014,2012-08-17,0.0,
05OF014,2012-09-17,0.0,
05OF014,2012-10-17,0.0,
05OF014,2013-03-17,0.0,B
05OF014,2013-04-17,0.0,B
05OF014,2013-05-17,1.2699999809265137,
05OF014,2013-06-17,1.5700000524520874,
05OF014,2013-07-17,0.19499999284744263,
05OF014,2013-08-17,0.16300000250339508,
05OF014,2013-09-17,0.03099999949336052,
05OF014,2013-10-17,0.007000000216066837,
05OF014,2014-03-17,0.0,B
05OF014,2014-04-17,6.090000152587891,B
05OF014,2014-05-17,0.8939999938011169,
05OF014,2014-06-17,0.6389999985694885,
05OF014,2014-07-17,0.05400000140070915,
05OF014,2014-08-17,0.0,
05OF014,2014-09-17,0.0,A
05OF014,2014-10-17,0.01899999938905239,
05OF014,2015-03-17,1.5800000429153442,B
05OF014,2015-04-17,0.02500000037252903,
05OF014,2015-05-17,0.5509999990463257,
05OF014,2015-06-17,0.1550000011920929,
05OF014,2015-07-17,0.0949999988079071,
05OF014,2015-08-17,0.0010000000474974513,
05OF014,2015-09-17,0.006000000052154064,
05OF014,2015-10-17,0.0010000000474974513,
05OF014,2016-03-17,10.600000381469728,B
05OF014,2016-04-17,0.5320000052452087,
05OF014,2016-05-17,0.019999999552965164,
05OF014,2016-06-17,3.109999895095825,
05OF014,2016-07-17,0.07199999690055847,
05OF014,2016-08-17,0.039000000804662704,
05OF014,2016-09-17,0.0010000000474974513,
05OF014,2016-10-17,0.004000000189989805,
05OF014,2017-03-17,0.00800000037997961,B
05OF014,2017-04-17,0.5889999866485596,
05OF014,2017-05-17,0.2080000042915344,
05OF014,2017-06-17,0.7360000014305115,
05OF014,2017-07-17,0.1720000058412552,
05OF014,2017-08-17,0.0,
05OF014,2017-09-17,0.0,
05OF014,2017-10-17,0.0,
05OF014,2018-03-17,,
05OF014,2018-04-17,1.899999976158142,B
05OF014,2018-06-17,0.0,
05OF014,2018-07-17,0.0,
05OF014,2018-08-17,0.0,
05OF014,2018-09-17,0.0,
05OF014,2018-10-17,0.0,
05OF014,2019-03-17,0.0,B
05OF014,2019-04-17,,
05OF014,2019-05-17,0.12200000137090684,
05OF014,2019-06-17,0.0,
05OF014,2019-07-17,0.0,
05OF014,2019-08-17,0.0,
05OF014,2019-09-17,0.0,
05OF014,2019-10-17,,
05OF014,2019-11-17,,
05OF014,2020-03-17,0.0,B
05OF014,2020-04-17,,
05OF014,2020-05-17,0.0,
05OF014,2020-06-17,0.0,
05OF014,2020-07-17,0.0,
05OF014,2020-08-17,0.0,
05OF014,2020-09-17,0.0,
05OF014,2020-10-17,0.0,
05OF014,2021-02-17,,
05OF014,2021-03-17,0.31700000166893005,B
05OF014,2021-04-17,0.010999999940395355,
05OF014,2021-05-17,0.03999999910593033,
05OF014,2021-06-17,0.009999999776482582,
05OF014,2021-07-17,0.0,
05OF014,2021-08-17,0.0,
05OF014,2021-09-17,0.0,
05OF014,2021-10-17,0.0,
05OF014,2022-03-17,0.0,B
05OF014,2022-04-17,0.33399999141693115,B
05OF014,2022-05-17,,
05OF014,2022-06-17,2.930000066757202,
05OF014,2022-07-17,0.4099999964237213,E
05OF014,2022-08-17,0.0,
05OF014,2022-09-17,0.0,
05OF014,2022-10-17,0.0,
05OF014,2023-02-17,,
05OF014,2023-03-17,0.0020000000949949026,B
05OF014,2023-04-17,39.0,B
05OF014,2023-05-17,1.2599999904632568,
05OF014,2023-06-17,0.5989999771118164,
05OF014,2023-07-17,0.012000000104308128,
05OF014,2023-08-17,0.0,
05OF014,2023-09-17,0.0,
05OF014,2023-10-17,0.0,
05OF014,2024-03-17,0.8479999899864197,B
05OF014,2024-04-17,0.20200000703334808,
05OF014,2024-05-17,1.7100000381469729,
05OF014,2024-06-17,0.5370000004768372,
05OF014,2024-07-17,0.33799999952316284,E
05OF014,2024-08-17,0.11500000208616255,
05OF014,2024-09-17,1.2999999523162842,
05OF014,2024-10-17,0.06800000369548798,
05OF014,1960-03-18,0.0,B
05OF014,1960-04-18,5.210000038146973,
05OF014,1960-05-18,0.3449999988079071,
05OF014,1960-06-18,0.17599999904632568,
05OF014,1960-07-18,0.003000000026077032,
05OF014,1960-08-18,0.0,
05OF014,1960-09-18,0.0,
05OF014,1960-10-18,0.0,
05OF014,1961-03-18,0.0,B
05OF014,1961-04-18,0.44699999690055847,
05OF014,1961-05-18,0.010999999940395355,
05OF014,1961-06-18,0.0,
05OF014,1961-07-18,0.0,
05OF014,1961-08-18,0.0,
05OF014,1961-09-18,0.0,
05OF014,1961-10-18,0.0,
05OF014,1962-03-18,0.0,
05OF014,1962-04-18,0.37400001287460327,B
05OF014,1962-05-18,1.8899999856948853,E
05OF014,1962-06-18,0.289000004529953,
05OF014,1962-07-18,0.0,
05OF014,1962-08-18,0.0,
05OF014,1962-09-18,0.0,
05OF014,1962-10-18,0.0,
05OF014,1963-03-18,0.0,B
05OF014,1963-04-18,0.08500000089406967,E
05OF014,1963-05-18,0.0,
05OF014,1963-06-18,0.4900000095367432,
05OF014,1963-07-18,0.05400000140070915,
05OF014,1963-08-18,0.0,
05OF014,1963-09-18,0.0,
05OF014,1963-10-18,0.0,
05OF014,1964-03-18,0.0,B
05OF014,1964-04-18,2.789999961853028,
05OF014,1964-05-18,0.22699999809265137,
05OF014,1964-06-18,0.1420000046491623,
05OF014,1964-07-18,0.07100000232458115,
05OF014,1964-08-18,0.0,
05OF014,1964-09-18,0.17599999904632568,E
05OF014,1964-10-18,0.02800000086426735,E
05OF014,1965-03-18,0.0,B
05OF014,1965-04-18,17.5,
05OF014,1965-05-18,0.4900000095367432,
05OF014,1965-06-18,0.1899999976158142,E
05OF014,1965-07-18,0.017000000923871994,
05OF014,1965-08-18,0.0,
05OF014,1965-09-18,0.0,
05OF014,1965-10-18,0.0,
05OF014,1966-03-18,0.0,B
05OF014,1966-04-18,0.0,
05OF014,1966-05-18,0.9629999995231628,E
05OF014,1966-06-18,0.0989999994635582,E
05OF014,1966-07-18,1.2999999523162842,E
05OF014,1966-08-18,0.0,
05OF014,1966-09-18,0.0,
05OF014,1966-10-18,0.0,
05OF014,1967-03-18,0.0,B
05OF014,1967-04-18,2.4100000858306885,B
05OF014,1967-05-18,0.9679999947547911,
05OF014,1967-06-18,0.0820000022649765,
05OF014,1967-07-18,0.03400000184774399,E
05OF014,1967-08-18,0.0,
05OF014,1967-09-18,0.0,
05OF014,1967-10-18,0.0,
05OF014,1968-03-18,0.0,B
05OF014,1968-04-18,0.20399999618530276,E
05OF014,1968-05-18,3.059999942779541,
05OF014,1968-06-18,0.023000000044703484,
05OF014,1968-07-18,0.3959999978542328,E
05OF014,1968-08-18,0.31700000166893005,E
05OF014,1968-09-18,0.8610000014305115,
05OF014,1968-10-18,0.2720000147819519,
05OF014,1969-03-18,0.0,B
05OF014,1969-04-18,6.739999771118164,
05OF014,1969-05-18,1.190000057220459,E
05OF014,1969-06-18,0.17000000178813934,E
05OF014,1969-07-18,0.4110000133514404,
05OF014,1969-08-18,0.05700000002980232,
05OF014,1969-09-18,0.03700000047683716,E
05OF014,1969-10-18,0.07900000363588333,
05OF014,1970-03-18,0.0,B
05OF014,1970-04-18,26.100000381469727,B
05OF014,1970-05-18,6.630000114440918,
05OF014,1970-06-18,0.9660000205039978,
05OF014,1970-07-18,0.3059999942779541,
05OF014,1970-08-18,0.06499999761581421,E
05OF014,1970-09-18,0.0,
05OF014,1970-10-18,0.007000000216066837,
05OF014,1971-03-18,0.0,B
05OF014,1971-04-18,4.980000019073486,
05OF014,1971-05-18,0.3370000123977661,
05OF014,1971-06-18,0.35100001096725464,
05OF014,1971-07-18,0.0,
05OF014,1971-08-18,0.0,
05OF014,1971-09-18,0.0,
05OF014,1971-10-18,0.10199999809265135,E
05OF014,1972-03-18,0.0,B
05OF014,1972-04-18,6.340000152587891,
05OF014,1972-05-18,0.4110000133514404,
05OF014,1972-06-18,0.07100000232458115,
05OF014,1972-07-18,0.38199999928474426,
05OF014,1972-08-18,0.15600000321865082,
05OF014,1972-09-18,0.07599999755620956,E
05OF014,1972-10-18,0.027000000700354576,
05OF014,1973-03-18,1.1799999475479126,B
05OF014,1973-04-18,0.007000000216066837,
05OF014,1973-05-18,0.0,
05OF014,1973-06-18,0.0,
05OF014,1973-07-18,0.008999999612569809,E
05OF014,1973-08-18,0.0,
05OF014,1973-09-18,0.0,E
05OF014,1973-10-18,0.0130000002682209,
05OF014,1974-03-18,0.0,B
05OF014,1974-04-18,126.0,
05OF014,1974-05-18,2.890000104904175,
05OF014,1974-06-18,0.578000009059906,
05OF014,1974-07-18,0.12700000405311584,E
05OF014,1974-08-18,0.0,
05OF014,1974-09-18,0.0,
05OF014,1974-10-18,0.0,
05OF014,1975-03-18,0.0,B
05OF014,1975-04-18,6.0,B
05OF014,1975-05-18,0.18400000035762787,
05OF014,1975-06-18,0.07900000363588333,
05OF014,1975-07-18,0.03099999949336052,
05OF014,1975-08-18,0.0,
05OF014,1975-09-18,0.0,
05OF014,1975-10-18,0.0,
05OF014,1976-03-18,0.0,B
05OF014,1976-04-18,4.190000057220459,
05OF014,1976-05-18,0.16699999570846558,
05OF014,1976-06-18,0.1589999943971634,
05OF014,1976-07-18,0.0,
05OF014,1976-08-18,0.0,
05OF014,1976-09-18,0.0,
05OF014,1976-10-18,0.0,
05OF014,1977-03-18,0.0,B
05OF014,1977-04-18,0.0010000000474974513,
05OF014,1977-05-18,0.0,
05OF014,1977-06-18,0.03700000047683716,
05OF014,1977-07-18,0.05400000140070915,
05OF014,1977-08-18,0.0,
05OF014,1977-09-18,0.06800000369548798,
05OF014,1977-10-18,0.13899999856948853,
05OF014,1978-03-18,0.0,B
05OF014,1978-04-18,2.970000028610229,
05OF014,1978-05-18,0.3540000021457672,
05OF014,1978-06-18,0.08500000089406967,
05OF014,1978-07-18,0.0,
05OF014,1978-08-18,0.0,
05OF014,1978-09-18,0.20999999344348907,
05OF014,1978-10-18,0.008999999612569809,
05OF014,1979-03-18,0.0,B
05OF014,1979-04-18,0.26100000739097595,B
05OF014,1979-06-18,0.28999999165534973,
05OF014,1979-07-18,0.10599999874830246,
05OF014,1979-08-18,0.004999999888241291,
05OF014,1979-09-18,0.0,
05OF014,1979-10-18,0.0,
05OF014,1980-03-18,0.0,B
05OF014,1980-04-18,0.6980000138282776,
05OF014,1980-05-18,0.0,
05OF014,1980-06-18,0.0,
05OF014,1980-07-18,0.0,
05OF014,1980-08-18,0.0,
05OF014,1980-09-18,0.0,
05OF014,1980-10-18,0.0,
05OF014,1981-03-18,0.5989999771118164,B
05OF014,1981-04-18,0.0,
05OF014,1981-05-18,0.0,
05OF014,1981-06-18,0.00800000037997961,
05OF014,1981-07-18,0.0,
05OF014,1981-08-18,0.13199999928474426,
05OF014,1981-09-18,0.0,
05OF014,1981-10-18,0.0,
05OF014,1982-03-18,0.0,B
05OF014,1982-04-18,2.789999961853028,
05OF014,1982-05-18,0.006000000052154064,
05OF014,1982-06-18,0.010999999940395355,
05OF014,1982-07-18,0.0,
05OF014,1982-08-18,0.0,
05OF014,1982-09-18,0.0,
05OF014,1982-10-18,0.003000000026077032,
05OF014,1983-03-18,1.3300000429153442,B
05OF014,1983-04-18,0.8349999785423279,
05OF014,1983-05-18,0.024000000208616257,
05OF014,1983-06-18,0.0,
05OF014,1983-07-18,0.0010000000474974513,
05OF014,1983-08-18,0.0,
05OF014,1983-09-18,0.0,
05OF014,1983-10-18,0.0,
05OF014,1984-03-18,0.0,B
05OF014,1984-04-18,0.0820000022649765,E
05OF014,1984-05-18,0.04199999943375588,E
05OF014,1984-06-18,0.006000000052154064,
05OF014,1984-07-18,0.0,
05OF014,1984-08-18,0.0,
05OF014,1984-09-18,0.0,
05OF014,1984-10-18,0.0,
05OF014,1985-03-18,7.199999809265137,B
05OF014,1985-04-18,0.2770000100135803,
05OF014,1985-05-18,0.052000001072883606,
05OF014,1985-06-18,0.0,
05OF014,1985-07-18,0.05900000035762787,
05OF014,1985-08-18,0.15299999713897705,
05OF014,1985-09-18,0.2029999941587448,
05OF014,1985-10-18,0.22599999606609344,
05OF014,1986-03-18,0.0,B
05OF014,1986-04-18,0.4289999902248383,
05OF014,1986-05-18,2.799999952316284,
05OF014,1986-06-18,0.052000001072883606,
05OF014,1986-07-18,0.0560000017285347,
05OF014,1986-08-18,0.0,E
05OF014,1986-09-18,0.0,E
05OF014,1986-10-18,0.0,
05OF014,1987-03-18,0.0,B
05OF014,1987-04-18,0.5830000042915344,
05OF014,1987-05-18,0.0,
05OF014,1987-06-18,0.0,
05OF014,1987-07-18,0.0,
05OF014,1987-08-18,0.014999999664723871,
05OF014,1987-09-18,0.004999999888241291,
05OF014,1987-10-18,0.0,
05OF014,1988-03-18,0.0820000022649765,B
05OF014,1988-04-18,0.0729999989271164,B
05OF014,1988-05-18,0.0,
05OF014,1988-06-18,0.0,
05OF014,1988-07-18,0.0,
05OF014,1988-08-18,0.0,
05OF014,1988-09-18,0.0,
05OF014,1988-10-18,0.0,
05OF014,1989-03-18,0.0,B
05OF014,1989-04-18,11.300000190734863,B
05OF014,1989-05-18,0.04199999943375588,A
05OF014,1989-06-18,0.0,
05OF014,1989-07-18,0.0,
05OF014,1989-08-18,0.0,
05OF014,1989-09-18,0.0,
05OF014,1989-10-18,0.0,
05OF014,1990-03-18,0.0,B
05OF014,1990-04-18,0.859000027179718,
05OF014,1990-05-18,0.05099999904632568,
05OF014,1990-06-18,0.5260000228881836,
05OF014,1990-07-18,0.06599999964237213,
05OF014,1990-08-18,0.0,
05OF014,1990-09-18,0.0,
05OF014,1990-10-18,0.0,
05OF014,1991-03-18,0.0,B
05OF014,1991-04-18,0.01600000075995922,
05OF014,1991-05-18,0.04899999871850014,
05OF014,1991-06-18,1.0199999809265137,
05OF014,1991-07-18,1.7100000381469729,
05OF014,1991-08-18,0.014999999664723871,
05OF014,1991-09-18,0.0,
05OF014,1991-10-18,0.0,
05OF014,1992-03-18,0.7360000014305115,B
05OF014,1992-04-18,1.4600000381469729,
05OF014,1992-05-18,0.0430000014603138,
05OF014,1992-06-18,0.18400000035762787,
05OF014,1992-07-18,0.04899999871850014,
05OF014,1992-08-18,0.0,
05OF014,1992-09-18,0.009999999776482582,
05OF014,1992-10-18,0.0,
05OF014,1993-03-18,0.0,B
05OF014,1993-04-18,0.6470000147819519,
05OF014,1993-05-18,0.6079999804496765,
05OF014,1993-06-18,0.6190000176429749,
05OF014,1993-07-18,0.27900001406669617,
05OF014,1993-08-18,3.240000009536743,
05OF014,1993-09-18,0.2140000015497208,
05OF014,1993-10-18,0.04600000008940697,
05OF014,1994-03-18,6.409999847412109,B
05OF014,1994-04-18,0.824999988079071,
05OF014,1994-05-18,0.4090000092983246,
05OF014,1994-06-18,0.03700000047683716,
05OF014,1994-07-18,0.007000000216066837,
05OF014,1994-08-18,0.0,
05OF014,1994-09-18,0.04800000041723251,A
05OF014,1994-10-18,13.0,E
05OF014,1995-03-18,1.5,B
05OF014,1995-04-18,4.519999980926514,
05OF014,1995-05-18,3.680000066757202,
05OF014,1995-06-18,0.181999996304512,
05OF014,1995-07-18,0.029999999329447743,
05OF014,1995-08-18,0.007000000216066837,E
05OF014,1995-09-18,0.039000000804662704,
05OF014,1995-10-18,0.014000000432133676,
05OF014,1996-03-18,0.0,B
05OF014,1996-04-18,89.80000305175781,B
05OF014,1996-05-18,17.0,
05OF014,1996-06-18,0.35199999809265137,
05OF014,1996-07-18,0.03200000151991844,
05OF014,1996-08-18,0.5450000166893005,
05OF014,1996-09-18,0.004999999888241291,
05OF014,1996-10-18,0.0,
05OF014,1997-03-18,0.0,B
05OF014,1997-04-18,11.5,B
05OF014,1997-05-18,,
05OF014,1997-06-18,0.25699999928474426,
05OF014,1997-07-18,0.5170000195503235,
05OF014,1997-08-18,0.0,
05OF014,1997-09-18,0.0,
05OF014,1997-10-18,0.0,
05OF014,1998-03-18,0.11299999803304672,B
05OF014,1998-04-18,2.680000066757202,
05OF014,1998-05-18,0.7979999780654907,
05OF014,1998-06-18,0.5460000038146973,
05OF014,1998-07-18,0.04100000113248825,
05OF014,1998-08-18,0.0,
05OF014,1998-09-18,0.0,
05OF014,1998-10-18,0.0,
05OF014,1999-03-18,0.0,B
05OF014,1999-04-18,0.36000001430511475,
05OF014,1999-05-18,1.190000057220459,
05OF014,1999-06-18,0.953000009059906,
05OF014,1999-07-18,0.0989999994635582,
05OF014,1999-08-18,0.0,
05OF014,1999-09-18,0.0,
05OF014,1999-10-18,0.0,
05OF014,2000-03-18,0.06599999964237213,B
05OF014,2000-04-18,0.003000000026077032,
05OF014,2000-05-18,0.0,
05OF014,2000-06-18,0.08399999886751175,
05OF014,2000-07-18,0.0,
05OF014,2000-08-18,0.057999998331069946,
05OF014,2000-09-18,0.003000000026077032,
05OF014,2000-10-18,0.0,
05OF014,2001-03-18,0.0,B
05OF014,2001-04-18,3.380000114440918,
05OF014,2001-05-18,1.190000057220459,
05OF014,2001-06-18,0.9290000200271606,
05OF014,2001-07-18,0.00800000037997961,
05OF014,2001-08-18,0.023000000044703484,
05OF014,2001-09-18,0.004000000189989805,
05OF014,2001-10-18,0.0,
05OF014,2002-03-18,0.0,B
05OF014,2002-04-18,0.6359999775886536,
05OF014,2002-05-18,0.08799999952316284,
05OF014,2002-06-18,3.130000114440918,
05OF014,2002-07-18,0.039000000804662704,
05OF014,2002-08-18,0.962000012397766,
05OF014,2002-09-18,0.1770000010728836,
05OF014,2002-10-18,0.0430000014603138,B
05OF014,2003-03-18,0.024000000208616257,B
05OF014,2003-04-18,0.453000009059906,
05OF014,2003-05-18,3.0299999713897705,
05OF014,2003-06-18,3.430000066757202,
05OF014,2003-07-18,0.06300000101327896,
05OF014,2003-08-18,0.0,
05OF014,2003-09-18,0.0,
05OF014,2003-10-18,0.0,
05OF014,2004-03-18,0.0,B
05OF014,2004-04-18,0.44699999690055847,
05OF014,2004-05-18,8.220000267028809,
05OF014,2004-06-18,1.8899999856948853,
05OF014,2004-07-18,0.4259999990463257,
05OF014,2004-08-18,0.012000000104308128,
05OF014,2004-09-18,0.2549999952316284,
05OF014,2004-10-18,0.08699999749660492,
05OF014,2005-03-18,0.0,B
05OF014,2005-04-18,1.8799999952316284,A
05OF014,2005-05-18,1.2100000381469729,
05OF014,2005-06-18,11.899999618530272,
05OF014,2005-07-18,2.470000028610229,
05OF014,2005-08-18,0.017999999225139618,
05OF014,2005-09-18,0.02500000037252903,
05OF014,2005-10-18,0.6449999809265137,
05OF014,2006-03-18,0.05099999904632568,B
05OF014,2006-04-18,0.8500000238418579,E
05OF014,2006-05-18,1.2400000095367432,
05OF014,2006-06-18,0.12099999934434892,A
05OF014,2006-07-18,0.0,
05OF014,2006-08-18,0.0,
05OF014,2006-09-18,0.0,
05OF014,2006-10-18,0.0,
05OF014,2007-03-18,0.0,B
05OF014,2007-04-18,0.777999997138977,
05OF014,2007-05-18,0.05299999937415123,
05OF014,2007-06-18,2.690000057220459,
05OF014,2007-07-18,1.100000023841858,
05OF014,2007-08-18,0.04399999976158142,
05OF014,2007-09-18,0.032999999821186066,A
05OF014,2007-10-18,0.017000000923871994,
05OF014,2008-03-18,0.0,B
05OF014,2008-04-18,1.0700000524520874,B
05OF014,2008-05-18,0.052000001072883606,
05OF014,2008-06-18,0.8830000162124634,
05OF014,2008-07-18,0.12399999797344208,
05OF014,2008-08-18,0.0,
05OF014,2008-09-18,0.0,
05OF014,2008-10-18,0.5910000205039978,
05OF014,2009-03-18,0.1599999964237213,B
05OF014,2009-04-18,,
05OF014,2009-05-18,1.7000000476837158,
05OF014,2009-06-18,2.720000028610229,A
05OF014,2009-07-18,0.21299999952316284,
05OF014,2009-08-18,0.0020000000949949026,
05OF014,2009-09-18,0.2669999897480011,
05OF014,2009-10-18,0.017000000923871994,
05OF014,2010-03-18,25.100000381469727,B
05OF014,2010-04-18,0.4300000071525574,
05OF014,2010-05-18,1.5,
05OF014,2010-06-18,0.4169999957084656,
05OF014,2010-07-18,0.5239999890327454,
05OF014,2010-08-18,0.0010000000474974513,
05OF014,2010-09-18,2.009999990463257,
05OF014,2010-10-18,0.2240000069141388,
05OF014,2011-03-18,0.13099999725818634,B
05OF014,2011-04-18,,
05OF014,2011-05-18,,
05OF014,2011-06-18,5.25,
05OF014,2011-07-18,0.3140000104904175,
05OF014,2011-08-18,0.039000000804662704,
05OF014,2011-09-18,0.0,
05OF014,2011-10-18,0.00800000037997961,
05OF014,2012-03-18,2.130000114440918,B
05OF014,2012-04-18,0.04100000113248825,
05OF014,2012-05-18,0.06800000369548798,
05OF014,2012-06-18,0.07699999958276749,
05OF014,2012-07-18,0.017000000923871994,
05OF014,2012-08-18,0.0,
05OF014,2012-09-18,0.0,
05OF014,2012-10-18,0.0,
05OF014,2013-03-18,0.0,B
05OF014,2013-04-18,0.0,B
05OF014,2013-05-18,1.399999976158142,
05OF014,2013-06-18,1.7200000286102295,
05OF014,2013-07-18,0.26100000739097595,
05OF014,2013-08-18,0.14000000059604645,
05OF014,2013-09-18,0.03400000184774399,
05OF014,2013-10-18,0.007000000216066837,
05OF014,2014-03-18,0.0,B
05OF014,2014-04-18,3.569999933242798,B
05OF014,2014-05-18,0.7160000205039978,
05OF014,2014-06-18,0.6190000176429749,
05OF014,2014-07-18,0.052000001072883606,
05OF014,2014-08-18,0.0,
05OF014,2014-09-18,0.0,A
05OF014,2014-10-18,0.020999999716877937,
05OF014,2015-03-18,1.4500000476837158,B
05OF014,2015-04-18,0.0689999982714653,
05OF014,2015-05-18,1.309999942779541,
05OF014,2015-06-18,0.14800000190734863,
05OF014,2015-07-18,0.09300000220537186,
05OF014,2015-08-18,0.0010000000474974513,
05OF014,2015-09-18,0.004999999888241291,
05OF014,2015-10-18,0.0010000000474974513,
05OF014,2016-03-18,6.019999980926514,B
05OF014,2016-04-18,3.7699999809265137,
05OF014,2016-05-18,0.0130000002682209,
05OF014,2016-06-18,4.239999771118164,
05OF014,2016-07-18,0.06700000166893005,
05OF014,2016-08-18,0.004000000189989805,
05OF014,2016-09-18,0.0010000000474974513,
05OF014,2016-10-18,0.003000000026077032,
05OF014,2017-03-18,0.004000000189989805,B
05OF014,2017-04-18,0.5870000123977661,
05OF014,2017-05-18,0.20000000298023224,
05OF014,2017-06-18,0.8970000147819519,
05OF014,2017-07-18,0.10199999809265135,
05OF014,2017-08-18,0.0,
05OF014,2017-09-18,0.0,
05OF014,2017-10-18,0.0,
05OF014,2018-03-18,,
05OF014,2018-04-18,2.319999933242798,B
05OF014,2018-06-18,0.0,
05OF014,2018-07-18,0.0,
05OF014,2018-08-18,0.0,
05OF014,2018-09-18,0.0,
05OF014,2018-10-18,0.0,
05OF014,2019-03-18,0.0,B
05OF014,2019-04-18,,
05OF014,2019-05-18,0.090999998152256,
05OF014,2019-06-18,0.0,
05OF014,2019-07-18,0.0,
05OF014,2019-08-18,0.0,
05OF014,2019-09-18,0.0,
05OF014,2019-10-18,,
05OF014,2019-11-18,,
05OF014,2020-03-18,0.0,B
05OF014,2020-04-18,,
05OF014,2020-05-18,0.0,
05OF014,2020-06-18,0.0,
05OF014,2020-07-18,0.0,
05OF014,2020-08-18,0.0,
05OF014,2020-09-18,0.0,
05OF014,2020-10-18,0.0,
05OF014,2021-02-18,,
05OF014,2021-03-18,0.3449999988079071,B
05OF014,2021-04-18,0.029999999329447743,
05OF014,2021-05-18,0.03200000151991844,
05OF014,2021-06-18,0.006000000052154064,
05OF014,2021-07-18,0.0,
05OF014,2021-08-18,0.0,
05OF014,2021-09-18,0.0,
05OF014,2021-10-18,0.0,
05OF014,2022-03-18,0.0,B
05OF014,2022-04-18,0.25999999046325684,B
05OF014,2022-05-18,,
05OF014,2022-06-18,2.740000009536743,
05OF014,2022-07-18,0.42500001192092896,E
05OF014,2022-08-18,0.0,
05OF014,2022-09-18,0.0,
05OF014,2022-10-18,0.0,
05OF014,2023-02-18,,
05OF014,2023-03-18,0.0020000000949949026,B
05OF014,2023-04-18,54.0,B
05OF014,2023-05-18,1.1200000047683716,
05OF014,2023-06-18,0.6430000066757202,
05OF014,2023-07-18,0.008999999612569809,
05OF014,2023-08-18,0.0,
05OF014,2023-09-18,0.0,
05OF014,2023-10-18,0.0,
05OF014,2024-03-18,0.5979999899864197,B
05OF014,2024-04-18,0.1889999955892563,
05OF014,2024-05-18,1.7599999904632568,
05OF014,2024-06-18,0.4850000143051148,
05OF014,2024-07-18,0.3030000030994416,E
05OF014,2024-08-18,0.15199999511241913,
05OF014,2024-09-18,2.0999999046325684,
05OF014,2024-10-18,0.06800000369548798,
05OF014,1960-03-19,0.0,B
05OF014,1960-04-19,3.2799999713897705,
05OF014,1960-05-19,0.3910000026226044,
05OF014,1960-06-19,0.13600000739097595,
05OF014,1960-07-19,0.0,
05OF014,1960-08-19,0.0,
05OF014,1960-09-19,0.0,
05OF014,1960-10-19,0.0,
05OF014,1961-03-19,0.003000000026077032,B
05OF014,1961-04-19,0.3910000026226044,
05OF014,1961-05-19,0.006000000052154064,
05OF014,1961-06-19,0.0,
05OF014,1961-07-19,0.0,
05OF014,1961-08-19,0.0,
05OF014,1961-09-19,0.0,
05OF014,1961-10-19,0.0,
05OF014,1962-03-19,0.0,
05OF014,1962-04-19,1.4600000381469729,B
05OF014,1962-05-19,1.8200000524520876,
05OF014,1962-06-19,0.2549999952316284,E
05OF014,1962-07-19,0.0,
05OF014,1962-08-19,0.0,
05OF014,1962-09-19,0.0,
05OF014,1962-10-19,0.0,
05OF014,1963-03-19,0.0,B
05OF014,1963-04-19,0.06800000369548798,
05OF014,1963-05-19,0.0,
05OF014,1963-06-19,0.3880000114440918,E
05OF014,1963-07-19,0.0820000022649765,
05OF014,1963-08-19,0.0,
05OF014,1963-09-19,0.0,
05OF014,1963-10-19,0.0,
05OF014,1964-03-19,0.0,B
05OF014,1964-04-19,1.830000042915344,
05OF014,1964-05-19,0.2150000035762787,E
05OF014,1964-06-19,1.4299999475479126,
05OF014,1964-07-19,0.02500000037252903,
05OF014,1964-08-19,0.0,
05OF014,1964-09-19,0.17599999904632568,E
05OF014,1964-10-19,0.02800000086426735,E
05OF014,1965-03-19,0.0,B
05OF014,1965-04-19,12.5,
05OF014,1965-05-19,0.49799999594688416,E
05OF014,1965-06-19,0.17000000178813934,
05OF014,1965-07-19,0.017000000923871994,E
05OF014,1965-08-19,0.0,
05OF014,1965-09-19,0.0,
05OF014,1965-10-19,0.0,
05OF014,1966-03-19,0.0,B
05OF014,1966-04-19,0.0,
05OF014,1966-05-19,1.0299999713897705,E
05OF014,1966-06-19,0.11299999803304672,E
05OF014,1966-07-19,0.6539999842643738,E
05OF014,1966-08-19,0.0,
05OF014,1966-09-19,0.0,
05OF014,1966-10-19,0.0,
05OF014,1967-03-19,0.0,B
05OF014,1967-04-19,2.4100000858306885,B
05OF014,1967-05-19,0.9340000152587892,
05OF014,1967-06-19,0.07599999755620956,
05OF014,1967-07-19,0.02800000086426735,E
05OF014,1967-08-19,0.0,
05OF014,1967-09-19,0.0,
05OF014,1967-10-19,0.0,
05OF014,1968-03-19,0.0,B
05OF014,1968-04-19,0.1809999942779541,E
05OF014,1968-05-19,1.830000042915344,E
05OF014,1968-06-19,0.014000000432133676,
05OF014,1968-07-19,0.5130000114440918,
05OF014,1968-08-19,0.3030000030994416,
05OF014,1968-09-19,0.8130000233650208,
05OF014,1968-10-19,0.39399999380111694,E
05OF014,1969-03-19,0.0,B
05OF014,1969-04-19,5.489999771118164,
05OF014,1969-05-19,1.1299999952316284,E
05OF014,1969-06-19,0.1420000046491623,E
05OF014,1969-07-19,0.4390000104904175,E
05OF014,1969-08-19,0.06199999898672104,
05OF014,1969-09-19,0.026000000536441803,
05OF014,1969-10-19,0.05099999904632568,
05OF014,1970-03-19,0.0,B
05OF014,1970-04-19,32.599998474121094,
05OF014,1970-05-19,5.550000190734863,E
05OF014,1970-06-19,0.8299999833106995,E
05OF014,1970-07-19,0.2919999957084656,
05OF014,1970-08-19,0.04800000041723251,
05OF014,1970-09-19,0.0,
05OF014,1970-10-19,0.007000000216066837,
05OF014,1971-03-19,0.0,B
05OF014,1971-04-19,5.46999979019165,E
05OF014,1971-05-19,0.6460000276565552,
05OF014,1971-06-19,0.39899998903274536,
05OF014,1971-07-19,0.0,
05OF014,1971-08-19,0.0,
05OF014,1971-09-19,0.0,
05OF014,1971-10-19,0.090999998152256,
05OF014,1972-03-19,0.0,B
05OF014,1972-04-19,5.099999904632568,
05OF014,1972-05-19,0.37700000405311584,
05OF014,1972-06-19,0.06199999898672104,
05OF014,1972-07-19,0.38199999928474426,
05OF014,1972-08-19,0.1469999998807907,
05OF014,1972-09-19,0.07100000232458115,
05OF014,1972-10-19,0.027000000700354576,
05OF014,1973-03-19,1.4800000190734863,B
05OF014,1973-04-19,0.014000000432133676,
05OF014,1973-05-19,0.0,
05OF014,1973-06-19,0.0,
05OF014,1973-07-19,0.007000000216066837,E
05OF014,1973-08-19,0.0,
05OF014,1973-09-19,0.0,
05OF014,1973-10-19,0.009999999776482582,
05OF014,1974-03-19,0.0,B
05OF014,1974-04-19,75.30000305175781,
05OF014,1974-05-19,2.5999999046325684,
05OF014,1974-06-19,0.5550000071525574,
05OF014,1974-07-19,0.12200000137090684,E
05OF014,1974-08-19,0.0,
05OF014,1974-09-19,0.0,
05OF014,1974-10-19,0.0,
05OF014,1975-03-19,0.0,B
05OF014,1975-04-19,3.0,B
05OF014,1975-05-19,0.164000004529953,E
05OF014,1975-06-19,0.07900000363588333,
05OF014,1975-07-19,0.01600000075995922,
05OF014,1975-08-19,0.0,
05OF014,1975-09-19,0.0,
05OF014,1975-10-19,0.0,
05OF014,1976-03-19,0.0,B
05OF014,1976-04-19,4.300000190734863,
05OF014,1976-05-19,0.164000004529953,
05OF014,1976-06-19,0.15600000321865082,
05OF014,1976-07-19,0.0,
05OF014,1976-08-19,0.0,
05OF014,1976-09-19,0.0,
05OF014,1976-10-19,0.0,
05OF014,1977-03-19,0.0,B
05OF014,1977-04-19,0.0010000000474974513,
05OF014,1977-05-19,0.0010000000474974513,
05OF014,1977-06-19,0.05400000140070915,
05OF014,1977-07-19,0.05400000140070915,
05OF014,1977-08-19,0.0,
05OF014,1977-09-19,0.06199999898672104,
05OF014,1977-10-19,0.17299999296665192,
05OF014,1978-03-19,0.0,B
05OF014,1978-04-19,2.859999895095825,
05OF014,1978-05-19,0.32600000500679016,
05OF014,1978-06-19,0.0,
05OF014,1978-07-19,0.04800000041723251,
05OF014,1978-08-19,0.0,
05OF014,1978-09-19,0.07100000232458115,
05OF014,1978-10-19,0.007000000216066837,
05OF014,1979-03-19,0.0,B
05OF014,1979-04-19,36.70000076293945,B
05OF014,1979-06-19,0.32499998807907104,
05OF014,1979-07-19,0.22100000083446503,
05OF014,1979-08-19,0.0020000000949949026,
05OF014,1979-09-19,0.0,
05OF014,1979-10-19,0.0,
05OF014,1980-03-19,0.0,B
05OF014,1980-04-19,0.5220000147819519,
05OF014,1980-05-19,0.0,
05OF014,1980-06-19,0.0,
05OF014,1980-07-19,0.0,
05OF014,1980-08-19,0.0,
05OF014,1980-09-19,0.0,
05OF014,1980-10-19,0.0,
05OF014,1981-03-19,0.5860000252723694,B
05OF014,1981-04-19,0.0,
05OF014,1981-05-19,0.0,
05OF014,1981-06-19,0.012000000104308128,
05OF014,1981-07-19,0.0,
05OF014,1981-08-19,0.13500000536441803,
05OF014,1981-09-19,0.0,
05OF014,1981-10-19,0.0,
05OF014,1982-03-19,0.0,B
05OF014,1982-04-19,1.809999942779541,
05OF014,1982-05-19,0.004000000189989805,
05OF014,1982-06-19,0.009999999776482582,
05OF014,1982-07-19,0.0,
05OF014,1982-08-19,0.0,
05OF014,1982-09-19,0.0,
05OF014,1982-10-19,0.003000000026077032,
05OF014,1983-03-19,0.8090000152587891,B
05OF014,1983-04-19,0.5270000100135803,
05OF014,1983-05-19,0.020999999716877937,
05OF014,1983-06-19,0.0,
05OF014,1983-07-19,0.0,
05OF014,1983-08-19,0.0,
05OF014,1983-09-19,0.0,
05OF014,1983-10-19,0.0,
05OF014,1984-03-19,0.0,B
05OF014,1984-04-19,0.06499999761581421,E
05OF014,1984-05-19,0.039000000804662704,E
05OF014,1984-06-19,0.004000000189989805,
05OF014,1984-07-19,0.0,
05OF014,1984-08-19,0.0,
05OF014,1984-09-19,0.0,
05OF014,1984-10-19,0.0,
05OF014,1985-03-19,28.200000762939453,B
05OF014,1985-04-19,0.15000000596046448,
05OF014,1985-05-19,0.03500000014901161,
05OF014,1985-06-19,0.0,
05OF014,1985-07-19,0.04199999943375588,
05OF014,1985-08-19,14.800000190734863,
05OF014,1985-09-19,0.1879999935626984,
05OF014,1985-10-19,0.2119999974966049,
05OF014,1986-03-19,0.0,B
05OF014,1986-04-19,0.531000018119812,
05OF014,1986-05-19,2.549999952316284,
05OF014,1986-06-19,0.09600000083446504,
05OF014,1986-07-19,0.03099999949336052,
05OF014,1986-08-19,0.0,E
05OF014,1986-09-19,0.0,E
05OF014,1986-10-19,0.0,
05OF014,1987-03-19,0.0,B
05OF014,1987-04-19,0.4629999995231629,
05OF014,1987-05-19,0.0,
05OF014,1987-06-19,0.0,
05OF014,1987-07-19,0.0,
05OF014,1987-08-19,0.010999999940395355,
05OF014,1987-09-19,0.009999999776482582,
05OF014,1987-10-19,0.0,
05OF014,1988-03-19,0.4110000133514404,B
05OF014,1988-04-19,0.04199999943375588,B
05OF014,1988-05-19,0.0,
05OF014,1988-06-19,0.0,
05OF014,1988-07-19,0.0,
05OF014,1988-08-19,0.0,
05OF014,1988-09-19,0.0,
05OF014,1988-10-19,0.0,
05OF014,1989-03-19,0.0,B
05OF014,1989-04-19,10.899999618530272,B
05OF014,1989-05-19,0.04800000041723251,A
05OF014,1989-06-19,0.0,
05OF014,1989-07-19,0.0,
05OF014,1989-08-19,0.0,
05OF014,1989-09-19,0.0,
05OF014,1989-10-19,0.0,
05OF014,1990-03-19,0.0,B
05OF014,1990-04-19,0.656000018119812,
05OF014,1990-05-19,0.057999998331069946,
05OF014,1990-06-19,0.4620000123977661,
05OF014,1990-07-19,0.04100000113248825,
05OF014,1990-08-19,0.0,
05OF014,1990-09-19,0.0,
05OF014,1990-10-19,0.0,
05OF014,1991-03-19,0.0,B
05OF014,1991-04-19,0.014999999664723871,
05OF014,1991-05-19,0.04199999943375588,
05OF014,1991-06-19,0.7900000214576721,
05OF014,1991-07-19,1.2699999809265137,
05OF014,1991-08-19,0.009999999776482582,
05OF014,1991-09-19,0.0,
05OF014,1991-10-19,0.0,
05OF014,1992-03-19,0.5149999856948853,B
05OF014,1992-04-19,2.0899999141693115,
05OF014,1992-05-19,0.02199999988079071,
05OF014,1992-06-19,0.15600000321865082,
05OF014,1992-07-19,0.12600000202655792,
05OF014,1992-08-19,0.0,
05OF014,1992-09-19,0.00800000037997961,
05OF014,1992-10-19,0.0,
05OF014,1993-03-19,0.0,B
05OF014,1993-04-19,0.5699999928474426,
05OF014,1993-05-19,0.5429999828338623,
05OF014,1993-06-19,0.7699999809265137,
05OF014,1993-07-19,0.25999999046325684,
05OF014,1993-08-19,2.75,
05OF014,1993-09-19,0.20200000703334808,
05OF014,1993-10-19,0.0820000022649765,A
05OF014,1994-03-19,8.850000381469727,B
05OF014,1994-04-19,0.7639999985694885,
05OF014,1994-05-19,0.39399999380111694,
05OF014,1994-06-19,0.03099999949336052,
05OF014,1994-07-19,0.004999999888241291,
05OF014,1994-08-19,0.0,
05OF014,1994-09-19,0.04199999943375588,
05OF014,1994-10-19,23.600000381469727,E
05OF014,1995-03-19,35.70000076293945,B
05OF014,1995-04-19,3.9700000286102295,
05OF014,1995-05-19,3.4600000381469727,
05OF014,1995-06-19,0.13699999451637268,
05OF014,1995-07-19,0.03099999949336052,
05OF014,1995-08-19,0.6079999804496765,E
05OF014,1995-09-19,0.028999999165534973,
05OF014,1995-10-19,0.02199999988079071,
05OF014,1996-03-19,0.0,B
05OF014,1996-04-19,79.0999984741211,
05OF014,1996-05-19,20.0,
05OF014,1996-06-19,0.3179999887943268,
05OF014,1996-07-19,0.061000000685453415,
05OF014,1996-08-19,0.5080000162124634,
05OF014,1996-09-19,0.0020000000949949026,
05OF014,1996-10-19,0.0,
05OF014,1997-03-19,0.0,B
05OF014,1997-04-19,29.700000762939453,B
05OF014,1997-05-19,,
05OF014,1997-06-19,0.21299999952316284,
05OF014,1997-07-19,0.37700000405311584,
05OF014,1997-08-19,0.0,
05OF014,1997-09-19,0.0,
05OF014,1997-10-19,0.0,
05OF014,1998-03-19,0.1430000066757202,B
05OF014,1998-04-19,2.650000095367432,
05OF014,1998-05-19,0.3700000047683716,
05OF014,1998-06-19,0.9190000295639038,
05OF014,1998-07-19,0.039000000804662704,
05OF014,1998-08-19,0.0,
05OF014,1998-09-19,0.0,
05OF014,1998-10-19,0.0,
05OF014,1999-03-19,0.0,B
05OF014,1999-04-19,0.3580000102519989,
05OF014,1999-05-19,1.0299999713897705,
05OF014,1999-06-19,0.9169999957084656,
05OF014,1999-07-19,0.6639999747276306,
05OF014,1999-08-19,0.0,
05OF014,1999-09-19,0.0,
05OF014,1999-10-19,0.0,
05OF014,2000-03-19,0.11100000143051147,B
05OF014,2000-04-19,0.0,
05OF014,2000-05-19,0.0,
05OF014,2000-06-19,0.003000000026077032,
05OF014,2000-07-19,0.0,
05OF014,2000-08-19,0.07500000298023224,
05OF014,2000-09-19,0.0010000000474974513,
05OF014,2000-10-19,0.0,
05OF014,2001-03-19,0.0,B
05OF014,2001-04-19,3.259999990463257,
05OF014,2001-05-19,1.1200000047683716,
05OF014,2001-06-19,1.0700000524520874,
05OF014,2001-07-19,0.00800000037997961,
05OF014,2001-08-19,0.023000000044703484,
05OF014,2001-09-19,0.004000000189989805,
05OF014,2001-10-19,0.0,
05OF014,2002-03-19,0.0,B
05OF014,2002-04-19,0.6110000014305115,
05OF014,2002-05-19,0.07000000029802322,
05OF014,2002-06-19,2.720000028610229,
05OF014,2002-07-19,0.027000000700354576,
05OF014,2002-08-19,0.8629999756813049,
05OF014,2002-09-19,0.2939999997615814,
05OF014,2002-10-19,0.04100000113248825,B
05OF014,2003-03-19,0.04800000041723251,B
05OF014,2003-04-19,0.4519999921321869,
05OF014,2003-05-19,5.03000020980835,
05OF014,2003-06-19,2.930000066757202,
05OF014,2003-07-19,0.06499999761581421,
05OF014,2003-08-19,0.0,
05OF014,2003-09-19,0.0,
05OF014,2003-10-19,0.0,
05OF014,2004-03-19,0.0,B
05OF014,2004-04-19,0.3889999985694885,
05OF014,2004-05-19,5.739999771118164,
05OF014,2004-06-19,1.6399999856948853,
05OF014,2004-07-19,0.39500001072883606,
05OF014,2004-08-19,0.019999999552965164,
05OF014,2004-09-19,0.23199999332427976,
05OF014,2004-10-19,0.06499999761581421,
05OF014,2005-03-19,0.0,B
05OF014,2005-04-19,1.2599999904632568,A
05OF014,2005-05-19,1.1100000143051147,
05OF014,2005-06-19,7.920000076293945,
05OF014,2005-07-19,3.5999999046325684,
05OF014,2005-08-19,0.023000000044703484,
05OF014,2005-09-19,0.027000000700354576,
05OF014,2005-10-19,0.5590000152587891,
05OF014,2006-03-19,0.052000001072883606,B
05OF014,2006-04-19,0.800000011920929,E
05OF014,2006-05-19,1.0499999523162842,
05OF014,2006-06-19,0.09200000017881392,
05OF014,2006-07-19,0.0,
05OF014,2006-08-19,0.0,
05OF014,2006-09-19,0.0,
05OF014,2006-10-19,0.0,
05OF014,2007-03-19,0.0,B
05OF014,2007-04-19,0.546999990940094,
05OF014,2007-05-19,0.04500000178813934,
05OF014,2007-06-19,4.349999904632568,
05OF014,2007-07-19,0.8759999871253967,
05OF014,2007-08-19,0.0,
05OF014,2007-09-19,0.03099999949336052,
05OF014,2007-10-19,0.03500000014901161,
05OF014,2008-03-19,0.0,B
05OF014,2008-04-19,0.8759999871253967,
05OF014,2008-05-19,0.052000001072883606,
05OF014,2008-06-19,0.7310000061988831,
05OF014,2008-07-19,0.17000000178813934,
05OF014,2008-08-19,0.0,
05OF014,2008-09-19,0.0,
05OF014,2008-10-19,0.5389999747276306,
05OF014,2009-03-19,0.16699999570846558,B
05OF014,2009-04-19,,
05OF014,2009-05-19,1.1399999856948853,
05OF014,2009-06-19,2.059999942779541,
05OF014,2009-07-19,0.1979999989271164,
05OF014,2009-08-19,0.0010000000474974513,
05OF014,2009-09-19,0.2540000081062317,
05OF014,2009-10-19,0.014999999664723871,
05OF014,2010-03-19,22.100000381469727,B
05OF014,2010-04-19,0.39399999380111694,
05OF014,2010-05-19,1.2400000095367432,
05OF014,2010-06-19,0.3680000007152557,
05OF014,2010-07-19,0.4350000023841858,
05OF014,2010-08-19,0.0,
05OF014,2010-09-19,1.4199999570846558,
05OF014,2010-10-19,0.2160000056028366,
05OF014,2011-03-19,0.1330000013113022,B
05OF014,2011-04-19,0.0,A
05OF014,2011-05-19,1.919999957084656,A
05OF014,2011-06-19,4.070000171661377,
05OF014,2011-07-19,0.2800000011920929,
05OF014,2011-08-19,0.02500000037252903,
05OF014,2011-09-19,0.0,
05OF014,2011-10-19,0.009999999776482582,
05OF014,2012-03-19,1.309999942779541,B
05OF014,2012-04-19,0.03999999910593033,
05OF014,2012-05-19,0.06599999964237213,
05OF014,2012-06-19,0.0689999982714653,
05OF014,2012-07-19,0.012000000104308128,
05OF014,2012-08-19,0.0,
05OF014,2012-09-19,0.0,
05OF014,2012-10-19,0.0,
05OF014,2013-03-19,0.0,B
05OF014,2013-04-19,0.0,B
05OF014,2013-05-19,1.5,
05OF014,2013-06-19,1.5399999618530271,
05OF014,2013-07-19,0.3140000104904175,
05OF014,2013-08-19,0.10100000351667404,
05OF014,2013-09-19,0.039000000804662704,
05OF014,2013-10-19,0.009999999776482582,
05OF014,2014-03-19,0.0,B
05OF014,2014-04-19,3.3499999046325684,B
05OF014,2014-05-19,0.7649999856948853,
05OF014,2014-06-19,0.5600000023841858,
05OF014,2014-07-19,0.04600000008940697,
05OF014,2014-08-19,0.0,
05OF014,2014-09-19,0.0,
05OF014,2014-10-19,0.019999999552965164,
05OF014,2015-03-19,1.2999999523162842,B
05OF014,2015-04-19,0.07100000232458115,
05OF014,2015-05-19,1.149999976158142,
05OF014,2015-06-19,0.119999997317791,A
05OF014,2015-07-19,0.07000000029802322,
05OF014,2015-08-19,0.0010000000474974513,
05OF014,2015-09-19,0.004000000189989805,
05OF014,2015-10-19,0.0010000000474974513,
05OF014,2016-03-19,4.75,B
05OF014,2016-04-19,4.679999828338623,
05OF014,2016-05-19,0.00800000037997961,
05OF014,2016-06-19,3.75,
05OF014,2016-07-19,0.1289999932050705,
05OF014,2016-08-19,0.0010000000474974513,A
05OF014,2016-09-19,0.0010000000474974513,
05OF014,2016-10-19,0.0020000000949949026,
05OF014,2017-03-19,0.012000000104308128,B
05OF014,2017-04-19,0.5379999876022339,
05OF014,2017-05-19,0.18400000035762787,
05OF014,2017-06-19,1.0499999523162842,
05OF014,2017-07-19,0.1469999998807907,
05OF014,2017-08-19,0.0,
05OF014,2017-09-19,0.0,
05OF014,2017-10-19,0.0,
05OF014,2018-03-19,,
05OF014,2018-04-19,2.2699999809265137,B
05OF014,2018-06-19,0.0,
05OF014,2018-07-19,0.0,
05OF014,2018-08-19,0.0,
05OF014,2018-09-19,0.0,
05OF014,2018-10-19,0.0,
05OF014,2019-03-19,0.0,B
05OF014,2019-04-19,,
05OF014,2019-05-19,0.08799999952316284,
05OF014,2019-06-19,0.0,
05OF014,2019-07-19,0.0,
05OF014,2019-08-19,0.0,
05OF014,2019-09-19,0.0,
05OF014,2019-10-19,,
05OF014,2019-11-19,,
05OF014,2020-03-19,0.0,B
05OF014,2020-04-19,,
05OF014,2020-05-19,0.0,
05OF014,2020-06-19,0.0,
05OF014,2020-07-19,0.0,
05OF014,2020-08-19,0.0,
05OF014,2020-09-19,0.0,
05OF014,2020-10-19,0.0,
05OF014,2021-02-19,,
05OF014,2021-03-19,0.40299999713897705,B
05OF014,2021-04-19,0.03500000014901161,
05OF014,2021-05-19,0.024000000208616257,
05OF014,2021-06-19,0.004000000189989805,
05OF014,2021-07-19,0.0,
05OF014,2021-08-19,0.0,
05OF014,2021-09-19,0.0,
05OF014,2021-10-19,0.0,
05OF014,2022-03-19,0.0,B
05OF014,2022-04-19,0.1879999935626984,B
05OF014,2022-05-19,,
05OF014,2022-06-19,2.549999952316284,
05OF014,2022-07-19,0.4449999928474426,E
05OF014,2022-08-19,0.0,
05OF014,2022-09-19,0.0,
05OF014,2022-10-19,0.0,
05OF014,2023-02-19,,
05OF014,2023-03-19,0.0020000000949949026,B
05OF014,2023-04-19,44.900001525878906,
05OF014,2023-05-19,0.9980000257492064,
05OF014,2023-06-19,0.6200000047683716,
05OF014,2023-07-19,0.00800000037997961,
05OF014,2023-08-19,0.0,
05OF014,2023-09-19,0.0,
05OF014,2023-10-19,0.0,
05OF014,2024-03-19,0.6549999713897705,B
05OF014,2024-04-19,0.1589999943971634,
05OF014,2024-05-19,1.590000033378601,
05OF014,2024-06-19,0.4830000102519989,
05OF014,2024-07-19,0.27300000190734863,E
05OF014,2024-08-19,0.20200000703334808,
05OF014,2024-09-19,1.5399999618530271,
05OF014,2024-10-19,0.06800000369548798,
05OF014,1960-03-20,0.0,B
05OF014,1960-04-20,2.180000066757202,
05OF014,1960-05-20,0.3449999988079071,
05OF014,1960-06-20,0.090999998152256,
05OF014,1960-07-20,0.0,E
05OF014,1960-08-20,0.0,
05OF014,1960-09-20,0.0,
05OF014,1960-10-20,0.0,
05OF014,1961-03-20,0.06199999898672104,B
05OF014,1961-04-20,0.4079999923706055,
05OF014,1961-05-20,0.003000000026077032,
05OF014,1961-06-20,0.0,
05OF014,1961-07-20,0.0,
05OF014,1961-08-20,0.0,
05OF014,1961-09-20,0.0,
05OF014,1961-10-20,0.0,
05OF014,1962-03-20,0.0,
05OF014,1962-04-20,21.899999618530277,B
05OF014,1962-05-20,1.590000033378601,E
05OF014,1962-06-20,0.22699999809265137,
05OF014,1962-07-20,0.0,
05OF014,1962-08-20,0.0,
05OF014,1962-09-20,0.0,
05OF014,1962-10-20,0.0,
05OF014,1963-03-20,0.0,B
05OF014,1963-04-20,0.04800000041723251,
05OF014,1963-05-20,0.0,
05OF014,1963-06-20,0.28600001335144043,E
05OF014,1963-07-20,0.07599999755620956,E
05OF014,1963-08-20,0.0,
05OF014,1963-09-20,0.0,
05OF014,1963-10-20,0.0,
05OF014,1964-03-20,0.0,B
05OF014,1964-04-20,0.8209999799728394,
05OF014,1964-05-20,0.20399999618530276,E
05OF014,1964-06-20,0.7699999809265137,
05OF014,1964-07-20,0.06800000369548798,E
05OF014,1964-08-20,0.0,
05OF014,1964-09-20,0.17599999904632568,E
05OF014,1964-10-20,0.02800000086426735,E
05OF014,1965-03-20,0.0,B
05OF014,1965-04-20,7.53000020980835,
05OF014,1965-05-20,0.5070000290870667,
05OF014,1965-06-20,0.14399999380111694,
05OF014,1965-07-20,0.014000000432133676,E
05OF014,1965-08-20,0.0,
05OF014,1965-09-20,0.0,
05OF014,1965-10-20,0.0,
05OF014,1966-03-20,0.0,B
05OF014,1966-04-20,0.0,
05OF014,1966-05-20,0.8270000219345093,E
05OF014,1966-06-20,0.1420000046491623,E
05OF014,1966-07-20,0.3140000104904175,E
05OF014,1966-08-20,0.0,
05OF014,1966-09-20,0.0,
05OF014,1966-10-20,0.0,
05OF014,1967-03-20,0.0,B
05OF014,1967-04-20,19.600000381469727,B
05OF014,1967-05-20,0.8669999837875366,
05OF014,1967-06-20,0.1469999998807907,
05OF014,1967-07-20,0.023000000044703484,E
05OF014,1967-08-20,0.0,
05OF014,1967-09-20,0.0,
05OF014,1967-10-20,0.0,
05OF014,1968-03-20,0.0,B
05OF014,1968-04-20,0.16099999845027924,
05OF014,1968-05-20,0.597000002861023,
05OF014,1968-06-20,0.010999999940395355,
05OF014,1968-07-20,0.4699999988079071,E
05OF014,1968-08-20,0.4930000007152557,E
05OF014,1968-09-20,0.8130000233650208,
05OF014,1968-10-20,0.5130000114440918,E
05OF014,1969-03-20,0.0,B
05OF014,1969-04-20,4.619999885559082,E
05OF014,1969-05-20,1.0199999809265137,E
05OF014,1969-06-20,0.1420000046491623,E
05OF014,1969-07-20,0.4639999866485596,
05OF014,1969-08-20,0.05900000035762787,
05OF014,1969-09-20,0.027000000700354576,
05OF014,1969-10-20,0.05900000035762787,
05OF014,1970-03-20,0.0,B
05OF014,1970-04-20,25.5,
05OF014,1970-05-20,4.46999979019165,
05OF014,1970-06-20,0.6940000057220459,
05OF014,1970-07-20,0.27799999713897705,
05OF014,1970-08-20,0.0130000002682209,
05OF014,1970-09-20,0.0,
05OF014,1970-10-20,0.014000000432133676,
05OF014,1971-03-20,0.0,B
05OF014,1971-04-20,5.949999809265137,
05OF014,1971-05-20,0.4050000011920929,
05OF014,1971-06-20,0.5889999866485596,
05OF014,1971-07-20,0.0,
05OF014,1971-08-20,0.0,
05OF014,1971-09-20,0.0,
05OF014,1971-10-20,0.0989999994635582,
05OF014,1972-03-20,7.699999809265137,B
05OF014,1972-04-20,3.259999990463257,
05OF014,1972-05-20,0.36000001430511475,
05OF014,1972-06-20,0.06800000369548798,
05OF014,1972-07-20,0.3709999918937683,
05OF014,1972-08-20,0.13600000739097595,
05OF014,1972-09-20,0.07100000232458115,
05OF014,1972-10-20,0.02500000037252903,E
05OF014,1973-03-20,1.7799999713897705,B
05OF014,1973-04-20,0.020999999716877937,
05OF014,1973-05-20,0.0,
05OF014,1973-06-20,0.0,
05OF014,1973-07-20,0.004000000189989805,E
05OF014,1973-08-20,0.0,E
05OF014,1973-09-20,0.0,
05OF014,1973-10-20,0.014000000432133676,
05OF014,1974-03-20,0.0,B
05OF014,1974-04-20,69.0999984741211,
05OF014,1974-05-20,17.899999618530273,
05OF014,1974-06-20,0.5410000085830688,
05OF014,1974-07-20,0.10999999940395357,E
05OF014,1974-08-20,0.0,
05OF014,1974-09-20,0.0,
05OF014,1974-10-20,0.0,
05OF014,1975-03-20,0.0,B
05OF014,1975-04-20,3.140000104904175,B
05OF014,1975-05-20,0.14399999380111694,
05OF014,1975-06-20,0.07100000232458115,E
05OF014,1975-07-20,0.010999999940395355,E
05OF014,1975-08-20,0.0,
05OF014,1975-09-20,0.0,
05OF014,1975-10-20,0.0,
05OF014,1976-03-20,0.0,B
05OF014,1976-04-20,3.5999999046325684,
05OF014,1976-05-20,0.1420000046491623,
05OF014,1976-06-20,0.12999999523162842,
05OF014,1976-07-20,0.0,
05OF014,1976-08-20,0.0,
05OF014,1976-09-20,0.0,
05OF014,1976-10-20,0.0,
05OF014,1977-03-20,0.0,B
05OF014,1977-04-20,0.0,
05OF014,1977-05-20,0.0,
05OF014,1977-06-20,0.03099999949336052,
05OF014,1977-07-20,0.03999999910593033,
05OF014,1977-08-20,0.0,
05OF014,1977-09-20,0.05900000035762787,
05OF014,1977-10-20,0.164000004529953,
05OF014,1978-03-20,0.0,B
05OF014,1978-04-20,2.720000028610229,
05OF014,1978-05-20,0.2939999997615814,
05OF014,1978-06-20,0.0,
05OF014,1978-07-20,0.12200000137090684,
05OF014,1978-08-20,0.0,
05OF014,1978-09-20,0.0,
05OF014,1978-10-20,0.006000000052154064,
05OF014,1979-03-20,0.0,B
05OF014,1979-04-20,81.30000305175781,B
05OF014,1979-06-20,1.3799999952316284,
05OF014,1979-07-20,0.27300000190734863,
05OF014,1979-08-20,0.0,
05OF014,1979-09-20,0.0,
05OF014,1979-10-20,0.0,
05OF014,1980-03-20,0.0,B
05OF014,1980-04-20,0.4079999923706055,
05OF014,1980-05-20,0.0,
05OF014,1980-06-20,0.0,
05OF014,1980-07-20,0.0,
05OF014,1980-08-20,0.0,
05OF014,1980-09-20,0.0,
05OF014,1980-10-20,0.0,
05OF014,1981-03-20,0.5730000138282776,B
05OF014,1981-04-20,0.0,
05OF014,1981-05-20,0.0,
05OF014,1981-06-20,0.017000000923871994,
05OF014,1981-07-20,0.0,
05OF014,1981-08-20,0.1340000033378601,
05OF014,1981-09-20,0.0,
05OF014,1981-10-20,0.0,
05OF014,1982-03-20,0.0,B
05OF014,1982-04-20,1.0099999904632568,
05OF014,1982-05-20,0.0,
05OF014,1982-06-20,0.008999999612569809,
05OF014,1982-07-20,0.0,
05OF014,1982-08-20,0.0,
05OF014,1982-09-20,0.0,
05OF014,1982-10-20,0.0020000000949949026,
05OF014,1983-03-20,0.6309999823570251,B
05OF014,1983-04-20,0.4900000095367432,
05OF014,1983-05-20,0.020999999716877937,
05OF014,1983-06-20,0.0,
05OF014,1983-07-20,0.0,
05OF014,1983-08-20,0.0,
05OF014,1983-09-20,0.0,
05OF014,1983-10-20,0.0,
05OF014,1984-03-20,0.0,B
05OF014,1984-04-20,0.04800000041723251,E
05OF014,1984-05-20,0.03700000047683716,E
05OF014,1984-06-20,0.0020000000949949026,
05OF014,1984-07-20,0.0,
05OF014,1984-08-20,0.0,
05OF014,1984-09-20,0.0,
05OF014,1984-10-20,0.0,
05OF014,1985-03-20,25.200000762939453,B
05OF014,1985-04-20,0.119999997317791,
05OF014,1985-05-20,0.017000000923871994,
05OF014,1985-06-20,0.0,
05OF014,1985-07-20,0.03599999845027924,
05OF014,1985-08-20,16.600000381469727,
05OF014,1985-09-20,0.16899999976158142,
05OF014,1985-10-20,0.32499998807907104,
05OF014,1986-03-20,0.0,B
05OF014,1986-04-20,10.699999809265137,
05OF014,1986-05-20,2.359999895095825,
05OF014,1986-06-20,0.1449999958276749,
05OF014,1986-07-20,0.054999999701976776,
05OF014,1986-08-20,0.0,E
05OF014,1986-09-20,0.0,E
05OF014,1986-10-20,0.0,
05OF014,1987-03-20,0.0,B
05OF014,1987-04-20,0.4120000004768372,
05OF014,1987-05-20,0.0,
05OF014,1987-06-20,0.0,
05OF014,1987-07-20,0.0,
05OF014,1987-08-20,0.0020000000949949026,
05OF014,1987-09-20,0.007000000216066837,
05OF014,1987-10-20,0.0,
05OF014,1988-03-20,0.4900000095367432,B
05OF014,1988-04-20,0.04399999976158142,B
05OF014,1988-05-20,0.0,
05OF014,1988-06-20,0.0,
05OF014,1988-07-20,0.0,
05OF014,1988-08-20,0.0,
05OF014,1988-09-20,0.0,A
05OF014,1988-10-20,0.0,
05OF014,1989-03-20,0.0,B
05OF014,1989-04-20,8.609999656677246,B
05OF014,1989-05-20,0.04500000178813934,A
05OF014,1989-06-20,0.0,
05OF014,1989-07-20,0.0,
05OF014,1989-08-20,0.0,
05OF014,1989-09-20,0.0,
05OF014,1989-10-20,0.0,
05OF014,1990-03-20,0.0,B
05OF014,1990-04-20,0.5740000009536743,
05OF014,1990-05-20,0.10300000011920928,
05OF014,1990-06-20,0.2870000004768372,
05OF014,1990-07-20,0.06300000101327896,
05OF014,1990-08-20,0.0,
05OF014,1990-09-20,0.0,
05OF014,1990-10-20,0.0,
05OF014,1991-03-20,0.0,B
05OF014,1991-04-20,0.014999999664723871,
05OF014,1991-05-20,0.03400000184774399,
05OF014,1991-06-20,0.5350000262260437,
05OF014,1991-07-20,1.0199999809265137,
05OF014,1991-08-20,0.01600000075995922,A
05OF014,1991-09-20,0.0,
05OF014,1991-10-20,0.0,
05OF014,1992-03-20,0.386000007390976,B
05OF014,1992-04-20,2.75,
05OF014,1992-05-20,0.017999999225139618,
05OF014,1992-06-20,0.36899998784065247,
05OF014,1992-07-20,0.0989999994635582,
05OF014,1992-08-20,0.0,
05OF014,1992-09-20,0.006000000052154064,
05OF014,1992-10-20,0.0,
05OF014,1993-03-20,0.0,B
05OF014,1993-04-20,0.5329999923706055,
05OF014,1993-05-20,0.4909999966621399,
05OF014,1993-06-20,0.8180000185966492,
05OF014,1993-07-20,0.2460000067949295,
05OF014,1993-08-20,2.450000047683716,
05OF014,1993-09-20,0.19900000095367432,
05OF014,1993-10-20,0.07100000232458115,E
05OF014,1994-03-20,15.0,B
05OF014,1994-04-20,0.6830000281333923,
05OF014,1994-05-20,0.4880000054836273,
05OF014,1994-06-20,0.03200000151991844,
05OF014,1994-07-20,0.003000000026077032,
05OF014,1994-08-20,0.0,
05OF014,1994-09-20,0.05000000074505806,
05OF014,1994-10-20,29.799999237060547,
05OF014,1995-03-20,51.900001525878906,B
05OF014,1995-04-20,4.079999923706055,
05OF014,1995-05-20,3.2300000190734863,
05OF014,1995-06-20,0.119999997317791,
05OF014,1995-07-20,0.027000000700354576,
05OF014,1995-08-20,14.100000381469728,A
05OF014,1995-09-20,0.02199999988079071,
05OF014,1995-10-20,0.029999999329447743,
05OF014,1996-03-20,0.0,B
05OF014,1996-04-20,49.400001525878906,
05OF014,1996-05-20,15.399999618530272,
05OF014,1996-06-20,0.2949999868869781,
05OF014,1996-07-20,0.09000000357627869,
05OF014,1996-08-20,0.44999998807907104,
05OF014,1996-09-20,0.0010000000474974513,
05OF014,1996-10-20,0.0,
05OF014,1997-03-20,0.0,B
05OF014,1997-04-20,44.5,B
05OF014,1997-05-20,38.0,A
05OF014,1997-06-20,0.2849999964237213,
05OF014,1997-07-20,0.26899999380111694,
05OF014,1997-08-20,0.0,
05OF014,1997-09-20,0.0,
05OF014,1997-10-20,0.0,
05OF014,1998-03-20,0.3230000138282776,B
05OF014,1998-04-20,2.440000057220459,
05OF014,1998-05-20,0.1469999998807907,
05OF014,1998-06-20,1.0099999904632568,
05OF014,1998-07-20,0.03400000184774399,
05OF014,1998-08-20,0.0,
05OF014,1998-09-20,0.0,
05OF014,1998-10-20,0.0,
05OF014,1999-03-20,0.0,B
05OF014,1999-04-20,0.3490000069141388,
05OF014,1999-05-20,1.2000000476837158,
05OF014,1999-06-20,0.8420000076293945,
05OF014,1999-07-20,0.6819999814033508,
05OF014,1999-08-20,0.0,
05OF014,1999-09-20,0.0,
05OF014,1999-10-20,0.0,
05OF014,2000-03-20,0.1430000066757202,B
05OF014,2000-04-20,0.0,
05OF014,2000-05-20,0.0,
05OF014,2000-06-20,0.0,
05OF014,2000-07-20,0.0,
05OF014,2000-08-20,0.07199999690055847,
05OF014,2000-09-20,0.0,
05OF014,2000-10-20,0.0,
05OF014,2001-03-20,0.004000000189989805,B
05OF014,2001-04-20,3.2699999809265137,
05OF014,2001-05-20,1.100000023841858,
05OF014,2001-06-20,1.1399999856948853,
05OF014,2001-07-20,0.00800000037997961,
05OF014,2001-08-20,0.017999999225139618,
05OF014,2001-09-20,0.004000000189989805,
05OF014,2001-10-20,0.0,
05OF014,2002-03-20,0.0,B
05OF014,2002-04-20,0.5109999775886536,
05OF014,2002-05-20,0.057999998331069946,
05OF014,2002-06-20,2.299999952316284,
05OF014,2002-07-20,0.02199999988079071,
05OF014,2002-08-20,0.1860000044107437,
05OF014,2002-09-20,0.26499998569488525,
05OF014,2002-10-20,0.032999999821186066,B
05OF014,2003-03-20,0.10100000351667404,B
05OF014,2003-04-20,0.39899998903274536,
05OF014,2003-05-20,1.2799999713897705,
05OF014,2003-06-20,2.490000009536743,
05OF014,2003-07-20,0.04800000041723251,A
05OF014,2003-08-20,0.0,
05OF014,2003-09-20,0.0,
05OF014,2003-10-20,0.0,
05OF014,2004-03-20,0.0,B
05OF014,2004-04-20,0.3389999866485596,
05OF014,2004-05-20,4.079999923706055,
05OF014,2004-06-20,1.3700000047683716,
05OF014,2004-07-20,0.3709999918937683,
05OF014,2004-08-20,0.04500000178813934,
05OF014,2004-09-20,0.2329999953508377,
05OF014,2004-10-20,0.06300000101327896,
05OF014,2005-03-20,0.0,B
05OF014,2005-04-20,0.8989999890327454,
05OF014,2005-05-20,1.2200000286102295,
05OF014,2005-06-20,6.619999885559082,
05OF014,2005-07-20,3.2699999809265137,
05OF014,2005-08-20,0.019999999552965164,
05OF014,2005-09-20,0.02800000086426735,
05OF014,2005-10-20,0.4440000057220459,
05OF014,2006-03-20,0.05299999937415123,B
05OF014,2006-04-20,1.600000023841858,E
05OF014,2006-05-20,0.7730000019073486,
05OF014,2006-06-20,0.08699999749660492,
05OF014,2006-07-20,0.0,
05OF014,2006-08-20,0.0,
05OF014,2006-09-20,0.0,
05OF014,2006-10-20,0.0,
05OF014,2007-03-20,0.0,B
05OF014,2007-04-20,0.4180000126361847,
05OF014,2007-05-20,0.039000000804662704,
05OF014,2007-06-20,2.859999895095825,
05OF014,2007-07-20,0.734000027179718,
05OF014,2007-08-20,0.0010000000474974513,A
05OF014,2007-09-20,0.01600000075995922,
05OF014,2007-10-20,0.02500000037252903,
05OF014,2008-03-20,0.0,B
05OF014,2008-04-20,0.6869999766349792,
05OF014,2008-05-20,0.07400000095367432,
05OF014,2008-06-20,0.5270000100135803,
05OF014,2008-07-20,0.18000000715255737,
05OF014,2008-08-20,0.0,
05OF014,2008-09-20,0.0,
05OF014,2008-10-20,0.46799999475479126,
05OF014,2009-03-20,0.1420000046491623,B
05OF014,2009-04-20,,
05OF014,2009-05-20,1.0499999523162842,
05OF014,2009-06-20,1.3200000524520874,
05OF014,2009-07-20,9.579999923706056,
05OF014,2009-08-20,0.0020000000949949026,
05OF014,2009-09-20,0.15399999916553497,
05OF014,2009-10-20,0.010999999940395355,
05OF014,2010-03-20,19.100000381469727,B
05OF014,2010-04-20,0.3779999911785126,
05OF014,2010-05-20,0.8830000162124634,
05OF014,2010-06-20,0.4230000078678131,
05OF014,2010-07-20,0.3140000104904175,
05OF014,2010-08-20,0.00800000037997961,
05OF014,2010-09-20,1.1699999570846558,
05OF014,2010-10-20,0.2080000042915344,
05OF014,2011-03-20,0.1420000046491623,B
05OF014,2011-04-20,,
05OF014,2011-05-20,1.6399999856948853,
05OF014,2011-06-20,4.039999961853027,
05OF014,2011-07-20,0.2590000033378601,
05OF014,2011-08-20,0.01600000075995922,
05OF014,2011-09-20,0.0,
05OF014,2011-10-20,0.009999999776482582,
05OF014,2012-03-20,1.159999966621399,B
05OF014,2012-04-20,0.03999999910593033,
05OF014,2012-05-20,0.06400000303983688,
05OF014,2012-06-20,0.07199999690055847,
05OF014,2012-07-20,0.007000000216066837,
05OF014,2012-08-20,0.0,
05OF014,2012-09-20,0.0,
05OF014,2012-10-20,0.0,
05OF014,2013-03-20,0.0,B
05OF014,2013-04-20,0.0,B
05OF014,2013-05-20,2.0199999809265137,
05OF014,2013-06-20,1.3899999856948853,
05OF014,2013-07-20,0.2509999871253968,
05OF014,2013-08-20,0.07900000363588333,
05OF014,2013-09-20,0.04399999976158142,
05OF014,2013-10-20,0.010999999940395355,
05OF014,2014-03-20,0.0,B
05OF014,2014-04-20,5.150000095367432,B
05OF014,2014-05-20,0.7269999980926514,
05OF014,2014-06-20,0.6259999871253967,
05OF014,2014-07-20,0.04100000113248825,
05OF014,2014-08-20,0.0,
05OF014,2014-09-20,0.0,
05OF014,2014-10-20,0.017999999225139618,
05OF014,2015-03-20,0.8399999737739563,B
05OF014,2015-04-20,0.07999999821186066,
05OF014,2015-05-20,0.7440000176429749,
05OF014,2015-06-20,0.14000000059604645,
05OF014,2015-07-20,0.04500000178813934,
05OF014,2015-08-20,0.0010000000474974513,
05OF014,2015-09-20,0.0020000000949949026,
05OF014,2015-10-20,0.0010000000474974513,
05OF014,2016-03-20,4.150000095367432,B
05OF014,2016-04-20,2.200000047683716,
05OF014,2016-05-20,0.004000000189989805,
05OF014,2016-06-20,3.2100000381469727,
05OF014,2016-07-20,0.3630000054836273,
05OF014,2016-08-20,0.0010000000474974513,E
05OF014,2016-09-20,0.0010000000474974513,
05OF014,2016-10-20,0.0010000000474974513,
05OF014,2017-03-20,0.1679999977350235,B
05OF014,2017-04-20,0.46799999475479126,
05OF014,2017-05-20,0.17499999701976776,
05OF014,2017-06-20,1.0299999713897705,
05OF014,2017-07-20,0.16500000655651093,
05OF014,2017-08-20,0.0,
05OF014,2017-09-20,0.0,
05OF014,2017-10-20,0.0,
05OF014,2018-03-20,,
05OF014,2018-04-20,2.2799999713897705,B
05OF014,2018-06-20,0.0,
05OF014,2018-07-20,0.0,
05OF014,2018-08-20,0.0,
05OF014,2018-09-20,0.0,
05OF014,2018-10-20,0.0,
05OF014,2019-03-20,0.0,B
05OF014,2019-04-20,,
05OF014,2019-05-20,0.07599999755620956,
05OF014,2019-06-20,0.0,
05OF014,2019-07-20,0.0,
05OF014,2019-08-20,0.0,
05OF014,2019-09-20,0.0,
05OF014,2019-10-20,,
05OF014,2019-11-20,,
05OF014,2020-03-20,0.0,B
05OF014,2020-04-20,,
05OF014,2020-05-20,0.0,
05OF014,2020-06-20,0.009999999776482582,
05OF014,2020-07-20,0.0,
05OF014,2020-08-20,0.0,
05OF014,2020-09-20,0.0,
05OF014,2020-10-20,0.0,
05OF014,2021-02-20,,
05OF014,2021-03-20,0.3799999952316284,B
05OF014,2021-04-20,0.032999999821186066,
05OF014,2021-05-20,0.09000000357627869,
05OF014,2021-06-20,0.003000000026077032,
05OF014,2021-07-20,0.0,
05OF014,2021-08-20,0.0,
05OF014,2021-09-20,0.0,
05OF014,2021-10-20,0.0,
05OF014,2022-03-20,0.0,B
05OF014,2022-04-20,0.2380000054836273,B
05OF014,2022-05-20,,
05OF014,2022-06-20,2.319999933242798,
05OF014,2022-07-20,0.4429999887943268,E
05OF014,2022-08-20,0.0,
05OF014,2022-09-20,0.0,
05OF014,2022-10-20,0.0,
05OF014,2023-02-20,,
05OF014,2023-03-20,0.0020000000949949026,B
05OF014,2023-04-20,15.300000190734863,
05OF014,2023-05-20,1.0399999618530271,
05OF014,2023-06-20,0.6420000195503235,
05OF014,2023-07-20,0.006000000052154064,
05OF014,2023-08-20,0.0,
05OF014,2023-09-20,0.0,
05OF014,2023-10-20,0.0,
05OF014,2024-03-20,0.6759999990463257,B
05OF014,2024-04-20,0.1679999977350235,
05OF014,2024-05-20,1.4299999475479126,
05OF014,2024-06-20,0.44999998807907104,A
05OF014,2024-07-20,0.2430000007152557,E
05OF014,2024-08-20,0.2419999986886978,
05OF014,2024-09-20,1.0199999809265137,
05OF014,2024-10-20,0.06800000369548798,
05OF014,1960-03-21,0.0,B
05OF014,1960-04-21,1.809999942779541,
05OF014,1960-05-21,0.28299999237060547,
05OF014,1960-06-21,0.02800000086426735,
05OF014,1960-07-21,0.0,
05OF014,1960-08-21,0.0,
05OF014,1960-09-21,0.0,
05OF014,1960-10-21,0.0,
05OF014,1961-03-21,0.42500001192092896,B
05OF014,1961-04-21,0.3400000035762787,
05OF014,1961-05-21,0.0,
05OF014,1961-06-21,0.0,
05OF014,1961-07-21,0.0,
05OF014,1961-08-21,0.0,
05OF014,1961-09-21,0.0,
05OF014,1961-10-21,0.0,
05OF014,1962-03-21,0.0,
05OF014,1962-04-21,42.79999923706055,B
05OF014,1962-05-21,1.3700000047683716,
05OF014,1962-06-21,0.2119999974966049,E
05OF014,1962-07-21,0.0,
05OF014,1962-08-21,0.0,
05OF014,1962-09-21,0.0,
05OF014,1962-10-21,0.0,
05OF014,1963-03-21,0.0,B
05OF014,1963-04-21,0.04199999943375588,E
05OF014,1963-05-21,0.0,
05OF014,1963-06-21,0.18700000643730164,
05OF014,1963-07-21,0.07100000232458115,
05OF014,1963-08-21,0.0,
05OF014,1963-09-21,0.0,
05OF014,1963-10-21,0.0,
05OF014,1964-03-21,0.0,B
05OF014,1964-04-21,0.4670000076293945,
05OF014,1964-05-21,0.193000003695488,
05OF014,1964-06-21,0.546999990940094,E
05OF014,1964-07-21,0.10999999940395357,E
05OF014,1964-08-21,0.0,
05OF014,1964-09-21,0.07900000363588333,E
05OF014,1964-10-21,0.014000000432133676,E
05OF014,1965-03-21,0.0,B
05OF014,1965-04-21,4.869999885559082,E
05OF014,1965-05-21,0.6000000238418579,E
05OF014,1965-06-21,0.1330000013113022,E
05OF014,1965-07-21,0.014000000432133676,
05OF014,1965-08-21,0.0,
05OF014,1965-09-21,0.0,
05OF014,1965-10-21,0.0,
05OF014,1966-03-21,0.0,B
05OF014,1966-04-21,0.0,
05OF014,1966-05-21,0.6740000247955322,E
05OF014,1966-06-21,0.193000003695488,
05OF014,1966-07-21,0.23199999332427976,
05OF014,1966-08-21,0.0,
05OF014,1966-09-21,0.0,
05OF014,1966-10-21,0.0,
05OF014,1967-03-21,0.0,B
05OF014,1967-04-21,91.6999969482422,B
05OF014,1967-05-21,0.7870000004768372,
05OF014,1967-06-21,0.12200000137090684,
05OF014,1967-07-21,0.017000000923871994,E
05OF014,1967-08-21,0.0,
05OF014,1967-09-21,0.0,
05OF014,1967-10-21,0.0,
05OF014,1968-03-21,0.0,B
05OF014,1968-04-21,0.1899999976158142,E
05OF014,1968-05-21,0.4729999899864197,
05OF014,1968-06-21,0.0,
05OF014,1968-07-21,0.42800000309944153,E
05OF014,1968-08-21,0.6819999814033508,
05OF014,1968-09-21,0.8330000042915344,E
05OF014,1968-10-21,0.6340000033378601,
05OF014,1969-03-21,0.0,B
05OF014,1969-04-21,3.7699999809265137,
05OF014,1969-05-21,0.9629999995231628,E
05OF014,1969-06-21,0.1420000046491623,E
05OF014,1969-07-21,0.5830000042915344,
05OF014,1969-08-21,0.05900000035762787,
05OF014,1969-09-21,0.023000000044703484,
05OF014,1969-10-21,0.06199999898672104,
05OF014,1970-03-21,0.0,B
05OF014,1970-04-21,22.100000381469727,
05OF014,1970-05-21,3.819999933242798,
05OF014,1970-06-21,0.6510000228881836,
05OF014,1970-07-21,0.26899999380111694,
05OF014,1970-08-21,0.0,
05OF014,1970-09-21,0.0,E
05OF014,1970-10-21,0.014000000432133676,
05OF014,1971-03-21,0.0,B
05OF014,1971-04-21,6.059999942779541,
05OF014,1971-05-21,0.3109999895095825,
05OF014,1971-06-21,0.609000027179718,
05OF014,1971-07-21,0.0,
05OF014,1971-08-21,0.0,
05OF014,1971-09-21,0.0,
05OF014,1971-10-21,0.1080000028014183,
05OF014,1972-03-21,10.100000381469728,B
05OF014,1972-04-21,3.059999942779541,
05OF014,1972-05-21,0.37700000405311584,
05OF014,1972-06-21,0.07900000363588333,
05OF014,1972-07-21,0.3709999918937683,
05OF014,1972-08-21,0.26899999380111694,
05OF014,1972-09-21,0.03400000184774399,
05OF014,1972-10-21,0.024000000208616257,
05OF014,1973-03-21,2.0899999141693115,B
05OF014,1973-04-21,0.019999999552965164,
05OF014,1973-05-21,0.0010000000474974513,E
05OF014,1973-06-21,0.00800000037997961,E
05OF014,1973-07-21,0.0010000000474974513,
05OF014,1973-08-21,0.0,
05OF014,1973-09-21,0.0,
05OF014,1973-10-21,0.007000000216066837,
05OF014,1974-03-21,0.0,B
05OF014,1974-04-21,59.20000076293945,
05OF014,1974-05-21,74.80000305175781,
05OF014,1974-06-21,0.4930000007152557,
05OF014,1974-07-21,0.09600000083446504,E
05OF014,1974-08-21,0.0,
05OF014,1974-09-21,0.0,
05OF014,1974-10-21,0.0,
05OF014,1975-03-21,0.0,B
05OF014,1975-04-21,3.2799999713897705,B
05OF014,1975-05-21,0.14399999380111694,
05OF014,1975-06-21,0.06199999898672104,
05OF014,1975-07-21,0.006000000052154064,
05OF014,1975-08-21,0.0,
05OF014,1975-09-21,0.0,
05OF014,1975-10-21,0.0,
05OF014,1976-03-21,0.0,B
05OF014,1976-04-21,2.940000057220459,
05OF014,1976-05-21,0.11900000274181366,
05OF014,1976-06-21,0.10999999940395357,
05OF014,1976-07-21,0.0,
05OF014,1976-08-21,0.0,
05OF014,1976-09-21,0.0,
05OF014,1976-10-21,0.0,
05OF014,1977-03-21,0.0,B
05OF014,1977-04-21,0.0,
05OF014,1977-05-21,0.5830000042915344,
05OF014,1977-06-21,0.0020000000949949026,
05OF014,1977-07-21,0.027000000700354576,
05OF014,1977-08-21,0.0,
05OF014,1977-09-21,0.05700000002980232,
05OF014,1977-10-21,0.0989999994635582,
05OF014,1978-03-21,0.0,B
05OF014,1978-04-21,2.5899999141693115,
05OF014,1978-05-21,0.2630000114440918,
05OF014,1978-06-21,0.0,
05OF014,1978-07-21,0.17599999904632568,
05OF014,1978-08-21,0.0,
05OF014,1978-09-21,0.03099999949336052,
05OF014,1978-10-21,0.004999999888241291,
05OF014,1979-03-21,0.0,B
05OF014,1979-04-21,103.0,B
05OF014,1979-06-21,1.7300000190734863,
05OF014,1979-07-21,0.25,
05OF014,1979-08-21,0.0,
05OF014,1979-09-21,0.0,
05OF014,1979-10-21,0.0,
05OF014,1980-03-21,0.0,B
05OF014,1980-04-21,0.31200000643730164,
05OF014,1980-05-21,0.0,
05OF014,1980-06-21,0.0,
05OF014,1980-07-21,0.0,
05OF014,1980-08-21,0.0,
05OF014,1980-09-21,0.0,
05OF014,1980-10-21,0.0,
05OF014,1981-03-21,0.5600000023841858,B
05OF014,1981-04-21,0.0,
05OF014,1981-05-21,0.0,
05OF014,1981-06-21,0.026000000536441803,
05OF014,1981-07-21,0.0,
05OF014,1981-08-21,0.12700000405311584,
05OF014,1981-09-21,0.0,
05OF014,1981-10-21,0.0,
05OF014,1982-03-21,0.0,B
05OF014,1982-04-21,0.7289999723434448,
05OF014,1982-05-21,0.0,
05OF014,1982-06-21,0.00800000037997961,
05OF014,1982-07-21,0.0,
05OF014,1982-08-21,0.0,
05OF014,1982-09-21,0.0,
05OF014,1982-10-21,0.0020000000949949026,
05OF014,1983-03-21,0.4490000009536743,B
05OF014,1983-04-21,0.4659999907016754,
05OF014,1983-05-21,0.02800000086426735,
05OF014,1983-06-21,0.0,
05OF014,1983-07-21,0.0,
05OF014,1983-08-21,0.0,
05OF014,1983-09-21,0.0,
05OF014,1983-10-21,0.0,
05OF014,1984-03-21,0.0,B
05OF014,1984-04-21,0.032999999821186066,E
05OF014,1984-05-21,0.0989999994635582,E
05OF014,1984-06-21,0.0020000000949949026,
05OF014,1984-07-21,0.0,
05OF014,1984-08-21,0.0,
05OF014,1984-09-21,0.0,
05OF014,1984-10-21,0.0,
05OF014,1985-03-21,23.100000381469727,B
05OF014,1985-04-21,0.17900000512599945,
05OF014,1985-05-21,0.0020000000949949026,
05OF014,1985-06-21,0.0,
05OF014,1985-07-21,0.023000000044703484,
05OF014,1985-08-21,8.279999732971191,
05OF014,1985-09-21,0.18299999833106995,
05OF014,1985-10-21,0.25699999928474426,
05OF014,1986-03-21,0.0,B
05OF014,1986-04-21,10.899999618530272,
05OF014,1986-05-21,2.069999933242798,
05OF014,1986-06-21,0.18400000035762787,
05OF014,1986-07-21,0.10100000351667404,
05OF014,1986-08-21,0.0,E
05OF014,1986-09-21,0.0,E
05OF014,1986-10-21,0.0,
05OF014,1987-03-21,0.0,B
05OF014,1987-04-21,0.3630000054836273,
05OF014,1987-05-21,0.0,
05OF014,1987-06-21,0.0,
05OF014,1987-07-21,0.0,
05OF014,1987-08-21,0.0,
05OF014,1987-09-21,0.006000000052154064,
05OF014,1987-10-21,0.0,
05OF014,1988-03-21,0.20000000298023224,B
05OF014,1988-04-21,0.04500000178813934,B
05OF014,1988-05-21,0.0,
05OF014,1988-06-21,0.0,
05OF014,1988-07-21,0.0,
05OF014,1988-08-21,0.0,
05OF014,1988-09-21,0.0,A
05OF014,1988-10-21,0.0,
05OF014,1989-03-21,0.0,B
05OF014,1989-04-21,6.869999885559082,B
05OF014,1989-05-21,0.03999999910593033,A
05OF014,1989-06-21,0.0,
05OF014,1989-07-21,0.0,
05OF014,1989-08-21,0.0,
05OF014,1989-09-21,0.0,
05OF014,1989-10-21,0.0,
05OF014,1990-03-21,0.0,B
05OF014,1990-04-21,0.5139999985694885,
05OF014,1990-05-21,0.10899999737739564,
05OF014,1990-06-21,0.13899999856948853,
05OF014,1990-07-21,0.06800000369548798,
05OF014,1990-08-21,0.0,
05OF014,1990-09-21,0.0,
05OF014,1990-10-21,0.0,
05OF014,1991-03-21,0.0,B
05OF014,1991-04-21,0.014000000432133676,
05OF014,1991-05-21,0.028999999165534973,
05OF014,1991-06-21,0.6420000195503235,
05OF014,1991-07-21,0.7720000147819519,
05OF014,1991-08-21,0.014999999664723871,E
05OF014,1991-09-21,0.0,
05OF014,1991-10-21,0.0,
05OF014,1992-03-21,0.2419999986886978,B
05OF014,1992-04-21,1.350000023841858,
05OF014,1992-05-21,0.01899999938905239,
05OF014,1992-06-21,0.49399998784065247,
05OF014,1992-07-21,0.05999999865889549,
05OF014,1992-08-21,0.0,
05OF014,1992-09-21,0.003000000026077032,
05OF014,1992-10-21,0.0,
05OF014,1993-03-21,0.0,B
05OF014,1993-04-21,0.4900000095367432,
05OF014,1993-05-21,0.421999990940094,
05OF014,1993-06-21,0.6610000133514404,
05OF014,1993-07-21,0.2280000001192093,
05OF014,1993-08-21,2.180000066757202,
05OF014,1993-09-21,0.19099999964237213,
05OF014,1993-10-21,0.057999998331069946,E
05OF014,1994-03-21,17.100000381469727,B
05OF014,1994-04-21,0.9110000133514404,
05OF014,1994-05-21,0.28600001335144043,
05OF014,1994-06-21,0.014999999664723871,
05OF014,1994-07-21,0.0,
05OF014,1994-08-21,0.0,
05OF014,1994-09-21,0.09200000017881392,
05OF014,1994-10-21,17.0,
05OF014,1995-03-21,46.5,B
05OF014,1995-04-21,3.9600000381469727,
05OF014,1995-05-21,3.059999942779541,
05OF014,1995-06-21,0.1459999978542328,
05OF014,1995-07-21,0.02199999988079071,
05OF014,1995-08-21,13.399999618530272,A
05OF014,1995-09-21,0.01600000075995922,
05OF014,1995-10-21,0.02500000037252903,
05OF014,1996-03-21,0.0,B
05OF014,1996-04-21,35.599998474121094,
05OF014,1996-05-21,12.0,
05OF014,1996-06-21,0.2720000147819519,
05OF014,1996-07-21,0.10499999672174454,
05OF014,1996-08-21,0.4399999976158142,
05OF014,1996-09-21,0.0020000000949949026,
05OF014,1996-10-21,0.0,
05OF014,1997-03-21,0.0,B
05OF014,1997-04-21,57.400001525878906,B
05OF014,1997-05-21,40.09999847412109,
05OF014,1997-06-21,0.1509999930858612,
05OF014,1997-07-21,0.19099999964237213,
05OF014,1997-08-21,0.0,
05OF014,1997-09-21,0.0,
05OF014,1997-10-21,0.0,
05OF014,1998-03-21,1.1200000047683716,B
05OF014,1998-04-21,2.509999990463257,
05OF014,1998-05-21,0.12399999797344208,
05OF014,1998-06-21,0.8349999785423279,
05OF014,1998-07-21,0.03099999949336052,
05OF014,1998-08-21,0.0,
05OF014,1998-09-21,0.0,
05OF014,1998-10-21,0.0,
05OF014,1999-03-21,0.0,B
05OF014,1999-04-21,0.3910000026226044,
05OF014,1999-05-21,1.2300000190734863,
05OF014,1999-06-21,0.7509999871253967,
05OF014,1999-07-21,0.6150000095367432,
05OF014,1999-08-21,0.0,
05OF014,1999-09-21,0.0,
05OF014,1999-10-21,0.0,
05OF014,2000-03-21,0.1710000038146973,B
05OF014,2000-04-21,0.0,
05OF014,2000-05-21,0.0,
05OF014,2000-06-21,0.014000000432133676,
05OF014,2000-07-21,0.0,
05OF014,2000-08-21,0.06300000101327896,
05OF014,2000-09-21,0.0,
05OF014,2000-10-21,0.0,
05OF014,2001-03-21,0.07400000095367432,B
05OF014,2001-04-21,3.1600000858306885,
05OF014,2001-05-21,1.1699999570846558,
05OF014,2001-06-21,1.100000023841858,
05OF014,2001-07-21,0.00800000037997961,
05OF014,2001-08-21,0.012000000104308128,
05OF014,2001-09-21,0.004000000189989805,
05OF014,2001-10-21,0.0,
05OF014,2002-03-21,0.0,B
05OF014,2002-04-21,0.2870000004768372,
05OF014,2002-05-21,0.06499999761581421,
05OF014,2002-06-21,1.8200000524520876,
05OF014,2002-07-21,0.039000000804662704,
05OF014,2002-08-21,0.004999999888241291,
05OF014,2002-09-21,0.19699999690055847,
05OF014,2002-10-21,0.032999999821186066,B
05OF014,2003-03-21,0.1330000013113022,B
05OF014,2003-04-21,0.3199999928474426,
05OF014,2003-05-21,0.4580000042915344,
05OF014,2003-06-21,1.1799999475479126,
05OF014,2003-07-21,0.032999999821186066,
05OF014,2003-08-21,0.0,
05OF014,2003-09-21,0.0,
05OF014,2003-10-21,0.0,
05OF014,2004-03-21,0.0,B
05OF014,2004-04-21,0.32600000500679016,
05OF014,2004-05-21,3.130000114440918,
05OF014,2004-06-21,1.1699999570846558,
05OF014,2004-07-21,0.4090000092983246,
05OF014,2004-08-21,0.04399999976158142,
05OF014,2004-09-21,1.9900000095367432,
05OF014,2004-10-21,0.06400000303983688,
05OF014,2005-03-21,0.0,B
05OF014,2005-04-21,0.7559999823570251,
05OF014,2005-05-21,3.299999952316284,
05OF014,2005-06-21,5.980000019073486,
05OF014,2005-07-21,2.569999933242798,
05OF014,2005-08-21,0.014999999664723871,
05OF014,2005-09-21,0.02199999988079071,A
05OF014,2005-10-21,0.39899998903274536,
05OF014,2006-03-21,0.052000001072883606,B
05OF014,2006-04-21,13.0,E
05OF014,2006-05-21,0.6129999756813049,
05OF014,2006-06-21,0.09399999678134918,
05OF014,2006-07-21,0.0,
05OF014,2006-08-21,0.0,
05OF014,2006-09-21,0.0,
05OF014,2006-10-21,0.0,
05OF014,2007-03-21,0.0,B
05OF014,2007-04-21,0.3319999873638153,
05OF014,2007-05-21,0.04199999943375588,
05OF014,2007-06-21,2.180000066757202,
05OF014,2007-07-21,0.6200000047683716,
05OF014,2007-08-21,0.16899999976158142,A
05OF014,2007-09-21,0.0020000000949949026,
05OF014,2007-10-21,0.024000000208616257,
05OF014,2008-03-21,0.0,B
05OF014,2008-04-21,0.6370000243186951,
05OF014,2008-05-21,0.1120000034570694,
05OF014,2008-06-21,0.47200000286102295,
05OF014,2008-07-21,0.07599999755620956,
05OF014,2008-08-21,0.0,
05OF014,2008-09-21,0.0,
05OF014,2008-10-21,0.4070000052452088,
05OF014,2009-03-21,0.22699999809265137,B
05OF014,2009-04-21,,
05OF014,2009-05-21,1.399999976158142,
05OF014,2009-06-21,1.1200000047683716,
05OF014,2009-07-21,5.019999980926514,
05OF014,2009-08-21,0.4600000083446503,
05OF014,2009-09-21,0.11599999666213988,
05OF014,2009-10-21,0.007000000216066837,
05OF014,2010-03-21,16.100000381469727,B
05OF014,2010-04-21,0.3610000014305115,
05OF014,2010-05-21,0.6309999823570251,
05OF014,2010-06-21,0.8410000205039978,
05OF014,2010-07-21,0.23199999332427976,
05OF014,2010-08-21,0.029999999329447743,
05OF014,2010-09-21,0.9290000200271606,
05OF014,2010-10-21,0.20600000023841855,
05OF014,2011-03-21,0.16899999976158142,B
05OF014,2011-04-21,,
05OF014,2011-05-21,1.590000033378601,
05OF014,2011-06-21,3.2100000381469727,
05OF014,2011-07-21,0.2280000001192093,
05OF014,2011-08-21,0.017000000923871994,
05OF014,2011-09-21,0.0,
05OF014,2011-10-21,0.009999999776482582,
05OF014,2012-03-21,0.975000023841858,B
05OF014,2012-04-21,0.039000000804662704,
05OF014,2012-05-21,0.06199999898672104,
05OF014,2012-06-21,0.11900000274181366,
05OF014,2012-07-21,0.0020000000949949026,
05OF014,2012-08-21,0.0,
05OF014,2012-09-21,0.0,
05OF014,2012-10-21,0.0,
05OF014,2013-03-21,0.0,B
05OF014,2013-04-21,0.13199999928474426,B
05OF014,2013-05-21,14.0,
05OF014,2013-06-21,1.7799999713897705,
05OF014,2013-07-21,0.22499999403953552,
05OF014,2013-08-21,0.05000000074505806,
05OF014,2013-09-21,0.04800000041723251,
05OF014,2013-10-21,0.009999999776482582,
05OF014,2014-03-21,0.0,B
05OF014,2014-04-21,3.609999895095825,B
05OF014,2014-05-21,0.6790000200271606,
05OF014,2014-06-21,0.578000009059906,
05OF014,2014-07-21,0.0430000014603138,
05OF014,2014-08-21,0.0,
05OF014,2014-09-21,0.0,
05OF014,2014-10-21,0.019999999552965164,
05OF014,2015-03-21,1.090000033378601,B
05OF014,2015-04-21,0.06400000303983688,A
05OF014,2015-05-21,0.7089999914169312,
05OF014,2015-06-21,0.125,
05OF014,2015-07-21,0.019999999552965164,
05OF014,2015-08-21,0.0010000000474974513,
05OF014,2015-09-21,0.0010000000474974513,
05OF014,2015-10-21,0.0010000000474974513,
05OF014,2016-03-21,3.670000076293945,B
05OF014,2016-04-21,1.1699999570846558,
05OF014,2016-05-21,0.0020000000949949026,
05OF014,2016-06-21,3.200000047683716,
05OF014,2016-07-21,0.40299999713897705,
05OF014,2016-08-21,0.0010000000474974513,E
05OF014,2016-09-21,0.0010000000474974513,
05OF014,2016-10-21,0.0,
05OF014,2017-03-21,0.2630000114440918,B
05OF014,2017-04-21,0.4300000071525574,
05OF014,2017-05-21,0.19699999690055847,
05OF014,2017-06-21,0.984000027179718,
05OF014,2017-07-21,0.17800000309944153,
05OF014,2017-08-21,0.0,
05OF014,2017-09-21,0.0,
05OF014,2017-10-21,0.0,
05OF014,2018-03-21,,
05OF014,2018-04-21,1.600000023841858,B
05OF014,2018-06-21,0.0,
05OF014,2018-07-21,0.0,
05OF014,2018-08-21,0.0,
05OF014,2018-09-21,0.0,
05OF014,2018-10-21,0.0,
05OF014,2019-03-21,0.0,B
05OF014,2019-04-21,,
05OF014,2019-05-21,0.06700000166893005,
05OF014,2019-06-21,0.0,
05OF014,2019-07-21,0.0,
05OF014,2019-08-21,0.0,
05OF014,2019-09-21,0.38999998569488525,
05OF014,2019-10-21,,
05OF014,2019-11-21,,
05OF014,2020-03-21,0.0,B
05OF014,2020-04-21,,
05OF014,2020-05-21,0.0,
05OF014,2020-06-21,0.3709999918937683,
05OF014,2020-07-21,0.0,
05OF014,2020-08-21,0.0,
05OF014,2020-09-21,0.0,
05OF014,2020-10-21,0.0,
05OF014,2021-02-21,,
05OF014,2021-03-21,0.4070000052452088,B
05OF014,2021-04-21,0.039000000804662704,
05OF014,2021-05-21,0.1889999955892563,
05OF014,2021-06-21,0.0020000000949949026,
05OF014,2021-07-21,0.0,
05OF014,2021-08-21,0.0,
05OF014,2021-09-21,0.0,
05OF014,2021-10-21,0.0,
05OF014,2022-03-21,0.0,B
05OF014,2022-04-21,0.8579999804496765,B
05OF014,2022-05-21,,
05OF014,2022-06-21,2.1600000858306885,
05OF014,2022-07-21,0.4169999957084656,E
05OF014,2022-08-21,0.0,
05OF014,2022-09-21,0.0,
05OF014,2022-10-21,0.0,
05OF014,2023-02-21,,
05OF014,2023-03-21,0.0020000000949949026,B
05OF014,2023-04-21,5.809999942779541,
05OF014,2023-05-21,0.9990000128746032,
05OF014,2023-06-21,0.7070000171661377,
05OF014,2023-07-21,0.004000000189989805,
05OF014,2023-08-21,0.0,
05OF014,2023-09-21,0.0,
05OF014,2023-10-21,0.0,
05OF014,2024-03-21,0.6230000257492065,B
05OF014,2024-04-21,0.1420000046491623,
05OF014,2024-05-21,1.350000023841858,
05OF014,2024-06-21,0.6430000066757202,E
05OF014,2024-07-21,0.22200000286102292,E
05OF014,2024-08-21,0.2770000100135803,
05OF014,2024-09-21,1.5099999904632568,
05OF014,2024-10-21,0.0689999982714653,
05OF014,1960-03-22,0.0,B
05OF014,1960-04-22,1.3799999952316284,
05OF014,1960-05-22,0.2150000035762787,
05OF014,1960-06-22,0.08500000089406967,
05OF014,1960-07-22,0.0,
05OF014,1960-08-22,0.0,
05OF014,1960-09-22,0.0,
05OF014,1960-10-22,0.0,
05OF014,1961-03-22,0.7649999856948853,B
05OF014,1961-04-22,0.26899999380111694,E
05OF014,1961-05-22,0.0,
05OF014,1961-06-22,0.0,
05OF014,1961-07-22,0.0,
05OF014,1961-08-22,0.0,
05OF014,1961-09-22,0.0,
05OF014,1961-10-22,0.0,
05OF014,1962-03-22,0.0,
05OF014,1962-04-22,40.20000076293945,B
05OF014,1962-05-22,1.2100000381469729,
05OF014,1962-06-22,0.1979999989271164,E
05OF014,1962-07-22,0.06199999898672104,
05OF014,1962-08-22,0.0,
05OF014,1962-09-22,0.0,
05OF014,1962-10-22,0.0,
05OF014,1963-03-22,0.16699999570846558,B
05OF014,1963-04-22,0.03999999910593033,
05OF014,1963-05-22,0.0,
05OF014,1963-06-22,0.2150000035762787,
05OF014,1963-07-22,0.06800000369548798,E
05OF014,1963-08-22,0.0,
05OF014,1963-09-22,0.0,
05OF014,1963-10-22,0.0,
05OF014,1964-03-22,0.0,B
05OF014,1964-04-22,0.3849999904632568,
05OF014,1964-05-22,0.164000004529953,E
05OF014,1964-06-22,0.3230000138282776,
05OF014,1964-07-22,0.15299999713897705,
05OF014,1964-08-22,0.289000004529953,E
05OF014,1964-09-22,0.07900000363588333,E
05OF014,1964-10-22,0.014000000432133676,E
05OF014,1965-03-22,0.0,B
05OF014,1965-04-22,2.180000066757202,
05OF014,1965-05-22,0.6970000267028809,
05OF014,1965-06-22,0.12200000137090684,E
05OF014,1965-07-22,0.010999999940395355,
05OF014,1965-08-22,0.0,
05OF014,1965-09-22,0.0,
05OF014,1965-10-22,0.0,
05OF014,1966-03-22,0.0,B
05OF014,1966-04-22,0.0,
05OF014,1966-05-22,0.453000009059906,E
05OF014,1966-06-22,0.17000000178813934,E
05OF014,1966-07-22,0.11299999803304672,E
05OF014,1966-08-22,0.0,
05OF014,1966-09-22,0.0,
05OF014,1966-10-22,0.0,
05OF014,1967-03-22,0.0,B
05OF014,1967-04-22,73.30000305175781,B
05OF014,1967-05-22,0.7310000061988831,
05OF014,1967-06-22,0.1080000028014183,
05OF014,1967-07-22,0.010999999940395355,E
05OF014,1967-08-22,0.0,
05OF014,1967-09-22,0.0,
05OF014,1967-10-22,0.0,
05OF014,1968-03-22,0.0,B
05OF014,1968-04-22,0.2179999947547913,
05OF014,1968-05-22,0.42500001192092896,
05OF014,1968-06-22,0.0,E
05OF014,1968-07-22,0.3849999904632568,E
05OF014,1968-08-22,0.7020000219345093,E
05OF014,1968-09-22,0.8519999980926514,E
05OF014,1968-10-22,0.6819999814033508,
05OF014,1969-03-22,0.0,B
05OF014,1969-04-22,2.970000028610229,
05OF014,1969-05-22,0.906000018119812,E
05OF014,1969-06-22,0.11299999803304672,E
05OF014,1969-07-22,0.5239999890327454,
05OF014,1969-08-22,0.05900000035762787,
05OF014,1969-09-22,0.023000000044703484,
05OF014,1969-10-22,0.06199999898672104,
05OF014,1970-03-22,0.0,B
05OF014,1970-04-22,20.100000381469727,
05OF014,1970-05-22,3.309999942779541,
05OF014,1970-06-22,0.6679999828338623,E
05OF014,1970-07-22,0.2630000114440918,
05OF014,1970-08-22,0.0,
05OF014,1970-09-22,0.0,
05OF014,1970-10-22,0.014000000432133676,
05OF014,1971-03-22,0.0,B
05OF014,1971-04-22,3.400000095367432,
05OF014,1971-05-22,0.3059999942779541,
05OF014,1971-06-22,0.5320000052452087,E
05OF014,1971-07-22,0.0,
05OF014,1971-08-22,0.0,
05OF014,1971-09-22,0.0,
05OF014,1971-10-22,0.1080000028014183,
05OF014,1972-03-22,8.8100004196167,B
05OF014,1972-04-22,2.8299999237060547,
05OF014,1972-05-22,0.38199999928474426,
05OF014,1972-06-22,0.06800000369548798,
05OF014,1972-07-22,0.36000001430511475,
05OF014,1972-08-22,0.2290000021457672,
05OF014,1972-09-22,0.03700000047683716,
05OF014,1972-10-22,0.024000000208616257,
05OF014,1973-03-22,1.8200000524520876,B
05OF014,1973-04-22,0.014000000432133676,
05OF014,1973-05-22,0.003000000026077032,
05OF014,1973-06-22,0.017000000923871994,
05OF014,1973-07-22,0.0,
05OF014,1973-08-22,0.0,
05OF014,1973-09-22,0.0,
05OF014,1973-10-22,0.008999999612569809,E
05OF014,1974-03-22,0.0,B
05OF014,1974-04-22,53.5,
05OF014,1974-05-22,100.0,
05OF014,1974-06-22,0.4930000007152557,
05OF014,1974-07-22,0.090999998152256,
05OF014,1974-08-22,0.0,
05OF014,1974-09-22,0.0,
05OF014,1974-10-22,0.0,
05OF014,1975-03-22,0.0,B
05OF014,1975-04-22,2.970000028610229,B
05OF014,1975-05-22,0.10999999940395357,
05OF014,1975-06-22,0.15600000321865082,E
05OF014,1975-07-22,0.003000000026077032,
05OF014,1975-08-22,0.0,
05OF014,1975-09-22,0.0,
05OF014,1975-10-22,0.0,
05OF014,1976-03-22,0.0,B
05OF014,1976-04-22,2.640000104904175,
05OF014,1976-05-22,0.10999999940395357,
05OF014,1976-06-22,0.08799999952316284,
05OF014,1976-07-22,0.0,
05OF014,1976-08-22,0.0,
05OF014,1976-09-22,0.0,
05OF014,1976-10-22,0.0,
05OF014,1977-03-22,0.0,B
05OF014,1977-04-22,0.0020000000949949026,
05OF014,1977-05-22,0.42500001192092896,
05OF014,1977-06-22,0.0,
05OF014,1977-07-22,0.019999999552965164,
05OF014,1977-08-22,0.0,
05OF014,1977-09-22,0.05700000002980232,
05OF014,1977-10-22,0.004000000189989805,
05OF014,1978-03-22,0.0,B
05OF014,1978-04-22,2.4600000381469727,
05OF014,1978-05-22,0.23499999940395355,
05OF014,1978-06-22,0.0,
05OF014,1978-07-22,0.08799999952316284,
05OF014,1978-08-22,0.0,
05OF014,1978-09-22,0.010999999940395355,
05OF014,1978-10-22,0.0020000000949949026,
05OF014,1979-03-22,0.0,B
05OF014,1979-04-22,88.19999694824219,B
05OF014,1979-06-22,2.9200000762939453,
05OF014,1979-07-22,0.26899999380111694,
05OF014,1979-08-22,0.004999999888241291,
05OF014,1979-09-22,0.0,
05OF014,1979-10-22,0.0,
05OF014,1980-03-22,0.0,B
05OF014,1980-04-22,0.3230000138282776,
05OF014,1980-05-22,0.0,
05OF014,1980-06-22,0.0,
05OF014,1980-07-22,0.0,
05OF014,1980-08-22,0.0,
05OF014,1980-09-22,0.0,
05OF014,1980-10-22,0.0,
05OF014,1981-03-22,0.546999990940094,B
05OF014,1981-04-22,0.0,
05OF014,1981-05-22,0.0,
05OF014,1981-06-22,0.04899999871850014,
05OF014,1981-07-22,0.0,
05OF014,1981-08-22,0.11500000208616255,
05OF014,1981-09-22,0.0,
05OF014,1981-10-22,0.0,
05OF014,1982-03-22,0.0,B
05OF014,1982-04-22,0.578000009059906,
05OF014,1982-05-22,0.0,
05OF014,1982-06-22,0.00800000037997961,
05OF014,1982-07-22,0.0,
05OF014,1982-08-22,0.0,
05OF014,1982-09-22,0.0,
05OF014,1982-10-22,0.0020000000949949026,
05OF014,1983-03-22,0.14100000262260437,B
05OF014,1983-04-22,0.4659999907016754,
05OF014,1983-05-22,0.02800000086426735,
05OF014,1983-06-22,0.03099999949336052,
05OF014,1983-07-22,0.0,
05OF014,1983-08-22,0.0,
05OF014,1983-09-22,0.0,
05OF014,1983-10-22,0.0,
05OF014,1984-03-22,0.0,B
05OF014,1984-04-22,0.017000000923871994,E
05OF014,1984-05-22,0.08500000089406967,E
05OF014,1984-06-22,0.003000000026077032,
05OF014,1984-07-22,0.0,
05OF014,1984-08-22,0.0,
05OF014,1984-09-22,0.0,
05OF014,1984-10-22,0.0,
05OF014,1985-03-22,18.799999237060547,B
05OF014,1985-04-22,0.2370000034570694,
05OF014,1985-05-22,0.0010000000474974513,
05OF014,1985-06-22,0.0,
05OF014,1985-07-22,0.008999999612569809,
05OF014,1985-08-22,4.570000171661377,
05OF014,1985-09-22,0.18299999833106995,
05OF014,1985-10-22,0.28200000524520874,
05OF014,1986-03-22,0.020999999716877937,B
05OF014,1986-04-22,5.860000133514404,
05OF014,1986-05-22,1.7200000286102295,
05OF014,1986-06-22,0.22100000083446503,
05OF014,1986-07-22,0.15000000596046448,
05OF014,1986-08-22,0.0,E
05OF014,1986-09-22,0.0,E
05OF014,1986-10-22,0.0,
05OF014,1987-03-22,0.0,B
05OF014,1987-04-22,0.2840000092983246,
05OF014,1987-05-22,0.0,
05OF014,1987-06-22,0.0,
05OF014,1987-07-22,0.0,
05OF014,1987-08-22,0.0,
05OF014,1987-09-22,0.004000000189989805,
05OF014,1987-10-22,0.0,
05OF014,1988-03-22,0.20399999618530276,B
05OF014,1988-04-22,0.05099999904632568,B
05OF014,1988-05-22,0.0,
05OF014,1988-06-22,0.0,
05OF014,1988-07-22,0.0,
05OF014,1988-08-22,0.0,
05OF014,1988-09-22,0.0,
05OF014,1988-10-22,0.0,
05OF014,1989-03-22,0.0,B
05OF014,1989-04-22,4.829999923706055,
05OF014,1989-05-22,0.032999999821186066,A
05OF014,1989-06-22,0.0,
05OF014,1989-07-22,0.0,
05OF014,1989-08-22,0.0,
05OF014,1989-09-22,0.0,
05OF014,1989-10-22,0.0,
05OF014,1990-03-22,0.0,B
05OF014,1990-04-22,0.38199999928474426,
05OF014,1990-05-22,0.10899999737739564,
05OF014,1990-06-22,0.20000000298023224,
05OF014,1990-07-22,0.06199999898672104,
05OF014,1990-08-22,0.0,
05OF014,1990-09-22,0.0,
05OF014,1990-10-22,0.0,
05OF014,1991-03-22,0.017000000923871994,B
05OF014,1991-04-22,0.0130000002682209,
05OF014,1991-05-22,0.02199999988079071,
05OF014,1991-06-22,0.7760000228881836,
05OF014,1991-07-22,0.6420000195503235,
05OF014,1991-08-22,0.014000000432133676,E
05OF014,1991-09-22,0.0,
05OF014,1991-10-22,0.0,
05OF014,1992-03-22,0.18000000715255737,B
05OF014,1992-04-22,1.9299999475479128,A
05OF014,1992-05-22,0.017000000923871994,
05OF014,1992-06-22,0.3709999918937683,
05OF014,1992-07-22,0.0430000014603138,
05OF014,1992-08-22,0.0,
05OF014,1992-09-22,0.0,
05OF014,1992-10-22,0.0,
05OF014,1993-03-22,0.0,B
05OF014,1993-04-22,0.4339999854564667,
05OF014,1993-05-22,0.3700000047683716,
05OF014,1993-06-22,0.5799999833106995,
05OF014,1993-07-22,0.2189999967813492,
05OF014,1993-08-22,1.909999966621399,
05OF014,1993-09-22,0.17800000309944153,
05OF014,1993-10-22,0.05000000074505806,E
05OF014,1994-03-22,14.699999809265137,B
05OF014,1994-04-22,0.890999972820282,
05OF014,1994-05-22,0.2450000047683716,
05OF014,1994-06-22,0.0020000000949949026,
05OF014,1994-07-22,0.0,
05OF014,1994-08-22,0.0,
05OF014,1994-09-22,0.06700000166893005,
05OF014,1994-10-22,8.699999809265137,
05OF014,1995-03-22,35.29999923706055,B
05OF014,1995-04-22,4.0,
05OF014,1995-05-22,3.259999990463257,
05OF014,1995-06-22,0.1420000046491623,
05OF014,1995-07-22,0.017999999225139618,
05OF014,1995-08-22,5.360000133514404,
05OF014,1995-09-22,0.008999999612569809,
05OF014,1995-10-22,0.029999999329447743,
05OF014,1996-03-22,0.0,B
05OF014,1996-04-22,24.399999618530277,
05OF014,1996-05-22,6.579999923706055,
05OF014,1996-06-22,0.2290000021457672,
05OF014,1996-07-22,0.10300000011920928,
05OF014,1996-08-22,0.39500001072883606,
05OF014,1996-09-22,0.004000000189989805,
05OF014,1996-10-22,0.0,
05OF014,1997-03-22,0.0,B
05OF014,1997-04-22,95.8000030517578,
05OF014,1997-05-22,40.400001525878906,
05OF014,1997-06-22,0.09399999678134918,
05OF014,1997-07-22,0.1469999998807907,
05OF014,1997-08-22,0.0,
05OF014,1997-09-22,0.0,
05OF014,1997-10-22,0.0,
05OF014,1998-03-22,0.944000005722046,B
05OF014,1998-04-22,2.789999961853028,
05OF014,1998-05-22,0.12700000405311584,
05OF014,1998-06-22,1.9800000190734863,
05OF014,1998-07-22,0.027000000700354576,
05OF014,1998-08-22,0.0,
05OF014,1998-09-22,0.0,
05OF014,1998-10-22,0.0,
05OF014,1999-03-22,0.0,B
05OF014,1999-04-22,0.45399999618530273,
05OF014,1999-05-22,3.1600000858306885,
05OF014,1999-06-22,0.5709999799728394,
05OF014,1999-07-22,0.5699999928474426,
05OF014,1999-08-22,0.0,
05OF014,1999-09-22,0.0,
05OF014,1999-10-22,0.0,
05OF014,2000-03-22,0.20200000703334808,B
05OF014,2000-04-22,0.0,
05OF014,2000-05-22,0.0,
05OF014,2000-06-22,0.03099999949336052,
05OF014,2000-07-22,0.0,
05OF014,2000-08-22,0.04100000113248825,
05OF014,2000-09-22,0.0,
05OF014,2000-10-22,0.0,
05OF014,2001-03-22,0.03400000184774399,B
05OF014,2001-04-22,2.9600000381469727,
05OF014,2001-05-22,1.2400000095367432,
05OF014,2001-06-22,1.0199999809265137,
05OF014,2001-07-22,0.00800000037997961,
05OF014,2001-08-22,0.012000000104308128,
05OF014,2001-09-22,0.004000000189989805,
05OF014,2001-10-22,0.0,
05OF014,2002-03-22,0.0,B
05OF014,2002-04-22,0.12800000607967377,
05OF014,2002-05-22,0.04800000041723251,
05OF014,2002-06-22,1.5,
05OF014,2002-07-22,0.017000000923871994,
05OF014,2002-08-22,0.014000000432133676,
05OF014,2002-09-22,0.14800000190734863,
05OF014,2002-10-22,0.03500000014901161,B
05OF014,2003-03-22,0.9390000104904176,B
05OF014,2003-04-22,0.31700000166893005,
05OF014,2003-05-22,0.6819999814033508,
05OF014,2003-06-22,0.675000011920929,
05OF014,2003-07-22,0.039000000804662704,
05OF014,2003-08-22,0.0,
05OF014,2003-09-22,0.0,
05OF014,2003-10-22,0.0,
05OF014,2004-03-22,0.0,B
05OF014,2004-04-22,0.3109999895095825,
05OF014,2004-05-22,2.740000009536743,
05OF014,2004-06-22,1.0800000429153442,
05OF014,2004-07-22,0.4889999926090241,
05OF014,2004-08-22,0.05099999904632568,
05OF014,2004-09-22,3.0199999809265137,
05OF014,2004-10-22,0.06800000369548798,
05OF014,2005-03-22,0.0,B
05OF014,2005-04-22,0.640999972820282,
05OF014,2005-05-22,7.949999809265137,
05OF014,2005-06-22,5.659999847412109,
05OF014,2005-07-22,2.5,
05OF014,2005-08-22,0.039000000804662704,
05OF014,2005-09-22,0.01600000075995922,
05OF014,2005-10-22,0.3650000095367432,
05OF014,2006-03-22,0.05299999937415123,B
05OF014,2006-04-22,14.0,E
05OF014,2006-05-22,0.4180000126361847,
05OF014,2006-06-22,0.0860000029206276,
05OF014,2006-07-22,0.0,
05OF014,2006-08-22,0.0,
05OF014,2006-09-22,0.0,
05OF014,2006-10-22,0.0,
05OF014,2007-03-22,0.0,B
05OF014,2007-04-22,0.25,
05OF014,2007-05-22,0.210999995470047,
05OF014,2007-06-22,1.3799999952316284,
05OF014,2007-07-22,0.4950000047683716,
05OF014,2007-08-22,0.257999986410141,A
05OF014,2007-09-22,0.004000000189989805,
05OF014,2007-10-22,0.02500000037252903,
05OF014,2008-03-22,0.0,B
05OF014,2008-04-22,0.4850000143051148,
05OF014,2008-05-22,0.10000000149011612,
05OF014,2008-06-22,0.7289999723434448,
05OF014,2008-07-22,0.04600000008940697,
05OF014,2008-08-22,0.0,
05OF014,2008-09-22,0.0,
05OF014,2008-10-22,0.3650000095367432,
05OF014,2009-03-22,1.940000057220459,B
05OF014,2009-04-22,,
05OF014,2009-05-22,0.828000009059906,
05OF014,2009-06-22,0.8389999866485596,
05OF014,2009-07-22,1.8200000524520876,
05OF014,2009-08-22,0.8069999814033508,
05OF014,2009-09-22,0.09799999743700027,
05OF014,2009-10-22,0.004000000189989805,
05OF014,2010-03-22,13.100000381469728,B
05OF014,2010-04-22,0.3499999940395355,
05OF014,2010-05-22,0.5820000171661377,
05OF014,2010-06-22,2.7300000190734863,
05OF014,2010-07-22,0.2070000022649765,
05OF014,2010-08-22,0.03700000047683716,
05OF014,2010-09-22,0.7699999809265137,
05OF014,2010-10-22,0.20499999821186063,
05OF014,2011-03-22,0.20600000023841855,B
05OF014,2011-04-22,,
05OF014,2011-05-22,3.680000066757202,
05OF014,2011-06-22,11.399999618530272,
05OF014,2011-07-22,0.1860000044107437,
05OF014,2011-08-22,0.020999999716877937,
05OF014,2011-09-22,0.0,
05OF014,2011-10-22,0.006000000052154064,
05OF014,2012-03-22,0.777999997138977,B
05OF014,2012-04-22,0.03799999877810478,
05OF014,2012-05-22,0.05999999865889549,
05OF014,2012-06-22,0.10599999874830246,
05OF014,2012-07-22,0.0,
05OF014,2012-08-22,0.0,
05OF014,2012-09-22,0.0,
05OF014,2012-10-22,0.0,
05OF014,2013-03-22,0.0,B
05OF014,2013-04-22,0.5389999747276306,B
05OF014,2013-05-22,44.5,
05OF014,2013-06-22,2.069999933242798,
05OF014,2013-07-22,0.3409999907016754,
05OF014,2013-08-22,0.03500000014901161,
05OF014,2013-09-22,0.04899999871850014,
05OF014,2013-10-22,0.009999999776482582,
05OF014,2014-03-22,0.0,B
05OF014,2014-04-22,1.9900000095367432,B
05OF014,2014-05-22,0.6340000033378601,
05OF014,2014-06-22,0.49799999594688416,
05OF014,2014-07-22,0.04800000041723251,
05OF014,2014-08-22,0.0,
05OF014,2014-09-22,0.0,
05OF014,2014-10-22,0.019999999552965164,
05OF014,2015-03-22,1.0399999618530271,B
05OF014,2015-04-22,0.054999999701976776,E
05OF014,2015-05-22,0.5479999780654907,
05OF014,2015-06-22,0.1330000013113022,A
05OF014,2015-07-22,0.01600000075995922,
05OF014,2015-08-22,0.0010000000474974513,
05OF014,2015-09-22,0.0010000000474974513,
05OF014,2015-10-22,0.0020000000949949026,
05OF014,2016-03-22,3.25,B
05OF014,2016-04-22,0.8379999995231628,
05OF014,2016-05-22,0.0010000000474974513,
05OF014,2016-06-22,2.2699999809265137,
05OF014,2016-07-22,0.3779999911785126,
05OF014,2016-08-22,0.0010000000474974513,E
05OF014,2016-09-22,0.0020000000949949026,
05OF014,2016-10-22,0.0,
05OF014,2017-03-22,0.16099999845027924,B
05OF014,2017-04-22,0.4480000138282776,
05OF014,2017-05-22,0.2150000035762787,
05OF014,2017-06-22,0.984000027179718,
05OF014,2017-07-22,0.18000000715255737,
05OF014,2017-08-22,0.0,
05OF014,2017-09-22,0.0,
05OF014,2017-10-22,0.0,
05OF014,2018-03-22,,
05OF014,2018-04-22,1.409999966621399,
05OF014,2018-06-22,0.0,
05OF014,2018-07-22,0.0,
05OF014,2018-08-22,0.0,
05OF014,2018-09-22,0.0,
05OF014,2018-10-22,0.0,
05OF014,2019-03-22,0.0,B
05OF014,2019-04-22,,
05OF014,2019-05-22,0.057999998331069946,
05OF014,2019-06-22,0.0,
05OF014,2019-07-22,0.0,
05OF014,2019-08-22,0.0,
05OF014,2019-09-22,1.2000000476837158,
05OF014,2019-10-22,,
05OF014,2019-11-22,,
05OF014,2020-03-22,0.0,B
05OF014,2020-04-22,,
05OF014,2020-05-22,0.0,
05OF014,2020-06-22,0.19699999690055847,
05OF014,2020-07-22,0.0,
05OF014,2020-08-22,0.0,
05OF014,2020-09-22,0.0,
05OF014,2020-10-22,0.0,
05OF014,2021-02-22,,
05OF014,2021-03-22,0.2919999957084656,B
05OF014,2021-04-22,0.06199999898672104,
05OF014,2021-05-22,0.1289999932050705,
05OF014,2021-06-22,0.0010000000474974513,
05OF014,2021-07-22,0.0,
05OF014,2021-08-22,0.0,
05OF014,2021-09-22,0.0,
05OF014,2021-10-22,0.0,
05OF014,2022-03-22,0.0,B
05OF014,2022-04-22,3.2799999713897705,B
05OF014,2022-05-22,,
05OF014,2022-06-22,2.109999895095825,
05OF014,2022-07-22,0.4379999935626984,E
05OF014,2022-08-22,0.0,
05OF014,2022-09-22,0.0,
05OF014,2022-10-22,0.0,
05OF014,2023-02-22,,
05OF014,2023-03-22,0.0020000000949949026,B
05OF014,2023-04-22,4.110000133514404,A
05OF014,2023-05-22,0.9089999794960022,
05OF014,2023-06-22,0.7129999995231628,
05OF014,2023-07-22,0.0020000000949949026,
05OF014,2023-08-22,0.0,
05OF014,2023-09-22,0.0,
05OF014,2023-10-22,0.0,
05OF014,2024-03-22,0.4819999933242798,B
05OF014,2024-04-22,0.35100001096725464,
05OF014,2024-05-22,1.7899999618530271,
05OF014,2024-06-22,0.671999990940094,E
05OF014,2024-07-22,0.20000000298023224,E
05OF014,2024-08-22,0.3160000145435333,
05OF014,2024-09-22,1.2400000095367432,
05OF014,2024-10-22,0.06800000369548798,
05OF014,1960-03-23,0.0,B
05OF014,1960-04-23,1.9299999475479128,
05OF014,1960-05-23,0.15299999713897705,
05OF014,1960-06-23,0.090999998152256,
05OF014,1960-07-23,0.0,
05OF014,1960-08-23,0.0,
05OF014,1960-09-23,0.0,
05OF014,1960-10-23,0.0,
05OF014,1961-03-23,1.440000057220459,B
05OF014,1961-04-23,0.1979999989271164,
05OF014,1961-05-23,0.0,
05OF014,1961-06-23,0.0,
05OF014,1961-07-23,0.0,
05OF014,1961-08-23,0.0,
05OF014,1961-09-23,0.0,
05OF014,1961-10-23,0.0,
05OF014,1962-03-23,0.0,
05OF014,1962-04-23,25.5,B
05OF014,1962-05-23,5.519999980926514,
05OF014,1962-06-23,0.18400000035762787,E
05OF014,1962-07-23,0.07400000095367432,E
05OF014,1962-08-23,0.0,
05OF014,1962-09-23,0.0,
05OF014,1962-10-23,0.0,
05OF014,1963-03-23,0.22699999809265137,B
05OF014,1963-04-23,0.05900000035762787,
05OF014,1963-05-23,0.0,
05OF014,1963-06-23,0.17800000309944153,E
05OF014,1963-07-23,0.06199999898672104,
05OF014,1963-08-23,0.0,
05OF014,1963-09-23,0.0,
05OF014,1963-10-23,0.0,
05OF014,1964-03-23,0.0,B
05OF014,1964-04-23,0.35100001096725464,E
05OF014,1964-05-23,0.13600000739097595,
05OF014,1964-06-23,0.26100000739097595,
05OF014,1964-07-23,0.10499999672174454,
05OF014,1964-08-23,0.289000004529953,E
05OF014,1964-09-23,0.07900000363588333,E
05OF014,1964-10-23,0.014000000432133676,E
05OF014,1965-03-23,0.0,B
05OF014,1965-04-23,1.7400000095367432,
05OF014,1965-05-23,0.6060000061988831,E
05OF014,1965-06-23,0.10999999940395357,E
05OF014,1965-07-23,0.00800000037997961,E
05OF014,1965-08-23,0.0,
05OF014,1965-09-23,0.0,
05OF014,1965-10-23,0.0,
05OF014,1966-03-23,0.0,B
05OF014,1966-04-23,0.0,
05OF014,1966-05-23,0.3849999904632568,E
05OF014,1966-06-23,0.11299999803304672,E
05OF014,1966-07-23,0.05700000002980232,E
05OF014,1966-08-23,0.0,
05OF014,1966-09-23,0.0,
05OF014,1966-10-23,0.0,
05OF014,1967-03-23,0.0,B
05OF014,1967-04-23,55.20000076293945,B
05OF014,1967-05-23,0.6769999861717224,
05OF014,1967-06-23,0.06800000369548798,
05OF014,1967-07-23,0.006000000052154064,E
05OF014,1967-08-23,0.0,
05OF014,1967-09-23,0.0,
05OF014,1967-10-23,0.0,
05OF014,1968-03-23,0.0,B
05OF014,1968-04-23,0.24899999797344208,
05OF014,1968-05-23,0.4449999928474426,
05OF014,1968-06-23,0.0,E
05OF014,1968-07-23,0.34299999475479126,E
05OF014,1968-08-23,0.722000002861023,
05OF014,1968-09-23,0.871999979019165,
05OF014,1968-10-23,0.4670000076293945,
05OF014,1969-03-23,0.0,B
05OF014,1969-04-23,2.549999952316284,
05OF014,1969-05-23,0.8500000238418579,E
05OF014,1969-06-23,0.11299999803304672,E
05OF014,1969-07-23,0.4639999866485596,
05OF014,1969-08-23,0.05900000035762787,
05OF014,1969-09-23,0.019999999552965164,
05OF014,1969-10-23,0.06499999761581421,
05OF014,1970-03-23,0.0,B
05OF014,1970-04-23,18.5,
05OF014,1970-05-23,3.140000104904175,
05OF014,1970-06-23,0.6880000233650208,
05OF014,1970-07-23,0.2409999966621399,
05OF014,1970-08-23,0.0,
05OF014,1970-09-23,0.014000000432133676,
05OF014,1970-10-23,0.014000000432133676,
05OF014,1971-03-23,0.0,B
05OF014,1971-04-23,2.5,
05OF014,1971-05-23,0.44699999690055847,
05OF014,1971-06-23,0.453000009059906,
05OF014,1971-07-23,0.0,
05OF014,1971-08-23,0.0,
05OF014,1971-09-23,0.0,
05OF014,1971-10-23,0.1469999998807907,
05OF014,1972-03-23,7.929999828338623,B
05OF014,1972-04-23,2.799999952316284,
05OF014,1972-05-23,0.3199999928474426,
05OF014,1972-06-23,0.07100000232458115,
05OF014,1972-07-23,0.3569999933242798,E
05OF014,1972-08-23,0.2290000021457672,
05OF014,1972-09-23,0.03700000047683716,
05OF014,1972-10-23,0.020999999716877937,
05OF014,1973-03-23,1.5399999618530271,B
05OF014,1973-04-23,0.01600000075995922,
05OF014,1973-05-23,0.003000000026077032,
05OF014,1973-06-23,0.02800000086426735,
05OF014,1973-07-23,0.0,
05OF014,1973-08-23,0.0,
05OF014,1973-09-23,0.0,
05OF014,1973-10-23,0.010999999940395355,
05OF014,1974-03-23,0.0,B
05OF014,1974-04-23,47.29999923706055,
05OF014,1974-05-23,50.400001525878906,
05OF014,1974-06-23,0.4930000007152557,
05OF014,1974-07-23,0.07900000363588333,
05OF014,1974-08-23,0.0,
05OF014,1974-09-23,0.0,
05OF014,1974-10-23,0.0,
05OF014,1975-03-23,0.0,B
05OF014,1975-04-23,3.309999942779541,B
05OF014,1975-05-23,0.09600000083446504,
05OF014,1975-06-23,0.24899999797344208,
05OF014,1975-07-23,0.0010000000474974513,
05OF014,1975-08-23,0.0,
05OF014,1975-09-23,0.0,
05OF014,1975-10-23,0.0,
05OF014,1976-03-23,0.0,B
05OF014,1976-04-23,2.440000057220459,
05OF014,1976-05-23,0.0989999994635582,
05OF014,1976-06-23,0.06499999761581421,
05OF014,1976-07-23,0.0,
05OF014,1976-08-23,0.0,
05OF014,1976-09-23,0.0,
05OF014,1976-10-23,0.0,
05OF014,1977-03-23,0.0,B
05OF014,1977-04-23,0.003000000026077032,
05OF014,1977-05-23,0.23199999332427976,
05OF014,1977-06-23,0.0,
05OF014,1977-07-23,0.014999999664723871,
05OF014,1977-08-23,0.0,
05OF014,1977-09-23,0.05700000002980232,
05OF014,1977-10-23,0.0,
05OF014,1978-03-23,0.0,B
05OF014,1978-04-23,2.319999933242798,
05OF014,1978-05-23,0.2070000022649765,
05OF014,1978-06-23,0.0,
05OF014,1978-07-23,0.0,
05OF014,1978-08-23,0.0,
05OF014,1978-09-23,0.06800000369548798,
05OF014,1978-10-23,0.0,
05OF014,1979-03-23,0.0,B
05OF014,1979-04-23,77.80000305175781,A
05OF014,1979-06-23,4.409999847412109,
05OF014,1979-07-23,0.2590000033378601,
05OF014,1979-08-23,0.008999999612569809,
05OF014,1979-09-23,0.0,
05OF014,1979-10-23,0.0,
05OF014,1980-03-23,0.0,B
05OF014,1980-04-23,0.2639999985694885,
05OF014,1980-05-23,0.0,
05OF014,1980-06-23,0.0,
05OF014,1980-07-23,0.0,
05OF014,1980-08-23,0.0,
05OF014,1980-09-23,0.0,
05OF014,1980-10-23,0.0,
05OF014,1981-03-23,0.5339999794960022,B
05OF014,1981-04-23,0.0,
05OF014,1981-05-23,0.0,
05OF014,1981-06-23,0.05700000002980232,
05OF014,1981-07-23,0.0,
05OF014,1981-08-23,0.10000000149011612,
05OF014,1981-09-23,0.0,
05OF014,1981-10-23,0.0,
05OF014,1982-03-23,0.0,B
05OF014,1982-04-23,0.4860000014305115,
05OF014,1982-05-23,0.0,
05OF014,1982-06-23,0.007000000216066837,
05OF014,1982-07-23,0.0,
05OF014,1982-08-23,0.0,
05OF014,1982-09-23,0.0,
05OF014,1982-10-23,0.0020000000949949026,
05OF014,1983-03-23,0.13500000536441803,B
05OF014,1983-04-23,0.5139999985694885,
05OF014,1983-05-23,0.02800000086426735,
05OF014,1983-06-23,0.024000000208616257,
05OF014,1983-07-23,0.0,
05OF014,1983-08-23,0.0,
05OF014,1983-09-23,0.0,
05OF014,1983-10-23,0.0,
05OF014,1984-03-23,0.0,B
05OF014,1984-04-23,0.0020000000949949026,E
05OF014,1984-05-23,0.07100000232458115,A
05OF014,1984-06-23,1.149999976158142,
05OF014,1984-07-23,0.0,
05OF014,1984-08-23,0.0,
05OF014,1984-09-23,0.0,
05OF014,1984-10-23,0.0,
05OF014,1985-03-23,16.700000762939453,A
05OF014,1985-04-23,0.257999986410141,
05OF014,1985-05-23,0.03500000014901161,
05OF014,1985-06-23,0.0,
05OF014,1985-07-23,0.004999999888241291,
05OF014,1985-08-23,3.7699999809265137,
05OF014,1985-09-23,0.19200000166893005,
05OF014,1985-10-23,0.27900001406669617,
05OF014,1986-03-23,0.2150000035762787,B
05OF014,1986-04-23,3.5199999809265137,
05OF014,1986-05-23,1.4500000476837158,
05OF014,1986-06-23,0.2199999988079071,
05OF014,1986-07-23,0.16500000655651093,
05OF014,1986-08-23,0.0,E
05OF014,1986-09-23,0.0,E
05OF014,1986-10-23,0.0,
05OF014,1987-03-23,0.0,B
05OF014,1987-04-23,0.23899999260902405,
05OF014,1987-05-23,0.0,
05OF014,1987-06-23,0.0,
05OF014,1987-07-23,0.0,
05OF014,1987-08-23,0.0,
05OF014,1987-09-23,0.0010000000474974513,
05OF014,1987-10-23,0.0,
05OF014,1988-03-23,0.30000001192092896,B
05OF014,1988-04-23,0.03599999845027924,B
05OF014,1988-05-23,0.0,
05OF014,1988-06-23,0.0,
05OF014,1988-07-23,0.0,
05OF014,1988-08-23,0.0,
05OF014,1988-09-23,0.0,
05OF014,1988-10-23,0.0,
05OF014,1989-03-23,0.0,B
05OF014,1989-04-23,3.0199999809265137,
05OF014,1989-05-23,0.027000000700354576,A
05OF014,1989-06-23,0.0,
05OF014,1989-07-23,0.0,
05OF014,1989-08-23,0.0,
05OF014,1989-09-23,0.0,
05OF014,1989-10-23,0.0,
05OF014,1990-03-23,0.0,B
05OF014,1990-04-23,0.3100000023841858,
05OF014,1990-05-23,0.12700000405311584,
05OF014,1990-06-23,0.22200000286102292,
05OF014,1990-07-23,0.06499999761581421,
05OF014,1990-08-23,0.0,
05OF014,1990-09-23,0.0,
05OF014,1990-10-23,0.0,
05OF014,1991-03-23,0.1550000011920929,B
05OF014,1991-04-23,0.017999999225139618,
05OF014,1991-05-23,0.017000000923871994,
05OF014,1991-06-23,0.8560000061988831,
05OF014,1991-07-23,0.5400000214576721,
05OF014,1991-08-23,0.0130000002682209,E
05OF014,1991-09-23,0.0,
05OF014,1991-10-23,0.0,
05OF014,1992-03-23,0.2540000081062317,B
05OF014,1992-04-23,1.809999942779541,
05OF014,1992-05-23,0.019999999552965164,
05OF014,1992-06-23,0.22499999403953552,
05OF014,1992-07-23,0.032999999821186066,
05OF014,1992-08-23,0.0,
05OF014,1992-09-23,0.0,
05OF014,1992-10-23,0.0,
05OF014,1993-03-23,0.0,B
05OF014,1993-04-23,0.36899998784065247,
05OF014,1993-05-23,0.34200000762939453,
05OF014,1993-06-23,0.578000009059906,
05OF014,1993-07-23,0.3540000021457672,
05OF014,1993-08-23,1.690000057220459,
05OF014,1993-09-23,0.15000000596046448,
05OF014,1993-10-23,0.03700000047683716,E
05OF014,1994-03-23,9.210000038146973,B
05OF014,1994-04-23,0.8220000267028809,
05OF014,1994-05-23,0.35899999737739563,
05OF014,1994-06-23,0.0,
05OF014,1994-07-23,0.16699999570846558,
05OF014,1994-08-23,0.0,
05OF014,1994-09-23,0.024000000208616257,
05OF014,1994-10-23,5.75,
05OF014,1995-03-23,35.79999923706055,B
05OF014,1995-04-23,3.880000114440918,
05OF014,1995-05-23,3.2300000190734863,
05OF014,1995-06-23,0.13899999856948853,
05OF014,1995-07-23,0.008999999612569809,
05OF014,1995-08-23,3.039999961853028,A
05OF014,1995-09-23,0.004000000189989805,
05OF014,1995-10-23,0.028999999165534973,
05OF014,1996-03-23,0.0,B
05OF014,1996-04-23,19.899999618530277,
05OF014,1996-05-23,4.329999923706055,
05OF014,1996-06-23,0.20399999618530276,
05OF014,1996-07-23,0.09200000017881392,
05OF014,1996-08-23,0.32899999618530273,
05OF014,1996-09-23,0.0020000000949949026,
05OF014,1996-10-23,0.0,
05OF014,1997-03-23,0.0,B
05OF014,1997-04-23,,
05OF014,1997-05-23,39.29999923706055,
05OF014,1997-06-23,0.12399999797344208,
05OF014,1997-07-23,0.11500000208616255,
05OF014,1997-08-23,0.0,
05OF014,1997-09-23,0.0,
05OF014,1997-10-23,0.0,
05OF014,1998-03-23,0.9509999752044678,B
05OF014,1998-04-23,2.900000095367432,
05OF014,1998-05-23,0.11500000208616255,
05OF014,1998-06-23,2.509999990463257,
05OF014,1998-07-23,0.024000000208616257,
05OF014,1998-08-23,0.0,
05OF014,1998-09-23,0.0,
05OF014,1998-10-23,0.0,
05OF014,1999-03-23,0.10000000149011612,B
05OF014,1999-04-23,0.4779999852180481,
05OF014,1999-05-23,3.630000114440918,
05OF014,1999-06-23,0.4839999973773956,
05OF014,1999-07-23,0.5239999890327454,
05OF014,1999-08-23,0.0,
05OF014,1999-09-23,0.0,
05OF014,1999-10-23,0.0,
05OF014,2000-03-23,0.27000001072883606,B
05OF014,2000-04-23,0.0,
05OF014,2000-05-23,0.0,
05OF014,2000-06-23,0.012000000104308128,
05OF014,2000-07-23,0.0,
05OF014,2000-08-23,0.020999999716877937,
05OF014,2000-09-23,0.0010000000474974513,
05OF014,2000-10-23,0.0,
05OF014,2001-03-23,0.020999999716877937,B
05OF014,2001-04-23,2.609999895095825,
05OF014,2001-05-23,1.25,
05OF014,2001-06-23,0.9490000009536744,
05OF014,2001-07-23,0.00800000037997961,
05OF014,2001-08-23,0.009999999776482582,
05OF014,2001-09-23,0.004000000189989805,
05OF014,2001-10-23,0.0,
05OF014,2002-03-23,0.0,B
05OF014,2002-04-23,0.11500000208616255,
05OF014,2002-05-23,0.03700000047683716,
05OF014,2002-06-23,1.2999999523162842,
05OF014,2002-07-23,0.003000000026077032,
05OF014,2002-08-23,0.06199999898672104,
05OF014,2002-09-23,0.10999999940395357,
05OF014,2002-10-23,0.02800000086426735,B
05OF014,2003-03-23,1.9700000286102293,B
05OF014,2003-04-23,0.23199999332427976,
05OF014,2003-05-23,0.5350000262260437,
05OF014,2003-06-23,0.47099998593330383,
05OF014,2003-07-23,0.05000000074505806,
05OF014,2003-08-23,0.0,
05OF014,2003-09-23,0.0,
05OF014,2003-10-23,0.0,
05OF014,2004-03-23,0.0,B
05OF014,2004-04-23,0.3030000030994416,
05OF014,2004-05-23,2.0199999809265137,
05OF014,2004-06-23,0.984000027179718,
05OF014,2004-07-23,0.4639999866485596,
05OF014,2004-08-23,0.05299999937415123,
05OF014,2004-09-23,1.4299999475479126,
05OF014,2004-10-23,0.08500000089406967,
05OF014,2005-03-23,0.0,B
05OF014,2005-04-23,0.578000009059906,
05OF014,2005-05-23,5.960000038146973,
05OF014,2005-06-23,5.449999809265137,
05OF014,2005-07-23,1.940000057220459,
05OF014,2005-08-23,0.1589999943971634,
05OF014,2005-09-23,0.00800000037997961,
05OF014,2005-10-23,0.3310000002384186,
05OF014,2006-03-23,0.05400000140070915,B
05OF014,2006-04-23,13.0,E
05OF014,2006-05-23,0.23600000143051147,
05OF014,2006-06-23,0.07800000160932541,
05OF014,2006-07-23,0.0,
05OF014,2006-08-23,0.0,A
05OF014,2006-09-23,0.0,
05OF014,2006-10-23,0.0,
05OF014,2007-03-23,0.0,B
05OF014,2007-04-23,0.1879999935626984,
05OF014,2007-05-23,0.5019999742507935,
05OF014,2007-06-23,3.1700000762939453,
05OF014,2007-07-23,0.40400001406669617,
05OF014,2007-08-23,0.2639999985694885,
05OF014,2007-09-23,0.004999999888241291,
05OF014,2007-10-23,0.02800000086426735,
05OF014,2008-03-23,0.0,B
05OF014,2008-04-23,0.3140000104904175,
05OF014,2008-05-23,0.07900000363588333,
05OF014,2008-06-23,0.8309999704360962,
05OF014,2008-07-23,0.04100000113248825,
05OF014,2008-08-23,0.0,
05OF014,2008-09-23,0.0,
05OF014,2008-10-23,0.3009999990463257,
05OF014,2009-03-23,3.0899999141693115,B
05OF014,2009-04-23,,
05OF014,2009-05-23,0.7889999747276306,
05OF014,2009-06-23,0.7239999771118164,
05OF014,2009-07-23,0.6000000238418579,
05OF014,2009-08-23,0.45500001311302185,
05OF014,2009-09-23,0.09300000220537186,
05OF014,2009-10-23,0.003000000026077032,
05OF014,2010-03-23,9.989999771118164,B
05OF014,2010-04-23,0.3449999988079071,
05OF014,2010-05-23,0.6069999933242798,
05OF014,2010-06-23,2.289999961853028,
05OF014,2010-07-23,0.18000000715255737,
05OF014,2010-08-23,0.03099999949336052,
05OF014,2010-09-23,1.100000023841858,
05OF014,2010-10-23,0.3009999990463257,
05OF014,2011-03-23,0.2669999897480011,B
05OF014,2011-04-23,,
05OF014,2011-05-23,18.899999618530277,
05OF014,2011-06-23,26.700000762939453,
05OF014,2011-07-23,0.1679999977350235,
05OF014,2011-08-23,0.0729999989271164,
05OF014,2011-09-23,0.0,
05OF014,2011-10-23,0.004000000189989805,
05OF014,2012-03-23,0.7009999752044678,
05OF014,2012-04-23,0.03799999877810478,
05OF014,2012-05-23,0.05900000035762787,
05OF014,2012-06-23,0.09399999678134918,
05OF014,2012-07-23,0.0,
05OF014,2012-08-23,0.0,
05OF014,2012-09-23,0.0,
05OF014,2012-10-23,0.0,
05OF014,2013-03-23,0.0,B
05OF014,2013-04-23,0.9789999723434448,B
05OF014,2013-05-23,14.0,
05OF014,2013-06-23,2.039999961853028,
05OF014,2013-07-23,0.4560000002384186,
05OF014,2013-08-23,0.019999999552965164,
05OF014,2013-09-23,0.04699999839067459,
05OF014,2013-10-23,0.009999999776482582,
05OF014,2014-03-23,0.0,B
05OF014,2014-04-23,1.309999942779541,B
05OF014,2014-05-23,0.6179999709129333,
05OF014,2014-06-23,0.4889999926090241,
05OF014,2014-07-23,0.03200000151991844,
05OF014,2014-08-23,0.0,
05OF014,2014-09-23,0.0,
05OF014,2014-10-23,0.017999999225139618,
05OF014,2015-03-23,0.7149999737739563,B
05OF014,2015-04-23,0.05000000074505806,A
05OF014,2015-05-23,0.375,
05OF014,2015-06-23,0.12600000202655792,A
05OF014,2015-07-23,0.01600000075995922,
05OF014,2015-08-23,0.0010000000474974513,
05OF014,2015-09-23,0.0010000000474974513,
05OF014,2015-10-23,0.006000000052154064,
05OF014,2016-03-23,2.900000095367432,B
05OF014,2016-04-23,0.7229999899864197,
05OF014,2016-05-23,0.0,
05OF014,2016-06-23,1.5099999904632568,
05OF014,2016-07-23,0.35499998927116394,
05OF014,2016-08-23,0.0010000000474974513,E
05OF014,2016-09-23,0.0010000000474974513,
05OF014,2016-10-23,0.0010000000474974513,
05OF014,2017-03-23,2.2300000190734863,B
05OF014,2017-04-23,0.4259999990463257,
05OF014,2017-05-23,0.2179999947547913,
05OF014,2017-06-23,0.9169999957084656,
05OF014,2017-07-23,0.18400000035762787,
05OF014,2017-08-23,0.0,
05OF014,2017-09-23,0.0,
05OF014,2017-10-23,0.0,
05OF014,2018-03-23,,
05OF014,2018-04-23,1.2599999904632568,
05OF014,2018-06-23,0.0,
05OF014,2018-07-23,0.0,
05OF014,2018-08-23,0.0,
05OF014,2018-09-23,0.0,
05OF014,2018-10-23,0.0,
05OF014,2019-03-23,0.0,B
05OF014,2019-04-23,,
05OF014,2019-05-23,0.05299999937415123,
05OF014,2019-06-23,0.0,
05OF014,2019-07-23,0.0,
05OF014,2019-08-23,0.0,
05OF014,2019-09-23,0.8090000152587891,
05OF014,2019-10-23,,
05OF014,2019-11-23,,
05OF014,2020-03-23,0.0,B
05OF014,2020-04-23,,
05OF014,2020-05-23,0.00800000037997961,
05OF014,2020-06-23,0.020999999716877937,
05OF014,2020-07-23,0.0,
05OF014,2020-08-23,0.0,
05OF014,2020-09-23,0.0,
05OF014,2020-10-23,0.0,
05OF014,2021-02-23,0.0,B
05OF014,2021-03-23,0.2440000027418137,B
05OF014,2021-04-23,0.10899999737739564,
05OF014,2021-05-23,0.14000000059604645,
05OF014,2021-06-23,0.0,
05OF014,2021-07-23,0.0,
05OF014,2021-08-23,0.0,
05OF014,2021-09-23,0.0,
05OF014,2021-10-23,0.0,
05OF014,2022-03-23,0.0,B
05OF014,2022-04-23,28.399999618530277,B
05OF014,2022-05-23,,
05OF014,2022-06-23,1.9600000381469729,
05OF014,2022-07-23,0.4740000069141388,E
05OF014,2022-08-23,0.0,
05OF014,2022-09-23,0.0,
05OF014,2022-10-23,0.0,
05OF014,2023-02-23,0.0010000000474974513,B
05OF014,2023-03-23,0.0020000000949949026,B
05OF014,2023-04-23,,
05OF014,2023-05-23,0.9679999947547911,
05OF014,2023-06-23,0.8029999732971191,
05OF014,2023-07-23,0.0010000000474974513,
05OF014,2023-08-23,0.0,
05OF014,2023-09-23,0.0,
05OF014,2023-10-23,0.0,
05OF014,2024-03-23,0.5019999742507935,B
05OF014,2024-04-23,0.6079999804496765,
05OF014,2024-05-23,2.069999933242798,
05OF014,2024-06-23,0.8939999938011169,E
05OF014,2024-07-23,0.17800000309944153,E
05OF014,2024-08-23,0.28600001335144043,
05OF014,2024-09-23,0.9800000190734864,
05OF014,2024-10-23,0.06700000166893005,
05OF014,1960-03-24,0.0,B
05OF014,1960-04-24,1.7599999904632568,
05OF014,1960-05-24,0.07400000095367432,
05OF014,1960-06-24,0.09600000083446504,
05OF014,1960-07-24,0.0,
05OF014,1960-08-24,0.0,
05OF014,1960-09-24,0.0,
05OF014,1960-10-24,0.0,
05OF014,1961-03-24,1.899999976158142,B
05OF014,1961-04-24,0.2150000035762787,
05OF014,1961-05-24,0.0,
05OF014,1961-06-24,0.0,
05OF014,1961-07-24,0.0,
05OF014,1961-08-24,0.0,
05OF014,1961-09-24,0.0,
05OF014,1961-10-24,0.0,
05OF014,1962-03-24,0.0,
05OF014,1962-04-24,23.899999618530277,B
05OF014,1962-05-24,4.789999961853027,
05OF014,1962-06-24,0.17000000178813934,E
05OF014,1962-07-24,0.08500000089406967,
05OF014,1962-08-24,0.0,
05OF014,1962-09-24,0.0,
05OF014,1962-10-24,0.0,
05OF014,1963-03-24,0.30000001192092896,B
05OF014,1963-04-24,0.05099999904632568,E
05OF014,1963-05-24,0.0,
05OF014,1963-06-24,0.14399999380111694,
05OF014,1963-07-24,0.07100000232458115,E
05OF014,1963-08-24,0.0,
05OF014,1963-09-24,0.0,
05OF014,1963-10-24,0.0,
05OF014,1964-03-24,0.0,B
05OF014,1964-04-24,0.31700000166893005,E
05OF014,1964-05-24,0.0989999994635582,E
05OF014,1964-06-24,0.2380000054836273,
05OF014,1964-07-24,0.05700000002980232,
05OF014,1964-08-24,0.289000004529953,E
05OF014,1964-09-24,0.07900000363588333,E
05OF014,1964-10-24,0.014000000432133676,E
05OF014,1965-03-24,0.0,B
05OF014,1965-04-24,1.7999999523162842,
05OF014,1965-05-24,0.5149999856948853,
05OF014,1965-06-24,0.10199999809265135,E
05OF014,1965-07-24,0.006000000052154064,
05OF014,1965-08-24,0.0,
05OF014,1965-09-24,0.0,
05OF014,1965-10-24,0.0,
05OF014,1966-03-24,0.0,B
05OF014,1966-04-24,0.0,
05OF014,1966-05-24,0.4760000109672546,E
05OF014,1966-06-24,0.08500000089406967,E
05OF014,1966-07-24,0.04199999943375588,E
05OF014,1966-08-24,0.0,
05OF014,1966-09-24,0.0,
05OF014,1966-10-24,0.0,
05OF014,1967-03-24,0.0,B
05OF014,1967-04-24,37.09999847412109,B
05OF014,1967-05-24,0.6000000238418579,
05OF014,1967-06-24,0.05700000002980232,
05OF014,1967-07-24,0.003000000026077032,E
05OF014,1967-08-24,0.0,
05OF014,1967-09-24,0.0,
05OF014,1967-10-24,0.0,
05OF014,1968-03-24,0.0,B
05OF014,1968-04-24,0.2179999947547913,
05OF014,1968-05-24,0.4050000011920929,
05OF014,1968-06-24,0.0,
05OF014,1968-07-24,0.30000001192092896,E
05OF014,1968-08-24,7.53000020980835,E
05OF014,1968-09-24,0.7329999804496765,
05OF014,1968-10-24,0.42500001192092896,
05OF014,1969-03-24,0.0,B
05OF014,1969-04-24,2.119999885559082,
05OF014,1969-05-24,0.7929999828338623,E
05OF014,1969-06-24,0.11299999803304672,E
05OF014,1969-07-24,0.4839999973773956,
05OF014,1969-08-24,0.04199999943375588,
05OF014,1969-09-24,0.03099999949336052,
05OF014,1969-10-24,0.08799999952316284,
05OF014,1970-03-24,0.0,B
05OF014,1970-04-24,25.799999237060547,
05OF014,1970-05-24,2.8299999237060547,
05OF014,1970-06-24,0.6309999823570251,
05OF014,1970-07-24,0.2549999952316284,
05OF014,1970-08-24,0.0,E
05OF014,1970-09-24,0.12700000405311584,
05OF014,1970-10-24,0.014000000432133676,
05OF014,1971-03-24,0.0,B
05OF014,1971-04-24,1.950000047683716,
05OF014,1971-05-24,0.2939999997615814,
05OF014,1971-06-24,0.3370000123977661,
05OF014,1971-07-24,0.0,
05OF014,1971-08-24,0.0,
05OF014,1971-09-24,0.0,
05OF014,1971-10-24,0.1979999989271164,
05OF014,1972-03-24,7.079999923706055,B
05OF014,1972-04-24,2.75,
05OF014,1972-05-24,0.3089999854564667,
05OF014,1972-06-24,0.05900000035762787,
05OF014,1972-07-24,0.3540000021457672,
05OF014,1972-08-24,0.2240000069141388,
05OF014,1972-09-24,0.05099999904632568,
05OF014,1972-10-24,0.023000000044703484,
05OF014,1973-03-24,1.2599999904632568,B
05OF014,1973-04-24,0.023000000044703484,
05OF014,1973-05-24,0.0010000000474974513,
05OF014,1973-06-24,0.024000000208616257,
05OF014,1973-07-24,0.0,
05OF014,1973-08-24,0.0,
05OF014,1973-09-24,0.006000000052154064,E
05OF014,1973-10-24,0.009999999776482582,
05OF014,1974-03-24,0.0,B
05OF014,1974-04-24,34.29999923706055,
05OF014,1974-05-24,26.600000381469727,
05OF014,1974-06-24,0.4639999866485596,
05OF014,1974-07-24,0.06800000369548798,
05OF014,1974-08-24,0.0,
05OF014,1974-09-24,0.0,
05OF014,1974-10-24,0.0,
05OF014,1975-03-24,0.0,B
05OF014,1975-04-24,3.2799999713897705,B
05OF014,1975-05-24,0.1469999998807907,
05OF014,1975-06-24,1.559999942779541,
05OF014,1975-07-24,0.0,
05OF014,1975-08-24,0.0,E
05OF014,1975-09-24,0.0,
05OF014,1975-10-24,0.0,
05OF014,1976-03-24,0.0,B
05OF014,1976-04-24,1.8799999952316284,
05OF014,1976-05-24,0.090999998152256,
05OF014,1976-06-24,0.04500000178813934,
05OF014,1976-07-24,0.0,
05OF014,1976-08-24,0.0,
05OF014,1976-09-24,0.0,
05OF014,1976-10-24,0.0,
05OF014,1977-03-24,0.0,B
05OF014,1977-04-24,0.006000000052154064,
05OF014,1977-05-24,0.13600000739097595,
05OF014,1977-06-24,0.05099999904632568,
05OF014,1977-07-24,0.012000000104308128,
05OF014,1977-08-24,0.0,
05OF014,1977-09-24,0.10199999809265135,
05OF014,1977-10-24,0.00800000037997961,
05OF014,1978-03-24,0.0,B
05OF014,1978-04-24,2.190000057220459,
05OF014,1978-05-24,0.17000000178813934,
05OF014,1978-06-24,0.01899999938905239,
05OF014,1978-07-24,0.0,
05OF014,1978-08-24,0.0,
05OF014,1978-09-24,0.0989999994635582,
05OF014,1978-10-24,0.0,
05OF014,1979-03-24,0.0,B
05OF014,1979-04-24,,
05OF014,1979-06-24,2.240000009536743,
05OF014,1979-07-24,0.25200000405311584,
05OF014,1979-08-24,0.014000000432133676,
05OF014,1979-09-24,0.0,
05OF014,1979-10-24,0.0,
05OF014,1980-03-24,0.0,B
05OF014,1980-04-24,0.21299999952316284,
05OF014,1980-05-24,0.0,
05OF014,1980-06-24,0.0,
05OF014,1980-07-24,0.0,
05OF014,1980-08-24,0.0,
05OF014,1980-09-24,0.0,
05OF014,1980-10-24,0.0,
05OF014,1981-03-24,0.5210000276565552,B
05OF014,1981-04-24,0.0,
05OF014,1981-05-24,0.14399999380111694,
05OF014,1981-06-24,0.07000000029802322,
05OF014,1981-07-24,0.0,
05OF014,1981-08-24,0.07900000363588333,
05OF014,1981-09-24,0.0,
05OF014,1981-10-24,0.0,
05OF014,1982-03-24,0.0,B
05OF014,1982-04-24,0.3470000028610229,
05OF014,1982-05-24,0.0,
05OF014,1982-06-24,0.006000000052154064,
05OF014,1982-07-24,0.0,
05OF014,1982-08-24,0.0,
05OF014,1982-09-24,0.0,
05OF014,1982-10-24,0.0010000000474974513,
05OF014,1983-03-24,0.12800000607967377,B
05OF014,1983-04-24,0.5400000214576721,
05OF014,1983-05-24,0.02800000086426735,
05OF014,1983-06-24,0.006000000052154064,
05OF014,1983-07-24,0.0,
05OF014,1983-08-24,0.0,
05OF014,1983-09-24,0.0,
05OF014,1983-10-24,0.0,
05OF014,1984-03-24,0.0,B
05OF014,1984-04-24,0.0010000000474974513,E
05OF014,1984-05-24,0.061000000685453415,
05OF014,1984-06-24,0.906000018119812,
05OF014,1984-07-24,0.0,
05OF014,1984-08-24,0.0,
05OF014,1984-09-24,0.0,
05OF014,1984-10-24,0.0,
05OF014,1985-03-24,15.100000381469728,E
05OF014,1985-04-24,0.2409999966621399,
05OF014,1985-05-24,0.07699999958276749,
05OF014,1985-06-24,0.0,
05OF014,1985-07-24,0.003000000026077032,
05OF014,1985-08-24,2.9800000190734863,
05OF014,1985-09-24,0.1979999989271164,
05OF014,1985-10-24,0.23499999940395355,
05OF014,1986-03-24,2.200000047683716,B
05OF014,1986-04-24,2.009999990463257,
05OF014,1986-05-24,1.340000033378601,
05OF014,1986-06-24,0.1940000057220459,
05OF014,1986-07-24,0.01600000075995922,
05OF014,1986-08-24,0.0,E
05OF014,1986-09-24,0.0,E
05OF014,1986-10-24,0.0,
05OF014,1987-03-24,0.0,B
05OF014,1987-04-24,0.20999999344348907,
05OF014,1987-05-24,0.0,
05OF014,1987-06-24,0.0,
05OF014,1987-07-24,0.0,
05OF014,1987-08-24,0.0,
05OF014,1987-09-24,0.0,
05OF014,1987-10-24,0.0,
05OF014,1988-03-24,0.3720000088214874,B
05OF014,1988-04-24,0.02199999988079071,
05OF014,1988-05-24,0.0,
05OF014,1988-06-24,0.0,
05OF014,1988-07-24,0.0,
05OF014,1988-08-24,0.0,
05OF014,1988-09-24,0.0,
05OF014,1988-10-24,0.0,
05OF014,1989-03-24,0.0,B
05OF014,1989-04-24,1.850000023841858,
05OF014,1989-05-24,0.020999999716877937,A
05OF014,1989-06-24,0.0,
05OF014,1989-07-24,0.0,
05OF014,1989-08-24,0.0,
05OF014,1989-09-24,0.0,
05OF014,1989-10-24,0.0,
05OF014,1990-03-24,0.0,B
05OF014,1990-04-24,0.24899999797344208,
05OF014,1990-05-24,0.1289999932050705,
05OF014,1990-06-24,0.2199999988079071,
05OF014,1990-07-24,0.06599999964237213,
05OF014,1990-08-24,0.0,
05OF014,1990-09-24,0.0,
05OF014,1990-10-24,0.0,
05OF014,1991-03-24,0.925000011920929,B
05OF014,1991-04-24,0.03099999949336052,
05OF014,1991-05-24,0.014999999664723871,
05OF014,1991-06-24,0.6919999718666077,
05OF014,1991-07-24,0.4090000092983246,
05OF014,1991-08-24,0.0130000002682209,E
05OF014,1991-09-24,0.0,
05OF014,1991-10-24,0.0,
05OF014,1992-03-24,0.5519999861717224,B
05OF014,1992-04-24,1.830000042915344,
05OF014,1992-05-24,0.01600000075995922,
05OF014,1992-06-24,0.8119999766349792,
05OF014,1992-07-24,0.028999999165534973,
05OF014,1992-08-24,0.0,
05OF014,1992-09-24,0.0,
05OF014,1992-10-24,0.0,
05OF014,1993-03-24,0.0,B
05OF014,1993-04-24,0.3019999861717224,
05OF014,1993-05-24,0.33500000834465027,
05OF014,1993-06-24,0.4860000014305115,
05OF014,1993-07-24,1.7999999523162842,
05OF014,1993-08-24,1.3700000047683716,
05OF014,1993-09-24,0.125,
05OF014,1993-10-24,0.032999999821186066,E
05OF014,1994-03-24,7.579999923706055,B
05OF014,1994-04-24,0.7289999723434448,
05OF014,1994-05-24,0.30799999833106995,
05OF014,1994-06-24,0.0,
05OF014,1994-07-24,0.4309999942779541,
05OF014,1994-08-24,0.0,
05OF014,1994-09-24,0.0020000000949949026,
05OF014,1994-10-24,4.420000076293945,
05OF014,1995-03-24,36.5,B
05OF014,1995-04-24,3.75,
05OF014,1995-05-24,3.2699999809265137,
05OF014,1995-06-24,0.10999999940395357,
05OF014,1995-07-24,0.0020000000949949026,
05OF014,1995-08-24,2.109999895095825,A
05OF014,1995-09-24,0.0010000000474974513,
05OF014,1995-10-24,0.017999999225139618,
05OF014,1996-03-24,0.0,B
05OF014,1996-04-24,16.799999237060547,
05OF014,1996-05-24,3.0199999809265137,
05OF014,1996-06-24,0.181999996304512,
05OF014,1996-07-24,0.07800000160932541,
05OF014,1996-08-24,0.28999999165534973,
05OF014,1996-09-24,0.0010000000474974513,
05OF014,1996-10-24,0.0,
05OF014,1997-03-24,0.0,B
05OF014,1997-04-24,,
05OF014,1997-05-24,34.400001525878906,
05OF014,1997-06-24,0.13899999856948853,
05OF014,1997-07-24,0.14000000059604645,
05OF014,1997-08-24,0.0,
05OF014,1997-09-24,0.0,
05OF014,1997-10-24,0.0,
05OF014,1998-03-24,0.8999999761581421,B
05OF014,1998-04-24,2.75,
05OF014,1998-05-24,0.09799999743700027,
05OF014,1998-06-24,2.25,
05OF014,1998-07-24,0.024000000208616257,
05OF014,1998-08-24,0.0,
05OF014,1998-09-24,0.0,
05OF014,1998-10-24,0.0,
05OF014,1999-03-24,3.150000095367432,B
05OF014,1999-04-24,0.4600000083446503,
05OF014,1999-05-24,8.369999885559082,
05OF014,1999-06-24,0.3639999926090241,
05OF014,1999-07-24,0.4399999976158142,
05OF014,1999-08-24,0.0,
05OF014,1999-09-24,0.0,
05OF014,1999-10-24,0.0,
05OF014,2000-03-24,0.4699999988079071,
05OF014,2000-04-24,0.0,
05OF014,2000-05-24,0.0,
05OF014,2000-06-24,0.04500000178813934,
05OF014,2000-07-24,0.0,
05OF014,2000-08-24,0.012000000104308128,
05OF014,2000-09-24,0.0,
05OF014,2000-10-24,0.0,
05OF014,2001-03-24,0.03999999910593033,B
05OF014,2001-04-24,2.4800000190734863,
05OF014,2001-05-24,1.2300000190734863,
05OF014,2001-06-24,0.902999997138977,
05OF014,2001-07-24,0.00800000037997961,
05OF014,2001-08-24,0.009999999776482582,
05OF014,2001-09-24,0.004000000189989805,
05OF014,2001-10-24,0.0,
05OF014,2002-03-24,0.0,B
05OF014,2002-04-24,0.1330000013113022,
05OF014,2002-05-24,0.028999999165534973,
05OF014,2002-06-24,1.149999976158142,
05OF014,2002-07-24,0.0010000000474974513,
05OF014,2002-08-24,0.06300000101327896,
05OF014,2002-09-24,0.09700000286102296,
05OF014,2002-10-24,0.02199999988079071,B
05OF014,2003-03-24,4.610000133514404,B
05OF014,2003-04-24,0.25999999046325684,
05OF014,2003-05-24,0.386000007390976,
05OF014,2003-06-24,0.37400001287460327,
05OF014,2003-07-24,0.03099999949336052,
05OF014,2003-08-24,0.0,
05OF014,2003-09-24,0.0,
05OF014,2003-10-24,0.0,
05OF014,2004-03-24,0.0,B
05OF014,2004-04-24,0.28600001335144043,
05OF014,2004-05-24,1.100000023841858,
05OF014,2004-06-24,0.9179999828338624,
05OF014,2004-07-24,0.39899998903274536,
05OF014,2004-08-24,0.06599999964237213,
05OF014,2004-09-24,1.440000057220459,
05OF014,2004-10-24,0.09399999678134918,
05OF014,2005-03-24,0.0,B
05OF014,2005-04-24,0.5120000243186951,
05OF014,2005-05-24,6.239999771118164,
05OF014,2005-06-24,5.849999904632568,
05OF014,2005-07-24,1.2000000476837158,A
05OF014,2005-08-24,0.17900000512599945,
05OF014,2005-09-24,0.004999999888241291,
05OF014,2005-10-24,0.31200000643730164,A
05OF014,2006-03-24,0.054999999701976776,B
05OF014,2006-04-24,11.800000190734863,E
05OF014,2006-05-24,0.16500000655651093,
05OF014,2006-06-24,0.07000000029802322,
05OF014,2006-07-24,0.0,
05OF014,2006-08-24,0.0,
05OF014,2006-09-24,0.0,
05OF014,2006-10-24,0.0,
05OF014,2007-03-24,0.0,B
05OF014,2007-04-24,0.15700000524520874,A
05OF014,2007-05-24,2.5299999713897705,
05OF014,2007-06-24,2.049999952316284,
05OF014,2007-07-24,0.34599998593330383,A
05OF014,2007-08-24,0.23399999737739563,A
05OF014,2007-09-24,0.032999999821186066,
05OF014,2007-10-24,0.028999999165534973,
05OF014,2008-03-24,0.0,B
05OF014,2008-04-24,0.25,A
05OF014,2008-05-24,0.08699999749660492,
05OF014,2008-06-24,0.6359999775886536,A
05OF014,2008-07-24,0.03099999949336052,
05OF014,2008-08-24,0.0,
05OF014,2008-09-24,0.37700000405311584,
05OF014,2008-10-24,0.2549999952316284,
05OF014,2009-03-24,3.5,B
05OF014,2009-04-24,,
05OF014,2009-05-24,0.8429999947547913,A
05OF014,2009-06-24,0.3100000023841858,
05OF014,2009-07-24,0.3619999885559082,
05OF014,2009-08-24,0.2419999986886978,
05OF014,2009-09-24,0.07100000232458115,
05OF014,2009-10-24,0.0020000000949949026,
05OF014,2010-03-24,6.920000076293945,B
05OF014,2010-04-24,0.3449999988079071,
05OF014,2010-05-24,0.4950000047683716,
05OF014,2010-06-24,2.630000114440918,
05OF014,2010-07-24,0.17499999701976776,
05OF014,2010-08-24,0.02500000037252903,
05OF014,2010-09-24,11.199999809265137,
05OF014,2010-10-24,0.3389999866485596,
05OF014,2011-03-24,0.5820000171661377,B
05OF014,2011-04-24,,
05OF014,2011-05-24,11.100000381469728,
05OF014,2011-06-24,40.09999847412109,
05OF014,2011-07-24,0.15800000727176666,
05OF014,2011-08-24,0.029999999329447743,
05OF014,2011-09-24,0.0,
05OF014,2011-10-24,0.003000000026077032,
05OF014,2012-03-24,0.5740000009536743,
05OF014,2012-04-24,0.03799999877810478,
05OF014,2012-05-24,0.05700000002980232,
05OF014,2012-06-24,0.08399999886751175,
05OF014,2012-07-24,0.0,
05OF014,2012-08-24,0.0,
05OF014,2012-09-24,0.0,
05OF014,2012-10-24,0.0,
05OF014,2013-03-24,0.0,B
05OF014,2013-04-24,1.7300000190734863,B
05OF014,2013-05-24,5.71999979019165,
05OF014,2013-06-24,2.0,
05OF014,2013-07-24,0.4099999964237213,
05OF014,2013-08-24,0.0130000002682209,
05OF014,2013-09-24,0.04800000041723251,
05OF014,2013-10-24,0.010999999940395355,
05OF014,2014-03-24,0.0,B
05OF014,2014-04-24,1.2400000095367432,
05OF014,2014-05-24,0.5619999766349792,
05OF014,2014-06-24,0.8299999833106995,
05OF014,2014-07-24,0.03799999877810478,
05OF014,2014-08-24,0.017999999225139618,
05OF014,2014-09-24,0.0,
05OF014,2014-10-24,0.014999999664723871,
05OF014,2015-03-24,0.5839999914169312,B
05OF014,2015-04-24,0.05000000074505806,
05OF014,2015-05-24,0.2380000054836273,
05OF014,2015-06-24,0.11500000208616255,
05OF014,2015-07-24,0.164000004529953,
05OF014,2015-08-24,0.0010000000474974513,
05OF014,2015-09-24,0.0020000000949949026,
05OF014,2015-10-24,0.008999999612569809,
05OF014,2016-03-24,2.609999895095825,B
05OF014,2016-04-24,0.5580000281333923,
05OF014,2016-05-24,0.0,
05OF014,2016-06-24,1.0299999713897705,
05OF014,2016-07-24,0.5289999842643738,
05OF014,2016-08-24,0.0010000000474974513,E
05OF014,2016-09-24,0.003000000026077032,
05OF014,2016-10-24,0.0,
05OF014,2017-03-24,,
05OF014,2017-04-24,0.5699999928474426,
05OF014,2017-05-24,0.21299999952316284,
05OF014,2017-06-24,0.7160000205039978,
05OF014,2017-07-24,0.1420000046491623,
05OF014,2017-08-24,0.0,
05OF014,2017-09-24,0.0,
05OF014,2017-10-24,0.0,
05OF014,2018-03-24,,
05OF014,2018-04-24,1.059999942779541,
05OF014,2018-06-24,0.0,
05OF014,2018-07-24,0.0,
05OF014,2018-08-24,0.0,
05OF014,2018-09-24,0.0,
05OF014,2018-10-24,0.0,
05OF014,2019-03-24,0.0,B
05OF014,2019-04-24,,
05OF014,2019-05-24,0.052000001072883606,
05OF014,2019-06-24,0.0,
05OF014,2019-07-24,0.0,
05OF014,2019-08-24,0.0,
05OF014,2019-09-24,0.5,
05OF014,2019-10-24,,
05OF014,2019-11-24,,
05OF014,2020-03-24,0.0,B
05OF014,2020-04-24,,
05OF014,2020-05-24,4.210000038146973,
05OF014,2020-06-24,0.0010000000474974513,
05OF014,2020-07-24,0.0,
05OF014,2020-08-24,0.0,
05OF014,2020-09-24,0.0,
05OF014,2020-10-24,0.0,
05OF014,2021-02-24,0.0,B
05OF014,2021-03-24,0.1899999976158142,B
05OF014,2021-04-24,0.13500000536441803,
05OF014,2021-05-24,0.11100000143051147,
05OF014,2021-06-24,0.0,
05OF014,2021-07-24,0.0,
05OF014,2021-08-24,0.0,
05OF014,2021-09-24,0.0,
05OF014,2021-10-24,0.0,
05OF014,2022-03-24,0.0,B
05OF014,2022-04-24,70.0999984741211,B
05OF014,2022-05-24,,
05OF014,2022-06-24,2.0299999713897705,
05OF014,2022-07-24,0.4659999907016754,E
05OF014,2022-08-24,0.0,
05OF014,2022-09-24,0.0,
05OF014,2022-10-24,0.0,
05OF014,2023-02-24,0.0010000000474974513,B
05OF014,2023-03-24,0.0020000000949949026,B
05OF014,2023-04-24,,
05OF014,2023-05-24,0.9660000205039978,
05OF014,2023-06-24,0.8849999904632568,
05OF014,2023-07-24,0.0,
05OF014,2023-08-24,0.0,
05OF014,2023-09-24,0.0,
05OF014,2023-10-24,0.0,
05OF014,2024-03-24,0.4629999995231629,B
05OF014,2024-04-24,0.6729999780654907,
05OF014,2024-05-24,3.109999895095825,
05OF014,2024-06-24,0.9110000133514404,E
05OF014,2024-07-24,0.1599999964237213,E
05OF014,2024-08-24,0.26499998569488525,
05OF014,2024-09-24,0.890999972820282,
05OF014,2024-10-24,0.2430000007152557,
05OF014,1960-03-25,0.0,B
05OF014,1960-04-25,1.6399999856948853,
05OF014,1960-05-25,0.03400000184774399,
05OF014,1960-06-25,0.11900000274181366,
05OF014,1960-07-25,0.0,
05OF014,1960-08-25,0.0,
05OF014,1960-09-25,0.0,
05OF014,1960-10-25,0.0,
05OF014,1961-03-25,8.239999771118164,B
05OF014,1961-04-25,0.2440000027418137,E
05OF014,1961-05-25,0.0,
05OF014,1961-06-25,0.0,
05OF014,1961-07-25,0.0,
05OF014,1961-08-25,0.0,
05OF014,1961-09-25,0.0,
05OF014,1961-10-25,0.0,
05OF014,1962-03-25,0.0,
05OF014,1962-04-25,19.899999618530277,
05OF014,1962-05-25,4.53000020980835,
05OF014,1962-06-25,0.15600000321865082,
05OF014,1962-07-25,0.04199999943375588,
05OF014,1962-08-25,0.0,
05OF014,1962-09-25,0.0,
05OF014,1962-10-25,0.0,
05OF014,1963-03-25,0.3959999978542328,B
05OF014,1963-04-25,0.03999999910593033,E
05OF014,1963-05-25,0.0,
05OF014,1963-06-25,0.12200000137090684,E
05OF014,1963-07-25,0.07900000363588333,E
05OF014,1963-08-25,0.0,
05OF014,1963-09-25,0.0,
05OF014,1963-10-25,0.0,
05OF014,1964-03-25,0.0,B
05OF014,1964-04-25,0.28299999237060547,
05OF014,1964-05-25,0.06199999898672104,
05OF014,1964-06-25,0.2179999947547913,
05OF014,1964-07-25,0.02800000086426735,
05OF014,1964-08-25,0.289000004529953,E
05OF014,1964-09-25,0.07900000363588333,E
05OF014,1964-10-25,0.014000000432133676,E
05OF014,1965-03-25,0.0,B
05OF014,1965-04-25,1.8799999952316284,
05OF014,1965-05-25,0.6000000238418579,E
05OF014,1965-06-25,0.09300000220537186,
05OF014,1965-07-25,0.006000000052154064,E
05OF014,1965-08-25,0.0,
05OF014,1965-09-25,0.0,
05OF014,1965-10-25,0.0,
05OF014,1966-03-25,0.1420000046491623,B
05OF014,1966-04-25,0.0,
05OF014,1966-05-25,0.22699999809265137,E
05OF014,1966-06-25,0.04199999943375588,E
05OF014,1966-07-25,0.014000000432133676,E
05OF014,1966-08-25,0.0,
05OF014,1966-09-25,0.0,
05OF014,1966-10-25,0.0,
05OF014,1967-03-25,0.0,B
05OF014,1967-04-25,19.0,B
05OF014,1967-05-25,0.609000027179718,
05OF014,1967-06-25,0.05700000002980232,
05OF014,1967-07-25,0.0,
05OF014,1967-08-25,0.0,
05OF014,1967-09-25,0.0,
05OF014,1967-10-25,0.0,
05OF014,1968-03-25,0.1420000046491623,B
05OF014,1968-04-25,0.257999986410141,
05OF014,1968-05-25,0.3540000021457672,
05OF014,1968-06-25,0.0,
05OF014,1968-07-25,0.26100000739097595,E
05OF014,1968-08-25,14.399999618530272,E
05OF014,1968-09-25,0.6539999842643738,
05OF014,1968-10-25,0.36000001430511475,
05OF014,1969-03-25,0.0,B
05OF014,1969-04-25,1.7000000476837158,
05OF014,1969-05-25,0.7360000014305115,E
05OF014,1969-06-25,0.10999999940395357,
05OF014,1969-07-25,0.42500001192092896,
05OF014,1969-08-25,0.03999999910593033,E
05OF014,1969-09-25,0.017999999225139618,
05OF014,1969-10-25,0.07400000095367432,
05OF014,1970-03-25,0.0,B
05OF014,1970-04-25,33.400001525878906,
05OF014,1970-05-25,2.8299999237060547,
05OF014,1970-06-25,0.609000027179718,
05OF014,1970-07-25,0.2919999957084656,
05OF014,1970-08-25,0.0,
05OF014,1970-09-25,0.15299999713897705,E
05OF014,1970-10-25,0.014000000432133676,
05OF014,1971-03-25,0.0,B
05OF014,1971-04-25,1.2899999618530271,
05OF014,1971-05-25,0.30000001192092896,E
05OF014,1971-06-25,0.3059999942779541,
05OF014,1971-07-25,0.0,
05OF014,1971-08-25,0.0,
05OF014,1971-09-25,0.0,
05OF014,1971-10-25,0.1899999976158142,E
05OF014,1972-03-25,5.380000114440918,B
05OF014,1972-04-25,4.300000190734863,
05OF014,1972-05-25,0.3310000002384186,
05OF014,1972-06-25,0.027000000700354576,
05OF014,1972-07-25,0.3140000104904175,
05OF014,1972-08-25,0.22100000083446503,
05OF014,1972-09-25,0.04199999943375588,
05OF014,1972-10-25,0.024000000208616257,
05OF014,1973-03-25,1.3300000429153442,B
05OF014,1973-04-25,0.02500000037252903,
05OF014,1973-05-25,0.006000000052154064,
05OF014,1973-06-25,0.020999999716877937,
05OF014,1973-07-25,0.0,E
05OF014,1973-08-25,0.0,
05OF014,1973-09-25,0.010999999940395355,
05OF014,1973-10-25,0.007000000216066837,
05OF014,1974-03-25,0.0,B
05OF014,1974-04-25,28.200000762939453,
05OF014,1974-05-25,10.600000381469728,
05OF014,1974-06-25,0.4639999866485596,
05OF014,1974-07-25,0.06199999898672104,
05OF014,1974-08-25,0.0,
05OF014,1974-09-25,0.0,
05OF014,1974-10-25,0.0,
05OF014,1975-03-25,0.0,B
05OF014,1975-04-25,3.140000104904175,
05OF014,1975-05-25,0.12999999523162842,E
05OF014,1975-06-25,1.6799999475479126,
05OF014,1975-07-25,0.0,
05OF014,1975-08-25,0.0,E
05OF014,1975-09-25,0.0,
05OF014,1975-10-25,0.0,
05OF014,1976-03-25,0.0,B
05OF014,1976-04-25,1.2699999809265137,
05OF014,1976-05-25,0.0820000022649765,
05OF014,1976-06-25,0.05700000002980232,
05OF014,1976-07-25,0.0,
05OF014,1976-08-25,0.0,
05OF014,1976-09-25,0.0,
05OF014,1976-10-25,0.0,
05OF014,1977-03-25,0.0,B
05OF014,1977-04-25,0.003000000026077032,
05OF014,1977-05-25,0.07900000363588333,
05OF014,1977-06-25,0.06800000369548798,
05OF014,1977-07-25,0.008999999612569809,
05OF014,1977-08-25,0.0,
05OF014,1977-09-25,0.20399999618530276,
05OF014,1977-10-25,0.008999999612569809,
05OF014,1978-03-25,0.0,B
05OF014,1978-04-25,2.059999942779541,
05OF014,1978-05-25,0.1979999989271164,
05OF014,1978-06-25,0.019999999552965164,
05OF014,1978-07-25,0.0,
05OF014,1978-08-25,0.0,
05OF014,1978-09-25,0.010999999940395355,
05OF014,1978-10-25,0.0,
05OF014,1979-03-25,0.0,B
05OF014,1979-04-25,,
05OF014,1979-06-25,1.2999999523162842,
05OF014,1979-07-25,0.2380000054836273,
05OF014,1979-08-25,0.012000000104308128,
05OF014,1979-09-25,0.0,
05OF014,1979-10-25,0.0,
05OF014,1980-03-25,0.0,B
05OF014,1980-04-25,0.16599999368190765,
05OF014,1980-05-25,0.0,
05OF014,1980-06-25,0.0,
05OF014,1980-07-25,0.0,
05OF014,1980-08-25,0.0,
05OF014,1980-09-25,0.0,
05OF014,1980-10-25,0.0,
05OF014,1981-03-25,0.5080000162124634,B
05OF014,1981-04-25,0.0,
05OF014,1981-05-25,2.4100000858306885,
05OF014,1981-06-25,0.07800000160932541,
05OF014,1981-07-25,0.0,
05OF014,1981-08-25,0.0560000017285347,
05OF014,1981-09-25,0.0,
05OF014,1981-10-25,0.0,
05OF014,1982-03-25,0.0,B
05OF014,1982-04-25,0.20000000298023224,
05OF014,1982-05-25,0.0,
05OF014,1982-06-25,0.004999999888241291,
05OF014,1982-07-25,0.0,
05OF014,1982-08-25,0.0,
05OF014,1982-09-25,0.0,
05OF014,1982-10-25,0.0010000000474974513,
05OF014,1983-03-25,0.12099999934434892,B
05OF014,1983-04-25,0.45399999618530273,
05OF014,1983-05-25,0.03999999910593033,
05OF014,1983-06-25,0.0020000000949949026,
05OF014,1983-07-25,0.0,
05OF014,1983-08-25,0.0,
05OF014,1983-09-25,0.0,
05OF014,1983-10-25,0.0,
05OF014,1984-03-25,0.0,B
05OF014,1984-04-25,0.0010000000474974513,E
05OF014,1984-05-25,0.05000000074505806,
05OF014,1984-06-25,0.5490000247955322,
05OF014,1984-07-25,0.0,
05OF014,1984-08-25,0.0,
05OF014,1984-09-25,0.0,
05OF014,1984-10-25,0.0,
05OF014,1985-03-25,12.0,E
05OF014,1985-04-25,0.20999999344348907,
05OF014,1985-05-25,0.06800000369548798,
05OF014,1985-06-25,0.0,
05OF014,1985-07-25,0.0010000000474974513,
05OF014,1985-08-25,2.4200000762939453,
05OF014,1985-09-25,0.19699999690055847,
05OF014,1985-10-25,0.19200000166893005,
05OF014,1986-03-25,6.860000133514404,B
05OF014,1986-04-25,1.4600000381469729,
05OF014,1986-05-25,1.1299999952316284,
05OF014,1986-06-25,0.1430000066757202,
05OF014,1986-07-25,0.008999999612569809,
05OF014,1986-08-25,0.0,E
05OF014,1986-09-25,0.0,E
05OF014,1986-10-25,0.0,
05OF014,1987-03-25,0.0,B
05OF014,1987-04-25,0.1809999942779541,
05OF014,1987-05-25,0.0,
05OF014,1987-06-25,0.0,
05OF014,1987-07-25,0.0,
05OF014,1987-08-25,0.0,
05OF014,1987-09-25,0.0,
05OF014,1987-10-25,0.0,
05OF014,1988-03-25,0.2800000011920929,B
05OF014,1988-04-25,0.0010000000474974513,
05OF014,1988-05-25,0.0,
05OF014,1988-06-25,0.0,
05OF014,1988-07-25,0.0,
05OF014,1988-08-25,0.0,
05OF014,1988-09-25,0.0,
05OF014,1988-10-25,0.0,
05OF014,1989-03-25,0.0,B
05OF014,1989-04-25,1.350000023841858,
05OF014,1989-05-25,0.01899999938905239,A
05OF014,1989-06-25,0.0,
05OF014,1989-07-25,0.0,
05OF014,1989-08-25,0.0,
05OF014,1989-09-25,0.0,
05OF014,1989-10-25,0.0,
05OF014,1990-03-25,0.0,B
05OF014,1990-04-25,0.23100000619888303,
05OF014,1990-05-25,0.11800000071525574,
05OF014,1990-06-25,0.3179999887943268,
05OF014,1990-07-25,0.06400000303983688,
05OF014,1990-08-25,0.0,
05OF014,1990-09-25,0.0,
05OF014,1990-10-25,0.0,
05OF014,1991-03-25,0.8220000267028809,B
05OF014,1991-04-25,0.017999999225139618,
05OF014,1991-05-25,0.014999999664723871,
05OF014,1991-06-25,0.5270000100135803,
05OF014,1991-07-25,0.3310000002384186,
05OF014,1991-08-25,0.012000000104308128,E
05OF014,1991-09-25,0.0,
05OF014,1991-10-25,0.0,
05OF014,1992-03-25,7.590000152587891,B
05OF014,1992-04-25,1.9900000095367432,
05OF014,1992-05-25,0.017999999225139618,
05OF014,1992-06-25,0.8299999833106995,
05OF014,1992-07-25,0.03099999949336052,
05OF014,1992-08-25,0.0,
05OF014,1992-09-25,0.0,
05OF014,1992-10-25,0.0,
05OF014,1993-03-25,0.0,B
05OF014,1993-04-25,0.28200000524520874,
05OF014,1993-05-25,0.2770000100135803,
05OF014,1993-06-25,0.4629999995231629,
05OF014,1993-07-25,3.150000095367432,
05OF014,1993-08-25,0.9860000014305116,
05OF014,1993-09-25,0.1040000021457672,
05OF014,1993-10-25,0.03099999949336052,E
05OF014,1994-03-25,7.269999980926514,B
05OF014,1994-04-25,0.7269999980926514,
05OF014,1994-05-25,0.2240000069141388,
05OF014,1994-06-25,0.0,
05OF014,1994-07-25,0.5429999828338623,
05OF014,1994-08-25,0.0,
05OF014,1994-09-25,0.0,
05OF014,1994-10-25,3.920000076293945,
05OF014,1995-03-25,34.29999923706055,B
05OF014,1995-04-25,3.75,
05OF014,1995-05-25,3.299999952316284,
05OF014,1995-06-25,0.09000000357627869,
05OF014,1995-07-25,0.0,
05OF014,1995-08-25,1.6100000143051147,
05OF014,1995-09-25,0.0,
05OF014,1995-10-25,0.010999999940395355,
05OF014,1996-03-25,0.0,B
05OF014,1996-04-25,15.100000381469728,
05OF014,1996-05-25,2.450000047683716,
05OF014,1996-06-25,0.17800000309944153,
05OF014,1996-07-25,0.08799999952316284,
05OF014,1996-08-25,0.24799999594688416,
05OF014,1996-09-25,0.0010000000474974513,
05OF014,1996-10-25,0.0,
05OF014,1997-03-25,0.0,B
05OF014,1997-04-25,,
05OF014,1997-05-25,25.899999618530277,
05OF014,1997-06-25,0.1169999986886978,
05OF014,1997-07-25,1.0299999713897705,
05OF014,1997-08-25,0.0,
05OF014,1997-09-25,0.0,
05OF014,1997-10-25,0.0,
05OF014,1998-03-25,1.4900000095367432,B
05OF014,1998-04-25,2.619999885559082,
05OF014,1998-05-25,0.08399999886751175,
05OF014,1998-06-25,1.7200000286102295,
05OF014,1998-07-25,0.02500000037252903,
05OF014,1998-08-25,0.0,
05OF014,1998-09-25,0.0,
05OF014,1998-10-25,0.0,
05OF014,1999-03-25,2.8399999141693115,B
05OF014,1999-04-25,0.4269999861717224,
05OF014,1999-05-25,3.0299999713897705,
05OF014,1999-06-25,0.3650000095367432,
05OF014,1999-07-25,0.2750000059604645,
05OF014,1999-08-25,0.0,
05OF014,1999-09-25,0.0,
05OF014,1999-10-25,0.0,
05OF014,2000-03-25,0.4309999942779541,
05OF014,2000-04-25,0.0,
05OF014,2000-05-25,0.0,
05OF014,2000-06-25,0.05000000074505806,
05OF014,2000-07-25,0.0,
05OF014,2000-08-25,0.009999999776482582,
05OF014,2000-09-25,0.0,
05OF014,2000-10-25,0.0,
05OF014,2001-03-25,0.019999999552965164,B
05OF014,2001-04-25,2.3499999046325684,
05OF014,2001-05-25,1.190000057220459,
05OF014,2001-06-25,0.8989999890327454,
05OF014,2001-07-25,0.007000000216066837,
05OF014,2001-08-25,0.06700000166893005,
05OF014,2001-09-25,0.004000000189989805,
05OF014,2001-10-25,0.0010000000474974513,
05OF014,2002-03-25,0.0,B
05OF014,2002-04-25,0.0729999989271164,
05OF014,2002-05-25,0.007000000216066837,
05OF014,2002-06-25,1.0299999713897705,
05OF014,2002-07-25,0.0,
05OF014,2002-08-25,0.057999998331069946,
05OF014,2002-09-25,0.09600000083446504,
05OF014,2002-10-25,0.014999999664723871,B
05OF014,2003-03-25,5.599999904632568,B
05OF014,2003-04-25,0.2759999930858612,
05OF014,2003-05-25,0.3140000104904175,
05OF014,2003-06-25,0.32499998807907104,
05OF014,2003-07-25,0.017999999225139618,
05OF014,2003-08-25,0.0,
05OF014,2003-09-25,0.0,
05OF014,2003-10-25,0.0,
05OF014,2004-03-25,0.0,B
05OF014,2004-04-25,0.2949999868869781,
05OF014,2004-05-25,0.949999988079071,
05OF014,2004-06-25,0.8679999709129333,
05OF014,2004-07-25,0.34599998593330383,
05OF014,2004-08-25,0.06700000166893005,
05OF014,2004-09-25,3.7899999618530273,
05OF014,2004-10-25,0.11500000208616255,
05OF014,2005-03-25,0.0,B
05OF014,2005-04-25,0.4490000009536743,
05OF014,2005-05-25,4.949999809265137,
05OF014,2005-06-25,6.389999866485596,
05OF014,2005-07-25,0.847000002861023,
05OF014,2005-08-25,0.20100000500679016,
05OF014,2005-09-25,0.004000000189989805,
05OF014,2005-10-25,0.3009999990463257,
05OF014,2006-03-25,0.0560000017285347,B
05OF014,2006-04-25,10.100000381469728,
05OF014,2006-05-25,0.1289999932050705,
05OF014,2006-06-25,0.06700000166893005,
05OF014,2006-07-25,0.0,
05OF014,2006-08-25,0.0,
05OF014,2006-09-25,0.0,
05OF014,2006-10-25,0.0,
05OF014,2007-03-25,0.0,B
05OF014,2007-04-25,0.1420000046491623,
05OF014,2007-05-25,3.3299999237060547,
05OF014,2007-06-25,1.850000023841858,
05OF014,2007-07-25,0.3230000138282776,
05OF014,2007-08-25,0.19699999690055847,
05OF014,2007-09-25,0.02500000037252903,
05OF014,2007-10-25,0.023000000044703484,
05OF014,2008-03-25,0.0,B
05OF014,2008-04-25,0.25699999928474426,A
05OF014,2008-05-25,0.1169999986886978,
05OF014,2008-06-25,0.5120000243186951,
05OF014,2008-07-25,0.026000000536441803,
05OF014,2008-08-25,0.0,A
05OF014,2008-09-25,2.4200000762939453,
05OF014,2008-10-25,0.2329999953508377,
05OF014,2009-03-25,2.109999895095825,B
05OF014,2009-04-25,,
05OF014,2009-05-25,1.440000057220459,
05OF014,2009-06-25,0.20200000703334808,
05OF014,2009-07-25,0.2189999967813492,
05OF014,2009-08-25,0.14399999380111694,
05OF014,2009-09-25,0.029999999329447743,
05OF014,2009-10-25,0.0020000000949949026,
05OF014,2010-03-25,3.849999904632568,B
05OF014,2010-04-25,0.32499998807907104,
05OF014,2010-05-25,1.809999942779541,
05OF014,2010-06-25,2.0,
05OF014,2010-07-25,0.20600000023841855,
05OF014,2010-08-25,0.014999999664723871,
05OF014,2010-09-25,16.200000762939453,
05OF014,2010-10-25,0.3269999921321869,
05OF014,2011-03-25,1.059999942779541,B
05OF014,2011-04-25,,
05OF014,2011-05-25,5.369999885559082,
05OF014,2011-06-25,33.79999923706055,
05OF014,2011-07-25,0.1599999964237213,
05OF014,2011-08-25,0.004999999888241291,
05OF014,2011-09-25,0.0010000000474974513,
05OF014,2011-10-25,0.17399999499320984,
05OF014,2012-03-25,0.4289999902248383,
05OF014,2012-04-25,0.03700000047683716,
05OF014,2012-05-25,0.0560000017285347,
05OF014,2012-06-25,0.07500000298023224,
05OF014,2012-07-25,0.0,
05OF014,2012-08-25,0.0,
05OF014,2012-09-25,0.0,
05OF014,2012-10-25,0.0,
05OF014,2013-03-25,0.0,B
05OF014,2013-04-25,1.340000033378601,B
05OF014,2013-05-25,3.5899999141693115,
05OF014,2013-06-25,1.9800000190734863,
05OF014,2013-07-25,0.3910000026226044,
05OF014,2013-08-25,0.03099999949336052,
05OF014,2013-09-25,0.04800000041723251,
05OF014,2013-10-25,0.0130000002682209,
05OF014,2014-03-25,0.0,B
05OF014,2014-04-25,1.25,
05OF014,2014-05-25,0.503000020980835,
05OF014,2014-06-25,0.9769999980926514,
05OF014,2014-07-25,0.03999999910593033,A
05OF014,2014-08-25,0.01600000075995922,
05OF014,2014-09-25,0.0,
05OF014,2014-10-25,0.009999999776482582,
05OF014,2015-03-25,0.4449999928474426,B
05OF014,2015-04-25,0.08799999952316284,
05OF014,2015-05-25,0.1589999943971634,
05OF014,2015-06-25,0.09799999743700027,A
05OF014,2015-07-25,0.30000001192092896,
05OF014,2015-08-25,0.0010000000474974513,
05OF014,2015-09-25,0.0010000000474974513,
05OF014,2015-10-25,0.010999999940395355,A
05OF014,2016-03-25,2.3499999046325684,B
05OF014,2016-04-25,0.4180000126361847,
05OF014,2016-05-25,0.0,
05OF014,2016-06-25,0.9850000143051147,
05OF014,2016-07-25,1.4299999475479126,
05OF014,2016-08-25,0.0010000000474974513,E
05OF014,2016-09-25,0.00800000037997961,
05OF014,2016-10-25,0.0,
05OF014,2017-03-25,12.199999809265137,B
05OF014,2017-04-25,0.6389999985694885,
05OF014,2017-05-25,0.2080000042915344,
05OF014,2017-06-25,0.6000000238418579,
05OF014,2017-07-25,0.0860000029206276,
05OF014,2017-08-25,0.0,
05OF014,2017-09-25,0.0,
05OF014,2017-10-25,0.0,
05OF014,2018-03-25,,
05OF014,2018-04-25,0.871999979019165,
05OF014,2018-06-25,0.0,
05OF014,2018-07-25,0.0,
05OF014,2018-08-25,0.0,
05OF014,2018-09-25,0.0,
05OF014,2018-10-25,0.0,
05OF014,2019-03-25,0.0,B
05OF014,2019-04-25,,
05OF014,2019-05-25,0.06499999761581421,
05OF014,2019-06-25,0.0,
05OF014,2019-07-25,0.0,
05OF014,2019-08-25,0.0,
05OF014,2019-09-25,0.3529999852180481,
05OF014,2019-10-25,4.550000190734863,A
05OF014,2019-11-25,,
05OF014,2020-03-25,0.0,B
05OF014,2020-04-25,,
05OF014,2020-05-25,1.0700000524520874,
05OF014,2020-06-25,0.0,
05OF014,2020-07-25,0.0,
05OF014,2020-08-25,0.0,
05OF014,2020-09-25,0.0,
05OF014,2020-10-25,0.0,
05OF014,2021-02-25,0.0,B
05OF014,2021-03-25,0.17000000178813934,
05OF014,2021-04-25,0.164000004529953,
05OF014,2021-05-25,0.09700000286102296,
05OF014,2021-06-25,0.0,
05OF014,2021-07-25,0.0,
05OF014,2021-08-25,0.0,
05OF014,2021-09-25,0.0,
05OF014,2021-10-25,0.0,
05OF014,2022-03-25,0.0,B
05OF014,2022-04-25,80.0999984741211,B
05OF014,2022-05-25,,
05OF014,2022-06-25,2.380000114440918,
05OF014,2022-07-25,0.4399999976158142,E
05OF014,2022-08-25,0.0,
05OF014,2022-09-25,0.0,
05OF014,2022-10-25,0.0,
05OF014,2023-02-25,0.0010000000474974513,B
05OF014,2023-03-25,0.0020000000949949026,B
05OF014,2023-04-25,,
05OF014,2023-05-25,0.8899999856948853,
05OF014,2023-06-25,0.8759999871253967,
05OF014,2023-07-25,0.0010000000474974513,
05OF014,2023-08-25,0.0,
05OF014,2023-09-25,0.0,
05OF014,2023-10-25,0.0,
05OF014,2024-03-25,0.4070000052452088,B
05OF014,2024-04-25,0.777999997138977,
05OF014,2024-05-25,25.700000762939453,
05OF014,2024-06-25,0.8519999980926514,E
05OF014,2024-07-25,0.15000000596046448,E
05OF014,2024-08-25,0.257999986410141,
05OF014,2024-09-25,1.0700000524520874,
05OF014,2024-10-25,0.20900000631809235,
05OF014,1960-03-26,0.0,B
05OF014,1960-04-26,1.6399999856948853,
05OF014,1960-05-26,0.04500000178813934,E
05OF014,1960-06-26,0.3109999895095825,
05OF014,1960-07-26,0.0,
05OF014,1960-08-26,0.0,
05OF014,1960-09-26,0.0,
05OF014,1960-10-26,0.0,
05OF014,1961-03-26,7.5,B
05OF014,1961-04-26,0.2720000147819519,
05OF014,1961-05-26,0.0,
05OF014,1961-06-26,0.0,
05OF014,1961-07-26,0.0,
05OF014,1961-08-26,0.0,
05OF014,1961-09-26,0.0,
05OF014,1961-10-26,0.0,
05OF014,1962-03-26,0.0,
05OF014,1962-04-26,13.600000381469728,
05OF014,1962-05-26,1.1799999475479126,
05OF014,1962-06-26,0.1330000013113022,
05OF014,1962-07-26,0.609000027179718,
05OF014,1962-08-26,0.0,
05OF014,1962-09-26,0.0,
05OF014,1962-10-26,0.0,
05OF014,1963-03-26,1.2000000476837158,B
05OF014,1963-04-26,0.02800000086426735,
05OF014,1963-05-26,0.0,
05OF014,1963-06-26,0.10199999809265135,
05OF014,1963-07-26,0.08799999952316284,E
05OF014,1963-08-26,0.0,
05OF014,1963-09-26,0.0,
05OF014,1963-10-26,0.0,
05OF014,1964-03-26,0.0,B
05OF014,1964-04-26,0.2290000021457672,E
05OF014,1964-05-26,0.04800000041723251,E
05OF014,1964-06-26,0.20100000500679016,
05OF014,1964-07-26,0.0,
05OF014,1964-08-26,0.289000004529953,E
05OF014,1964-09-26,0.07900000363588333,E
05OF014,1964-10-26,0.014000000432133676,E
05OF014,1965-03-26,0.0,B
05OF014,1965-04-26,1.9900000095367432,
05OF014,1965-05-26,0.6880000233650208,
05OF014,1965-06-26,0.09300000220537186,
05OF014,1965-07-26,0.00800000037997961,
05OF014,1965-08-26,0.0,
05OF014,1965-09-26,0.0,
05OF014,1965-10-26,0.0,
05OF014,1966-03-26,6.739999771118164,B
05OF014,1966-04-26,0.0,
05OF014,1966-05-26,0.11299999803304672,E
05OF014,1966-06-26,0.014000000432133676,E
05OF014,1966-07-26,0.0,
05OF014,1966-08-26,0.0,
05OF014,1966-09-26,0.0,
05OF014,1966-10-26,0.0,
05OF014,1967-03-26,0.0,B
05OF014,1967-04-26,11.600000381469728,B
05OF014,1967-05-26,0.574999988079071,
05OF014,1967-06-26,0.05700000002980232,
05OF014,1967-07-26,0.0,
05OF014,1967-08-26,0.0,
05OF014,1967-09-26,0.0,
05OF014,1967-10-26,0.0,
05OF014,1968-03-26,3.5999999046325684,B
05OF014,1968-04-26,0.26899999380111694,
05OF014,1968-05-26,0.3109999895095825,E
05OF014,1968-06-26,0.0,
05OF014,1968-07-26,0.2179999947547913,E
05OF014,1968-08-26,21.200000762939453,
05OF014,1968-09-26,0.5609999895095825,
05OF014,1968-10-26,0.3709999918937683,E
05OF014,1969-03-26,0.0,B
05OF014,1969-04-26,1.2699999809265137,
05OF014,1969-05-26,0.6230000257492065,E
05OF014,1969-06-26,0.23499999940395355,E
05OF014,1969-07-26,0.8500000238418579,
05OF014,1969-08-26,0.03999999910593033,
05OF014,1969-09-26,0.010999999940395355,
05OF014,1969-10-26,0.07599999755620956,
05OF014,1970-03-26,0.0,B
05OF014,1970-04-26,41.900001525878906,
05OF014,1970-05-26,2.6600000858306885,
05OF014,1970-06-26,0.6650000214576721,
05OF014,1970-07-26,0.27799999713897705,
05OF014,1970-08-26,0.0,
05OF014,1970-09-26,0.17800000309944153,
05OF014,1970-10-26,0.014000000432133676,E
05OF014,1971-03-26,0.0,B
05OF014,1971-04-26,0.9660000205039978,
05OF014,1971-05-26,0.3059999942779541,
05OF014,1971-06-26,0.3199999928474426,
05OF014,1971-07-26,0.0,
05OF014,1971-08-26,0.0,
05OF014,1971-09-26,0.0,
05OF014,1971-10-26,0.17800000309944153,
05OF014,1972-03-26,3.680000066757202,B
05OF014,1972-04-26,4.809999942779541,
05OF014,1972-05-26,0.3709999918937683,
05OF014,1972-06-26,0.017999999225139618,
05OF014,1972-07-26,0.3310000002384186,
05OF014,1972-08-26,0.1979999989271164,
05OF014,1972-09-26,0.03700000047683716,
05OF014,1972-10-26,0.02500000037252903,
05OF014,1973-03-26,1.3799999952316284,B
05OF014,1973-04-26,0.024000000208616257,
05OF014,1973-05-26,0.0,
05OF014,1973-06-26,0.023000000044703484,
05OF014,1973-07-26,0.0,
05OF014,1973-08-26,0.0,
05OF014,1973-09-26,0.014000000432133676,
05OF014,1973-10-26,0.009999999776482582,
05OF014,1974-03-26,0.0,B
05OF014,1974-04-26,20.299999237060547,
05OF014,1974-05-26,4.619999885559082,
05OF014,1974-06-26,0.4639999866485596,
05OF014,1974-07-26,0.05099999904632568,
05OF014,1974-08-26,0.0,
05OF014,1974-09-26,0.0,
05OF014,1974-10-26,0.0,
05OF014,1975-03-26,0.0,B
05OF014,1975-04-26,2.7699999809265137,
05OF014,1975-05-26,0.10999999940395357,
05OF014,1975-06-26,1.1399999856948853,
05OF014,1975-07-26,0.0,
05OF014,1975-08-26,0.0,
05OF014,1975-09-26,0.0,E
05OF014,1975-10-26,0.0,
05OF014,1976-03-26,0.0,B
05OF014,1976-04-26,1.0099999904632568,
05OF014,1976-05-26,0.07900000363588333,
05OF014,1976-06-26,0.06199999898672104,
05OF014,1976-07-26,0.0,
05OF014,1976-08-26,0.0,
05OF014,1976-09-26,0.0,
05OF014,1976-10-26,0.0,
05OF014,1977-03-26,0.0,B
05OF014,1977-04-26,0.0020000000949949026,
05OF014,1977-05-26,0.05900000035762787,
05OF014,1977-06-26,0.006000000052154064,
05OF014,1977-07-26,0.007000000216066837,
05OF014,1977-08-26,0.0,
05OF014,1977-09-26,0.2440000027418137,
05OF014,1977-10-26,0.003000000026077032,
05OF014,1978-03-26,0.0,B
05OF014,1978-04-26,1.9299999475479128,
05OF014,1978-05-26,0.289000004529953,
05OF014,1978-06-26,0.0,
05OF014,1978-07-26,0.0,
05OF014,1978-08-26,0.0,
05OF014,1978-09-26,0.0,
05OF014,1978-10-26,0.0,
05OF014,1979-03-26,0.0,B
05OF014,1979-04-26,,
05OF014,1979-06-26,0.7730000019073486,
05OF014,1979-07-26,0.22200000286102292,
05OF014,1979-08-26,0.009999999776482582,
05OF014,1979-09-26,0.0,
05OF014,1979-10-26,0.0,
05OF014,1980-03-26,0.0,B
05OF014,1980-04-26,0.12200000137090684,
05OF014,1980-05-26,0.0,
05OF014,1980-06-26,0.0,
05OF014,1980-07-26,0.0,
05OF014,1980-08-26,0.0,
05OF014,1980-09-26,0.0,
05OF014,1980-10-26,0.0,
05OF014,1981-03-26,0.4950000047683716,A
05OF014,1981-04-26,0.0,
05OF014,1981-05-26,1.5,
05OF014,1981-06-26,0.07800000160932541,
05OF014,1981-07-26,0.0,
05OF014,1981-08-26,0.032999999821186066,
05OF014,1981-09-26,0.0,
05OF014,1981-10-26,0.0,
05OF014,1982-03-26,0.0,B
05OF014,1982-04-26,0.15800000727176666,
05OF014,1982-05-26,0.0,
05OF014,1982-06-26,0.004999999888241291,
05OF014,1982-07-26,0.0,
05OF014,1982-08-26,0.0,
05OF014,1982-09-26,0.0,
05OF014,1982-10-26,0.0,
05OF014,1983-03-26,0.11400000005960464,B
05OF014,1983-04-26,0.4180000126361847,
05OF014,1983-05-26,0.03999999910593033,
05OF014,1983-06-26,0.0010000000474974513,
05OF014,1983-07-26,0.0,
05OF014,1983-08-26,0.0,
05OF014,1983-09-26,0.0,
05OF014,1983-10-26,0.0,
05OF014,1984-03-26,0.006000000052154064,B
05OF014,1984-04-26,0.0010000000474974513,E
05OF014,1984-05-26,0.03799999877810478,
05OF014,1984-06-26,0.4189999997615814,
05OF014,1984-07-26,0.0,
05OF014,1984-08-26,0.0,
05OF014,1984-09-26,0.0,
05OF014,1984-10-26,0.0,
05OF014,1985-03-26,6.71999979019165,A
05OF014,1985-04-26,0.16599999368190765,
05OF014,1985-05-26,0.05299999937415123,
05OF014,1985-06-26,0.0,
05OF014,1985-07-26,0.0,
05OF014,1985-08-26,2.0,
05OF014,1985-09-26,0.210999995470047,
05OF014,1985-10-26,0.18400000035762787,
05OF014,1986-03-26,6.489999771118164,B
05OF014,1986-04-26,2.059999942779541,
05OF014,1986-05-26,0.9900000095367432,
05OF014,1986-06-26,0.11400000005960464,
05OF014,1986-07-26,0.0010000000474974513,
05OF014,1986-08-26,0.0,E
05OF014,1986-09-26,0.0,E
05OF014,1986-10-26,0.0,
05OF014,1987-03-26,0.0,B
05OF014,1987-04-26,0.16300000250339508,
05OF014,1987-05-26,0.0,
05OF014,1987-06-26,0.0,
05OF014,1987-07-26,0.0,
05OF014,1987-08-26,0.0,
05OF014,1987-09-26,0.0,
05OF014,1987-10-26,0.0,
05OF014,1988-03-26,0.17000000178813934,B
05OF014,1988-04-26,0.007000000216066837,
05OF014,1988-05-26,0.0,
05OF014,1988-06-26,0.0,
05OF014,1988-07-26,0.0,
05OF014,1988-08-26,0.0,
05OF014,1988-09-26,0.0,
05OF014,1988-10-26,0.0,
05OF014,1989-03-26,0.0,B
05OF014,1989-04-26,1.0800000429153442,
05OF014,1989-05-26,0.017999999225139618,A
05OF014,1989-06-26,0.0,
05OF014,1989-07-26,0.0,
05OF014,1989-08-26,0.0,
05OF014,1989-09-26,0.0,
05OF014,1989-10-26,0.0,
05OF014,1990-03-26,0.0,B
05OF014,1990-04-26,0.20100000500679016,
05OF014,1990-05-26,0.10700000077486038,
05OF014,1990-06-26,1.0099999904632568,
05OF014,1990-07-26,0.0560000017285347,
05OF014,1990-08-26,0.0,
05OF014,1990-09-26,0.0,
05OF014,1990-10-26,0.0,
05OF014,1991-03-26,0.27399998903274536,B
05OF014,1991-04-26,0.014999999664723871,
05OF014,1991-05-26,0.0130000002682209,
05OF014,1991-06-26,0.3790000081062317,
05OF014,1991-07-26,0.27300000190734863,
05OF014,1991-08-26,0.010999999940395355,E
05OF014,1991-09-26,0.0,
05OF014,1991-10-26,0.0,
05OF014,1992-03-26,11.300000190734863,B
05OF014,1992-04-26,1.7899999618530271,
05OF014,1992-05-26,0.0130000002682209,
05OF014,1992-06-26,3.0199999809265137,
05OF014,1992-07-26,0.06300000101327896,
05OF014,1992-08-26,0.0,
05OF014,1992-09-26,0.0,
05OF014,1992-10-26,0.0,
05OF014,1993-03-26,0.0,B
05OF014,1993-04-26,0.2430000007152557,
05OF014,1993-05-26,0.2509999871253968,
05OF014,1993-06-26,0.4440000057220459,
05OF014,1993-07-26,24.399999618530277,
05OF014,1993-08-26,0.8109999895095825,
05OF014,1993-09-26,0.08100000023841858,
05OF014,1993-10-26,0.03099999949336052,E
05OF014,1994-03-26,4.489999771118164,B
05OF014,1994-04-26,0.7080000042915344,
05OF014,1994-05-26,0.23199999332427976,
05OF014,1994-06-26,0.0,
05OF014,1994-07-26,0.29100000858306885,
05OF014,1994-08-26,0.0,
05OF014,1994-09-26,0.0,
05OF014,1994-10-26,3.5199999809265137,
05OF014,1995-03-26,32.0,B
05OF014,1995-04-26,3.5799999237060547,
05OF014,1995-05-26,3.2100000381469727,
05OF014,1995-06-26,0.0820000022649765,
05OF014,1995-07-26,0.0,
05OF014,1995-08-26,0.977999985218048,
05OF014,1995-09-26,0.0010000000474974513,
05OF014,1995-10-26,0.009999999776482582,
05OF014,1996-03-26,0.0,B
05OF014,1996-04-26,11.899999618530272,
05OF014,1996-05-26,2.1700000762939453,
05OF014,1996-06-26,0.17599999904632568,
05OF014,1996-07-26,0.08799999952316284,
05OF014,1996-08-26,0.2290000021457672,
05OF014,1996-09-26,0.004999999888241291,
05OF014,1996-10-26,0.0,
05OF014,1997-03-26,0.0,B
05OF014,1997-04-26,,
05OF014,1997-05-26,15.300000190734863,
05OF014,1997-06-26,0.090999998152256,
05OF014,1997-07-26,0.5910000205039978,
05OF014,1997-08-26,0.0,
05OF014,1997-09-26,0.0,
05OF014,1997-10-26,0.0,
05OF014,1998-03-26,9.510000228881836,B
05OF014,1998-04-26,2.4200000762939453,
05OF014,1998-05-26,0.06599999964237213,
05OF014,1998-06-26,0.8410000205039978,
05OF014,1998-07-26,0.027000000700354576,
05OF014,1998-08-26,0.0,
05OF014,1998-09-26,0.0,
05OF014,1998-10-26,0.0,
05OF014,1999-03-26,3.740000009536743,B
05OF014,1999-04-26,0.492000013589859,
05OF014,1999-05-26,2.059999942779541,
05OF014,1999-06-26,0.6890000104904175,
05OF014,1999-07-26,0.1899999976158142,
05OF014,1999-08-26,0.0,
05OF014,1999-09-26,0.0,
05OF014,1999-10-26,0.0,
05OF014,2000-03-26,0.27300000190734863,
05OF014,2000-04-26,0.0,
05OF014,2000-05-26,0.0,
05OF014,2000-06-26,0.02500000037252903,
05OF014,2000-07-26,0.0,
05OF014,2000-08-26,0.0020000000949949026,
05OF014,2000-09-26,0.0,
05OF014,2000-10-26,0.0,
05OF014,2001-03-26,0.01600000075995922,B
05OF014,2001-04-26,2.200000047683716,
05OF014,2001-05-26,1.1299999952316284,
05OF014,2001-06-26,0.8740000128746033,
05OF014,2001-07-26,0.00800000037997961,
05OF014,2001-08-26,0.05099999904632568,
05OF014,2001-09-26,0.003000000026077032,
05OF014,2001-10-26,0.0010000000474974513,
05OF014,2002-03-26,0.0,B
05OF014,2002-04-26,0.05700000002980232,
05OF014,2002-05-26,0.0020000000949949026,
05OF014,2002-06-26,1.0099999904632568,
05OF014,2002-07-26,0.0,
05OF014,2002-08-26,0.04399999976158142,
05OF014,2002-09-26,0.09300000220537186,
05OF014,2002-10-26,0.009999999776482582,B
05OF014,2003-03-26,5.019999980926514,B
05OF014,2003-04-26,0.2509999871253968,
05OF014,2003-05-26,0.2380000054836273,
05OF014,2003-06-26,0.335999995470047,
05OF014,2003-07-26,0.017000000923871994,
05OF014,2003-08-26,0.0,
05OF014,2003-09-26,0.0,
05OF014,2003-10-26,0.0,
05OF014,2004-03-26,0.0,B
05OF014,2004-04-26,0.25600001215934753,
05OF014,2004-05-26,0.8420000076293945,
05OF014,2004-06-26,0.7850000262260437,
05OF014,2004-07-26,0.2179999947547913,
05OF014,2004-08-26,0.12999999523162842,
05OF014,2004-09-26,3.190000057220459,
05OF014,2004-10-26,0.1430000066757202,
05OF014,2005-03-26,0.0,B
05OF014,2005-04-26,0.4059999883174896,A
05OF014,2005-05-26,3.900000095367432,
05OF014,2005-06-26,7.090000152587891,A
05OF014,2005-07-26,0.652999997138977,
05OF014,2005-08-26,0.16899999976158142,
05OF014,2005-09-26,0.006000000052154064,
05OF014,2005-10-26,0.257999986410141,
05OF014,2006-03-26,0.05700000002980232,B
05OF014,2006-04-26,9.270000457763672,
05OF014,2006-05-26,0.0820000022649765,
05OF014,2006-06-26,0.08500000089406967,
05OF014,2006-07-26,0.0,
05OF014,2006-08-26,0.0,
05OF014,2006-09-26,0.0,
05OF014,2006-10-26,0.0,
05OF014,2007-03-26,0.0,B
05OF014,2007-04-26,0.12200000137090684,
05OF014,2007-05-26,3.140000104904175,
05OF014,2007-06-26,10.699999809265137,
05OF014,2007-07-26,0.4009999930858612,
05OF014,2007-08-26,0.1770000010728836,
05OF014,2007-09-26,0.014999999664723871,
05OF014,2007-10-26,0.02800000086426735,
05OF014,2008-03-26,0.0,B
05OF014,2008-04-26,0.2199999988079071,
05OF014,2008-05-26,0.09200000017881392,
05OF014,2008-06-26,0.414000004529953,
05OF014,2008-07-26,0.017999999225139618,
05OF014,2008-08-26,0.0,
05OF014,2008-09-26,2.069999933242798,
05OF014,2008-10-26,0.2199999988079071,
05OF014,2009-03-26,5.0,B
05OF014,2009-04-26,,
05OF014,2009-05-26,2.069999933242798,
05OF014,2009-06-26,0.18299999833106995,
05OF014,2009-07-26,0.1379999965429306,
05OF014,2009-08-26,0.08699999749660492,
05OF014,2009-09-26,0.020999999716877937,
05OF014,2009-10-26,0.0010000000474974513,
05OF014,2010-03-26,4.480000019073486,B
05OF014,2010-04-26,0.26100000739097595,
05OF014,2010-05-26,3.5199999809265137,
05OF014,2010-06-26,1.25,
05OF014,2010-07-26,0.20000000298023224,
05OF014,2010-08-26,0.010999999940395355,
05OF014,2010-09-26,28.799999237060547,
05OF014,2010-10-26,0.5619999766349792,
05OF014,2011-03-26,1.0299999713897705,B
05OF014,2011-04-26,,
05OF014,2011-05-26,4.130000114440918,
05OF014,2011-06-26,12.100000381469728,
05OF014,2011-07-26,0.1589999943971634,
05OF014,2011-08-26,0.004000000189989805,
05OF014,2011-09-26,0.008999999612569809,
05OF014,2011-10-26,0.0430000014603138,
05OF014,2012-03-26,0.34200000762939453,
05OF014,2012-04-26,0.03599999845027924,
05OF014,2012-05-26,0.054999999701976776,
05OF014,2012-06-26,0.06599999964237213,
05OF014,2012-07-26,0.0,
05OF014,2012-08-26,0.0,
05OF014,2012-09-26,0.0,
05OF014,2012-10-26,0.0,
05OF014,2013-03-26,0.0,B
05OF014,2013-04-26,0.7170000076293945,B
05OF014,2013-05-26,2.859999895095825,
05OF014,2013-06-26,1.9800000190734863,
05OF014,2013-07-26,0.3959999978542328,
05OF014,2013-08-26,0.028999999165534973,
05OF014,2013-09-26,0.04600000008940697,
05OF014,2013-10-26,0.012000000104308128,
05OF014,2014-03-26,0.0,B
05OF014,2014-04-26,1.350000023841858,
05OF014,2014-05-26,0.47200000286102295,
05OF014,2014-06-26,0.5910000205039978,
05OF014,2014-07-26,0.03099999949336052,
05OF014,2014-08-26,0.008999999612569809,
05OF014,2014-09-26,0.0,
05OF014,2014-10-26,0.008999999612569809,
05OF014,2015-03-26,0.367000013589859,B
05OF014,2015-04-26,0.1289999932050705,A
05OF014,2015-05-26,0.1340000033378601,
05OF014,2015-06-26,0.07900000363588333,A
05OF014,2015-07-26,0.2070000022649765,
05OF014,2015-08-26,0.0010000000474974513,
05OF014,2015-09-26,0.0010000000474974513,
05OF014,2015-10-26,0.0010000000474974513,A
05OF014,2016-03-26,1.7999999523162842,B
05OF014,2016-04-26,0.34200000762939453,
05OF014,2016-05-26,0.0020000000949949026,
05OF014,2016-06-26,0.8679999709129333,
05OF014,2016-07-26,1.159999966621399,
05OF014,2016-08-26,0.0010000000474974513,E
05OF014,2016-09-26,0.014999999664723871,
05OF014,2016-10-26,0.0,
05OF014,2017-03-26,13.899999618530272,B
05OF014,2017-04-26,0.5600000023841858,
05OF014,2017-05-26,0.21299999952316284,
05OF014,2017-06-26,0.5070000290870667,
05OF014,2017-07-26,0.04399999976158142,
05OF014,2017-08-26,0.0,
05OF014,2017-09-26,0.0,
05OF014,2017-10-26,0.0,A
05OF014,2018-03-26,,
05OF014,2018-04-26,0.7120000123977661,
05OF014,2018-06-26,0.0,
05OF014,2018-07-26,0.0,
05OF014,2018-08-26,0.0,
05OF014,2018-09-26,0.0,
05OF014,2018-10-26,0.0,
05OF014,2019-03-26,0.0,B
05OF014,2019-04-26,,
05OF014,2019-05-26,0.06199999898672104,
05OF014,2019-06-26,0.0,
05OF014,2019-07-26,0.0,
05OF014,2019-08-26,0.0,
05OF014,2019-09-26,0.2540000081062317,
05OF014,2019-10-26,3.740000009536743,E
05OF014,2019-11-26,,
05OF014,2020-03-26,0.0,B
05OF014,2020-04-26,,
05OF014,2020-05-26,0.1469999998807907,
05OF014,2020-06-26,0.0,
05OF014,2020-07-26,0.0,
05OF014,2020-08-26,0.0,
05OF014,2020-09-26,0.0,
05OF014,2020-10-26,0.0,
05OF014,2021-02-26,0.0,B
05OF014,2021-03-26,0.15600000321865082,
05OF014,2021-04-26,0.1940000057220459,
05OF014,2021-05-26,0.06499999761581421,
05OF014,2021-06-26,0.0,
05OF014,2021-07-26,0.0,
05OF014,2021-08-26,0.0,
05OF014,2021-09-26,0.0,
05OF014,2021-10-26,0.0,
05OF014,2022-03-26,0.0,B
05OF014,2022-04-26,86.0999984741211,B
05OF014,2022-05-26,,
05OF014,2022-06-26,2.450000047683716,
05OF014,2022-07-26,0.4839999973773956,E
05OF014,2022-08-26,0.0,
05OF014,2022-09-26,0.0,
05OF014,2022-10-26,0.0,
05OF014,2023-02-26,0.0010000000474974513,B
05OF014,2023-03-26,0.0010000000474974513,B
05OF014,2023-04-26,,
05OF014,2023-05-26,0.7620000243186951,
05OF014,2023-06-26,0.8989999890327454,
05OF014,2023-07-26,0.004999999888241291,
05OF014,2023-08-26,0.0,
05OF014,2023-09-26,0.0,
05OF014,2023-10-26,0.0,
05OF014,2024-03-26,0.3930000066757202,B
05OF014,2024-04-26,0.7329999804496765,
05OF014,2024-05-26,38.20000076293945,
05OF014,2024-06-26,0.8579999804496765,E
05OF014,2024-07-26,0.14000000059604645,E
05OF014,2024-08-26,0.239999994635582,
05OF014,2024-09-26,0.828000009059906,
05OF014,2024-10-26,0.09600000083446504,
05OF014,1960-03-27,0.010999999940395355,B
05OF014,1960-04-27,1.809999942779541,
05OF014,1960-05-27,0.05700000002980232,
05OF014,1960-06-27,0.33399999141693115,
05OF014,1960-07-27,0.0,
05OF014,1960-08-27,0.0,
05OF014,1960-09-27,0.0,
05OF014,1960-10-27,0.0,
05OF014,1961-03-27,7.449999809265137,B
05OF014,1961-04-27,0.31700000166893005,
05OF014,1961-05-27,0.0,
05OF014,1961-06-27,0.0,
05OF014,1961-07-27,0.0,
05OF014,1961-08-27,0.0,
05OF014,1961-09-27,0.0,
05OF014,1961-10-27,0.0,
05OF014,1962-03-27,0.0,
05OF014,1962-04-27,7.309999942779541,
05OF014,1962-05-27,0.8349999785423279,
05OF014,1962-06-27,0.07400000095367432,
05OF014,1962-07-27,0.453000009059906,E
05OF014,1962-08-27,0.0,
05OF014,1962-09-27,0.0,
05OF014,1962-10-27,0.0,
05OF014,1963-03-27,1.1799999475479126,B
05OF014,1963-04-27,0.014000000432133676,
05OF014,1963-05-27,0.0,
05OF014,1963-06-27,0.1330000013113022,
05OF014,1963-07-27,0.09600000083446504,
05OF014,1963-08-27,0.0,
05OF014,1963-09-27,0.0,
05OF014,1963-10-27,0.0,
05OF014,1964-03-27,0.0,B
05OF014,1964-04-27,0.17800000309944153,
05OF014,1964-05-27,0.03400000184774399,
05OF014,1964-06-27,0.14399999380111694,
05OF014,1964-07-27,0.0,
05OF014,1964-08-27,0.289000004529953,E
05OF014,1964-09-27,0.07900000363588333,E
05OF014,1964-10-27,0.014000000432133676,E
05OF014,1965-03-27,0.0,B
05OF014,1965-04-27,1.9700000286102293,E
05OF014,1965-05-27,0.6970000267028809,
05OF014,1965-06-27,0.11900000274181366,E
05OF014,1965-07-27,0.00800000037997961,E
05OF014,1965-08-27,0.0,
05OF014,1965-09-27,0.0,
05OF014,1965-10-27,0.0,
05OF014,1966-03-27,13.5,B
05OF014,1966-04-27,0.0,
05OF014,1966-05-27,0.02800000086426735,E
05OF014,1966-06-27,0.0,
05OF014,1966-07-27,0.0,
05OF014,1966-08-27,0.0,
05OF014,1966-09-27,0.0,
05OF014,1966-10-27,0.0,
05OF014,1967-03-27,0.0,B
05OF014,1967-04-27,7.619999885559082,
05OF014,1967-05-27,0.5320000052452087,
05OF014,1967-06-27,0.05400000140070915,
05OF014,1967-07-27,0.0,
05OF014,1967-08-27,0.0,
05OF014,1967-09-27,0.0,
05OF014,1967-10-27,0.0,
05OF014,1968-03-27,7.050000190734863,B
05OF014,1968-04-27,0.2409999966621399,
05OF014,1968-05-27,0.2660000026226044,
05OF014,1968-06-27,0.0,
05OF014,1968-07-27,0.17599999904632568,E
05OF014,1968-08-27,24.399999618530277,
05OF014,1968-09-27,0.5440000295639038,
05OF014,1968-10-27,0.3790000081062317,E
05OF014,1969-03-27,0.0,B
05OF014,1969-04-27,0.8500000238418579,E
05OF014,1969-05-27,0.5099999904632568,E
05OF014,1969-06-27,0.36000001430511475,
05OF014,1969-07-27,0.8500000238418579,
05OF014,1969-08-27,0.05400000140070915,
05OF014,1969-09-27,0.014000000432133676,
05OF014,1969-10-27,0.04800000041723251,
05OF014,1970-03-27,0.0,B
05OF014,1970-04-27,44.20000076293945,
05OF014,1970-05-27,2.6600000858306885,
05OF014,1970-06-27,0.718999981880188,E
05OF014,1970-07-27,0.2660000026226044,E
05OF014,1970-08-27,0.0,
05OF014,1970-09-27,0.12700000405311584,
05OF014,1970-10-27,0.014000000432133676,
05OF014,1971-03-27,0.0,B
05OF014,1971-04-27,0.8069999814033508,
05OF014,1971-05-27,0.2750000059604645,
05OF014,1971-06-27,0.4129999876022339,
05OF014,1971-07-27,0.0,
05OF014,1971-08-27,0.0,
05OF014,1971-09-27,0.0,
05OF014,1971-10-27,0.17299999296665192,
05OF014,1972-03-27,3.539999961853028,B
05OF014,1972-04-27,2.940000057220459,
05OF014,1972-05-27,0.37700000405311584,
05OF014,1972-06-27,0.009999999776482582,
05OF014,1972-07-27,0.3370000123977661,
05OF014,1972-08-27,0.2070000022649765,
05OF014,1972-09-27,0.06199999898672104,
05OF014,1972-10-27,0.02800000086426735,
05OF014,1973-03-27,1.1399999856948853,B
05OF014,1973-04-27,0.024000000208616257,
05OF014,1973-05-27,0.003000000026077032,
05OF014,1973-06-27,0.017000000923871994,
05OF014,1973-07-27,0.0,
05OF014,1973-08-27,0.0,
05OF014,1973-09-27,0.014000000432133676,
05OF014,1973-10-27,0.009999999776482582,
05OF014,1974-03-27,0.0,B
05OF014,1974-04-27,13.399999618530272,
05OF014,1974-05-27,3.4800000190734863,
05OF014,1974-06-27,0.4300000071525574,
05OF014,1974-07-27,0.03999999910593033,
05OF014,1974-08-27,0.0,
05OF014,1974-09-27,0.0,
05OF014,1974-10-27,0.0,
05OF014,1975-03-27,0.0,B
05OF014,1975-04-27,2.369999885559082,
05OF014,1975-05-27,0.09600000083446504,
05OF014,1975-06-27,0.7390000224113464,
05OF014,1975-07-27,0.0,
05OF014,1975-08-27,0.0,
05OF014,1975-09-27,0.0,
05OF014,1975-10-27,0.0,
05OF014,1976-03-27,0.0,B
05OF014,1976-04-27,0.871999979019165,
05OF014,1976-05-27,0.0820000022649765,
05OF014,1976-06-27,0.05400000140070915,
05OF014,1976-07-27,0.0,
05OF014,1976-08-27,0.0,
05OF014,1976-09-27,0.0,
05OF014,1976-10-27,0.0,
05OF014,1977-03-27,0.0,B
05OF014,1977-04-27,0.0010000000474974513,
05OF014,1977-05-27,0.06800000369548798,
05OF014,1977-06-27,0.0,
05OF014,1977-07-27,0.004999999888241291,
05OF014,1977-08-27,0.0,
05OF014,1977-09-27,0.24899999797344208,
05OF014,1977-10-27,0.0010000000474974513,
05OF014,1978-03-27,0.0,B
05OF014,1978-04-27,1.7999999523162842,
05OF014,1978-05-27,0.4699999988079071,
05OF014,1978-06-27,0.0,
05OF014,1978-07-27,0.0,
05OF014,1978-08-27,0.0,
05OF014,1978-09-27,0.0,
05OF014,1978-10-27,0.0,
05OF014,1979-03-27,0.0,B
05OF014,1979-04-27,,
05OF014,1979-06-27,0.7929999828338623,
05OF014,1979-07-27,0.2070000022649765,
05OF014,1979-08-27,0.00800000037997961,
05OF014,1979-09-27,0.0,
05OF014,1979-10-27,0.0,
05OF014,1980-03-27,0.0,B
05OF014,1980-04-27,0.10999999940395357,
05OF014,1980-05-27,0.0,
05OF014,1980-06-27,0.0,
05OF014,1980-07-27,0.0,
05OF014,1980-08-27,0.0,
05OF014,1980-09-27,0.0,
05OF014,1980-10-27,0.0,
05OF014,1981-03-27,0.4309999942779541,
05OF014,1981-04-27,0.0,
05OF014,1981-05-27,0.5630000233650208,
05OF014,1981-06-27,0.0989999994635582,
05OF014,1981-07-27,0.0,
05OF014,1981-08-27,0.014999999664723871,
05OF014,1981-09-27,0.0,
05OF014,1981-10-27,0.0,
05OF014,1982-03-27,0.0,B
05OF014,1982-04-27,0.1449999958276749,
05OF014,1982-05-27,0.0,
05OF014,1982-06-27,0.004000000189989805,
05OF014,1982-07-27,0.0,
05OF014,1982-08-27,0.0,
05OF014,1982-09-27,0.0,
05OF014,1982-10-27,0.0,A
05OF014,1983-03-27,0.10700000077486038,B
05OF014,1983-04-27,0.4070000052452088,
05OF014,1983-05-27,0.04399999976158142,
05OF014,1983-06-27,0.0010000000474974513,
05OF014,1983-07-27,0.0,
05OF014,1983-08-27,0.0,
05OF014,1983-09-27,0.0,
05OF014,1983-10-27,0.0,
05OF014,1984-03-27,0.012000000104308128,B
05OF014,1984-04-27,0.0010000000474974513,E
05OF014,1984-05-27,0.026000000536441803,
05OF014,1984-06-27,0.30799999833106995,
05OF014,1984-07-27,0.0,
05OF014,1984-08-27,0.0,
05OF014,1984-09-27,0.0,
05OF014,1984-10-27,0.0,
05OF014,1985-03-27,5.429999828338623,E
05OF014,1985-04-27,0.13099999725818634,
05OF014,1985-05-27,0.03400000184774399,
05OF014,1985-06-27,0.0,
05OF014,1985-07-27,0.0,
05OF014,1985-08-27,1.1399999856948853,
05OF014,1985-09-27,0.1979999989271164,
05OF014,1985-10-27,0.1770000010728836,
05OF014,1986-03-27,33.29999923706055,B
05OF014,1986-04-27,2.0,
05OF014,1986-05-27,0.8930000066757202,
05OF014,1986-06-27,0.10300000011920928,
05OF014,1986-07-27,0.00800000037997961,
05OF014,1986-08-27,0.0,E
05OF014,1986-09-27,0.0,E
05OF014,1986-10-27,0.0,
05OF014,1987-03-27,0.0,B
05OF014,1987-04-27,0.12800000607967377,
05OF014,1987-05-27,0.0,
05OF014,1987-06-27,0.0,
05OF014,1987-07-27,0.0,
05OF014,1987-08-27,0.0,
05OF014,1987-09-27,0.0,
05OF014,1987-10-27,0.0,
05OF014,1988-03-27,0.09000000357627869,B
05OF014,1988-04-27,0.01600000075995922,
05OF014,1988-05-27,0.0,
05OF014,1988-06-27,0.0,
05OF014,1988-07-27,0.0,
05OF014,1988-08-27,0.0,
05OF014,1988-09-27,0.0,
05OF014,1988-10-27,0.0,
05OF014,1989-03-27,0.0,B
05OF014,1989-04-27,0.8640000224113464,
05OF014,1989-05-27,0.017000000923871994,A
05OF014,1989-06-27,0.0,
05OF014,1989-07-27,0.0,
05OF014,1989-08-27,0.0,
05OF014,1989-09-27,0.0,
05OF014,1989-10-27,0.0,
05OF014,1990-03-27,0.010999999940395355,B
05OF014,1990-04-27,0.1889999955892563,
05OF014,1990-05-27,0.0949999988079071,
05OF014,1990-06-27,1.350000023841858,
05OF014,1990-07-27,0.05400000140070915,
05OF014,1990-08-27,0.0,
05OF014,1990-09-27,0.0,
05OF014,1990-10-27,0.0,
05OF014,1991-03-27,0.15000000596046448,B
05OF014,1991-04-27,0.0130000002682209,
05OF014,1991-05-27,0.010999999940395355,
05OF014,1991-06-27,3.119999885559082,
05OF014,1991-07-27,0.2540000081062317,
05OF014,1991-08-27,0.009999999776482582,E
05OF014,1991-09-27,0.0,
05OF014,1991-10-27,0.0,
05OF014,1992-03-27,7.909999847412109,B
05OF014,1992-04-27,1.4700000286102295,
05OF014,1992-05-27,0.009999999776482582,
05OF014,1992-06-27,2.1700000762939453,
05OF014,1992-07-27,0.0860000029206276,
05OF014,1992-08-27,0.0,
05OF014,1992-09-27,0.0,
05OF014,1992-10-27,0.0,
05OF014,1993-03-27,0.0020000000949949026,B
05OF014,1993-04-27,0.20499999821186063,
05OF014,1993-05-27,0.23000000417232516,
05OF014,1993-06-27,0.40299999713897705,
05OF014,1993-07-27,34.599998474121094,
05OF014,1993-08-27,0.7310000061988831,
05OF014,1993-09-27,0.11400000005960464,
05OF014,1993-10-27,0.057999998331069946,E
05OF014,1994-03-27,3.319999933242798,B
05OF014,1994-04-27,0.7300000190734863,
05OF014,1994-05-27,0.3709999918937683,
05OF014,1994-06-27,0.004000000189989805,
05OF014,1994-07-27,0.257999986410141,
05OF014,1994-08-27,0.0,
05OF014,1994-09-27,0.0,
05OF014,1994-10-27,3.2300000190734863,
05OF014,1995-03-27,26.700000762939453,B
05OF014,1995-04-27,3.509999990463257,
05OF014,1995-05-27,3.059999942779541,
05OF014,1995-06-27,0.07500000298023224,
05OF014,1995-07-27,0.0,
05OF014,1995-08-27,0.5740000009536743,
05OF014,1995-09-27,0.0,
05OF014,1995-10-27,0.00800000037997961,
05OF014,1996-03-27,0.0,B
05OF014,1996-04-27,9.289999961853027,
05OF014,1996-05-27,2.0799999237060547,
05OF014,1996-06-27,0.18000000715255737,
05OF014,1996-07-27,0.08500000089406967,
05OF014,1996-08-27,0.20100000500679016,
05OF014,1996-09-27,0.03099999949336052,
05OF014,1996-10-27,0.0,
05OF014,1997-03-27,0.0,B
05OF014,1997-04-27,,
05OF014,1997-05-27,7.53000020980835,
05OF014,1997-06-27,0.05999999865889549,
05OF014,1997-07-27,0.2169999927282333,
05OF014,1997-08-27,0.0,
05OF014,1997-09-27,0.0,
05OF014,1997-10-27,0.0,
05OF014,1998-03-27,42.0,B
05OF014,1998-04-27,2.130000114440918,
05OF014,1998-05-27,0.052000001072883606,
05OF014,1998-06-27,0.5799999833106995,
05OF014,1998-07-27,0.026000000536441803,
05OF014,1998-08-27,0.0,
05OF014,1998-09-27,0.0,
05OF014,1998-10-27,0.0,
05OF014,1999-03-27,8.220000267028809,B
05OF014,1999-04-27,0.4830000102519989,
05OF014,1999-05-27,1.8600000143051147,
05OF014,1999-06-27,0.746999979019165,
05OF014,1999-07-27,0.12700000405311584,
05OF014,1999-08-27,0.0,
05OF014,1999-09-27,0.0,
05OF014,1999-10-27,0.0,
05OF014,2000-03-27,0.22300000488758087,
05OF014,2000-04-27,0.0,
05OF014,2000-05-27,0.0,
05OF014,2000-06-27,0.017000000923871994,
05OF014,2000-07-27,0.0,
05OF014,2000-08-27,0.0020000000949949026,
05OF014,2000-09-27,0.0,
05OF014,2000-10-27,0.0,
05OF014,2001-03-27,0.0130000002682209,B
05OF014,2001-04-27,1.9700000286102293,
05OF014,2001-05-27,1.100000023841858,
05OF014,2001-06-27,0.7749999761581421,
05OF014,2001-07-27,0.8209999799728394,
05OF014,2001-08-27,0.02199999988079071,
05OF014,2001-09-27,0.003000000026077032,
05OF014,2001-10-27,0.0010000000474974513,
05OF014,2002-03-27,0.0,B
05OF014,2002-04-27,0.07199999690055847,
05OF014,2002-05-27,0.0010000000474974513,
05OF014,2002-06-27,0.9950000047683716,
05OF014,2002-07-27,0.0,
05OF014,2002-08-27,0.04199999943375588,
05OF014,2002-09-27,0.0860000029206276,
05OF014,2002-10-27,0.007000000216066837,B
05OF014,2003-03-27,4.260000228881836,B
05OF014,2003-04-27,0.23499999940395355,
05OF014,2003-05-27,0.15000000596046448,
05OF014,2003-06-27,0.2980000078678131,
05OF014,2003-07-27,0.014999999664723871,
05OF014,2003-08-27,0.0,
05OF014,2003-09-27,0.0,
05OF014,2003-10-27,0.0,
05OF014,2004-03-27,1.4800000190734863,B
05OF014,2004-04-27,0.1860000044107437,
05OF014,2004-05-27,0.7839999794960022,A
05OF014,2004-06-27,0.7250000238418579,
05OF014,2004-07-27,0.1710000038146973,
05OF014,2004-08-27,0.2639999985694885,A
05OF014,2004-09-27,1.6799999475479126,
05OF014,2004-10-27,0.1459999978542328,
05OF014,2005-03-27,0.0,B
05OF014,2005-04-27,0.3799999952316284,
05OF014,2005-05-27,3.240000009536743,A
05OF014,2005-06-27,11.0,A
05OF014,2005-07-27,0.49399998784065247,
05OF014,2005-08-27,0.15199999511241913,
05OF014,2005-09-27,0.014999999664723871,
05OF014,2005-10-27,0.21299999952316284,
05OF014,2006-03-27,0.057999998331069946,B
05OF014,2006-04-27,8.460000038146973,
05OF014,2006-05-27,0.08100000023841858,
05OF014,2006-06-27,0.11299999803304672,
05OF014,2006-07-27,0.0,
05OF014,2006-08-27,0.0,
05OF014,2006-09-27,0.0,
05OF014,2006-10-27,0.0,
05OF014,2007-03-27,25.700000762939453,B
05OF014,2007-04-27,0.10499999672174454,
05OF014,2007-05-27,6.210000038146973,
05OF014,2007-06-27,37.70000076293945,A
05OF014,2007-07-27,0.4490000009536743,
05OF014,2007-08-27,0.18299999833106995,
05OF014,2007-09-27,0.0130000002682209,
05OF014,2007-10-27,0.026000000536441803,
05OF014,2008-03-27,0.0,B
05OF014,2008-04-27,0.16599999368190765,
05OF014,2008-05-27,0.04699999839067459,
05OF014,2008-06-27,0.3499999940395355,
05OF014,2008-07-27,0.009999999776482582,
05OF014,2008-08-27,0.0,
05OF014,2008-09-27,0.6850000023841858,
05OF014,2008-10-27,0.181999996304512,
05OF014,2009-03-27,7.659999847412109,B
05OF014,2009-04-27,,
05OF014,2009-05-27,3.0,
05OF014,2009-06-27,2.319999933242798,
05OF014,2009-07-27,0.09200000017881392,
05OF014,2009-08-27,0.04600000008940697,
05OF014,2009-09-27,0.017999999225139618,
05OF014,2009-10-27,0.0020000000949949026,
05OF014,2010-03-27,4.909999847412109,B
05OF014,2010-04-27,0.16200000047683716,
05OF014,2010-05-27,2.359999895095825,
05OF014,2010-06-27,0.9010000228881836,
05OF014,2010-07-27,0.18000000715255737,
05OF014,2010-08-27,0.00800000037997961,
05OF014,2010-09-27,17.899999618530273,
05OF014,2010-10-27,6.880000114440918,
05OF014,2011-03-27,0.9240000247955322,B
05OF014,2011-04-27,,
05OF014,2011-05-27,5.239999771118164,
05OF014,2011-06-27,7.090000152587891,
05OF014,2011-07-27,0.1469999998807907,
05OF014,2011-08-27,0.0020000000949949026,
05OF014,2011-09-27,0.0,
05OF014,2011-10-27,0.004999999888241291,
05OF014,2012-03-27,0.2709999978542328,
05OF014,2012-04-27,0.03500000014901161,
05OF014,2012-05-27,0.05400000140070915,
05OF014,2012-06-27,0.05900000035762787,
05OF014,2012-07-27,0.0,
05OF014,2012-08-27,0.0,
05OF014,2012-09-27,0.0,
05OF014,2012-10-27,0.0,
05OF014,2013-03-27,0.0,B
05OF014,2013-04-27,1.3799999952316284,B
05OF014,2013-05-27,2.559999942779541,
05OF014,2013-06-27,1.8600000143051147,
05OF014,2013-07-27,0.3709999918937683,
05OF014,2013-08-27,0.026000000536441803,
05OF014,2013-09-27,0.04500000178813934,
05OF014,2013-10-27,0.009999999776482582,
05OF014,2014-03-27,0.0,B
05OF014,2014-04-27,1.4299999475479126,
05OF014,2014-05-27,0.4690000116825104,
05OF014,2014-06-27,0.4009999930858612,
05OF014,2014-07-27,0.039000000804662704,
05OF014,2014-08-27,0.003000000026077032,
05OF014,2014-09-27,0.0,
05OF014,2014-10-27,0.008999999612569809,
05OF014,2015-03-27,0.38199999928474426,B
05OF014,2015-04-27,0.1459999978542328,
05OF014,2015-05-27,0.10599999874830246,
05OF014,2015-06-27,0.07999999821186066,E
05OF014,2015-07-27,0.14100000262260437,
05OF014,2015-08-27,0.0010000000474974513,
05OF014,2015-09-27,0.0010000000474974513,
05OF014,2015-10-27,0.009999999776482582,A
05OF014,2016-03-27,1.309999942779541,B
05OF014,2016-04-27,0.35199999809265137,
05OF014,2016-05-27,0.003000000026077032,
05OF014,2016-06-27,0.7409999966621399,
05OF014,2016-07-27,0.8299999833106995,
05OF014,2016-08-27,0.0010000000474974513,E
05OF014,2016-09-27,0.02199999988079071,
05OF014,2016-10-27,0.0010000000474974513,
05OF014,2017-03-27,39.70000076293945,B
05OF014,2017-04-27,0.5410000085830688,
05OF014,2017-05-27,0.2160000056028366,
05OF014,2017-06-27,0.41999998688697815,
05OF014,2017-07-27,0.0130000002682209,
05OF014,2017-08-27,0.0,
05OF014,2017-09-27,0.0,
05OF014,2017-10-27,0.0,
05OF014,2018-03-27,,
05OF014,2018-04-27,0.6470000147819519,A
05OF014,2018-06-27,0.0,
05OF014,2018-07-27,0.0,
05OF014,2018-08-27,0.0,
05OF014,2018-09-27,0.0,
05OF014,2018-10-27,0.0,
05OF014,2019-03-27,0.004000000189989805,B
05OF014,2019-04-27,,
05OF014,2019-05-27,0.04800000041723251,
05OF014,2019-06-27,0.0,
05OF014,2019-07-27,0.0,
05OF014,2019-08-27,0.0,
05OF014,2019-09-27,0.23600000143051147,
05OF014,2019-10-27,2.9100000858306885,E
05OF014,2019-11-27,,
05OF014,2020-03-27,0.0,B
05OF014,2020-04-27,,
05OF014,2020-05-27,0.017000000923871994,
05OF014,2020-06-27,0.0,
05OF014,2020-07-27,0.0,
05OF014,2020-08-27,0.0,
05OF014,2020-09-27,0.0,
05OF014,2020-10-27,0.0,
05OF014,2021-02-27,0.0,B
05OF014,2021-03-27,0.1289999932050705,
05OF014,2021-04-27,0.2119999974966049,
05OF014,2021-05-27,0.05000000074505806,
05OF014,2021-06-27,0.0,
05OF014,2021-07-27,0.0,
05OF014,2021-08-27,0.0,
05OF014,2021-09-27,0.0,
05OF014,2021-10-27,0.0,
05OF014,2022-03-27,0.0,B
05OF014,2022-04-27,83.80000305175781,
05OF014,2022-05-27,,
05OF014,2022-06-27,1.809999942779541,
05OF014,2022-07-27,0.5170000195503235,E
05OF014,2022-08-27,0.0,
05OF014,2022-09-27,0.0,
05OF014,2022-10-27,0.0,
05OF014,2023-02-27,0.0010000000474974513,B
05OF014,2023-03-27,0.0010000000474974513,B
05OF014,2023-04-27,,
05OF014,2023-05-27,0.6840000152587891,
05OF014,2023-06-27,0.9120000004768372,
05OF014,2023-07-27,0.003000000026077032,
05OF014,2023-08-27,0.0,
05OF014,2023-09-27,0.0,
05OF014,2023-10-27,0.0,
05OF014,2024-03-27,0.4000000059604645,B
05OF014,2024-04-27,0.8270000219345093,
05OF014,2024-05-27,16.799999237060547,
05OF014,2024-06-27,1.4199999570846558,E
05OF014,2024-07-27,0.13099999725818634,E
05OF014,2024-08-27,0.2179999947547913,
05OF014,2024-09-27,0.6100000143051147,
05OF014,2024-10-27,0.07199999690055847,
05OF014,1960-03-28,0.4699999988079071,B
05OF014,1960-04-28,2.5199999809265137,
05OF014,1960-05-28,0.06800000369548798,
05OF014,1960-06-28,0.3959999978542328,
05OF014,1960-07-28,0.0,E
05OF014,1960-08-28,0.0,
05OF014,1960-09-28,0.0,
05OF014,1960-10-28,0.0,
05OF014,1961-03-28,5.269999980926514,B
05OF014,1961-04-28,0.2150000035762787,
05OF014,1961-05-28,0.0,
05OF014,1961-06-28,0.0,
05OF014,1961-07-28,0.0,
05OF014,1961-08-28,0.0,
05OF014,1961-09-28,0.0,
05OF014,1961-10-28,0.0,
05OF014,1962-03-28,0.0,
05OF014,1962-04-28,2.8299999237060547,
05OF014,1962-05-28,0.6850000023841858,
05OF014,1962-06-28,0.06800000369548798,E
05OF014,1962-07-28,0.33399999141693115,
05OF014,1962-08-28,0.0,
05OF014,1962-09-28,0.0,
05OF014,1962-10-28,0.0,
05OF014,1963-03-28,2.8299999237060547,B
05OF014,1963-04-28,0.014000000432133676,E
05OF014,1963-05-28,0.0,
05OF014,1963-06-28,0.1080000028014183,E
05OF014,1963-07-28,0.07400000095367432,E
05OF014,1963-08-28,0.0,
05OF014,1963-09-28,0.0,
05OF014,1963-10-28,0.0,
05OF014,1964-03-28,0.0,B
05OF014,1964-04-28,0.1899999976158142,
05OF014,1964-05-28,0.023000000044703484,E
05OF014,1964-06-28,0.125,E
05OF014,1964-07-28,0.0,
05OF014,1964-08-28,0.289000004529953,E
05OF014,1964-09-28,0.07900000363588333,E
05OF014,1964-10-28,0.014000000432133676,E
05OF014,1965-03-28,0.0,B
05OF014,1965-04-28,1.940000057220459,E
05OF014,1965-05-28,0.6000000238418579,E
05OF014,1965-06-28,0.14399999380111694,E
05OF014,1965-07-28,0.010999999940395355,E
05OF014,1965-08-28,0.0,
05OF014,1965-09-28,0.0,
05OF014,1965-10-28,0.0,
05OF014,1966-03-28,20.200000762939453,B
05OF014,1966-04-28,0.0,
05OF014,1966-05-28,0.014000000432133676,E
05OF014,1966-06-28,0.0,
05OF014,1966-07-28,0.0,
05OF014,1966-08-28,0.0,
05OF014,1966-09-28,0.0,
05OF014,1966-10-28,0.0,
05OF014,1967-03-28,0.0,B
05OF014,1967-04-28,4.670000076293945,
05OF014,1967-05-28,0.5149999856948853,
05OF014,1967-06-28,0.05700000002980232,E
05OF014,1967-07-28,0.0,
05OF014,1967-08-28,0.0,
05OF014,1967-09-28,0.0,
05OF014,1967-10-28,0.0,
05OF014,1968-03-28,10.5,B
05OF014,1968-04-28,0.20399999618530276,E
05OF014,1968-05-28,0.23499999940395355,
05OF014,1968-06-28,0.0,E
05OF014,1968-07-28,0.1330000013113022,E
05OF014,1968-08-28,14.5,
05OF014,1968-09-28,0.4900000095367432,E
05OF014,1968-10-28,0.3910000026226044,
05OF014,1969-03-28,0.0,B
05OF014,1969-04-28,0.42500001192092896,
05OF014,1969-05-28,0.453000009059906,E
05OF014,1969-06-28,0.3569999933242798,
05OF014,1969-07-28,0.4639999866485596,
05OF014,1969-08-28,0.05400000140070915,
05OF014,1969-09-28,0.014000000432133676,E
05OF014,1969-10-28,0.05900000035762787,
05OF014,1970-03-28,0.0,B
05OF014,1970-04-28,43.59999847412109,
05OF014,1970-05-28,2.5899999141693115,
05OF014,1970-06-28,0.7730000019073486,
05OF014,1970-07-28,0.2549999952316284,
05OF014,1970-08-28,0.0,
05OF014,1970-09-28,0.07900000363588333,
05OF014,1970-10-28,0.014000000432133676,
05OF014,1971-03-28,0.0,B
05OF014,1971-04-28,0.7649999856948853,
05OF014,1971-05-28,0.2630000114440918,
05OF014,1971-06-28,0.38199999928474426,E
05OF014,1971-07-28,0.0,
05OF014,1971-08-28,0.0,
05OF014,1971-09-28,0.0,
05OF014,1971-10-28,0.16099999845027924,
05OF014,1972-03-28,3.539999961853028,B
05OF014,1972-04-28,2.259999990463257,
05OF014,1972-05-28,0.3880000114440918,
05OF014,1972-06-28,0.0010000000474974513,
05OF014,1972-07-28,0.3370000123977661,
05OF014,1972-08-28,0.2919999957084656,
05OF014,1972-09-28,0.05900000035762787,
05OF014,1972-10-28,0.05099999904632568,
05OF014,1973-03-28,0.8949999809265137,B
05OF014,1973-04-28,0.02500000037252903,
05OF014,1973-05-28,0.0,
05OF014,1973-06-28,0.017000000923871994,
05OF014,1973-07-28,0.010999999940395355,
05OF014,1973-08-28,0.0,
05OF014,1973-09-28,0.014000000432133676,
05OF014,1973-10-28,0.010999999940395355,
05OF014,1974-03-28,0.0,B
05OF014,1974-04-28,7.670000076293945,
05OF014,1974-05-28,3.140000104904175,
05OF014,1974-06-28,0.3619999885559082,
05OF014,1974-07-28,0.03400000184774399,
05OF014,1974-08-28,0.0,
05OF014,1974-09-28,0.0,
05OF014,1974-10-28,0.0,
05OF014,1975-03-28,0.0,B
05OF014,1975-04-28,2.190000057220459,
05OF014,1975-05-28,0.09300000220537186,
05OF014,1975-06-28,0.7390000224113464,
05OF014,1975-07-28,0.0,
05OF014,1975-08-28,0.0,
05OF014,1975-09-28,0.0,
05OF014,1975-10-28,0.0,
05OF014,1976-03-28,0.0,B
05OF014,1976-04-28,0.7670000195503235,
05OF014,1976-05-28,0.1080000028014183,
05OF014,1976-06-28,0.03999999910593033,
05OF014,1976-07-28,0.0,
05OF014,1976-08-28,0.0,
05OF014,1976-09-28,0.0,
05OF014,1976-10-28,0.0,
05OF014,1977-03-28,0.0,B
05OF014,1977-04-28,0.0010000000474974513,
05OF014,1977-05-28,0.023000000044703484,
05OF014,1977-06-28,0.0020000000949949026,
05OF014,1977-07-28,0.004000000189989805,
05OF014,1977-08-28,0.0,
05OF014,1977-09-28,0.9800000190734864,
05OF014,1977-10-28,0.0020000000949949026,
05OF014,1978-03-28,0.0,B
05OF014,1978-04-28,1.6699999570846558,
05OF014,1978-05-28,0.3910000026226044,
05OF014,1978-06-28,0.0,
05OF014,1978-07-28,0.017999999225139618,
05OF014,1978-08-28,0.0,
05OF014,1978-09-28,0.0,
05OF014,1978-10-28,0.0,
05OF014,1979-03-28,0.0,B
05OF014,1979-04-28,,
05OF014,1979-06-28,0.5809999704360962,
05OF014,1979-07-28,0.1879999935626984,
05OF014,1979-08-28,0.006000000052154064,
05OF014,1979-09-28,0.0,
05OF014,1979-10-28,0.0,
05OF014,1980-03-28,0.0,B
05OF014,1980-04-28,0.09700000286102296,
05OF014,1980-05-28,0.0,
05OF014,1980-06-28,0.0,
05OF014,1980-07-28,0.0,
05OF014,1980-08-28,0.0,
05OF014,1980-09-28,0.0,
05OF014,1980-10-28,0.0,
05OF014,1981-03-28,0.4050000011920929,
05OF014,1981-04-28,0.0,
05OF014,1981-05-28,0.2140000015497208,
05OF014,1981-06-28,0.09000000357627869,
05OF014,1981-07-28,0.0,
05OF014,1981-08-28,0.009999999776482582,
05OF014,1981-09-28,0.0,
05OF014,1981-10-28,0.0,
05OF014,1982-03-28,0.0,B
05OF014,1982-04-28,0.10899999737739564,
05OF014,1982-05-28,0.0,
05OF014,1982-06-28,0.003000000026077032,
05OF014,1982-07-28,0.0,
05OF014,1982-08-28,0.0,
05OF014,1982-09-28,0.0,
05OF014,1982-10-28,0.0,E
05OF014,1983-03-28,0.10000000149011612,B
05OF014,1983-04-28,0.3869999945163727,E
05OF014,1983-05-28,0.04600000008940697,
05OF014,1983-06-28,0.0,
05OF014,1983-07-28,0.0,
05OF014,1983-08-28,0.0,
05OF014,1983-09-28,0.0,
05OF014,1983-10-28,0.0,
05OF014,1984-03-28,1.0,B
05OF014,1984-04-28,0.054999999701976776,E
05OF014,1984-05-28,0.010999999940395355,
05OF014,1984-06-28,0.20600000023841855,
05OF014,1984-07-28,0.0,
05OF014,1984-08-28,0.0,
05OF014,1984-09-28,0.0,
05OF014,1984-10-28,0.0,
05OF014,1985-03-28,4.25,E
05OF014,1985-04-28,0.08900000154972076,
05OF014,1985-05-28,0.020999999716877937,
05OF014,1985-06-28,0.0,
05OF014,1985-07-28,0.0,
05OF014,1985-08-28,0.8309999704360962,
05OF014,1985-09-28,0.1899999976158142,
05OF014,1985-10-28,0.3540000021457672,
05OF014,1986-03-28,35.20000076293945,B
05OF014,1986-04-28,2.200000047683716,
05OF014,1986-05-28,0.7540000081062317,
05OF014,1986-06-28,0.07599999755620956,
05OF014,1986-07-28,0.0,
05OF014,1986-08-28,0.0,E
05OF014,1986-09-28,0.0,E
05OF014,1986-10-28,0.0,
05OF014,1987-03-28,0.0,B
05OF014,1987-04-28,0.119999997317791,
05OF014,1987-05-28,0.008999999612569809,
05OF014,1987-06-28,0.0,
05OF014,1987-07-28,0.0,
05OF014,1987-08-28,0.0,
05OF014,1987-09-28,0.0,
05OF014,1987-10-28,0.0,
05OF014,1988-03-28,0.054999999701976776,B
05OF014,1988-04-28,0.020999999716877937,
05OF014,1988-05-28,0.0,
05OF014,1988-06-28,0.0,
05OF014,1988-07-28,0.0,
05OF014,1988-08-28,0.0,
05OF014,1988-09-28,0.0,
05OF014,1988-10-28,0.0,
05OF014,1989-03-28,0.0,B
05OF014,1989-04-28,0.6740000247955322,
05OF014,1989-05-28,0.014999999664723871,A
05OF014,1989-06-28,0.0,
05OF014,1989-07-28,0.0,
05OF014,1989-08-28,0.0,
05OF014,1989-09-28,0.0,
05OF014,1989-10-28,0.0,
05OF014,1990-03-28,0.023000000044703484,B
05OF014,1990-04-28,0.17499999701976776,
05OF014,1990-05-28,0.07500000298023224,
05OF014,1990-06-28,0.8569999933242798,
05OF014,1990-07-28,0.04399999976158142,
05OF014,1990-08-28,0.0,
05OF014,1990-09-28,0.0,
05OF014,1990-10-28,0.0,
05OF014,1991-03-28,0.07000000029802322,B
05OF014,1991-04-28,0.010999999940395355,
05OF014,1991-05-28,0.009999999776482582,
05OF014,1991-06-28,6.400000095367432,
05OF014,1991-07-28,0.22599999606609344,
05OF014,1991-08-28,0.008999999612569809,E
05OF014,1991-09-28,0.0,
05OF014,1991-10-28,0.01899999938905239,
05OF014,1992-03-28,9.720000267028809,B
05OF014,1992-04-28,1.0399999618530271,
05OF014,1992-05-28,0.004000000189989805,
05OF014,1992-06-28,1.2200000286102295,
05OF014,1992-07-28,0.09000000357627869,
05OF014,1992-08-28,0.0,
05OF014,1992-09-28,0.0,
05OF014,1992-10-28,0.0,
05OF014,1993-03-28,6.289999961853027,B
05OF014,1993-04-28,0.17399999499320984,
05OF014,1993-05-28,0.20900000631809235,
05OF014,1993-06-28,0.36899998784065247,
05OF014,1993-07-28,35.400001525878906,
05OF014,1993-08-28,0.6909999847412109,
05OF014,1993-09-28,0.10599999874830246,
05OF014,1993-10-28,0.05700000002980232,E
05OF014,1994-03-28,2.259999990463257,B
05OF014,1994-04-28,0.7160000205039978,
05OF014,1994-05-28,0.4519999921321869,
05OF014,1994-06-28,0.023000000044703484,
05OF014,1994-07-28,0.20399999618530276,
05OF014,1994-08-28,0.0,
05OF014,1994-09-28,0.0,
05OF014,1994-10-28,2.9200000762939453,
05OF014,1995-03-28,20.5,B
05OF014,1995-04-28,3.5299999713897705,
05OF014,1995-05-28,2.9800000190734863,
05OF014,1995-06-28,0.06400000303983688,
05OF014,1995-07-28,0.0,
05OF014,1995-08-28,0.3779999911785126,
05OF014,1995-09-28,0.0,
05OF014,1995-10-28,0.008999999612569809,
05OF014,1996-03-28,0.0,B
05OF014,1996-04-28,5.989999771118164,
05OF014,1996-05-28,1.909999966621399,
05OF014,1996-06-28,0.17800000309944153,
05OF014,1996-07-28,0.07900000363588333,
05OF014,1996-08-28,0.17499999701976776,
05OF014,1996-09-28,0.04399999976158142,
05OF014,1996-10-28,0.0,
05OF014,1997-03-28,0.0,B
05OF014,1997-04-28,,
05OF014,1997-05-28,2.9200000762939453,
05OF014,1997-06-28,0.05000000074505806,
05OF014,1997-07-28,0.10300000011920928,
05OF014,1997-08-28,0.0,
05OF014,1997-09-28,0.0,
05OF014,1997-10-28,0.0,
05OF014,1998-03-28,71.9000015258789,B
05OF014,1998-04-28,1.950000047683716,
05OF014,1998-05-28,0.04500000178813934,
05OF014,1998-06-28,0.4589999914169312,
05OF014,1998-07-28,0.01600000075995922,
05OF014,1998-08-28,0.0,
05OF014,1998-09-28,0.0,
05OF014,1998-10-28,0.0,A
05OF014,1999-03-28,9.899999618530272,B
05OF014,1999-04-28,0.453000009059906,
05OF014,1999-05-28,1.5800000429153442,
05OF014,1999-06-28,0.5460000038146973,
05OF014,1999-07-28,0.08100000023841858,
05OF014,1999-08-28,0.0,
05OF014,1999-09-28,0.0,
05OF014,1999-10-28,0.0,
05OF014,2000-03-28,0.20100000500679016,
05OF014,2000-04-28,0.0,
05OF014,2000-05-28,0.0,
05OF014,2000-06-28,0.006000000052154064,
05OF014,2000-07-28,0.0,
05OF014,2000-08-28,0.07999999821186066,
05OF014,2000-09-28,0.0,
05OF014,2000-10-28,0.0,
05OF014,2001-03-28,0.04500000178813934,B
05OF014,2001-04-28,1.75,
05OF014,2001-05-28,1.090000033378601,
05OF014,2001-06-28,0.5950000286102295,
05OF014,2001-07-28,4.579999923706055,
05OF014,2001-08-28,0.009999999776482582,
05OF014,2001-09-28,0.0020000000949949026,
05OF014,2001-10-28,0.0010000000474974513,
05OF014,2002-03-28,0.0,B
05OF014,2002-04-28,0.15399999916553497,
05OF014,2002-05-28,0.004999999888241291,
05OF014,2002-06-28,0.9649999737739564,
05OF014,2002-07-28,0.0,
05OF014,2002-08-28,0.05299999937415123,
05OF014,2002-09-28,0.08399999886751175,
05OF014,2002-10-28,0.00800000037997961,B
05OF014,2003-03-28,3.470000028610229,B
05OF014,2003-04-28,0.4860000014305115,
05OF014,2003-05-28,0.10100000351667404,
05OF014,2003-06-28,0.2669999897480011,
05OF014,2003-07-28,0.004999999888241291,
05OF014,2003-08-28,0.0,
05OF014,2003-09-28,0.0,
05OF014,2003-10-28,0.0,
05OF014,2004-03-28,54.400001525878906,B
05OF014,2004-04-28,0.16500000655651093,
05OF014,2004-05-28,0.9509999752044678,
05OF014,2004-06-28,0.675000011920929,
05OF014,2004-07-28,0.21299999952316284,
05OF014,2004-08-28,0.24799999594688416,
05OF014,2004-09-28,0.6830000281333923,
05OF014,2004-10-28,0.1420000046491623,
05OF014,2005-03-28,0.0,B
05OF014,2005-04-28,0.35100001096725464,A
05OF014,2005-05-28,2.390000104904175,A
05OF014,2005-06-28,14.100000381469728,A
05OF014,2005-07-28,0.40400001406669617,
05OF014,2005-08-28,0.15000000596046448,
05OF014,2005-09-28,0.019999999552965164,
05OF014,2005-10-28,0.1899999976158142,
05OF014,2006-03-28,0.05900000035762787,B
05OF014,2006-04-28,8.100000381469727,
05OF014,2006-05-28,0.1340000033378601,
05OF014,2006-06-28,0.0860000029206276,
05OF014,2006-07-28,0.0,
05OF014,2006-08-28,0.0,
05OF014,2006-09-28,0.0,
05OF014,2006-10-28,0.0,
05OF014,2007-03-28,36.20000076293945,B
05OF014,2007-04-28,0.09200000017881392,
05OF014,2007-05-28,4.409999847412109,
05OF014,2007-06-28,48.09999847412109,
05OF014,2007-07-28,0.3109999895095825,
05OF014,2007-08-28,0.1459999978542328,A
05OF014,2007-09-28,0.012000000104308128,
05OF014,2007-10-28,0.019999999552965164,
05OF014,2008-03-28,0.0,B
05OF014,2008-04-28,0.15000000596046448,
05OF014,2008-05-28,0.04899999871850014,
05OF014,2008-06-28,0.2870000004768372,
05OF014,2008-07-28,0.003000000026077032,
05OF014,2008-08-28,0.0,
05OF014,2008-09-28,0.3650000095367432,
05OF014,2008-10-28,0.164000004529953,
05OF014,2009-03-28,8.270000457763672,B
05OF014,2009-04-28,,
05OF014,2009-05-28,3.490000009536743,
05OF014,2009-06-28,4.300000190734863,
05OF014,2009-07-28,0.0689999982714653,
05OF014,2009-08-28,0.024000000208616257,
05OF014,2009-09-28,0.014000000432133676,
05OF014,2009-10-28,0.0020000000949949026,
05OF014,2010-03-28,5.440000057220459,B
05OF014,2010-04-28,0.05000000074505806,
05OF014,2010-05-28,6.510000228881836,
05OF014,2010-06-28,0.7770000100135803,
05OF014,2010-07-28,0.1550000011920929,
05OF014,2010-08-28,0.0020000000949949026,
05OF014,2010-09-28,7.949999809265137,
05OF014,2010-10-28,33.79999923706055,
05OF014,2011-03-28,0.8169999718666077,B
05OF014,2011-04-28,,
05OF014,2011-05-28,5.099999904632568,
05OF014,2011-06-28,5.659999847412109,
05OF014,2011-07-28,0.1430000066757202,
05OF014,2011-08-28,0.0020000000949949026,
05OF014,2011-09-28,0.01600000075995922,
05OF014,2011-10-28,0.004000000189989805,
05OF014,2012-03-28,0.22200000286102292,
05OF014,2012-04-28,0.03400000184774399,
05OF014,2012-05-28,0.05299999937415123,
05OF014,2012-06-28,0.052000001072883606,
05OF014,2012-07-28,0.0,
05OF014,2012-08-28,0.0,
05OF014,2012-09-28,0.0,
05OF014,2012-10-28,0.0,
05OF014,2013-03-28,0.0,B
05OF014,2013-04-28,35.900001525878906,B
05OF014,2013-05-28,2.4100000858306885,
05OF014,2013-06-28,1.690000057220459,
05OF014,2013-07-28,0.3089999854564667,
05OF014,2013-08-28,0.026000000536441803,
05OF014,2013-09-28,0.04600000008940697,
05OF014,2013-10-28,0.00800000037997961,
05OF014,2014-03-28,0.0,B
05OF014,2014-04-28,1.2100000381469729,
05OF014,2014-05-28,0.4390000104904175,
05OF014,2014-06-28,0.968999981880188,
05OF014,2014-07-28,0.01899999938905239,
05OF014,2014-08-28,0.0010000000474974513,
05OF014,2014-09-28,0.0,
05OF014,2014-10-28,0.009999999776482582,
05OF014,2015-03-28,0.32100000977516174,B
05OF014,2015-04-28,0.1469999998807907,A
05OF014,2015-05-28,0.08100000023841858,
05OF014,2015-06-28,0.10000000149011612,A
05OF014,2015-07-28,0.10899999737739564,
05OF014,2015-08-28,0.0010000000474974513,
05OF014,2015-09-28,0.0010000000474974513,
05OF014,2015-10-28,0.00800000037997961,
05OF014,2016-03-28,0.847000002861023,B
05OF014,2016-04-28,0.328000009059906,
05OF014,2016-05-28,0.0020000000949949026,
05OF014,2016-06-28,0.656000018119812,
05OF014,2016-07-28,0.6140000224113464,
05OF014,2016-08-28,0.0010000000474974513,A
05OF014,2016-09-28,0.02199999988079071,
05OF014,2016-10-28,0.0010000000474974513,
05OF014,2017-03-28,68.4000015258789,B
05OF014,2017-04-28,0.5090000033378601,
05OF014,2017-05-28,0.2140000015497208,
05OF014,2017-06-28,0.3100000023841858,
05OF014,2017-07-28,0.0010000000474974513,
05OF014,2017-08-28,0.0,
05OF014,2017-09-28,0.0,
05OF014,2017-10-28,0.0,
05OF014,2018-03-28,,
05OF014,2018-04-28,,
05OF014,2018-06-28,0.0,
05OF014,2018-07-28,0.0,
05OF014,2018-08-28,0.0,
05OF014,2018-09-28,0.0,
05OF014,2018-10-28,0.0,
05OF014,2019-03-28,0.027000000700354576,B
05OF014,2019-04-28,,
05OF014,2019-05-28,0.03500000014901161,
05OF014,2019-06-28,0.0,
05OF014,2019-07-28,0.0,
05OF014,2019-08-28,0.0,
05OF014,2019-09-28,0.22699999809265137,
05OF014,2019-10-28,2.319999933242798,E
05OF014,2019-11-28,,
05OF014,2020-03-28,13.5,B
05OF014,2020-04-28,,
05OF014,2020-05-28,0.003000000026077032,
05OF014,2020-06-28,0.0,
05OF014,2020-07-28,0.0,
05OF014,2020-08-28,0.0,
05OF014,2020-09-28,0.0,
05OF014,2020-10-28,0.0,
05OF014,2021-02-28,0.0,B
05OF014,2021-03-28,0.10999999940395357,
05OF014,2021-04-28,0.3019999861717224,
05OF014,2021-05-28,0.057999998331069946,
05OF014,2021-06-28,0.0,
05OF014,2021-07-28,0.0,
05OF014,2021-08-28,0.0,
05OF014,2021-09-28,0.0,
05OF014,2021-10-28,0.0,
05OF014,2022-03-28,0.0,B
05OF014,2022-04-28,61.79999923706055,
05OF014,2022-05-28,,
05OF014,2022-06-28,1.5299999713897705,
05OF014,2022-07-28,0.4269999861717224,A
05OF014,2022-08-28,0.0,
05OF014,2022-09-28,0.0,
05OF014,2022-10-28,0.0,
05OF014,2023-02-28,0.0,B
05OF014,2023-03-28,0.0010000000474974513,B
05OF014,2023-04-28,,
05OF014,2023-05-28,0.6489999890327454,
05OF014,2023-06-28,0.8489999771118164,
05OF014,2023-07-28,0.0020000000949949026,
05OF014,2023-08-28,0.0,
05OF014,2023-09-28,0.0,
05OF014,2023-10-28,0.0,
05OF014,2024-03-28,0.4490000009536743,B
05OF014,2024-04-28,0.9179999828338624,
05OF014,2024-05-28,3.3399999141693115,
05OF014,2024-06-28,2.299999952316284,E
05OF014,2024-07-28,0.11500000208616255,E
05OF014,2024-08-28,0.210999995470047,
05OF014,2024-09-28,0.4189999997615814,
05OF014,2024-10-28,0.08399999886751175,
05OF014,1960-03-29,0.7730000019073486,B
05OF014,1960-04-29,3.109999895095825,
05OF014,1960-05-29,0.08500000089406967,
05OF014,1960-06-29,0.3680000007152557,
05OF014,1960-07-29,0.0,
05OF014,1960-08-29,0.0,
05OF014,1960-09-29,0.0,
05OF014,1960-10-29,0.0,
05OF014,1961-03-29,6.260000228881836,B
05OF014,1961-04-29,0.090999998152256,
05OF014,1961-05-29,0.0,
05OF014,1961-06-29,0.0,
05OF014,1961-07-29,0.0,
05OF014,1961-08-29,0.0,
05OF014,1961-09-29,0.0,
05OF014,1961-10-29,0.0,
05OF014,1962-03-29,0.0,
05OF014,1962-04-29,1.899999976158142,E
05OF014,1962-05-29,0.5490000247955322,
05OF014,1962-06-29,0.06199999898672104,
05OF014,1962-07-29,0.30000001192092896,
05OF014,1962-08-29,0.0,
05OF014,1962-09-29,0.0,
05OF014,1962-10-29,0.0,
05OF014,1963-03-29,0.8640000224113464,B
05OF014,1963-04-29,0.014000000432133676,E
05OF014,1963-05-29,0.0,
05OF014,1963-06-29,0.0820000022649765,
05OF014,1963-07-29,0.05099999904632568,E
05OF014,1963-08-29,0.0,
05OF014,1963-09-29,0.0,
05OF014,1963-10-29,0.0,
05OF014,1964-03-29,0.0,B
05OF014,1964-04-29,0.1899999976158142,E
05OF014,1964-05-29,0.010999999940395355,
05OF014,1964-06-29,0.10499999672174454,
05OF014,1964-07-29,0.0,
05OF014,1964-08-29,0.289000004529953,E
05OF014,1964-09-29,0.07900000363588333,E
05OF014,1964-10-29,0.014000000432133676,E
05OF014,1965-03-29,0.0,B
05OF014,1965-04-29,1.919999957084656,
05OF014,1965-05-29,0.5070000290870667,
05OF014,1965-06-29,0.17000000178813934,E
05OF014,1965-07-29,0.014000000432133676,
05OF014,1965-08-29,0.0,
05OF014,1965-09-29,0.0,
05OF014,1965-10-29,0.0,
05OF014,1966-03-29,27.0,B
05OF014,1966-04-29,0.0,
05OF014,1966-05-29,0.0,
05OF014,1966-06-29,0.0,
05OF014,1966-07-29,0.0,
05OF014,1966-08-29,0.0,
05OF014,1966-09-29,0.0,
05OF014,1966-10-29,0.0,
05OF014,1967-03-29,0.0,B
05OF014,1967-04-29,2.289999961853028,
05OF014,1967-05-29,0.4639999866485596,
05OF014,1967-06-29,0.06199999898672104,
05OF014,1967-07-29,0.0,
05OF014,1967-08-29,0.0,
05OF014,1967-09-29,0.0,
05OF014,1967-10-29,0.0,
05OF014,1968-03-29,8.75,B
05OF014,1968-04-29,0.164000004529953,
05OF014,1968-05-29,0.1899999976158142,
05OF014,1968-06-29,0.0,E
05OF014,1968-07-29,0.090999998152256,E
05OF014,1968-08-29,6.460000038146973,
05OF014,1968-09-29,0.43299999833107,E
05OF014,1968-10-29,0.3479999899864197,
05OF014,1969-03-29,0.0,B
05OF014,1969-04-29,0.1420000046491623,
05OF014,1969-05-29,0.3959999978542328,E
05OF014,1969-06-29,4.360000133514404,
05OF014,1969-07-29,0.4449999928474426,
05OF014,1969-08-29,0.04800000041723251,
05OF014,1969-09-29,0.014000000432133676,
05OF014,1969-10-29,0.05900000035762787,E
05OF014,1970-03-29,0.0,B
05OF014,1970-04-29,44.5,
05OF014,1970-05-29,2.5299999713897705,
05OF014,1970-06-29,0.843999981880188,
05OF014,1970-07-29,0.26899999380111694,
05OF014,1970-08-29,0.0,
05OF014,1970-09-29,0.03700000047683716,
05OF014,1970-10-29,0.014000000432133676,
05OF014,1971-03-29,0.0,B
05OF014,1971-04-29,0.722000002861023,E
05OF014,1971-05-29,0.24899999797344208,
05OF014,1971-06-29,0.35100001096725464,
05OF014,1971-07-29,0.0,
05OF014,1971-08-29,0.0,
05OF014,1971-09-29,0.0,
05OF014,1971-10-29,0.16099999845027924,
05OF014,1972-03-29,2.549999952316284,B
05OF014,1972-04-29,1.9299999475479128,
05OF014,1972-05-29,0.49799999594688416,E
05OF014,1972-06-29,0.00800000037997961,
05OF014,1972-07-29,0.3030000030994416,
05OF014,1972-08-29,0.1979999989271164,
05OF014,1972-09-29,0.05900000035762787,
05OF014,1972-10-29,0.04500000178813934,
05OF014,1973-03-29,0.6510000228881836,B
05OF014,1973-04-29,0.023000000044703484,
05OF014,1973-05-29,0.0,
05OF014,1973-06-29,0.017999999225139618,
05OF014,1973-07-29,0.003000000026077032,
05OF014,1973-08-29,0.0,E
05OF014,1973-09-29,0.010999999940395355,
05OF014,1973-10-29,0.00800000037997961,E
05OF014,1974-03-29,0.0,B
05OF014,1974-04-29,3.430000066757202,
05OF014,1974-05-29,2.799999952316284,
05OF014,1974-06-29,0.3540000021457672,
05OF014,1974-07-29,0.027000000700354576,
05OF014,1974-08-29,0.007000000216066837,
05OF014,1974-09-29,0.0,
05OF014,1974-10-29,0.0,
05OF014,1975-03-29,0.0,B
05OF014,1975-04-29,6.769999980926514,
05OF014,1975-05-29,0.09300000220537186,
05OF014,1975-06-29,0.7760000228881836,
05OF014,1975-07-29,0.0,
05OF014,1975-08-29,0.0,
05OF014,1975-09-29,0.0,
05OF014,1975-10-29,0.0,
05OF014,1976-03-29,0.0,B
05OF014,1976-04-29,0.7139999866485596,
05OF014,1976-05-29,0.06199999898672104,
05OF014,1976-06-29,0.026000000536441803,
05OF014,1976-07-29,0.0,
05OF014,1976-08-29,0.0,
05OF014,1976-09-29,0.0,
05OF014,1976-10-29,0.0,
05OF014,1977-03-29,0.0,B
05OF014,1977-04-29,0.0010000000474974513,
05OF014,1977-05-29,0.05400000140070915,
05OF014,1977-06-29,0.0020000000949949026,
05OF014,1977-07-29,0.003000000026077032,
05OF014,1977-08-29,0.0,
05OF014,1977-09-29,1.950000047683716,
05OF014,1977-10-29,0.006000000052154064,
05OF014,1978-03-29,0.0,B
05OF014,1978-04-29,1.5399999618530271,
05OF014,1978-05-29,0.22699999809265137,
05OF014,1978-06-29,0.0,
05OF014,1978-07-29,0.10199999809265135,
05OF014,1978-08-29,0.0,
05OF014,1978-09-29,0.0,
05OF014,1978-10-29,0.0,
05OF014,1979-03-29,0.0,B
05OF014,1979-04-29,,
05OF014,1979-06-29,0.4580000042915344,
05OF014,1979-07-29,0.1860000044107437,
05OF014,1979-08-29,0.004000000189989805,
05OF014,1979-09-29,0.0,
05OF014,1979-10-29,0.0,
05OF014,1980-03-29,0.0,B
05OF014,1980-04-29,0.08299999684095383,
05OF014,1980-05-29,0.0,
05OF014,1980-06-29,0.0,
05OF014,1980-07-29,0.0,
05OF014,1980-08-29,0.0,
05OF014,1980-09-29,0.0,
05OF014,1980-10-29,0.0,
05OF014,1981-03-29,0.36000001430511475,
05OF014,1981-04-29,0.0,
05OF014,1981-05-29,0.15700000524520874,
05OF014,1981-06-29,0.08299999684095383,
05OF014,1981-07-29,0.0,
05OF014,1981-08-29,0.004999999888241291,
05OF014,1981-09-29,0.0,
05OF014,1981-10-29,0.0,
05OF014,1982-03-29,0.8769999742507935,B
05OF014,1982-04-29,0.11100000143051147,
05OF014,1982-05-29,0.0,
05OF014,1982-06-29,0.0020000000949949026,
05OF014,1982-07-29,0.0,
05OF014,1982-08-29,0.0,
05OF014,1982-09-29,0.0,
05OF014,1982-10-29,0.0,E
05OF014,1983-03-29,0.4970000088214874,B
05OF014,1983-04-29,0.34200000762939453,E
05OF014,1983-05-29,0.03999999910593033,
05OF014,1983-06-29,0.0,
05OF014,1983-07-29,0.0,
05OF014,1983-08-29,0.0,
05OF014,1983-09-29,0.0,
05OF014,1983-10-29,0.0,
05OF014,1984-03-29,1.830000042915344,B
05OF014,1984-04-29,0.1979999989271164,E
05OF014,1984-05-29,0.0020000000949949026,
05OF014,1984-06-29,0.1340000033378601,
05OF014,1984-07-29,0.0,
05OF014,1984-08-29,0.0,
05OF014,1984-09-29,0.0,
05OF014,1984-10-29,0.0,B
05OF014,1985-03-29,3.1700000762939453,E
05OF014,1985-04-29,0.04600000008940697,
05OF014,1985-05-29,0.01899999938905239,
05OF014,1985-06-29,0.0,
05OF014,1985-07-29,0.0,
05OF014,1985-08-29,0.7350000143051147,
05OF014,1985-09-29,0.1770000010728836,
05OF014,1985-10-29,0.5199999809265137,
05OF014,1986-03-29,36.59999847412109,B
05OF014,1986-04-29,3.740000009536743,
05OF014,1986-05-29,0.6110000014305115,
05OF014,1986-06-29,0.0010000000474974513,
05OF014,1986-07-29,0.0,
05OF014,1986-08-29,0.0,E
05OF014,1986-09-29,0.0,E
05OF014,1986-10-29,0.0,
05OF014,1987-03-29,0.0,B
05OF014,1987-04-29,0.09600000083446504,
05OF014,1987-05-29,0.03599999845027924,
05OF014,1987-06-29,0.0,
05OF014,1987-07-29,0.0,
05OF014,1987-08-29,0.0,
05OF014,1987-09-29,0.0,
05OF014,1987-10-29,0.0,
05OF014,1988-03-29,0.05000000074505806,B
05OF014,1988-04-29,0.01899999938905239,
05OF014,1988-05-29,0.0,
05OF014,1988-06-29,0.0,
05OF014,1988-07-29,0.0,
05OF014,1988-08-29,0.0,
05OF014,1988-09-29,0.0,
05OF014,1988-10-29,0.0,
05OF014,1989-03-29,0.0,B
05OF014,1989-04-29,0.5920000076293945,
05OF014,1989-05-29,0.012000000104308128,A
05OF014,1989-06-29,0.0,
05OF014,1989-07-29,0.0,
05OF014,1989-08-29,0.0,
05OF014,1989-09-29,0.0,
05OF014,1989-10-29,0.0,
05OF014,1990-03-29,0.0560000017285347,B
05OF014,1990-04-29,0.15000000596046448,
05OF014,1990-05-29,0.05099999904632568,
05OF014,1990-06-29,0.5950000286102295,
05OF014,1990-07-29,0.014999999664723871,
05OF014,1990-08-29,0.0,
05OF014,1990-09-29,0.0,
05OF014,1990-10-29,0.0,
05OF014,1991-03-29,0.03999999910593033,B
05OF014,1991-04-29,0.008999999612569809,
05OF014,1991-05-29,0.008999999612569809,
05OF014,1991-06-29,5.630000114440918,
05OF014,1991-07-29,0.17599999904632568,
05OF014,1991-08-29,0.00800000037997961,E
05OF014,1991-09-29,0.0,
05OF014,1991-10-29,0.024000000208616257,B
05OF014,1992-03-29,17.0,B
05OF014,1992-04-29,0.7250000238418579,
05OF014,1992-05-29,0.0,
05OF014,1992-06-29,0.7120000123977661,
05OF014,1992-07-29,0.05999999865889549,
05OF014,1992-08-29,0.0,
05OF014,1992-09-29,0.0,
05OF014,1992-10-29,0.0,
05OF014,1993-03-29,18.200000762939453,B
05OF014,1993-04-29,0.15000000596046448,
05OF014,1993-05-29,0.17399999499320984,
05OF014,1993-06-29,0.3569999933242798,
05OF014,1993-07-29,25.100000381469727,
05OF014,1993-08-29,0.7179999947547913,
05OF014,1993-09-29,0.12200000137090684,
05OF014,1993-10-29,0.04699999839067459,B
05OF014,1994-03-29,1.870000004768372,B
05OF014,1994-04-29,0.7110000252723694,
05OF014,1994-05-29,0.47699999809265137,
05OF014,1994-06-29,0.017000000923871994,
05OF014,1994-07-29,0.2189999967813492,
05OF014,1994-08-29,0.0,
05OF014,1994-09-29,0.0,
05OF014,1994-10-29,2.5199999809265137,
05OF014,1995-03-29,17.600000381469727,B
05OF014,1995-04-29,3.4600000381469727,
05OF014,1995-05-29,2.759999990463257,
05OF014,1995-06-29,0.04699999839067459,
05OF014,1995-07-29,0.0,
05OF014,1995-08-29,0.27399998903274536,
05OF014,1995-09-29,0.0,
05OF014,1995-10-29,0.009999999776482582,
05OF014,1996-03-29,0.0,B
05OF014,1996-04-29,3.119999885559082,
05OF014,1996-05-29,1.7599999904632568,
05OF014,1996-06-29,0.1679999977350235,
05OF014,1996-07-29,0.16099999845027924,
05OF014,1996-08-29,0.1469999998807907,
05OF014,1996-09-29,0.04899999871850014,
05OF014,1996-10-29,0.0,A
05OF014,1997-03-29,0.0,B
05OF014,1997-04-29,,
05OF014,1997-05-29,0.9819999933242798,
05OF014,1997-06-29,0.057999998331069946,
05OF014,1997-07-29,0.0989999994635582,
05OF014,1997-08-29,0.0,
05OF014,1997-09-29,0.0,
05OF014,1997-10-29,0.0,B
05OF014,1998-03-29,79.19999694824219,B
05OF014,1998-04-29,2.3499999046325684,
05OF014,1998-05-29,0.039000000804662704,
05OF014,1998-06-29,0.2540000081062317,
05OF014,1998-07-29,0.007000000216066837,
05OF014,1998-08-29,0.0,
05OF014,1998-09-29,0.0,
05OF014,1998-10-29,0.0,E
05OF014,1999-03-29,8.239999771118164,B
05OF014,1999-04-29,0.4900000095367432,
05OF014,1999-05-29,1.350000023841858,
05OF014,1999-06-29,0.29100000858306885,
05OF014,1999-07-29,0.05299999937415123,
05OF014,1999-08-29,0.0,
05OF014,1999-09-29,0.0,
05OF014,1999-10-29,0.0,
05OF014,2000-03-29,0.1879999935626984,
05OF014,2000-04-29,0.0,
05OF014,2000-05-29,0.0,
05OF014,2000-06-29,0.004999999888241291,
05OF014,2000-07-29,0.0,
05OF014,2000-08-29,0.1679999977350235,
05OF014,2000-09-29,0.0,
05OF014,2000-10-29,0.0,
05OF014,2001-03-29,0.07900000363588333,B
05OF014,2001-04-29,1.649999976158142,
05OF014,2001-05-29,1.0299999713897705,
05OF014,2001-06-29,0.3330000042915344,
05OF014,2001-07-29,4.010000228881836,
05OF014,2001-08-29,0.008999999612569809,
05OF014,2001-09-29,0.0020000000949949026,
05OF014,2001-10-29,0.0010000000474974513,
05OF014,2002-03-29,0.0,B
05OF014,2002-04-29,0.15000000596046448,
05OF014,2002-05-29,0.03999999910593033,
05OF014,2002-06-29,0.9380000233650208,
05OF014,2002-07-29,0.0,
05OF014,2002-08-29,0.05299999937415123,
05OF014,2002-09-29,0.07900000363588333,
05OF014,2002-10-29,0.007000000216066837,B
05OF014,2003-03-29,2.119999885559082,B
05OF014,2003-04-29,0.3310000002384186,
05OF014,2003-05-29,0.07900000363588333,
05OF014,2003-06-29,0.2280000001192093,
05OF014,2003-07-29,0.004000000189989805,
05OF014,2003-08-29,0.0,
05OF014,2003-09-29,0.0,
05OF014,2003-10-29,0.0,A
05OF014,2004-03-29,95.0,B
05OF014,2004-04-29,0.16300000250339508,
05OF014,2004-05-29,1.2000000476837158,
05OF014,2004-06-29,0.777999997138977,
05OF014,2004-07-29,0.17599999904632568,
05OF014,2004-08-29,0.2199999988079071,
05OF014,2004-09-29,0.421999990940094,
05OF014,2004-10-29,0.14000000059604645,
05OF014,2005-03-29,0.0010000000474974513,B
05OF014,2005-04-29,0.32499998807907104,
05OF014,2005-05-29,2.0,A
05OF014,2005-06-29,30.100000381469727,
05OF014,2005-07-29,0.3910000026226044,
05OF014,2005-08-29,0.12700000405311584,
05OF014,2005-09-29,0.027000000700354576,
05OF014,2005-10-29,0.18700000643730164,
05OF014,2006-03-29,0.061000000685453415,B
05OF014,2006-04-29,7.760000228881836,
05OF014,2006-05-29,0.1459999978542328,
05OF014,2006-06-29,0.07599999755620956,
05OF014,2006-07-29,0.0,
05OF014,2006-08-29,0.0,
05OF014,2006-09-29,0.0,
05OF014,2006-10-29,0.0,
05OF014,2007-03-29,24.0,B
05OF014,2007-04-29,0.07699999958276749,
05OF014,2007-05-29,3.7100000381469727,
05OF014,2007-06-29,20.200000762939453,
05OF014,2007-07-29,0.20200000703334808,
05OF014,2007-08-29,0.12700000405311584,A
05OF014,2007-09-29,0.008999999612569809,
05OF014,2007-10-29,0.027000000700354576,
05OF014,2008-03-29,0.0,B
05OF014,2008-04-29,0.13699999451637268,
05OF014,2008-05-29,0.05900000035762787,
05OF014,2008-06-29,0.2179999947547913,
05OF014,2008-07-29,0.0010000000474974513,
05OF014,2008-08-29,0.0,
05OF014,2008-09-29,0.19499999284744263,
05OF014,2008-10-29,0.1589999943971634,
05OF014,2009-03-29,7.730000019073486,B
05OF014,2009-04-29,,
05OF014,2009-05-29,3.4800000190734863,
05OF014,2009-06-29,6.320000171661377,
05OF014,2009-07-29,0.052000001072883606,
05OF014,2009-08-29,0.014000000432133676,
05OF014,2009-09-29,0.003000000026077032,
05OF014,2009-10-29,0.004999999888241291,
05OF014,2010-03-29,5.980000019073486,B
05OF014,2010-04-29,0.10199999809265135,
05OF014,2010-05-29,19.700000762939453,
05OF014,2010-06-29,0.6990000009536743,
05OF014,2010-07-29,0.1509999930858612,
05OF014,2010-08-29,0.0,
05OF014,2010-09-29,5.050000190734863,
05OF014,2010-10-29,34.20000076293945,
05OF014,2011-03-29,0.6439999938011169,B
05OF014,2011-04-29,,
05OF014,2011-05-29,4.659999847412109,
05OF014,2011-06-29,4.449999809265137,
05OF014,2011-07-29,0.1340000033378601,
05OF014,2011-08-29,0.0020000000949949026,
05OF014,2011-09-29,0.04699999839067459,
05OF014,2011-10-29,0.003000000026077032,
05OF014,2012-03-29,0.193000003695488,
05OF014,2012-04-29,0.032999999821186066,
05OF014,2012-05-29,0.05299999937415123,
05OF014,2012-06-29,0.04699999839067459,
05OF014,2012-07-29,0.0,
05OF014,2012-08-29,0.0,
05OF014,2012-09-29,0.0,
05OF014,2012-10-29,0.0,
05OF014,2013-03-29,0.0,B
05OF014,2013-04-29,108.0,B
05OF014,2013-05-29,2.2699999809265137,
05OF014,2013-06-29,1.5099999904632568,
05OF014,2013-07-29,0.257999986410141,
05OF014,2013-08-29,0.03400000184774399,
05OF014,2013-09-29,0.03599999845027924,
05OF014,2013-10-29,0.004999999888241291,
05OF014,2014-03-29,0.0,B
05OF014,2014-04-29,1.4700000286102295,
05OF014,2014-05-29,0.375,
05OF014,2014-06-29,0.8930000066757202,
05OF014,2014-07-29,0.009999999776482582,
05OF014,2014-08-29,0.0,
05OF014,2014-09-29,0.0,
05OF014,2014-10-29,0.007000000216066837,
05OF014,2015-03-29,0.3580000102519989,B
05OF014,2015-04-29,0.17000000178813934,A
05OF014,2015-05-29,0.07000000029802322,
05OF014,2015-06-29,0.08900000154972076,
05OF014,2015-07-29,0.06599999964237213,
05OF014,2015-08-29,0.0010000000474974513,
05OF014,2015-09-29,0.0010000000474974513,
05OF014,2015-10-29,0.006000000052154064,
05OF014,2016-03-29,0.7789999842643738,B
05OF014,2016-04-29,0.3319999873638153,
05OF014,2016-05-29,0.004999999888241291,
05OF014,2016-06-29,0.6959999799728394,
05OF014,2016-07-29,0.47699999809265137,
05OF014,2016-08-29,0.0020000000949949026,
05OF014,2016-09-29,0.02199999988079071,
05OF014,2016-10-29,0.0010000000474974513,
05OF014,2017-03-29,72.0,B
05OF014,2017-04-29,0.4690000116825104,
05OF014,2017-05-29,0.22100000083446503,
05OF014,2017-06-29,0.23199999332427976,
05OF014,2017-07-29,0.04100000113248825,
05OF014,2017-08-29,0.0,
05OF014,2017-09-29,0.0,
05OF014,2017-10-29,0.0,
05OF014,2018-03-29,,
05OF014,2018-04-29,,
05OF014,2018-06-29,0.0,
05OF014,2018-07-29,0.0,
05OF014,2018-08-29,0.0,
05OF014,2018-09-29,0.0,
05OF014,2018-10-29,0.0,
05OF014,2019-03-29,0.06700000166893005,B
05OF014,2019-04-29,,
05OF014,2019-05-29,0.02800000086426735,
05OF014,2019-06-29,0.0,
05OF014,2019-07-29,0.0,
05OF014,2019-08-29,0.0,
05OF014,2019-09-29,0.2440000027418137,
05OF014,2019-10-29,1.9900000095367432,B
05OF014,2019-11-29,,
05OF014,2020-03-29,22.399999618530277,B
05OF014,2020-04-29,,
05OF014,2020-05-29,0.0,
05OF014,2020-06-29,0.0,
05OF014,2020-07-29,0.0,
05OF014,2020-08-29,0.0,
05OF014,2020-09-29,0.0,
05OF014,2020-10-29,0.0,
05OF014,2021-03-29,0.09799999743700027,
05OF014,2021-04-29,0.2949999868869781,
05OF014,2021-05-29,0.057999998331069946,
05OF014,2021-06-29,0.0020000000949949026,
05OF014,2021-07-29,0.0,
05OF014,2021-08-29,0.0,
05OF014,2021-09-29,0.0,
05OF014,2021-10-29,0.0,
05OF014,2022-03-29,0.0,B
05OF014,2022-04-29,43.09999847412109,
05OF014,2022-05-29,,
05OF014,2022-06-29,1.3799999952316284,A
05OF014,2022-07-29,0.4690000116825104,
05OF014,2022-08-29,0.0,
05OF014,2022-09-29,0.0,
05OF014,2022-10-29,0.0,
05OF014,2023-03-29,0.0010000000474974513,B
05OF014,2023-04-29,,
05OF014,2023-05-29,0.6050000190734863,
05OF014,2023-06-29,0.8220000267028809,
05OF014,2023-07-29,0.0010000000474974513,
05OF014,2023-08-29,0.0,
05OF014,2023-09-29,0.0,
05OF014,2023-10-29,0.0,
05OF014,2024-03-29,0.503000020980835,B
05OF014,2024-04-29,0.9639999866485596,
05OF014,2024-05-29,1.6799999475479126,
05OF014,2024-06-29,3.4200000762939453,E
05OF014,2024-07-29,0.09600000083446504,E
05OF014,2024-08-29,0.2419999986886978,
05OF014,2024-09-29,0.34599998593330383,
05OF014,2024-10-29,0.08399999886751175,
05OF014,1960-03-30,0.8830000162124634,B
05OF014,1960-04-30,2.5199999809265137,
05OF014,1960-05-30,0.10199999809265135,
05OF014,1960-06-30,0.3109999895095825,
05OF014,1960-07-30,0.0,
05OF014,1960-08-30,0.00800000037997961,
05OF014,1960-09-30,0.0,
05OF014,1960-10-30,0.0,
05OF014,1961-03-30,3.309999942779541,B
05OF014,1961-04-30,0.03999999910593033,
05OF014,1961-05-30,0.0,
05OF014,1961-06-30,0.0,
05OF014,1961-07-30,0.0,
05OF014,1961-08-30,0.0,
05OF014,1961-09-30,0.0,
05OF014,1961-10-30,0.0,
05OF014,1962-03-30,0.0,
05OF014,1962-04-30,0.9490000009536744,
05OF014,1962-05-30,6.96999979019165,
05OF014,1962-06-30,0.02800000086426735,E
05OF014,1962-07-30,0.1979999989271164,E
05OF014,1962-08-30,0.0,
05OF014,1962-09-30,0.0,
05OF014,1962-10-30,0.0,
05OF014,1963-03-30,0.9120000004768372,B
05OF014,1963-04-30,0.014000000432133676,
05OF014,1963-05-30,0.0,
05OF014,1963-06-30,0.05099999904632568,E
05OF014,1963-07-30,0.02800000086426735,
05OF014,1963-08-30,0.0,
05OF014,1963-09-30,0.0,
05OF014,1963-10-30,0.0,
05OF014,1964-03-30,0.0,B
05OF014,1964-04-30,0.1899999976158142,
05OF014,1964-05-30,0.006000000052154064,
05OF014,1964-06-30,0.07900000363588333,
05OF014,1964-07-30,0.0,
05OF014,1964-08-30,0.289000004529953,E
05OF014,1964-09-30,0.07900000363588333,E
05OF014,1964-10-30,0.014000000432133676,E
05OF014,1965-03-30,0.0,B
05OF014,1965-04-30,1.7799999713897705,
05OF014,1965-05-30,0.4810000061988831,
05OF014,1965-06-30,0.193000003695488,
05OF014,1965-07-30,0.014000000432133676,E
05OF014,1965-08-30,0.0,
05OF014,1965-09-30,0.0,
05OF014,1965-10-30,0.0,
05OF014,1966-03-30,33.70000076293945,B
05OF014,1966-04-30,0.0,
05OF014,1966-05-30,0.0,
05OF014,1966-06-30,0.0,
05OF014,1966-07-30,0.0,
05OF014,1966-08-30,0.0,
05OF014,1966-09-30,0.0,
05OF014,1966-10-30,0.0,
05OF014,1967-03-30,0.0,B
05OF014,1967-04-30,1.0399999618530271,
05OF014,1967-05-30,0.4050000011920929,
05OF014,1967-06-30,0.05400000140070915,
05OF014,1967-07-30,0.0,
05OF014,1967-08-30,0.0,
05OF014,1967-09-30,0.0,
05OF014,1967-10-30,0.0,
05OF014,1968-03-30,6.940000057220459,B
05OF014,1968-04-30,0.14399999380111694,E
05OF014,1968-05-30,0.16099999845027924,
05OF014,1968-06-30,0.0,E
05OF014,1968-07-30,0.04800000041723251,
05OF014,1968-08-30,3.910000085830689,
05OF014,1968-09-30,0.3790000081062317,
05OF014,1968-10-30,0.33399999141693115,
05OF014,1969-03-30,0.0,B
05OF014,1969-04-30,0.0,
05OF014,1969-05-30,0.3400000035762787,
05OF014,1969-06-30,5.179999828338623,
05OF014,1969-07-30,0.421999990940094,
05OF014,1969-08-30,0.03400000184774399,
05OF014,1969-09-30,0.008999999612569809,
05OF014,1969-10-30,0.05900000035762787,E
05OF014,1970-03-30,0.0,B
05OF014,1970-04-30,45.900001525878906,
05OF014,1970-05-30,2.490000009536743,
05OF014,1970-06-30,0.9490000009536744,
05OF014,1970-07-30,0.2409999966621399,
05OF014,1970-08-30,0.0,E
05OF014,1970-09-30,0.04500000178813934,
05OF014,1970-10-30,0.014000000432133676,
05OF014,1971-03-30,0.0,B
05OF014,1971-04-30,0.6800000071525574,
05OF014,1971-05-30,0.2630000114440918,
05OF014,1971-06-30,0.3370000123977661,
05OF014,1971-07-30,0.0,
05OF014,1971-08-30,0.0,
05OF014,1971-09-30,0.0,
05OF014,1971-10-30,0.16699999570846558,
05OF014,1972-03-30,2.549999952316284,B
05OF014,1972-04-30,1.3899999856948853,
05OF014,1972-05-30,0.609000027179718,
05OF014,1972-06-30,0.5379999876022339,
05OF014,1972-07-30,0.3089999854564667,
05OF014,1972-08-30,0.1899999976158142,
05OF014,1972-09-30,0.05099999904632568,
05OF014,1972-10-30,0.05400000140070915,E
05OF014,1973-03-30,0.4050000011920929,B
05OF014,1973-04-30,0.020999999716877937,E
05OF014,1973-05-30,0.0,
05OF014,1973-06-30,0.010999999940395355,
05OF014,1973-07-30,0.0020000000949949026,E
05OF014,1973-08-30,0.0,
05OF014,1973-09-30,0.010999999940395355,
05OF014,1973-10-30,0.006000000052154064,
05OF014,1974-03-30,0.0,B
05OF014,1974-04-30,3.200000047683716,
05OF014,1974-05-30,2.640000104904175,
05OF014,1974-06-30,0.296999990940094,
05OF014,1974-07-30,0.019999999552965164,
05OF014,1974-08-30,0.014000000432133676,
05OF014,1974-09-30,0.0,
05OF014,1974-10-30,0.0,
05OF014,1975-03-30,0.0,B
05OF014,1975-04-30,3.369999885559082,
05OF014,1975-05-30,0.09300000220537186,
05OF014,1975-06-30,3.509999990463257,
05OF014,1975-07-30,0.0,
05OF014,1975-08-30,0.0,
05OF014,1975-09-30,0.0,
05OF014,1975-10-30,0.0,
05OF014,1976-03-30,0.0,B
05OF014,1976-04-30,0.6430000066757202,
05OF014,1976-05-30,0.05400000140070915,
05OF014,1976-06-30,0.0130000002682209,
05OF014,1976-07-30,0.0,
05OF014,1976-08-30,0.0,
05OF014,1976-09-30,0.0,
05OF014,1976-10-30,0.0,
05OF014,1977-03-30,0.0,B
05OF014,1977-04-30,0.0,
05OF014,1977-05-30,0.125,
05OF014,1977-06-30,0.003000000026077032,
05OF014,1977-07-30,0.004999999888241291,
05OF014,1977-08-30,0.0,
05OF014,1977-09-30,1.840000033378601,
05OF014,1977-10-30,0.007000000216066837,
05OF014,1978-03-30,0.0,B
05OF014,1978-04-30,1.399999976158142,A
05OF014,1978-05-30,0.26899999380111694,
05OF014,1978-06-30,0.0,
05OF014,1978-07-30,0.12200000137090684,
05OF014,1978-08-30,0.0,
05OF014,1978-09-30,0.0,
05OF014,1978-10-30,0.0,
05OF014,1979-03-30,0.0,B
05OF014,1979-04-30,,
05OF014,1979-06-30,0.3709999918937683,
05OF014,1979-07-30,0.1720000058412552,
05OF014,1979-08-30,0.0020000000949949026,
05OF014,1979-09-30,0.0,
05OF014,1979-10-30,0.0,
05OF014,1980-03-30,0.0,B
05OF014,1980-04-30,0.07400000095367432,
05OF014,1980-05-30,0.0,
05OF014,1980-06-30,0.0,
05OF014,1980-07-30,0.0,
05OF014,1980-08-30,0.0,
05OF014,1980-09-30,0.0,
05OF014,1980-10-30,0.0,
05OF014,1981-03-30,0.3109999895095825,
05OF014,1981-04-30,0.0,
05OF014,1981-05-30,0.10499999672174454,
05OF014,1981-06-30,0.06400000303983688,
05OF014,1981-07-30,0.0,
05OF014,1981-08-30,0.0020000000949949026,
05OF014,1981-09-30,0.0,
05OF014,1981-10-30,0.0,
05OF014,1982-03-30,3.2699999809265137,B
05OF014,1982-04-30,0.06599999964237213,
05OF014,1982-05-30,0.0,
05OF014,1982-06-30,0.0020000000949949026,
05OF014,1982-07-30,0.0,
05OF014,1982-08-30,0.0,
05OF014,1982-09-30,0.0,
05OF014,1982-10-30,0.0,E
05OF014,1983-03-30,2.5,B
05OF014,1983-04-30,0.3009999990463257,E
05OF014,1983-05-30,0.03999999910593033,
05OF014,1983-06-30,0.0,
05OF014,1983-07-30,0.0,
05OF014,1983-08-30,0.0,
05OF014,1983-09-30,0.0,
05OF014,1983-10-30,0.0,
05OF014,1984-03-30,1.590000033378601,B
05OF014,1984-04-30,0.1710000038146973,E
05OF014,1984-05-30,0.0,
05OF014,1984-06-30,0.0820000022649765,
05OF014,1984-07-30,0.0,
05OF014,1984-08-30,0.0,
05OF014,1984-09-30,0.0,
05OF014,1984-10-30,0.0,B
05OF014,1985-03-30,2.700000047683716,E
05OF014,1985-04-30,0.023000000044703484,
05OF014,1985-05-30,0.02800000086426735,
05OF014,1985-06-30,0.0,
05OF014,1985-07-30,0.0,
05OF014,1985-08-30,0.6439999938011169,
05OF014,1985-09-30,0.1770000010728836,
05OF014,1985-10-30,0.4020000100135803,
05OF014,1986-03-30,30.200000762939453,
05OF014,1986-04-30,4.889999866485596,
05OF014,1986-05-30,0.5120000243186951,
05OF014,1986-06-30,0.0,
05OF014,1986-07-30,0.0,
05OF014,1986-08-30,0.0,E
05OF014,1986-09-30,0.0,A
05OF014,1986-10-30,0.0,
05OF014,1987-03-30,0.0,B
05OF014,1987-04-30,0.1040000021457672,
05OF014,1987-05-30,0.03599999845027924,
05OF014,1987-06-30,0.0,
05OF014,1987-07-30,0.0,
05OF014,1987-08-30,0.0,
05OF014,1987-09-30,0.0,
05OF014,1987-10-30,0.0,
05OF014,1988-03-30,0.05999999865889549,B
05OF014,1988-04-30,0.004999999888241291,
05OF014,1988-05-30,0.0,
05OF014,1988-06-30,0.0,
05OF014,1988-07-30,0.0,
05OF014,1988-08-30,0.0,
05OF014,1988-09-30,0.0,
05OF014,1988-10-30,0.0,
05OF014,1989-03-30,0.0,B
05OF014,1989-04-30,0.4350000023841858,
05OF014,1989-05-30,0.008999999612569809,A
05OF014,1989-06-30,0.0,
05OF014,1989-07-30,0.0,
05OF014,1989-08-30,0.0,
05OF014,1989-09-30,0.0,
05OF014,1989-10-30,0.0,
05OF014,1990-03-30,0.4379999935626984,B
05OF014,1990-04-30,0.10999999940395357,
05OF014,1990-05-30,0.03099999949336052,
05OF014,1990-06-30,0.4320000112056732,
05OF014,1990-07-30,0.004999999888241291,
05OF014,1990-08-30,0.0,
05OF014,1990-09-30,0.0,
05OF014,1990-10-30,0.0,A
05OF014,1991-03-30,0.14100000262260437,B
05OF014,1991-04-30,0.02199999988079071,
05OF014,1991-05-30,0.009999999776482582,
05OF014,1991-06-30,3.859999895095825,
05OF014,1991-07-30,0.15399999916553497,
05OF014,1991-08-30,0.007000000216066837,E
05OF014,1991-09-30,0.0,
05OF014,1991-10-30,0.003000000026077032,B
05OF014,1992-03-30,22.200000762939453,B
05OF014,1992-04-30,0.5529999732971191,
05OF014,1992-05-30,0.0,
05OF014,1992-06-30,0.4490000009536743,
05OF014,1992-07-30,0.03999999910593033,
05OF014,1992-08-30,0.0,
05OF014,1992-09-30,0.0010000000474974513,
05OF014,1992-10-30,0.0,
05OF014,1993-03-30,18.700000762939453,B
05OF014,1993-04-30,0.12200000137090684,
05OF014,1993-05-30,0.1770000010728836,
05OF014,1993-06-30,0.36000001430511475,
05OF014,1993-07-30,22.299999237060547,
05OF014,1993-08-30,1.059999942779541,
05OF014,1993-09-30,0.13899999856948853,
05OF014,1993-10-30,0.03799999877810478,B
05OF014,1994-03-30,1.899999976158142,B
05OF014,1994-04-30,0.6930000185966492,
05OF014,1994-05-30,0.3880000114440918,
05OF014,1994-06-30,0.0020000000949949026,
05OF014,1994-07-30,0.1770000010728836,
05OF014,1994-08-30,0.0,
05OF014,1994-09-30,0.0,
05OF014,1994-10-30,2.0899999141693115,
05OF014,1995-03-30,15.600000381469728,B
05OF014,1995-04-30,3.400000095367432,
05OF014,1995-05-30,2.680000066757202,
05OF014,1995-06-30,0.03400000184774399,
05OF014,1995-07-30,0.0,
05OF014,1995-08-30,0.193000003695488,
05OF014,1995-09-30,0.0010000000474974513,
05OF014,1995-10-30,0.007000000216066837,
05OF014,1996-03-30,0.0,B
05OF014,1996-04-30,1.6699999570846558,
05OF014,1996-05-30,1.590000033378601,
05OF014,1996-06-30,0.15700000524520874,
05OF014,1996-07-30,0.16699999570846558,
05OF014,1996-08-30,0.11400000005960464,
05OF014,1996-09-30,0.028999999165534973,
05OF014,1996-10-30,0.004999999888241291,E
05OF014,1997-03-30,0.0,B
05OF014,1997-04-30,,
05OF014,1997-05-30,0.7749999761581421,
05OF014,1997-06-30,0.05400000140070915,
05OF014,1997-07-30,0.09300000220537186,
05OF014,1997-08-30,0.0,
05OF014,1997-09-30,0.0,
05OF014,1997-10-30,0.0,B
05OF014,1998-03-30,48.79999923706055,A
05OF014,1998-04-30,2.450000047683716,
05OF014,1998-05-30,0.03599999845027924,
05OF014,1998-06-30,0.1430000066757202,
05OF014,1998-07-30,0.004000000189989805,
05OF014,1998-08-30,0.0,
05OF014,1998-09-30,0.0,
05OF014,1998-10-30,0.0,E
05OF014,1999-03-30,9.989999771118164,B
05OF014,1999-04-30,0.47699999809265137,
05OF014,1999-05-30,1.2100000381469729,
05OF014,1999-06-30,0.1809999942779541,
05OF014,1999-07-30,0.03700000047683716,
05OF014,1999-08-30,0.0,
05OF014,1999-09-30,0.0,
05OF014,1999-10-30,0.0,
05OF014,2000-03-30,0.1710000038146973,
05OF014,2000-04-30,0.0,
05OF014,2000-05-30,0.0,
05OF014,2000-06-30,0.00800000037997961,
05OF014,2000-07-30,0.0,
05OF014,2000-08-30,0.12800000607967377,
05OF014,2000-09-30,0.0,
05OF014,2000-10-30,0.0,
05OF014,2001-03-30,0.08500000089406967,B
05OF014,2001-04-30,1.4900000095367432,
05OF014,2001-05-30,0.9900000095367432,
05OF014,2001-06-30,0.19099999964237213,
05OF014,2001-07-30,3.240000009536743,
05OF014,2001-08-30,0.008999999612569809,
05OF014,2001-09-30,0.0020000000949949026,
05OF014,2001-10-30,0.0010000000474974513,
05OF014,2002-03-30,0.0,B
05OF014,2002-04-30,0.11599999666213988,
05OF014,2002-05-30,0.06800000369548798,
05OF014,2002-06-30,0.8989999890327454,
05OF014,2002-07-30,0.0,
05OF014,2002-08-30,0.06199999898672104,
05OF014,2002-09-30,0.07999999821186066,
05OF014,2002-10-30,0.007000000216066837,B
05OF014,2003-03-30,2.9100000858306885,B
05OF014,2003-04-30,0.17800000309944153,
05OF014,2003-05-30,0.2119999974966049,
05OF014,2003-06-30,0.16699999570846558,
05OF014,2003-07-30,0.004000000189989805,
05OF014,2003-08-30,0.0,
05OF014,2003-09-30,0.0,
05OF014,2003-10-30,0.0,
05OF014,2004-03-30,57.0,B
05OF014,2004-04-30,0.1550000011920929,
05OF014,2004-05-30,6.820000171661377,
05OF014,2004-06-30,0.9559999704360962,
05OF014,2004-07-30,0.15299999713897705,
05OF014,2004-08-30,0.2290000021457672,
05OF014,2004-09-30,0.35899999737739563,
05OF014,2004-10-30,0.14900000393390656,
05OF014,2005-03-30,0.009999999776482582,B
05OF014,2005-04-30,0.3230000138282776,
05OF014,2005-05-30,3.259999990463257,A
05OF014,2005-06-30,58.29999923706055,
05OF014,2005-07-30,0.35199999809265137,
05OF014,2005-08-30,0.0820000022649765,
05OF014,2005-09-30,0.03099999949336052,
05OF014,2005-10-30,0.18000000715255737,
05OF014,2006-03-30,0.07999999821186066,B
05OF014,2006-04-30,6.579999923706055,
05OF014,2006-05-30,0.15700000524520874,
05OF014,2006-06-30,0.0689999982714653,
05OF014,2006-07-30,0.0,
05OF014,2006-08-30,0.0,
05OF014,2006-09-30,0.0,
05OF014,2006-10-30,0.0,B
05OF014,2007-03-30,19.5,B
05OF014,2007-04-30,0.06300000101327896,
05OF014,2007-05-30,2.75,
05OF014,2007-06-30,7.550000190734863,
05OF014,2007-07-30,0.1509999930858612,
05OF014,2007-08-30,0.10700000077486038,
05OF014,2007-09-30,0.008999999612569809,
05OF014,2007-10-30,0.07599999755620956,
05OF014,2008-03-30,0.0,B
05OF014,2008-04-30,0.1169999986886978,
05OF014,2008-05-30,0.07400000095367432,
05OF014,2008-06-30,0.17599999904632568,
05OF014,2008-07-30,0.0,
05OF014,2008-08-30,0.0,
05OF014,2008-09-30,0.12099999934434892,
05OF014,2008-10-30,0.15199999511241913,
05OF014,2009-03-30,5.860000133514404,B
05OF014,2009-04-30,,
05OF014,2009-05-30,2.5999999046325684,
05OF014,2009-06-30,3.440000057220459,
05OF014,2009-07-30,0.03700000047683716,
05OF014,2009-08-30,0.007000000216066837,
05OF014,2009-09-30,0.0,
05OF014,2009-10-30,0.009999999776482582,
05OF014,2010-03-30,7.710000038146973,B
05OF014,2010-04-30,0.09799999743700027,
05OF014,2010-05-30,9.229999542236328,
05OF014,2010-06-30,0.6110000014305115,
05OF014,2010-07-30,0.28999999165534973,
05OF014,2010-08-30,1.0,
05OF014,2010-09-30,3.829999923706055,
05OF014,2010-10-30,12.5,
05OF014,2011-03-30,1.5800000429153442,B
05OF014,2011-04-30,,
05OF014,2011-05-30,4.360000133514404,
05OF014,2011-06-30,3.650000095367432,
05OF014,2011-07-30,0.2290000021457672,
05OF014,2011-08-30,0.0010000000474974513,
05OF014,2011-09-30,0.023000000044703484,
05OF014,2011-10-30,0.004000000189989805,
05OF014,2012-03-30,0.19200000166893005,
05OF014,2012-04-30,0.032999999821186066,
05OF014,2012-05-30,0.05299999937415123,
05OF014,2012-06-30,0.04199999943375588,
05OF014,2012-07-30,0.0,
05OF014,2012-08-30,0.0,
05OF014,2012-09-30,0.0,
05OF014,2012-10-30,0.0,
05OF014,2013-03-30,0.0,B
05OF014,2013-04-30,86.19999694824219,B
05OF014,2013-05-30,2.200000047683716,
05OF014,2013-06-30,1.5299999713897705,
05OF014,2013-07-30,0.2460000067949295,
05OF014,2013-08-30,0.03700000047683716,
05OF014,2013-09-30,0.023000000044703484,
05OF014,2013-10-30,0.004000000189989805,B
05OF014,2014-03-30,0.0,B
05OF014,2014-04-30,1.6399999856948853,
05OF014,2014-05-30,0.31200000643730164,
05OF014,2014-06-30,1.0199999809265137,
05OF014,2014-07-30,0.004999999888241291,
05OF014,2014-08-30,0.0,
05OF014,2014-09-30,0.0,
05OF014,2014-10-30,0.004999999888241291,
05OF014,2015-03-30,0.3889999985694885,B
05OF014,2015-04-30,0.18000000715255737,
05OF014,2015-05-30,0.07800000160932541,
05OF014,2015-06-30,0.0729999989271164,
05OF014,2015-07-30,0.03700000047683716,
05OF014,2015-08-30,0.0010000000474974513,
05OF014,2015-09-30,0.0010000000474974513,
05OF014,2015-10-30,0.004999999888241291,
05OF014,2016-03-30,1.25,B
05OF014,2016-04-30,0.24899999797344208,
05OF014,2016-05-30,0.003000000026077032,
05OF014,2016-06-30,0.8360000252723694,
05OF014,2016-07-30,0.3930000066757202,
05OF014,2016-08-30,0.0010000000474974513,A
05OF014,2016-09-30,0.020999999716877937,
05OF014,2016-10-30,0.0010000000474974513,
05OF014,2017-03-30,75.19999694824219,B
05OF014,2017-04-30,0.44699999690055847,
05OF014,2017-05-30,0.2280000001192093,
05OF014,2017-06-30,0.1899999976158142,
05OF014,2017-07-30,0.06599999964237213,
05OF014,2017-08-30,0.0,
05OF014,2017-09-30,0.0,
05OF014,2017-10-30,0.0,
05OF014,2018-03-30,,
05OF014,2018-04-30,,
05OF014,2018-06-30,0.0,
05OF014,2018-07-30,0.0,
05OF014,2018-08-30,0.0,
05OF014,2018-09-30,0.0,
05OF014,2018-10-30,0.0,
05OF014,2019-03-30,0.1469999998807907,B
05OF014,2019-04-30,,
05OF014,2019-05-30,0.02500000037252903,
05OF014,2019-06-30,0.0,
05OF014,2019-07-30,0.0,
05OF014,2019-08-30,0.0,
05OF014,2019-09-30,1.0099999904632568,
05OF014,2019-10-30,1.7699999809265137,B
05OF014,2019-11-30,,
05OF014,2020-03-30,22.700000762939453,B
05OF014,2020-04-30,,
05OF014,2020-05-30,0.0020000000949949026,
05OF014,2020-06-30,0.0,
05OF014,2020-07-30,0.0,
05OF014,2020-08-30,0.0,
05OF014,2020-09-30,0.0,
05OF014,2020-10-30,0.0,
05OF014,2021-03-30,0.0989999994635582,
05OF014,2021-04-30,0.3059999942779541,
05OF014,2021-05-30,0.06700000166893005,
05OF014,2021-06-30,0.007000000216066837,
05OF014,2021-07-30,0.0,
05OF014,2021-08-30,0.0,
05OF014,2021-09-30,0.0,
05OF014,2021-10-30,0.0,
05OF014,2022-03-30,0.164000004529953,B
05OF014,2022-04-30,43.79999923706055,A
05OF014,2022-05-30,,
05OF014,2022-06-30,1.1799999475479126,E
05OF014,2022-07-30,0.5440000295639038,
05OF014,2022-08-30,0.0,
05OF014,2022-09-30,0.0,
05OF014,2022-10-30,0.0,
05OF014,2023-03-30,0.0010000000474974513,B
05OF014,2023-04-30,,
05OF014,2023-05-30,0.5979999899864197,
05OF014,2023-06-30,0.7360000014305115,
05OF014,2023-07-30,0.0,
05OF014,2023-08-30,0.0,
05OF014,2023-09-30,0.0,
05OF014,2023-10-30,0.0,
05OF014,2024-03-30,0.5839999914169312,B
05OF014,2024-04-30,1.0700000524520874,
05OF014,2024-05-30,1.1699999570846558,
05OF014,2024-06-30,5.570000171661377,E
05OF014,2024-07-30,0.07999999821186066,E
05OF014,2024-08-30,0.2759999930858612,
05OF014,2024-09-30,0.3140000104904175,
05OF014,2024-10-30,0.0820000022649765,
05OF014,1960-03-31,0.7900000214576721,B
05OF014,1960-05-31,0.1080000028014183,
05OF014,1960-07-31,0.0,
05OF014,1960-08-31,0.0,
05OF014,1960-10-31,0.0,
05OF014,1961-03-31,2.890000104904175,B
05OF014,1961-05-31,0.0,
05OF014,1961-07-31,0.0,
05OF014,1961-08-31,0.0,
05OF014,1961-10-31,0.0,
05OF014,1962-03-31,0.0,
05OF014,1962-05-31,8.5,E
05OF014,1962-07-31,0.1420000046491623,E
05OF014,1962-08-31,0.0,
05OF014,1962-10-31,0.0,
05OF014,1963-03-31,0.99099999666214,B
05OF014,1963-05-31,0.0,
05OF014,1963-07-31,0.10999999940395357,
05OF014,1963-08-31,0.006000000052154064,
05OF014,1963-10-31,0.0,
05OF014,1964-03-31,0.0,B
05OF014,1964-05-31,0.0,
05OF014,1964-07-31,0.0,
05OF014,1964-08-31,0.289000004529953,E
05OF014,1964-10-31,0.0,
05OF014,1965-03-31,0.0,B
05OF014,1965-05-31,0.4589999914169312,E
05OF014,1965-07-31,0.014000000432133676,
05OF014,1965-08-31,0.0,
05OF014,1965-10-31,0.0,
05OF014,1966-03-31,40.5,B
05OF014,1966-05-31,0.0,
05OF014,1966-07-31,0.0,
05OF014,1966-08-31,0.0,
05OF014,1966-10-31,0.0,
05OF014,1967-03-31,0.0,B
05OF014,1967-05-31,0.3619999885559082,
05OF014,1967-07-31,0.0,
05OF014,1967-08-31,0.0,
05OF014,1967-10-31,0.0,
05OF014,1968-03-31,5.150000095367432,B
05OF014,1968-05-31,0.16099999845027924,
05OF014,1968-07-31,0.03400000184774399,E
05OF014,1968-08-31,3.509999990463257,E
05OF014,1968-10-31,0.3140000104904175,
05OF014,1969-03-31,0.0,B
05OF014,1969-05-31,0.32600000500679016,E
05OF014,1969-07-31,0.3880000114440918,
05OF014,1969-08-31,0.01899999938905239,
05OF014,1969-10-31,0.05900000035762787,E
05OF014,1970-03-31,0.0,B
05OF014,1970-05-31,2.440000057220459,
05OF014,1970-07-31,0.2409999966621399,
05OF014,1970-08-31,0.0,E
05OF014,1970-10-31,0.014000000432133676,
05OF014,1971-03-31,0.0,B
05OF014,1971-05-31,0.1589999943971634,
05OF014,1971-07-31,0.0,
05OF014,1971-08-31,0.0,
05OF014,1971-10-31,0.11900000274181366,
05OF014,1972-03-31,1.9800000190734863,B
05OF014,1972-05-31,0.5519999861717224,
05OF014,1972-07-31,0.34299999475479126,
05OF014,1972-08-31,0.15299999713897705,
05OF014,1972-10-31,0.05900000035762787,
05OF014,1973-03-31,0.15600000321865082,B
05OF014,1973-05-31,0.0,
05OF014,1973-07-31,0.0010000000474974513,
05OF014,1973-08-31,0.0,
05OF014,1973-10-31,0.0010000000474974513,
05OF014,1974-03-31,0.0,B
05OF014,1974-05-31,2.5999999046325684,
05OF014,1974-07-31,0.007000000216066837,
05OF014,1974-08-31,0.014000000432133676,
05OF014,1974-10-31,0.0,
05OF014,1975-03-31,0.0,B
05OF014,1975-05-31,0.0820000022649765,
05OF014,1975-07-31,0.0,
05OF014,1975-08-31,0.0,
05OF014,1975-10-31,0.0,
05OF014,1976-03-31,0.0,B
05OF014,1976-05-31,0.06199999898672104,
05OF014,1976-07-31,0.0,
05OF014,1976-08-31,0.0,
05OF014,1976-10-31,0.0,
05OF014,1977-03-31,0.0,B
05OF014,1977-05-31,0.04500000178813934,
05OF014,1977-07-31,0.004000000189989805,
05OF014,1977-08-31,0.0,
05OF014,1977-10-31,0.007000000216066837,
05OF014,1978-03-31,0.2800000011920929,B
05OF014,1978-05-31,0.4300000071525574,
05OF014,1978-07-31,0.0,
05OF014,1978-08-31,0.0,
05OF014,1978-10-31,0.0,
05OF014,1979-03-31,0.0,B
05OF014,1979-07-31,0.11599999666213988,
05OF014,1979-08-31,0.0,
05OF014,1979-10-31,0.0,
05OF014,1980-03-31,0.0,B
05OF014,1980-05-31,0.0,
05OF014,1980-07-31,0.0,
05OF014,1980-08-31,0.0,
05OF014,1980-10-31,0.0,
05OF014,1981-03-31,0.28600001335144043,
05OF014,1981-05-31,0.03599999845027924,
05OF014,1981-07-31,0.0,
05OF014,1981-08-31,0.0,
05OF014,1981-10-31,0.0,
05OF014,1982-03-31,2.869999885559082,B
05OF014,1982-05-31,0.0,
05OF014,1982-07-31,0.0,
05OF014,1982-08-31,0.0,
05OF014,1982-10-31,0.0,E
05OF014,1983-03-31,3.5799999237060547,B
05OF014,1983-05-31,0.03400000184774399,E
05OF014,1983-07-31,0.0,
05OF014,1983-08-31,0.0,
05OF014,1983-10-31,0.0,
05OF014,1984-03-31,1.350000023841858,B
05OF014,1984-05-31,0.0,
05OF014,1984-07-31,0.0,
05OF014,1984-08-31,0.0,
05OF014,1984-10-31,0.0,B
05OF014,1985-03-31,2.380000114440918,E
05OF014,1985-05-31,0.03700000047683716,
05OF014,1985-07-31,0.0,
05OF014,1985-08-31,0.597000002861023,
05OF014,1985-10-31,0.3650000095367432,
05OF014,1986-03-31,19.600000381469727,
05OF014,1986-05-31,0.42800000309944153,
05OF014,1986-07-31,0.014999999664723871,A
05OF014,1986-08-31,0.0,E
05OF014,1986-10-31,0.0,
05OF014,1987-03-31,0.0,B
05OF014,1987-05-31,0.028999999165534973,
05OF014,1987-07-31,0.0,
05OF014,1987-08-31,0.0,
05OF014,1987-10-31,0.0,
05OF014,1988-03-31,0.07400000095367432,B
05OF014,1988-05-31,0.0,
05OF014,1988-07-31,0.0,
05OF014,1988-08-31,0.0,
05OF014,1988-10-31,0.0,
05OF014,1989-03-31,0.0,B
05OF014,1989-05-31,0.0,A
05OF014,1989-07-31,0.0,
05OF014,1989-08-31,0.0,
05OF014,1989-10-31,0.0,
05OF014,1990-03-31,4.829999923706055,B
05OF014,1990-05-31,0.014999999664723871,
05OF014,1990-07-31,0.0010000000474974513,
05OF014,1990-08-31,0.0,
05OF014,1990-10-31,0.0,E
05OF014,1991-03-31,0.181999996304512,B
05OF014,1991-05-31,0.017999999225139618,
05OF014,1991-07-31,0.13699999451637268,
05OF014,1991-08-31,0.007000000216066837,E
05OF014,1991-10-31,0.0020000000949949026,B
05OF014,1992-03-31,18.399999618530277,B
05OF014,1992-05-31,0.26100000739097595,
05OF014,1992-07-31,0.027000000700354576,
05OF014,1992-08-31,0.0,
05OF014,1992-10-31,0.0,
05OF014,1993-03-31,11.899999618530272,B
05OF014,1993-05-31,0.15800000727176666,
05OF014,1993-07-31,13.699999809265137,
05OF014,1993-08-31,1.090000033378601,
05OF014,1993-10-31,0.03099999949336052,B
05OF014,1994-03-31,2.5299999713897705,B
05OF014,1994-05-31,0.32899999618530273,
05OF014,1994-07-31,0.16099999845027924,
05OF014,1994-08-31,0.0,
05OF014,1994-10-31,1.5,
05OF014,1995-03-31,13.399999618530272,B
05OF014,1995-05-31,2.619999885559082,
05OF014,1995-07-31,0.0,
05OF014,1995-08-31,0.1589999943971634,
05OF014,1995-10-31,0.006000000052154064,
05OF014,1996-03-31,0.0,B
05OF014,1996-05-31,1.4900000095367432,
05OF014,1996-07-31,0.14399999380111694,
05OF014,1996-08-31,0.08100000023841858,
05OF014,1996-10-31,0.003000000026077032,E
05OF014,1997-03-31,0.0,B
05OF014,1997-05-31,0.8859999775886536,
05OF014,1997-07-31,0.08100000023841858,
05OF014,1997-08-31,0.0,
05OF014,1997-10-31,0.0,B
05OF014,1998-03-31,26.600000381469727,
05OF014,1998-05-31,0.0430000014603138,
05OF014,1998-07-31,0.0020000000949949026,
05OF014,1998-08-31,0.0,
05OF014,1998-10-31,0.0,E
05OF014,1999-03-31,8.720000267028809,
05OF014,1999-05-31,1.090000033378601,
05OF014,1999-07-31,0.020999999716877937,
05OF014,1999-08-31,0.0,
05OF014,1999-10-31,0.0,
05OF014,2000-03-31,0.164000004529953,
05OF014,2000-05-31,0.0,
05OF014,2000-07-31,0.0,
05OF014,2000-08-31,0.1770000010728836,
05OF014,2000-10-31,0.0,
05OF014,2001-03-31,0.1459999978542328,B
05OF014,2001-05-31,0.972000002861023,
05OF014,2001-07-31,1.75,
05OF014,2001-08-31,0.008999999612569809,
05OF014,2001-10-31,0.0010000000474974513,
05OF014,2002-03-31,0.0,B
05OF014,2002-05-31,0.009999999776482582,
05OF014,2002-07-31,0.0,
05OF014,2002-08-31,0.07500000298023224,
05OF014,2002-10-31,0.004999999888241291,B
05OF014,2003-03-31,2.390000104904175,B
05OF014,2003-05-31,0.17299999296665192,
05OF014,2003-07-31,0.003000000026077032,
05OF014,2003-08-31,0.0,
05OF014,2003-10-31,0.0,
05OF014,2004-03-31,42.79999923706055,B
05OF014,2004-05-31,19.600000381469727,
05OF014,2004-07-31,0.14000000059604645,
05OF014,2004-08-31,0.17599999904632568,
05OF014,2004-10-31,0.28200000524520874,
05OF014,2005-03-31,0.10000000149011612,B
05OF014,2005-05-31,2.9200000762939453,
05OF014,2005-07-31,0.3089999854564667,
05OF014,2005-08-31,0.05900000035762787,
05OF014,2005-10-31,0.16300000250339508,
05OF014,2006-03-31,0.25,B
05OF014,2006-05-31,0.16899999976158142,
05OF014,2006-07-31,0.0,
05OF014,2006-08-31,0.0,
05OF014,2006-10-31,0.0,B
05OF014,2007-03-31,10.5,B
05OF014,2007-05-31,2.430000066757202,
05OF014,2007-07-31,0.10599999874830246,
05OF014,2007-08-31,0.09600000083446504,
05OF014,2007-10-31,0.0689999982714653,
05OF014,2008-03-31,0.0010000000474974513,B
05OF014,2008-05-31,0.0689999982714653,A
05OF014,2008-07-31,0.0,A
05OF014,2008-08-31,0.0,
05OF014,2008-10-31,0.13699999451637268,
05OF014,2009-03-31,4.510000228881836,B
05OF014,2009-05-31,1.8600000143051147,
05OF014,2009-07-31,0.03599999845027924,
05OF014,2009-08-31,0.0020000000949949026,
05OF014,2009-10-31,0.008999999612569809,
05OF014,2010-03-31,8.399999618530273,B
05OF014,2010-05-31,5.239999771118164,
05OF014,2010-07-31,0.4350000023841858,
05OF014,2010-08-31,7.090000152587891,
05OF014,2010-10-31,6.320000171661377,
05OF014,2011-03-31,20.399999618530277,B
05OF014,2011-05-31,4.300000190734863,
05OF014,2011-07-31,0.20900000631809235,
05OF014,2011-08-31,0.0010000000474974513,
05OF014,2011-10-31,0.004000000189989805,
05OF014,2012-03-31,0.16500000655651093,
05OF014,2012-05-31,0.052000001072883606,
05OF014,2012-07-31,0.0,
05OF014,2012-08-31,0.0,
05OF014,2012-10-31,0.0,
05OF014,2013-03-31,0.0,B
05OF014,2013-05-31,4.949999809265137,
05OF014,2013-07-31,0.2179999947547913,
05OF014,2013-08-31,0.03599999845027924,
05OF014,2013-10-31,0.004000000189989805,B
05OF014,2014-03-31,0.0,B
05OF014,2014-05-31,0.2409999966621399,
05OF014,2014-07-31,0.0020000000949949026,
05OF014,2014-08-31,0.0010000000474974513,
05OF014,2014-10-31,0.0020000000949949026,
05OF014,2015-03-31,0.421999990940094,B
05OF014,2015-05-31,0.17800000309944153,
05OF014,2015-07-31,0.01899999938905239,
05OF014,2015-08-31,0.0010000000474974513,
05OF014,2015-10-31,0.004000000189989805,
05OF014,2016-03-31,1.1699999570846558,B
05OF014,2016-05-31,0.014000000432133676,
05OF014,2016-07-31,0.3129999935626984,
05OF014,2016-08-31,0.0010000000474974513,E
05OF014,2016-10-31,0.0,
05OF014,2017-03-31,75.80000305175781,
05OF014,2017-05-31,0.23600000143051147,
05OF014,2017-07-31,0.03099999949336052,
05OF014,2017-08-31,0.0,
05OF014,2017-10-31,0.0,
05OF014,2018-03-31,,
05OF014,2018-07-31,0.0,
05OF014,2018-08-31,0.0,
05OF014,2018-10-31,0.0,
05OF014,2019-03-31,13.699999809265137,B
05OF014,2019-05-31,0.019999999552965164,
05OF014,2019-07-31,0.0,
05OF014,2019-08-31,0.0,
05OF014,2019-10-31,1.5299999713897705,B
05OF014,2020-03-31,20.200000762939453,B
05OF014,2020-05-31,0.0010000000474974513,
05OF014,2020-07-31,0.0,
05OF014,2020-08-31,0.0,
05OF014,2020-10-31,0.0,
05OF014,2021-03-31,0.06499999761581421,
05OF014,2021-05-31,0.05999999865889549,
05OF014,2021-07-31,0.0,
05OF014,2021-08-31,0.0,
05OF014,2021-10-31,0.0,
05OF014,2022-03-31,2.539999961853028,B
05OF014,2022-05-31,,
05OF014,2022-07-31,0.3790000081062317,
05OF014,2022-08-31,0.0,
05OF014,2022-10-31,0.0,
05OF014,2023-03-31,0.0010000000474974513,B
05OF014,2023-05-31,0.5740000009536743,
05OF014,2023-07-31,0.0,
05OF014,2023-08-31,0.0,
05OF014,2023-10-31,,
05OF014,2024-03-31,0.671999990940094,B
05OF014,2024-05-31,0.9380000233650208,
05OF014,2024-07-31,0.06700000166893005,E
05OF014,2024-08-31,0.2660000026226044,
05OF014,2024-10-31,0.1040000021457672,
