STATION_NUMBER,DATUM_ID_FROM,DATUM_ID_TO,CONVERSION_FACTOR
08MH029,10,177,5.867000102996826
08MH029,10,605,5.934999942779541
