STATION_NUMBER,date,water_level_m,quality_symbol
01BH010,1991-08-01,, 
01BH010,1991-09-01,46.369998931884766, 
01BH010,1991-10-01,46.56999969482422, 
01BH010,1991-11-01,46.630001068115234, 
01BH010,1991-12-01,46.61000061035156, 
01BH010,1992-03-01,, 
01BH010,1992-04-01,47.119998931884766, 
01BH010,1992-05-01,47.09000015258789, 
01BH010,1992-06-01,46.630001068115234, 
01BH010,1992-07-01,46.70000076293945, 
01BH010,1992-08-01,46.45000076293945, 
01BH010,1992-09-01,46.369998931884766, 
01BH010,1992-10-01,46.2599983215332, 
01BH010,1992-11-01,46.34000015258789, 
01BH010,1992-12-01,46.33000183105469, 
01BH010,1993-01-01,46.5, 
01BH010,1993-02-01,46.400001525878906, 
01BH010,1993-03-01,46.400001525878906, 
01BH010,1993-04-01,46.33000183105469, 
01BH010,1993-05-01,46.93000030517578, 
01BH010,1993-06-01,46.84000015258789, 
01BH010,1993-07-01,46.56999969482422, 
01BH010,1993-08-01,46.66999816894531, 
01BH010,1993-09-01,46.45000076293945, 
01BH010,1993-10-01,46.41999816894531, 
01BH010,1993-11-01,46.59999847412109, 
01BH010,1993-12-01,46.630001068115234, 
01BH010,1994-01-01,46.880001068115234, 
01BH010,1994-02-01,47.310001373291016, 
01BH010,1994-03-01,47.31999969482422, 
01BH010,1994-04-01,46.68999862670898, 
01BH010,1994-05-01,46.86000061035156, 
01BH010,1994-06-01,47.5099983215332, 
01BH010,1994-07-01,46.65999984741211, 
01BH010,1994-08-01,46.61000061035156, 
01BH010,1994-09-01,46.31999969482422, 
01BH010,1994-10-01,46.380001068115234, 
01BH010,1994-11-01,46.38999938964844, 
01BH010,1994-12-01,46.52999877929688, 
01BH010,1995-01-01,46.81999969482422, 
01BH010,1995-02-01,46.459999084472656, 
01BH010,1995-03-01,46.5, 
01BH010,1995-04-01,46.470001220703125, 
01BH010,1995-05-01,47.0, 
01BH010,1995-06-01,47.34999847412109, 
01BH010,1995-07-01,46.459999084472656, 
01BH010,1995-08-01,46.34999847412109, 
01BH010,1995-09-01,46.29999923706055, 
01BH010,1995-10-01,46.27999877929688, 
01BH010,1995-11-01,46.959999084472656, 
01BH010,1995-12-01,46.650001525878906, 
01BH010,1996-01-01,46.7400016784668, 
01BH010,1996-02-01,47.54999923706055, 
01BH010,1996-03-01,46.84000015258789, 
01BH010,1996-04-01,46.380001068115234, 
01BH010,1996-05-01,47.5, 
01BH010,1996-06-01,47.09999847412109, 
01BH010,1996-07-01,46.70000076293945, 
01BH010,1996-08-01,46.7599983215332, 
01BH010,1996-09-01,46.34000015258789, 
01BH010,1996-10-01,46.2599983215332, 
01BH010,1996-11-01,46.33000183105469, 
01BH010,1996-12-01,46.7599983215332, 
01BH010,1997-01-01,47.2400016784668, 
01BH010,1997-02-01,46.709999084472656, 
01BH010,1997-03-01,46.41999816894531, 
01BH010,1997-04-01,46.84000015258789, 
01BH010,1997-05-01,46.630001068115234, 
01BH010,1997-06-01,47.290000915527344, 
01BH010,1997-07-01,46.59000015258789, 
01BH010,1997-08-01,46.37799835205078, 
01BH010,1997-09-01,46.30899810791016, 
01BH010,1997-10-01,46.275001525878906, 
01BH010,1997-11-01,46.28099822998047, 
01BH010,1997-12-01,46.38800048828125, 
01BH010,1998-01-01,46.637001037597656, 
01BH010,1998-02-01,46.4010009765625, 
01BH010,1998-03-01,46.51399993896485, 
01BH010,1998-04-01,46.53200149536133, 
01BH010,1998-05-01,47.15299987792969, 
01BH010,1998-06-01,46.74399948120117, 
01BH010,1998-07-01,46.53799819946289, 
01BH010,1998-08-01,46.56999969482422, 
01BH010,1998-09-01,46.38199996948242, 
01BH010,1998-10-01,46.51900100708008, 
01BH010,1998-11-01,47.0890007019043, 
01BH010,1998-12-01,46.47100067138672, 
01BH010,1999-01-01,, 
01BH010,1999-02-01,46.64899826049805, 
01BH010,1999-03-01,46.380001068115234, 
01BH010,1999-04-01,46.51900100708008, 
01BH010,1999-05-01,47.053001403808594, 
01BH010,1999-06-01,46.72299957275391, 
01BH010,1999-07-01,46.367000579833984, 
01BH010,1999-08-01,46.25899887084961, 
01BH010,1999-09-01,46.25299835205078, 
01BH010,1999-10-01,46.698001861572266, 
01BH010,1999-11-01,46.685001373291016, 
01BH010,1999-12-01,46.76100158691406, 
01BH010,2000-01-01,47.08000183105469, 
01BH010,2000-02-01,46.53799819946289, 
01BH010,2000-03-01,46.68399810791016, 
01BH010,2000-04-01,46.58100128173828, 
01BH010,2000-05-01,46.749000549316406, 
01BH010,2000-06-01,47.09600067138672, 
01BH010,2000-07-01,46.45800018310547, 
01BH010,2000-08-01,46.402000427246094, 
01BH010,2000-09-01,46.3489990234375, 
01BH010,2000-10-01,46.28799819946289, 
01BH010,2000-11-01,46.369998931884766, 
01BH010,2000-12-01,46.54100036621094, 
01BH010,2001-01-01,46.91699981689453, 
01BH010,2001-02-01,46.46200180053711, 
01BH010,2001-03-01,46.36299896240234, 
01BH010,2001-04-01,46.35900115966797, 
01BH010,2001-05-01,46.82600021362305, 
01BH010,2001-06-01,47.00199890136719, 
01BH010,2001-07-01,46.40900039672852, 
01BH010,2001-08-01,46.34799957275391, 
01BH010,2001-09-01,46.29100036621094, 
01BH010,2001-10-01,46.29399871826172, 
01BH010,2001-11-01,46.5369987487793, 
01BH010,2001-12-01,46.4370002746582, 
01BH010,2002-01-01,, 
01BH010,2002-02-01,46.54499816894531, 
01BH010,2002-03-01,46.67499923706055, 
01BH010,2002-04-01,46.45000076293945, 
01BH010,2002-05-01,46.60100173950195, 
01BH010,2002-06-01,46.90700149536133, 
01BH010,2002-07-01,46.595001220703125, 
01BH010,2002-08-01,46.553001403808594, 
01BH010,2002-09-01,46.36399841308594, 
01BH010,2002-10-01,46.34000015258789, 
01BH010,2002-11-01,46.290000915527344, 
01BH010,2002-12-01,46.374000549316406, 
01BH010,2003-01-01,46.492000579833984, 
01BH010,2003-02-01,46.54899978637695, 
01BH010,2003-03-01,46.33300018310547, 
01BH010,2003-04-01,46.375, 
01BH010,2003-05-01,47.05500030517578, 
01BH010,2003-06-01,47.08000183105469, 
01BH010,2003-07-01,46.43299865722656, 
01BH010,2003-08-01,46.44300079345703, 
01BH010,2003-09-01,46.35200119018555, 
01BH010,2003-10-01,46.29800033569336, 
01BH010,2003-11-01,47.12300109863281, 
01BH010,2003-12-01,46.70500183105469, 
01BH010,2004-01-01,46.63100051879883, 
01BH010,2004-02-01,46.84400177001953, 
01BH010,2004-03-01,46.39699935913086, 
01BH010,2004-04-01,46.51100158691406, 
01BH010,2004-05-01,47.2869987487793, 
01BH010,2004-06-01,46.86299896240234, 
01BH010,2004-07-01,46.4109992980957, 
01BH010,2004-08-01,46.37300109863281, 
01BH010,2004-09-01,46.49100112915039, 
01BH010,2004-10-01,46.435001373291016, 
01BH010,2004-11-01,46.4379997253418, 
01BH010,2004-12-01,46.54399871826172, 
01BH010,2005-01-01,46.65999984741211, 
01BH010,2005-02-01,46.56800079345703, 
01BH010,2005-03-01,46.40999984741211, 
01BH010,2005-04-01,46.31999969482422, 
01BH010,2005-05-01,47.41699981689453, 
01BH010,2005-06-01,, 
01BH010,2005-07-01,46.470001220703125, 
01BH010,2005-08-01,, 
01BH010,2005-09-01,46.430999755859375, 
01BH010,2005-10-01,46.37300109863281, 
01BH010,2005-11-01,46.56900024414063, 
01BH010,2005-12-01,47.02199935913086, 
01BH010,2006-01-01,46.47800064086914, 
01BH010,2006-02-01,46.6150016784668, 
01BH010,2006-03-01,46.53499984741211, 
01BH010,2006-04-01,46.31100082397461, 
01BH010,2006-05-01,47.125, 
01BH010,2006-06-01,46.88199996948242, 
01BH010,2006-07-01,46.5880012512207, 
01BH010,2006-08-01,46.33300018310547, 
01BH010,2006-09-01,46.24599838256836, 
01BH010,2006-10-01,46.41899871826172, 
01BH010,2006-11-01,47.00600051879883, 
01BH010,2006-12-01,46.57699966430664, 
01BH010,2007-01-01,46.53300094604492, 
01BH010,2007-02-01,46.89099884033203, 
01BH010,2007-03-01,46.55400085449219, 
01BH010,2007-04-01,46.36399841308594, 
01BH010,2007-05-01,46.96900177001953, 
01BH010,2007-06-01,, 
01BH010,2007-07-01,46.58100128173828, 
01BH010,2007-08-01,46.89500045776367, 
01BH010,2007-09-01,46.45700073242188, 
01BH010,2007-10-01,46.34999847412109, 
01BH010,2007-11-01,46.45199966430664, 
01BH010,2007-12-01,46.6150016784668, 
01BH010,2008-01-01,46.73400115966797, 
01BH010,2008-02-01,46.59099960327149, 
01BH010,2008-03-01,46.59099960327149, 
01BH010,2008-04-01,46.43000030517578, 
01BH010,2008-05-01,47.7130012512207, 
01BH010,2008-06-01,46.91400146484375, 
01BH010,2008-07-01,46.65399932861328, 
01BH010,2008-08-01,46.51100158691406, 
01BH010,2008-09-01,46.428001403808594, 
01BH010,2008-10-01,46.82600021362305, 
01BH010,2008-11-01,47.20100021362305, 
01BH010,2008-12-01,46.62300109863281, 
01BH010,2009-01-01,47.0009994506836, 
01BH010,2009-02-01,46.5, 
01BH010,2009-03-01,46.53900146484375, 
01BH010,2009-04-01,46.31399917602539, 
01BH010,2009-05-01,47.29199981689453, 
01BH010,2009-06-01,46.8650016784668, 
01BH010,2009-07-01,46.59799957275391, 
01BH010,2009-08-01,46.58200073242188, 
01BH010,2009-09-01,46.34799957275391, 
01BH010,2009-10-01,46.34000015258789, 
01BH010,2009-11-01,46.51300048828125, 
01BH010,2009-12-01,46.527000427246094, 
01BH010,2010-01-01,46.40499877929688, 
01BH010,2010-02-01,46.56800079345703, 
01BH010,2010-03-01,, 
01BH010,2010-04-01,46.34099960327149, 
01BH010,2010-05-01,47.00199890136719, 
01BH010,2010-06-01,46.672000885009766, 
01BH010,2010-07-01,46.46099853515625, 
01BH010,2010-08-01,46.48699951171875, 
01BH010,2010-09-01,46.305999755859375, 
01BH010,2010-10-01,46.709999084472656, 
01BH010,2010-11-01,46.82500076293945, 
01BH010,2010-12-01,46.53799819946289, 
01BH010,2011-01-01,46.69300079345703, 
01BH010,2011-02-01,46.56800079345703, 
01BH010,2011-03-01,46.50600051879883, 
01BH010,2011-04-01,46.369998931884766, 
01BH010,2011-05-01,47.19200134277344, 
01BH010,2011-06-01,47.3759994506836, 
01BH010,2011-07-01,46.61899948120117, 
01BH010,2011-08-01,46.5260009765625, 
01BH010,2011-09-01,47.05400085449219, 
01BH010,2011-10-01,46.49399948120117, 
01BH010,2011-11-01,46.40999984741211, 
01BH010,2011-12-01,46.56700134277344, 
01BH010,2012-01-01,47.00199890136719, 
01BH010,2012-02-01,46.61199951171875, 
01BH010,2012-03-01,46.64799880981445, 
01BH010,2012-04-01,46.65399932861328, 
01BH010,2012-05-01,47.07799911499024, 
01BH010,2012-06-01,46.65499877929688, 
01BH010,2012-07-01,46.90900039672852, 
01BH010,2012-08-01,46.39599990844727, 
01BH010,2012-09-01,46.46799850463867, 
01BH010,2012-10-01,46.38399887084961, 
01BH010,2012-11-01,46.73099899291992, 
01BH010,2012-12-01,, 
01BH010,2013-01-01,, 
01BH010,2013-03-01,, 
01BH010,2013-04-01,46.50199890136719, 
01BH010,2013-05-01,47.57699966430664, 
01BH010,2013-06-01,47.06399917602539, 
01BH010,2013-07-01,46.42399978637695, 
01BH010,2013-08-01,46.43899917602539, 
01BH010,2013-09-01,46.391998291015625, 
01BH010,2013-10-01,46.43999862670898, 
01BH010,1991-08-02,, 
01BH010,1991-09-02,46.380001068115234, 
01BH010,1991-10-02,46.560001373291016, 
01BH010,1991-11-02,46.68999862670898, 
01BH010,1991-12-02,46.61000061035156, 
01BH010,1992-03-02,, 
01BH010,1992-04-02,47.09999847412109, 
01BH010,1992-05-02,47.150001525878906, 
01BH010,1992-06-02,46.630001068115234, 
01BH010,1992-07-02,46.790000915527344, 
01BH010,1992-08-02,46.52999877929688, 
01BH010,1992-09-02,46.38999938964844, 
01BH010,1992-10-02,46.2599983215332, 
01BH010,1992-11-02,46.34999847412109, 
01BH010,1992-12-02,46.310001373291016, 
01BH010,1993-01-02,46.5099983215332, 
01BH010,1993-02-02,47.43000030517578, 
01BH010,1993-03-02,46.369998931884766, 
01BH010,1993-04-02,46.58000183105469, 
01BH010,1993-05-02,47.0099983215332, 
01BH010,1993-06-02,46.84000015258789, 
01BH010,1993-07-02,46.54999923706055, 
01BH010,1993-08-02,46.63999938964844, 
01BH010,1993-09-02,46.45000076293945, 
01BH010,1993-10-02,46.40999984741211, 
01BH010,1993-11-02,46.59000015258789, 
01BH010,1993-12-02,47.060001373291016, 
01BH010,1994-01-02,47.560001373291016, 
01BH010,1994-02-02,47.310001373291016, 
01BH010,1994-03-02,47.31999969482422, 
01BH010,1994-04-02,46.25, 
01BH010,1994-05-02,46.869998931884766, 
01BH010,1994-06-02,47.66999816894531, 
01BH010,1994-07-02,46.66999816894531, 
01BH010,1994-08-02,46.59000015258789, 
01BH010,1994-09-02,46.310001373291016, 
01BH010,1994-10-02,46.41999816894531, 
01BH010,1994-11-02,46.40999984741211, 
01BH010,1994-12-02,46.5099983215332, 
01BH010,1995-01-02,46.84999847412109, 
01BH010,1995-02-02,46.540000915527344, 
01BH010,1995-03-02,46.400001525878906, 
01BH010,1995-04-02,46.45000076293945, 
01BH010,1995-05-02,47.130001068115234, 
01BH010,1995-06-02,47.459999084472656, 
01BH010,1995-07-02,46.459999084472656, 
01BH010,1995-08-02,46.34999847412109, 
01BH010,1995-09-02,46.29999923706055, 
01BH010,1995-10-02,46.27999877929688, 
01BH010,1995-11-02,46.880001068115234, 
01BH010,1995-12-02,46.66999816894531, 
01BH010,1996-01-02,46.720001220703125, 
01BH010,1996-02-02,47.4900016784668, 
01BH010,1996-03-02,46.79999923706055, 
01BH010,1996-04-02,46.400001525878906, 
01BH010,1996-05-02,47.59999847412109, 
01BH010,1996-06-02,47.09999847412109, 
01BH010,1996-07-02,46.66999816894531, 
01BH010,1996-08-02,46.720001220703125, 
01BH010,1996-09-02,46.34000015258789, 
01BH010,1996-10-02,46.2599983215332, 
01BH010,1996-11-02,46.310001373291016, 
01BH010,1996-12-02,46.52999877929688, 
01BH010,1997-01-02,47.93999862670898, 
01BH010,1997-02-02,46.70000076293945, 
01BH010,1997-03-02,46.40999984741211, 
01BH010,1997-04-02,46.59000015258789, 
01BH010,1997-05-02,46.709999084472656, 
01BH010,1997-06-02,47.29999923706055, 
01BH010,1997-07-02,46.58000183105469, 
01BH010,1997-08-02,46.3759994506836, 
01BH010,1997-09-02,46.31600189208984, 
01BH010,1997-10-02,46.27299880981445, 
01BH010,1997-11-02,46.2859992980957, 
01BH010,1997-12-02,46.387001037597656, 
01BH010,1998-01-02,46.560001373291016, 
01BH010,1998-02-02,, 
01BH010,1998-03-02,46.5620002746582, 
01BH010,1998-04-02,46.53099822998047, 
01BH010,1998-05-02,47.31100082397461, 
01BH010,1998-06-02,46.71799850463867, 
01BH010,1998-07-02,46.67399978637695, 
01BH010,1998-08-02,46.55099868774414, 
01BH010,1998-09-02,46.37099838256836, 
01BH010,1998-10-02,46.54100036621094, 
01BH010,1998-11-02,47.073001861572266, 
01BH010,1998-12-02,46.47999954223633, 
01BH010,1999-01-02,, 
01BH010,1999-02-02,46.39500045776367, 
01BH010,1999-03-02,46.41899871826172, 
01BH010,1999-04-02,46.50699996948242, 
01BH010,1999-05-02,47.23400115966797, 
01BH010,1999-06-02,46.74100112915039, 
01BH010,1999-07-02,46.36199951171875, 
01BH010,1999-08-02,46.26300048828125, 
01BH010,1999-09-02,46.244998931884766, 
01BH010,1999-10-02,46.66400146484375, 
01BH010,1999-11-02,46.6609992980957, 
01BH010,1999-12-02,46.74800109863281, 
01BH010,2000-01-02,47.05699920654297, 
01BH010,2000-02-02,46.52999877929688, 
01BH010,2000-03-02,46.91400146484375, 
01BH010,2000-04-02,46.637001037597656, 
01BH010,2000-05-02,46.76800155639648, 
01BH010,2000-06-02,47.09400177001953, 
01BH010,2000-07-02,46.46599960327149, 
01BH010,2000-08-02,46.39400100708008, 
01BH010,2000-09-02,46.34000015258789, 
01BH010,2000-10-02,46.2869987487793, 
01BH010,2000-11-02,46.36199951171875, 
01BH010,2000-12-02,46.50199890136719, 
01BH010,2001-01-02,46.89599990844727, 
01BH010,2001-02-02,46.43399810791016, 
01BH010,2001-03-02,46.36000061035156, 
01BH010,2001-04-02,46.334999084472656, 
01BH010,2001-05-02,46.91899871826172, 
01BH010,2001-06-02,47.00600051879883, 
01BH010,2001-07-02,46.48400115966797, 
01BH010,2001-08-02,46.34099960327149, 
01BH010,2001-09-02,46.3380012512207, 
01BH010,2001-10-02,46.2869987487793, 
01BH010,2001-11-02,46.5260009765625, 
01BH010,2001-12-02,46.42100143432617, 
01BH010,2002-01-02,46.55099868774414, 
01BH010,2002-02-02,46.51599884033203, 
01BH010,2002-03-02,46.77099990844727, 
01BH010,2002-04-02,46.39599990844727, 
01BH010,2002-05-02,46.61100006103516, 
01BH010,2002-06-02,46.9109992980957, 
01BH010,2002-07-02,46.57699966430664, 
01BH010,2002-08-02,46.512001037597656, 
01BH010,2002-09-02,46.358001708984375, 
01BH010,2002-10-02,46.345001220703125, 
01BH010,2002-11-02,46.27199935913086, 
01BH010,2002-12-02,46.39699935913086, 
01BH010,2003-01-02,46.48500061035156, 
01BH010,2003-02-02,46.54800033569336, 
01BH010,2003-03-02,46.33700180053711, 
01BH010,2003-04-02,46.39599990844727, 
01BH010,2003-05-02,47.02099990844727, 
01BH010,2003-06-02,47.19100189208984, 
01BH010,2003-07-02,46.42499923706055, 
01BH010,2003-08-02,46.43600082397461, 
01BH010,2003-09-02,46.34099960327149, 
01BH010,2003-10-02,46.28300094604492, 
01BH010,2003-11-02,47.007999420166016, 
01BH010,2003-12-02,46.680999755859375, 
01BH010,2004-01-02,46.5880012512207, 
01BH010,2004-02-02,46.880001068115234, 
01BH010,2004-03-02,46.38800048828125, 
01BH010,2004-04-02,46.50899887084961, 
01BH010,2004-05-02,47.64899826049805, 
01BH010,2004-06-02,46.83700180053711, 
01BH010,2004-07-02,46.4010009765625, 
01BH010,2004-08-02,46.35699844360352, 
01BH010,2004-09-02,46.48099899291992, 
01BH010,2004-10-02,46.42300033569336, 
01BH010,2004-11-02,46.43399810791016, 
01BH010,2004-12-02,46.56600189208984, 
01BH010,2005-01-02,46.59700012207031, 
01BH010,2005-02-02,46.55799865722656, 
01BH010,2005-03-02,46.40999984741211, 
01BH010,2005-04-02,46.32099914550781, 
01BH010,2005-05-02,47.7509994506836, 
01BH010,2005-06-02,46.90999984741211, 
01BH010,2005-07-02,46.47100067138672, 
01BH010,2005-08-02,, 
01BH010,2005-09-02,46.48699951171875, 
01BH010,2005-10-02,, 
01BH010,2005-11-02,46.58000183105469, 
01BH010,2005-12-02,47.1619987487793, 
01BH010,2006-01-02,46.49700164794922, 
01BH010,2006-02-02,46.58599853515625, 
01BH010,2006-03-02,46.55799865722656, 
01BH010,2006-04-02,46.33700180053711, 
01BH010,2006-05-02,47.19599914550781, 
01BH010,2006-06-02,46.83100128173828, 
01BH010,2006-07-02,46.5880012512207, 
01BH010,2006-08-02,46.32699966430664, 
01BH010,2006-09-02,46.23500061035156, 
01BH010,2006-10-02,46.41600036621094, 
01BH010,2006-11-02,46.94100189208984, 
01BH010,2006-12-02,46.56399917602539, 
01BH010,2007-01-02,46.542999267578125, 
01BH010,2007-02-02,46.90999984741211, 
01BH010,2007-03-02,46.52799987792969, 
01BH010,2007-04-02,46.34799957275391, 
01BH010,2007-05-02,46.983001708984375, 
01BH010,2007-06-02,46.90900039672852, 
01BH010,2007-07-02,46.571998596191406, 
01BH010,2007-08-02,46.84099960327149, 
01BH010,2007-09-02,46.44200134277344, 
01BH010,2007-10-02,46.34199905395508, 
01BH010,2007-11-02,46.45500183105469, 
01BH010,2007-12-02,46.61000061035156, 
01BH010,2008-01-02,46.70800018310547, 
01BH010,2008-02-02,46.58100128173828, 
01BH010,2008-03-02,46.55899810791016, 
01BH010,2008-04-02,46.4119987487793, 
01BH010,2008-05-02,47.62799835205078, 
01BH010,2008-06-02,46.91899871826172, 
01BH010,2008-07-02,46.6259994506836, 
01BH010,2008-08-02,46.5369987487793, 
01BH010,2008-09-02,46.41899871826172, 
01BH010,2008-10-02,46.8380012512207, 
01BH010,2008-11-02,47.07699966430664, 
01BH010,2008-12-02,46.61800003051758, 
01BH010,2009-01-02,46.96799850463867, 
01BH010,2009-02-02,46.50899887084961, 
01BH010,2009-03-02,46.63100051879883, 
01BH010,2009-04-02,46.29600143432617, 
01BH010,2009-05-02,47.42100143432617, 
01BH010,2009-06-02,46.87900161743164, 
01BH010,2009-07-02,46.57899856567383, 
01BH010,2009-08-02,46.56800079345703, 
01BH010,2009-09-02,46.34400177001953, 
01BH010,2009-10-02,46.35200119018555, 
01BH010,2009-11-02,46.507999420166016, 
01BH010,2009-12-02,46.51399993896485, 
01BH010,2010-01-02,46.494998931884766, 
01BH010,2010-02-02,46.619998931884766, 
01BH010,2010-03-02,46.31399917602539, 
01BH010,2010-04-02,46.369998931884766, 
01BH010,2010-05-02,47.01100158691406, 
01BH010,2010-06-02,46.64699935913086, 
01BH010,2010-07-02,46.45500183105469, 
01BH010,2010-08-02,46.470001220703125, 
01BH010,2010-09-02,46.303001403808594, 
01BH010,2010-10-02,46.88899993896485, 
01BH010,2010-11-02,46.79100036621094, 
01BH010,2010-12-02,46.55400085449219, 
01BH010,2011-01-02,46.64799880981445, 
01BH010,2011-02-02,46.56900024414063, 
01BH010,2011-03-02,46.51300048828125, 
01BH010,2011-04-02,46.36199951171875, 
01BH010,2011-05-02,47.2869987487793, 
01BH010,2011-06-02,47.38899993896485, 
01BH010,2011-07-02,46.60300064086914, 
01BH010,2011-08-02,46.53200149536133, 
01BH010,2011-09-02,46.96900177001953, 
01BH010,2011-10-02,46.48199844360352, 
01BH010,2011-11-02,46.40399932861328, 
01BH010,2011-12-02,46.54399871826172, 
01BH010,2012-01-02,46.96599960327149, 
01BH010,2012-02-02,, 
01BH010,2012-03-02,46.70800018310547, 
01BH010,2012-04-02,46.6349983215332, 
01BH010,2012-05-02,47.02799987792969, 
01BH010,2012-06-02,46.62699890136719, 
01BH010,2012-07-02,46.874000549316406, 
01BH010,2012-08-02,46.38899993896485, 
01BH010,2012-09-02,46.45399856567383, 
01BH010,2012-10-02,46.374000549316406, 
01BH010,2012-11-02,, 
01BH010,2012-12-02,46.40299987792969, 
01BH010,2013-01-02,46.33399963378906, 
01BH010,2013-03-02,, 
01BH010,2013-04-02,46.49399948120117, 
01BH010,2013-05-02,47.63999938964844, 
01BH010,2013-06-02,47.08700180053711, 
01BH010,2013-07-02,46.40900039672852, 
01BH010,2013-08-02,46.42399978637695, 
01BH010,2013-09-02,46.391998291015625, 
01BH010,2013-10-02,46.43399810791016, 
01BH010,1991-08-03,, 
01BH010,1991-09-03,46.369998931884766, 
01BH010,1991-10-03,46.54999923706055, 
01BH010,1991-11-03,46.790000915527344, 
01BH010,1991-12-03,46.59000015258789, 
01BH010,1992-03-03,, 
01BH010,1992-04-03,47.06999969482422, 
01BH010,1992-05-03,47.150001525878906, 
01BH010,1992-06-03,46.70000076293945, 
01BH010,1992-07-03,46.86000061035156, 
01BH010,1992-08-03,46.54999923706055, 
01BH010,1992-09-03,46.380001068115234, 
01BH010,1992-10-03,46.2599983215332, 
01BH010,1992-11-03,46.34000015258789, 
01BH010,1992-12-03,46.29999923706055, 
01BH010,1993-01-03,46.4900016784668, 
01BH010,1993-02-03,46.400001525878906, 
01BH010,1993-03-03,46.75, 
01BH010,1993-04-03,46.27000045776367, 
01BH010,1993-05-03,47.06999969482422, 
01BH010,1993-06-03,46.869998931884766, 
01BH010,1993-07-03,46.540000915527344, 
01BH010,1993-08-03,46.61000061035156, 
01BH010,1993-09-03,46.43000030517578, 
01BH010,1993-10-03,46.400001525878906, 
01BH010,1993-11-03,46.56999969482422, 
01BH010,1993-12-03,46.810001373291016, 
01BH010,1994-01-03,47.369998931884766, 
01BH010,1994-02-03,47.310001373291016, 
01BH010,1994-03-03,47.31999969482422, 
01BH010,1994-04-03,46.540000915527344, 
01BH010,1994-05-03,46.83000183105469, 
01BH010,1994-06-03,47.459999084472656, 
01BH010,1994-07-03,46.65999984741211, 
01BH010,1994-08-03,46.56999969482422, 
01BH010,1994-09-03,46.310001373291016, 
01BH010,1994-10-03,46.41999816894531, 
01BH010,1994-11-03,46.52000045776367, 
01BH010,1994-12-03,46.5, 
01BH010,1995-01-03,46.88999938964844, 
01BH010,1995-02-03,46.4900016784668, 
01BH010,1995-03-03,46.72999954223633, 
01BH010,1995-04-03,46.59999847412109, 
01BH010,1995-05-03,47.209999084472656, 
01BH010,1995-06-03,47.459999084472656, 
01BH010,1995-07-03,46.4900016784668, 
01BH010,1995-08-03,46.34999847412109, 
01BH010,1995-09-03,46.29999923706055, 
01BH010,1995-10-03,46.27000045776367, 
01BH010,1995-11-03,46.81999969482422, 
01BH010,1995-12-03,47.560001373291016, 
01BH010,1996-01-03,46.880001068115234, 
01BH010,1996-02-03,47.43000030517578, 
01BH010,1996-03-03,46.83000183105469, 
01BH010,1996-04-03,46.43000030517578, 
01BH010,1996-05-03,47.7400016784668, 
01BH010,1996-06-03,47.130001068115234, 
01BH010,1996-07-03,46.650001525878906, 
01BH010,1996-08-03,46.70000076293945, 
01BH010,1996-09-03,46.33000183105469, 
01BH010,1996-10-03,46.2599983215332, 
01BH010,1996-11-03,46.29999923706055, 
01BH010,1996-12-03,46.630001068115234, 
01BH010,1997-01-03,47.34999847412109, 
01BH010,1997-02-03,46.66999816894531, 
01BH010,1997-03-03,46.400001525878906, 
01BH010,1997-04-03,46.43999862670898, 
01BH010,1997-05-03,47.060001373291016, 
01BH010,1997-06-03,47.220001220703125, 
01BH010,1997-07-03,46.619998931884766, 
01BH010,1997-08-03,46.380001068115234, 
01BH010,1997-09-03,46.31999969482422, 
01BH010,1997-10-03,46.26900100708008, 
01BH010,1997-11-03,46.345001220703125, 
01BH010,1997-12-03,46.37900161743164, 
01BH010,1998-01-03,46.4739990234375, 
01BH010,1998-02-03,46.36199951171875, 
01BH010,1998-03-03,46.57500076293945, 
01BH010,1998-04-03,46.51399993896485, 
01BH010,1998-05-03,47.39099884033203, 
01BH010,1998-06-03,46.6879997253418, 
01BH010,1998-07-03,46.70000076293945, 
01BH010,1998-08-03,46.542999267578125, 
01BH010,1998-09-03,46.36199951171875, 
01BH010,1998-10-03,46.53499984741211, 
01BH010,1998-11-03,47.07600021362305, 
01BH010,1998-12-03,46.446998596191406, 
01BH010,1999-01-03,, 
01BH010,1999-02-03,46.46699905395508, 
01BH010,1999-03-03,46.44300079345703, 
01BH010,1999-04-03,46.5009994506836, 
01BH010,1999-05-03,47.37699890136719, 
01BH010,1999-06-03,46.74599838256836, 
01BH010,1999-07-03,46.36000061035156, 
01BH010,1999-08-03,46.266998291015625, 
01BH010,1999-09-03,46.23899841308594, 
01BH010,1999-10-03,46.63199996948242, 
01BH010,1999-11-03,46.64799880981445, 
01BH010,1999-12-03,46.7239990234375, 
01BH010,2000-01-03,47.14899826049805, 
01BH010,2000-02-03,46.5, 
01BH010,2000-03-03,47.02399826049805, 
01BH010,2000-04-03,46.7400016784668, 
01BH010,2000-05-03,46.77199935913086, 
01BH010,2000-06-03,47.06600189208984, 
01BH010,2000-07-03,46.48600006103516, 
01BH010,2000-08-03,46.38800048828125, 
01BH010,2000-09-03,46.33100128173828, 
01BH010,2000-10-03,46.28499984741211, 
01BH010,2000-11-03,46.36100006103516, 
01BH010,2000-12-03,46.50199890136719, 
01BH010,2001-01-03,46.88100051879883, 
01BH010,2001-02-03,46.41699981689453, 
01BH010,2001-03-03,46.37799835205078, 
01BH010,2001-04-03,46.30099868774414, 
01BH010,2001-05-03,47.053001403808594, 
01BH010,2001-06-03,, 
01BH010,2001-07-03,46.47200012207031, 
01BH010,2001-08-03,46.334999084472656, 
01BH010,2001-09-03,46.33399963378906, 
01BH010,2001-10-03,46.28200149536133, 
01BH010,2001-11-03,46.51900100708008, 
01BH010,2001-12-03,46.40800094604492, 
01BH010,2002-01-03,46.56999969482422, 
01BH010,2002-02-03,46.49700164794922, 
01BH010,2002-03-03,46.85699844360352, 
01BH010,2002-04-03,46.31700134277344, 
01BH010,2002-05-03,46.65700149536133, 
01BH010,2002-06-03,46.87699890136719, 
01BH010,2002-07-03,46.560001373291016, 
01BH010,2002-08-03,46.499000549316406, 
01BH010,2002-09-03,46.34999847412109, 
01BH010,2002-10-03,46.34099960327149, 
01BH010,2002-11-03,46.2760009765625, 
01BH010,2002-12-03,46.3489990234375, 
01BH010,2003-01-03,46.48199844360352, 
01BH010,2003-02-03,46.55099868774414, 
01BH010,2003-03-03,46.35499954223633, 
01BH010,2003-04-03,46.35300064086914, 
01BH010,2003-05-03,47.00199890136719, 
01BH010,2003-06-03,47.22700119018555, 
01BH010,2003-07-03,46.415000915527344, 
01BH010,2003-08-03,46.42900085449219, 
01BH010,2003-09-03,46.33399963378906, 
01BH010,2003-10-03,46.290000915527344, 
01BH010,2003-11-03,46.91699981689453, 
01BH010,2003-12-03,46.6510009765625, 
01BH010,2004-01-03,46.54800033569336, 
01BH010,2004-02-03,46.9370002746582, 
01BH010,2004-03-03,46.38399887084961, 
01BH010,2004-04-03,46.46599960327149, 
01BH010,2004-05-03,47.95100021362305, 
01BH010,2004-06-03,46.810001373291016, 
01BH010,2004-07-03,46.402000427246094, 
01BH010,2004-08-03,46.34600067138672, 
01BH010,2004-09-03,46.46699905395508, 
01BH010,2004-10-03,46.41299819946289, 
01BH010,2004-11-03,46.42699813842773, 
01BH010,2004-12-03,46.527000427246094, 
01BH010,2005-01-03,46.58200073242188, 
01BH010,2005-02-03,46.56399917602539, 
01BH010,2005-03-03,46.40999984741211, 
01BH010,2005-04-03,46.33399963378906, 
01BH010,2005-05-03,47.70100021362305, 
01BH010,2005-06-03,46.85699844360352, 
01BH010,2005-07-03,46.45299911499024, 
01BH010,2005-08-03,, 
01BH010,2005-09-03,46.47600173950195, 
01BH010,2005-10-03,46.40299987792969, 
01BH010,2005-11-03,46.59000015258789, 
01BH010,2005-12-03,47.29999923706055, 
01BH010,2006-01-03,46.52299880981445, 
01BH010,2006-02-03,46.573001861572266, 
01BH010,2006-03-03,46.55899810791016, 
01BH010,2006-04-03,46.38100051879883, 
01BH010,2006-05-03,47.26800155639648, 
01BH010,2006-06-03,, 
01BH010,2006-07-03,46.61600112915039, 
01BH010,2006-08-03,46.31700134277344, 
01BH010,2006-09-03,46.22999954223633, 
01BH010,2006-10-03,46.41400146484375, 
01BH010,2006-11-03,46.880001068115234, 
01BH010,2006-12-03,46.54899978637695, 
01BH010,2007-01-03,46.55699920654297, 
01BH010,2007-02-03,, 
01BH010,2007-03-03,46.516998291015625, 
01BH010,2007-04-03,46.33200073242188, 
01BH010,2007-05-03,47.05899810791016, 
01BH010,2007-06-03,46.86899948120117, 
01BH010,2007-07-03,46.5620002746582, 
01BH010,2007-08-03,46.79199981689453, 
01BH010,2007-09-03,46.43000030517578, 
01BH010,2007-10-03,46.354000091552734, 
01BH010,2007-11-03,46.45600128173828, 
01BH010,2007-12-03,46.61199951171875, 
01BH010,2008-01-03,46.68000030517578, 
01BH010,2008-02-03,46.59000015258789, 
01BH010,2008-03-03,46.53900146484375, 
01BH010,2008-04-03,46.41400146484375, 
01BH010,2008-05-03,47.5260009765625, 
01BH010,2008-06-03,46.88999938964844, 
01BH010,2008-07-03,46.60599899291992, 
01BH010,2008-08-03,46.66699981689453, 
01BH010,2008-09-03,46.40900039672852, 
01BH010,2008-10-03,47.04199981689453, 
01BH010,2008-11-03,46.98699951171875, 
01BH010,2008-12-03,46.59199905395508, 
01BH010,2009-01-03,46.93299865722656, 
01BH010,2009-02-03,46.525001525878906, 
01BH010,2009-03-03,46.71599960327149, 
01BH010,2009-04-03,46.30699920654297, 
01BH010,2009-05-03,47.448001861572266, 
01BH010,2009-06-03,46.85100173950195, 
01BH010,2009-07-03,46.55799865722656, 
01BH010,2009-08-03,46.55799865722656, 
01BH010,2009-09-03,46.33599853515625, 
01BH010,2009-10-03,46.34299850463867, 
01BH010,2009-11-03,46.49599838256836, 
01BH010,2009-12-03,46.5, 
01BH010,2010-01-03,46.45399856567383, 
01BH010,2010-02-03,46.74800109863281, 
01BH010,2010-03-03,, 
01BH010,2010-04-03,46.45899963378906, 
01BH010,2010-05-03,47.19300079345703, 
01BH010,2010-06-03,46.624000549316406, 
01BH010,2010-07-03,46.4370002746582, 
01BH010,2010-08-03,46.45600128173828, 
01BH010,2010-09-03,46.29999923706055, 
01BH010,2010-10-03,46.97800064086914, 
01BH010,2010-11-03,46.75600051879883, 
01BH010,2010-12-03,46.58000183105469, 
01BH010,2011-01-03,46.65700149536133, 
01BH010,2011-02-03,, 
01BH010,2011-03-03,46.50600051879883, 
01BH010,2011-04-03,, 
01BH010,2011-05-03,47.41400146484375, 
01BH010,2011-06-03,47.36299896240234, 
01BH010,2011-07-03,46.57899856567383, 
01BH010,2011-08-03,46.5260009765625, 
01BH010,2011-09-03,46.90399932861328, 
01BH010,2011-10-03,46.46900177001953, 
01BH010,2011-11-03,46.40499877929688, 
01BH010,2011-12-03,46.52299880981445, 
01BH010,2012-01-03,46.902000427246094, 
01BH010,2012-02-03,, 
01BH010,2012-03-03,46.7239990234375, 
01BH010,2012-04-03,46.625, 
01BH010,2012-05-03,46.99599838256836, 
01BH010,2012-06-03,46.60200119018555, 
01BH010,2012-07-03,46.834999084472656, 
01BH010,2012-08-03,46.38899993896485, 
01BH010,2012-09-03,46.4370002746582, 
01BH010,2012-10-03,46.35599899291992, 
01BH010,2012-11-03,46.7859992980957, 
01BH010,2012-12-03,, 
01BH010,2013-01-03,, 
01BH010,2013-03-03,, 
01BH010,2013-04-03,46.4640007019043, 
01BH010,2013-05-03,47.59099960327149, 
01BH010,2013-06-03,47.11100006103516, 
01BH010,2013-07-03,46.39799880981445, 
01BH010,2013-08-03,46.42499923706055, 
01BH010,2013-09-03,46.42499923706055, 
01BH010,2013-10-03,46.42599868774414, 
01BH010,1991-08-04,, 
01BH010,1991-09-04,46.36000061035156, 
01BH010,1991-10-04,46.540000915527344, 
01BH010,1991-11-04,46.880001068115234, 
01BH010,1991-12-04,46.61000061035156, 
01BH010,1992-03-04,, 
01BH010,1992-04-04,47.0, 
01BH010,1992-05-04,47.09999847412109, 
01BH010,1992-06-04,46.66999816894531, 
01BH010,1992-07-04,46.84000015258789, 
01BH010,1992-08-04,46.56999969482422, 
01BH010,1992-09-04,46.36000061035156, 
01BH010,1992-10-04,46.2599983215332, 
01BH010,1992-11-04,46.29999923706055, 
01BH010,1992-12-04,46.29999923706055, 
01BH010,1993-01-04,46.540000915527344, 
01BH010,1993-02-04,46.380001068115234, 
01BH010,1993-03-04,46.36000061035156, 
01BH010,1993-04-04,46.2599983215332, 
01BH010,1993-05-04,47.08000183105469, 
01BH010,1993-06-04,46.86000061035156, 
01BH010,1993-07-04,46.52999877929688, 
01BH010,1993-08-04,46.58000183105469, 
01BH010,1993-09-04,46.43000030517578, 
01BH010,1993-10-04,46.41999816894531, 
01BH010,1993-11-04,46.59000015258789, 
01BH010,1993-12-04,46.61000061035156, 
01BH010,1994-01-04,, 
01BH010,1994-02-04,47.310001373291016, 
01BH010,1994-03-04,47.31999969482422, 
01BH010,1994-04-04,46.77999877929688, 
01BH010,1994-05-04,46.84999847412109, 
01BH010,1994-06-04,47.310001373291016, 
01BH010,1994-07-04,46.650001525878906, 
01BH010,1994-08-04,46.54999923706055, 
01BH010,1994-09-04,46.29999923706055, 
01BH010,1994-10-04,46.459999084472656, 
01BH010,1994-11-04,46.619998931884766, 
01BH010,1994-12-04,46.81999969482422, 
01BH010,1995-01-04,46.79999923706055, 
01BH010,1995-02-04,46.54999923706055, 
01BH010,1995-03-04,46.380001068115234, 
01BH010,1995-04-04,46.540000915527344, 
01BH010,1995-05-04,47.22999954223633, 
01BH010,1995-06-04,47.43999862670898, 
01BH010,1995-07-04,46.5, 
01BH010,1995-08-04,46.34000015258789, 
01BH010,1995-09-04,46.29999923706055, 
01BH010,1995-10-04,46.27999877929688, 
01BH010,1995-11-04,46.790000915527344, 
01BH010,1995-12-04,46.59000015258789, 
01BH010,1996-01-04,47.5099983215332, 
01BH010,1996-02-04,47.36000061035156, 
01BH010,1996-03-04,47.90999984741211, 
01BH010,1996-04-04,46.380001068115234, 
01BH010,1996-05-04,47.81999969482422, 
01BH010,1996-06-04,47.119998931884766, 
01BH010,1996-07-04,46.630001068115234, 
01BH010,1996-08-04,46.66999816894531, 
01BH010,1996-09-04,46.33000183105469, 
01BH010,1996-10-04,46.25, 
01BH010,1996-11-04,46.310001373291016, 
01BH010,1996-12-04,46.84000015258789, 
01BH010,1997-01-04,48.59000015258789, 
01BH010,1997-02-04,46.63999938964844, 
01BH010,1997-03-04,46.380001068115234, 
01BH010,1997-04-04,46.58000183105469, 
01BH010,1997-05-04,47.09999847412109, 
01BH010,1997-06-04,47.150001525878906, 
01BH010,1997-07-04,46.619998931884766, 
01BH010,1997-08-04,46.36299896240234, 
01BH010,1997-09-04,46.31600189208984, 
01BH010,1997-10-04,46.26800155639648, 
01BH010,1997-11-04,46.40800094604492, 
01BH010,1997-12-04,46.36100006103516, 
01BH010,1998-01-04,46.42499923706055, 
01BH010,1998-02-04,, 
01BH010,1998-03-04,46.595001220703125, 
01BH010,1998-04-04,46.49700164794922, 
01BH010,1998-05-04,47.54999923706055, 
01BH010,1998-06-04,46.69400024414063, 
01BH010,1998-07-04,46.66899871826172, 
01BH010,1998-08-04,46.5260009765625, 
01BH010,1998-09-04,46.38399887084961, 
01BH010,1998-10-04,46.52199935913086, 
01BH010,1998-11-04,47.025001525878906, 
01BH010,1998-12-04,46.43999862670898, 
01BH010,1999-01-04,46.73199844360352, 
01BH010,1999-02-04,46.25199890136719, 
01BH010,1999-03-04,46.45700073242188, 
01BH010,1999-04-04,46.50199890136719, 
01BH010,1999-05-04,47.73500061035156, 
01BH010,1999-06-04,46.73899841308594, 
01BH010,1999-07-04,46.35699844360352, 
01BH010,1999-08-04,46.26100158691406, 
01BH010,1999-09-04,46.23600006103516, 
01BH010,1999-10-04,46.608001708984375, 
01BH010,1999-11-04,46.71900177001953, 
01BH010,1999-12-04,46.6870002746582, 
01BH010,2000-01-04,47.04899978637695, 
01BH010,2000-02-04,46.52099990844727, 
01BH010,2000-03-04,47.03400039672852, 
01BH010,2000-04-04,46.77899932861328, 
01BH010,2000-05-04,46.821998596191406, 
01BH010,2000-06-04,47.0260009765625, 
01BH010,2000-07-04,46.48099899291992, 
01BH010,2000-08-04,46.37900161743164, 
01BH010,2000-09-04,46.321998596191406, 
01BH010,2000-10-04,46.28099822998047, 
01BH010,2000-11-04,46.36399841308594, 
01BH010,2000-12-04,47.25699996948242, 
01BH010,2001-01-04,46.858001708984375, 
01BH010,2001-02-04,46.40900039672852, 
01BH010,2001-03-04,46.32699966430664, 
01BH010,2001-04-04,46.29800033569336, 
01BH010,2001-05-04,47.30199813842773, 
01BH010,2001-06-04,47.007999420166016, 
01BH010,2001-07-04,46.44499969482422, 
01BH010,2001-08-04,46.32899856567383, 
01BH010,2001-09-04,46.32500076293945, 
01BH010,2001-10-04,46.3129997253418, 
01BH010,2001-11-04,46.50699996948242, 
01BH010,2001-12-04,46.402000427246094, 
01BH010,2002-01-04,46.65800094604492, 
01BH010,2002-02-04,46.4900016784668, 
01BH010,2002-03-04,46.88800048828125, 
01BH010,2002-04-04,46.31600189208984, 
01BH010,2002-05-04,46.67399978637695, 
01BH010,2002-06-04,46.83000183105469, 
01BH010,2002-07-04,46.54100036621094, 
01BH010,2002-08-04,46.48400115966797, 
01BH010,2002-09-04,46.345001220703125, 
01BH010,2002-10-04,46.33200073242188, 
01BH010,2002-11-04,46.292999267578125, 
01BH010,2002-12-04,46.3120002746582, 
01BH010,2003-01-04,46.47100067138672, 
01BH010,2003-02-04,46.542999267578125, 
01BH010,2003-03-04,46.34400177001953, 
01BH010,2003-04-04,46.3390007019043, 
01BH010,2003-05-04,47.00699996948242, 
01BH010,2003-06-04,47.119998931884766, 
01BH010,2003-07-04,46.42300033569336, 
01BH010,2003-08-04,46.417999267578125, 
01BH010,2003-09-04,46.32500076293945, 
01BH010,2003-10-04,46.305999755859375, 
01BH010,2003-11-04,46.85200119018555, 
01BH010,2003-12-04,46.624000549316406, 
01BH010,2004-01-04,46.61399841308594, 
01BH010,2004-02-04,46.85499954223633, 
01BH010,2004-03-04,46.37900161743164, 
01BH010,2004-04-04,46.39300155639648, 
01BH010,2004-05-04,48.32799911499024, 
01BH010,2004-06-04,46.80400085449219, 
01BH010,2004-07-04,46.40399932861328, 
01BH010,2004-08-04,46.3380012512207, 
01BH010,2004-09-04,46.45800018310547, 
01BH010,2004-10-04,46.402000427246094, 
01BH010,2004-11-04,46.41699981689453, 
01BH010,2004-12-04,46.49700164794922, 
01BH010,2005-01-04,46.555999755859375, 
01BH010,2005-02-04,46.55699920654297, 
01BH010,2005-03-04,46.42399978637695, 
01BH010,2005-04-04,46.40299987792969, 
01BH010,2005-05-04,47.53799819946289, 
01BH010,2005-06-04,46.82899856567383, 
01BH010,2005-07-04,46.44200134277344, 
01BH010,2005-08-04,, 
01BH010,2005-09-04,46.45199966430664, 
01BH010,2005-10-04,46.39799880981445, 
01BH010,2005-11-04,46.59400177001953, 
01BH010,2005-12-04,47.22299957275391, 
01BH010,2006-01-04,46.55899810791016, 
01BH010,2006-02-04,46.56800079345703, 
01BH010,2006-03-04,46.553001403808594, 
01BH010,2006-04-04,46.42300033569336, 
01BH010,2006-05-04,47.37300109863281, 
01BH010,2006-06-04,46.74399948120117, 
01BH010,2006-07-04,46.60699844360352, 
01BH010,2006-08-04,46.31499862670898, 
01BH010,2006-09-04,46.23400115966797, 
01BH010,2006-10-04,46.40700149536133, 
01BH010,2006-11-04,46.821998596191406, 
01BH010,2006-12-04,46.51300048828125, 
01BH010,2007-01-04,46.55099868774414, 
01BH010,2007-02-04,46.882999420166016, 
01BH010,2007-03-04,46.5260009765625, 
01BH010,2007-04-04,46.310001373291016, 
01BH010,2007-05-04,47.108001708984375, 
01BH010,2007-06-04,46.82799911499024, 
01BH010,2007-07-04,46.53900146484375, 
01BH010,2007-08-04,46.74300003051758, 
01BH010,2007-09-04,46.41699981689453, 
01BH010,2007-10-04,46.37300109863281, 
01BH010,2007-11-04,46.560001373291016, 
01BH010,2007-12-04,46.608001708984375, 
01BH010,2008-01-04,46.68600082397461, 
01BH010,2008-02-04,46.56399917602539, 
01BH010,2008-03-04,46.52999877929688, 
01BH010,2008-04-04,46.40999984741211, 
01BH010,2008-05-04,47.58100128173828, 
01BH010,2008-06-04,46.85300064086914, 
01BH010,2008-07-04,46.60100173950195, 
01BH010,2008-08-04,47.07899856567383, 
01BH010,2008-09-04,46.4010009765625, 
01BH010,2008-10-04,47.05199813842773, 
01BH010,2008-11-04,46.922000885009766, 
01BH010,2008-12-04,46.573001861572266, 
01BH010,2009-01-04,46.902000427246094, 
01BH010,2009-02-04,46.494998931884766, 
01BH010,2009-03-04,46.69900131225586, 
01BH010,2009-04-04,46.37200164794922, 
01BH010,2009-05-04,47.42900085449219, 
01BH010,2009-06-04,46.81499862670898, 
01BH010,2009-07-04,46.54499816894531, 
01BH010,2009-08-04,46.54899978637695, 
01BH010,2009-09-04,46.33200073242188, 
01BH010,2009-10-04,46.34099960327149, 
01BH010,2009-11-04,46.4900016784668, 
01BH010,2009-12-04,, 
01BH010,2010-01-04,46.41600036621094, 
01BH010,2010-02-04,46.75899887084961, 
01BH010,2010-03-04,46.28400039672852, 
01BH010,2010-04-04,, 
01BH010,2010-05-04,47.68299865722656, 
01BH010,2010-06-04,, 
01BH010,2010-07-04,46.42599868774414, 
01BH010,2010-08-04,46.446998596191406, 
01BH010,2010-09-04,46.32699966430664, 
01BH010,2010-10-04,46.9379997253418, 
01BH010,2010-11-04,46.72600173950195, 
01BH010,2010-12-04,46.625, 
01BH010,2011-01-04,46.62900161743164, 
01BH010,2011-02-04,46.57400131225586, 
01BH010,2011-03-04,46.5099983215332, 
01BH010,2011-04-04,46.36000061035156, 
01BH010,2011-05-04,47.555999755859375, 
01BH010,2011-06-04,47.27000045776367, 
01BH010,2011-07-04,46.58300018310547, 
01BH010,2011-08-04,46.5099983215332, 
01BH010,2011-09-04,46.84999847412109, 
01BH010,2011-10-04,46.45899963378906, 
01BH010,2011-11-04,46.40900039672852, 
01BH010,2011-12-04,46.507999420166016, 
01BH010,2012-01-04,46.84600067138672, 
01BH010,2012-02-04,46.60499954223633, 
01BH010,2012-03-04,46.72800064086914, 
01BH010,2012-04-04,46.5989990234375, 
01BH010,2012-05-04,46.999000549316406, 
01BH010,2012-06-04,46.58300018310547, 
01BH010,2012-07-04,46.78799819946289, 
01BH010,2012-08-04,46.40399932861328, 
01BH010,2012-09-04,46.42399978637695, 
01BH010,2012-10-04,46.34700012207031, 
01BH010,2012-11-04,46.78200149536133, 
01BH010,2012-12-04,46.45600128173828, 
01BH010,2013-01-04,46.46500015258789, 
01BH010,2013-03-04,, 
01BH010,2013-04-04,46.46799850463867, 
01BH010,2013-05-04,47.58700180053711, 
01BH010,2013-06-04,47.130001068115234, 
01BH010,2013-07-04,46.38899993896485, 
01BH010,2013-08-04,46.47499847412109, 
01BH010,2013-09-04,46.45299911499024, 
01BH010,2013-10-04,46.41699981689453, 
01BH010,1991-08-05,, 
01BH010,1991-09-05,46.34999847412109, 
01BH010,1991-10-05,46.59999847412109, 
01BH010,1991-11-05,46.95000076293945, 
01BH010,1991-12-05,48.7599983215332, 
01BH010,1992-03-05,, 
01BH010,1992-04-05,46.93000030517578, 
01BH010,1992-05-05,47.040000915527344, 
01BH010,1992-06-05,46.650001525878906, 
01BH010,1992-07-05,46.79999923706055, 
01BH010,1992-08-05,46.59000015258789, 
01BH010,1992-09-05,46.36000061035156, 
01BH010,1992-10-05,46.25, 
01BH010,1992-11-05,46.34999847412109, 
01BH010,1992-12-05,46.29999923706055, 
01BH010,1993-01-05,46.56999969482422, 
01BH010,1993-02-05,46.36000061035156, 
01BH010,1993-03-05,46.380001068115234, 
01BH010,1993-04-05,46.25, 
01BH010,1993-05-05,47.130001068115234, 
01BH010,1993-06-05,46.84000015258789, 
01BH010,1993-07-05,46.540000915527344, 
01BH010,1993-08-05,46.56999969482422, 
01BH010,1993-09-05,46.47999954223633, 
01BH010,1993-10-05,46.43999862670898, 
01BH010,1993-11-05,46.540000915527344, 
01BH010,1993-12-05,46.54999923706055, 
01BH010,1994-01-05,45.83000183105469, 
01BH010,1994-02-05,47.310001373291016, 
01BH010,1994-03-05,47.31999969482422, 
01BH010,1994-04-05,46.45000076293945, 
01BH010,1994-05-05,46.97999954223633, 
01BH010,1994-06-05,47.20000076293945, 
01BH010,1994-07-05,46.630001068115234, 
01BH010,1994-08-05,46.52999877929688, 
01BH010,1994-09-05,46.29999923706055, 
01BH010,1994-10-05,46.52000045776367, 
01BH010,1994-11-05,46.65999984741211, 
01BH010,1994-12-05,46.5099983215332, 
01BH010,1995-01-05,46.119998931884766, 
01BH010,1995-02-05,46.52999877929688, 
01BH010,1995-03-05,46.41999816894531, 
01BH010,1995-04-05,46.41999816894531, 
01BH010,1995-05-05,47.27999877929688, 
01BH010,1995-06-05,47.31999969482422, 
01BH010,1995-07-05,46.47999954223633, 
01BH010,1995-08-05,46.33000183105469, 
01BH010,1995-09-05,46.290000915527344, 
01BH010,1995-10-05,46.27999877929688, 
01BH010,1995-11-05,46.7599983215332, 
01BH010,1995-12-05,46.52000045776367, 
01BH010,1996-01-05,46.95000076293945, 
01BH010,1996-02-05,47.29999923706055, 
01BH010,1996-03-05,47.630001068115234, 
01BH010,1996-04-05,46.380001068115234, 
01BH010,1996-05-05,47.68999862670898, 
01BH010,1996-06-05,47.09999847412109, 
01BH010,1996-07-05,46.630001068115234, 
01BH010,1996-08-05,46.68000030517578, 
01BH010,1996-09-05,46.31999969482422, 
01BH010,1996-10-05,46.25, 
01BH010,1996-11-05,46.31999969482422, 
01BH010,1996-12-05,46.790000915527344, 
01BH010,1997-01-05,47.130001068115234, 
01BH010,1997-02-05,46.650001525878906, 
01BH010,1997-03-05,46.380001068115234, 
01BH010,1997-04-05,46.369998931884766, 
01BH010,1997-05-05,47.119998931884766, 
01BH010,1997-06-05,47.09999847412109, 
01BH010,1997-07-05,46.59999847412109, 
01BH010,1997-08-05,46.35200119018555, 
01BH010,1997-09-05,46.30799865722656, 
01BH010,1997-10-05,46.26300048828125, 
01BH010,1997-11-05,46.43399810791016, 
01BH010,1997-12-05,46.369998931884766, 
01BH010,1998-01-05,46.53200149536133, 
01BH010,1998-02-05,, 
01BH010,1998-03-05,46.56900024414063, 
01BH010,1998-04-05,46.48600006103516, 
01BH010,1998-05-05,47.63100051879883, 
01BH010,1998-06-05,46.77299880981445, 
01BH010,1998-07-05,46.65900039672852, 
01BH010,1998-08-05,46.5099983215332, 
01BH010,1998-09-05,46.38899993896485, 
01BH010,1998-10-05,46.52299880981445, 
01BH010,1998-11-05,46.97499847412109, 
01BH010,1998-12-05,46.430999755859375, 
01BH010,1999-01-05,46.68199920654297, 
01BH010,1999-02-05,46.40299987792969, 
01BH010,1999-03-05,46.51499938964844, 
01BH010,1999-04-05,46.48799896240234, 
01BH010,1999-05-05,47.92699813842773, 
01BH010,1999-06-05,46.71699905395508, 
01BH010,1999-07-05,46.36199951171875, 
01BH010,1999-08-05,46.26100158691406, 
01BH010,1999-09-05,46.23899841308594, 
01BH010,1999-10-05,46.58300018310547, 
01BH010,1999-11-05,46.744998931884766, 
01BH010,1999-12-05,46.66600036621094, 
01BH010,2000-01-05,47.08700180053711, 
01BH010,2000-02-05,46.479000091552734, 
01BH010,2000-03-05,46.930999755859375, 
01BH010,2000-04-05,46.80500030517578, 
01BH010,2000-05-05,47.0890007019043, 
01BH010,2000-06-05,46.98199844360352, 
01BH010,2000-07-05,46.505001068115234, 
01BH010,2000-08-05,46.369998931884766, 
01BH010,2000-09-05,46.31499862670898, 
01BH010,2000-10-05,46.277000427246094, 
01BH010,2000-11-05,46.40299987792969, 
01BH010,2000-12-05,47.167999267578125, 
01BH010,2001-01-05,46.7869987487793, 
01BH010,2001-02-05,46.40299987792969, 
01BH010,2001-03-05,46.31600189208984, 
01BH010,2001-04-05,46.2599983215332, 
01BH010,2001-05-05,47.48099899291992, 
01BH010,2001-06-05,47.08100128173828, 
01BH010,2001-07-05,46.43399810791016, 
01BH010,2001-08-05,46.31900024414063, 
01BH010,2001-09-05,46.31499862670898, 
01BH010,2001-10-05,46.34700012207031, 
01BH010,2001-11-05,46.492000579833984, 
01BH010,2001-12-05,46.382999420166016, 
01BH010,2002-01-05,46.845001220703125, 
01BH010,2002-02-05,46.47499847412109, 
01BH010,2002-03-05,46.84299850463867, 
01BH010,2002-04-05,46.32500076293945, 
01BH010,2002-05-05,46.667999267578125, 
01BH010,2002-06-05,46.7859992980957, 
01BH010,2002-07-05,46.53099822998047, 
01BH010,2002-08-05,46.47200012207031, 
01BH010,2002-09-05,46.36800003051758, 
01BH010,2002-10-05,46.32799911499024, 
01BH010,2002-11-05,46.2859992980957, 
01BH010,2002-12-05,46.30899810791016, 
01BH010,2003-01-05,46.4640007019043, 
01BH010,2003-02-05,46.5369987487793, 
01BH010,2003-03-05,46.345001220703125, 
01BH010,2003-04-05,46.34600067138672, 
01BH010,2003-05-05,46.99300003051758, 
01BH010,2003-06-05,47.03400039672852, 
01BH010,2003-07-05,46.40700149536133, 
01BH010,2003-08-05,46.40599822998047, 
01BH010,2003-09-05,46.33100128173828, 
01BH010,2003-10-05,46.32400131225586, 
01BH010,2003-11-05,46.79199981689453, 
01BH010,2003-12-05,46.58399963378906, 
01BH010,2004-01-05,46.571998596191406, 
01BH010,2004-02-05,46.81900024414063, 
01BH010,2004-03-05,46.4010009765625, 
01BH010,2004-04-05,46.35699844360352, 
01BH010,2004-05-05,48.494998931884766, 
01BH010,2004-06-05,46.77399826049805, 
01BH010,2004-07-05,46.39699935913086, 
01BH010,2004-08-05,46.32899856567383, 
01BH010,2004-09-05,46.44900131225586, 
01BH010,2004-10-05,46.39899826049805, 
01BH010,2004-11-05,46.41699981689453, 
01BH010,2004-12-05,46.50699996948242, 
01BH010,2005-01-05,46.54100036621094, 
01BH010,2005-02-05,46.542999267578125, 
01BH010,2005-03-05,46.41699981689453, 
01BH010,2005-04-05,46.459999084472656, 
01BH010,2005-05-05,47.42599868774414, 
01BH010,2005-06-05,46.79399871826172, 
01BH010,2005-07-05,46.428001403808594, 
01BH010,2005-08-05,, 
01BH010,2005-09-05,46.428001403808594, 
01BH010,2005-10-05,46.37300109863281, 
01BH010,2005-11-05,46.5989990234375, 
01BH010,2005-12-05,47.10900115966797, 
01BH010,2006-01-05,46.69900131225586, 
01BH010,2006-02-05,46.54999923706055, 
01BH010,2006-03-05,46.54199981689453, 
01BH010,2006-04-05,46.4370002746582, 
01BH010,2006-05-05,47.54800033569336, 
01BH010,2006-06-05,46.71099853515625, 
01BH010,2006-07-05,46.60100173950195, 
01BH010,2006-08-05,46.334999084472656, 
01BH010,2006-09-05,46.24800109863281, 
01BH010,2006-10-05,46.43299865722656, 
01BH010,2006-11-05,46.7760009765625, 
01BH010,2006-12-05,46.50400161743164, 
01BH010,2007-01-05,46.4900016784668, 
01BH010,2007-02-05,46.86000061035156, 
01BH010,2007-03-05,46.50400161743164, 
01BH010,2007-04-05,46.310001373291016, 
01BH010,2007-05-05,47.1259994506836, 
01BH010,2007-06-05,46.77899932861328, 
01BH010,2007-07-05,46.52099990844727, 
01BH010,2007-08-05,46.70000076293945, 
01BH010,2007-09-05,46.415000915527344, 
01BH010,2007-10-05,46.36299896240234, 
01BH010,2007-11-05,46.56700134277344, 
01BH010,2007-12-05,46.560001373291016, 
01BH010,2008-01-05,46.70199966430664, 
01BH010,2008-02-05,46.56800079345703, 
01BH010,2008-03-05,46.56999969482422, 
01BH010,2008-04-05,46.41400146484375, 
01BH010,2008-05-05,47.68199920654297, 
01BH010,2008-06-05,46.81399917602539, 
01BH010,2008-07-05,46.58200073242188, 
01BH010,2008-08-05,47.00899887084961, 
01BH010,2008-09-05,46.39400100708008, 
01BH010,2008-10-05,46.97600173950195, 
01BH010,2008-11-05,46.87099838256836, 
01BH010,2008-12-05,46.55500030517578, 
01BH010,2009-01-05,46.8650016784668, 
01BH010,2009-02-05,46.47600173950195, 
01BH010,2009-03-05,46.696998596191406, 
01BH010,2009-04-05,46.46799850463867, 
01BH010,2009-05-05,47.4109992980957, 
01BH010,2009-06-05,46.75400161743164, 
01BH010,2009-07-05,46.555999755859375, 
01BH010,2009-08-05,46.53200149536133, 
01BH010,2009-09-05,46.32899856567383, 
01BH010,2009-10-05,46.43000030517578, 
01BH010,2009-11-05,46.48500061035156, 
01BH010,2009-12-05,46.51100158691406, 
01BH010,2010-01-05,46.40599822998047, 
01BH010,2010-02-05,, 
01BH010,2010-03-05,46.2869987487793, 
01BH010,2010-04-05,, 
01BH010,2010-05-05,47.60699844360352, 
01BH010,2010-06-05,46.55899810791016, 
01BH010,2010-07-05,46.43199920654297, 
01BH010,2010-08-05,46.435001373291016, 
01BH010,2010-09-05,46.494998931884766, 
01BH010,2010-10-05,46.88199996948242, 
01BH010,2010-11-05,46.78300094604492, 
01BH010,2010-12-05,46.98099899291992, 
01BH010,2011-01-05,46.5989990234375, 
01BH010,2011-02-05,, 
01BH010,2011-03-05,46.50400161743164, 
01BH010,2011-04-05,46.36100006103516, 
01BH010,2011-05-05,47.85300064086914, 
01BH010,2011-06-05,47.172000885009766, 
01BH010,2011-07-05,46.58300018310547, 
01BH010,2011-08-05,46.492000579833984, 
01BH010,2011-09-05,46.84099960327149, 
01BH010,2011-10-05,46.46200180053711, 
01BH010,2011-11-05,46.40900039672852, 
01BH010,2011-12-05,46.52299880981445, 
01BH010,2012-01-05,46.80500030517578, 
01BH010,2012-02-05,46.57699966430664, 
01BH010,2012-03-05,46.69599914550781, 
01BH010,2012-04-05,46.58399963378906, 
01BH010,2012-05-05,47.04199981689453, 
01BH010,2012-06-05,46.56999969482422, 
01BH010,2012-07-05,46.74800109863281, 
01BH010,2012-08-05,46.38100051879883, 
01BH010,2012-09-05,46.415000915527344, 
01BH010,2012-10-05,46.34000015258789, 
01BH010,2012-11-05,, 
01BH010,2012-12-05,46.44599914550781, 
01BH010,2013-01-05,46.56999969482422, 
01BH010,2013-03-05,, 
01BH010,2013-04-05,46.46599960327149, 
01BH010,2013-05-05,47.63999938964844, 
01BH010,2013-06-05,, 
01BH010,2013-07-05,46.38100051879883, 
01BH010,2013-08-05,46.4900016784668, 
01BH010,2013-09-05,46.43299865722656, 
01BH010,2013-10-05,46.40800094604492, 
01BH010,1991-08-06,, 
01BH010,1991-09-06,46.34000015258789, 
01BH010,1991-10-06,46.58000183105469, 
01BH010,1991-11-06,46.93999862670898, 
01BH010,1991-12-06,48.7599983215332, 
01BH010,1992-03-06,, 
01BH010,1992-04-06,46.93000030517578, 
01BH010,1992-05-06,46.959999084472656, 
01BH010,1992-06-06,46.630001068115234, 
01BH010,1992-07-06,46.77000045776367, 
01BH010,1992-08-06,46.61000061035156, 
01BH010,1992-09-06,46.36000061035156, 
01BH010,1992-10-06,46.25, 
01BH010,1992-11-06,46.34000015258789, 
01BH010,1992-12-06,46.470001220703125, 
01BH010,1993-01-06,46.52000045776367, 
01BH010,1993-02-06,46.36000061035156, 
01BH010,1993-03-06,46.369998931884766, 
01BH010,1993-04-06,46.22999954223633, 
01BH010,1993-05-06,47.27000045776367, 
01BH010,1993-06-06,46.810001373291016, 
01BH010,1993-07-06,46.52999877929688, 
01BH010,1993-08-06,46.59000015258789, 
01BH010,1993-09-06,46.45000076293945, 
01BH010,1993-10-06,46.43000030517578, 
01BH010,1993-11-06,46.54999923706055, 
01BH010,1993-12-06,46.540000915527344, 
01BH010,1994-01-06,47.58000183105469, 
01BH010,1994-02-06,47.310001373291016, 
01BH010,1994-03-06,47.31999969482422, 
01BH010,1994-04-06,46.29999923706055, 
01BH010,1994-05-06,47.15999984741211, 
01BH010,1994-06-06,47.130001068115234, 
01BH010,1994-07-06,46.619998931884766, 
01BH010,1994-08-06,46.52999877929688, 
01BH010,1994-09-06,46.29999923706055, 
01BH010,1994-10-06,46.59000015258789, 
01BH010,1994-11-06,46.68000030517578, 
01BH010,1994-12-06,46.5099983215332, 
01BH010,1995-01-06,45.790000915527344, 
01BH010,1995-02-06,46.83000183105469, 
01BH010,1995-03-06,46.68000030517578, 
01BH010,1995-04-06,47.4900016784668, 
01BH010,1995-05-06,47.33000183105469, 
01BH010,1995-06-06,47.209999084472656, 
01BH010,1995-07-06,46.459999084472656, 
01BH010,1995-08-06,46.33000183105469, 
01BH010,1995-09-06,46.290000915527344, 
01BH010,1995-10-06,46.27999877929688, 
01BH010,1995-11-06,46.720001220703125, 
01BH010,1995-12-06,46.5099983215332, 
01BH010,1996-01-06,46.83000183105469, 
01BH010,1996-02-06,47.27999877929688, 
01BH010,1996-03-06,46.810001373291016, 
01BH010,1996-04-06,46.43999862670898, 
01BH010,1996-05-06,47.560001373291016, 
01BH010,1996-06-06,47.060001373291016, 
01BH010,1996-07-06,46.61000061035156, 
01BH010,1996-08-06,46.68999862670898, 
01BH010,1996-09-06,46.31999969482422, 
01BH010,1996-10-06,46.25, 
01BH010,1996-11-06,46.29999923706055, 
01BH010,1996-12-06,46.7400016784668, 
01BH010,1997-01-06,47.15999984741211, 
01BH010,1997-02-06,46.65999984741211, 
01BH010,1997-03-06,46.36000061035156, 
01BH010,1997-04-06,46.59999847412109, 
01BH010,1997-05-06,47.150001525878906, 
01BH010,1997-06-06,47.040000915527344, 
01BH010,1997-07-06,46.61000061035156, 
01BH010,1997-08-06,46.34999847412109, 
01BH010,1997-09-06,46.30199813842773, 
01BH010,1997-10-06,46.26399993896485, 
01BH010,1997-11-06,46.507999420166016, 
01BH010,1997-12-06,46.36600112915039, 
01BH010,1998-01-06,46.57600021362305, 
01BH010,1998-02-06,, 
01BH010,1998-03-06,46.547000885009766, 
01BH010,1998-04-06,46.48199844360352, 
01BH010,1998-05-06,47.617000579833984, 
01BH010,1998-06-06,46.79899978637695, 
01BH010,1998-07-06,46.64599990844727, 
01BH010,1998-08-06,46.49399948120117, 
01BH010,1998-09-06,46.37799835205078, 
01BH010,1998-10-06,46.52099990844727, 
01BH010,1998-11-06,46.92900085449219, 
01BH010,1998-12-06,46.417999267578125, 
01BH010,1999-01-06,, 
01BH010,1999-02-06,46.494998931884766, 
01BH010,1999-03-06,46.55500030517578, 
01BH010,1999-04-06,46.483001708984375, 
01BH010,1999-05-06,47.98600006103516, 
01BH010,1999-06-06,46.70299911499024, 
01BH010,1999-07-06,46.358001708984375, 
01BH010,1999-08-06,46.27099990844727, 
01BH010,1999-09-06,46.23799896240234, 
01BH010,1999-10-06,46.56700134277344, 
01BH010,1999-11-06,46.75400161743164, 
01BH010,1999-12-06,46.67100143432617, 
01BH010,2000-01-06,46.95500183105469, 
01BH010,2000-02-06,46.46799850463867, 
01BH010,2000-03-06,46.80099868774414, 
01BH010,2000-04-06,46.8380012512207, 
01BH010,2000-05-06,47.31800079345703, 
01BH010,2000-06-06,46.92399978637695, 
01BH010,2000-07-06,46.53300094604492, 
01BH010,2000-08-06,46.36600112915039, 
01BH010,2000-09-06,46.31100082397461, 
01BH010,2000-10-06,46.2760009765625, 
01BH010,2000-11-06,46.479000091552734, 
01BH010,2000-12-06,47.255001068115234, 
01BH010,2001-01-06,46.78300094604492, 
01BH010,2001-02-06,46.387001037597656, 
01BH010,2001-03-06,46.32500076293945, 
01BH010,2001-04-06,46.233001708984375, 
01BH010,2001-05-06,47.39699935913086, 
01BH010,2001-06-06,47.10599899291992, 
01BH010,2001-07-06,46.43000030517578, 
01BH010,2001-08-06,46.31100082397461, 
01BH010,2001-09-06,46.310001373291016, 
01BH010,2001-10-06,46.34799957275391, 
01BH010,2001-11-06,46.483001708984375, 
01BH010,2001-12-06,46.41299819946289, 
01BH010,2002-01-06,46.97100067138672, 
01BH010,2002-02-06,46.46200180053711, 
01BH010,2002-03-06,46.80699920654297, 
01BH010,2002-04-06,46.305999755859375, 
01BH010,2002-05-06,46.685001373291016, 
01BH010,2002-06-06,46.77899932861328, 
01BH010,2002-07-06,46.52299880981445, 
01BH010,2002-08-06,46.45800018310547, 
01BH010,2002-09-06,46.35699844360352, 
01BH010,2002-10-06,, 
01BH010,2002-11-06,46.27999877929688, 
01BH010,2002-12-06,46.323001861572266, 
01BH010,2003-01-06,46.46099853515625, 
01BH010,2003-02-06,46.54600143432617, 
01BH010,2003-03-06,46.33599853515625, 
01BH010,2003-04-06,46.31900024414063, 
01BH010,2003-05-06,47.005001068115234, 
01BH010,2003-06-06,46.9630012512207, 
01BH010,2003-07-06,46.39300155639648, 
01BH010,2003-08-06,46.39699935913086, 
01BH010,2003-09-06,, 
01BH010,2003-10-06,46.3390007019043, 
01BH010,2003-11-06,46.75, 
01BH010,2003-12-06,46.573001861572266, 
01BH010,2004-01-06,46.53400039672852, 
01BH010,2004-02-06,46.78200149536133, 
01BH010,2004-03-06,46.400001525878906, 
01BH010,2004-04-06,46.36399841308594, 
01BH010,2004-05-06,47.94599914550781, 
01BH010,2004-06-06,46.7400016784668, 
01BH010,2004-07-06,46.39099884033203, 
01BH010,2004-08-06,46.32899856567383, 
01BH010,2004-09-06,46.44100189208984, 
01BH010,2004-10-06,46.382999420166016, 
01BH010,2004-11-06,46.415000915527344, 
01BH010,2004-12-06,46.49800109863281, 
01BH010,2005-01-06,46.56800079345703, 
01BH010,2005-02-06,46.54399871826172, 
01BH010,2005-03-06,46.42499923706055, 
01BH010,2005-04-06,46.51499938964844, 
01BH010,2005-05-06,47.38899993896485, 
01BH010,2005-06-06,46.75699996948242, 
01BH010,2005-07-06,46.42900085449219, 
01BH010,2005-08-06,, 
01BH010,2005-09-06,46.40800094604492, 
01BH010,2005-10-06,46.36000061035156, 
01BH010,2005-11-06,46.59299850463867, 
01BH010,2005-12-06,47.01100158691406, 
01BH010,2006-01-06,46.76100158691406, 
01BH010,2006-02-06,46.53099822998047, 
01BH010,2006-03-06,46.53400039672852, 
01BH010,2006-04-06,46.43299865722656, 
01BH010,2006-05-06,47.63800048828125, 
01BH010,2006-06-06,46.678001403808594, 
01BH010,2006-07-06,46.59700012207031, 
01BH010,2006-08-06,46.32799911499024, 
01BH010,2006-09-06,46.25400161743164, 
01BH010,2006-10-06,46.42499923706055, 
01BH010,2006-11-06,46.73400115966797, 
01BH010,2006-12-06,46.51499938964844, 
01BH010,2007-01-06,46.428001403808594, 
01BH010,2007-02-06,46.880001068115234, 
01BH010,2007-03-06,46.49100112915039, 
01BH010,2007-04-06,46.303001403808594, 
01BH010,2007-05-06,47.071998596191406, 
01BH010,2007-06-06,46.77099990844727, 
01BH010,2007-07-06,46.5099983215332, 
01BH010,2007-08-06,46.6619987487793, 
01BH010,2007-09-06,46.40900039672852, 
01BH010,2007-10-06,46.34999847412109, 
01BH010,2007-11-06,46.53799819946289, 
01BH010,2007-12-06,46.52099990844727, 
01BH010,2008-01-06,46.72700119018555, 
01BH010,2008-02-06,46.57400131225586, 
01BH010,2008-03-06,46.54499816894531, 
01BH010,2008-04-06,46.40499877929688, 
01BH010,2008-05-06,47.755001068115234, 
01BH010,2008-06-06,46.77799987792969, 
01BH010,2008-07-06,46.5629997253418, 
01BH010,2008-08-06,46.91899871826172, 
01BH010,2008-09-06,46.39300155639648, 
01BH010,2008-10-06,46.90499877929688, 
01BH010,2008-11-06,46.823001861572266, 
01BH010,2008-12-06,46.5009994506836, 
01BH010,2009-01-06,46.834999084472656, 
01BH010,2009-02-06,46.45700073242188, 
01BH010,2009-03-06,46.69900131225586, 
01BH010,2009-04-06,46.54399871826172, 
01BH010,2009-05-06,47.37699890136719, 
01BH010,2009-06-06,46.74599838256836, 
01BH010,2009-07-06,46.54800033569336, 
01BH010,2009-08-06,46.51499938964844, 
01BH010,2009-09-06,46.32699966430664, 
01BH010,2009-10-06,46.665000915527344, 
01BH010,2009-11-06,46.46799850463867, 
01BH010,2009-12-06,, 
01BH010,2010-01-06,46.39099884033203, 
01BH010,2010-02-06,, 
01BH010,2010-03-06,, 
01BH010,2010-04-06,47.11299896240234, 
01BH010,2010-05-06,47.47200012207031, 
01BH010,2010-06-06,46.641998291015625, 
01BH010,2010-07-06,46.51300048828125, 
01BH010,2010-08-06,46.42399978637695, 
01BH010,2010-09-06,46.47100067138672, 
01BH010,2010-10-06,46.82699966430664, 
01BH010,2010-11-06,47.027000427246094, 
01BH010,2010-12-06,47.18199920654297, 
01BH010,2011-01-06,46.55400085449219, 
01BH010,2011-02-06,46.560001373291016, 
01BH010,2011-03-06,, 
01BH010,2011-04-06,, 
01BH010,2011-05-06,48.19499969482422, 
01BH010,2011-06-06,47.095001220703125, 
01BH010,2011-07-06,46.56499862670898, 
01BH010,2011-08-06,46.47800064086914, 
01BH010,2011-09-06,47.43999862670898, 
01BH010,2011-10-06,46.46599960327149, 
01BH010,2011-11-06,46.39899826049805, 
01BH010,2011-12-06,46.51499938964844, 
01BH010,2012-01-06,46.81499862670898, 
01BH010,2012-02-06,, 
01BH010,2012-03-06,46.64699935913086, 
01BH010,2012-04-06,46.560001373291016, 
01BH010,2012-05-06,47.09400177001953, 
01BH010,2012-06-06,46.56800079345703, 
01BH010,2012-07-06,46.71200180053711, 
01BH010,2012-08-06,46.37300109863281, 
01BH010,2012-09-06,46.42699813842773, 
01BH010,2012-10-06,46.34400177001953, 
01BH010,2012-11-06,46.744998931884766, 
01BH010,2012-12-06,, 
01BH010,2013-01-06,, 
01BH010,2013-03-06,, 
01BH010,2013-04-06,46.45600128173828, 
01BH010,2013-05-06,47.72700119018555, 
01BH010,2013-06-06,, 
01BH010,2013-07-06,46.375, 
01BH010,2013-08-06,46.53099822998047, 
01BH010,2013-09-06,46.41299819946289, 
01BH010,2013-10-06,46.39799880981445, 
01BH010,1991-08-07,, 
01BH010,1991-09-07,46.34000015258789, 
01BH010,1991-10-07,46.58000183105469, 
01BH010,1991-11-07,46.90999984741211, 
01BH010,1991-12-07,48.7599983215332, 
01BH010,1992-03-07,, 
01BH010,1992-04-07,46.720001220703125, 
01BH010,1992-05-07,46.90999984741211, 
01BH010,1992-06-07,46.61000061035156, 
01BH010,1992-07-07,46.75, 
01BH010,1992-08-07,46.619998931884766, 
01BH010,1992-09-07,46.34000015258789, 
01BH010,1992-10-07,46.25, 
01BH010,1992-11-07,46.34000015258789, 
01BH010,1992-12-07,46.369998931884766, 
01BH010,1993-01-07,46.5, 
01BH010,1993-02-07,46.52000045776367, 
01BH010,1993-03-07,46.34000015258789, 
01BH010,1993-04-07,46.22999954223633, 
01BH010,1993-05-07,47.52999877929688, 
01BH010,1993-06-07,46.790000915527344, 
01BH010,1993-07-07,46.5099983215332, 
01BH010,1993-08-07,46.54999923706055, 
01BH010,1993-09-07,46.43000030517578, 
01BH010,1993-10-07,46.43000030517578, 
01BH010,1993-11-07,46.58000183105469, 
01BH010,1993-12-07,47.25, 
01BH010,1994-01-07,46.20000076293945, 
01BH010,1994-02-07,47.310001373291016, 
01BH010,1994-03-07,47.31999969482422, 
01BH010,1994-04-07,46.310001373291016, 
01BH010,1994-05-07,47.38999938964844, 
01BH010,1994-06-07,47.09000015258789, 
01BH010,1994-07-07,46.630001068115234, 
01BH010,1994-08-07,46.5099983215332, 
01BH010,1994-09-07,46.31999969482422, 
01BH010,1994-10-07,46.54999923706055, 
01BH010,1994-11-07,46.68000030517578, 
01BH010,1994-12-07,46.4900016784668, 
01BH010,1995-01-07,46.70000076293945, 
01BH010,1995-02-07,46.65999984741211, 
01BH010,1995-03-07,46.400001525878906, 
01BH010,1995-04-07,46.4900016784668, 
01BH010,1995-05-07,47.470001220703125, 
01BH010,1995-06-07,47.11000061035156, 
01BH010,1995-07-07,46.45000076293945, 
01BH010,1995-08-07,46.31999969482422, 
01BH010,1995-09-07,46.38999938964844, 
01BH010,1995-10-07,46.27000045776367, 
01BH010,1995-11-07,46.68999862670898, 
01BH010,1995-12-07,46.650001525878906, 
01BH010,1996-01-07,46.75, 
01BH010,1996-02-07,47.22999954223633, 
01BH010,1996-03-07,46.810001373291016, 
01BH010,1996-04-07,46.4900016784668, 
01BH010,1996-05-07,47.41999816894531, 
01BH010,1996-06-07,47.02000045776367, 
01BH010,1996-07-07,46.630001068115234, 
01BH010,1996-08-07,46.63999938964844, 
01BH010,1996-09-07,46.310001373291016, 
01BH010,1996-10-07,46.25, 
01BH010,1996-11-07,46.209999084472656, 
01BH010,1996-12-07,46.72999954223633, 
01BH010,1997-01-07,47.209999084472656, 
01BH010,1997-02-07,46.630001068115234, 
01BH010,1997-03-07,46.36000061035156, 
01BH010,1997-04-07,46.5, 
01BH010,1997-05-07,47.22999954223633, 
01BH010,1997-06-07,, 
01BH010,1997-07-07,46.59000015258789, 
01BH010,1997-08-07,46.33700180053711, 
01BH010,1997-09-07,46.30400085449219, 
01BH010,1997-10-07,46.28200149536133, 
01BH010,1997-11-07,46.53400039672852, 
01BH010,1997-12-07,46.34600067138672, 
01BH010,1998-01-07,46.5880012512207, 
01BH010,1998-02-07,, 
01BH010,1998-03-07,46.52000045776367, 
01BH010,1998-04-07,46.47200012207031, 
01BH010,1998-05-07,47.65399932861328, 
01BH010,1998-06-07,46.79999923706055, 
01BH010,1998-07-07,46.61399841308594, 
01BH010,1998-08-07,46.48099899291992, 
01BH010,1998-09-07,46.37099838256836, 
01BH010,1998-10-07,46.51399993896485, 
01BH010,1998-11-07,46.875, 
01BH010,1998-12-07,46.44900131225586, 
01BH010,1999-01-07,, 
01BH010,1999-02-07,46.50299835205078, 
01BH010,1999-03-07,46.47800064086914, 
01BH010,1999-04-07,46.479000091552734, 
01BH010,1999-05-07,48.03499984741211, 
01BH010,1999-06-07,46.70500183105469, 
01BH010,1999-07-07,46.37300109863281, 
01BH010,1999-08-07,46.28200149536133, 
01BH010,1999-09-07,46.28099822998047, 
01BH010,1999-10-07,46.61000061035156, 
01BH010,1999-11-07,46.74700164794922, 
01BH010,1999-12-07,46.64400100708008, 
01BH010,2000-01-07,46.98400115966797, 
01BH010,2000-02-07,46.48400115966797, 
01BH010,2000-03-07,46.6879997253418, 
01BH010,2000-04-07,46.81999969482422, 
01BH010,2000-05-07,47.34400177001953, 
01BH010,2000-06-07,46.87900161743164, 
01BH010,2000-07-07,46.516998291015625, 
01BH010,2000-08-07,46.35699844360352, 
01BH010,2000-09-07,46.30699920654297, 
01BH010,2000-10-07,46.28900146484375, 
01BH010,2000-11-07,46.59799957275391, 
01BH010,2000-12-07,46.59799957275391, 
01BH010,2001-01-07,46.755001068115234, 
01BH010,2001-02-07,46.375, 
01BH010,2001-03-07,46.33300018310547, 
01BH010,2001-04-07,46.22999954223633, 
01BH010,2001-05-07,47.35699844360352, 
01BH010,2001-06-07,47.06399917602539, 
01BH010,2001-07-07,46.4379997253418, 
01BH010,2001-08-07,46.30400085449219, 
01BH010,2001-09-07,46.29999923706055, 
01BH010,2001-10-07,46.36899948120117, 
01BH010,2001-11-07,46.505001068115234, 
01BH010,2001-12-07,46.40700149536133, 
01BH010,2002-01-07,47.0099983215332, 
01BH010,2002-02-07,46.45000076293945, 
01BH010,2002-03-07,46.79100036621094, 
01BH010,2002-04-07,46.29100036621094, 
01BH010,2002-05-07,46.75699996948242, 
01BH010,2002-06-07,46.7400016784668, 
01BH010,2002-07-07,46.52199935913086, 
01BH010,2002-08-07,46.56100082397461, 
01BH010,2002-09-07,46.345001220703125, 
01BH010,2002-10-07,46.321998596191406, 
01BH010,2002-11-07,46.30699920654297, 
01BH010,2002-12-07,46.39300155639648, 
01BH010,2003-01-07,46.45600128173828, 
01BH010,2003-02-07,46.54199981689453, 
01BH010,2003-03-07,46.33100128173828, 
01BH010,2003-04-07,46.2869987487793, 
01BH010,2003-05-07,47.229000091552734, 
01BH010,2003-06-07,46.89500045776367, 
01BH010,2003-07-07,46.38199996948242, 
01BH010,2003-08-07,46.39300155639648, 
01BH010,2003-09-07,46.31600189208984, 
01BH010,2003-10-07,46.32400131225586, 
01BH010,2003-11-07,46.70800018310547, 
01BH010,2003-12-07,46.58100128173828, 
01BH010,2004-01-07,46.52999877929688, 
01BH010,2004-02-07,46.7400016784668, 
01BH010,2004-03-07,46.39599990844727, 
01BH010,2004-04-07,46.3759994506836, 
01BH010,2004-05-07,47.678001403808594, 
01BH010,2004-06-07,46.7140007019043, 
01BH010,2004-07-07,46.382999420166016, 
01BH010,2004-08-07,46.334999084472656, 
01BH010,2004-09-07,46.430999755859375, 
01BH010,2004-10-07,46.37099838256836, 
01BH010,2004-11-07,46.42599868774414, 
01BH010,2004-12-07,46.47600173950195, 
01BH010,2005-01-07,46.571998596191406, 
01BH010,2005-02-07,46.5369987487793, 
01BH010,2005-03-07,46.400001525878906, 
01BH010,2005-04-07,46.59099960327149, 
01BH010,2005-05-07,47.422000885009766, 
01BH010,2005-06-07,46.744998931884766, 
01BH010,2005-07-07,46.41699981689453, 
01BH010,2005-08-07,46.262001037597656, 
01BH010,2005-09-07,46.39300155639648, 
01BH010,2005-10-07,46.36100006103516, 
01BH010,2005-11-07,46.62099838256836, 
01BH010,2005-12-07,46.930999755859375, 
01BH010,2006-01-07,46.74300003051758, 
01BH010,2006-02-07,46.51399993896485, 
01BH010,2006-03-07,46.53499984741211, 
01BH010,2006-04-07,46.43299865722656, 
01BH010,2006-05-07,47.74700164794922, 
01BH010,2006-06-07,46.64799880981445, 
01BH010,2006-07-07,46.57699966430664, 
01BH010,2006-08-07,46.31600189208984, 
01BH010,2006-09-07,46.25299835205078, 
01BH010,2006-10-07,46.40999984741211, 
01BH010,2006-11-07,46.70000076293945, 
01BH010,2006-12-07,, 
01BH010,2007-01-07,46.4010009765625, 
01BH010,2007-02-07,46.87200164794922, 
01BH010,2007-03-07,46.44900131225586, 
01BH010,2007-04-07,46.29399871826172, 
01BH010,2007-05-07,47.07899856567383, 
01BH010,2007-06-07,46.76900100708008, 
01BH010,2007-07-07,46.52399826049805, 
01BH010,2007-08-07,46.630001068115234, 
01BH010,2007-09-07,46.39899826049805, 
01BH010,2007-10-07,46.3390007019043, 
01BH010,2007-11-07,46.63800048828125, 
01BH010,2007-12-07,46.57600021362305, 
01BH010,2008-01-07,46.733001708984375, 
01BH010,2008-02-07,46.57699966430664, 
01BH010,2008-03-07,46.5260009765625, 
01BH010,2008-04-07,46.35300064086914, 
01BH010,2008-05-07,47.76599884033203, 
01BH010,2008-06-07,46.75, 
01BH010,2008-07-07,46.54499816894531, 
01BH010,2008-08-07,46.84299850463867, 
01BH010,2008-09-07,46.40999984741211, 
01BH010,2008-10-07,46.84600067138672, 
01BH010,2008-11-07,46.78099822998047, 
01BH010,2008-12-07,46.54800033569336, 
01BH010,2009-01-07,46.821998596191406, 
01BH010,2009-02-07,46.43899917602539, 
01BH010,2009-03-07,46.67699813842773, 
01BH010,2009-04-07,46.55899810791016, 
01BH010,2009-05-07,47.38800048828125, 
01BH010,2009-06-07,46.72600173950195, 
01BH010,2009-07-07,46.53099822998047, 
01BH010,2009-08-07,46.5, 
01BH010,2009-09-07,46.323001861572266, 
01BH010,2009-10-07,46.70100021362305, 
01BH010,2009-11-07,46.4739990234375, 
01BH010,2009-12-07,46.58200073242188, 
01BH010,2010-01-07,46.37900161743164, 
01BH010,2010-02-07,46.742000579833984, 
01BH010,2010-03-07,46.30199813842773, 
01BH010,2010-04-07,, 
01BH010,2010-05-07,47.49100112915039, 
01BH010,2010-06-07,46.76599884033203, 
01BH010,2010-07-07,46.49399948120117, 
01BH010,2010-08-07,46.4109992980957, 
01BH010,2010-09-07,46.430999755859375, 
01BH010,2010-10-07,46.81600189208984, 
01BH010,2010-11-07,47.10900115966797, 
01BH010,2010-12-07,47.20700073242188, 
01BH010,2011-01-07,46.555999755859375, 
01BH010,2011-02-07,46.54899978637695, 
01BH010,2011-03-07,46.54999923706055, 
01BH010,2011-04-07,46.3759994506836, 
01BH010,2011-05-07,48.05899810791016, 
01BH010,2011-06-07,47.02899932861328, 
01BH010,2011-07-07,46.65999984741211, 
01BH010,2011-08-07,46.47200012207031, 
01BH010,2011-09-07,47.619998931884766, 
01BH010,2011-10-07,46.45100021362305, 
01BH010,2011-11-07,46.39599990844727, 
01BH010,2011-12-07,46.51100158691406, 
01BH010,2012-01-07,46.85499954223633, 
01BH010,2012-02-07,46.540000915527344, 
01BH010,2012-03-07,46.61800003051758, 
01BH010,2012-04-07,46.54100036621094, 
01BH010,2012-05-07,47.09799957275391, 
01BH010,2012-06-07,46.55899810791016, 
01BH010,2012-07-07,46.71200180053711, 
01BH010,2012-08-07,46.374000549316406, 
01BH010,2012-09-07,46.422000885009766, 
01BH010,2012-10-07,46.37900161743164, 
01BH010,2012-11-07,46.720001220703125, 
01BH010,2012-12-07,46.36299896240234, 
01BH010,2013-01-07,46.604000091552734, 
01BH010,2013-03-07,, 
01BH010,2013-04-07,46.4370002746582, 
01BH010,2013-05-07,47.797000885009766, 
01BH010,2013-06-07,46.983001708984375, 
01BH010,2013-07-07,46.36800003051758, 
01BH010,2013-08-07,46.5369987487793, 
01BH010,2013-09-07,, 
01BH010,2013-10-07,46.39599990844727, 
01BH010,1991-08-08,, 
01BH010,1991-09-08,46.33000183105469, 
01BH010,1991-10-08,46.709999084472656, 
01BH010,1991-11-08,46.88999938964844, 
01BH010,1991-12-08,48.7599983215332, 
01BH010,1992-03-08,, 
01BH010,1992-04-08,46.66999816894531, 
01BH010,1992-05-08,46.880001068115234, 
01BH010,1992-06-08,46.630001068115234, 
01BH010,1992-07-08,46.7599983215332, 
01BH010,1992-08-08,46.61000061035156, 
01BH010,1992-09-08,46.34000015258789, 
01BH010,1992-10-08,46.25, 
01BH010,1992-11-08,46.29999923706055, 
01BH010,1992-12-08,46.34999847412109, 
01BH010,1993-01-08,46.540000915527344, 
01BH010,1993-02-08,46.380001068115234, 
01BH010,1993-03-08,46.369998931884766, 
01BH010,1993-04-08,46.22999954223633, 
01BH010,1993-05-08,47.41999816894531, 
01BH010,1993-06-08,46.77000045776367, 
01BH010,1993-07-08,46.5099983215332, 
01BH010,1993-08-08,46.52999877929688, 
01BH010,1993-09-08,46.470001220703125, 
01BH010,1993-10-08,46.43000030517578, 
01BH010,1993-11-08,46.560001373291016, 
01BH010,1993-12-08,46.86000061035156, 
01BH010,1994-01-08,46.40999984741211, 
01BH010,1994-02-08,47.310001373291016, 
01BH010,1994-03-08,47.31999969482422, 
01BH010,1994-04-08,46.29999923706055, 
01BH010,1994-05-08,47.47999954223633, 
01BH010,1994-06-08,47.220001220703125, 
01BH010,1994-07-08,46.61000061035156, 
01BH010,1994-08-08,46.4900016784668, 
01BH010,1994-09-08,46.34000015258789, 
01BH010,1994-10-08,46.54999923706055, 
01BH010,1994-11-08,46.7599983215332, 
01BH010,1994-12-08,46.47999954223633, 
01BH010,1995-01-08,46.68000030517578, 
01BH010,1995-02-08,46.7400016784668, 
01BH010,1995-03-08,46.369998931884766, 
01BH010,1995-04-08,46.34999847412109, 
01BH010,1995-05-08,47.40999984741211, 
01BH010,1995-06-08,47.06999969482422, 
01BH010,1995-07-08,46.43000030517578, 
01BH010,1995-08-08,46.310001373291016, 
01BH010,1995-09-08,46.38999938964844, 
01BH010,1995-10-08,46.27000045776367, 
01BH010,1995-11-08,46.66999816894531, 
01BH010,1995-12-08,47.630001068115234, 
01BH010,1996-01-08,46.709999084472656, 
01BH010,1996-02-08,47.119998931884766, 
01BH010,1996-03-08,46.84000015258789, 
01BH010,1996-04-08,46.4900016784668, 
01BH010,1996-05-08,47.310001373291016, 
01BH010,1996-06-08,46.97999954223633, 
01BH010,1996-07-08,46.619998931884766, 
01BH010,1996-08-08,46.61000061035156, 
01BH010,1996-09-08,46.310001373291016, 
01BH010,1996-10-08,46.2400016784668, 
01BH010,1996-11-08,46.31999969482422, 
01BH010,1996-12-08,46.70000076293945, 
01BH010,1997-01-08,47.27000045776367, 
01BH010,1997-02-08,46.63999938964844, 
01BH010,1997-03-08,46.36000061035156, 
01BH010,1997-04-08,46.4900016784668, 
01BH010,1997-05-08,47.209999084472656, 
01BH010,1997-06-08,46.95100021362305, 
01BH010,1997-07-08,46.58000183105469, 
01BH010,1997-08-08,46.33200073242188, 
01BH010,1997-09-08,46.305999755859375, 
01BH010,1997-10-08,46.297000885009766, 
01BH010,1997-11-08,46.54100036621094, 
01BH010,1997-12-08,46.33399963378906, 
01BH010,1998-01-08,46.5620002746582, 
01BH010,1998-02-08,46.323001861572266, 
01BH010,1998-03-08,46.499000549316406, 
01BH010,1998-04-08,46.46099853515625, 
01BH010,1998-05-08,47.61600112915039, 
01BH010,1998-06-08,46.777000427246094, 
01BH010,1998-07-08,46.595001220703125, 
01BH010,1998-08-08,46.46699905395508, 
01BH010,1998-09-08,46.3650016784668, 
01BH010,1998-10-08,46.51399993896485, 
01BH010,1998-11-08,46.82600021362305, 
01BH010,1998-12-08,46.4379997253418, 
01BH010,1999-01-08,, 
01BH010,1999-02-08,46.50299835205078, 
01BH010,1999-03-08,46.48899841308594, 
01BH010,1999-04-08,46.47600173950195, 
01BH010,1999-05-08,48.08300018310547, 
01BH010,1999-06-08,46.68199920654297, 
01BH010,1999-07-08,46.36299896240234, 
01BH010,1999-08-08,46.27999877929688, 
01BH010,1999-09-08,46.28099822998047, 
01BH010,1999-10-08,46.637001037597656, 
01BH010,1999-11-08,46.72800064086914, 
01BH010,1999-12-08,46.630001068115234, 
01BH010,2000-01-08,46.90299987792969, 
01BH010,2000-02-08,46.46900177001953, 
01BH010,2000-03-08,46.64300155639648, 
01BH010,2000-04-08,46.79600143432617, 
01BH010,2000-05-08,47.547000885009766, 
01BH010,2000-06-08,46.84000015258789, 
01BH010,2000-07-08,46.49700164794922, 
01BH010,2000-08-08,46.34999847412109, 
01BH010,2000-09-08,46.30199813842773, 
01BH010,2000-10-08,46.28799819946289, 
01BH010,2000-11-08,46.69599914550781, 
01BH010,2000-12-08,47.494998931884766, 
01BH010,2001-01-08,46.77399826049805, 
01BH010,2001-02-08,46.369998931884766, 
01BH010,2001-03-08,46.33200073242188, 
01BH010,2001-04-08,46.23099899291992, 
01BH010,2001-05-08,47.45199966430664, 
01BH010,2001-06-08,47.0009994506836, 
01BH010,2001-07-08,46.43399810791016, 
01BH010,2001-08-08,46.297000885009766, 
01BH010,2001-09-08,46.29100036621094, 
01BH010,2001-10-08,46.37900161743164, 
01BH010,2001-11-08,46.5260009765625, 
01BH010,2001-12-08,46.38800048828125, 
01BH010,2002-01-08,46.90299987792969, 
01BH010,2002-02-08,46.435001373291016, 
01BH010,2002-03-08,46.78400039672852, 
01BH010,2002-04-08,46.290000915527344, 
01BH010,2002-05-08,46.900001525878906, 
01BH010,2002-06-08,46.70500183105469, 
01BH010,2002-07-08,46.50899887084961, 
01BH010,2002-08-08,46.78200149536133, 
01BH010,2002-09-08,46.345001220703125, 
01BH010,2002-10-08,46.31800079345703, 
01BH010,2002-11-08,46.27199935913086, 
01BH010,2002-12-08,46.42599868774414, 
01BH010,2003-01-08,46.45600128173828, 
01BH010,2003-02-08,46.52799987792969, 
01BH010,2003-03-08,46.31999969482422, 
01BH010,2003-04-08,46.29499816894531, 
01BH010,2003-05-08,47.617000579833984, 
01BH010,2003-06-08,46.834999084472656, 
01BH010,2003-07-08,46.37699890136719, 
01BH010,2003-08-08,46.400001525878906, 
01BH010,2003-09-08,46.30899810791016, 
01BH010,2003-10-08,46.3120002746582, 
01BH010,2003-11-08,46.67499923706055, 
01BH010,2003-12-08,46.56399917602539, 
01BH010,2004-01-08,46.505001068115234, 
01BH010,2004-02-08,46.70700073242188, 
01BH010,2004-03-08,46.38399887084961, 
01BH010,2004-04-08,46.36899948120117, 
01BH010,2004-05-08,47.49700164794922, 
01BH010,2004-06-08,46.69599914550781, 
01BH010,2004-07-08,46.37300109863281, 
01BH010,2004-08-08,46.354000091552734, 
01BH010,2004-09-08,46.422000885009766, 
01BH010,2004-10-08,46.36800003051758, 
01BH010,2004-11-08,46.40999984741211, 
01BH010,2004-12-08,46.48600006103516, 
01BH010,2005-01-08,46.56399917602539, 
01BH010,2005-02-08,46.50699996948242, 
01BH010,2005-03-08,46.37699890136719, 
01BH010,2005-04-08,46.60100173950195, 
01BH010,2005-05-08,47.4370002746582, 
01BH010,2005-06-08,46.71900177001953, 
01BH010,2005-07-08,46.40299987792969, 
01BH010,2005-08-08,46.26100158691406, 
01BH010,2005-09-08,46.38100051879883, 
01BH010,2005-10-08,46.358001708984375, 
01BH010,2005-11-08,46.66299819946289, 
01BH010,2005-12-08,46.86800003051758, 
01BH010,2006-01-08,46.70000076293945, 
01BH010,2006-02-08,46.48899841308594, 
01BH010,2006-03-08,46.52099990844727, 
01BH010,2006-04-08,46.45399856567383, 
01BH010,2006-05-08,47.69300079345703, 
01BH010,2006-06-08,46.61899948120117, 
01BH010,2006-07-08,46.55799865722656, 
01BH010,2006-08-08,46.31399917602539, 
01BH010,2006-09-08,46.24399948120117, 
01BH010,2006-10-08,46.4010009765625, 
01BH010,2006-11-08,46.67399978637695, 
01BH010,2006-12-08,46.49800109863281, 
01BH010,2007-01-08,46.37799835205078, 
01BH010,2007-02-08,46.87200164794922, 
01BH010,2007-03-08,46.479000091552734, 
01BH010,2007-04-08,46.28200149536133, 
01BH010,2007-05-08,47.233001708984375, 
01BH010,2007-06-08,46.75, 
01BH010,2007-07-08,46.52000045776367, 
01BH010,2007-08-08,46.66899871826172, 
01BH010,2007-09-08,46.39300155639648, 
01BH010,2007-10-08,46.33100128173828, 
01BH010,2007-11-08,46.70000076293945, 
01BH010,2007-12-08,46.55400085449219, 
01BH010,2008-01-08,46.71200180053711, 
01BH010,2008-02-08,46.608001708984375, 
01BH010,2008-03-08,46.51100158691406, 
01BH010,2008-04-08,46.31900024414063, 
01BH010,2008-05-08,47.73899841308594, 
01BH010,2008-06-08,46.73500061035156, 
01BH010,2008-07-08,46.527000427246094, 
01BH010,2008-08-08,46.7859992980957, 
01BH010,2008-09-08,46.46200180053711, 
01BH010,2008-10-08,46.79600143432617, 
01BH010,2008-11-08,46.75299835205078, 
01BH010,2008-12-08,46.54899978637695, 
01BH010,2009-01-08,46.983001708984375, 
01BH010,2009-02-08,46.42599868774414, 
01BH010,2009-03-08,46.65599822998047, 
01BH010,2009-04-08,46.58300018310547, 
01BH010,2009-05-08,47.40700149536133, 
01BH010,2009-06-08,46.69599914550781, 
01BH010,2009-07-08,46.51399993896485, 
01BH010,2009-08-08,46.48600006103516, 
01BH010,2009-09-08,46.31600189208984, 
01BH010,2009-10-08,46.68600082397461, 
01BH010,2009-11-08,46.46699905395508, 
01BH010,2009-12-08,46.595001220703125, 
01BH010,2010-01-08,46.374000549316406, 
01BH010,2010-02-08,, 
01BH010,2010-03-08,46.31100082397461, 
01BH010,2010-04-08,47.14300155639648, 
01BH010,2010-05-08,47.45899963378906, 
01BH010,2010-06-08,46.834999084472656, 
01BH010,2010-07-08,46.48500061035156, 
01BH010,2010-08-08,46.4010009765625, 
01BH010,2010-09-08,46.41600036621094, 
01BH010,2010-10-08,46.82099914550781, 
01BH010,2010-11-08,47.09000015258789, 
01BH010,2010-12-08,47.117000579833984, 
01BH010,2011-01-08,46.58700180053711, 
01BH010,2011-02-08,, 
01BH010,2011-03-08,, 
01BH010,2011-04-08,46.36000061035156, 
01BH010,2011-05-08,47.96200180053711, 
01BH010,2011-06-08,46.97200012207031, 
01BH010,2011-07-08,46.696998596191406, 
01BH010,2011-08-08,46.525001525878906, 
01BH010,2011-09-08,47.39300155639648, 
01BH010,2011-10-08,46.4370002746582, 
01BH010,2011-11-08,46.391998291015625, 
01BH010,2011-12-08,46.525001525878906, 
01BH010,2012-01-08,46.85499954223633, 
01BH010,2012-02-08,, 
01BH010,2012-03-08,46.617000579833984, 
01BH010,2012-04-08,46.53799819946289, 
01BH010,2012-05-08,47.08399963378906, 
01BH010,2012-06-08,46.540000915527344, 
01BH010,2012-07-08,46.68299865722656, 
01BH010,2012-08-08,46.36600112915039, 
01BH010,2012-09-08,46.40999984741211, 
01BH010,2012-10-08,, 
01BH010,2012-11-08,, 
01BH010,2012-12-08,46.387001037597656, 
01BH010,2013-01-08,46.56399917602539, 
01BH010,2013-03-08,, 
01BH010,2013-04-08,46.44300079345703, 
01BH010,2013-05-08,47.86899948120117, 
01BH010,2013-06-08,46.93299865722656, 
01BH010,2013-07-08,46.36199951171875, 
01BH010,2013-08-08,46.51900100708008, 
01BH010,2013-09-08,46.38899993896485, 
01BH010,2013-10-08,46.40499877929688, 
01BH010,1991-08-09,, 
01BH010,1991-09-09,46.31999969482422, 
01BH010,1991-10-09,46.72999954223633, 
01BH010,1991-11-09,46.84999847412109, 
01BH010,1991-12-09,48.11000061035156, 
01BH010,1992-03-09,, 
01BH010,1992-04-09,46.52000045776367, 
01BH010,1992-05-09,46.97999954223633, 
01BH010,1992-06-09,46.61000061035156, 
01BH010,1992-07-09,46.709999084472656, 
01BH010,1992-08-09,46.59999847412109, 
01BH010,1992-09-09,46.34000015258789, 
01BH010,1992-10-09,46.2400016784668, 
01BH010,1992-11-09,46.2599983215332, 
01BH010,1992-12-09,46.310001373291016, 
01BH010,1993-01-09,46.68999862670898, 
01BH010,1993-02-09,46.369998931884766, 
01BH010,1993-03-09,46.31999969482422, 
01BH010,1993-04-09,46.2400016784668, 
01BH010,1993-05-09,47.2400016784668, 
01BH010,1993-06-09,46.75, 
01BH010,1993-07-09,46.5, 
01BH010,1993-08-09,46.5099983215332, 
01BH010,1993-09-09,46.470001220703125, 
01BH010,1993-10-09,46.43000030517578, 
01BH010,1993-11-09,46.560001373291016, 
01BH010,1993-12-09,46.970001220703125, 
01BH010,1994-01-09,46.88999938964844, 
01BH010,1994-02-09,47.310001373291016, 
01BH010,1994-03-09,47.31999969482422, 
01BH010,1994-04-09,46.27000045776367, 
01BH010,1994-05-09,47.47999954223633, 
01BH010,1994-06-09,47.220001220703125, 
01BH010,1994-07-09,46.59999847412109, 
01BH010,1994-08-09,46.47999954223633, 
01BH010,1994-09-09,46.33000183105469, 
01BH010,1994-10-09,46.52999877929688, 
01BH010,1994-11-09,46.77000045776367, 
01BH010,1994-12-09,46.43999862670898, 
01BH010,1995-01-09,46.619998931884766, 
01BH010,1995-02-09,46.68999862670898, 
01BH010,1995-03-09,46.380001068115234, 
01BH010,1995-04-09,46.29999923706055, 
01BH010,1995-05-09,47.310001373291016, 
01BH010,1995-06-09,47.02000045776367, 
01BH010,1995-07-09,46.41999816894531, 
01BH010,1995-08-09,46.29999923706055, 
01BH010,1995-09-09,46.369998931884766, 
01BH010,1995-10-09,46.31999969482422, 
01BH010,1995-11-09,47.310001373291016, 
01BH010,1995-12-09,47.84000015258789, 
01BH010,1996-01-09,46.66999816894531, 
01BH010,1996-02-09,47.09000015258789, 
01BH010,1996-03-09,47.4900016784668, 
01BH010,1996-04-09,46.47999954223633, 
01BH010,1996-05-09,47.2599983215332, 
01BH010,1996-06-09,46.91999816894531, 
01BH010,1996-07-09,46.61000061035156, 
01BH010,1996-08-09,46.58000183105469, 
01BH010,1996-09-09,46.29999923706055, 
01BH010,1996-10-09,46.2400016784668, 
01BH010,1996-11-09,46.31999969482422, 
01BH010,1996-12-09,46.709999084472656, 
01BH010,1997-01-09,47.20000076293945, 
01BH010,1997-02-09,46.619998931884766, 
01BH010,1997-03-09,46.38999938964844, 
01BH010,1997-04-09,46.45000076293945, 
01BH010,1997-05-09,47.15999984741211, 
01BH010,1997-06-09,46.94499969482422, 
01BH010,1997-07-09,46.560001373291016, 
01BH010,1997-08-09,46.32400131225586, 
01BH010,1997-09-09,46.30099868774414, 
01BH010,1997-10-09,46.29999923706055, 
01BH010,1997-11-09,46.53499984741211, 
01BH010,1997-12-09,46.32799911499024, 
01BH010,1998-01-09,46.55500030517578, 
01BH010,1998-02-09,, 
01BH010,1998-03-09,46.43399810791016, 
01BH010,1998-04-09,46.45399856567383, 
01BH010,1998-05-09,47.52799987792969, 
01BH010,1998-06-09,46.74800109863281, 
01BH010,1998-07-09,46.58599853515625, 
01BH010,1998-08-09,46.45100021362305, 
01BH010,1998-09-09,46.494998931884766, 
01BH010,1998-10-09,46.512001037597656, 
01BH010,1998-11-09,46.78499984741211, 
01BH010,1998-12-09,46.400001525878906, 
01BH010,1999-01-09,, 
01BH010,1999-02-09,46.47100067138672, 
01BH010,1999-03-09,46.50400161743164, 
01BH010,1999-04-09,46.47100067138672, 
01BH010,1999-05-09,48.132999420166016, 
01BH010,1999-06-09,46.65499877929688, 
01BH010,1999-07-09,46.34999847412109, 
01BH010,1999-08-09,46.2859992980957, 
01BH010,1999-09-09,46.2869987487793, 
01BH010,1999-10-09,46.60699844360352, 
01BH010,1999-11-09,46.70700073242188, 
01BH010,1999-12-09,46.59400177001953, 
01BH010,2000-01-09,46.880001068115234, 
01BH010,2000-02-09,46.41999816894531, 
01BH010,2000-03-09,46.617000579833984, 
01BH010,2000-04-09,46.84999847412109, 
01BH010,2000-05-09,47.5620002746582, 
01BH010,2000-06-09,46.8120002746582, 
01BH010,2000-07-09,46.48400115966797, 
01BH010,2000-08-09,46.34600067138672, 
01BH010,2000-09-09,46.29399871826172, 
01BH010,2000-10-09,46.28499984741211, 
01BH010,2000-11-09,46.74800109863281, 
01BH010,2000-12-09,48.33399963378906, 
01BH010,2001-01-09,46.79199981689453, 
01BH010,2001-02-09,46.391998291015625, 
01BH010,2001-03-09,46.32500076293945, 
01BH010,2001-04-09,46.23899841308594, 
01BH010,2001-05-09,47.59199905395508, 
01BH010,2001-06-09,46.93600082397461, 
01BH010,2001-07-09,46.42900085449219, 
01BH010,2001-08-09,46.297000885009766, 
01BH010,2001-09-09,46.28499984741211, 
01BH010,2001-10-09,46.37699890136719, 
01BH010,2001-11-09,46.49599838256836, 
01BH010,2001-12-09,46.374000549316406, 
01BH010,2002-01-09,46.79999923706055, 
01BH010,2002-02-09,46.4109992980957, 
01BH010,2002-03-09,46.74300003051758, 
01BH010,2002-04-09,46.292999267578125, 
01BH010,2002-05-09,46.97800064086914, 
01BH010,2002-06-09,46.68999862670898, 
01BH010,2002-07-09,46.49399948120117, 
01BH010,2002-08-09,46.805999755859375, 
01BH010,2002-09-09,46.35100173950195, 
01BH010,2002-10-09,46.3120002746582, 
01BH010,2002-11-09,46.27099990844727, 
01BH010,2002-12-09,46.41699981689453, 
01BH010,2003-01-09,46.45100021362305, 
01BH010,2003-02-09,46.5099983215332, 
01BH010,2003-03-09,46.3120002746582, 
01BH010,2003-04-09,46.305999755859375, 
01BH010,2003-05-09,47.45000076293945, 
01BH010,2003-06-09,46.7859992980957, 
01BH010,2003-07-09,46.3849983215332, 
01BH010,2003-08-09,46.44300079345703, 
01BH010,2003-09-09,46.30500030517578, 
01BH010,2003-10-09,46.305999755859375, 
01BH010,2003-11-09,46.64300155639648, 
01BH010,2003-12-09,46.54600143432617, 
01BH010,2004-01-09,46.59400177001953, 
01BH010,2004-02-09,46.69499969482422, 
01BH010,2004-03-09,46.3849983215332, 
01BH010,2004-04-09,46.36899948120117, 
01BH010,2004-05-09,47.3489990234375, 
01BH010,2004-06-09,46.69200134277344, 
01BH010,2004-07-09,46.40800094604492, 
01BH010,2004-08-09,46.34199905395508, 
01BH010,2004-09-09,46.41299819946289, 
01BH010,2004-10-09,46.36299896240234, 
01BH010,2004-11-09,46.39400100708008, 
01BH010,2004-12-09,46.5, 
01BH010,2005-01-09,46.55500030517578, 
01BH010,2005-02-09,46.49300003051758, 
01BH010,2005-03-09,46.76300048828125, 
01BH010,2005-04-09,46.57799911499024, 
01BH010,2005-05-09,47.446998596191406, 
01BH010,2005-06-09,46.685001373291016, 
01BH010,2005-07-09,46.38999938964844, 
01BH010,2005-08-09,46.255001068115234, 
01BH010,2005-09-09,46.37099838256836, 
01BH010,2005-10-09,46.35699844360352, 
01BH010,2005-11-09,46.65700149536133, 
01BH010,2005-12-09,46.79399871826172, 
01BH010,2006-01-09,46.67399978637695, 
01BH010,2006-02-09,46.46500015258789, 
01BH010,2006-03-09,46.5099983215332, 
01BH010,2006-04-09,46.47200012207031, 
01BH010,2006-05-09,47.48699951171875, 
01BH010,2006-06-09,46.6150016784668, 
01BH010,2006-07-09,46.54100036621094, 
01BH010,2006-08-09,46.30500030517578, 
01BH010,2006-09-09,46.23799896240234, 
01BH010,2006-10-09,46.39400100708008, 
01BH010,2006-11-09,46.67900085449219, 
01BH010,2006-12-09,46.46799850463867, 
01BH010,2007-01-09,46.369998931884766, 
01BH010,2007-02-09,46.87699890136719, 
01BH010,2007-03-09,46.46799850463867, 
01BH010,2007-04-09,46.2869987487793, 
01BH010,2007-05-09,47.49599838256836, 
01BH010,2007-06-09,46.72299957275391, 
01BH010,2007-07-09,46.51599884033203, 
01BH010,2007-08-09,47.5359992980957, 
01BH010,2007-09-09,46.38100051879883, 
01BH010,2007-10-09,46.323001861572266, 
01BH010,2007-11-09,46.680999755859375, 
01BH010,2007-12-09,46.560001373291016, 
01BH010,2008-01-09,46.73199844360352, 
01BH010,2008-02-09,46.56999969482422, 
01BH010,2008-03-09,46.49800109863281, 
01BH010,2008-04-09,46.345001220703125, 
01BH010,2008-05-09,47.69900131225586, 
01BH010,2008-06-09,46.72100067138672, 
01BH010,2008-07-09,46.52099990844727, 
01BH010,2008-08-09,46.74599838256836, 
01BH010,2008-09-09,46.4630012512207, 
01BH010,2008-10-09,46.75199890136719, 
01BH010,2008-11-09,46.73600006103516, 
01BH010,2008-12-09,46.52399826049805, 
01BH010,2009-01-09,46.946998596191406, 
01BH010,2009-02-09,46.40499877929688, 
01BH010,2009-03-09,46.6150016784668, 
01BH010,2009-04-09,46.61299896240234, 
01BH010,2009-05-09,47.42100143432617, 
01BH010,2009-06-09,46.66600036621094, 
01BH010,2009-07-09,46.5009994506836, 
01BH010,2009-08-09,46.47299957275391, 
01BH010,2009-09-09,46.3120002746582, 
01BH010,2009-10-09,46.66899871826172, 
01BH010,2009-11-09,46.45899963378906, 
01BH010,2009-12-09,46.67300033569336, 
01BH010,2010-01-09,46.35900115966797, 
01BH010,2010-02-09,, 
01BH010,2010-03-09,46.31100082397461, 
01BH010,2010-04-09,47.08300018310547, 
01BH010,2010-05-09,47.43000030517578, 
01BH010,2010-06-09,46.85200119018555, 
01BH010,2010-07-09,46.6259994506836, 
01BH010,2010-08-09,46.391998291015625, 
01BH010,2010-09-09,46.45600128173828, 
01BH010,2010-10-09,46.78499984741211, 
01BH010,2010-11-09,47.04600143432617, 
01BH010,2010-12-09,47.02299880981445, 
01BH010,2011-01-09,46.57099914550781, 
01BH010,2011-02-09,46.52399826049805, 
01BH010,2011-03-09,46.5989990234375, 
01BH010,2011-04-09,46.34700012207031, 
01BH010,2011-05-09,47.80899810791016, 
01BH010,2011-06-09,46.92499923706055, 
01BH010,2011-07-09,46.698001861572266, 
01BH010,2011-08-09,46.53900146484375, 
01BH010,2011-09-09,47.22600173950195, 
01BH010,2011-10-09,46.43399810791016, 
01BH010,2011-11-09,46.39099884033203, 
01BH010,2011-12-09,46.50199890136719, 
01BH010,2012-01-09,46.81100082397461, 
01BH010,2012-02-09,46.52999877929688, 
01BH010,2012-03-09,46.667999267578125, 
01BH010,2012-04-09,46.5369987487793, 
01BH010,2012-05-09,47.09799957275391, 
01BH010,2012-06-09,46.52399826049805, 
01BH010,2012-07-09,46.64799880981445, 
01BH010,2012-08-09,46.36399841308594, 
01BH010,2012-09-09,, 
01BH010,2012-10-09,46.39300155639648, 
01BH010,2012-11-09,46.68600082397461, 
01BH010,2012-12-09,, 
01BH010,2013-01-09,46.50600051879883, 
01BH010,2013-03-09,, 
01BH010,2013-04-09,46.43899917602539, 
01BH010,2013-05-09,47.80099868774414, 
01BH010,2013-06-09,46.891998291015625, 
01BH010,2013-07-09,46.35499954223633, 
01BH010,2013-08-09,46.505001068115234, 
01BH010,2013-09-09,46.38399887084961, 
01BH010,2013-10-09,46.40800094604492, 
01BH010,1991-08-10,, 
01BH010,1991-09-10,46.31999969482422, 
01BH010,1991-10-10,46.720001220703125, 
01BH010,1991-11-10,46.79999923706055, 
01BH010,1991-12-10,48.150001525878906, 
01BH010,1992-03-10,, 
01BH010,1992-04-10,46.47999954223633, 
01BH010,1992-05-10,47.220001220703125, 
01BH010,1992-06-10,46.70000076293945, 
01BH010,1992-07-10,46.70000076293945, 
01BH010,1992-08-10,46.58000183105469, 
01BH010,1992-09-10,46.34000015258789, 
01BH010,1992-10-10,46.25, 
01BH010,1992-11-10,46.56999969482422, 
01BH010,1992-12-10,46.4900016784668, 
01BH010,1993-01-10,46.47999954223633, 
01BH010,1993-02-10,46.380001068115234, 
01BH010,1993-03-10,46.27999877929688, 
01BH010,1993-04-10,46.27000045776367, 
01BH010,1993-05-10,47.119998931884766, 
01BH010,1993-06-10,46.720001220703125, 
01BH010,1993-07-10,46.47999954223633, 
01BH010,1993-08-10,46.5099983215332, 
01BH010,1993-09-10,46.459999084472656, 
01BH010,1993-10-10,46.43999862670898, 
01BH010,1993-11-10,46.540000915527344, 
01BH010,1993-12-10,46.7400016784668, 
01BH010,1994-01-10,47.7599983215332, 
01BH010,1994-02-10,47.310001373291016, 
01BH010,1994-03-10,47.31999969482422, 
01BH010,1994-04-10,46.34999847412109, 
01BH010,1994-05-10,47.58000183105469, 
01BH010,1994-06-10,47.15999984741211, 
01BH010,1994-07-10,46.66999816894531, 
01BH010,1994-08-10,46.459999084472656, 
01BH010,1994-09-10,46.310001373291016, 
01BH010,1994-10-10,46.52000045776367, 
01BH010,1994-11-10,46.7599983215332, 
01BH010,1994-12-10,46.41999816894531, 
01BH010,1995-01-10,46.22999954223633, 
01BH010,1995-02-10,46.59000015258789, 
01BH010,1995-03-10,46.52000045776367, 
01BH010,1995-04-10,46.27000045776367, 
01BH010,1995-05-10,47.290000915527344, 
01BH010,1995-06-10,46.93999862670898, 
01BH010,1995-07-10,46.43000030517578, 
01BH010,1995-08-10,46.29999923706055, 
01BH010,1995-09-10,46.34999847412109, 
01BH010,1995-10-10,46.34999847412109, 
01BH010,1995-11-10,47.220001220703125, 
01BH010,1995-12-10,47.18000030517578, 
01BH010,1996-01-10,46.650001525878906, 
01BH010,1996-02-10,47.09999847412109, 
01BH010,1996-03-10,47.5, 
01BH010,1996-04-10,46.459999084472656, 
01BH010,1996-05-10,47.25, 
01BH010,1996-06-10,46.869998931884766, 
01BH010,1996-07-10,46.619998931884766, 
01BH010,1996-08-10,46.56999969482422, 
01BH010,1996-09-10,46.29999923706055, 
01BH010,1996-10-10,46.25, 
01BH010,1996-11-10,46.31999969482422, 
01BH010,1996-12-10,46.68000030517578, 
01BH010,1997-01-10,47.119998931884766, 
01BH010,1997-02-10,46.59999847412109, 
01BH010,1997-03-10,46.380001068115234, 
01BH010,1997-04-10,46.47999954223633, 
01BH010,1997-05-10,47.15999984741211, 
01BH010,1997-06-10,46.94400024414063, 
01BH010,1997-07-10,46.540000915527344, 
01BH010,1997-08-10,46.31800079345703, 
01BH010,1997-09-10,46.29800033569336, 
01BH010,1997-10-10,46.28400039672852, 
01BH010,1997-11-10,46.55500030517578, 
01BH010,1997-12-10,46.56700134277344, 
01BH010,1998-01-10,46.45199966430664, 
01BH010,1998-02-10,46.29499816894531, 
01BH010,1998-03-10,46.50699996948242, 
01BH010,1998-04-10,46.45000076293945, 
01BH010,1998-05-10,47.36800003051758, 
01BH010,1998-06-10,46.72100067138672, 
01BH010,1998-07-10,46.59799957275391, 
01BH010,1998-08-10,46.43999862670898, 
01BH010,1998-09-10,46.6870002746582, 
01BH010,1998-10-10,46.5, 
01BH010,1998-11-10,46.749000549316406, 
01BH010,1998-12-10,46.4109992980957, 
01BH010,1999-01-10,46.680999755859375, 
01BH010,1999-02-10,46.51800155639648, 
01BH010,1999-03-10,46.57799911499024, 
01BH010,1999-04-10,46.47200012207031, 
01BH010,1999-05-10,48.11199951171875, 
01BH010,1999-06-10,46.632999420166016, 
01BH010,1999-07-10,46.33399963378906, 
01BH010,1999-08-10,46.27199935913086, 
01BH010,1999-09-10,46.2869987487793, 
01BH010,1999-10-10,46.60499954223633, 
01BH010,1999-11-10,46.6870002746582, 
01BH010,1999-12-10,46.584999084472656, 
01BH010,2000-01-10,46.98400115966797, 
01BH010,2000-02-10,46.39899826049805, 
01BH010,2000-03-10,46.55400085449219, 
01BH010,2000-04-10,47.61399841308594, 
01BH010,2000-05-10,47.40800094604492, 
01BH010,2000-06-10,46.78900146484375, 
01BH010,2000-07-10,46.4739990234375, 
01BH010,2000-08-10,46.38899993896485, 
01BH010,2000-09-10,46.290000915527344, 
01BH010,2000-10-10,46.29399871826172, 
01BH010,2000-11-10,46.75199890136719, 
01BH010,2000-12-10,48.1510009765625, 
01BH010,2001-01-10,47.08300018310547, 
01BH010,2001-02-10,46.41299819946289, 
01BH010,2001-03-10,46.31900024414063, 
01BH010,2001-04-10,46.23099899291992, 
01BH010,2001-05-10,47.6609992980957, 
01BH010,2001-06-10,46.875, 
01BH010,2001-07-10,46.42599868774414, 
01BH010,2001-08-10,46.33000183105469, 
01BH010,2001-09-10,46.27799987792969, 
01BH010,2001-10-10,46.38899993896485, 
01BH010,2001-11-10,46.48799896240234, 
01BH010,2001-12-10,46.35699844360352, 
01BH010,2002-01-10,46.72499847412109, 
01BH010,2002-02-10,46.39099884033203, 
01BH010,2002-03-10,46.7599983215332, 
01BH010,2002-04-10,46.3129997253418, 
01BH010,2002-05-10,47.02299880981445, 
01BH010,2002-06-10,46.67599868774414, 
01BH010,2002-07-10,46.48799896240234, 
01BH010,2002-08-10,46.75899887084961, 
01BH010,2002-09-10,46.34299850463867, 
01BH010,2002-10-10,46.30799865722656, 
01BH010,2002-11-10,46.31900024414063, 
01BH010,2002-12-10,46.483001708984375, 
01BH010,2003-01-10,46.45600128173828, 
01BH010,2003-02-10,46.50400161743164, 
01BH010,2003-03-10,46.31100082397461, 
01BH010,2003-04-10,46.290000915527344, 
01BH010,2003-05-10,47.4010009765625, 
01BH010,2003-06-10,46.749000549316406, 
01BH010,2003-07-10,46.369998931884766, 
01BH010,2003-08-10,46.499000549316406, 
01BH010,2003-09-10,46.33000183105469, 
01BH010,2003-10-10,46.29999923706055, 
01BH010,2003-11-10,46.6150016784668, 
01BH010,2003-12-10,46.540000915527344, 
01BH010,2004-01-10,47.80400085449219, 
01BH010,2004-02-10,46.66699981689453, 
01BH010,2004-03-10,46.39300155639648, 
01BH010,2004-04-10,46.36600112915039, 
01BH010,2004-05-10,47.233001708984375, 
01BH010,2004-06-10,46.66400146484375, 
01BH010,2004-07-10,46.50199890136719, 
01BH010,2004-08-10,46.33100128173828, 
01BH010,2004-09-10,46.96200180053711, 
01BH010,2004-10-10,46.35900115966797, 
01BH010,2004-11-10,46.38199996948242, 
01BH010,2004-12-10,46.47800064086914, 
01BH010,2005-01-10,46.53400039672852, 
01BH010,2005-02-10,46.50199890136719, 
01BH010,2005-03-10,46.882999420166016, 
01BH010,2005-04-10,46.555999755859375, 
01BH010,2005-05-10,47.50899887084961, 
01BH010,2005-06-10,46.68000030517578, 
01BH010,2005-07-10,46.38199996948242, 
01BH010,2005-08-10,46.25400161743164, 
01BH010,2005-09-10,46.36299896240234, 
01BH010,2005-10-10,46.35300064086914, 
01BH010,2005-11-10,46.6609992980957, 
01BH010,2005-12-10,46.76800155639648, 
01BH010,2006-01-10,46.66400146484375, 
01BH010,2006-02-10,46.44900131225586, 
01BH010,2006-03-10,46.5009994506836, 
01BH010,2006-04-10,46.48899841308594, 
01BH010,2006-05-10,47.374000549316406, 
01BH010,2006-06-10,46.60300064086914, 
01BH010,2006-07-10,46.5260009765625, 
01BH010,2006-08-10,46.29899978637695, 
01BH010,2006-09-10,46.23699951171875, 
01BH010,2006-10-10,46.382999420166016, 
01BH010,2006-11-10,46.68399810791016, 
01BH010,2006-12-10,46.45299911499024, 
01BH010,2007-01-10,46.354000091552734, 
01BH010,2007-02-10,46.8650016784668, 
01BH010,2007-03-10,46.4640007019043, 
01BH010,2007-04-10,46.29199981689453, 
01BH010,2007-05-10,47.72299957275391, 
01BH010,2007-06-10,46.68899917602539, 
01BH010,2007-07-10,46.51100158691406, 
01BH010,2007-08-10,47.41400146484375, 
01BH010,2007-09-10,46.374000549316406, 
01BH010,2007-10-10,46.31700134277344, 
01BH010,2007-11-10,46.66400146484375, 
01BH010,2007-12-10,46.63800048828125, 
01BH010,2008-01-10,46.74399948120117, 
01BH010,2008-02-10,46.53499984741211, 
01BH010,2008-03-10,46.5369987487793, 
01BH010,2008-04-10,46.39500045776367, 
01BH010,2008-05-10,47.571998596191406, 
01BH010,2008-06-10,46.69100189208984, 
01BH010,2008-07-10,46.525001525878906, 
01BH010,2008-08-10,46.71200180053711, 
01BH010,2008-09-10,46.5099983215332, 
01BH010,2008-10-10,46.72499847412109, 
01BH010,2008-11-10,46.74399948120117, 
01BH010,2008-12-10,47.0890007019043, 
01BH010,2009-01-10,46.88399887084961, 
01BH010,2009-02-10,46.402000427246094, 
01BH010,2009-03-10,46.61899948120117, 
01BH010,2009-04-10,46.608001708984375, 
01BH010,2009-05-10,47.87200164794922, 
01BH010,2009-06-10,46.63899993896485, 
01BH010,2009-07-10,46.49100112915039, 
01BH010,2009-08-10,46.46799850463867, 
01BH010,2009-09-10,46.30799865722656, 
01BH010,2009-10-10,46.665000915527344, 
01BH010,2009-11-10,46.45500183105469, 
01BH010,2009-12-10,46.632999420166016, 
01BH010,2010-01-10,46.36199951171875, 
01BH010,2010-02-10,46.7400016784668, 
01BH010,2010-03-10,46.29999923706055, 
01BH010,2010-04-10,47.20399856567383, 
01BH010,2010-05-10,47.40900039672852, 
01BH010,2010-06-10,46.82699966430664, 
01BH010,2010-07-10,46.680999755859375, 
01BH010,2010-08-10,46.40499877929688, 
01BH010,2010-09-10,46.51300048828125, 
01BH010,2010-10-10,46.762001037597656, 
01BH010,2010-11-10,46.99599838256836, 
01BH010,2010-12-10,46.946998596191406, 
01BH010,2011-01-10,, 
01BH010,2011-02-10,46.51399993896485, 
01BH010,2011-03-10,46.5989990234375, 
01BH010,2011-04-10,46.35699844360352, 
01BH010,2011-05-10,47.680999755859375, 
01BH010,2011-06-10,46.880001068115234, 
01BH010,2011-07-10,46.72800064086914, 
01BH010,2011-08-10,46.527000427246094, 
01BH010,2011-09-10,, 
01BH010,2011-10-10,46.42499923706055, 
01BH010,2011-11-10,46.38899993896485, 
01BH010,2011-12-10,46.51300048828125, 
01BH010,2012-01-10,46.8380012512207, 
01BH010,2012-02-10,46.51499938964844, 
01BH010,2012-03-10,, 
01BH010,2012-04-10,46.54199981689453, 
01BH010,2012-05-10,47.17699813842773, 
01BH010,2012-06-10,46.51399993896485, 
01BH010,2012-07-10,46.61800003051758, 
01BH010,2012-08-10,46.35300064086914, 
01BH010,2012-09-10,46.40999984741211, 
01BH010,2012-10-10,, 
01BH010,2012-11-10,46.66400146484375, 
01BH010,2012-12-10,46.3650016784668, 
01BH010,2013-01-10,46.47700119018555, 
01BH010,2013-03-10,, 
01BH010,2013-04-10,46.43899917602539, 
01BH010,2013-05-10,47.78200149536133, 
01BH010,2013-06-10,46.84700012207031, 
01BH010,2013-07-10,46.34799957275391, 
01BH010,2013-08-10,46.52199935913086, 
01BH010,2013-09-10,46.3759994506836, 
01BH010,2013-10-10,46.39400100708008, 
01BH010,1991-08-11,, 
01BH010,1991-09-11,46.34999847412109, 
01BH010,1991-10-11,46.709999084472656, 
01BH010,1991-11-11,46.790000915527344, 
01BH010,1991-12-11,, 
01BH010,1992-03-11,, 
01BH010,1992-04-11,46.459999084472656, 
01BH010,1992-05-11,47.36000061035156, 
01BH010,1992-06-11,46.709999084472656, 
01BH010,1992-07-11,46.709999084472656, 
01BH010,1992-08-11,46.56999969482422, 
01BH010,1992-09-11,46.34000015258789, 
01BH010,1992-10-11,46.25, 
01BH010,1992-11-11,46.40999984741211, 
01BH010,1992-12-11,46.5099983215332, 
01BH010,1993-01-11,46.4900016784668, 
01BH010,1993-02-11,46.369998931884766, 
01BH010,1993-03-11,48.04999923706055, 
01BH010,1993-04-11,46.34999847412109, 
01BH010,1993-05-11,47.02999877929688, 
01BH010,1993-06-11,46.68999862670898, 
01BH010,1993-07-11,46.470001220703125, 
01BH010,1993-08-11,46.5099983215332, 
01BH010,1993-09-11,46.5099983215332, 
01BH010,1993-10-11,46.4900016784668, 
01BH010,1993-11-11,46.540000915527344, 
01BH010,1993-12-11,46.5099983215332, 
01BH010,1994-01-11,47.619998931884766, 
01BH010,1994-02-11,47.310001373291016, 
01BH010,1994-03-11,47.31999969482422, 
01BH010,1994-04-11,46.38999938964844, 
01BH010,1994-05-11,47.619998931884766, 
01BH010,1994-06-11,47.060001373291016, 
01BH010,1994-07-11,46.7599983215332, 
01BH010,1994-08-11,46.45000076293945, 
01BH010,1994-09-11,46.34999847412109, 
01BH010,1994-10-11,46.5, 
01BH010,1994-11-11,46.75, 
01BH010,1994-12-11,46.43000030517578, 
01BH010,1995-01-11,, 
01BH010,1995-02-11,46.47999954223633, 
01BH010,1995-03-11,46.34999847412109, 
01BH010,1995-04-11,46.2599983215332, 
01BH010,1995-05-11,47.34000015258789, 
01BH010,1995-06-11,46.88999938964844, 
01BH010,1995-07-11,46.41999816894531, 
01BH010,1995-08-11,46.290000915527344, 
01BH010,1995-09-11,46.33000183105469, 
01BH010,1995-10-11,46.34000015258789, 
01BH010,1995-11-11,47.13999938964844, 
01BH010,1995-12-11,48.02999877929688, 
01BH010,1996-01-11,46.619998931884766, 
01BH010,1996-02-11,47.02999877929688, 
01BH010,1996-03-11,47.619998931884766, 
01BH010,1996-04-11,47.880001068115234, 
01BH010,1996-05-11,47.27000045776367, 
01BH010,1996-06-11,46.81999969482422, 
01BH010,1996-07-11,46.72999954223633, 
01BH010,1996-08-11,46.540000915527344, 
01BH010,1996-09-11,46.29999923706055, 
01BH010,1996-10-11,46.27000045776367, 
01BH010,1996-11-11,46.38999938964844, 
01BH010,1996-12-11,46.63999938964844, 
01BH010,1997-01-11,47.09000015258789, 
01BH010,1997-02-11,46.58000183105469, 
01BH010,1997-03-11,46.34999847412109, 
01BH010,1997-04-11,46.52000045776367, 
01BH010,1997-05-11,47.150001525878906, 
01BH010,1997-06-11,46.917999267578125, 
01BH010,1997-07-11,46.52999877929688, 
01BH010,1997-08-11,46.3120002746582, 
01BH010,1997-09-11,46.29399871826172, 
01BH010,1997-10-11,46.27399826049805, 
01BH010,1997-11-11,46.56499862670898, 
01BH010,1997-12-11,46.4010009765625, 
01BH010,1998-01-11,46.44300079345703, 
01BH010,1998-02-11,46.2869987487793, 
01BH010,1998-03-11,46.71699905395508, 
01BH010,1998-04-11,46.435001373291016, 
01BH010,1998-05-11,47.22999954223633, 
01BH010,1998-06-11,46.69200134277344, 
01BH010,1998-07-11,46.65399932861328, 
01BH010,1998-08-11,46.45800018310547, 
01BH010,1998-09-11,46.68399810791016, 
01BH010,1998-10-11,46.49599838256836, 
01BH010,1998-11-11,46.729000091552734, 
01BH010,1998-12-11,46.3849983215332, 
01BH010,1999-01-11,, 
01BH010,1999-02-11,46.49399948120117, 
01BH010,1999-03-11,46.82400131225586, 
01BH010,1999-04-11,46.47600173950195, 
01BH010,1999-05-11,47.9010009765625, 
01BH010,1999-06-11,46.61199951171875, 
01BH010,1999-07-11,46.33399963378906, 
01BH010,1999-08-11,46.26300048828125, 
01BH010,1999-09-11,46.382999420166016, 
01BH010,1999-10-11,46.61600112915039, 
01BH010,1999-11-11,46.81999969482422, 
01BH010,1999-12-11,46.625, 
01BH010,2000-01-11,46.93199920654297, 
01BH010,2000-02-11,46.39599990844727, 
01BH010,2000-03-11,46.5009994506836, 
01BH010,2000-04-11,47.57400131225586, 
01BH010,2000-05-11,47.33000183105469, 
01BH010,2000-06-11,46.757999420166016, 
01BH010,2000-07-11,46.48199844360352, 
01BH010,2000-08-11,46.42399978637695, 
01BH010,2000-09-11,46.2869987487793, 
01BH010,2000-10-11,46.30799865722656, 
01BH010,2000-11-11,46.74800109863281, 
01BH010,2000-12-11,47.709999084472656, 
01BH010,2001-01-11,46.96799850463867, 
01BH010,2001-02-11,46.40499877929688, 
01BH010,2001-03-11,46.30799865722656, 
01BH010,2001-04-11,46.23199844360352, 
01BH010,2001-05-11,47.61600112915039, 
01BH010,2001-06-11,46.81900024414063, 
01BH010,2001-07-11,46.41899871826172, 
01BH010,2001-08-11,46.36600112915039, 
01BH010,2001-09-11,46.27399826049805, 
01BH010,2001-10-11,46.39300155639648, 
01BH010,2001-11-11,46.4739990234375, 
01BH010,2001-12-11,46.37300109863281, 
01BH010,2002-01-11,46.68299865722656, 
01BH010,2002-02-11,46.37200164794922, 
01BH010,2002-03-11,46.78099822998047, 
01BH010,2002-04-11,46.32799911499024, 
01BH010,2002-05-11,, 
01BH010,2002-06-11,46.65399932861328, 
01BH010,2002-07-11,46.47700119018555, 
01BH010,2002-08-11,46.709999084472656, 
01BH010,2002-09-11,46.35599899291992, 
01BH010,2002-10-11,46.303001403808594, 
01BH010,2002-11-11,46.33200073242188, 
01BH010,2002-12-11,46.50899887084961, 
01BH010,2003-01-11,46.45600128173828, 
01BH010,2003-02-11,46.505001068115234, 
01BH010,2003-03-11,46.31100082397461, 
01BH010,2003-04-11,46.27899932861328, 
01BH010,2003-05-11,47.39599990844727, 
01BH010,2003-06-11,46.68399810791016, 
01BH010,2003-07-11,46.36000061035156, 
01BH010,2003-08-11,46.51499938964844, 
01BH010,2003-09-11,46.30899810791016, 
01BH010,2003-10-11,46.29899978637695, 
01BH010,2003-11-11,46.59299850463867, 
01BH010,2003-12-11,46.56100082397461, 
01BH010,2004-01-11,48.17300033569336, 
01BH010,2004-02-11,46.63899993896485, 
01BH010,2004-03-11,46.40900039672852, 
01BH010,2004-04-11,46.36100006103516, 
01BH010,2004-05-11,47.185001373291016, 
01BH010,2004-06-11,46.637001037597656, 
01BH010,2004-07-11,46.5009994506836, 
01BH010,2004-08-11,46.323001861572266, 
01BH010,2004-09-11,47.41899871826172, 
01BH010,2004-10-11,46.34999847412109, 
01BH010,2004-11-11,46.3759994506836, 
01BH010,2004-12-11,46.48099899291992, 
01BH010,2005-01-11,46.50299835205078, 
01BH010,2005-02-11,46.58700180053711, 
01BH010,2005-03-11,46.90399932861328, 
01BH010,2005-04-11,46.5260009765625, 
01BH010,2005-05-11,47.59600067138672, 
01BH010,2005-06-11,46.68299865722656, 
01BH010,2005-07-11,46.375, 
01BH010,2005-08-11,46.255001068115234, 
01BH010,2005-09-11,46.354000091552734, 
01BH010,2005-10-11,46.34999847412109, 
01BH010,2005-11-11,46.65499877929688, 
01BH010,2005-12-11,46.757999420166016, 
01BH010,2006-01-11,46.66400146484375, 
01BH010,2006-02-11,46.43299865722656, 
01BH010,2006-03-11,46.492000579833984, 
01BH010,2006-04-11,46.5099983215332, 
01BH010,2006-05-11,47.3120002746582, 
01BH010,2006-06-11,46.63600158691406, 
01BH010,2006-07-11,46.516998291015625, 
01BH010,2006-08-11,46.29399871826172, 
01BH010,2006-09-11,46.23199844360352, 
01BH010,2006-10-11,46.37300109863281, 
01BH010,2006-11-11,46.65800094604492, 
01BH010,2006-12-11,46.448001861572266, 
01BH010,2007-01-11,46.34799957275391, 
01BH010,2007-02-11,46.85900115966797, 
01BH010,2007-03-11,46.46900177001953, 
01BH010,2007-04-11,46.292999267578125, 
01BH010,2007-05-11,47.73099899291992, 
01BH010,2007-06-11,46.66299819946289, 
01BH010,2007-07-11,46.51900100708008, 
01BH010,2007-08-11,47.22499847412109, 
01BH010,2007-09-11,46.37099838256836, 
01BH010,2007-10-11,46.310001373291016, 
01BH010,2007-11-11,46.64099884033203, 
01BH010,2007-12-11,47.0369987487793, 
01BH010,2008-01-11,46.742000579833984, 
01BH010,2008-02-11,46.51800155639648, 
01BH010,2008-03-11,46.58200073242188, 
01BH010,2008-04-11,46.45800018310547, 
01BH010,2008-05-11,47.47299957275391, 
01BH010,2008-06-11,46.63800048828125, 
01BH010,2008-07-11,46.52000045776367, 
01BH010,2008-08-11,46.67599868774414, 
01BH010,2008-09-11,46.48699951171875, 
01BH010,2008-10-11,46.69400024414063, 
01BH010,2008-11-11,46.71599960327149, 
01BH010,2008-12-11,47.81600189208984, 
01BH010,2009-01-11,46.84799957275391, 
01BH010,2009-02-11,46.391998291015625, 
01BH010,2009-03-11,46.60699844360352, 
01BH010,2009-04-11,46.595001220703125, 
01BH010,2009-05-11,47.87799835205078, 
01BH010,2009-06-11,46.61899948120117, 
01BH010,2009-07-11,46.48099899291992, 
01BH010,2009-08-11,46.4630012512207, 
01BH010,2009-09-11,46.303001403808594, 
01BH010,2009-10-11,46.67499923706055, 
01BH010,2009-11-11,46.44900131225586, 
01BH010,2009-12-11,46.64300155639648, 
01BH010,2010-01-11,46.36600112915039, 
01BH010,2010-02-11,46.73199844360352, 
01BH010,2010-03-11,46.303001403808594, 
01BH010,2010-04-11,47.36600112915039, 
01BH010,2010-05-11,47.34099960327149, 
01BH010,2010-06-11,46.790000915527344, 
01BH010,2010-07-11,46.70000076293945, 
01BH010,2010-08-11,46.38999938964844, 
01BH010,2010-09-11,46.53300094604492, 
01BH010,2010-10-11,46.73600006103516, 
01BH010,2010-11-11,46.948001861572266, 
01BH010,2010-12-11,46.87900161743164, 
01BH010,2011-01-11,46.52799987792969, 
01BH010,2011-02-11,, 
01BH010,2011-03-11,, 
01BH010,2011-04-11,46.38899993896485, 
01BH010,2011-05-11,47.56100082397461, 
01BH010,2011-06-11,46.83100128173828, 
01BH010,2011-07-11,46.71500015258789, 
01BH010,2011-08-11,46.55500030517578, 
01BH010,2011-09-11,47.02099990844727, 
01BH010,2011-10-11,46.41400146484375, 
01BH010,2011-11-11,46.44300079345703, 
01BH010,2011-12-11,46.5009994506836, 
01BH010,2012-01-11,46.7599983215332, 
01BH010,2012-02-11,46.50299835205078, 
01BH010,2012-03-11,46.68600082397461, 
01BH010,2012-04-11,46.54100036621094, 
01BH010,2012-05-11,47.571998596191406, 
01BH010,2012-06-11,46.50299835205078, 
01BH010,2012-07-11,46.59099960327149, 
01BH010,2012-08-11,46.36899948120117, 
01BH010,2012-09-11,46.39599990844727, 
01BH010,2012-10-11,, 
01BH010,2012-11-11,, 
01BH010,2012-12-11,46.34199905395508, 
01BH010,2013-01-11,46.4630012512207, 
01BH010,2013-03-11,, 
01BH010,2013-04-11,46.430999755859375, 
01BH010,2013-05-11,, 
01BH010,2013-06-11,46.79999923706055, 
01BH010,2013-07-11,46.345001220703125, 
01BH010,2013-08-11,46.507999420166016, 
01BH010,2013-09-11,46.37699890136719, 
01BH010,2013-10-11,46.42100143432617, 
01BH010,1991-08-12,, 
01BH010,1991-09-12,46.34999847412109, 
01BH010,1991-10-12,46.68000030517578, 
01BH010,1991-11-12,46.77999877929688, 
01BH010,1991-12-12,, 
01BH010,1992-03-12,, 
01BH010,1992-04-12,46.43999862670898, 
01BH010,1992-05-12,47.38999938964844, 
01BH010,1992-06-12,46.68000030517578, 
01BH010,1992-07-12,46.709999084472656, 
01BH010,1992-08-12,46.560001373291016, 
01BH010,1992-09-12,46.31999969482422, 
01BH010,1992-10-12,46.25, 
01BH010,1992-11-12,47.869998931884766, 
01BH010,1992-12-12,46.5099983215332, 
01BH010,1993-01-12,46.45000076293945, 
01BH010,1993-02-12,46.369998931884766, 
01BH010,1993-03-12,46.310001373291016, 
01BH010,1993-04-12,46.52000045776367, 
01BH010,1993-05-12,46.95000076293945, 
01BH010,1993-06-12,46.65999984741211, 
01BH010,1993-07-12,46.5, 
01BH010,1993-08-12,46.4900016784668, 
01BH010,1993-09-12,46.59000015258789, 
01BH010,1993-10-12,46.4900016784668, 
01BH010,1993-11-12,46.52999877929688, 
01BH010,1993-12-12,46.7599983215332, 
01BH010,1994-01-12,47.7400016784668, 
01BH010,1994-02-12,47.310001373291016, 
01BH010,1994-03-12,47.31999969482422, 
01BH010,1994-04-12,46.310001373291016, 
01BH010,1994-05-12,47.54999923706055, 
01BH010,1994-06-12,47.0099983215332, 
01BH010,1994-07-12,46.810001373291016, 
01BH010,1994-08-12,46.43999862670898, 
01BH010,1994-09-12,46.34999847412109, 
01BH010,1994-10-12,46.4900016784668, 
01BH010,1994-11-12,46.7400016784668, 
01BH010,1994-12-12,46.45000076293945, 
01BH010,1995-01-12,, 
01BH010,1995-02-12,46.47999954223633, 
01BH010,1995-03-12,46.5, 
01BH010,1995-04-12,46.2599983215332, 
01BH010,1995-05-12,47.40999984741211, 
01BH010,1995-06-12,46.86000061035156, 
01BH010,1995-07-12,46.40999984741211, 
01BH010,1995-08-12,46.290000915527344, 
01BH010,1995-09-12,46.31999969482422, 
01BH010,1995-10-12,46.34000015258789, 
01BH010,1995-11-12,47.04999923706055, 
01BH010,1995-12-12,47.5, 
01BH010,1996-01-12,46.61000061035156, 
01BH010,1996-02-12,46.9900016784668, 
01BH010,1996-03-12,46.7599983215332, 
01BH010,1996-04-12,46.43999862670898, 
01BH010,1996-05-12,47.33000183105469, 
01BH010,1996-06-12,46.790000915527344, 
01BH010,1996-07-12,46.72999954223633, 
01BH010,1996-08-12,46.52999877929688, 
01BH010,1996-09-12,46.29999923706055, 
01BH010,1996-10-12,46.27999877929688, 
01BH010,1996-11-12,46.5, 
01BH010,1996-12-12,46.59000015258789, 
01BH010,1997-01-12,47.02000045776367, 
01BH010,1997-02-12,46.560001373291016, 
01BH010,1997-03-12,46.36000061035156, 
01BH010,1997-04-12,46.790000915527344, 
01BH010,1997-05-12,47.18000030517578, 
01BH010,1997-06-12,46.86600112915039, 
01BH010,1997-07-12,46.52000045776367, 
01BH010,1997-08-12,46.30799865722656, 
01BH010,1997-09-12,46.30199813842773, 
01BH010,1997-10-12,46.275001525878906, 
01BH010,1997-11-12,46.55099868774414, 
01BH010,1997-12-12,46.428001403808594, 
01BH010,1998-01-12,46.45100021362305, 
01BH010,1998-02-12,46.2869987487793, 
01BH010,1998-03-12,46.9010009765625, 
01BH010,1998-04-12,46.44400024414063, 
01BH010,1998-05-12,47.119998931884766, 
01BH010,1998-06-12,46.667999267578125, 
01BH010,1998-07-12,46.72499847412109, 
01BH010,1998-08-12,46.5260009765625, 
01BH010,1998-09-12,46.66899871826172, 
01BH010,1998-10-12,46.49300003051758, 
01BH010,1998-11-12,46.70700073242188, 
01BH010,1998-12-12,46.35200119018555, 
01BH010,1999-01-12,, 
01BH010,1999-02-12,46.33100128173828, 
01BH010,1999-03-12,47.00299835205078, 
01BH010,1999-04-12,46.46900177001953, 
01BH010,1999-05-12,47.58700180053711, 
01BH010,1999-06-12,46.595001220703125, 
01BH010,1999-07-12,46.33200073242188, 
01BH010,1999-08-12,46.25299835205078, 
01BH010,1999-09-12,46.59099960327149, 
01BH010,1999-10-12,46.6150016784668, 
01BH010,1999-11-12,46.891998291015625, 
01BH010,1999-12-12,46.6879997253418, 
01BH010,2000-01-12,46.869998931884766, 
01BH010,2000-02-12,46.38999938964844, 
01BH010,2000-03-12,46.47999954223633, 
01BH010,2000-04-12,47.21500015258789, 
01BH010,2000-05-12,47.32099914550781, 
01BH010,2000-06-12,46.72600173950195, 
01BH010,2000-07-12,46.52999877929688, 
01BH010,2000-08-12,46.40599822998047, 
01BH010,2000-09-12,46.27899932861328, 
01BH010,2000-10-12,46.303001403808594, 
01BH010,2000-11-12,46.762001037597656, 
01BH010,2000-12-12,47.790000915527344, 
01BH010,2001-01-12,46.733001708984375, 
01BH010,2001-02-12,46.40999984741211, 
01BH010,2001-03-12,46.303001403808594, 
01BH010,2001-04-12,46.22499847412109, 
01BH010,2001-05-12,47.571998596191406, 
01BH010,2001-06-12,46.77000045776367, 
01BH010,2001-07-12,46.428001403808594, 
01BH010,2001-08-12,46.34199905395508, 
01BH010,2001-09-12,46.26800155639648, 
01BH010,2001-10-12,46.37699890136719, 
01BH010,2001-11-12,46.46099853515625, 
01BH010,2001-12-12,46.35900115966797, 
01BH010,2002-01-12,46.64699935913086, 
01BH010,2002-02-12,46.35100173950195, 
01BH010,2002-03-12,46.77899932861328, 
01BH010,2002-04-12,46.33399963378906, 
01BH010,2002-05-12,47.12799835205078, 
01BH010,2002-06-12,46.63800048828125, 
01BH010,2002-07-12,46.46799850463867, 
01BH010,2002-08-12,46.66600036621094, 
01BH010,2002-09-12,46.45100021362305, 
01BH010,2002-10-12,46.30099868774414, 
01BH010,2002-11-12,46.367000579833984, 
01BH010,2002-12-12,46.525001525878906, 
01BH010,2003-01-12,46.48600006103516, 
01BH010,2003-02-12,46.49800109863281, 
01BH010,2003-03-12,46.30899810791016, 
01BH010,2003-04-12,46.29899978637695, 
01BH010,2003-05-12,47.2869987487793, 
01BH010,2003-06-12,46.68000030517578, 
01BH010,2003-07-12,46.35499954223633, 
01BH010,2003-08-12,46.49300003051758, 
01BH010,2003-09-12,46.297000885009766, 
01BH010,2003-10-12,46.297000885009766, 
01BH010,2003-11-12,46.57400131225586, 
01BH010,2003-12-12,46.60499954223633, 
01BH010,2004-01-12,48.48400115966797, 
01BH010,2004-02-12,46.60599899291992, 
01BH010,2004-03-12,46.39099884033203, 
01BH010,2004-04-12,46.35200119018555, 
01BH010,2004-05-12,47.229000091552734, 
01BH010,2004-06-12,46.62099838256836, 
01BH010,2004-07-12,46.483001708984375, 
01BH010,2004-08-12,46.33200073242188, 
01BH010,2004-09-12,47.23600006103516, 
01BH010,2004-10-12,46.35900115966797, 
01BH010,2004-11-12,46.375, 
01BH010,2004-12-12,46.48400115966797, 
01BH010,2005-01-12,46.5260009765625, 
01BH010,2005-02-12,46.85699844360352, 
01BH010,2005-03-12,46.98199844360352, 
01BH010,2005-04-12,46.50299835205078, 
01BH010,2005-05-12,47.652000427246094, 
01BH010,2005-06-12,46.66400146484375, 
01BH010,2005-07-12,46.36899948120117, 
01BH010,2005-08-12,46.24800109863281, 
01BH010,2005-09-12,46.36199951171875, 
01BH010,2005-10-12,46.34600067138672, 
01BH010,2005-11-12,46.6349983215332, 
01BH010,2005-12-12,46.7140007019043, 
01BH010,2006-01-12,46.650001525878906, 
01BH010,2006-02-12,46.44100189208984, 
01BH010,2006-03-12,46.4900016784668, 
01BH010,2006-04-12,46.5369987487793, 
01BH010,2006-05-12,47.32899856567383, 
01BH010,2006-06-12,46.619998931884766, 
01BH010,2006-07-12,46.5009994506836, 
01BH010,2006-08-12,46.28799819946289, 
01BH010,2006-09-12,46.22700119018555, 
01BH010,2006-10-12,46.375, 
01BH010,2006-11-12,46.64300155639648, 
01BH010,2006-12-12,46.42599868774414, 
01BH010,2007-01-12,46.3489990234375, 
01BH010,2007-02-12,46.86600112915039, 
01BH010,2007-03-12,46.46599960327149, 
01BH010,2007-04-12,46.292999267578125, 
01BH010,2007-05-12,47.76100158691406, 
01BH010,2007-06-12,46.637001037597656, 
01BH010,2007-07-12,46.52999877929688, 
01BH010,2007-08-12,47.0890007019043, 
01BH010,2007-09-12,46.380001068115234, 
01BH010,2007-10-12,46.30199813842773, 
01BH010,2007-11-12,46.61899948120117, 
01BH010,2007-12-12,46.77999877929688, 
01BH010,2008-01-12,46.733001708984375, 
01BH010,2008-02-12,46.505001068115234, 
01BH010,2008-03-12,46.56600189208984, 
01BH010,2008-04-12,46.494998931884766, 
01BH010,2008-05-12,47.40900039672852, 
01BH010,2008-06-12,46.61299896240234, 
01BH010,2008-07-12,46.49800109863281, 
01BH010,2008-08-12,46.70199966430664, 
01BH010,2008-09-12,46.46099853515625, 
01BH010,2008-10-12,46.6619987487793, 
01BH010,2008-11-12,46.69400024414063, 
01BH010,2008-12-12,47.63399887084961, 
01BH010,2009-01-12,46.77000045776367, 
01BH010,2009-02-12,46.38600158691406, 
01BH010,2009-03-12,46.56499862670898, 
01BH010,2009-04-12,46.57799911499024, 
01BH010,2009-05-12,47.617000579833984, 
01BH010,2009-06-12,46.60499954223633, 
01BH010,2009-07-12,46.46799850463867, 
01BH010,2009-08-12,46.448001861572266, 
01BH010,2009-09-12,, 
01BH010,2009-10-12,46.652000427246094, 
01BH010,2009-11-12,46.44400024414063, 
01BH010,2009-12-12,46.5359992980957, 
01BH010,2010-01-12,46.38899993896485, 
01BH010,2010-02-12,46.72800064086914, 
01BH010,2010-03-12,, 
01BH010,2010-04-12,47.24700164794922, 
01BH010,2010-05-12,47.24300003051758, 
01BH010,2010-06-12,46.75199890136719, 
01BH010,2010-07-12,46.73199844360352, 
01BH010,2010-08-12,46.38899993896485, 
01BH010,2010-09-12,, 
01BH010,2010-10-12,46.70700073242188, 
01BH010,2010-11-12,46.9010009765625, 
01BH010,2010-12-12,46.83599853515625, 
01BH010,2011-01-12,46.49100112915039, 
01BH010,2011-02-12,46.52000045776367, 
01BH010,2011-03-12,46.65999984741211, 
01BH010,2011-04-12,46.45700073242188, 
01BH010,2011-05-12,47.55899810791016, 
01BH010,2011-06-12,46.79399871826172, 
01BH010,2011-07-12,46.75199890136719, 
01BH010,2011-08-12,46.5880012512207, 
01BH010,2011-09-12,46.946998596191406, 
01BH010,2011-10-12,46.40299987792969, 
01BH010,2011-11-12,46.62799835205078, 
01BH010,2011-12-12,46.70700073242188, 
01BH010,2012-01-12,46.73699951171875, 
01BH010,2012-02-12,46.4900016784668, 
01BH010,2012-03-12,46.70600128173828, 
01BH010,2012-04-12,46.53499984741211, 
01BH010,2012-05-12,47.50400161743164, 
01BH010,2012-06-12,46.49300003051758, 
01BH010,2012-07-12,46.56900024414063, 
01BH010,2012-08-12,46.37799835205078, 
01BH010,2012-09-12,46.3849983215332, 
01BH010,2012-10-12,46.58300018310547, 
01BH010,2012-11-12,46.61600112915039, 
01BH010,2012-12-12,, 
01BH010,2013-01-12,46.45899963378906, 
01BH010,2013-03-12,, 
01BH010,2013-04-12,, 
01BH010,2013-05-12,47.57500076293945, 
01BH010,2013-06-12,46.7599983215332, 
01BH010,2013-07-12,46.34000015258789, 
01BH010,2013-08-12,46.47999954223633, 
01BH010,2013-09-12,46.38199996948242, 
01BH010,2013-10-12,46.435001373291016, 
01BH010,1991-08-13,, 
01BH010,1991-09-13,46.34999847412109, 
01BH010,1991-10-13,46.79999923706055, 
01BH010,1991-11-13,46.77000045776367, 
01BH010,1991-12-13,, 
01BH010,1992-03-13,46.54999923706055, 
01BH010,1992-04-13,46.43999862670898, 
01BH010,1992-05-13,47.650001525878906, 
01BH010,1992-06-13,46.66999816894531, 
01BH010,1992-07-13,46.66999816894531, 
01BH010,1992-08-13,46.52999877929688, 
01BH010,1992-09-13,46.310001373291016, 
01BH010,1992-10-13,46.25, 
01BH010,1992-11-13,46.369998931884766, 
01BH010,1992-12-13,46.43000030517578, 
01BH010,1993-01-13,48.20000076293945, 
01BH010,1993-02-13,46.650001525878906, 
01BH010,1993-03-13,46.27000045776367, 
01BH010,1993-04-13,46.7400016784668, 
01BH010,1993-05-13,46.900001525878906, 
01BH010,1993-06-13,46.63999938964844, 
01BH010,1993-07-13,46.5, 
01BH010,1993-08-13,46.52000045776367, 
01BH010,1993-09-13,46.59000015258789, 
01BH010,1993-10-13,46.4900016784668, 
01BH010,1993-11-13,46.52999877929688, 
01BH010,1993-12-13,47.34999847412109, 
01BH010,1994-01-13,46.5, 
01BH010,1994-02-13,47.310001373291016, 
01BH010,1994-03-13,47.31999969482422, 
01BH010,1994-04-13,46.38999938964844, 
01BH010,1994-05-13,47.540000915527344, 
01BH010,1994-06-13,46.95000076293945, 
01BH010,1994-07-13,46.79999923706055, 
01BH010,1994-08-13,46.41999816894531, 
01BH010,1994-09-13,46.400001525878906, 
01BH010,1994-10-13,46.470001220703125, 
01BH010,1994-11-13,46.709999084472656, 
01BH010,1994-12-13,46.43999862670898, 
01BH010,1995-01-13,45.61000061035156, 
01BH010,1995-02-13,46.47999954223633, 
01BH010,1995-03-13,46.380001068115234, 
01BH010,1995-04-13,46.2599983215332, 
01BH010,1995-05-13,47.619998931884766, 
01BH010,1995-06-13,46.83000183105469, 
01BH010,1995-07-13,46.400001525878906, 
01BH010,1995-08-13,46.27999877929688, 
01BH010,1995-09-13,46.29999923706055, 
01BH010,1995-10-13,46.34000015258789, 
01BH010,1995-11-13,47.0, 
01BH010,1995-12-13,48.790000915527344, 
01BH010,1996-01-13,46.52999877929688, 
01BH010,1996-02-13,46.93000030517578, 
01BH010,1996-03-13,46.72999954223633, 
01BH010,1996-04-13,46.45000076293945, 
01BH010,1996-05-13,47.310001373291016, 
01BH010,1996-06-13,46.7400016784668, 
01BH010,1996-07-13,46.709999084472656, 
01BH010,1996-08-13,46.5099983215332, 
01BH010,1996-09-13,46.29999923706055, 
01BH010,1996-10-13,46.27999877929688, 
01BH010,1996-11-13,46.52000045776367, 
01BH010,1996-12-13,46.58000183105469, 
01BH010,1997-01-13,47.0099983215332, 
01BH010,1997-02-13,46.560001373291016, 
01BH010,1997-03-13,46.34999847412109, 
01BH010,1997-04-13,46.36000061035156, 
01BH010,1997-05-13,47.25, 
01BH010,1997-06-13,46.81499862670898, 
01BH010,1997-07-13,46.5099983215332, 
01BH010,1997-08-13,46.303001403808594, 
01BH010,1997-09-13,46.34000015258789, 
01BH010,1997-10-13,46.277000427246094, 
01BH010,1997-11-13,46.53200149536133, 
01BH010,1997-12-13,46.4640007019043, 
01BH010,1998-01-13,46.55500030517578, 
01BH010,1998-02-13,46.297000885009766, 
01BH010,1998-03-13,46.875, 
01BH010,1998-04-13,46.46200180053711, 
01BH010,1998-05-13,47.02899932861328, 
01BH010,1998-06-13,46.641998291015625, 
01BH010,1998-07-13,46.75699996948242, 
01BH010,1998-08-13,46.47800064086914, 
01BH010,1998-09-13,46.64899826049805, 
01BH010,1998-10-13,46.48400115966797, 
01BH010,1998-11-13,46.67499923706055, 
01BH010,1998-12-13,46.4379997253418, 
01BH010,1999-01-13,, 
01BH010,1999-02-13,46.46500015258789, 
01BH010,1999-03-13,47.04100036621094, 
01BH010,1999-04-13,46.45399856567383, 
01BH010,1999-05-13,47.354000091552734, 
01BH010,1999-06-13,46.57699966430664, 
01BH010,1999-07-13,46.321998596191406, 
01BH010,1999-08-13,46.249000549316406, 
01BH010,1999-09-13,46.555999755859375, 
01BH010,1999-10-13,46.61000061035156, 
01BH010,1999-11-13,46.74100112915039, 
01BH010,1999-12-13,46.64400100708008, 
01BH010,2000-01-13,46.83200073242188, 
01BH010,2000-02-13,46.37699890136719, 
01BH010,2000-03-13,46.51599884033203, 
01BH010,2000-04-13,47.08700180053711, 
01BH010,2000-05-13,47.26800155639648, 
01BH010,2000-06-13,46.70100021362305, 
01BH010,2000-07-13,46.52799987792969, 
01BH010,2000-08-13,46.38399887084961, 
01BH010,2000-09-13,46.27799987792969, 
01BH010,2000-10-13,46.297000885009766, 
01BH010,2000-11-13,46.78799819946289, 
01BH010,2000-12-13,47.78499984741211, 
01BH010,2001-01-13,46.72700119018555, 
01BH010,2001-02-13,46.39300155639648, 
01BH010,2001-03-13,46.31999969482422, 
01BH010,2001-04-13,46.23600006103516, 
01BH010,2001-05-13,47.540000915527344, 
01BH010,2001-06-13,46.72600173950195, 
01BH010,2001-07-13,46.43600082397461, 
01BH010,2001-08-13,46.31700134277344, 
01BH010,2001-09-13,46.266998291015625, 
01BH010,2001-10-13,46.367000579833984, 
01BH010,2001-11-13,46.45000076293945, 
01BH010,2001-12-13,46.34000015258789, 
01BH010,2002-01-13,46.62200164794922, 
01BH010,2002-02-13,46.34099960327149, 
01BH010,2002-03-13,46.76800155639648, 
01BH010,2002-04-13,46.3759994506836, 
01BH010,2002-05-13,47.06900024414063, 
01BH010,2002-06-13,46.61800003051758, 
01BH010,2002-07-13,46.46500015258789, 
01BH010,2002-08-13,46.63100051879883, 
01BH010,2002-09-13,46.43600082397461, 
01BH010,2002-10-13,46.29999923706055, 
01BH010,2002-11-13,46.36800003051758, 
01BH010,2002-12-13,46.5, 
01BH010,2003-01-13,46.48400115966797, 
01BH010,2003-02-13,46.47200012207031, 
01BH010,2003-03-13,46.305999755859375, 
01BH010,2003-04-13,46.3129997253418, 
01BH010,2003-05-13,47.21799850463867, 
01BH010,2003-06-13,46.652000427246094, 
01BH010,2003-07-13,46.35200119018555, 
01BH010,2003-08-13,46.470001220703125, 
01BH010,2003-09-13,46.290000915527344, 
01BH010,2003-10-13,46.29899978637695, 
01BH010,2003-11-13,46.56600189208984, 
01BH010,2003-12-13,46.57400131225586, 
01BH010,2004-01-13,48.13899993896485, 
01BH010,2004-02-13,46.59000015258789, 
01BH010,2004-03-13,46.3759994506836, 
01BH010,2004-04-13,46.35300064086914, 
01BH010,2004-05-13,47.167999267578125, 
01BH010,2004-06-13,46.608001708984375, 
01BH010,2004-07-13,46.47299957275391, 
01BH010,2004-08-13,46.42499923706055, 
01BH010,2004-09-13,47.08100128173828, 
01BH010,2004-10-13,46.38600158691406, 
01BH010,2004-11-13,46.33599853515625, 
01BH010,2004-12-13,46.48799896240234, 
01BH010,2005-01-13,46.51800155639648, 
01BH010,2005-02-13,46.882999420166016, 
01BH010,2005-03-13,47.01800155639648, 
01BH010,2005-04-13,46.507999420166016, 
01BH010,2005-05-13,47.49399948120117, 
01BH010,2005-06-13,46.6619987487793, 
01BH010,2005-07-13,46.35900115966797, 
01BH010,2005-08-13,46.26800155639648, 
01BH010,2005-09-13,46.367000579833984, 
01BH010,2005-10-13,46.3390007019043, 
01BH010,2005-11-13,46.61800003051758, 
01BH010,2005-12-13,46.64899826049805, 
01BH010,2006-01-13,46.62200164794922, 
01BH010,2006-02-13,46.542999267578125, 
01BH010,2006-03-13,46.47299957275391, 
01BH010,2006-04-13,46.61899948120117, 
01BH010,2006-05-13,47.32500076293945, 
01BH010,2006-06-13,46.60300064086914, 
01BH010,2006-07-13,46.48400115966797, 
01BH010,2006-08-13,46.28499984741211, 
01BH010,2006-09-13,46.23199844360352, 
01BH010,2006-10-13,46.40599822998047, 
01BH010,2006-11-13,46.63899993896485, 
01BH010,2006-12-13,46.42100143432617, 
01BH010,2007-01-13,46.34099960327149, 
01BH010,2007-02-13,46.93399810791016, 
01BH010,2007-03-13,46.45899963378906, 
01BH010,2007-04-13,46.30199813842773, 
01BH010,2007-05-13,47.5620002746582, 
01BH010,2007-06-13,46.61399841308594, 
01BH010,2007-07-13,46.53799819946289, 
01BH010,2007-08-13,46.98799896240234, 
01BH010,2007-09-13,46.375, 
01BH010,2007-10-13,46.37300109863281, 
01BH010,2007-11-13,46.59400177001953, 
01BH010,2007-12-13,46.77099990844727, 
01BH010,2008-01-13,46.6870002746582, 
01BH010,2008-02-13,46.53099822998047, 
01BH010,2008-03-13,46.52099990844727, 
01BH010,2008-04-13,46.499000549316406, 
01BH010,2008-05-13,47.38899993896485, 
01BH010,2008-06-13,46.59799957275391, 
01BH010,2008-07-13,46.483001708984375, 
01BH010,2008-08-13,46.7140007019043, 
01BH010,2008-09-13,46.45399856567383, 
01BH010,2008-10-13,46.637001037597656, 
01BH010,2008-11-13,46.67699813842773, 
01BH010,2008-12-13,48.1510009765625, 
01BH010,2009-01-13,46.77099990844727, 
01BH010,2009-02-13,46.380001068115234, 
01BH010,2009-03-13,46.66400146484375, 
01BH010,2009-04-13,46.54999923706055, 
01BH010,2009-05-13,47.45000076293945, 
01BH010,2009-06-13,46.59700012207031, 
01BH010,2009-07-13,46.46599960327149, 
01BH010,2009-08-13,46.435001373291016, 
01BH010,2009-09-13,46.29800033569336, 
01BH010,2009-10-13,46.637001037597656, 
01BH010,2009-11-13,46.435001373291016, 
01BH010,2009-12-13,, 
01BH010,2010-01-13,46.42100143432617, 
01BH010,2010-02-13,46.70500183105469, 
01BH010,2010-03-13,46.28300094604492, 
01BH010,2010-04-13,47.137001037597656, 
01BH010,2010-05-13,47.165000915527344, 
01BH010,2010-06-13,46.720001220703125, 
01BH010,2010-07-13,46.77099990844727, 
01BH010,2010-08-13,46.374000549316406, 
01BH010,2010-09-13,46.53400039672852, 
01BH010,2010-10-13,46.68299865722656, 
01BH010,2010-11-13,46.858001708984375, 
01BH010,2010-12-13,46.88899993896485, 
01BH010,2011-01-13,46.50199890136719, 
01BH010,2011-02-13,46.52399826049805, 
01BH010,2011-03-13,46.729000091552734, 
01BH010,2011-04-13,46.53799819946289, 
01BH010,2011-05-13,47.55899810791016, 
01BH010,2011-06-13,46.76100158691406, 
01BH010,2011-07-13,46.74300003051758, 
01BH010,2011-08-13,46.61299896240234, 
01BH010,2011-09-13,46.887001037597656, 
01BH010,2011-10-13,46.39400100708008, 
01BH010,2011-11-13,46.65900039672852, 
01BH010,2011-12-13,46.680999755859375, 
01BH010,2012-01-13,46.81100082397461, 
01BH010,2012-02-13,46.47700119018555, 
01BH010,2012-03-13,46.685001373291016, 
01BH010,2012-04-13,46.53099822998047, 
01BH010,2012-05-13,47.42100143432617, 
01BH010,2012-06-13,46.48400115966797, 
01BH010,2012-07-13,46.55699920654297, 
01BH010,2012-08-13,46.37099838256836, 
01BH010,2012-09-13,46.375, 
01BH010,2012-10-13,, 
01BH010,2012-11-13,46.60900115966797, 
01BH010,2012-12-13,46.305999755859375, 
01BH010,2013-01-13,46.44599914550781, 
01BH010,2013-03-13,, 
01BH010,2013-04-13,46.42499923706055, 
01BH010,2013-05-13,47.63600158691406, 
01BH010,2013-06-13,46.72499847412109, 
01BH010,2013-07-13,46.334999084472656, 
01BH010,2013-08-13,46.46099853515625, 
01BH010,2013-09-13,46.39599990844727, 
01BH010,2013-10-13,46.42100143432617, 
01BH010,1991-08-14,, 
01BH010,1991-09-14,46.34000015258789, 
01BH010,1991-10-14,46.86000061035156, 
01BH010,1991-11-14,46.72999954223633, 
01BH010,1991-12-14,, 
01BH010,1992-03-14,46.5, 
01BH010,1992-04-14,46.43999862670898, 
01BH010,1992-05-14,47.86000061035156, 
01BH010,1992-06-14,46.65999984741211, 
01BH010,1992-07-14,46.65999984741211, 
01BH010,1992-08-14,46.52000045776367, 
01BH010,1992-09-14,46.29999923706055, 
01BH010,1992-10-14,46.27000045776367, 
01BH010,1992-11-14,46.369998931884766, 
01BH010,1992-12-14,46.4900016784668, 
01BH010,1993-01-14,46.459999084472656, 
01BH010,1993-02-14,46.369998931884766, 
01BH010,1993-03-14,46.369998931884766, 
01BH010,1993-04-14,46.75, 
01BH010,1993-05-14,46.86000061035156, 
01BH010,1993-06-14,46.619998931884766, 
01BH010,1993-07-14,46.540000915527344, 
01BH010,1993-08-14,46.52000045776367, 
01BH010,1993-09-14,46.59000015258789, 
01BH010,1993-10-14,46.84000015258789, 
01BH010,1993-11-14,46.52000045776367, 
01BH010,1993-12-14,47.25, 
01BH010,1994-01-14,47.20000076293945, 
01BH010,1994-02-14,47.310001373291016, 
01BH010,1994-03-14,47.31999969482422, 
01BH010,1994-04-14,46.880001068115234, 
01BH010,1994-05-14,48.06999969482422, 
01BH010,1994-06-14,46.91999816894531, 
01BH010,1994-07-14,46.77999877929688, 
01BH010,1994-08-14,46.41999816894531, 
01BH010,1994-09-14,46.400001525878906, 
01BH010,1994-10-14,46.459999084472656, 
01BH010,1994-11-14,46.68000030517578, 
01BH010,1994-12-14,46.20000076293945, 
01BH010,1995-01-14,46.52999877929688, 
01BH010,1995-02-14,46.5099983215332, 
01BH010,1995-03-14,46.540000915527344, 
01BH010,1995-04-14,46.27000045776367, 
01BH010,1995-05-14,47.72999954223633, 
01BH010,1995-06-14,46.77999877929688, 
01BH010,1995-07-14,46.40999984741211, 
01BH010,1995-08-14,46.290000915527344, 
01BH010,1995-09-14,46.290000915527344, 
01BH010,1995-10-14,46.34999847412109, 
01BH010,1995-11-14,46.93999862670898, 
01BH010,1995-12-14,47.47999954223633, 
01BH010,1996-01-14,46.52999877929688, 
01BH010,1996-02-14,46.86000061035156, 
01BH010,1996-03-14,46.720001220703125, 
01BH010,1996-04-14,46.45000076293945, 
01BH010,1996-05-14,47.220001220703125, 
01BH010,1996-06-14,46.720001220703125, 
01BH010,1996-07-14,46.68999862670898, 
01BH010,1996-08-14,46.5, 
01BH010,1996-09-14,46.29999923706055, 
01BH010,1996-10-14,46.27000045776367, 
01BH010,1996-11-14,46.5099983215332, 
01BH010,1996-12-14,46.630001068115234, 
01BH010,1997-01-14,47.04999923706055, 
01BH010,1997-02-14,46.540000915527344, 
01BH010,1997-03-14,46.47999954223633, 
01BH010,1997-04-14,46.34000015258789, 
01BH010,1997-05-14,47.43999862670898, 
01BH010,1997-06-14,46.78400039672852, 
01BH010,1997-07-14,46.4900016784668, 
01BH010,1997-08-14,46.30199813842773, 
01BH010,1997-09-14,46.3380012512207, 
01BH010,1997-10-14,46.27399826049805, 
01BH010,1997-11-14,46.51900100708008, 
01BH010,1997-12-14,46.48199844360352, 
01BH010,1998-01-14,46.49599838256836, 
01BH010,1998-02-14,, 
01BH010,1998-03-14,, 
01BH010,1998-04-14,46.48600006103516, 
01BH010,1998-05-14,46.97499847412109, 
01BH010,1998-06-14,46.61600112915039, 
01BH010,1998-07-14,46.762001037597656, 
01BH010,1998-08-14,46.45199966430664, 
01BH010,1998-09-14,46.62699890136719, 
01BH010,1998-10-14,46.47499847412109, 
01BH010,1998-11-14,46.64500045776367, 
01BH010,1998-12-14,46.73600006103516, 
01BH010,1999-01-14,, 
01BH010,1999-02-14,46.45800018310547, 
01BH010,1999-03-14,47.02799987792969, 
01BH010,1999-04-14,46.44499969482422, 
01BH010,1999-05-14,47.20700073242188, 
01BH010,1999-06-14,46.55699920654297, 
01BH010,1999-07-14,46.31399917602539, 
01BH010,1999-08-14,46.26300048828125, 
01BH010,1999-09-14,46.52399826049805, 
01BH010,1999-10-14,46.76900100708008, 
01BH010,1999-11-14,46.617000579833984, 
01BH010,1999-12-14,46.6259994506836, 
01BH010,2000-01-14,46.89699935913086, 
01BH010,2000-02-14,46.37099838256836, 
01BH010,2000-03-14,46.9109992980957, 
01BH010,2000-04-14,46.97600173950195, 
01BH010,2000-05-14,47.26399993896485, 
01BH010,2000-06-14,46.67599868774414, 
01BH010,2000-07-14,46.51399993896485, 
01BH010,2000-08-14,46.367000579833984, 
01BH010,2000-09-14,46.2869987487793, 
01BH010,2000-10-14,46.290000915527344, 
01BH010,2000-11-14,46.79100036621094, 
01BH010,2000-12-14,47.47499847412109, 
01BH010,2001-01-14,46.69499969482422, 
01BH010,2001-02-14,46.3849983215332, 
01BH010,2001-03-14,46.492000579833984, 
01BH010,2001-04-14,46.23400115966797, 
01BH010,2001-05-14,47.62300109863281, 
01BH010,2001-06-14,46.685001373291016, 
01BH010,2001-07-14,46.428001403808594, 
01BH010,2001-08-14,46.30699920654297, 
01BH010,2001-09-14,46.262001037597656, 
01BH010,2001-10-14,46.36000061035156, 
01BH010,2001-11-14,46.4370002746582, 
01BH010,2001-12-14,46.430999755859375, 
01BH010,2002-01-14,46.57899856567383, 
01BH010,2002-02-14,46.32500076293945, 
01BH010,2002-03-14,46.7599983215332, 
01BH010,2002-04-14,46.44400024414063, 
01BH010,2002-05-14,47.0260009765625, 
01BH010,2002-06-14,46.59999847412109, 
01BH010,2002-07-14,46.47499847412109, 
01BH010,2002-08-14,46.59999847412109, 
01BH010,2002-09-14,46.41899871826172, 
01BH010,2002-10-14,46.31100082397461, 
01BH010,2002-11-14,46.37099838256836, 
01BH010,2002-12-14,46.46900177001953, 
01BH010,2003-01-14,46.492000579833984, 
01BH010,2003-02-14,46.47200012207031, 
01BH010,2003-03-14,46.29399871826172, 
01BH010,2003-04-14,46.3120002746582, 
01BH010,2003-05-14,47.19499969482422, 
01BH010,2003-06-14,46.6259994506836, 
01BH010,2003-07-14,46.35499954223633, 
01BH010,2003-08-14,46.45399856567383, 
01BH010,2003-09-14,46.27999877929688, 
01BH010,2003-10-14,46.29899978637695, 
01BH010,2003-11-14,46.56900024414063, 
01BH010,2003-12-14,46.59299850463867, 
01BH010,2004-01-14,47.3120002746582, 
01BH010,2004-02-14,46.54899978637695, 
01BH010,2004-03-14,46.367000579833984, 
01BH010,2004-04-14,46.40800094604492, 
01BH010,2004-05-14,47.11100006103516, 
01BH010,2004-06-14,46.58300018310547, 
01BH010,2004-07-14,46.4739990234375, 
01BH010,2004-08-14,46.43600082397461, 
01BH010,2004-09-14,46.95800018310547, 
01BH010,2004-10-14,46.37799835205078, 
01BH010,2004-11-14,46.35100173950195, 
01BH010,2004-12-14,46.46699905395508, 
01BH010,2005-01-14,46.5, 
01BH010,2005-02-14,46.83200073242188, 
01BH010,2005-03-14,47.07699966430664, 
01BH010,2005-04-14,46.49800109863281, 
01BH010,2005-05-14,47.3120002746582, 
01BH010,2005-06-14,46.68199920654297, 
01BH010,2005-07-14,46.36000061035156, 
01BH010,2005-08-14,46.292999267578125, 
01BH010,2005-09-14,46.35300064086914, 
01BH010,2005-10-14,46.334999084472656, 
01BH010,2005-11-14,46.60300064086914, 
01BH010,2005-12-14,46.61399841308594, 
01BH010,2006-01-14,46.608001708984375, 
01BH010,2006-02-14,46.61000061035156, 
01BH010,2006-03-14,46.46200180053711, 
01BH010,2006-04-14,46.8390007019043, 
01BH010,2006-05-14,47.3120002746582, 
01BH010,2006-06-14,46.61000061035156, 
01BH010,2006-07-14,46.470001220703125, 
01BH010,2006-08-14,46.28200149536133, 
01BH010,2006-09-14,46.2239990234375, 
01BH010,2006-10-14,, 
01BH010,2006-11-14,46.672000885009766, 
01BH010,2006-12-14,46.492000579833984, 
01BH010,2007-01-14,46.34799957275391, 
01BH010,2007-02-14,46.98899841308594, 
01BH010,2007-03-14,46.44900131225586, 
01BH010,2007-04-14,46.30400085449219, 
01BH010,2007-05-14,47.35699844360352, 
01BH010,2007-06-14,46.59400177001953, 
01BH010,2007-07-14,46.547000885009766, 
01BH010,2007-08-14,46.90800094604492, 
01BH010,2007-09-14,46.36100006103516, 
01BH010,2007-10-14,46.380001068115234, 
01BH010,2007-11-14,46.58700180053711, 
01BH010,2007-12-14,46.68999862670898, 
01BH010,2008-01-14,46.650001525878906, 
01BH010,2008-02-14,46.52199935913086, 
01BH010,2008-03-14,46.57600021362305, 
01BH010,2008-04-14,46.492000579833984, 
01BH010,2008-05-14,47.4109992980957, 
01BH010,2008-06-14,46.58100128173828, 
01BH010,2008-07-14,46.479000091552734, 
01BH010,2008-08-14,46.720001220703125, 
01BH010,2008-09-14,46.448001861572266, 
01BH010,2008-10-14,46.61600112915039, 
01BH010,2008-11-14,46.66400146484375, 
01BH010,2008-12-14,47.74800109863281, 
01BH010,2009-01-14,46.76900100708008, 
01BH010,2009-02-14,46.38800048828125, 
01BH010,2009-03-14,46.69300079345703, 
01BH010,2009-04-14,46.54800033569336, 
01BH010,2009-05-14,47.42300033569336, 
01BH010,2009-06-14,46.57600021362305, 
01BH010,2009-07-14,46.48400115966797, 
01BH010,2009-08-14,46.42300033569336, 
01BH010,2009-09-14,46.297000885009766, 
01BH010,2009-10-14,46.625, 
01BH010,2009-11-14,46.428001403808594, 
01BH010,2009-12-14,46.59199905395508, 
01BH010,2010-01-14,46.46500015258789, 
01BH010,2010-02-14,46.67599868774414, 
01BH010,2010-03-14,46.28900146484375, 
01BH010,2010-04-14,47.07600021362305, 
01BH010,2010-05-14,47.09099960327149, 
01BH010,2010-06-14,46.685001373291016, 
01BH010,2010-07-14,46.81700134277344, 
01BH010,2010-08-14,46.36299896240234, 
01BH010,2010-09-14,46.52799987792969, 
01BH010,2010-10-14,46.65900039672852, 
01BH010,2010-11-14,46.81700134277344, 
01BH010,2010-12-14,47.70199966430664, 
01BH010,2011-01-14,46.47999954223633, 
01BH010,2011-02-14,, 
01BH010,2011-03-14,46.80699920654297, 
01BH010,2011-04-14,46.60100173950195, 
01BH010,2011-05-14,47.57799911499024, 
01BH010,2011-06-14,46.72800064086914, 
01BH010,2011-07-14,46.72100067138672, 
01BH010,2011-08-14,46.62300109863281, 
01BH010,2011-09-14,46.8489990234375, 
01BH010,2011-10-14,46.38999938964844, 
01BH010,2011-11-14,46.67100143432617, 
01BH010,2011-12-14,46.57500076293945, 
01BH010,2012-01-14,46.79399871826172, 
01BH010,2012-02-14,, 
01BH010,2012-03-14,46.64799880981445, 
01BH010,2012-04-14,46.5359992980957, 
01BH010,2012-05-14,47.32500076293945, 
01BH010,2012-06-14,46.46699905395508, 
01BH010,2012-07-14,46.571998596191406, 
01BH010,2012-08-14,46.42399978637695, 
01BH010,2012-09-14,46.367000579833984, 
01BH010,2012-10-14,46.60699844360352, 
01BH010,2012-11-14,46.60900115966797, 
01BH010,2012-12-14,, 
01BH010,2013-01-14,46.435001373291016, 
01BH010,2013-03-14,, 
01BH010,2013-04-14,, 
01BH010,2013-05-14,47.55799865722656, 
01BH010,2013-06-14,46.69400024414063, 
01BH010,2013-07-14,46.32899856567383, 
01BH010,2013-08-14,46.494998931884766, 
01BH010,2013-09-14,46.400001525878906, 
01BH010,2013-10-14,46.40800094604492, 
01BH010,1991-08-15,, 
01BH010,1991-09-15,46.34000015258789, 
01BH010,1991-10-15,46.88999938964844, 
01BH010,1991-11-15,46.709999084472656, 
01BH010,1991-12-15,, 
01BH010,1992-03-15,46.52999877929688, 
01BH010,1992-04-15,46.43000030517578, 
01BH010,1992-05-15,47.810001373291016, 
01BH010,1992-06-15,46.65999984741211, 
01BH010,1992-07-15,46.65999984741211, 
01BH010,1992-08-15,46.5, 
01BH010,1992-09-15,46.29999923706055, 
01BH010,1992-10-15,46.27000045776367, 
01BH010,1992-11-15,46.369998931884766, 
01BH010,1992-12-15,46.41999816894531, 
01BH010,1993-01-15,46.470001220703125, 
01BH010,1993-02-15,46.9900016784668, 
01BH010,1993-03-15,46.400001525878906, 
01BH010,1993-04-15,46.66999816894531, 
01BH010,1993-05-15,46.83000183105469, 
01BH010,1993-06-15,46.59999847412109, 
01BH010,1993-07-15,46.52000045776367, 
01BH010,1993-08-15,46.5, 
01BH010,1993-09-15,46.59000015258789, 
01BH010,1993-10-15,46.869998931884766, 
01BH010,1993-11-15,46.5099983215332, 
01BH010,1993-12-15,47.130001068115234, 
01BH010,1994-01-15,47.45000076293945, 
01BH010,1994-02-15,47.310001373291016, 
01BH010,1994-03-15,47.31999969482422, 
01BH010,1994-04-15,47.130001068115234, 
01BH010,1994-05-15,47.75, 
01BH010,1994-06-15,47.0, 
01BH010,1994-07-15,46.72999954223633, 
01BH010,1994-08-15,46.41999816894531, 
01BH010,1994-09-15,46.38999938964844, 
01BH010,1994-10-15,46.459999084472656, 
01BH010,1994-11-15,46.65999984741211, 
01BH010,1994-12-15,45.95000076293945, 
01BH010,1995-01-15,46.52999877929688, 
01BH010,1995-02-15,46.52000045776367, 
01BH010,1995-03-15,46.54999923706055, 
01BH010,1995-04-15,46.27000045776367, 
01BH010,1995-05-15,47.869998931884766, 
01BH010,1995-06-15,46.75, 
01BH010,1995-07-15,46.40999984741211, 
01BH010,1995-08-15,46.290000915527344, 
01BH010,1995-09-15,46.29999923706055, 
01BH010,1995-10-15,46.34999847412109, 
01BH010,1995-11-15,46.869998931884766, 
01BH010,1995-12-15,47.400001525878906, 
01BH010,1996-01-15,46.5, 
01BH010,1996-02-15,46.880001068115234, 
01BH010,1996-03-15,46.75, 
01BH010,1996-04-15,46.43999862670898, 
01BH010,1996-05-15,47.13999938964844, 
01BH010,1996-06-15,46.709999084472656, 
01BH010,1996-07-15,46.66999816894531, 
01BH010,1996-08-15,46.47999954223633, 
01BH010,1996-09-15,46.290000915527344, 
01BH010,1996-10-15,46.27000045776367, 
01BH010,1996-11-15,46.4900016784668, 
01BH010,1996-12-15,46.59000015258789, 
01BH010,1997-01-15,47.0, 
01BH010,1997-02-15,46.52999877929688, 
01BH010,1997-03-15,46.369998931884766, 
01BH010,1997-04-15,46.36000061035156, 
01BH010,1997-05-15,48.150001525878906, 
01BH010,1997-06-15,46.75699996948242, 
01BH010,1997-07-15,46.4900016784668, 
01BH010,1997-08-15,46.30199813842773, 
01BH010,1997-09-15,46.32699966430664, 
01BH010,1997-10-15,46.27099990844727, 
01BH010,1997-11-15,46.50899887084961, 
01BH010,1997-12-15,46.46099853515625, 
01BH010,1998-01-15,46.58200073242188, 
01BH010,1998-02-15,, 
01BH010,1998-03-15,46.775001525878906, 
01BH010,1998-04-15,46.52299880981445, 
01BH010,1998-05-15,46.9370002746582, 
01BH010,1998-06-15,46.59400177001953, 
01BH010,1998-07-15,46.75199890136719, 
01BH010,1998-08-15,46.43399810791016, 
01BH010,1998-09-15,46.60599899291992, 
01BH010,1998-10-15,46.47600173950195, 
01BH010,1998-11-15,46.70299911499024, 
01BH010,1998-12-15,46.57899856567383, 
01BH010,1999-01-15,, 
01BH010,1999-02-15,46.38999938964844, 
01BH010,1999-03-15,46.95199966430664, 
01BH010,1999-04-15,46.46099853515625, 
01BH010,1999-05-15,47.117000579833984, 
01BH010,1999-06-15,46.54100036621094, 
01BH010,1999-07-15,46.30500030517578, 
01BH010,1999-08-15,46.26300048828125, 
01BH010,1999-09-15,46.49700164794922, 
01BH010,1999-10-15,47.165000915527344, 
01BH010,1999-11-15,46.61800003051758, 
01BH010,1999-12-15,46.58700180053711, 
01BH010,2000-01-15,46.88600158691406, 
01BH010,2000-02-15,46.35599899291992, 
01BH010,2000-03-15,46.60300064086914, 
01BH010,2000-04-15,46.89899826049805, 
01BH010,2000-05-15,47.28499984741211, 
01BH010,2000-06-15,46.65299987792969, 
01BH010,2000-07-15,46.50400161743164, 
01BH010,2000-08-15,46.35499954223633, 
01BH010,2000-09-15,46.290000915527344, 
01BH010,2000-10-15,46.2859992980957, 
01BH010,2000-11-15,46.81600189208984, 
01BH010,2000-12-15,47.53200149536133, 
01BH010,2001-01-15,46.67499923706055, 
01BH010,2001-02-15,46.36100006103516, 
01BH010,2001-03-15,46.334999084472656, 
01BH010,2001-04-15,46.24300003051758, 
01BH010,2001-05-15,47.77999877929688, 
01BH010,2001-06-15,46.65499877929688, 
01BH010,2001-07-15,46.45899963378906, 
01BH010,2001-08-15,46.30899810791016, 
01BH010,2001-09-15,46.255001068115234, 
01BH010,2001-10-15,46.37099838256836, 
01BH010,2001-11-15,46.446998596191406, 
01BH010,2001-12-15,46.402000427246094, 
01BH010,2002-01-15,46.59600067138672, 
01BH010,2002-02-15,46.31600189208984, 
01BH010,2002-03-15,46.73099899291992, 
01BH010,2002-04-15,46.48099899291992, 
01BH010,2002-05-15,46.983001708984375, 
01BH010,2002-06-15,46.58200073242188, 
01BH010,2002-07-15,46.459999084472656, 
01BH010,2002-08-15,46.57400131225586, 
01BH010,2002-09-15,46.40999984741211, 
01BH010,2002-10-15,46.31700134277344, 
01BH010,2002-11-15,46.3759994506836, 
01BH010,2002-12-15,46.45899963378906, 
01BH010,2003-01-15,46.51100158691406, 
01BH010,2003-02-15,46.44900131225586, 
01BH010,2003-03-15,46.30099868774414, 
01BH010,2003-04-15,46.31999969482422, 
01BH010,2003-05-15,47.22200012207031, 
01BH010,2003-06-15,46.624000549316406, 
01BH010,2003-07-15,46.35900115966797, 
01BH010,2003-08-15,46.44100189208984, 
01BH010,2003-09-15,46.27199935913086, 
01BH010,2003-10-15,46.29999923706055, 
01BH010,2003-11-15,46.54499816894531, 
01BH010,2003-12-15,46.63600158691406, 
01BH010,2004-01-15,47.13899993896485, 
01BH010,2004-02-15,46.52799987792969, 
01BH010,2004-03-15,46.36000061035156, 
01BH010,2004-04-15,46.58100128173828, 
01BH010,2004-05-15,, 
01BH010,2004-06-15,46.56800079345703, 
01BH010,2004-07-15,46.47299957275391, 
01BH010,2004-08-15,46.4109992980957, 
01BH010,2004-09-15,46.87900161743164, 
01BH010,2004-10-15,46.36600112915039, 
01BH010,2004-11-15,46.36000061035156, 
01BH010,2004-12-15,46.42100143432617, 
01BH010,2005-01-15,46.50299835205078, 
01BH010,2005-02-15,46.75699996948242, 
01BH010,2005-03-15,47.0, 
01BH010,2005-04-15,46.47600173950195, 
01BH010,2005-05-15,47.198001861572266, 
01BH010,2005-06-15,46.667999267578125, 
01BH010,2005-07-15,46.391998291015625, 
01BH010,2005-08-15,46.28499984741211, 
01BH010,2005-09-15,46.34000015258789, 
01BH010,2005-10-15,46.33399963378906, 
01BH010,2005-11-15,46.59099960327149, 
01BH010,2005-12-15,46.608001708984375, 
01BH010,2006-01-15,46.821998596191406, 
01BH010,2006-02-15,46.619998931884766, 
01BH010,2006-03-15,46.479000091552734, 
01BH010,2006-04-15,46.95899963378906, 
01BH010,2006-05-15,47.29199981689453, 
01BH010,2006-06-15,46.59199905395508, 
01BH010,2006-07-15,46.45600128173828, 
01BH010,2006-08-15,46.28200149536133, 
01BH010,2006-09-15,46.21799850463867, 
01BH010,2006-10-15,46.44900131225586, 
01BH010,2006-11-15,46.82899856567383, 
01BH010,2006-12-15,46.48500061035156, 
01BH010,2007-01-15,46.37300109863281, 
01BH010,2007-02-15,46.96500015258789, 
01BH010,2007-03-15,46.4379997253418, 
01BH010,2007-04-15,46.29600143432617, 
01BH010,2007-05-15,47.23400115966797, 
01BH010,2007-06-15,46.571998596191406, 
01BH010,2007-07-15,46.57799911499024, 
01BH010,2007-08-15,46.84799957275391, 
01BH010,2007-09-15,46.36800003051758, 
01BH010,2007-10-15,, 
01BH010,2007-11-15,46.5989990234375, 
01BH010,2007-12-15,46.70299911499024, 
01BH010,2008-01-15,46.617000579833984, 
01BH010,2008-02-15,46.50699996948242, 
01BH010,2008-03-15,46.555999755859375, 
01BH010,2008-04-15,46.483001708984375, 
01BH010,2008-05-15,47.44499969482422, 
01BH010,2008-06-15,46.56800079345703, 
01BH010,2008-07-15,46.47100067138672, 
01BH010,2008-08-15,46.73899841308594, 
01BH010,2008-09-15,46.44900131225586, 
01BH010,2008-10-15,46.60599899291992, 
01BH010,2008-11-15,46.678001403808594, 
01BH010,2008-12-15,47.57899856567383, 
01BH010,2009-01-15,46.72700119018555, 
01BH010,2009-02-15,46.37900161743164, 
01BH010,2009-03-15,46.61100006103516, 
01BH010,2009-04-15,46.54100036621094, 
01BH010,2009-05-15,47.57899856567383, 
01BH010,2009-06-15,46.5620002746582, 
01BH010,2009-07-15,46.48500061035156, 
01BH010,2009-08-15,46.4109992980957, 
01BH010,2009-09-15,46.29899978637695, 
01BH010,2009-10-15,46.61000061035156, 
01BH010,2009-11-15,46.42599868774414, 
01BH010,2009-12-15,46.62099838256836, 
01BH010,2010-01-15,46.470001220703125, 
01BH010,2010-02-15,, 
01BH010,2010-03-15,46.30099868774414, 
01BH010,2010-04-15,46.99599838256836, 
01BH010,2010-05-15,47.02199935913086, 
01BH010,2010-06-15,46.65999984741211, 
01BH010,2010-07-15,46.80199813842773, 
01BH010,2010-08-15,46.35499954223633, 
01BH010,2010-09-15,46.52799987792969, 
01BH010,2010-10-15,46.64099884033203, 
01BH010,2010-11-15,46.77799987792969, 
01BH010,2010-12-15,48.50199890136719, 
01BH010,2011-01-15,46.47299957275391, 
01BH010,2011-02-15,46.5369987487793, 
01BH010,2011-03-15,46.834999084472656, 
01BH010,2011-04-15,, 
01BH010,2011-05-15,47.60900115966797, 
01BH010,2011-06-15,46.696998596191406, 
01BH010,2011-07-15,46.696998596191406, 
01BH010,2011-08-15,46.62300109863281, 
01BH010,2011-09-15,46.8129997253418, 
01BH010,2011-10-15,46.4109992980957, 
01BH010,2011-11-15,46.70199966430664, 
01BH010,2011-12-15,46.53300094604492, 
01BH010,2012-01-15,46.78200149536133, 
01BH010,2012-02-15,46.46099853515625, 
01BH010,2012-03-15,46.57699966430664, 
01BH010,2012-04-15,46.54399871826172, 
01BH010,2012-05-15,47.24399948120117, 
01BH010,2012-06-15,46.446998596191406, 
01BH010,2012-07-15,46.54499816894531, 
01BH010,2012-08-15,46.59799957275391, 
01BH010,2012-09-15,46.3650016784668, 
01BH010,2012-10-15,46.608001708984375, 
01BH010,2012-11-15,46.58599853515625, 
01BH010,2012-12-15,46.39699935913086, 
01BH010,2013-01-15,46.43899917602539, 
01BH010,2013-03-15,, 
01BH010,2013-04-15,, 
01BH010,2013-05-15,47.39300155639648, 
01BH010,2013-06-15,46.67499923706055, 
01BH010,2013-07-15,46.321998596191406, 
01BH010,2013-08-15,46.57400131225586, 
01BH010,2013-09-15,46.40299987792969, 
01BH010,2013-10-15,46.39699935913086, 
01BH010,1991-08-16,, 
01BH010,1991-09-16,46.34000015258789, 
01BH010,1991-10-16,46.869998931884766, 
01BH010,1991-11-16,46.68999862670898, 
01BH010,1991-12-16,, 
01BH010,1992-03-16,46.5099983215332, 
01BH010,1992-04-16,46.41999816894531, 
01BH010,1992-05-16,47.52999877929688, 
01BH010,1992-06-16,46.63999938964844, 
01BH010,1992-07-16,46.619998931884766, 
01BH010,1992-08-16,46.4900016784668, 
01BH010,1992-09-16,46.29999923706055, 
01BH010,1992-10-16,46.2599983215332, 
01BH010,1992-11-16,46.31999969482422, 
01BH010,1992-12-16,46.47999954223633, 
01BH010,1993-01-16,46.66999816894531, 
01BH010,1993-02-16,46.369998931884766, 
01BH010,1993-03-16,47.130001068115234, 
01BH010,1993-04-16,46.619998931884766, 
01BH010,1993-05-16,46.810001373291016, 
01BH010,1993-06-16,46.58000183105469, 
01BH010,1993-07-16,46.52000045776367, 
01BH010,1993-08-16,46.4900016784668, 
01BH010,1993-09-16,46.58000183105469, 
01BH010,1993-10-16,46.83000183105469, 
01BH010,1993-11-16,46.5099983215332, 
01BH010,1993-12-16,47.02999877929688, 
01BH010,1994-01-16,47.34999847412109, 
01BH010,1994-02-16,47.310001373291016, 
01BH010,1994-03-16,47.31999969482422, 
01BH010,1994-04-16,46.959999084472656, 
01BH010,1994-05-16,47.59999847412109, 
01BH010,1994-06-16,46.97999954223633, 
01BH010,1994-07-16,46.70000076293945, 
01BH010,1994-08-16,46.41999816894531, 
01BH010,1994-09-16,46.36000061035156, 
01BH010,1994-10-16,46.45000076293945, 
01BH010,1994-11-16,46.66999816894531, 
01BH010,1994-12-16,46.56999969482422, 
01BH010,1995-01-16,46.68999862670898, 
01BH010,1995-02-16,46.540000915527344, 
01BH010,1995-03-16,46.459999084472656, 
01BH010,1995-04-16,46.29999923706055, 
01BH010,1995-05-16,47.83000183105469, 
01BH010,1995-06-16,46.709999084472656, 
01BH010,1995-07-16,46.41999816894531, 
01BH010,1995-08-16,46.290000915527344, 
01BH010,1995-09-16,46.31999969482422, 
01BH010,1995-10-16,46.369998931884766, 
01BH010,1995-11-16,47.040000915527344, 
01BH010,1995-12-16,47.220001220703125, 
01BH010,1996-01-16,46.47999954223633, 
01BH010,1996-02-16,46.84000015258789, 
01BH010,1996-03-16,46.709999084472656, 
01BH010,1996-04-16,46.45000076293945, 
01BH010,1996-05-16,47.119998931884766, 
01BH010,1996-06-16,46.709999084472656, 
01BH010,1996-07-16,46.650001525878906, 
01BH010,1996-08-16,46.470001220703125, 
01BH010,1996-09-16,46.290000915527344, 
01BH010,1996-10-16,46.27999877929688, 
01BH010,1996-11-16,46.5099983215332, 
01BH010,1996-12-16,46.56999969482422, 
01BH010,1997-01-16,46.970001220703125, 
01BH010,1997-02-16,46.52999877929688, 
01BH010,1997-03-16,46.369998931884766, 
01BH010,1997-04-16,46.380001068115234, 
01BH010,1997-05-16,48.0099983215332, 
01BH010,1997-06-16,46.720001220703125, 
01BH010,1997-07-16,46.470001220703125, 
01BH010,1997-08-16,46.29899978637695, 
01BH010,1997-09-16,46.3489990234375, 
01BH010,1997-10-16,46.30799865722656, 
01BH010,1997-11-16,, 
01BH010,1997-12-16,46.58300018310547, 
01BH010,1998-01-16,46.55899810791016, 
01BH010,1998-02-16,, 
01BH010,1998-03-16,46.744998931884766, 
01BH010,1998-04-16,46.55799865722656, 
01BH010,1998-05-16,46.891998291015625, 
01BH010,1998-06-16,46.57600021362305, 
01BH010,1998-07-16,46.71799850463867, 
01BH010,1998-08-16,46.4379997253418, 
01BH010,1998-09-16,46.595001220703125, 
01BH010,1998-10-16,46.492000579833984, 
01BH010,1998-11-16,46.630001068115234, 
01BH010,1998-12-16,46.58100128173828, 
01BH010,1999-01-16,, 
01BH010,1999-02-16,46.39899826049805, 
01BH010,1999-03-16,46.97299957275391, 
01BH010,1999-04-16,46.49399948120117, 
01BH010,1999-05-16,47.08300018310547, 
01BH010,1999-06-16,46.525001525878906, 
01BH010,1999-07-16,46.31100082397461, 
01BH010,1999-08-16,46.257999420166016, 
01BH010,1999-09-16,46.47499847412109, 
01BH010,1999-10-16,47.09099960327149, 
01BH010,1999-11-16,46.608001708984375, 
01BH010,1999-12-16,46.55799865722656, 
01BH010,2000-01-16,46.82400131225586, 
01BH010,2000-02-16,46.34999847412109, 
01BH010,2000-03-16,46.61600112915039, 
01BH010,2000-04-16,46.83399963378906, 
01BH010,2000-05-16,47.40399932861328, 
01BH010,2000-06-16,46.61800003051758, 
01BH010,2000-07-16,46.49300003051758, 
01BH010,2000-08-16,46.358001708984375, 
01BH010,2000-09-16,46.35499954223633, 
01BH010,2000-10-16,46.28400039672852, 
01BH010,2000-11-16,47.03799819946289, 
01BH010,2000-12-16,47.277000427246094, 
01BH010,2001-01-16,46.667999267578125, 
01BH010,2001-02-16,46.391998291015625, 
01BH010,2001-03-16,46.3489990234375, 
01BH010,2001-04-16,46.24100112915039, 
01BH010,2001-05-16,47.57899856567383, 
01BH010,2001-06-16,46.62300109863281, 
01BH010,2001-07-16,46.48600006103516, 
01BH010,2001-08-16,46.29199981689453, 
01BH010,2001-09-16,46.25699996948242, 
01BH010,2001-10-16,46.42599868774414, 
01BH010,2001-11-16,46.44200134277344, 
01BH010,2001-12-16,46.42499923706055, 
01BH010,2002-01-16,46.604000091552734, 
01BH010,2002-02-16,, 
01BH010,2002-03-16,46.68299865722656, 
01BH010,2002-04-16,46.53400039672852, 
01BH010,2002-05-16,46.96500015258789, 
01BH010,2002-06-16,46.58700180053711, 
01BH010,2002-07-16,46.44900131225586, 
01BH010,2002-08-16,46.56600189208984, 
01BH010,2002-09-16,46.40399932861328, 
01BH010,2002-10-16,46.31499862670898, 
01BH010,2002-11-16,46.36899948120117, 
01BH010,2002-12-16,46.44599914550781, 
01BH010,2003-01-16,46.53200149536133, 
01BH010,2003-02-16,46.39699935913086, 
01BH010,2003-03-16,46.303001403808594, 
01BH010,2003-04-16,46.34600067138672, 
01BH010,2003-05-16,47.25, 
01BH010,2003-06-16,46.61100006103516, 
01BH010,2003-07-16,46.358001708984375, 
01BH010,2003-08-16,46.44400024414063, 
01BH010,2003-09-16,46.27000045776367, 
01BH010,2003-10-16,46.34799957275391, 
01BH010,2003-11-16,46.52399826049805, 
01BH010,2003-12-16,46.63999938964844, 
01BH010,2004-01-16,47.04600143432617, 
01BH010,2004-02-16,46.516998291015625, 
01BH010,2004-03-16,46.35599899291992, 
01BH010,2004-04-16,46.64300155639648, 
01BH010,2004-05-16,47.26900100708008, 
01BH010,2004-06-16,46.553001403808594, 
01BH010,2004-07-16,46.47999954223633, 
01BH010,2004-08-16,46.38999938964844, 
01BH010,2004-09-16,46.81900024414063, 
01BH010,2004-10-16,46.402000427246094, 
01BH010,2004-11-16,46.35200119018555, 
01BH010,2004-12-16,46.37200164794922, 
01BH010,2005-01-16,46.52299880981445, 
01BH010,2005-02-16,46.6870002746582, 
01BH010,2005-03-16,, 
01BH010,2005-04-16,46.48199844360352, 
01BH010,2005-05-16,47.130001068115234, 
01BH010,2005-06-16,46.67100143432617, 
01BH010,2005-07-16,46.38399887084961, 
01BH010,2005-08-16,46.27199935913086, 
01BH010,2005-09-16,46.33100128173828, 
01BH010,2005-10-16,46.38100051879883, 
01BH010,2005-11-16,46.58000183105469, 
01BH010,2005-12-16,46.58300018310547, 
01BH010,2006-01-16,47.1510009765625, 
01BH010,2006-02-16,46.63600158691406, 
01BH010,2006-03-16,46.44200134277344, 
01BH010,2006-04-16,46.98400115966797, 
01BH010,2006-05-16,47.27799987792969, 
01BH010,2006-06-16,46.571998596191406, 
01BH010,2006-07-16,46.44499969482422, 
01BH010,2006-08-16,46.28200149536133, 
01BH010,2006-09-16,46.2130012512207, 
01BH010,2006-10-16,46.47499847412109, 
01BH010,2006-11-16,46.93899917602539, 
01BH010,2006-12-16,46.44499969482422, 
01BH010,2007-01-16,46.417999267578125, 
01BH010,2007-02-16,46.93999862670898, 
01BH010,2007-03-16,46.43600082397461, 
01BH010,2007-04-16,46.29399871826172, 
01BH010,2007-05-16,47.14500045776367, 
01BH010,2007-06-16,46.55199813842773, 
01BH010,2007-07-16,46.59799957275391, 
01BH010,2007-08-16,46.79899978637695, 
01BH010,2007-09-16,46.42499923706055, 
01BH010,2007-10-16,46.36600112915039, 
01BH010,2007-11-16,47.23400115966797, 
01BH010,2007-12-16,46.71200180053711, 
01BH010,2008-01-16,46.65399932861328, 
01BH010,2008-02-16,46.512001037597656, 
01BH010,2008-03-16,46.540000915527344, 
01BH010,2008-04-16,46.48899841308594, 
01BH010,2008-05-16,47.44499969482422, 
01BH010,2008-06-16,46.55799865722656, 
01BH010,2008-07-16,46.45800018310547, 
01BH010,2008-08-16,46.70500183105469, 
01BH010,2008-09-16,46.45000076293945, 
01BH010,2008-10-16,46.5880012512207, 
01BH010,2008-11-16,46.7869987487793, 
01BH010,2008-12-16,47.77099990844727, 
01BH010,2009-01-16,, 
01BH010,2009-02-16,46.37699890136719, 
01BH010,2009-03-16,46.624000549316406, 
01BH010,2009-04-16,46.52999877929688, 
01BH010,2009-05-16,47.63600158691406, 
01BH010,2009-06-16,46.560001373291016, 
01BH010,2009-07-16,46.46699905395508, 
01BH010,2009-08-16,46.4010009765625, 
01BH010,2009-09-16,46.29499816894531, 
01BH010,2009-10-16,46.59199905395508, 
01BH010,2009-11-16,46.42599868774414, 
01BH010,2009-12-16,46.65800094604492, 
01BH010,2010-01-16,46.430999755859375, 
01BH010,2010-02-16,46.60900115966797, 
01BH010,2010-03-16,46.30500030517578, 
01BH010,2010-04-16,46.93299865722656, 
01BH010,2010-05-16,46.97499847412109, 
01BH010,2010-06-16,46.63399887084961, 
01BH010,2010-07-16,46.77899932861328, 
01BH010,2010-08-16,46.34700012207031, 
01BH010,2010-09-16,46.56100082397461, 
01BH010,2010-10-16,46.66999816894531, 
01BH010,2010-11-16,46.74399948120117, 
01BH010,2010-12-16,48.13399887084961, 
01BH010,2011-01-16,46.45399856567383, 
01BH010,2011-02-16,, 
01BH010,2011-03-16,46.84299850463867, 
01BH010,2011-04-16,46.59099960327149, 
01BH010,2011-05-16,47.53499984741211, 
01BH010,2011-06-16,46.64400100708008, 
01BH010,2011-07-16,46.67100143432617, 
01BH010,2011-08-16,46.65900039672852, 
01BH010,2011-09-16,46.8489990234375, 
01BH010,2011-10-16,46.43299865722656, 
01BH010,2011-11-16,46.72800064086914, 
01BH010,2011-12-16,46.58700180053711, 
01BH010,2012-01-16,46.757999420166016, 
01BH010,2012-02-16,46.459999084472656, 
01BH010,2012-03-16,, 
01BH010,2012-04-16,46.60499954223633, 
01BH010,2012-05-16,47.19400024414063, 
01BH010,2012-06-16,46.4379997253418, 
01BH010,2012-07-16,46.52000045776367, 
01BH010,2012-08-16,46.66699981689453, 
01BH010,2012-09-16,46.367000579833984, 
01BH010,2012-10-16,, 
01BH010,2012-11-16,46.56600189208984, 
01BH010,2012-12-16,46.382999420166016, 
01BH010,2013-01-16,46.45700073242188, 
01BH010,2013-03-16,, 
01BH010,2013-04-16,, 
01BH010,2013-05-16,47.27000045776367, 
01BH010,2013-06-16,46.64899826049805, 
01BH010,2013-07-16,, 
01BH010,2013-08-16,46.553001403808594, 
01BH010,2013-09-16,46.38800048828125, 
01BH010,2013-10-16,46.3849983215332, 
01BH010,1991-08-17,, 
01BH010,1991-09-17,46.33000183105469, 
01BH010,1991-10-17,46.91999816894531, 
01BH010,1991-11-17,46.68000030517578, 
01BH010,1991-12-17,, 
01BH010,1992-03-17,46.5099983215332, 
01BH010,1992-04-17,46.40999984741211, 
01BH010,1992-05-17,47.34000015258789, 
01BH010,1992-06-17,46.619998931884766, 
01BH010,1992-07-17,46.61000061035156, 
01BH010,1992-08-17,46.47999954223633, 
01BH010,1992-09-17,46.29999923706055, 
01BH010,1992-10-17,46.25, 
01BH010,1992-11-17,46.310001373291016, 
01BH010,1992-12-17,46.41999816894531, 
01BH010,1993-01-17,46.45000076293945, 
01BH010,1993-02-17,48.060001373291016, 
01BH010,1993-03-17,46.310001373291016, 
01BH010,1993-04-17,46.58000183105469, 
01BH010,1993-05-17,46.810001373291016, 
01BH010,1993-06-17,46.56999969482422, 
01BH010,1993-07-17,46.540000915527344, 
01BH010,1993-08-17,46.470001220703125, 
01BH010,1993-09-17,46.560001373291016, 
01BH010,1993-10-17,46.790000915527344, 
01BH010,1993-11-17,46.4900016784668, 
01BH010,1993-12-17,46.93999862670898, 
01BH010,1994-01-17,47.310001373291016, 
01BH010,1994-02-17,47.310001373291016, 
01BH010,1994-03-17,47.31999969482422, 
01BH010,1994-04-17,48.08000183105469, 
01BH010,1994-05-17,47.58000183105469, 
01BH010,1994-06-17,46.95000076293945, 
01BH010,1994-07-17,46.720001220703125, 
01BH010,1994-08-17,46.400001525878906, 
01BH010,1994-09-17,46.34000015258789, 
01BH010,1994-10-17,46.43999862670898, 
01BH010,1994-11-17,46.66999816894531, 
01BH010,1994-12-17,46.209999084472656, 
01BH010,1995-01-17,46.68999862670898, 
01BH010,1995-02-17,46.52000045776367, 
01BH010,1995-03-17,46.63999938964844, 
01BH010,1995-04-17,46.29999923706055, 
01BH010,1995-05-17,47.68000030517578, 
01BH010,1995-06-17,46.68999862670898, 
01BH010,1995-07-17,46.400001525878906, 
01BH010,1995-08-17,46.27000045776367, 
01BH010,1995-09-17,46.29999923706055, 
01BH010,1995-10-17,46.369998931884766, 
01BH010,1995-11-17,47.150001525878906, 
01BH010,1995-12-17,47.43999862670898, 
01BH010,1996-01-17,46.5, 
01BH010,1996-02-17,46.790000915527344, 
01BH010,1996-03-17,46.63999938964844, 
01BH010,1996-04-17,46.459999084472656, 
01BH010,1996-05-17,47.18000030517578, 
01BH010,1996-06-17,46.68999862670898, 
01BH010,1996-07-17,46.68000030517578, 
01BH010,1996-08-17,46.45000076293945, 
01BH010,1996-09-17,46.27999877929688, 
01BH010,1996-10-17,46.29999923706055, 
01BH010,1996-11-17,47.380001068115234, 
01BH010,1996-12-17,46.560001373291016, 
01BH010,1997-01-17,47.040000915527344, 
01BH010,1997-02-17,46.4900016784668, 
01BH010,1997-03-17,46.34999847412109, 
01BH010,1997-04-17,46.369998931884766, 
01BH010,1997-05-17,48.209999084472656, 
01BH010,1997-06-17,46.6870002746582, 
01BH010,1997-07-17,46.459999084472656, 
01BH010,1997-08-17,46.29999923706055, 
01BH010,1997-09-17,46.36100006103516, 
01BH010,1997-10-17,46.31600189208984, 
01BH010,1997-11-17,46.46699905395508, 
01BH010,1997-12-17,46.56900024414063, 
01BH010,1998-01-17,46.45700073242188, 
01BH010,1998-02-17,46.297000885009766, 
01BH010,1998-03-17,46.65499877929688, 
01BH010,1998-04-17,46.61299896240234, 
01BH010,1998-05-17,46.8390007019043, 
01BH010,1998-06-17,46.56499862670898, 
01BH010,1998-07-17,46.744998931884766, 
01BH010,1998-08-17,46.44400024414063, 
01BH010,1998-09-17,46.57500076293945, 
01BH010,1998-10-17,46.50199890136719, 
01BH010,1998-11-17,46.59700012207031, 
01BH010,1998-12-17,46.505001068115234, 
01BH010,1999-01-17,46.61299896240234, 
01BH010,1999-02-17,46.4119987487793, 
01BH010,1999-03-17,46.948001861572266, 
01BH010,1999-04-17,46.525001525878906, 
01BH010,1999-05-17,47.1349983215332, 
01BH010,1999-06-17,46.50899887084961, 
01BH010,1999-07-17,46.30500030517578, 
01BH010,1999-08-17,46.25400161743164, 
01BH010,1999-09-17,46.48099899291992, 
01BH010,1999-10-17,47.05500030517578, 
01BH010,1999-11-17,46.59799957275391, 
01BH010,1999-12-17,46.5989990234375, 
01BH010,2000-01-17,46.7400016784668, 
01BH010,2000-02-17,46.34299850463867, 
01BH010,2000-03-17,46.50400161743164, 
01BH010,2000-04-17,46.78400039672852, 
01BH010,2000-05-17,47.42499923706055, 
01BH010,2000-06-17,46.59199905395508, 
01BH010,2000-07-17,46.49100112915039, 
01BH010,2000-08-17,46.382999420166016, 
01BH010,2000-09-17,46.400001525878906, 
01BH010,2000-10-17,46.27899932861328, 
01BH010,2000-11-17,47.09000015258789, 
01BH010,2000-12-17,47.31399917602539, 
01BH010,2001-01-17,46.63800048828125, 
01BH010,2001-02-17,46.38100051879883, 
01BH010,2001-03-17,, 
01BH010,2001-04-17,46.23799896240234, 
01BH010,2001-05-17,47.3849983215332, 
01BH010,2001-06-17,46.6150016784668, 
01BH010,2001-07-17,46.51599884033203, 
01BH010,2001-08-17,46.28200149536133, 
01BH010,2001-09-17,46.25199890136719, 
01BH010,2001-10-17,46.43199920654297, 
01BH010,2001-11-17,46.4370002746582, 
01BH010,2001-12-17,46.5, 
01BH010,2002-01-17,46.62099838256836, 
01BH010,2002-02-17,46.36299896240234, 
01BH010,2002-03-17,46.67100143432617, 
01BH010,2002-04-17,46.64799880981445, 
01BH010,2002-05-17,46.96699905395508, 
01BH010,2002-06-17,46.617000579833984, 
01BH010,2002-07-17,46.43999862670898, 
01BH010,2002-08-17,46.54999923706055, 
01BH010,2002-09-17,46.39699935913086, 
01BH010,2002-10-17,46.310001373291016, 
01BH010,2002-11-17,46.33300018310547, 
01BH010,2002-12-17,46.45299911499024, 
01BH010,2003-01-17,46.553001403808594, 
01BH010,2003-02-17,46.3759994506836, 
01BH010,2003-03-17,46.29399871826172, 
01BH010,2003-04-17,46.31399917602539, 
01BH010,2003-05-17,47.305999755859375, 
01BH010,2003-06-17,46.5890007019043, 
01BH010,2003-07-17,46.35100173950195, 
01BH010,2003-08-17,46.48799896240234, 
01BH010,2003-09-17,46.26599884033203, 
01BH010,2003-10-17,46.35499954223633, 
01BH010,2003-11-17,46.494998931884766, 
01BH010,2003-12-17,46.63399887084961, 
01BH010,2004-01-17,47.11600112915039, 
01BH010,2004-02-17,46.4900016784668, 
01BH010,2004-03-17,46.354000091552734, 
01BH010,2004-04-17,46.63800048828125, 
01BH010,2004-05-17,47.24599838256836, 
01BH010,2004-06-17,46.53400039672852, 
01BH010,2004-07-17,46.47600173950195, 
01BH010,2004-08-17,46.3759994506836, 
01BH010,2004-09-17,46.77000045776367, 
01BH010,2004-10-17,46.50400161743164, 
01BH010,2004-11-17,46.29600143432617, 
01BH010,2004-12-17,46.42499923706055, 
01BH010,2005-01-17,46.52099990844727, 
01BH010,2005-02-17,46.64099884033203, 
01BH010,2005-03-17,46.891998291015625, 
01BH010,2005-04-17,46.53200149536133, 
01BH010,2005-05-17,47.11100006103516, 
01BH010,2005-06-17,46.66999816894531, 
01BH010,2005-07-17,46.3650016784668, 
01BH010,2005-08-17,46.26499938964844, 
01BH010,2005-09-17,46.32500076293945, 
01BH010,2005-10-17,46.48199844360352, 
01BH010,2005-11-17,46.60599899291992, 
01BH010,2005-12-17,46.5880012512207, 
01BH010,2006-01-17,47.1609992980957, 
01BH010,2006-02-17,46.7140007019043, 
01BH010,2006-03-17,46.44300079345703, 
01BH010,2006-04-17,47.03099822998047, 
01BH010,2006-05-17,47.29100036621094, 
01BH010,2006-06-17,46.54499816894531, 
01BH010,2006-07-17,46.44400024414063, 
01BH010,2006-08-17,46.277000427246094, 
01BH010,2006-09-17,46.21099853515625, 
01BH010,2006-10-17,46.4630012512207, 
01BH010,2006-11-17,46.9739990234375, 
01BH010,2006-12-17,46.40700149536133, 
01BH010,2007-01-17,46.47600173950195, 
01BH010,2007-02-17,46.9109992980957, 
01BH010,2007-03-17,, 
01BH010,2007-04-17,46.292999267578125, 
01BH010,2007-05-17,47.06800079345703, 
01BH010,2007-06-17,46.54499816894531, 
01BH010,2007-07-17,46.58399963378906, 
01BH010,2007-08-17,46.76499938964844, 
01BH010,2007-09-17,46.39899826049805, 
01BH010,2007-10-17,46.35900115966797, 
01BH010,2007-11-17,48.117000579833984, 
01BH010,2007-12-17,46.775001525878906, 
01BH010,2008-01-17,46.69200134277344, 
01BH010,2008-02-17,46.54600143432617, 
01BH010,2008-03-17,46.5009994506836, 
01BH010,2008-04-17,46.54600143432617, 
01BH010,2008-05-17,47.380001068115234, 
01BH010,2008-06-17,46.542999267578125, 
01BH010,2008-07-17,46.44599914550781, 
01BH010,2008-08-17,46.672000885009766, 
01BH010,2008-09-17,46.44100189208984, 
01BH010,2008-10-17,46.56800079345703, 
01BH010,2008-11-17,47.24599838256836, 
01BH010,2008-12-17,47.24399948120117, 
01BH010,2009-01-17,46.76900100708008, 
01BH010,2009-02-17,46.387001037597656, 
01BH010,2009-03-17,46.650001525878906, 
01BH010,2009-04-17,46.512001037597656, 
01BH010,2009-05-17,47.507999420166016, 
01BH010,2009-06-17,46.55799865722656, 
01BH010,2009-07-17,46.45800018310547, 
01BH010,2009-08-17,46.39500045776367, 
01BH010,2009-09-17,46.29100036621094, 
01BH010,2009-10-17,46.57400131225586, 
01BH010,2009-11-17,46.42100143432617, 
01BH010,2009-12-17,46.58000183105469, 
01BH010,2010-01-17,46.417999267578125, 
01BH010,2010-02-17,46.57600021362305, 
01BH010,2010-03-17,46.29899978637695, 
01BH010,2010-04-17,46.89099884033203, 
01BH010,2010-05-17,46.93999862670898, 
01BH010,2010-06-17,46.604000091552734, 
01BH010,2010-07-17,46.83599853515625, 
01BH010,2010-08-17,46.34099960327149, 
01BH010,2010-09-17,46.55400085449219, 
01BH010,2010-10-17,46.65800094604492, 
01BH010,2010-11-17,46.720001220703125, 
01BH010,2010-12-17,47.69900131225586, 
01BH010,2011-01-17,46.43299865722656, 
01BH010,2011-02-17,46.53099822998047, 
01BH010,2011-03-17,, 
01BH010,2011-04-17,46.60300064086914, 
01BH010,2011-05-17,47.42100143432617, 
01BH010,2011-06-17,46.62099838256836, 
01BH010,2011-07-17,46.64599990844727, 
01BH010,2011-08-17,46.65299987792969, 
01BH010,2011-09-17,46.78799819946289, 
01BH010,2011-10-17,46.430999755859375, 
01BH010,2011-11-17,46.72600173950195, 
01BH010,2011-12-17,46.53900146484375, 
01BH010,2012-01-17,46.74700164794922, 
01BH010,2012-02-17,, 
01BH010,2012-03-17,46.49599838256836, 
01BH010,2012-04-17,47.02999877929688, 
01BH010,2012-05-17,47.15599822998047, 
01BH010,2012-06-17,46.43000030517578, 
01BH010,2012-07-17,46.50199890136719, 
01BH010,2012-08-17,46.74700164794922, 
01BH010,2012-09-17,46.36399841308594, 
01BH010,2012-10-17,47.09099960327149, 
01BH010,2012-11-17,46.54999923706055, 
01BH010,2012-12-17,, 
01BH010,2013-01-17,, 
01BH010,2013-03-17,47.30199813842773, 
01BH010,2013-04-17,46.507999420166016, 
01BH010,2013-05-17,47.19499969482422, 
01BH010,2013-06-17,46.62200164794922, 
01BH010,2013-07-17,46.31100082397461, 
01BH010,2013-08-17,46.53799819946289, 
01BH010,2013-09-17,46.37699890136719, 
01BH010,2013-10-17,46.37799835205078, 
01BH010,1991-08-18,, 
01BH010,1991-09-18,46.34999847412109, 
01BH010,1991-10-18,46.95000076293945, 
01BH010,1991-11-18,46.65999984741211, 
01BH010,1991-12-18,, 
01BH010,1992-03-18,46.470001220703125, 
01BH010,1992-04-18,46.43000030517578, 
01BH010,1992-05-18,47.25, 
01BH010,1992-06-18,46.61000061035156, 
01BH010,1992-07-18,46.59000015258789, 
01BH010,1992-08-18,46.470001220703125, 
01BH010,1992-09-18,46.29999923706055, 
01BH010,1992-10-18,46.25, 
01BH010,1992-11-18,46.33000183105469, 
01BH010,1992-12-18,46.400001525878906, 
01BH010,1993-01-18,46.43000030517578, 
01BH010,1993-02-18,46.400001525878906, 
01BH010,1993-03-18,46.290000915527344, 
01BH010,1993-04-18,46.61000061035156, 
01BH010,1993-05-18,46.81999969482422, 
01BH010,1993-06-18,46.619998931884766, 
01BH010,1993-07-18,46.68999862670898, 
01BH010,1993-08-18,46.54999923706055, 
01BH010,1993-09-18,46.540000915527344, 
01BH010,1993-10-18,46.7599983215332, 
01BH010,1993-11-18,46.5, 
01BH010,1993-12-18,46.880001068115234, 
01BH010,1994-01-18,47.310001373291016, 
01BH010,1994-02-18,47.310001373291016, 
01BH010,1994-03-18,47.31999969482422, 
01BH010,1994-04-18,48.810001373291016, 
01BH010,1994-05-18,47.470001220703125, 
01BH010,1994-06-18,46.900001525878906, 
01BH010,1994-07-18,46.66999816894531, 
01BH010,1994-08-18,46.400001525878906, 
01BH010,1994-09-18,46.34000015258789, 
01BH010,1994-10-18,46.43000030517578, 
01BH010,1994-11-18,46.630001068115234, 
01BH010,1994-12-18,46.540000915527344, 
01BH010,1995-01-18,46.709999084472656, 
01BH010,1995-02-18,46.470001220703125, 
01BH010,1995-03-18,46.900001525878906, 
01BH010,1995-04-18,46.31999969482422, 
01BH010,1995-05-18,47.59999847412109, 
01BH010,1995-06-18,46.65999984741211, 
01BH010,1995-07-18,46.380001068115234, 
01BH010,1995-08-18,46.27000045776367, 
01BH010,1995-09-18,46.27999877929688, 
01BH010,1995-10-18,46.380001068115234, 
01BH010,1995-11-18,47.11000061035156, 
01BH010,1995-12-18,47.40999984741211, 
01BH010,1996-01-18,46.459999084472656, 
01BH010,1996-02-18,46.790000915527344, 
01BH010,1996-03-18,46.650001525878906, 
01BH010,1996-04-18,46.459999084472656, 
01BH010,1996-05-18,47.310001373291016, 
01BH010,1996-06-18,46.66999816894531, 
01BH010,1996-07-18,46.650001525878906, 
01BH010,1996-08-18,46.43999862670898, 
01BH010,1996-09-18,46.27999877929688, 
01BH010,1996-10-18,46.27000045776367, 
01BH010,1996-11-18,46.7599983215332, 
01BH010,1996-12-18,46.54999923706055, 
01BH010,1997-01-18,46.91999816894531, 
01BH010,1997-02-18,46.5, 
01BH010,1997-03-18,46.34999847412109, 
01BH010,1997-04-18,46.31999969482422, 
01BH010,1997-05-18,48.16999816894531, 
01BH010,1997-06-18,46.66400146484375, 
01BH010,1997-07-18,46.45000076293945, 
01BH010,1997-08-18,46.29199981689453, 
01BH010,1997-09-18,46.34999847412109, 
01BH010,1997-10-18,46.31499862670898, 
01BH010,1997-11-18,46.446998596191406, 
01BH010,1997-12-18,46.55899810791016, 
01BH010,1998-01-18,46.43299865722656, 
01BH010,1998-02-18,, 
01BH010,1998-03-18,46.60499954223633, 
01BH010,1998-04-18,46.73500061035156, 
01BH010,1998-05-18,46.797000885009766, 
01BH010,1998-06-18,46.56499862670898, 
01BH010,1998-07-18,46.73899841308594, 
01BH010,1998-08-18,, 
01BH010,1998-09-18,46.553001403808594, 
01BH010,1998-10-18,46.494998931884766, 
01BH010,1998-11-18,46.86100006103516, 
01BH010,1998-12-18,46.492000579833984, 
01BH010,1999-01-18,46.61100006103516, 
01BH010,1999-02-18,46.42900085449219, 
01BH010,1999-03-18,46.845001220703125, 
01BH010,1999-04-18,46.54499816894531, 
01BH010,1999-05-18,47.26399993896485, 
01BH010,1999-06-18,46.49700164794922, 
01BH010,1999-07-18,46.29999923706055, 
01BH010,1999-08-18,46.305999755859375, 
01BH010,1999-09-18,46.58599853515625, 
01BH010,1999-10-18,47.02399826049805, 
01BH010,1999-11-18,46.56600189208984, 
01BH010,1999-12-18,46.555999755859375, 
01BH010,2000-01-18,46.73199844360352, 
01BH010,2000-02-18,46.34799957275391, 
01BH010,2000-03-18,46.54800033569336, 
01BH010,2000-04-18,46.73600006103516, 
01BH010,2000-05-18,47.38800048828125, 
01BH010,2000-06-18,46.57899856567383, 
01BH010,2000-07-18,46.4900016784668, 
01BH010,2000-08-18,46.45000076293945, 
01BH010,2000-09-18,46.374000549316406, 
01BH010,2000-10-18,46.26599884033203, 
01BH010,2000-11-18,47.02799987792969, 
01BH010,2000-12-18,47.54100036621094, 
01BH010,2001-01-18,46.89099884033203, 
01BH010,2001-02-18,46.38800048828125, 
01BH010,2001-03-18,46.37300109863281, 
01BH010,2001-04-18,46.23699951171875, 
01BH010,2001-05-18,47.25699996948242, 
01BH010,2001-06-18,46.62200164794922, 
01BH010,2001-07-18,46.52899932861328, 
01BH010,2001-08-18,46.28799819946289, 
01BH010,2001-09-18,46.24700164794922, 
01BH010,2001-10-18,46.49100112915039, 
01BH010,2001-11-18,46.41600036621094, 
01BH010,2001-12-18,46.37900161743164, 
01BH010,2002-01-18,46.66400146484375, 
01BH010,2002-02-18,46.33599853515625, 
01BH010,2002-03-18,46.665000915527344, 
01BH010,2002-04-18,46.68000030517578, 
01BH010,2002-05-18,46.99300003051758, 
01BH010,2002-06-18,46.61299896240234, 
01BH010,2002-07-18,46.428001403808594, 
01BH010,2002-08-18,46.527000427246094, 
01BH010,2002-09-18,46.38899993896485, 
01BH010,2002-10-18,46.31100082397461, 
01BH010,2002-11-18,46.38899993896485, 
01BH010,2002-12-18,46.47100067138672, 
01BH010,2003-01-18,46.60100173950195, 
01BH010,2003-02-18,46.35100173950195, 
01BH010,2003-03-18,46.292999267578125, 
01BH010,2003-04-18,46.33100128173828, 
01BH010,2003-05-18,47.52099990844727, 
01BH010,2003-06-18,46.56900024414063, 
01BH010,2003-07-18,46.34000015258789, 
01BH010,2003-08-18,46.46699905395508, 
01BH010,2003-09-18,46.26300048828125, 
01BH010,2003-10-18,46.34600067138672, 
01BH010,2003-11-18,46.47600173950195, 
01BH010,2003-12-18,46.64699935913086, 
01BH010,2004-01-18,47.08399963378906, 
01BH010,2004-02-18,46.46799850463867, 
01BH010,2004-03-18,46.33399963378906, 
01BH010,2004-04-18,46.64400100708008, 
01BH010,2004-05-18,47.16400146484375, 
01BH010,2004-06-18,46.51499938964844, 
01BH010,2004-07-18,46.47200012207031, 
01BH010,2004-08-18,46.369998931884766, 
01BH010,2004-09-18,46.72200012207031, 
01BH010,2004-10-18,46.53799819946289, 
01BH010,2004-11-18,46.29600143432617, 
01BH010,2004-12-18,46.415000915527344, 
01BH010,2005-01-18,46.53900146484375, 
01BH010,2005-02-18,46.61100006103516, 
01BH010,2005-03-18,46.85300064086914, 
01BH010,2005-04-18,46.61800003051758, 
01BH010,2005-05-18,47.13600158691406, 
01BH010,2005-06-18,46.665000915527344, 
01BH010,2005-07-18,46.35200119018555, 
01BH010,2005-08-18,46.2509994506836, 
01BH010,2005-09-18,46.31700134277344, 
01BH010,2005-10-18,46.54499816894531, 
01BH010,2005-11-18,46.61600112915039, 
01BH010,2005-12-18,46.57400131225586, 
01BH010,2006-01-18,47.11100006103516, 
01BH010,2006-02-18,46.72600173950195, 
01BH010,2006-03-18,46.44400024414063, 
01BH010,2006-04-18,47.07899856567383, 
01BH010,2006-05-18,47.292999267578125, 
01BH010,2006-06-18,46.53400039672852, 
01BH010,2006-07-18,46.42900085449219, 
01BH010,2006-08-18,46.275001525878906, 
01BH010,2006-09-18,46.23500061035156, 
01BH010,2006-10-18,46.46500015258789, 
01BH010,2006-11-18,46.99399948120117, 
01BH010,2006-12-18,46.40299987792969, 
01BH010,2007-01-18,46.56800079345703, 
01BH010,2007-02-18,46.8650016784668, 
01BH010,2007-03-18,46.52299880981445, 
01BH010,2007-04-18,46.29499816894531, 
01BH010,2007-05-18,47.0099983215332, 
01BH010,2007-06-18,46.5369987487793, 
01BH010,2007-07-18,46.57600021362305, 
01BH010,2007-08-18,46.720001220703125, 
01BH010,2007-09-18,46.374000549316406, 
01BH010,2007-10-18,46.35200119018555, 
01BH010,2007-11-18,47.70899963378906, 
01BH010,2007-12-18,46.76800155639648, 
01BH010,2008-01-18,46.72700119018555, 
01BH010,2008-02-18,46.51800155639648, 
01BH010,2008-03-18,46.51499938964844, 
01BH010,2008-04-18,46.70000076293945, 
01BH010,2008-05-18,47.36299896240234, 
01BH010,2008-06-18,46.54100036621094, 
01BH010,2008-07-18,46.43199920654297, 
01BH010,2008-08-18,46.64400100708008, 
01BH010,2008-09-18,46.43000030517578, 
01BH010,2008-10-18,46.555999755859375, 
01BH010,2008-11-18,47.25899887084961, 
01BH010,2008-12-18,47.24399948120117, 
01BH010,2009-01-18,46.7130012512207, 
01BH010,2009-02-18,46.39099884033203, 
01BH010,2009-03-18,46.61899948120117, 
01BH010,2009-04-18,46.50299835205078, 
01BH010,2009-05-18,47.45000076293945, 
01BH010,2009-06-18,46.54399871826172, 
01BH010,2009-07-18,46.45299911499024, 
01BH010,2009-08-18,46.39400100708008, 
01BH010,2009-09-18,46.28900146484375, 
01BH010,2009-10-18,46.55699920654297, 
01BH010,2009-11-18,46.41299819946289, 
01BH010,2009-12-18,46.60499954223633, 
01BH010,2010-01-18,46.44400024414063, 
01BH010,2010-02-18,, 
01BH010,2010-03-18,46.29999923706055, 
01BH010,2010-04-18,46.869998931884766, 
01BH010,2010-05-18,46.917999267578125, 
01BH010,2010-06-18,46.58100128173828, 
01BH010,2010-07-18,46.85499954223633, 
01BH010,2010-08-18,46.3390007019043, 
01BH010,2010-09-18,46.53499984741211, 
01BH010,2010-10-18,46.63899993896485, 
01BH010,2010-11-18,46.74800109863281, 
01BH010,2010-12-18,47.428001403808594, 
01BH010,2011-01-18,46.42499923706055, 
01BH010,2011-02-18,46.52000045776367, 
01BH010,2011-03-18,46.80199813842773, 
01BH010,2011-04-18,, 
01BH010,2011-05-18,47.374000549316406, 
01BH010,2011-06-18,46.66400146484375, 
01BH010,2011-07-18,46.62699890136719, 
01BH010,2011-08-18,46.61600112915039, 
01BH010,2011-09-18,46.7400016784668, 
01BH010,2011-10-18,46.42599868774414, 
01BH010,2011-11-18,46.72200012207031, 
01BH010,2011-12-18,46.48500061035156, 
01BH010,2012-01-18,46.75299835205078, 
01BH010,2012-02-18,46.47100067138672, 
01BH010,2012-03-18,46.49700164794922, 
01BH010,2012-04-18,47.27299880981445, 
01BH010,2012-05-18,47.10699844360352, 
01BH010,2012-06-18,46.42300033569336, 
01BH010,2012-07-18,46.53200149536133, 
01BH010,2012-08-18,46.766998291015625, 
01BH010,2012-09-18,46.35499954223633, 
01BH010,2012-10-18,47.12699890136719, 
01BH010,2012-11-18,46.53200149536133, 
01BH010,2012-12-18,, 
01BH010,2013-01-18,46.459999084472656, 
01BH010,2013-03-18,47.17499923706055, 
01BH010,2013-04-18,46.56399917602539, 
01BH010,2013-05-18,47.1259994506836, 
01BH010,2013-06-18,46.61100006103516, 
01BH010,2013-07-18,46.30099868774414, 
01BH010,2013-08-18,46.525001525878906, 
01BH010,2013-09-18,46.36800003051758, 
01BH010,2013-10-18,46.374000549316406, 
01BH010,1991-08-19,46.31999969482422, 
01BH010,1991-09-19,46.34000015258789, 
01BH010,1991-10-19,46.93999862670898, 
01BH010,1991-11-19,46.63999938964844, 
01BH010,1991-12-19,, 
01BH010,1992-03-19,46.43000030517578, 
01BH010,1992-04-19,46.5, 
01BH010,1992-05-19,47.220001220703125, 
01BH010,1992-06-19,46.59999847412109, 
01BH010,1992-07-19,46.68999862670898, 
01BH010,1992-08-19,46.459999084472656, 
01BH010,1992-09-19,46.29999923706055, 
01BH010,1992-10-19,46.2400016784668, 
01BH010,1992-11-19,46.400001525878906, 
01BH010,1992-12-19,46.41999816894531, 
01BH010,1993-01-19,46.470001220703125, 
01BH010,1993-02-19,46.70000076293945, 
01BH010,1993-03-19,47.540000915527344, 
01BH010,1993-04-19,46.79999923706055, 
01BH010,1993-05-19,46.79999923706055, 
01BH010,1993-06-19,46.619998931884766, 
01BH010,1993-07-19,46.7400016784668, 
01BH010,1993-08-19,46.54999923706055, 
01BH010,1993-09-19,46.52999877929688, 
01BH010,1993-10-19,46.7400016784668, 
01BH010,1993-11-19,46.630001068115234, 
01BH010,1993-12-19,46.79999923706055, 
01BH010,1994-01-19,47.310001373291016, 
01BH010,1994-02-19,47.310001373291016, 
01BH010,1994-03-19,47.31999969482422, 
01BH010,1994-04-19,49.29999923706055, 
01BH010,1994-05-19,47.40999984741211, 
01BH010,1994-06-19,46.869998931884766, 
01BH010,1994-07-19,46.650001525878906, 
01BH010,1994-08-19,46.400001525878906, 
01BH010,1994-09-19,46.34000015258789, 
01BH010,1994-10-19,46.41999816894531, 
01BH010,1994-11-19,46.619998931884766, 
01BH010,1994-12-19,47.22999954223633, 
01BH010,1995-01-19,46.7400016784668, 
01BH010,1995-02-19,46.47999954223633, 
01BH010,1995-03-19,46.41999816894531, 
01BH010,1995-04-19,46.41999816894531, 
01BH010,1995-05-19,47.52000045776367, 
01BH010,1995-06-19,46.63999938964844, 
01BH010,1995-07-19,46.369998931884766, 
01BH010,1995-08-19,46.2599983215332, 
01BH010,1995-09-19,46.27999877929688, 
01BH010,1995-10-19,46.380001068115234, 
01BH010,1995-11-19,47.040000915527344, 
01BH010,1995-12-19,47.27000045776367, 
01BH010,1996-01-19,46.43999862670898, 
01BH010,1996-02-19,46.7599983215332, 
01BH010,1996-03-19,46.630001068115234, 
01BH010,1996-04-19,46.470001220703125, 
01BH010,1996-05-19,47.47999954223633, 
01BH010,1996-06-19,46.650001525878906, 
01BH010,1996-07-19,46.630001068115234, 
01BH010,1996-08-19,46.43000030517578, 
01BH010,1996-09-19,46.27000045776367, 
01BH010,1996-10-19,46.2599983215332, 
01BH010,1996-11-19,46.5, 
01BH010,1996-12-19,46.54999923706055, 
01BH010,1997-01-19,46.95000076293945, 
01BH010,1997-02-19,46.45000076293945, 
01BH010,1997-03-19,46.43999862670898, 
01BH010,1997-04-19,46.31999969482422, 
01BH010,1997-05-19,47.79999923706055, 
01BH010,1997-06-19,46.64899826049805, 
01BH010,1997-07-19,, 
01BH010,1997-08-19,46.2869987487793, 
01BH010,1997-09-19,46.3380012512207, 
01BH010,1997-10-19,46.303001403808594, 
01BH010,1997-11-19,46.41299819946289, 
01BH010,1997-12-19,46.48699951171875, 
01BH010,1998-01-19,46.44100189208984, 
01BH010,1998-02-19,, 
01BH010,1998-03-19,46.54899978637695, 
01BH010,1998-04-19,46.94300079345703, 
01BH010,1998-05-19,46.76599884033203, 
01BH010,1998-06-19,46.61800003051758, 
01BH010,1998-07-19,46.72600173950195, 
01BH010,1998-08-19,46.43399810791016, 
01BH010,1998-09-19,46.53799819946289, 
01BH010,1998-10-19,46.492000579833984, 
01BH010,1998-11-19,46.805999755859375, 
01BH010,1998-12-19,46.47700119018555, 
01BH010,1999-01-19,46.63399887084961, 
01BH010,1999-02-19,46.41699981689453, 
01BH010,1999-03-19,46.6879997253418, 
01BH010,1999-04-19,46.58700180053711, 
01BH010,1999-05-19,47.36399841308594, 
01BH010,1999-06-19,46.4900016784668, 
01BH010,1999-07-19,46.29800033569336, 
01BH010,1999-08-19,46.35900115966797, 
01BH010,1999-09-19,46.64300155639648, 
01BH010,1999-10-19,46.99300003051758, 
01BH010,1999-11-19,46.630001068115234, 
01BH010,1999-12-19,46.52099990844727, 
01BH010,2000-01-19,46.70299911499024, 
01BH010,2000-02-19,46.402000427246094, 
01BH010,2000-03-19,, 
01BH010,2000-04-19,46.70899963378906, 
01BH010,2000-05-19,47.47299957275391, 
01BH010,2000-06-19,46.56600189208984, 
01BH010,2000-07-19,46.48699951171875, 
01BH010,2000-08-19,46.46900177001953, 
01BH010,2000-09-19,46.35100173950195, 
01BH010,2000-10-19,46.29100036621094, 
01BH010,2000-11-19,46.935001373291016, 
01BH010,2000-12-19,47.27799987792969, 
01BH010,2001-01-19,46.84299850463867, 
01BH010,2001-02-19,46.3759994506836, 
01BH010,2001-03-19,46.39500045776367, 
01BH010,2001-04-19,46.22999954223633, 
01BH010,2001-05-19,47.167999267578125, 
01BH010,2001-06-19,, 
01BH010,2001-07-19,46.51100158691406, 
01BH010,2001-08-19,46.2859992980957, 
01BH010,2001-09-19,46.24300003051758, 
01BH010,2001-10-19,46.494998931884766, 
01BH010,2001-11-19,46.45000076293945, 
01BH010,2001-12-19,46.39699935913086, 
01BH010,2002-01-19,46.63399887084961, 
01BH010,2002-02-19,46.334999084472656, 
01BH010,2002-03-19,46.6349983215332, 
01BH010,2002-04-19,46.6619987487793, 
01BH010,2002-05-19,47.01900100708008, 
01BH010,2002-06-19,46.61100006103516, 
01BH010,2002-07-19,46.41400146484375, 
01BH010,2002-08-19,46.51100158691406, 
01BH010,2002-09-19,46.382999420166016, 
01BH010,2002-10-19,46.3129997253418, 
01BH010,2002-11-19,46.31900024414063, 
01BH010,2002-12-19,46.45899963378906, 
01BH010,2003-01-19,46.60900115966797, 
01BH010,2003-02-19,46.34000015258789, 
01BH010,2003-03-19,46.29100036621094, 
01BH010,2003-04-19,46.35900115966797, 
01BH010,2003-05-19,47.652000427246094, 
01BH010,2003-06-19,46.55899810791016, 
01BH010,2003-07-19,46.3390007019043, 
01BH010,2003-08-19,46.44300079345703, 
01BH010,2003-09-19,46.26100158691406, 
01BH010,2003-10-19,46.3390007019043, 
01BH010,2003-11-19,46.48799896240234, 
01BH010,2003-12-19,46.62799835205078, 
01BH010,2004-01-19,47.09400177001953, 
01BH010,2004-02-19,46.45399856567383, 
01BH010,2004-03-19,46.345001220703125, 
01BH010,2004-04-19,46.64699935913086, 
01BH010,2004-05-19,47.25600051879883, 
01BH010,2004-06-19,46.50600051879883, 
01BH010,2004-07-19,46.45500183105469, 
01BH010,2004-08-19,46.36399841308594, 
01BH010,2004-09-19,46.68600082397461, 
01BH010,2004-10-19,46.54199981689453, 
01BH010,2004-11-19,46.40299987792969, 
01BH010,2004-12-19,46.400001525878906, 
01BH010,2005-01-19,46.56700134277344, 
01BH010,2005-02-19,46.58200073242188, 
01BH010,2005-03-19,46.81600189208984, 
01BH010,2005-04-19,46.64400100708008, 
01BH010,2005-05-19,47.19499969482422, 
01BH010,2005-06-19,46.64799880981445, 
01BH010,2005-07-19,46.34299850463867, 
01BH010,2005-08-19,46.24300003051758, 
01BH010,2005-09-19,46.3120002746582, 
01BH010,2005-10-19,46.58300018310547, 
01BH010,2005-11-19,46.57699966430664, 
01BH010,2005-12-19,46.52199935913086, 
01BH010,2006-01-19,47.124000549316406, 
01BH010,2006-02-19,46.72299957275391, 
01BH010,2006-03-19,, 
01BH010,2006-04-19,47.04499816894531, 
01BH010,2006-05-19,47.24300003051758, 
01BH010,2006-06-19,46.52399826049805, 
01BH010,2006-07-19,46.41600036621094, 
01BH010,2006-08-19,46.266998291015625, 
01BH010,2006-09-19,46.27899932861328, 
01BH010,2006-10-19,46.49300003051758, 
01BH010,2006-11-19,46.97200012207031, 
01BH010,2006-12-19,46.38600158691406, 
01BH010,2007-01-19,46.66600036621094, 
01BH010,2007-02-19,46.83399963378906, 
01BH010,2007-03-19,46.542999267578125, 
01BH010,2007-04-19,46.29999923706055, 
01BH010,2007-05-19,47.00699996948242, 
01BH010,2007-06-19,46.516998291015625, 
01BH010,2007-07-19,46.59099960327149, 
01BH010,2007-08-19,46.6879997253418, 
01BH010,2007-09-19,46.36299896240234, 
01BH010,2007-10-19,46.34799957275391, 
01BH010,2007-11-19,47.38100051879883, 
01BH010,2007-12-19,46.83399963378906, 
01BH010,2008-01-19,46.76100158691406, 
01BH010,2008-02-19,46.51499938964844, 
01BH010,2008-03-19,46.516998291015625, 
01BH010,2008-04-19,46.85599899291992, 
01BH010,2008-05-19,47.36399841308594, 
01BH010,2008-06-19,46.553001403808594, 
01BH010,2008-07-19,46.42100143432617, 
01BH010,2008-08-19,46.61800003051758, 
01BH010,2008-09-19,46.43399810791016, 
01BH010,2008-10-19,46.53799819946289, 
01BH010,2008-11-19,47.14300155639648, 
01BH010,2008-12-19,47.40900039672852, 
01BH010,2009-01-19,46.68399810791016, 
01BH010,2009-02-19,46.42399978637695, 
01BH010,2009-03-19,46.61199951171875, 
01BH010,2009-04-19,46.5009994506836, 
01BH010,2009-05-19,47.33700180053711, 
01BH010,2009-06-19,46.52000045776367, 
01BH010,2009-07-19,46.45700073242188, 
01BH010,2009-08-19,46.415000915527344, 
01BH010,2009-09-19,46.29199981689453, 
01BH010,2009-10-19,46.54199981689453, 
01BH010,2009-11-19,46.40299987792969, 
01BH010,2009-12-19,46.5629997253418, 
01BH010,2010-01-19,46.44499969482422, 
01BH010,2010-02-19,46.44900131225586, 
01BH010,2010-03-19,46.30500030517578, 
01BH010,2010-04-19,46.90599822998047, 
01BH010,2010-05-19,46.89799880981445, 
01BH010,2010-06-19,46.5620002746582, 
01BH010,2010-07-19,46.82400131225586, 
01BH010,2010-08-19,46.33399963378906, 
01BH010,2010-09-19,46.52000045776367, 
01BH010,2010-10-19,46.624000549316406, 
01BH010,2010-11-19,46.72999954223633, 
01BH010,2010-12-19,47.26599884033203, 
01BH010,2011-01-19,, 
01BH010,2011-02-19,46.53400039672852, 
01BH010,2011-03-19,, 
01BH010,2011-04-19,46.59700012207031, 
01BH010,2011-05-19,47.56800079345703, 
01BH010,2011-06-19,46.81100082397461, 
01BH010,2011-07-19,46.608001708984375, 
01BH010,2011-08-19,46.5890007019043, 
01BH010,2011-09-19,46.71099853515625, 
01BH010,2011-10-19,46.41600036621094, 
01BH010,2011-11-19,46.70399856567383, 
01BH010,2011-12-19,46.97999954223633, 
01BH010,2012-01-19,46.72200012207031, 
01BH010,2012-02-19,46.47100067138672, 
01BH010,2012-03-19,46.54999923706055, 
01BH010,2012-04-19,47.18600082397461, 
01BH010,2012-05-19,47.04199981689453, 
01BH010,2012-06-19,46.415000915527344, 
01BH010,2012-07-19,46.53499984741211, 
01BH010,2012-08-19,46.72700119018555, 
01BH010,2012-09-19,46.35200119018555, 
01BH010,2012-10-19,, 
01BH010,2012-11-19,, 
01BH010,2012-12-19,46.43899917602539, 
01BH010,2013-01-19,46.499000549316406, 
01BH010,2013-03-19,47.06900024414063, 
01BH010,2013-04-19,46.6259994506836, 
01BH010,2013-05-19,47.06100082397461, 
01BH010,2013-06-19,46.59199905395508, 
01BH010,2013-07-19,46.30099868774414, 
01BH010,2013-08-19,46.50899887084961, 
01BH010,2013-09-19,46.36100006103516, 
01BH010,2013-10-19,46.37099838256836, 
01BH010,1991-08-20,46.31999969482422, 
01BH010,1991-09-20,46.34999847412109, 
01BH010,1991-10-20,46.93000030517578, 
01BH010,1991-11-20,46.619998931884766, 
01BH010,1991-12-20,, 
01BH010,1992-03-20,46.38999938964844, 
01BH010,1992-04-20,46.619998931884766, 
01BH010,1992-05-20,47.119998931884766, 
01BH010,1992-06-20,46.58000183105469, 
01BH010,1992-07-20,46.630001068115234, 
01BH010,1992-08-20,46.45000076293945, 
01BH010,1992-09-20,46.29999923706055, 
01BH010,1992-10-20,46.25, 
01BH010,1992-11-20,46.310001373291016, 
01BH010,1992-12-20,46.470001220703125, 
01BH010,1993-01-20,46.43000030517578, 
01BH010,1993-02-20,47.15999984741211, 
01BH010,1993-03-20,46.310001373291016, 
01BH010,1993-04-20,46.810001373291016, 
01BH010,1993-05-20,46.77999877929688, 
01BH010,1993-06-20,46.61000061035156, 
01BH010,1993-07-20,46.72999954223633, 
01BH010,1993-08-20,46.5099983215332, 
01BH010,1993-09-20,46.5099983215332, 
01BH010,1993-10-20,46.70000076293945, 
01BH010,1993-11-20,46.7599983215332, 
01BH010,1993-12-20,46.810001373291016, 
01BH010,1994-01-20,47.310001373291016, 
01BH010,1994-02-20,47.310001373291016, 
01BH010,1994-03-20,47.31999969482422, 
01BH010,1994-04-20,49.0099983215332, 
01BH010,1994-05-20,47.36000061035156, 
01BH010,1994-06-20,46.83000183105469, 
01BH010,1994-07-20,46.619998931884766, 
01BH010,1994-08-20,46.380001068115234, 
01BH010,1994-09-20,46.34000015258789, 
01BH010,1994-10-20,46.41999816894531, 
01BH010,1994-11-20,46.63999938964844, 
01BH010,1994-12-20,47.09999847412109, 
01BH010,1995-01-20,46.77999877929688, 
01BH010,1995-02-20,46.47999954223633, 
01BH010,1995-03-20,46.54999923706055, 
01BH010,1995-04-20,46.470001220703125, 
01BH010,1995-05-20,47.40999984741211, 
01BH010,1995-06-20,46.619998931884766, 
01BH010,1995-07-20,46.36000061035156, 
01BH010,1995-08-20,46.27000045776367, 
01BH010,1995-09-20,46.290000915527344, 
01BH010,1995-10-20,46.380001068115234, 
01BH010,1995-11-20,46.970001220703125, 
01BH010,1995-12-20,47.150001525878906, 
01BH010,1996-01-20,46.810001373291016, 
01BH010,1996-02-20,46.72999954223633, 
01BH010,1996-03-20,46.630001068115234, 
01BH010,1996-04-20,46.47999954223633, 
01BH010,1996-05-20,47.5, 
01BH010,1996-06-20,46.619998931884766, 
01BH010,1996-07-20,46.72999954223633, 
01BH010,1996-08-20,46.41999816894531, 
01BH010,1996-09-20,46.27000045776367, 
01BH010,1996-10-20,46.2599983215332, 
01BH010,1996-11-20,46.459999084472656, 
01BH010,1996-12-20,46.540000915527344, 
01BH010,1997-01-20,46.90999984741211, 
01BH010,1997-02-20,46.43999862670898, 
01BH010,1997-03-20,46.34999847412109, 
01BH010,1997-04-20,46.34000015258789, 
01BH010,1997-05-20,47.59999847412109, 
01BH010,1997-06-20,46.63199996948242, 
01BH010,1997-07-20,46.499000549316406, 
01BH010,1997-08-20,46.28099822998047, 
01BH010,1997-09-20,46.34299850463867, 
01BH010,1997-10-20,46.292999267578125, 
01BH010,1997-11-20,46.402000427246094, 
01BH010,1997-12-20,46.483001708984375, 
01BH010,1998-01-20,46.44599914550781, 
01BH010,1998-02-20,46.31800079345703, 
01BH010,1998-03-20,46.512001037597656, 
01BH010,1998-04-20,46.97800064086914, 
01BH010,1998-05-20,46.72800064086914, 
01BH010,1998-06-20,46.617000579833984, 
01BH010,1998-07-20,46.70000076293945, 
01BH010,1998-08-20,46.42100143432617, 
01BH010,1998-09-20,46.52399826049805, 
01BH010,1998-10-20,46.492000579833984, 
01BH010,1998-11-20,46.75600051879883, 
01BH010,1998-12-20,46.51900100708008, 
01BH010,1999-01-20,46.6619987487793, 
01BH010,1999-02-20,46.38600158691406, 
01BH010,1999-03-20,46.51300048828125, 
01BH010,1999-04-20,46.650001525878906, 
01BH010,1999-05-20,47.387001037597656, 
01BH010,1999-06-20,46.47700119018555, 
01BH010,1999-07-20,46.290000915527344, 
01BH010,1999-08-20,, 
01BH010,1999-09-20,46.62699890136719, 
01BH010,1999-10-20,46.9370002746582, 
01BH010,1999-11-20,46.61100006103516, 
01BH010,1999-12-20,47.012001037597656, 
01BH010,2000-01-20,46.6879997253418, 
01BH010,2000-02-20,46.36199951171875, 
01BH010,2000-03-20,, 
01BH010,2000-04-20,46.68399810791016, 
01BH010,2000-05-20,47.42399978637695, 
01BH010,2000-06-20,46.54999923706055, 
01BH010,2000-07-20,46.46599960327149, 
01BH010,2000-08-20,46.45700073242188, 
01BH010,2000-09-20,46.34000015258789, 
01BH010,2000-10-20,46.31900024414063, 
01BH010,2000-11-20,46.86600112915039, 
01BH010,2000-12-20,47.25299835205078, 
01BH010,2001-01-20,46.66999816894531, 
01BH010,2001-02-20,46.3650016784668, 
01BH010,2001-03-20,46.38800048828125, 
01BH010,2001-04-20,46.2400016784668, 
01BH010,2001-05-20,47.09799957275391, 
01BH010,2001-06-20,, 
01BH010,2001-07-20,46.49700164794922, 
01BH010,2001-08-20,46.27999877929688, 
01BH010,2001-09-20,46.24399948120117, 
01BH010,2001-10-20,46.483001708984375, 
01BH010,2001-11-20,46.430999755859375, 
01BH010,2001-12-20,46.38899993896485, 
01BH010,2002-01-20,46.632999420166016, 
01BH010,2002-02-20,46.29800033569336, 
01BH010,2002-03-20,46.62900161743164, 
01BH010,2002-04-20,46.66299819946289, 
01BH010,2002-05-20,47.025001525878906, 
01BH010,2002-06-20,46.60100173950195, 
01BH010,2002-07-20,46.402000427246094, 
01BH010,2002-08-20,46.4900016784668, 
01BH010,2002-09-20,46.38100051879883, 
01BH010,2002-10-20,46.31600189208984, 
01BH010,2002-11-20,46.38800048828125, 
01BH010,2002-12-20,46.4379997253418, 
01BH010,2003-01-20,46.61399841308594, 
01BH010,2003-02-20,46.3390007019043, 
01BH010,2003-03-20,, 
01BH010,2003-04-20,46.369998931884766, 
01BH010,2003-05-20,47.66899871826172, 
01BH010,2003-06-20,46.57500076293945, 
01BH010,2003-07-20,46.3380012512207, 
01BH010,2003-08-20,46.43000030517578, 
01BH010,2003-09-20,46.257999420166016, 
01BH010,2003-10-20,46.334999084472656, 
01BH010,2003-11-20,46.51599884033203, 
01BH010,2003-12-20,46.58200073242188, 
01BH010,2004-01-20,47.055999755859375, 
01BH010,2004-02-20,46.44499969482422, 
01BH010,2004-03-20,46.36299896240234, 
01BH010,2004-04-20,46.69599914550781, 
01BH010,2004-05-20,47.24399948120117, 
01BH010,2004-06-20,46.507999420166016, 
01BH010,2004-07-20,46.44900131225586, 
01BH010,2004-08-20,46.35499954223633, 
01BH010,2004-09-20,46.65900039672852, 
01BH010,2004-10-20,46.5369987487793, 
01BH010,2004-11-20,46.375, 
01BH010,2004-12-20,46.4370002746582, 
01BH010,2005-01-20,46.553001403808594, 
01BH010,2005-02-20,46.55199813842773, 
01BH010,2005-03-20,46.78200149536133, 
01BH010,2005-04-20,46.696998596191406, 
01BH010,2005-05-20,47.255001068115234, 
01BH010,2005-06-20,46.63100051879883, 
01BH010,2005-07-20,46.33300018310547, 
01BH010,2005-08-20,46.2400016784668, 
01BH010,2005-09-20,46.310001373291016, 
01BH010,2005-10-20,46.60499954223633, 
01BH010,2005-11-20,46.60300064086914, 
01BH010,2005-12-20,46.50699996948242, 
01BH010,2006-01-20,47.11100006103516, 
01BH010,2006-02-20,46.74700164794922, 
01BH010,2006-03-20,46.422000885009766, 
01BH010,2006-04-20,47.03900146484375, 
01BH010,2006-05-20,47.28799819946289, 
01BH010,2006-06-20,46.51800155639648, 
01BH010,2006-07-20,46.39599990844727, 
01BH010,2006-08-20,46.2599983215332, 
01BH010,2006-09-20,46.29399871826172, 
01BH010,2006-10-20,46.52299880981445, 
01BH010,2006-11-20,46.92900085449219, 
01BH010,2006-12-20,46.37200164794922, 
01BH010,2007-01-20,46.733001708984375, 
01BH010,2007-02-20,46.80400085449219, 
01BH010,2007-03-20,46.55500030517578, 
01BH010,2007-04-20,46.32799911499024, 
01BH010,2007-05-20,47.02999877929688, 
01BH010,2007-06-20,46.49599838256836, 
01BH010,2007-07-20,46.66600036621094, 
01BH010,2007-08-20,46.65900039672852, 
01BH010,2007-09-20,46.35499954223633, 
01BH010,2007-10-20,46.3849983215332, 
01BH010,2007-11-20,47.20600128173828, 
01BH010,2007-12-20,46.85699844360352, 
01BH010,2008-01-20,46.71799850463867, 
01BH010,2008-02-20,46.5, 
01BH010,2008-03-20,46.48500061035156, 
01BH010,2008-04-20,46.91999816894531, 
01BH010,2008-05-20,47.33700180053711, 
01BH010,2008-06-20,46.5359992980957, 
01BH010,2008-07-20,46.4109992980957, 
01BH010,2008-08-20,46.59700012207031, 
01BH010,2008-09-20,46.415000915527344, 
01BH010,2008-10-20,46.51900100708008, 
01BH010,2008-11-20,47.05400085449219, 
01BH010,2008-12-20,47.229000091552734, 
01BH010,2009-01-20,46.680999755859375, 
01BH010,2009-02-20,46.44499969482422, 
01BH010,2009-03-20,, 
01BH010,2009-04-20,46.49300003051758, 
01BH010,2009-05-20,47.233001708984375, 
01BH010,2009-06-20,46.50600051879883, 
01BH010,2009-07-20,46.44400024414063, 
01BH010,2009-08-20,46.4119987487793, 
01BH010,2009-09-20,46.29600143432617, 
01BH010,2009-10-20,46.52999877929688, 
01BH010,2009-11-20,46.39699935913086, 
01BH010,2009-12-20,46.63199996948242, 
01BH010,2010-01-20,46.43999862670898, 
01BH010,2010-02-20,, 
01BH010,2010-03-20,46.29899978637695, 
01BH010,2010-04-20,47.007999420166016, 
01BH010,2010-05-20,46.96099853515625, 
01BH010,2010-06-20,46.54999923706055, 
01BH010,2010-07-20,46.78499984741211, 
01BH010,2010-08-20,46.34299850463867, 
01BH010,2010-09-20,46.51100158691406, 
01BH010,2010-10-20,46.608001708984375, 
01BH010,2010-11-20,46.70000076293945, 
01BH010,2010-12-20,47.16600036621094, 
01BH010,2011-01-20,46.46200180053711, 
01BH010,2011-02-20,46.55799865722656, 
01BH010,2011-03-20,, 
01BH010,2011-04-20,, 
01BH010,2011-05-20,47.86000061035156, 
01BH010,2011-06-20,46.79999923706055, 
01BH010,2011-07-20,46.58599853515625, 
01BH010,2011-08-20,46.56999969482422, 
01BH010,2011-09-20,46.6879997253418, 
01BH010,2011-10-20,46.40599822998047, 
01BH010,2011-11-20,46.68999862670898, 
01BH010,2011-12-20,47.24700164794922, 
01BH010,2012-01-20,, 
01BH010,2012-02-20,, 
01BH010,2012-03-20,46.51300048828125, 
01BH010,2012-04-20,47.10900115966797, 
01BH010,2012-05-20,46.97700119018555, 
01BH010,2012-06-20,46.40800094604492, 
01BH010,2012-07-20,46.51300048828125, 
01BH010,2012-08-20,46.67300033569336, 
01BH010,2012-09-20,46.3489990234375, 
01BH010,2012-10-20,46.9630012512207, 
01BH010,2012-11-20,46.512001037597656, 
01BH010,2012-12-20,46.4119987487793, 
01BH010,2013-01-20,, 
01BH010,2013-03-20,46.98199844360352, 
01BH010,2013-04-20,46.80799865722656, 
01BH010,2013-05-20,47.01399993896485, 
01BH010,2013-06-20,46.56800079345703, 
01BH010,2013-07-20,46.32899856567383, 
01BH010,2013-08-20,46.49700164794922, 
01BH010,2013-09-20,46.35699844360352, 
01BH010,2013-10-20,46.35300064086914, 
01BH010,1991-08-21,46.45000076293945, 
01BH010,1991-09-21,46.34000015258789, 
01BH010,1991-10-21,46.900001525878906, 
01BH010,1991-11-21,46.619998931884766, 
01BH010,1991-12-21,, 
01BH010,1992-03-21,46.36000061035156, 
01BH010,1992-04-21,46.709999084472656, 
01BH010,1992-05-21,47.040000915527344, 
01BH010,1992-06-21,46.560001373291016, 
01BH010,1992-07-21,46.61000061035156, 
01BH010,1992-08-21,46.45000076293945, 
01BH010,1992-09-21,46.290000915527344, 
01BH010,1992-10-21,46.2400016784668, 
01BH010,1992-11-21,46.72999954223633, 
01BH010,1992-12-21,46.5, 
01BH010,1993-01-21,46.59999847412109, 
01BH010,1993-02-21,46.369998931884766, 
01BH010,1993-03-21,46.31999969482422, 
01BH010,1993-04-21,46.790000915527344, 
01BH010,1993-05-21,46.77000045776367, 
01BH010,1993-06-21,46.59000015258789, 
01BH010,1993-07-21,46.72999954223633, 
01BH010,1993-08-21,46.5099983215332, 
01BH010,1993-09-21,46.5, 
01BH010,1993-10-21,46.66999816894531, 
01BH010,1993-11-21,46.59999847412109, 
01BH010,1993-12-21,46.7400016784668, 
01BH010,1994-01-21,47.310001373291016, 
01BH010,1994-02-21,47.310001373291016, 
01BH010,1994-03-21,46.33000183105469, 
01BH010,1994-04-21,48.77000045776367, 
01BH010,1994-05-21,47.369998931884766, 
01BH010,1994-06-21,46.790000915527344, 
01BH010,1994-07-21,46.61000061035156, 
01BH010,1994-08-21,46.380001068115234, 
01BH010,1994-09-21,46.34000015258789, 
01BH010,1994-10-21,46.40999984741211, 
01BH010,1994-11-21,46.630001068115234, 
01BH010,1994-12-21,46.68999862670898, 
01BH010,1995-01-21,46.81999969482422, 
01BH010,1995-02-21,46.4900016784668, 
01BH010,1995-03-21,46.7400016784668, 
01BH010,1995-04-21,46.52999877929688, 
01BH010,1995-05-21,47.380001068115234, 
01BH010,1995-06-21,46.59999847412109, 
01BH010,1995-07-21,46.34999847412109, 
01BH010,1995-08-21,46.2599983215332, 
01BH010,1995-09-21,46.290000915527344, 
01BH010,1995-10-21,46.380001068115234, 
01BH010,1995-11-21,46.90999984741211, 
01BH010,1995-12-21,47.130001068115234, 
01BH010,1996-01-21,46.810001373291016, 
01BH010,1996-02-21,46.709999084472656, 
01BH010,1996-03-21,47.400001525878906, 
01BH010,1996-04-21,46.52000045776367, 
01BH010,1996-05-21,47.4900016784668, 
01BH010,1996-06-21,46.59999847412109, 
01BH010,1996-07-21,47.22999954223633, 
01BH010,1996-08-21,46.40999984741211, 
01BH010,1996-09-21,46.27000045776367, 
01BH010,1996-10-21,46.25, 
01BH010,1996-11-21,46.459999084472656, 
01BH010,1996-12-21,46.56999969482422, 
01BH010,1997-01-21,47.0, 
01BH010,1997-02-21,46.41999816894531, 
01BH010,1997-03-21,46.52000045776367, 
01BH010,1997-04-21,46.36000061035156, 
01BH010,1997-05-21,47.47999954223633, 
01BH010,1997-06-21,46.62300109863281, 
01BH010,1997-07-21,46.4739990234375, 
01BH010,1997-08-21,46.275001525878906, 
01BH010,1997-09-21,46.33100128173828, 
01BH010,1997-10-21,46.2869987487793, 
01BH010,1997-11-21,, 
01BH010,1997-12-21,46.40800094604492, 
01BH010,1998-01-21,46.448001861572266, 
01BH010,1998-02-21,46.30500030517578, 
01BH010,1998-03-21,46.479000091552734, 
01BH010,1998-04-21,46.95000076293945, 
01BH010,1998-05-21,46.69900131225586, 
01BH010,1998-06-21,46.61000061035156, 
01BH010,1998-07-21,46.67699813842773, 
01BH010,1998-08-21,46.40900039672852, 
01BH010,1998-09-21,46.52399826049805, 
01BH010,1998-10-21,46.492000579833984, 
01BH010,1998-11-21,46.56499862670898, 
01BH010,1998-12-21,46.57799911499024, 
01BH010,1999-01-21,46.67699813842773, 
01BH010,1999-02-21,46.39699935913086, 
01BH010,1999-03-21,46.42300033569336, 
01BH010,1999-04-21,46.72700119018555, 
01BH010,1999-05-21,47.3489990234375, 
01BH010,1999-06-21,46.46200180053711, 
01BH010,1999-07-21,46.28499984741211, 
01BH010,1999-08-21,46.30500030517578, 
01BH010,1999-09-21,46.61100006103516, 
01BH010,1999-10-21,46.89300155639648, 
01BH010,1999-11-21,46.54199981689453, 
01BH010,1999-12-21,46.90499877929688, 
01BH010,2000-01-21,46.698001861572266, 
01BH010,2000-02-21,46.35100173950195, 
01BH010,2000-03-21,46.47299957275391, 
01BH010,2000-04-21,46.65900039672852, 
01BH010,2000-05-21,47.33399963378906, 
01BH010,2000-06-21,46.5369987487793, 
01BH010,2000-07-21,46.45100021362305, 
01BH010,2000-08-21,46.44200134277344, 
01BH010,2000-09-21,46.334999084472656, 
01BH010,2000-10-21,46.33399963378906, 
01BH010,2000-11-21,46.81499862670898, 
01BH010,2000-12-21,47.15499877929688, 
01BH010,2001-01-21,, 
01BH010,2001-02-21,46.3489990234375, 
01BH010,2001-03-21,46.35900115966797, 
01BH010,2001-04-21,46.26399993896485, 
01BH010,2001-05-21,47.040000915527344, 
01BH010,2001-06-21,46.53400039672852, 
01BH010,2001-07-21,46.48400115966797, 
01BH010,2001-08-21,46.277000427246094, 
01BH010,2001-09-21,46.24300003051758, 
01BH010,2001-10-21,46.47299957275391, 
01BH010,2001-11-21,46.428001403808594, 
01BH010,2001-12-21,46.38399887084961, 
01BH010,2002-01-21,, 
01BH010,2002-02-21,46.29199981689453, 
01BH010,2002-03-21,46.61199951171875, 
01BH010,2002-04-21,46.64599990844727, 
01BH010,2002-05-21,47.00199890136719, 
01BH010,2002-06-21,46.59199905395508, 
01BH010,2002-07-21,46.39400100708008, 
01BH010,2002-08-21,46.47100067138672, 
01BH010,2002-09-21,46.38800048828125, 
01BH010,2002-10-21,46.31100082397461, 
01BH010,2002-11-21,46.47200012207031, 
01BH010,2002-12-21,46.46799850463867, 
01BH010,2003-01-21,46.637001037597656, 
01BH010,2003-02-21,46.34099960327149, 
01BH010,2003-03-21,46.29499816894531, 
01BH010,2003-04-21,46.39699935913086, 
01BH010,2003-05-21,47.66699981689453, 
01BH010,2003-06-21,46.54800033569336, 
01BH010,2003-07-21,46.34299850463867, 
01BH010,2003-08-21,46.41899871826172, 
01BH010,2003-09-21,46.25699996948242, 
01BH010,2003-10-21,46.33300018310547, 
01BH010,2003-11-21,46.73699951171875, 
01BH010,2003-12-21,46.57400131225586, 
01BH010,2004-01-21,46.98099899291992, 
01BH010,2004-02-21,46.435001373291016, 
01BH010,2004-03-21,46.345001220703125, 
01BH010,2004-04-21,46.72999954223633, 
01BH010,2004-05-21,47.178001403808594, 
01BH010,2004-06-21,46.499000549316406, 
01BH010,2004-07-21,46.44100189208984, 
01BH010,2004-08-21,46.345001220703125, 
01BH010,2004-09-21,46.62099838256836, 
01BH010,2004-10-21,46.52799987792969, 
01BH010,2004-11-21,46.3390007019043, 
01BH010,2004-12-21,46.43199920654297, 
01BH010,2005-01-21,46.516998291015625, 
01BH010,2005-02-21,46.555999755859375, 
01BH010,2005-03-21,46.733001708984375, 
01BH010,2005-04-21,46.744998931884766, 
01BH010,2005-05-21,47.34600067138672, 
01BH010,2005-06-21,46.617000579833984, 
01BH010,2005-07-21,46.32899856567383, 
01BH010,2005-08-21,46.262001037597656, 
01BH010,2005-09-21,46.32699966430664, 
01BH010,2005-10-21,46.60599899291992, 
01BH010,2005-11-21,46.59799957275391, 
01BH010,2005-12-21,46.492000579833984, 
01BH010,2006-01-21,, 
01BH010,2006-02-21,46.7509994506836, 
01BH010,2006-03-21,46.38199996948242, 
01BH010,2006-04-21,47.00600051879883, 
01BH010,2006-05-21,47.32699966430664, 
01BH010,2006-06-21,46.55199813842773, 
01BH010,2006-07-21,46.37799835205078, 
01BH010,2006-08-21,46.25600051879883, 
01BH010,2006-09-21,46.29999923706055, 
01BH010,2006-10-21,46.709999084472656, 
01BH010,2006-11-21,46.875, 
01BH010,2006-12-21,46.35200119018555, 
01BH010,2007-01-21,46.85200119018555, 
01BH010,2007-02-21,46.77999877929688, 
01BH010,2007-03-21,46.5629997253418, 
01BH010,2007-04-21,46.38100051879883, 
01BH010,2007-05-21,47.07799911499024, 
01BH010,2007-06-21,46.5009994506836, 
01BH010,2007-07-21,46.9370002746582, 
01BH010,2007-08-21,46.6259994506836, 
01BH010,2007-09-21,46.34700012207031, 
01BH010,2007-10-21,46.39300155639648, 
01BH010,2007-11-21,47.09000015258789, 
01BH010,2007-12-21,46.87099838256836, 
01BH010,2008-01-21,46.70000076293945, 
01BH010,2008-02-21,46.542999267578125, 
01BH010,2008-03-21,46.47100067138672, 
01BH010,2008-04-21,46.98199844360352, 
01BH010,2008-05-21,47.30199813842773, 
01BH010,2008-06-21,46.52899932861328, 
01BH010,2008-07-21,46.40499877929688, 
01BH010,2008-08-21,, 
01BH010,2008-09-21,46.40800094604492, 
01BH010,2008-10-21,46.50899887084961, 
01BH010,2008-11-21,46.96900177001953, 
01BH010,2008-12-21,47.14799880981445, 
01BH010,2009-01-21,46.64799880981445, 
01BH010,2009-02-21,46.45800018310547, 
01BH010,2009-03-21,46.66699981689453, 
01BH010,2009-04-21,46.512001037597656, 
01BH010,2009-05-21,47.152000427246094, 
01BH010,2009-06-21,46.50699996948242, 
01BH010,2009-07-21,46.43299865722656, 
01BH010,2009-08-21,46.400001525878906, 
01BH010,2009-09-21,46.28900146484375, 
01BH010,2009-10-21,46.51800155639648, 
01BH010,2009-11-21,46.435001373291016, 
01BH010,2009-12-21,46.5620002746582, 
01BH010,2010-01-21,46.43299865722656, 
01BH010,2010-02-21,46.34999847412109, 
01BH010,2010-03-21,46.30199813842773, 
01BH010,2010-04-21,47.09199905395508, 
01BH010,2010-05-21,47.007999420166016, 
01BH010,2010-06-21,46.53799819946289, 
01BH010,2010-07-21,46.73699951171875, 
01BH010,2010-08-21,46.40599822998047, 
01BH010,2010-09-21,46.499000549316406, 
01BH010,2010-10-21,46.59700012207031, 
01BH010,2010-11-21,46.68299865722656, 
01BH010,2010-12-21,47.10499954223633, 
01BH010,2011-01-21,, 
01BH010,2011-02-21,46.55799865722656, 
01BH010,2011-03-21,46.75199890136719, 
01BH010,2011-04-21,46.56399917602539, 
01BH010,2011-05-21,, 
01BH010,2011-06-21,46.77799987792969, 
01BH010,2011-07-21,46.59299850463867, 
01BH010,2011-08-21,46.57600021362305, 
01BH010,2011-09-21,46.66600036621094, 
01BH010,2011-10-21,46.402000427246094, 
01BH010,2011-11-21,46.67699813842773, 
01BH010,2011-12-21,47.06700134277344, 
01BH010,2012-01-21,, 
01BH010,2012-02-21,46.435001373291016, 
01BH010,2012-03-21,46.49800109863281, 
01BH010,2012-04-21,47.06999969482422, 
01BH010,2012-05-21,46.92100143432617, 
01BH010,2012-06-21,46.402000427246094, 
01BH010,2012-07-21,46.49599838256836, 
01BH010,2012-08-21,46.63399887084961, 
01BH010,2012-09-21,46.34400177001953, 
01BH010,2012-10-21,, 
01BH010,2012-11-21,46.50699996948242, 
01BH010,2012-12-21,46.38600158691406, 
01BH010,2013-01-21,, 
01BH010,2013-03-21,46.845001220703125, 
01BH010,2013-04-21,47.03300094604492, 
01BH010,2013-05-21,46.98899841308594, 
01BH010,2013-06-21,46.54899978637695, 
01BH010,2013-07-21,46.34199905395508, 
01BH010,2013-08-21,46.483001708984375, 
01BH010,2013-09-21,46.35499954223633, 
01BH010,2013-10-21,, 
01BH010,1991-08-22,46.43999862670898, 
01BH010,1991-09-22,46.33000183105469, 
01BH010,1991-10-22,46.84999847412109, 
01BH010,1991-11-22,46.66999816894531, 
01BH010,1991-12-22,, 
01BH010,1992-03-22,46.36000061035156, 
01BH010,1992-04-22,46.88999938964844, 
01BH010,1992-05-22,47.0, 
01BH010,1992-06-22,46.56999969482422, 
01BH010,1992-07-22,46.59999847412109, 
01BH010,1992-08-22,46.43999862670898, 
01BH010,1992-09-22,46.290000915527344, 
01BH010,1992-10-22,46.2400016784668, 
01BH010,1992-11-22,46.459999084472656, 
01BH010,1992-12-22,46.470001220703125, 
01BH010,1993-01-22,46.41999816894531, 
01BH010,1993-02-22,46.790000915527344, 
01BH010,1993-03-22,46.33000183105469, 
01BH010,1993-04-22,46.79999923706055, 
01BH010,1993-05-22,46.79999923706055, 
01BH010,1993-06-22,46.56999969482422, 
01BH010,1993-07-22,46.93000030517578, 
01BH010,1993-08-22,46.5099983215332, 
01BH010,1993-09-22,46.4900016784668, 
01BH010,1993-10-22,46.68000030517578, 
01BH010,1993-11-22,46.59000015258789, 
01BH010,1993-12-22,46.7400016784668, 
01BH010,1994-01-22,47.310001373291016, 
01BH010,1994-02-22,47.310001373291016, 
01BH010,1994-03-22,46.33000183105469, 
01BH010,1994-04-22,48.5, 
01BH010,1994-05-22,47.459999084472656, 
01BH010,1994-06-22,46.7599983215332, 
01BH010,1994-07-22,46.61000061035156, 
01BH010,1994-08-22,46.380001068115234, 
01BH010,1994-09-22,46.34000015258789, 
01BH010,1994-10-22,46.40999984741211, 
01BH010,1994-11-22,46.630001068115234, 
01BH010,1994-12-22,47.150001525878906, 
01BH010,1995-01-22,46.790000915527344, 
01BH010,1995-02-22,46.4900016784668, 
01BH010,1995-03-22,46.709999084472656, 
01BH010,1995-04-22,46.650001525878906, 
01BH010,1995-05-22,47.459999084472656, 
01BH010,1995-06-22,46.58000183105469, 
01BH010,1995-07-22,46.36000061035156, 
01BH010,1995-08-22,46.25, 
01BH010,1995-09-22,46.27999877929688, 
01BH010,1995-10-22,46.380001068115234, 
01BH010,1995-11-22,46.86000061035156, 
01BH010,1995-12-22,47.06999969482422, 
01BH010,1996-01-22,47.40999984741211, 
01BH010,1996-02-22,46.70000076293945, 
01BH010,1996-03-22,46.68000030517578, 
01BH010,1996-04-22,46.59000015258789, 
01BH010,1996-05-22,47.4900016784668, 
01BH010,1996-06-22,46.58000183105469, 
01BH010,1996-07-22,47.2599983215332, 
01BH010,1996-08-22,46.40999984741211, 
01BH010,1996-09-22,46.27000045776367, 
01BH010,1996-10-22,46.25, 
01BH010,1996-11-22,46.470001220703125, 
01BH010,1996-12-22,46.5099983215332, 
01BH010,1997-01-22,46.91999816894531, 
01BH010,1997-02-22,46.470001220703125, 
01BH010,1997-03-22,46.34999847412109, 
01BH010,1997-04-22,46.38999938964844, 
01BH010,1997-05-22,47.38999938964844, 
01BH010,1997-06-22,46.69599914550781, 
01BH010,1997-07-22,46.45899963378906, 
01BH010,1997-08-22,46.275001525878906, 
01BH010,1997-09-22,46.31800079345703, 
01BH010,1997-10-22,46.28400039672852, 
01BH010,1997-11-22,46.91600036621094, 
01BH010,1997-12-22,46.39799880981445, 
01BH010,1998-01-22,46.65499877929688, 
01BH010,1998-02-22,46.30099868774414, 
01BH010,1998-03-22,46.45399856567383, 
01BH010,1998-04-22,46.9379997253418, 
01BH010,1998-05-22,46.69300079345703, 
01BH010,1998-06-22,46.59000015258789, 
01BH010,1998-07-22,46.696998596191406, 
01BH010,1998-08-22,46.39799880981445, 
01BH010,1998-09-22,46.555999755859375, 
01BH010,1998-10-22,46.49599838256836, 
01BH010,1998-11-22,46.53499984741211, 
01BH010,1998-12-22,46.65499877929688, 
01BH010,1999-01-22,46.42300033569336, 
01BH010,1999-02-22,, 
01BH010,1999-03-22,46.38800048828125, 
01BH010,1999-04-22,46.775001525878906, 
01BH010,1999-05-22,47.15800094604492, 
01BH010,1999-06-22,46.44900131225586, 
01BH010,1999-07-22,46.27999877929688, 
01BH010,1999-08-22,46.290000915527344, 
01BH010,1999-09-22,46.64899826049805, 
01BH010,1999-10-22,46.84999847412109, 
01BH010,1999-11-22,46.52999877929688, 
01BH010,1999-12-22,46.83200073242188, 
01BH010,2000-01-22,46.617000579833984, 
01BH010,2000-02-22,46.36199951171875, 
01BH010,2000-03-22,46.43299865722656, 
01BH010,2000-04-22,46.64599990844727, 
01BH010,2000-05-22,47.310001373291016, 
01BH010,2000-06-22,46.525001525878906, 
01BH010,2000-07-22,46.43999862670898, 
01BH010,2000-08-22,46.43000030517578, 
01BH010,2000-09-22,46.32699966430664, 
01BH010,2000-10-22,46.32899856567383, 
01BH010,2000-11-22,46.77299880981445, 
01BH010,2000-12-22,47.11100006103516, 
01BH010,2001-01-22,46.608001708984375, 
01BH010,2001-02-22,46.40599822998047, 
01BH010,2001-03-22,46.35300064086914, 
01BH010,2001-04-22,46.290000915527344, 
01BH010,2001-05-22,46.97800064086914, 
01BH010,2001-06-22,46.5009994506836, 
01BH010,2001-07-22,46.47200012207031, 
01BH010,2001-08-22,46.290000915527344, 
01BH010,2001-09-22,46.255001068115234, 
01BH010,2001-10-22,46.46500015258789, 
01BH010,2001-11-22,46.402000427246094, 
01BH010,2001-12-22,46.387001037597656, 
01BH010,2002-01-22,46.63899993896485, 
01BH010,2002-02-22,46.29199981689453, 
01BH010,2002-03-22,, 
01BH010,2002-04-22,46.6349983215332, 
01BH010,2002-05-22,46.99300003051758, 
01BH010,2002-06-22,46.57699966430664, 
01BH010,2002-07-22,46.38800048828125, 
01BH010,2002-08-22,46.45700073242188, 
01BH010,2002-09-22,46.387001037597656, 
01BH010,2002-10-22,46.30699920654297, 
01BH010,2002-11-22,46.47100067138672, 
01BH010,2002-12-22,46.53499984741211, 
01BH010,2003-01-22,46.68000030517578, 
01BH010,2003-02-22,46.3380012512207, 
01BH010,2003-03-22,46.31800079345703, 
01BH010,2003-04-22,46.50600051879883, 
01BH010,2003-05-22,47.52299880981445, 
01BH010,2003-06-22,46.5260009765625, 
01BH010,2003-07-22,46.36800003051758, 
01BH010,2003-08-22,46.40900039672852, 
01BH010,2003-09-22,46.25299835205078, 
01BH010,2003-10-22,46.33000183105469, 
01BH010,2003-11-22,46.93399810791016, 
01BH010,2003-12-22,46.56800079345703, 
01BH010,2004-01-22,47.0260009765625, 
01BH010,2004-02-22,46.42699813842773, 
01BH010,2004-03-22,46.34600067138672, 
01BH010,2004-04-22,46.76100158691406, 
01BH010,2004-05-22,47.08000183105469, 
01BH010,2004-06-22,46.48199844360352, 
01BH010,2004-07-22,46.428001403808594, 
01BH010,2004-08-22,46.3380012512207, 
01BH010,2004-09-22,46.59099960327149, 
01BH010,2004-10-22,46.52000045776367, 
01BH010,2004-11-22,46.34999847412109, 
01BH010,2004-12-22,46.39500045776367, 
01BH010,2005-01-22,46.55199813842773, 
01BH010,2005-02-22,46.542999267578125, 
01BH010,2005-03-22,46.698001861572266, 
01BH010,2005-04-22,46.7239990234375, 
01BH010,2005-05-22,47.323001861572266, 
01BH010,2005-06-22,46.61899948120117, 
01BH010,2005-07-22,46.32699966430664, 
01BH010,2005-08-22,46.2760009765625, 
01BH010,2005-09-22,46.32799911499024, 
01BH010,2005-10-22,46.58599853515625, 
01BH010,2005-11-22,46.63999938964844, 
01BH010,2005-12-22,46.483001708984375, 
01BH010,2006-01-22,47.00199890136719, 
01BH010,2006-02-22,46.71099853515625, 
01BH010,2006-03-22,46.34400177001953, 
01BH010,2006-04-22,46.99700164794922, 
01BH010,2006-05-22,47.26800155639648, 
01BH010,2006-06-22,46.59099960327149, 
01BH010,2006-07-22,46.37799835205078, 
01BH010,2006-08-22,46.25400161743164, 
01BH010,2006-09-22,46.297000885009766, 
01BH010,2006-10-22,46.94599914550781, 
01BH010,2006-11-22,46.81900024414063, 
01BH010,2006-12-22,46.358001708984375, 
01BH010,2007-01-22,47.10900115966797, 
01BH010,2007-02-22,46.75899887084961, 
01BH010,2007-03-22,46.57899856567383, 
01BH010,2007-04-22,46.42599868774414, 
01BH010,2007-05-22,47.047000885009766, 
01BH010,2007-06-22,46.57699966430664, 
01BH010,2007-07-22,46.98099899291992, 
01BH010,2007-08-22,46.59700012207031, 
01BH010,2007-09-22,46.34199905395508, 
01BH010,2007-10-22,46.38800048828125, 
01BH010,2007-11-22,47.00899887084961, 
01BH010,2007-12-22,46.8489990234375, 
01BH010,2008-01-22,46.71699905395508, 
01BH010,2008-02-22,46.63999938964844, 
01BH010,2008-03-22,46.45500183105469, 
01BH010,2008-04-22,47.07500076293945, 
01BH010,2008-05-22,47.255001068115234, 
01BH010,2008-06-22,46.53900146484375, 
01BH010,2008-07-22,46.39899826049805, 
01BH010,2008-08-22,46.55699920654297, 
01BH010,2008-09-22,46.40299987792969, 
01BH010,2008-10-22,46.50199890136719, 
01BH010,2008-11-22,46.91699981689453, 
01BH010,2008-12-22,47.18399810791016, 
01BH010,2009-01-22,46.62900161743164, 
01BH010,2009-02-22,46.43199920654297, 
01BH010,2009-03-22,46.65299987792969, 
01BH010,2009-04-22,46.62200164794922, 
01BH010,2009-05-22,47.11899948120117, 
01BH010,2009-06-22,46.492000579833984, 
01BH010,2009-07-22,46.42300033569336, 
01BH010,2009-08-22,46.45800018310547, 
01BH010,2009-09-22,46.27999877929688, 
01BH010,2009-10-22,46.50699996948242, 
01BH010,2009-11-22,46.46699905395508, 
01BH010,2009-12-22,46.47299957275391, 
01BH010,2010-01-22,, 
01BH010,2010-02-22,46.34099960327149, 
01BH010,2010-03-22,46.29199981689453, 
01BH010,2010-04-22,47.11899948120117, 
01BH010,2010-05-22,46.9640007019043, 
01BH010,2010-06-22,46.51599884033203, 
01BH010,2010-07-22,46.70000076293945, 
01BH010,2010-08-22,46.37699890136719, 
01BH010,2010-09-22,46.48699951171875, 
01BH010,2010-10-22,46.62099838256836, 
01BH010,2010-11-22,46.66699981689453, 
01BH010,2010-12-22,47.0369987487793, 
01BH010,2011-01-22,46.46900177001953, 
01BH010,2011-02-22,46.54800033569336, 
01BH010,2011-03-22,, 
01BH010,2011-04-22,46.54800033569336, 
01BH010,2011-05-22,47.74800109863281, 
01BH010,2011-06-22,46.75400161743164, 
01BH010,2011-07-22,46.6150016784668, 
01BH010,2011-08-22,46.61399841308594, 
01BH010,2011-09-22,46.64300155639648, 
01BH010,2011-10-22,46.39699935913086, 
01BH010,2011-11-22,46.62300109863281, 
01BH010,2011-12-22,46.90700149536133, 
01BH010,2012-01-22,46.665000915527344, 
01BH010,2012-02-22,, 
01BH010,2012-03-22,46.91699981689453, 
01BH010,2012-04-22,47.01100158691406, 
01BH010,2012-05-22,46.8759994506836, 
01BH010,2012-06-22,46.415000915527344, 
01BH010,2012-07-22,46.47800064086914, 
01BH010,2012-08-22,46.60599899291992, 
01BH010,2012-09-22,46.34000015258789, 
01BH010,2012-10-22,, 
01BH010,2012-11-22,, 
01BH010,2012-12-22,46.38999938964844, 
01BH010,2013-01-22,46.52299880981445, 
01BH010,2013-03-22,46.69499969482422, 
01BH010,2013-04-22,46.970001220703125, 
01BH010,2013-05-22,, 
01BH010,2013-06-22,46.53200149536133, 
01BH010,2013-07-22,46.32899856567383, 
01BH010,2013-08-22,46.46900177001953, 
01BH010,2013-09-22,46.36000061035156, 
01BH010,2013-10-22,, 
01BH010,1991-08-23,46.41999816894531, 
01BH010,1991-09-23,46.33000183105469, 
01BH010,1991-10-23,46.81999969482422, 
01BH010,1991-11-23,46.65999984741211, 
01BH010,1991-12-23,, 
01BH010,1992-03-23,46.369998931884766, 
01BH010,1992-04-23,47.06999969482422, 
01BH010,1992-05-23,46.970001220703125, 
01BH010,1992-06-23,46.59000015258789, 
01BH010,1992-07-23,46.56999969482422, 
01BH010,1992-08-23,46.41999816894531, 
01BH010,1992-09-23,46.290000915527344, 
01BH010,1992-10-23,46.2400016784668, 
01BH010,1992-11-23,46.84000015258789, 
01BH010,1992-12-23,46.58000183105469, 
01BH010,1993-01-23,46.459999084472656, 
01BH010,1993-02-23,46.38999938964844, 
01BH010,1993-03-23,46.40999984741211, 
01BH010,1993-04-23,46.79999923706055, 
01BH010,1993-05-23,46.79999923706055, 
01BH010,1993-06-23,46.560001373291016, 
01BH010,1993-07-23,47.040000915527344, 
01BH010,1993-08-23,46.47999954223633, 
01BH010,1993-09-23,46.4900016784668, 
01BH010,1993-10-23,46.709999084472656, 
01BH010,1993-11-23,47.130001068115234, 
01BH010,1993-12-23,46.70000076293945, 
01BH010,1994-01-23,47.310001373291016, 
01BH010,1994-02-23,47.310001373291016, 
01BH010,1994-03-23,46.369998931884766, 
01BH010,1994-04-23,48.209999084472656, 
01BH010,1994-05-23,47.41999816894531, 
01BH010,1994-06-23,46.7400016784668, 
01BH010,1994-07-23,46.630001068115234, 
01BH010,1994-08-23,46.369998931884766, 
01BH010,1994-09-23,46.33000183105469, 
01BH010,1994-10-23,46.40999984741211, 
01BH010,1994-11-23,46.630001068115234, 
01BH010,1994-12-23,47.18999862670898, 
01BH010,1995-01-23,47.84000015258789, 
01BH010,1995-02-23,46.560001373291016, 
01BH010,1995-03-23,46.9900016784668, 
01BH010,1995-04-23,46.75, 
01BH010,1995-05-23,47.630001068115234, 
01BH010,1995-06-23,46.560001373291016, 
01BH010,1995-07-23,46.34000015258789, 
01BH010,1995-08-23,46.2599983215332, 
01BH010,1995-09-23,46.27999877929688, 
01BH010,1995-10-23,46.41999816894531, 
01BH010,1995-11-23,46.84000015258789, 
01BH010,1995-12-23,47.02999877929688, 
01BH010,1996-01-23,47.54999923706055, 
01BH010,1996-02-23,46.75, 
01BH010,1996-03-23,46.68000030517578, 
01BH010,1996-04-23,46.75, 
01BH010,1996-05-23,47.54999923706055, 
01BH010,1996-06-23,46.560001373291016, 
01BH010,1996-07-23,47.18999862670898, 
01BH010,1996-08-23,46.400001525878906, 
01BH010,1996-09-23,46.2599983215332, 
01BH010,1996-10-23,46.25, 
01BH010,1996-11-23,46.45000076293945, 
01BH010,1996-12-23,47.119998931884766, 
01BH010,1997-01-23,46.880001068115234, 
01BH010,1997-02-23,46.45000076293945, 
01BH010,1997-03-23,46.34000015258789, 
01BH010,1997-04-23,46.43999862670898, 
01BH010,1997-05-23,47.27000045776367, 
01BH010,1997-06-23,46.766998291015625, 
01BH010,1997-07-23,46.446998596191406, 
01BH010,1997-08-23,46.29600143432617, 
01BH010,1997-09-23,46.30699920654297, 
01BH010,1997-10-23,46.28200149536133, 
01BH010,1997-11-23,46.507999420166016, 
01BH010,1997-12-23,46.40299987792969, 
01BH010,1998-01-23,46.63999938964844, 
01BH010,1998-02-23,, 
01BH010,1998-03-23,46.43399810791016, 
01BH010,1998-04-23,46.917999267578125, 
01BH010,1998-05-23,46.82899856567383, 
01BH010,1998-06-23,46.57400131225586, 
01BH010,1998-07-23,46.696998596191406, 
01BH010,1998-08-23,46.38999938964844, 
01BH010,1998-09-23,46.56499862670898, 
01BH010,1998-10-23,46.50199890136719, 
01BH010,1998-11-23,46.52000045776367, 
01BH010,1998-12-23,46.58000183105469, 
01BH010,1999-01-23,46.44599914550781, 
01BH010,1999-02-23,, 
01BH010,1999-03-23,46.38600158691406, 
01BH010,1999-04-23,46.82799911499024, 
01BH010,1999-05-23,47.07600021362305, 
01BH010,1999-06-23,46.4370002746582, 
01BH010,1999-07-23,46.2760009765625, 
01BH010,1999-08-23,46.27899932861328, 
01BH010,1999-09-23,46.87699890136719, 
01BH010,1999-10-23,46.8390007019043, 
01BH010,1999-11-23,46.52899932861328, 
01BH010,1999-12-23,46.57099914550781, 
01BH010,2000-01-23,46.59400177001953, 
01BH010,2000-02-23,46.33100128173828, 
01BH010,2000-03-23,46.417999267578125, 
01BH010,2000-04-23,46.66699981689453, 
01BH010,2000-05-23,47.32799911499024, 
01BH010,2000-06-23,46.51300048828125, 
01BH010,2000-07-23,46.44300079345703, 
01BH010,2000-08-23,46.41600036621094, 
01BH010,2000-09-23,, 
01BH010,2000-10-23,46.33200073242188, 
01BH010,2000-11-23,46.72999954223633, 
01BH010,2000-12-23,47.01900100708008, 
01BH010,2001-01-23,46.58399963378906, 
01BH010,2001-02-23,46.391998291015625, 
01BH010,2001-03-23,46.31999969482422, 
01BH010,2001-04-23,46.35699844360352, 
01BH010,2001-05-23,46.94900131225586, 
01BH010,2001-06-23,46.48500061035156, 
01BH010,2001-07-23,46.46099853515625, 
01BH010,2001-08-23,46.29899978637695, 
01BH010,2001-09-23,46.3489990234375, 
01BH010,2001-10-23,46.45500183105469, 
01BH010,2001-11-23,46.42399978637695, 
01BH010,2001-12-23,46.374000549316406, 
01BH010,2002-01-23,46.641998291015625, 
01BH010,2002-02-23,46.29399871826172, 
01BH010,2002-03-23,46.595001220703125, 
01BH010,2002-04-23,46.61100006103516, 
01BH010,2002-05-23,47.00899887084961, 
01BH010,2002-06-23,46.5629997253418, 
01BH010,2002-07-23,46.45899963378906, 
01BH010,2002-08-23,46.45399856567383, 
01BH010,2002-09-23,46.38399887084961, 
01BH010,2002-10-23,46.30899810791016, 
01BH010,2002-11-23,46.45199966430664, 
01BH010,2002-12-23,46.58300018310547, 
01BH010,2003-01-23,46.696998596191406, 
01BH010,2003-02-23,, 
01BH010,2003-03-23,46.34199905395508, 
01BH010,2003-04-23,46.70199966430664, 
01BH010,2003-05-23,47.4119987487793, 
01BH010,2003-06-23,46.51100158691406, 
01BH010,2003-07-23,46.41600036621094, 
01BH010,2003-08-23,46.40499877929688, 
01BH010,2003-09-23,46.25299835205078, 
01BH010,2003-10-23,46.34199905395508, 
01BH010,2003-11-23,46.96500015258789, 
01BH010,2003-12-23,46.5620002746582, 
01BH010,2004-01-23,47.04100036621094, 
01BH010,2004-02-23,46.422000885009766, 
01BH010,2004-03-23,46.37200164794922, 
01BH010,2004-04-23,46.82799911499024, 
01BH010,2004-05-23,47.025001525878906, 
01BH010,2004-06-23,46.46599960327149, 
01BH010,2004-07-23,46.42100143432617, 
01BH010,2004-08-23,46.33100128173828, 
01BH010,2004-09-23,46.57600021362305, 
01BH010,2004-10-23,, 
01BH010,2004-11-23,46.33000183105469, 
01BH010,2004-12-23,46.39799880981445, 
01BH010,2005-01-23,46.54600143432617, 
01BH010,2005-02-23,46.51499938964844, 
01BH010,2005-03-23,46.66999816894531, 
01BH010,2005-04-23,46.70600128173828, 
01BH010,2005-05-23,47.25400161743164, 
01BH010,2005-06-23,46.59700012207031, 
01BH010,2005-07-23,46.31800079345703, 
01BH010,2005-08-23,46.275001525878906, 
01BH010,2005-09-23,46.33000183105469, 
01BH010,2005-10-23,46.56700134277344, 
01BH010,2005-11-23,47.374000549316406, 
01BH010,2005-12-23,46.48400115966797, 
01BH010,2006-01-23,46.94400024414063, 
01BH010,2006-02-23,46.66899871826172, 
01BH010,2006-03-23,46.32899856567383, 
01BH010,2006-04-23,47.05400085449219, 
01BH010,2006-05-23,47.18600082397461, 
01BH010,2006-06-23,46.58300018310547, 
01BH010,2006-07-23,46.37099838256836, 
01BH010,2006-08-23,46.24800109863281, 
01BH010,2006-09-23,46.28099822998047, 
01BH010,2006-10-23,46.9640007019043, 
01BH010,2006-11-23,46.777000427246094, 
01BH010,2006-12-23,46.34299850463867, 
01BH010,2007-01-23,47.33700180053711, 
01BH010,2007-02-23,46.73099899291992, 
01BH010,2007-03-23,46.73500061035156, 
01BH010,2007-04-23,46.52999877929688, 
01BH010,2007-05-23,47.01599884033203, 
01BH010,2007-06-23,46.62900161743164, 
01BH010,2007-07-23,46.887001037597656, 
01BH010,2007-08-23,46.573001861572266, 
01BH010,2007-09-23,46.3380012512207, 
01BH010,2007-10-23,46.38800048828125, 
01BH010,2007-11-23,46.95899963378906, 
01BH010,2007-12-23,46.845001220703125, 
01BH010,2008-01-23,46.70199966430664, 
01BH010,2008-02-23,46.63800048828125, 
01BH010,2008-03-23,46.45899963378906, 
01BH010,2008-04-23,47.12900161743164, 
01BH010,2008-05-23,47.20700073242188, 
01BH010,2008-06-23,46.584999084472656, 
01BH010,2008-07-23,46.39099884033203, 
01BH010,2008-08-23,46.53900146484375, 
01BH010,2008-09-23,46.39799880981445, 
01BH010,2008-10-23,46.48899841308594, 
01BH010,2008-11-23,46.87099838256836, 
01BH010,2008-12-23,47.20899963378906, 
01BH010,2009-01-23,46.60300064086914, 
01BH010,2009-02-23,46.415000915527344, 
01BH010,2009-03-23,46.5989990234375, 
01BH010,2009-04-23,47.04399871826172, 
01BH010,2009-05-23,47.11000061035156, 
01BH010,2009-06-23,46.47600173950195, 
01BH010,2009-07-23,46.41699981689453, 
01BH010,2009-08-23,46.43899917602539, 
01BH010,2009-09-23,46.27899932861328, 
01BH010,2009-10-23,46.494998931884766, 
01BH010,2009-11-23,46.44400024414063, 
01BH010,2009-12-23,46.44400024414063, 
01BH010,2010-01-23,, 
01BH010,2010-02-23,46.34000015258789, 
01BH010,2010-03-23,46.29199981689453, 
01BH010,2010-04-23,47.13899993896485, 
01BH010,2010-05-23,46.91400146484375, 
01BH010,2010-06-23,46.49599838256836, 
01BH010,2010-07-23,46.66600036621094, 
01BH010,2010-08-23,46.35699844360352, 
01BH010,2010-09-23,46.4739990234375, 
01BH010,2010-10-23,46.71699905395508, 
01BH010,2010-11-23,46.66999816894531, 
01BH010,2010-12-23,46.9739990234375, 
01BH010,2011-01-23,46.44200134277344, 
01BH010,2011-02-23,46.5359992980957, 
01BH010,2011-03-23,46.71500015258789, 
01BH010,2011-04-23,, 
01BH010,2011-05-23,47.56999969482422, 
01BH010,2011-06-23,46.72700119018555, 
01BH010,2011-07-23,46.59299850463867, 
01BH010,2011-08-23,46.775001525878906, 
01BH010,2011-09-23,46.624000549316406, 
01BH010,2011-10-23,46.39400100708008, 
01BH010,2011-11-23,46.61299896240234, 
01BH010,2011-12-23,46.96099853515625, 
01BH010,2012-01-23,, 
01BH010,2012-02-23,, 
01BH010,2012-03-23,47.26100158691406, 
01BH010,2012-04-23,46.96200180053711, 
01BH010,2012-05-23,46.88100051879883, 
01BH010,2012-06-23,46.435001373291016, 
01BH010,2012-07-23,46.46900177001953, 
01BH010,2012-08-23,46.57699966430664, 
01BH010,2012-09-23,46.34600067138672, 
01BH010,2012-10-23,46.869998931884766, 
01BH010,2012-11-23,46.48600006103516, 
01BH010,2012-12-23,46.400001525878906, 
01BH010,2013-01-23,, 
01BH010,2013-03-23,46.60900115966797, 
01BH010,2013-04-23,46.92900085449219, 
01BH010,2013-05-23,46.98099899291992, 
01BH010,2013-06-23,46.51499938964844, 
01BH010,2013-07-23,46.3129997253418, 
01BH010,2013-08-23,46.46699905395508, 
01BH010,2013-09-23,46.38199996948242, 
01BH010,2013-10-23,, 
01BH010,1991-08-24,46.40999984741211, 
01BH010,1991-09-24,46.31999969482422, 
01BH010,1991-10-24,46.790000915527344, 
01BH010,1991-11-24,46.650001525878906, 
01BH010,1991-12-24,, 
01BH010,1992-03-24,46.36000061035156, 
01BH010,1992-04-24,47.02000045776367, 
01BH010,1992-05-24,46.93000030517578, 
01BH010,1992-06-24,46.58000183105469, 
01BH010,1992-07-24,46.560001373291016, 
01BH010,1992-08-24,46.400001525878906, 
01BH010,1992-09-24,46.29999923706055, 
01BH010,1992-10-24,46.2400016784668, 
01BH010,1992-11-24,46.970001220703125, 
01BH010,1992-12-24,46.52000045776367, 
01BH010,1993-01-24,46.40999984741211, 
01BH010,1993-02-24,46.400001525878906, 
01BH010,1993-03-24,46.45000076293945, 
01BH010,1993-04-24,46.900001525878906, 
01BH010,1993-05-24,46.790000915527344, 
01BH010,1993-06-24,46.59999847412109, 
01BH010,1993-07-24,47.0, 
01BH010,1993-08-24,46.470001220703125, 
01BH010,1993-09-24,46.470001220703125, 
01BH010,1993-10-24,46.70000076293945, 
01BH010,1993-11-24,46.75, 
01BH010,1993-12-24,46.93000030517578, 
01BH010,1994-01-24,47.310001373291016, 
01BH010,1994-02-24,47.31999969482422, 
01BH010,1994-03-24,46.43000030517578, 
01BH010,1994-04-24,49.31999969482422, 
01BH010,1994-05-24,47.369998931884766, 
01BH010,1994-06-24,46.709999084472656, 
01BH010,1994-07-24,46.61000061035156, 
01BH010,1994-08-24,46.36000061035156, 
01BH010,1994-09-24,46.33000183105469, 
01BH010,1994-10-24,46.43999862670898, 
01BH010,1994-11-24,46.59000015258789, 
01BH010,1994-12-24,47.09000015258789, 
01BH010,1995-01-24,46.720001220703125, 
01BH010,1995-02-24,46.43999862670898, 
01BH010,1995-03-24,46.959999084472656, 
01BH010,1995-04-24,46.77000045776367, 
01BH010,1995-05-24,47.68999862670898, 
01BH010,1995-06-24,46.540000915527344, 
01BH010,1995-07-24,46.33000183105469, 
01BH010,1995-08-24,46.2599983215332, 
01BH010,1995-09-24,46.290000915527344, 
01BH010,1995-10-24,46.43999862670898, 
01BH010,1995-11-24,46.77999877929688, 
01BH010,1995-12-24,47.15999984741211, 
01BH010,1996-01-24,47.560001373291016, 
01BH010,1996-02-24,46.88999938964844, 
01BH010,1996-03-24,47.790000915527344, 
01BH010,1996-04-24,46.880001068115234, 
01BH010,1996-05-24,47.58000183105469, 
01BH010,1996-06-24,46.54999923706055, 
01BH010,1996-07-24,47.09999847412109, 
01BH010,1996-08-24,46.400001525878906, 
01BH010,1996-09-24,46.27999877929688, 
01BH010,1996-10-24,46.25, 
01BH010,1996-11-24,46.43000030517578, 
01BH010,1996-12-24,47.810001373291016, 
01BH010,1997-01-24,46.86000061035156, 
01BH010,1997-02-24,46.47999954223633, 
01BH010,1997-03-24,46.56999969482422, 
01BH010,1997-04-24,46.4900016784668, 
01BH010,1997-05-24,47.209999084472656, 
01BH010,1997-06-24,46.74399948120117, 
01BH010,1997-07-24,46.43199920654297, 
01BH010,1997-08-24,46.30899810791016, 
01BH010,1997-09-24,46.290000915527344, 
01BH010,1997-10-24,46.2760009765625, 
01BH010,1997-11-24,46.40599822998047, 
01BH010,1997-12-24,46.40599822998047, 
01BH010,1998-01-24,46.507999420166016, 
01BH010,1998-02-24,, 
01BH010,1998-03-24,46.41600036621094, 
01BH010,1998-04-24,46.93399810791016, 
01BH010,1998-05-24,46.89300155639648, 
01BH010,1998-06-24,46.55799865722656, 
01BH010,1998-07-24,46.665000915527344, 
01BH010,1998-08-24,46.38999938964844, 
01BH010,1998-09-24,46.540000915527344, 
01BH010,1998-10-24,46.49300003051758, 
01BH010,1998-11-24,46.52099990844727, 
01BH010,1998-12-24,46.321998596191406, 
01BH010,1999-01-24,46.62799835205078, 
01BH010,1999-02-24,, 
01BH010,1999-03-24,46.391998291015625, 
01BH010,1999-04-24,46.84400177001953, 
01BH010,1999-05-24,47.00199890136719, 
01BH010,1999-06-24,46.42900085449219, 
01BH010,1999-07-24,46.27399826049805, 
01BH010,1999-08-24,46.27199935913086, 
01BH010,1999-09-24,47.02999877929688, 
01BH010,1999-10-24,46.875, 
01BH010,1999-11-24,46.54399871826172, 
01BH010,1999-12-24,47.40499877929688, 
01BH010,2000-01-24,46.65299987792969, 
01BH010,2000-02-24,46.31399917602539, 
01BH010,2000-03-24,46.459999084472656, 
01BH010,2000-04-24,46.73400115966797, 
01BH010,2000-05-24,47.32600021362305, 
01BH010,2000-06-24,46.5, 
01BH010,2000-07-24,46.45299911499024, 
01BH010,2000-08-24,46.40900039672852, 
01BH010,2000-09-24,46.321998596191406, 
01BH010,2000-10-24,46.32400131225586, 
01BH010,2000-11-24,46.68299865722656, 
01BH010,2000-12-24,46.94900131225586, 
01BH010,2001-01-24,46.56399917602539, 
01BH010,2001-02-24,46.3650016784668, 
01BH010,2001-03-24,46.33200073242188, 
01BH010,2001-04-24,46.46500015258789, 
01BH010,2001-05-24,46.91999816894531, 
01BH010,2001-06-24,46.48400115966797, 
01BH010,2001-07-24,46.44200134277344, 
01BH010,2001-08-24,46.30699920654297, 
01BH010,2001-09-24,46.33700180053711, 
01BH010,2001-10-24,46.470001220703125, 
01BH010,2001-11-24,46.41400146484375, 
01BH010,2001-12-24,46.35699844360352, 
01BH010,2002-01-24,46.60499954223633, 
01BH010,2002-02-24,46.29399871826172, 
01BH010,2002-03-24,46.57099914550781, 
01BH010,2002-04-24,46.595001220703125, 
01BH010,2002-05-24,47.09199905395508, 
01BH010,2002-06-24,46.56600189208984, 
01BH010,2002-07-24,46.4900016784668, 
01BH010,2002-08-24,46.43899917602539, 
01BH010,2002-09-24,46.37699890136719, 
01BH010,2002-10-24,46.3129997253418, 
01BH010,2002-11-24,46.42499923706055, 
01BH010,2002-12-24,46.547000885009766, 
01BH010,2003-01-24,46.685001373291016, 
01BH010,2003-02-24,46.40700149536133, 
01BH010,2003-03-24,46.36199951171875, 
01BH010,2003-04-24,46.858001708984375, 
01BH010,2003-05-24,47.21500015258789, 
01BH010,2003-06-24,46.50199890136719, 
01BH010,2003-07-24,46.41699981689453, 
01BH010,2003-08-24,46.39699935913086, 
01BH010,2003-09-24,46.26300048828125, 
01BH010,2003-10-24,46.35300064086914, 
01BH010,2003-11-24,46.91999816894531, 
01BH010,2003-12-24,46.59099960327149, 
01BH010,2004-01-24,46.93999862670898, 
01BH010,2004-02-24,46.41699981689453, 
01BH010,2004-03-24,46.37300109863281, 
01BH010,2004-04-24,46.83000183105469, 
01BH010,2004-05-24,46.9640007019043, 
01BH010,2004-06-24,46.45800018310547, 
01BH010,2004-07-24,46.43399810791016, 
01BH010,2004-08-24,46.32600021362305, 
01BH010,2004-09-24,46.54999923706055, 
01BH010,2004-10-24,46.525001525878906, 
01BH010,2004-11-24,46.31800079345703, 
01BH010,2004-12-24,46.49800109863281, 
01BH010,2005-01-24,46.52099990844727, 
01BH010,2005-02-24,46.4900016784668, 
01BH010,2005-03-24,46.62699890136719, 
01BH010,2005-04-24,46.72499847412109, 
01BH010,2005-05-24,47.20199966430664, 
01BH010,2005-06-24,46.57899856567383, 
01BH010,2005-07-24,46.30899810791016, 
01BH010,2005-08-24,46.28099822998047, 
01BH010,2005-09-24,46.32600021362305, 
01BH010,2005-10-24,46.555999755859375, 
01BH010,2005-11-24,47.47100067138672, 
01BH010,2005-12-24,46.48699951171875, 
01BH010,2006-01-24,46.98099899291992, 
01BH010,2006-02-24,46.6150016784668, 
01BH010,2006-03-24,46.31399917602539, 
01BH010,2006-04-24,47.17599868774414, 
01BH010,2006-05-24,47.10699844360352, 
01BH010,2006-06-24,46.56700134277344, 
01BH010,2006-07-24,46.36600112915039, 
01BH010,2006-08-24,46.24300003051758, 
01BH010,2006-09-24,46.2760009765625, 
01BH010,2006-10-24,46.96699905395508, 
01BH010,2006-11-24,46.74300003051758, 
01BH010,2006-12-24,46.45000076293945, 
01BH010,2007-01-24,47.30199813842773, 
01BH010,2007-02-24,46.68299865722656, 
01BH010,2007-03-24,46.935001373291016, 
01BH010,2007-04-24,, 
01BH010,2007-05-24,47.00600051879883, 
01BH010,2007-06-24,46.672000885009766, 
01BH010,2007-07-24,46.81499862670898, 
01BH010,2007-08-24,46.55500030517578, 
01BH010,2007-09-24,46.33399963378906, 
01BH010,2007-10-24,46.39500045776367, 
01BH010,2007-11-24,46.882999420166016, 
01BH010,2007-12-24,46.88199996948242, 
01BH010,2008-01-24,46.67100143432617, 
01BH010,2008-02-24,46.604000091552734, 
01BH010,2008-03-24,46.48600006103516, 
01BH010,2008-04-24,47.09199905395508, 
01BH010,2008-05-24,47.1619987487793, 
01BH010,2008-06-24,46.678001403808594, 
01BH010,2008-07-24,46.38199996948242, 
01BH010,2008-08-24,46.52199935913086, 
01BH010,2008-09-24,46.39300155639648, 
01BH010,2008-10-24,46.48099899291992, 
01BH010,2008-11-24,46.81399917602539, 
01BH010,2008-12-24,47.60200119018555, 
01BH010,2009-01-24,46.58000183105469, 
01BH010,2009-02-24,46.39500045776367, 
01BH010,2009-03-24,46.58000183105469, 
01BH010,2009-04-24,47.27799987792969, 
01BH010,2009-05-24,47.06900024414063, 
01BH010,2009-06-24,46.4630012512207, 
01BH010,2009-07-24,46.40700149536133, 
01BH010,2009-08-24,46.40999984741211, 
01BH010,2009-09-24,46.30699920654297, 
01BH010,2009-10-24,46.48400115966797, 
01BH010,2009-11-24,46.43199920654297, 
01BH010,2009-12-24,46.417999267578125, 
01BH010,2010-01-24,46.42599868774414, 
01BH010,2010-02-24,46.34000015258789, 
01BH010,2010-03-24,46.32400131225586, 
01BH010,2010-04-24,47.17100143432617, 
01BH010,2010-05-24,46.915000915527344, 
01BH010,2010-06-24,46.49300003051758, 
01BH010,2010-07-24,46.632999420166016, 
01BH010,2010-08-24,46.34400177001953, 
01BH010,2010-09-24,46.4640007019043, 
01BH010,2010-10-24,46.75699996948242, 
01BH010,2010-11-24,46.672000885009766, 
01BH010,2010-12-24,46.91299819946289, 
01BH010,2011-01-24,46.494998931884766, 
01BH010,2011-02-24,46.52899932861328, 
01BH010,2011-03-24,46.66999816894531, 
01BH010,2011-04-24,46.60900115966797, 
01BH010,2011-05-24,47.49100112915039, 
01BH010,2011-06-24,46.70100021362305, 
01BH010,2011-07-24,46.67699813842773, 
01BH010,2011-08-24,46.80799865722656, 
01BH010,2011-09-24,46.60699844360352, 
01BH010,2011-10-24,46.39099884033203, 
01BH010,2011-11-24,46.617000579833984, 
01BH010,2011-12-24,46.867000579833984, 
01BH010,2012-01-24,46.652000427246094, 
01BH010,2012-02-24,46.430999755859375, 
01BH010,2012-03-24,47.130001068115234, 
01BH010,2012-04-24,47.345001220703125, 
01BH010,2012-05-24,46.84600067138672, 
01BH010,2012-06-24,46.45000076293945, 
01BH010,2012-07-24,46.470001220703125, 
01BH010,2012-08-24,46.55500030517578, 
01BH010,2012-09-24,46.35900115966797, 
01BH010,2012-10-24,46.83300018310547, 
01BH010,2012-11-24,46.47800064086914, 
01BH010,2012-12-24,46.37300109863281, 
01BH010,2013-01-24,46.525001525878906, 
01BH010,2013-03-24,46.56800079345703, 
01BH010,2013-04-24,46.94499969482422, 
01BH010,2013-05-24,47.11199951171875, 
01BH010,2013-06-24,46.5009994506836, 
01BH010,2013-07-24,46.32600021362305, 
01BH010,2013-08-24,46.45299911499024, 
01BH010,2013-09-24,46.39300155639648, 
01BH010,2013-10-24,, 
01BH010,1991-08-25,46.38999938964844, 
01BH010,1991-09-25,46.310001373291016, 
01BH010,1991-10-25,46.7599983215332, 
01BH010,1991-11-25,46.650001525878906, 
01BH010,1991-12-25,, 
01BH010,1992-03-25,46.369998931884766, 
01BH010,1992-04-25,46.959999084472656, 
01BH010,1992-05-25,46.869998931884766, 
01BH010,1992-06-25,46.59000015258789, 
01BH010,1992-07-25,46.540000915527344, 
01BH010,1992-08-25,46.38999938964844, 
01BH010,1992-09-25,46.290000915527344, 
01BH010,1992-10-25,46.2400016784668, 
01BH010,1992-11-25,46.47999954223633, 
01BH010,1992-12-25,46.5099983215332, 
01BH010,1993-01-25,46.400001525878906, 
01BH010,1993-02-25,46.45000076293945, 
01BH010,1993-03-25,46.290000915527344, 
01BH010,1993-04-25,46.91999816894531, 
01BH010,1993-05-25,46.77000045776367, 
01BH010,1993-06-25,46.58000183105469, 
01BH010,1993-07-25,46.93000030517578, 
01BH010,1993-08-25,46.470001220703125, 
01BH010,1993-09-25,46.45000076293945, 
01BH010,1993-10-25,46.68999862670898, 
01BH010,1993-11-25,46.68000030517578, 
01BH010,1993-12-25,46.560001373291016, 
01BH010,1994-01-25,47.310001373291016, 
01BH010,1994-02-25,47.31999969482422, 
01BH010,1994-03-25,46.720001220703125, 
01BH010,1994-04-25,47.77000045776367, 
01BH010,1994-05-25,47.29999923706055, 
01BH010,1994-06-25,46.68000030517578, 
01BH010,1994-07-25,46.63999938964844, 
01BH010,1994-08-25,46.34999847412109, 
01BH010,1994-09-25,46.31999969482422, 
01BH010,1994-10-25,46.43999862670898, 
01BH010,1994-11-25,46.59000015258789, 
01BH010,1994-12-25,46.970001220703125, 
01BH010,1995-01-25,46.63999938964844, 
01BH010,1995-02-25,46.790000915527344, 
01BH010,1995-03-25,46.4900016784668, 
01BH010,1995-04-25,46.81999969482422, 
01BH010,1995-05-25,47.68999862670898, 
01BH010,1995-06-25,46.540000915527344, 
01BH010,1995-07-25,46.40999984741211, 
01BH010,1995-08-25,46.33000183105469, 
01BH010,1995-09-25,46.290000915527344, 
01BH010,1995-10-25,46.43999862670898, 
01BH010,1995-11-25,46.7400016784668, 
01BH010,1995-12-25,47.209999084472656, 
01BH010,1996-01-25,47.63999938964844, 
01BH010,1996-02-25,47.06999969482422, 
01BH010,1996-03-25,46.68999862670898, 
01BH010,1996-04-25,46.97999954223633, 
01BH010,1996-05-25,47.470001220703125, 
01BH010,1996-06-25,46.52999877929688, 
01BH010,1996-07-25,47.040000915527344, 
01BH010,1996-08-25,46.380001068115234, 
01BH010,1996-09-25,46.27999877929688, 
01BH010,1996-10-25,46.25, 
01BH010,1996-11-25,46.40999984741211, 
01BH010,1996-12-25,46.56999969482422, 
01BH010,1997-01-25,46.869998931884766, 
01BH010,1997-02-25,46.43999862670898, 
01BH010,1997-03-25,46.34000015258789, 
01BH010,1997-04-25,46.54999923706055, 
01BH010,1997-05-25,47.13999938964844, 
01BH010,1997-06-25,46.71699905395508, 
01BH010,1997-07-25,46.41899871826172, 
01BH010,1997-08-25,46.31900024414063, 
01BH010,1997-09-25,46.28499984741211, 
01BH010,1997-10-25,46.26499938964844, 
01BH010,1997-11-25,46.42599868774414, 
01BH010,1997-12-25,46.43899917602539, 
01BH010,1998-01-25,46.40299987792969, 
01BH010,1998-02-25,46.305999755859375, 
01BH010,1998-03-25,46.42100143432617, 
01BH010,1998-04-25,46.90999984741211, 
01BH010,1998-05-25,46.88600158691406, 
01BH010,1998-06-25,46.54199981689453, 
01BH010,1998-07-25,46.64899826049805, 
01BH010,1998-08-25,46.40700149536133, 
01BH010,1998-09-25,46.52299880981445, 
01BH010,1998-10-25,46.4900016784668, 
01BH010,1998-11-25,46.50600051879883, 
01BH010,1998-12-25,46.29199981689453, 
01BH010,1999-01-25,46.630001068115234, 
01BH010,1999-02-25,46.37099838256836, 
01BH010,1999-03-25,46.39699935913086, 
01BH010,1999-04-25,46.81800079345703, 
01BH010,1999-05-25,46.96200180053711, 
01BH010,1999-06-25,46.41899871826172, 
01BH010,1999-07-25,46.27000045776367, 
01BH010,1999-08-25,46.266998291015625, 
01BH010,1999-09-25,46.98699951171875, 
01BH010,1999-10-25,46.8489990234375, 
01BH010,1999-11-25,46.555999755859375, 
01BH010,1999-12-25,48.27799987792969, 
01BH010,2000-01-25,46.56499862670898, 
01BH010,2000-02-25,46.3129997253418, 
01BH010,2000-03-25,46.41999816894531, 
01BH010,2000-04-25,46.70899963378906, 
01BH010,2000-05-25,47.32699966430664, 
01BH010,2000-06-25,46.48400115966797, 
01BH010,2000-07-25,46.44300079345703, 
01BH010,2000-08-25,46.40299987792969, 
01BH010,2000-09-25,46.31700134277344, 
01BH010,2000-10-25,46.32099914550781, 
01BH010,2000-11-25,46.6259994506836, 
01BH010,2000-12-25,46.98500061035156, 
01BH010,2001-01-25,46.5359992980957, 
01BH010,2001-02-25,46.36399841308594, 
01BH010,2001-03-25,46.380001068115234, 
01BH010,2001-04-25,46.80199813842773, 
01BH010,2001-05-25,46.87900161743164, 
01BH010,2001-06-25,46.470001220703125, 
01BH010,2001-07-25,46.430999755859375, 
01BH010,2001-08-25,46.29199981689453, 
01BH010,2001-09-25,46.3129997253418, 
01BH010,2001-10-25,46.48699951171875, 
01BH010,2001-11-25,46.41400146484375, 
01BH010,2001-12-25,46.37699890136719, 
01BH010,2002-01-25,46.5880012512207, 
01BH010,2002-02-25,46.29499816894531, 
01BH010,2002-03-25,46.595001220703125, 
01BH010,2002-04-25,46.608001708984375, 
01BH010,2002-05-25,47.13199996948242, 
01BH010,2002-06-25,46.57899856567383, 
01BH010,2002-07-25,46.45899963378906, 
01BH010,2002-08-25,46.428001403808594, 
01BH010,2002-09-25,46.36800003051758, 
01BH010,2002-10-25,46.3120002746582, 
01BH010,2002-11-25,46.4010009765625, 
01BH010,2002-12-25,46.5, 
01BH010,2003-01-25,46.75199890136719, 
01BH010,2003-02-25,46.33000183105469, 
01BH010,2003-03-25,46.37300109863281, 
01BH010,2003-04-25,46.9739990234375, 
01BH010,2003-05-25,47.11800003051758, 
01BH010,2003-06-25,46.49100112915039, 
01BH010,2003-07-25,46.41299819946289, 
01BH010,2003-08-25,46.39699935913086, 
01BH010,2003-09-25,46.262001037597656, 
01BH010,2003-10-25,46.345001220703125, 
01BH010,2003-11-25,46.86800003051758, 
01BH010,2003-12-25,46.59199905395508, 
01BH010,2004-01-25,46.935001373291016, 
01BH010,2004-02-25,46.417999267578125, 
01BH010,2004-03-25,46.35599899291992, 
01BH010,2004-04-25,46.790000915527344, 
01BH010,2004-05-25,46.90900039672852, 
01BH010,2004-06-25,46.44900131225586, 
01BH010,2004-07-25,46.41699981689453, 
01BH010,2004-08-25,46.32699966430664, 
01BH010,2004-09-25,46.53300094604492, 
01BH010,2004-10-25,46.51599884033203, 
01BH010,2004-11-25,46.35900115966797, 
01BH010,2004-12-25,46.58000183105469, 
01BH010,2005-01-25,46.50400161743164, 
01BH010,2005-02-25,46.48099899291992, 
01BH010,2005-03-25,46.54399871826172, 
01BH010,2005-04-25,46.97600173950195, 
01BH010,2005-05-25,47.15999984741211, 
01BH010,2005-06-25,46.56499862670898, 
01BH010,2005-07-25,46.303001403808594, 
01BH010,2005-08-25,46.27899932861328, 
01BH010,2005-09-25,46.32400131225586, 
01BH010,2005-10-25,46.54199981689453, 
01BH010,2005-11-25,47.3129997253418, 
01BH010,2005-12-25,46.512001037597656, 
01BH010,2006-01-25,46.92900085449219, 
01BH010,2006-02-25,46.59199905395508, 
01BH010,2006-03-25,46.29899978637695, 
01BH010,2006-04-25,47.31100082397461, 
01BH010,2006-05-25,47.03400039672852, 
01BH010,2006-06-25,46.547000885009766, 
01BH010,2006-07-25,46.36800003051758, 
01BH010,2006-08-25,46.242000579833984, 
01BH010,2006-09-25,46.35200119018555, 
01BH010,2006-10-25,47.04100036621094, 
01BH010,2006-11-25,46.709999084472656, 
01BH010,2006-12-25,46.46200180053711, 
01BH010,2007-01-25,47.19599914550781, 
01BH010,2007-02-25,46.65499877929688, 
01BH010,2007-03-25,46.89500045776367, 
01BH010,2007-04-25,47.0260009765625, 
01BH010,2007-05-25,47.06900024414063, 
01BH010,2007-06-25,46.68399810791016, 
01BH010,2007-07-25,46.76100158691406, 
01BH010,2007-08-25,46.54199981689453, 
01BH010,2007-09-25,46.34799957275391, 
01BH010,2007-10-25,46.391998291015625, 
01BH010,2007-11-25,46.810001373291016, 
01BH010,2007-12-25,46.86100006103516, 
01BH010,2008-01-25,46.6510009765625, 
01BH010,2008-02-25,46.56100082397461, 
01BH010,2008-03-25,46.50600051879883, 
01BH010,2008-04-25,47.04100036621094, 
01BH010,2008-05-25,47.10300064086914, 
01BH010,2008-06-25,46.72600173950195, 
01BH010,2008-07-25,46.38600158691406, 
01BH010,2008-08-25,46.50600051879883, 
01BH010,2008-09-25,46.38800048828125, 
01BH010,2008-10-25,46.470001220703125, 
01BH010,2008-11-25,46.7509994506836, 
01BH010,2008-12-25,47.59600067138672, 
01BH010,2009-01-25,46.553001403808594, 
01BH010,2009-02-25,46.402000427246094, 
01BH010,2009-03-25,, 
01BH010,2009-04-25,47.38999938964844, 
01BH010,2009-05-25,47.02000045776367, 
01BH010,2009-06-25,46.45700073242188, 
01BH010,2009-07-25,46.422000885009766, 
01BH010,2009-08-25,46.39099884033203, 
01BH010,2009-09-25,46.29899978637695, 
01BH010,2009-10-25,46.50600051879883, 
01BH010,2009-11-25,46.44100189208984, 
01BH010,2009-12-25,46.400001525878906, 
01BH010,2010-01-25,46.435001373291016, 
01BH010,2010-02-25,46.33700180053711, 
01BH010,2010-03-25,46.30699920654297, 
01BH010,2010-04-25,47.18899917602539, 
01BH010,2010-05-25,46.92900085449219, 
01BH010,2010-06-25,46.527000427246094, 
01BH010,2010-07-25,46.62699890136719, 
01BH010,2010-08-25,46.334999084472656, 
01BH010,2010-09-25,46.47999954223633, 
01BH010,2010-10-25,46.75, 
01BH010,2010-11-25,46.65499877929688, 
01BH010,2010-12-25,46.858001708984375, 
01BH010,2011-01-25,46.61899948120117, 
01BH010,2011-02-25,, 
01BH010,2011-03-25,46.59400177001953, 
01BH010,2011-04-25,46.680999755859375, 
01BH010,2011-05-25,47.53499984741211, 
01BH010,2011-06-25,46.678001403808594, 
01BH010,2011-07-25,46.61899948120117, 
01BH010,2011-08-25,46.77399826049805, 
01BH010,2011-09-25,46.584999084472656, 
01BH010,2011-10-25,46.39500045776367, 
01BH010,2011-11-25,46.604000091552734, 
01BH010,2011-12-25,46.76300048828125, 
01BH010,2012-01-25,46.64500045776367, 
01BH010,2012-02-25,46.48799896240234, 
01BH010,2012-03-25,47.03300094604492, 
01BH010,2012-04-25,47.80699920654297, 
01BH010,2012-05-25,46.79999923706055, 
01BH010,2012-06-25,46.46500015258789, 
01BH010,2012-07-25,46.48500061035156, 
01BH010,2012-08-25,46.53200149536133, 
01BH010,2012-09-25,46.34799957275391, 
01BH010,2012-10-25,46.79499816894531, 
01BH010,2012-11-25,46.47600173950195, 
01BH010,2012-12-25,46.34400177001953, 
01BH010,2013-01-25,46.5260009765625, 
01BH010,2013-03-25,46.55099868774414, 
01BH010,2013-04-25,47.14500045776367, 
01BH010,2013-05-25,47.36199951171875, 
01BH010,2013-06-25,46.48899841308594, 
01BH010,2013-07-25,46.31399917602539, 
01BH010,2013-08-25,46.43600082397461, 
01BH010,2013-09-25,46.40599822998047, 
01BH010,2013-10-25,, 
01BH010,1991-08-26,46.38999938964844, 
01BH010,1991-09-26,46.43000030517578, 
01BH010,1991-10-26,46.7400016784668, 
01BH010,1991-11-26,46.65999984741211, 
01BH010,1991-12-26,, 
01BH010,1992-03-26,46.36000061035156, 
01BH010,1992-04-26,46.900001525878906, 
01BH010,1992-05-26,46.81999969482422, 
01BH010,1992-06-26,46.61000061035156, 
01BH010,1992-07-26,46.52999877929688, 
01BH010,1992-08-26,46.380001068115234, 
01BH010,1992-09-26,46.27999877929688, 
01BH010,1992-10-26,46.27000045776367, 
01BH010,1992-11-26,46.43000030517578, 
01BH010,1992-12-26,46.5, 
01BH010,1993-01-26,46.43000030517578, 
01BH010,1993-02-26,46.959999084472656, 
01BH010,1993-03-26,46.33000183105469, 
01BH010,1993-04-26,46.900001525878906, 
01BH010,1993-05-26,46.75, 
01BH010,1993-06-26,46.54999923706055, 
01BH010,1993-07-26,46.880001068115234, 
01BH010,1993-08-26,46.5, 
01BH010,1993-09-26,46.43999862670898, 
01BH010,1993-10-26,46.68999862670898, 
01BH010,1993-11-26,46.54999923706055, 
01BH010,1993-12-26,46.66999816894531, 
01BH010,1994-01-26,47.310001373291016, 
01BH010,1994-02-26,47.31999969482422, 
01BH010,1994-03-26,46.31999969482422, 
01BH010,1994-04-26,47.04999923706055, 
01BH010,1994-05-26,47.25, 
01BH010,1994-06-26,46.650001525878906, 
01BH010,1994-07-26,46.650001525878906, 
01BH010,1994-08-26,46.34000015258789, 
01BH010,1994-09-26,46.31999969482422, 
01BH010,1994-10-26,46.41999816894531, 
01BH010,1994-11-26,46.560001373291016, 
01BH010,1994-12-26,46.95000076293945, 
01BH010,1995-01-26,46.88999938964844, 
01BH010,1995-02-26,46.43000030517578, 
01BH010,1995-03-26,46.41999816894531, 
01BH010,1995-04-26,46.84000015258789, 
01BH010,1995-05-26,47.63999938964844, 
01BH010,1995-06-26,46.52999877929688, 
01BH010,1995-07-26,46.40999984741211, 
01BH010,1995-08-26,46.38999938964844, 
01BH010,1995-09-26,46.290000915527344, 
01BH010,1995-10-26,46.43999862670898, 
01BH010,1995-11-26,46.68999862670898, 
01BH010,1995-12-26,47.060001373291016, 
01BH010,1996-01-26,47.720001220703125, 
01BH010,1996-02-26,47.040000915527344, 
01BH010,1996-03-26,46.630001068115234, 
01BH010,1996-04-26,47.02000045776367, 
01BH010,1996-05-26,47.33000183105469, 
01BH010,1996-06-26,46.54999923706055, 
01BH010,1996-07-26,47.02000045776367, 
01BH010,1996-08-26,46.38999938964844, 
01BH010,1996-09-26,46.27999877929688, 
01BH010,1996-10-26,46.2599983215332, 
01BH010,1996-11-26,47.08000183105469, 
01BH010,1996-12-26,46.58000183105469, 
01BH010,1997-01-26,46.84000015258789, 
01BH010,1997-02-26,46.58000183105469, 
01BH010,1997-03-26,46.34000015258789, 
01BH010,1997-04-26,46.54999923706055, 
01BH010,1997-05-26,47.220001220703125, 
01BH010,1997-06-26,46.69300079345703, 
01BH010,1997-07-26,46.40999984741211, 
01BH010,1997-08-26,46.31399917602539, 
01BH010,1997-09-26,46.28499984741211, 
01BH010,1997-10-26,46.27899932861328, 
01BH010,1997-11-26,46.82899856567383, 
01BH010,1997-12-26,46.40299987792969, 
01BH010,1998-01-26,46.49800109863281, 
01BH010,1998-02-26,46.38899993896485, 
01BH010,1998-03-26,46.39099884033203, 
01BH010,1998-04-26,46.89699935913086, 
01BH010,1998-05-26,46.86299896240234, 
01BH010,1998-06-26,46.5369987487793, 
01BH010,1998-07-26,46.62699890136719, 
01BH010,1998-08-26,46.40999984741211, 
01BH010,1998-09-26,46.51499938964844, 
01BH010,1998-10-26,46.48500061035156, 
01BH010,1998-11-26,46.45399856567383, 
01BH010,1998-12-26,, 
01BH010,1999-01-26,46.777000427246094, 
01BH010,1999-02-26,46.38800048828125, 
01BH010,1999-03-26,46.39300155639648, 
01BH010,1999-04-26,46.78300094604492, 
01BH010,1999-05-26,46.96599960327149, 
01BH010,1999-06-26,46.40900039672852, 
01BH010,1999-07-26,46.26499938964844, 
01BH010,1999-08-26,46.26100158691406, 
01BH010,1999-09-26,46.93399810791016, 
01BH010,1999-10-26,46.82400131225586, 
01BH010,1999-11-26,46.5620002746582, 
01BH010,1999-12-26,49.12300109863281, 
01BH010,2000-01-26,46.59299850463867, 
01BH010,2000-02-26,46.310001373291016, 
01BH010,2000-03-26,46.33200073242188, 
01BH010,2000-04-26,46.6879997253418, 
01BH010,2000-05-26,47.32600021362305, 
01BH010,2000-06-26,46.47299957275391, 
01BH010,2000-07-26,46.448001861572266, 
01BH010,2000-08-26,46.39500045776367, 
01BH010,2000-09-26,46.3129997253418, 
01BH010,2000-10-26,46.32899856567383, 
01BH010,2000-11-26,46.61000061035156, 
01BH010,2000-12-26,46.922000885009766, 
01BH010,2001-01-26,46.52099990844727, 
01BH010,2001-02-26,46.33700180053711, 
01BH010,2001-03-26,46.3849983215332, 
01BH010,2001-04-26,46.87900161743164, 
01BH010,2001-05-26,46.84199905395508, 
01BH010,2001-06-26,46.45199966430664, 
01BH010,2001-07-26,46.41899871826172, 
01BH010,2001-08-26,46.27999877929688, 
01BH010,2001-09-26,46.334999084472656, 
01BH010,2001-10-26,46.53200149536133, 
01BH010,2001-11-26,46.41400146484375, 
01BH010,2001-12-26,46.38399887084961, 
01BH010,2002-01-26,46.58300018310547, 
01BH010,2002-02-26,46.29899978637695, 
01BH010,2002-03-26,46.57600021362305, 
01BH010,2002-04-26,46.64400100708008, 
01BH010,2002-05-26,47.06499862670898, 
01BH010,2002-06-26,46.56100082397461, 
01BH010,2002-07-26,46.44200134277344, 
01BH010,2002-08-26,46.428001403808594, 
01BH010,2002-09-26,46.358001708984375, 
01BH010,2002-10-26,46.30699920654297, 
01BH010,2002-11-26,46.400001525878906, 
01BH010,2002-12-26,46.47800064086914, 
01BH010,2003-01-26,, 
01BH010,2003-02-26,46.323001861572266, 
01BH010,2003-03-26,46.40900039672852, 
01BH010,2003-04-26,47.00699996948242, 
01BH010,2003-05-26,47.06100082397461, 
01BH010,2003-06-26,46.48099899291992, 
01BH010,2003-07-26,46.40999984741211, 
01BH010,2003-08-26,46.3849983215332, 
01BH010,2003-09-26,46.26100158691406, 
01BH010,2003-10-26,46.34199905395508, 
01BH010,2003-11-26,46.8120002746582, 
01BH010,2003-12-26,46.66299819946289, 
01BH010,2004-01-26,46.9119987487793, 
01BH010,2004-02-26,46.40999984741211, 
01BH010,2004-03-26,46.3650016784668, 
01BH010,2004-04-26,46.75299835205078, 
01BH010,2004-05-26,46.845001220703125, 
01BH010,2004-06-26,46.4379997253418, 
01BH010,2004-07-26,46.39799880981445, 
01BH010,2004-08-26,46.33700180053711, 
01BH010,2004-09-26,46.516998291015625, 
01BH010,2004-10-26,46.50899887084961, 
01BH010,2004-11-26,46.40999984741211, 
01BH010,2004-12-26,46.58300018310547, 
01BH010,2005-01-26,46.54999923706055, 
01BH010,2005-02-26,46.44599914550781, 
01BH010,2005-03-26,46.5009994506836, 
01BH010,2005-04-26,47.54600143432617, 
01BH010,2005-05-26,47.1150016784668, 
01BH010,2005-06-26,46.54800033569336, 
01BH010,2005-07-26,46.30099868774414, 
01BH010,2005-08-26,46.26800155639648, 
01BH010,2005-09-26,46.32400131225586, 
01BH010,2005-10-26,46.55400085449219, 
01BH010,2005-11-26,47.141998291015625, 
01BH010,2005-12-26,46.5260009765625, 
01BH010,2006-01-26,46.81999969482422, 
01BH010,2006-02-26,46.58000183105469, 
01BH010,2006-03-26,46.290000915527344, 
01BH010,2006-04-26,47.37900161743164, 
01BH010,2006-05-26,46.97299957275391, 
01BH010,2006-06-26,46.53300094604492, 
01BH010,2006-07-26,46.39300155639648, 
01BH010,2006-08-26,46.23799896240234, 
01BH010,2006-09-26,46.380001068115234, 
01BH010,2006-10-26,47.04499816894531, 
01BH010,2006-11-26,46.67900085449219, 
01BH010,2006-12-26,46.42499923706055, 
01BH010,2007-01-26,47.11299896240234, 
01BH010,2007-02-26,46.637001037597656, 
01BH010,2007-03-26,46.83100128173828, 
01BH010,2007-04-26,46.94499969482422, 
01BH010,2007-05-26,47.229000091552734, 
01BH010,2007-06-26,46.67699813842773, 
01BH010,2007-07-26,46.72499847412109, 
01BH010,2007-08-26,46.53099822998047, 
01BH010,2007-09-26,46.3390007019043, 
01BH010,2007-10-26,46.387001037597656, 
01BH010,2007-11-26,46.80099868774414, 
01BH010,2007-12-26,46.8390007019043, 
01BH010,2008-01-26,46.63899993896485, 
01BH010,2008-02-26,46.5359992980957, 
01BH010,2008-03-26,46.48799896240234, 
01BH010,2008-04-26,47.03200149536133, 
01BH010,2008-05-26,47.05799865722656, 
01BH010,2008-06-26,46.73199844360352, 
01BH010,2008-07-26,46.38999938964844, 
01BH010,2008-08-26,46.494998931884766, 
01BH010,2008-09-26,46.382999420166016, 
01BH010,2008-10-26,46.46200180053711, 
01BH010,2008-11-26,46.762001037597656, 
01BH010,2008-12-26,47.25299835205078, 
01BH010,2009-01-26,46.53099822998047, 
01BH010,2009-02-26,46.43199920654297, 
01BH010,2009-03-26,46.5890007019043, 
01BH010,2009-04-26,47.70800018310547, 
01BH010,2009-05-26,46.970001220703125, 
01BH010,2009-06-26,46.553001403808594, 
01BH010,2009-07-26,46.48099899291992, 
01BH010,2009-08-26,46.38199996948242, 
01BH010,2009-09-26,46.290000915527344, 
01BH010,2009-10-26,46.54100036621094, 
01BH010,2009-11-26,46.46200180053711, 
01BH010,2009-12-26,46.38600158691406, 
01BH010,2010-01-26,, 
01BH010,2010-02-26,, 
01BH010,2010-03-26,46.29600143432617, 
01BH010,2010-04-26,47.1879997253418, 
01BH010,2010-05-26,46.90800094604492, 
01BH010,2010-06-26,46.5, 
01BH010,2010-07-26,46.61800003051758, 
01BH010,2010-08-26,46.3390007019043, 
01BH010,2010-09-26,46.49300003051758, 
01BH010,2010-10-26,46.74700164794922, 
01BH010,2010-11-26,46.632999420166016, 
01BH010,2010-12-26,46.82099914550781, 
01BH010,2011-01-26,46.729000091552734, 
01BH010,2011-02-26,46.50199890136719, 
01BH010,2011-03-26,, 
01BH010,2011-04-26,, 
01BH010,2011-05-26,47.50299835205078, 
01BH010,2011-06-26,46.66699981689453, 
01BH010,2011-07-26,46.59299850463867, 
01BH010,2011-08-26,46.7509994506836, 
01BH010,2011-09-26,46.56399917602539, 
01BH010,2011-10-26,46.42399978637695, 
01BH010,2011-11-26,46.58599853515625, 
01BH010,2011-12-26,46.77799987792969, 
01BH010,2012-01-26,, 
01BH010,2012-02-26,, 
01BH010,2012-03-26,46.95700073242188, 
01BH010,2012-04-26,47.64400100708008, 
01BH010,2012-05-26,46.76800155639648, 
01BH010,2012-06-26,46.44900131225586, 
01BH010,2012-07-26,46.46799850463867, 
01BH010,2012-08-26,46.50899887084961, 
01BH010,2012-09-26,46.3390007019043, 
01BH010,2012-10-26,46.76300048828125, 
01BH010,2012-11-26,46.46500015258789, 
01BH010,2012-12-26,, 
01BH010,2013-01-26,, 
01BH010,2013-03-26,46.53300094604492, 
01BH010,2013-04-26,47.35599899291992, 
01BH010,2013-05-26,47.749000549316406, 
01BH010,2013-06-26,46.47999954223633, 
01BH010,2013-07-26,46.31999969482422, 
01BH010,2013-08-26,46.42499923706055, 
01BH010,2013-09-26,46.41699981689453, 
01BH010,2013-10-26,, 
01BH010,1991-08-27,46.380001068115234, 
01BH010,1991-09-27,46.59000015258789, 
01BH010,1991-10-27,46.709999084472656, 
01BH010,1991-11-27,46.65999984741211, 
01BH010,1991-12-27,, 
01BH010,1992-03-27,46.36000061035156, 
01BH010,1992-04-27,46.86000061035156, 
01BH010,1992-05-27,46.77999877929688, 
01BH010,1992-06-27,46.619998931884766, 
01BH010,1992-07-27,46.52000045776367, 
01BH010,1992-08-27,46.380001068115234, 
01BH010,1992-09-27,46.27000045776367, 
01BH010,1992-10-27,46.31999969482422, 
01BH010,1992-11-27,46.400001525878906, 
01BH010,1992-12-27,46.4900016784668, 
01BH010,1993-01-27,46.38999938964844, 
01BH010,1993-02-27,46.81999969482422, 
01BH010,1993-03-27,46.33000183105469, 
01BH010,1993-04-27,46.91999816894531, 
01BH010,1993-05-27,46.77000045776367, 
01BH010,1993-06-27,46.54999923706055, 
01BH010,1993-07-27,46.81999969482422, 
01BH010,1993-08-27,46.47999954223633, 
01BH010,1993-09-27,46.43000030517578, 
01BH010,1993-10-27,46.66999816894531, 
01BH010,1993-11-27,46.540000915527344, 
01BH010,1993-12-27,46.77000045776367, 
01BH010,1994-01-27,47.310001373291016, 
01BH010,1994-02-27,47.31999969482422, 
01BH010,1994-03-27,46.43999862670898, 
01BH010,1994-04-27,46.709999084472656, 
01BH010,1994-05-27,47.22999954223633, 
01BH010,1994-06-27,46.63999938964844, 
01BH010,1994-07-27,46.63999938964844, 
01BH010,1994-08-27,46.33000183105469, 
01BH010,1994-09-27,46.310001373291016, 
01BH010,1994-10-27,46.40999984741211, 
01BH010,1994-11-27,46.52000045776367, 
01BH010,1994-12-27,46.88999938964844, 
01BH010,1995-01-27,48.95000076293945, 
01BH010,1995-02-27,46.41999816894531, 
01BH010,1995-03-27,46.43000030517578, 
01BH010,1995-04-27,46.84000015258789, 
01BH010,1995-05-27,47.56999969482422, 
01BH010,1995-06-27,46.5099983215332, 
01BH010,1995-07-27,46.40999984741211, 
01BH010,1995-08-27,46.34999847412109, 
01BH010,1995-09-27,46.27999877929688, 
01BH010,1995-10-27,46.43999862670898, 
01BH010,1995-11-27,46.70000076293945, 
01BH010,1995-12-27,46.970001220703125, 
01BH010,1996-01-27,47.790000915527344, 
01BH010,1996-02-27,47.040000915527344, 
01BH010,1996-03-27,46.470001220703125, 
01BH010,1996-04-27,47.0, 
01BH010,1996-05-27,47.22999954223633, 
01BH010,1996-06-27,46.709999084472656, 
01BH010,1996-07-27,46.95000076293945, 
01BH010,1996-08-27,46.38999938964844, 
01BH010,1996-09-27,46.27000045776367, 
01BH010,1996-10-27,46.2599983215332, 
01BH010,1996-11-27,47.25, 
01BH010,1996-12-27,47.40999984741211, 
01BH010,1997-01-27,46.790000915527344, 
01BH010,1997-02-27,46.43999862670898, 
01BH010,1997-03-27,46.34000015258789, 
01BH010,1997-04-27,46.52000045776367, 
01BH010,1997-05-27,47.290000915527344, 
01BH010,1997-06-27,46.66999816894531, 
01BH010,1997-07-27,46.40800094604492, 
01BH010,1997-08-27,46.31499862670898, 
01BH010,1997-09-27,46.27899932861328, 
01BH010,1997-10-27,46.27199935913086, 
01BH010,1997-11-27,46.75400161743164, 
01BH010,1997-12-27,46.402000427246094, 
01BH010,1998-01-27,46.43000030517578, 
01BH010,1998-02-27,46.50299835205078, 
01BH010,1998-03-27,46.38399887084961, 
01BH010,1998-04-27,46.900001525878906, 
01BH010,1998-05-27,46.90900039672852, 
01BH010,1998-06-27,46.52099990844727, 
01BH010,1998-07-27,46.60300064086914, 
01BH010,1998-08-27,46.4119987487793, 
01BH010,1998-09-27,46.51399993896485, 
01BH010,1998-10-27,46.47100067138672, 
01BH010,1998-11-27,46.49100112915039, 
01BH010,1998-12-27,46.92900085449219, 
01BH010,1999-01-27,, 
01BH010,1999-02-27,46.38199996948242, 
01BH010,1999-03-27,46.38899993896485, 
01BH010,1999-04-27,46.76499938964844, 
01BH010,1999-05-27,46.93999862670898, 
01BH010,1999-06-27,46.39599990844727, 
01BH010,1999-07-27,46.26800155639648, 
01BH010,1999-08-27,46.25699996948242, 
01BH010,1999-09-27,46.87300109863281, 
01BH010,1999-10-27,46.80899810791016, 
01BH010,1999-11-27,46.595001220703125, 
01BH010,1999-12-27,48.20500183105469, 
01BH010,2000-01-27,46.61299896240234, 
01BH010,2000-02-27,46.31800079345703, 
01BH010,2000-03-27,46.32500076293945, 
01BH010,2000-04-27,46.71200180053711, 
01BH010,2000-05-27,47.27799987792969, 
01BH010,2000-06-27,46.46599960327149, 
01BH010,2000-07-27,46.44900131225586, 
01BH010,2000-08-27,46.38800048828125, 
01BH010,2000-09-27,46.30699920654297, 
01BH010,2000-10-27,46.32699966430664, 
01BH010,2000-11-27,46.625, 
01BH010,2000-12-27,46.9640007019043, 
01BH010,2001-01-27,46.492000579833984, 
01BH010,2001-02-27,46.33200073242188, 
01BH010,2001-03-27,46.51399993896485, 
01BH010,2001-04-27,46.85599899291992, 
01BH010,2001-05-27,46.80799865722656, 
01BH010,2001-06-27,46.4379997253418, 
01BH010,2001-07-27,46.4010009765625, 
01BH010,2001-08-27,46.277000427246094, 
01BH010,2001-09-27,46.34400177001953, 
01BH010,2001-10-27,46.56499862670898, 
01BH010,2001-11-27,46.41699981689453, 
01BH010,2001-12-27,46.36100006103516, 
01BH010,2002-01-27,46.573001861572266, 
01BH010,2002-02-27,46.34999847412109, 
01BH010,2002-03-27,46.54199981689453, 
01BH010,2002-04-27,46.63600158691406, 
01BH010,2002-05-27,46.98699951171875, 
01BH010,2002-06-27,46.58200073242188, 
01BH010,2002-07-27,46.43000030517578, 
01BH010,2002-08-27,46.40999984741211, 
01BH010,2002-09-27,46.35200119018555, 
01BH010,2002-10-27,46.3129997253418, 
01BH010,2002-11-27,46.36899948120117, 
01BH010,2002-12-27,46.47299957275391, 
01BH010,2003-01-27,46.70199966430664, 
01BH010,2003-02-27,46.32400131225586, 
01BH010,2003-03-27,46.39899826049805, 
01BH010,2003-04-27,47.09799957275391, 
01BH010,2003-05-27,47.01599884033203, 
01BH010,2003-06-27,46.470001220703125, 
01BH010,2003-07-27,46.40800094604492, 
01BH010,2003-08-27,46.37699890136719, 
01BH010,2003-09-27,46.266998291015625, 
01BH010,2003-10-27,46.391998291015625, 
01BH010,2003-11-27,46.76100158691406, 
01BH010,2003-12-27,46.72100067138672, 
01BH010,2004-01-27,, 
01BH010,2004-02-27,46.4010009765625, 
01BH010,2004-03-27,46.4640007019043, 
01BH010,2004-04-27,46.72499847412109, 
01BH010,2004-05-27,46.81700134277344, 
01BH010,2004-06-27,46.430999755859375, 
01BH010,2004-07-27,46.387001037597656, 
01BH010,2004-08-27,46.31999969482422, 
01BH010,2004-09-27,46.49800109863281, 
01BH010,2004-10-27,46.49700164794922, 
01BH010,2004-11-27,46.44599914550781, 
01BH010,2004-12-27,46.65299987792969, 
01BH010,2005-01-27,46.571998596191406, 
01BH010,2005-02-27,46.41899871826172, 
01BH010,2005-03-27,46.42399978637695, 
01BH010,2005-04-27,47.43999862670898, 
01BH010,2005-05-27,47.07500076293945, 
01BH010,2005-06-27,46.52999877929688, 
01BH010,2005-07-27,46.30199813842773, 
01BH010,2005-08-27,46.25699996948242, 
01BH010,2005-09-27,46.374000549316406, 
01BH010,2005-10-27,46.56900024414063, 
01BH010,2005-11-27,47.02000045776367, 
01BH010,2005-12-27,46.47200012207031, 
01BH010,2006-01-27,46.76900100708008, 
01BH010,2006-02-27,46.55099868774414, 
01BH010,2006-03-27,46.28099822998047, 
01BH010,2006-04-27,47.28499984741211, 
01BH010,2006-05-27,47.0629997253418, 
01BH010,2006-06-27,46.540000915527344, 
01BH010,2006-07-27,46.39599990844727, 
01BH010,2006-08-27,46.23699951171875, 
01BH010,2006-09-27,46.35100173950195, 
01BH010,2006-10-27,46.98099899291992, 
01BH010,2006-11-27,46.65499877929688, 
01BH010,2006-12-27,46.40800094604492, 
01BH010,2007-01-27,47.01399993896485, 
01BH010,2007-02-27,46.619998931884766, 
01BH010,2007-03-27,46.7140007019043, 
01BH010,2007-04-27,46.891998291015625, 
01BH010,2007-05-27,47.26599884033203, 
01BH010,2007-06-27,46.65999984741211, 
01BH010,2007-07-27,46.678001403808594, 
01BH010,2007-08-27,46.51499938964844, 
01BH010,2007-09-27,46.3390007019043, 
01BH010,2007-10-27,46.38999938964844, 
01BH010,2007-11-27,46.766998291015625, 
01BH010,2007-12-27,46.78400039672852, 
01BH010,2008-01-27,46.61399841308594, 
01BH010,2008-02-27,46.52000045776367, 
01BH010,2008-03-27,46.470001220703125, 
01BH010,2008-04-27,47.06999969482422, 
01BH010,2008-05-27,47.04100036621094, 
01BH010,2008-06-27,46.72200012207031, 
01BH010,2008-07-27,46.380001068115234, 
01BH010,2008-08-27,46.48400115966797, 
01BH010,2008-09-27,46.38100051879883, 
01BH010,2008-10-27,46.46500015258789, 
01BH010,2008-11-27,46.72200012207031, 
01BH010,2008-12-27,47.28099822998047, 
01BH010,2009-01-27,46.51300048828125, 
01BH010,2009-02-27,46.45500183105469, 
01BH010,2009-03-27,, 
01BH010,2009-04-27,47.63800048828125, 
01BH010,2009-05-27,46.915000915527344, 
01BH010,2009-06-27,46.69300079345703, 
01BH010,2009-07-27,46.4739990234375, 
01BH010,2009-08-27,46.37300109863281, 
01BH010,2009-09-27,46.28400039672852, 
01BH010,2009-10-27,46.52000045776367, 
01BH010,2009-11-27,46.45299911499024, 
01BH010,2009-12-27,46.37200164794922, 
01BH010,2010-01-27,46.53300094604492, 
01BH010,2010-02-27,46.33300018310547, 
01BH010,2010-03-27,, 
01BH010,2010-04-27,47.13800048828125, 
01BH010,2010-05-27,46.85100173950195, 
01BH010,2010-06-27,46.47600173950195, 
01BH010,2010-07-27,46.58200073242188, 
01BH010,2010-08-27,46.33700180053711, 
01BH010,2010-09-27,46.47100067138672, 
01BH010,2010-10-27,46.74700164794922, 
01BH010,2010-11-27,46.61100006103516, 
01BH010,2010-12-27,46.79600143432617, 
01BH010,2011-01-27,46.73500061035156, 
01BH010,2011-02-27,46.512001037597656, 
01BH010,2011-03-27,46.45700073242188, 
01BH010,2011-04-27,46.87699890136719, 
01BH010,2011-05-27,47.46799850463867, 
01BH010,2011-06-27,46.67499923706055, 
01BH010,2011-07-27,46.58300018310547, 
01BH010,2011-08-27,46.7239990234375, 
01BH010,2011-09-27,46.54399871826172, 
01BH010,2011-10-27,46.4370002746582, 
01BH010,2011-11-27,46.5620002746582, 
01BH010,2011-12-27,47.03900146484375, 
01BH010,2012-01-27,, 
01BH010,2012-02-27,46.45399856567383, 
01BH010,2012-03-27,46.86100006103516, 
01BH010,2012-04-27,47.50299835205078, 
01BH010,2012-05-27,, 
01BH010,2012-06-27,46.553001403808594, 
01BH010,2012-07-27,46.45000076293945, 
01BH010,2012-08-27,46.49300003051758, 
01BH010,2012-09-27,46.33300018310547, 
01BH010,2012-10-27,46.73400115966797, 
01BH010,2012-11-27,46.4379997253418, 
01BH010,2012-12-27,46.36299896240234, 
01BH010,2013-01-27,, 
01BH010,2013-03-27,46.53300094604492, 
01BH010,2013-04-27,47.29800033569336, 
01BH010,2013-05-27,47.70299911499024, 
01BH010,2013-06-27,46.45800018310547, 
01BH010,2013-07-27,46.47499847412109, 
01BH010,2013-08-27,46.417999267578125, 
01BH010,2013-09-27,46.428001403808594, 
01BH010,2013-10-27,, 
01BH010,1991-08-28,46.38999938964844, 
01BH010,1991-09-28,46.61000061035156, 
01BH010,1991-10-28,46.720001220703125, 
01BH010,1991-11-28,46.630001068115234, 
01BH010,1991-12-28,, 
01BH010,1992-03-28,46.45000076293945, 
01BH010,1992-04-28,46.869998931884766, 
01BH010,1992-05-28,46.75, 
01BH010,1992-06-28,46.630001068115234, 
01BH010,1992-07-28,46.540000915527344, 
01BH010,1992-08-28,46.38999938964844, 
01BH010,1992-09-28,46.27000045776367, 
01BH010,1992-10-28,46.34000015258789, 
01BH010,1992-11-28,46.380001068115234, 
01BH010,1992-12-28,46.5099983215332, 
01BH010,1993-01-28,46.959999084472656, 
01BH010,1993-02-28,46.369998931884766, 
01BH010,1993-03-28,46.369998931884766, 
01BH010,1993-04-28,46.88999938964844, 
01BH010,1993-05-28,46.84999847412109, 
01BH010,1993-06-28,46.560001373291016, 
01BH010,1993-07-28,46.7599983215332, 
01BH010,1993-08-28,46.459999084472656, 
01BH010,1993-09-28,46.43000030517578, 
01BH010,1993-10-28,46.65999984741211, 
01BH010,1993-11-28,46.7400016784668, 
01BH010,1993-12-28,46.790000915527344, 
01BH010,1994-01-28,47.310001373291016, 
01BH010,1994-02-28,47.31999969482422, 
01BH010,1994-03-28,46.310001373291016, 
01BH010,1994-04-28,46.7400016784668, 
01BH010,1994-05-28,47.220001220703125, 
01BH010,1994-06-28,46.630001068115234, 
01BH010,1994-07-28,46.66999816894531, 
01BH010,1994-08-28,46.33000183105469, 
01BH010,1994-09-28,46.310001373291016, 
01BH010,1994-10-28,46.400001525878906, 
01BH010,1994-11-28,46.52000045776367, 
01BH010,1994-12-28,46.77999877929688, 
01BH010,1995-01-28,46.58000183105469, 
01BH010,1995-02-28,46.43000030517578, 
01BH010,1995-03-28,46.43000030517578, 
01BH010,1995-04-28,46.88999938964844, 
01BH010,1995-05-28,47.5, 
01BH010,1995-06-28,46.5, 
01BH010,1995-07-28,46.400001525878906, 
01BH010,1995-08-28,46.33000183105469, 
01BH010,1995-09-28,46.27999877929688, 
01BH010,1995-10-28,46.43999862670898, 
01BH010,1995-11-28,47.16999816894531, 
01BH010,1995-12-28,47.02999877929688, 
01BH010,1996-01-28,47.810001373291016, 
01BH010,1996-02-28,46.9900016784668, 
01BH010,1996-03-28,46.43999862670898, 
01BH010,1996-04-28,47.709999084472656, 
01BH010,1996-05-28,47.150001525878906, 
01BH010,1996-06-28,46.7599983215332, 
01BH010,1996-07-28,46.95000076293945, 
01BH010,1996-08-28,46.369998931884766, 
01BH010,1996-09-28,46.2599983215332, 
01BH010,1996-10-28,46.2599983215332, 
01BH010,1996-11-28,46.79999923706055, 
01BH010,1996-12-28,48.11000061035156, 
01BH010,1997-01-28,46.79999923706055, 
01BH010,1997-02-28,46.43000030517578, 
01BH010,1997-03-28,46.560001373291016, 
01BH010,1997-04-28,46.560001373291016, 
01BH010,1997-05-28,47.2599983215332, 
01BH010,1997-06-28,, 
01BH010,1997-07-28,46.41999816894531, 
01BH010,1997-08-28,46.31600189208984, 
01BH010,1997-09-28,46.27399826049805, 
01BH010,1997-10-28,46.2869987487793, 
01BH010,1997-11-28,46.42599868774414, 
01BH010,1997-12-28,46.4370002746582, 
01BH010,1998-01-28,46.38100051879883, 
01BH010,1998-02-28,46.50600051879883, 
01BH010,1998-03-28,46.387001037597656, 
01BH010,1998-04-28,46.89300155639648, 
01BH010,1998-05-28,46.8849983215332, 
01BH010,1998-06-28,46.505001068115234, 
01BH010,1998-07-28,46.5880012512207, 
01BH010,1998-08-28,46.39500045776367, 
01BH010,1998-09-28,46.51300048828125, 
01BH010,1998-10-28,46.46699905395508, 
01BH010,1998-11-28,46.48600006103516, 
01BH010,1998-12-28,46.90800094604492, 
01BH010,1999-01-28,46.68299865722656, 
01BH010,1999-02-28,46.38100051879883, 
01BH010,1999-03-28,46.39300155639648, 
01BH010,1999-04-28,46.805999755859375, 
01BH010,1999-05-28,46.89799880981445, 
01BH010,1999-06-28,46.38600158691406, 
01BH010,1999-07-28,46.27399826049805, 
01BH010,1999-08-28,46.255001068115234, 
01BH010,1999-09-28,46.82099914550781, 
01BH010,1999-10-28,46.77899932861328, 
01BH010,1999-11-28,46.74399948120117, 
01BH010,1999-12-28,47.57799911499024, 
01BH010,2000-01-28,46.58599853515625, 
01BH010,2000-02-28,46.34099960327149, 
01BH010,2000-03-28,46.297000885009766, 
01BH010,2000-04-28,46.70000076293945, 
01BH010,2000-05-28,47.24399948120117, 
01BH010,2000-06-28,46.45500183105469, 
01BH010,2000-07-28,46.44499969482422, 
01BH010,2000-08-28,46.37799835205078, 
01BH010,2000-09-28,46.29899978637695, 
01BH010,2000-10-28,46.32500076293945, 
01BH010,2000-11-28,46.60599899291992, 
01BH010,2000-12-28,46.92599868774414, 
01BH010,2001-01-28,46.47499847412109, 
01BH010,2001-02-28,46.39300155639648, 
01BH010,2001-03-28,46.45299911499024, 
01BH010,2001-04-28,46.880001068115234, 
01BH010,2001-05-28,46.77199935913086, 
01BH010,2001-06-28,46.42300033569336, 
01BH010,2001-07-28,46.38800048828125, 
01BH010,2001-08-28,46.27199935913086, 
01BH010,2001-09-28,46.321998596191406, 
01BH010,2001-10-28,46.57600021362305, 
01BH010,2001-11-28,46.4109992980957, 
01BH010,2001-12-28,46.33200073242188, 
01BH010,2002-01-28,46.56100082397461, 
01BH010,2002-02-28,46.59600067138672, 
01BH010,2002-03-28,46.51800155639648, 
01BH010,2002-04-28,46.61600112915039, 
01BH010,2002-05-28,46.93000030517578, 
01BH010,2002-06-28,46.64300155639648, 
01BH010,2002-07-28,46.42100143432617, 
01BH010,2002-08-28,46.39799880981445, 
01BH010,2002-09-28,46.35699844360352, 
01BH010,2002-10-28,46.31600189208984, 
01BH010,2002-11-28,46.36000061035156, 
01BH010,2002-12-28,46.470001220703125, 
01BH010,2003-01-28,46.66600036621094, 
01BH010,2003-02-28,46.3380012512207, 
01BH010,2003-03-28,46.38100051879883, 
01BH010,2003-04-28,47.10599899291992, 
01BH010,2003-05-28,46.979000091552734, 
01BH010,2003-06-28,46.45700073242188, 
01BH010,2003-07-28,46.43399810791016, 
01BH010,2003-08-28,46.375, 
01BH010,2003-09-28,46.266998291015625, 
01BH010,2003-10-28,46.604000091552734, 
01BH010,2003-11-28,46.72200012207031, 
01BH010,2003-12-28,46.70700073242188, 
01BH010,2004-01-28,46.97800064086914, 
01BH010,2004-02-28,46.39500045776367, 
01BH010,2004-03-28,46.46599960327149, 
01BH010,2004-04-28,46.72299957275391, 
01BH010,2004-05-28,46.78200149536133, 
01BH010,2004-06-28,46.43299865722656, 
01BH010,2004-07-28,46.37799835205078, 
01BH010,2004-08-28,46.31499862670898, 
01BH010,2004-09-28,46.479000091552734, 
01BH010,2004-10-28,46.48799896240234, 
01BH010,2004-11-28,46.430999755859375, 
01BH010,2004-12-28,46.68199920654297, 
01BH010,2005-01-28,46.55699920654297, 
01BH010,2005-02-28,46.41699981689453, 
01BH010,2005-03-28,46.36100006103516, 
01BH010,2005-04-28,47.32500076293945, 
01BH010,2005-05-28,47.0369987487793, 
01BH010,2005-06-28,46.51599884033203, 
01BH010,2005-07-28,46.29600143432617, 
01BH010,2005-08-28,46.249000549316406, 
01BH010,2005-09-28,46.38899993896485, 
01BH010,2005-10-28,46.56900024414063, 
01BH010,2005-11-28,46.9379997253418, 
01BH010,2005-12-28,46.483001708984375, 
01BH010,2006-01-28,46.7239990234375, 
01BH010,2006-02-28,46.542999267578125, 
01BH010,2006-03-28,46.27399826049805, 
01BH010,2006-04-28,47.16999816894531, 
01BH010,2006-05-28,47.09299850463867, 
01BH010,2006-06-28,46.53400039672852, 
01BH010,2006-07-28,46.387001037597656, 
01BH010,2006-08-28,46.23600006103516, 
01BH010,2006-09-28,46.3380012512207, 
01BH010,2006-10-28,46.917999267578125, 
01BH010,2006-11-28,46.6259994506836, 
01BH010,2006-12-28,46.3759994506836, 
01BH010,2007-01-28,46.95199966430664, 
01BH010,2007-02-28,46.57400131225586, 
01BH010,2007-03-28,46.63100051879883, 
01BH010,2007-04-28,46.91699981689453, 
01BH010,2007-05-28,47.19400024414063, 
01BH010,2007-06-28,46.63999938964844, 
01BH010,2007-07-28,46.66699981689453, 
01BH010,2007-08-28,46.494998931884766, 
01BH010,2007-09-28,46.358001708984375, 
01BH010,2007-10-28,46.42900085449219, 
01BH010,2007-11-28,46.73099899291992, 
01BH010,2007-12-28,46.749000549316406, 
01BH010,2008-01-28,46.59299850463867, 
01BH010,2008-02-28,46.49700164794922, 
01BH010,2008-03-28,46.45100021362305, 
01BH010,2008-04-28,47.124000549316406, 
01BH010,2008-05-28,47.0359992980957, 
01BH010,2008-06-28,46.69200134277344, 
01BH010,2008-07-28,46.40599822998047, 
01BH010,2008-08-28,46.47100067138672, 
01BH010,2008-09-28,46.4109992980957, 
01BH010,2008-10-28,47.12699890136719, 
01BH010,2008-11-28,46.68999862670898, 
01BH010,2008-12-28,47.2509994506836, 
01BH010,2009-01-28,46.53099822998047, 
01BH010,2009-02-28,46.49599838256836, 
01BH010,2009-03-28,46.49800109863281, 
01BH010,2009-04-28,47.45600128173828, 
01BH010,2009-05-28,46.87099838256836, 
01BH010,2009-06-28,46.66899871826172, 
01BH010,2009-07-28,46.46699905395508, 
01BH010,2009-08-28,46.36800003051758, 
01BH010,2009-09-28,46.29899978637695, 
01BH010,2009-10-28,46.50600051879883, 
01BH010,2009-11-28,46.494998931884766, 
01BH010,2009-12-28,46.369998931884766, 
01BH010,2010-01-28,, 
01BH010,2010-02-28,46.31700134277344, 
01BH010,2010-03-28,, 
01BH010,2010-04-28,47.08100128173828, 
01BH010,2010-05-28,46.79499816894531, 
01BH010,2010-06-28,46.46200180053711, 
01BH010,2010-07-28,46.55799865722656, 
01BH010,2010-08-28,46.32899856567383, 
01BH010,2010-09-28,46.47600173950195, 
01BH010,2010-10-28,46.79499816894531, 
01BH010,2010-11-28,46.584999084472656, 
01BH010,2010-12-28,46.75699996948242, 
01BH010,2011-01-28,46.652000427246094, 
01BH010,2011-02-28,, 
01BH010,2011-03-28,, 
01BH010,2011-04-28,46.86600112915039, 
01BH010,2011-05-28,47.48099899291992, 
01BH010,2011-06-28,46.64899826049805, 
01BH010,2011-07-28,46.57600021362305, 
01BH010,2011-08-28,46.69599914550781, 
01BH010,2011-09-28,46.52799987792969, 
01BH010,2011-10-28,46.422000885009766, 
01BH010,2011-11-28,46.555999755859375, 
01BH010,2011-12-28,47.10100173950195, 
01BH010,2012-01-28,, 
01BH010,2012-02-28,, 
01BH010,2012-03-28,46.80400085449219, 
01BH010,2012-04-28,47.40999984741211, 
01BH010,2012-05-28,46.71699905395508, 
01BH010,2012-06-28,46.60100173950195, 
01BH010,2012-07-28,46.435001373291016, 
01BH010,2012-08-28,46.50400161743164, 
01BH010,2012-09-28,46.32799911499024, 
01BH010,2012-10-28,46.70600128173828, 
01BH010,2012-11-28,, 
01BH010,2012-12-28,46.358001708984375, 
01BH010,2013-01-28,, 
01BH010,2013-03-28,46.5369987487793, 
01BH010,2013-04-28,47.2859992980957, 
01BH010,2013-05-28,47.483001708984375, 
01BH010,2013-06-28,46.44499969482422, 
01BH010,2013-07-28,46.48400115966797, 
01BH010,2013-08-28,46.40999984741211, 
01BH010,2013-09-28,46.43899917602539, 
01BH010,2013-10-28,, 
01BH010,1991-08-29,46.380001068115234, 
01BH010,1991-09-29,46.59999847412109, 
01BH010,1991-10-29,46.70000076293945, 
01BH010,1991-11-29,46.650001525878906, 
01BH010,1991-12-29,, 
01BH010,1992-03-29,46.84000015258789, 
01BH010,1992-04-29,46.880001068115234, 
01BH010,1992-05-29,46.720001220703125, 
01BH010,1992-06-29,46.619998931884766, 
01BH010,1992-07-29,46.5099983215332, 
01BH010,1992-08-29,46.380001068115234, 
01BH010,1992-09-29,46.2599983215332, 
01BH010,1992-10-29,46.33000183105469, 
01BH010,1992-11-29,46.459999084472656, 
01BH010,1992-12-29,46.540000915527344, 
01BH010,1993-01-29,46.41999816894531, 
01BH010,1993-03-29,46.34000015258789, 
01BH010,1993-04-29,46.869998931884766, 
01BH010,1993-05-29,46.84000015258789, 
01BH010,1993-06-29,46.560001373291016, 
01BH010,1993-07-29,46.7400016784668, 
01BH010,1993-08-29,46.45000076293945, 
01BH010,1993-09-29,46.45000076293945, 
01BH010,1993-10-29,46.63999938964844, 
01BH010,1993-11-29,46.58000183105469, 
01BH010,1993-12-29,, 
01BH010,1994-01-29,47.310001373291016, 
01BH010,1994-03-29,46.27999877929688, 
01BH010,1994-04-29,46.83000183105469, 
01BH010,1994-05-29,47.15999984741211, 
01BH010,1994-06-29,46.650001525878906, 
01BH010,1994-07-29,46.650001525878906, 
01BH010,1994-08-29,46.34999847412109, 
01BH010,1994-09-29,46.31999969482422, 
01BH010,1994-10-29,46.400001525878906, 
01BH010,1994-11-29,46.540000915527344, 
01BH010,1994-12-29,46.880001068115234, 
01BH010,1995-01-29,46.52000045776367, 
01BH010,1995-03-29,46.43999862670898, 
01BH010,1995-04-29,46.93000030517578, 
01BH010,1995-05-29,47.43000030517578, 
01BH010,1995-06-29,46.4900016784668, 
01BH010,1995-07-29,46.369998931884766, 
01BH010,1995-08-29,46.31999969482422, 
01BH010,1995-09-29,46.27999877929688, 
01BH010,1995-10-29,46.70000076293945, 
01BH010,1995-11-29,46.66999816894531, 
01BH010,1995-12-29,46.97999954223633, 
01BH010,1996-01-29,47.77999877929688, 
01BH010,1996-02-29,46.90999984741211, 
01BH010,1996-03-29,46.650001525878906, 
01BH010,1996-04-29,47.75, 
01BH010,1996-05-29,47.09999847412109, 
01BH010,1996-06-29,46.7599983215332, 
01BH010,1996-07-29,46.900001525878906, 
01BH010,1996-08-29,46.36000061035156, 
01BH010,1996-09-29,46.2599983215332, 
01BH010,1996-10-29,46.27999877929688, 
01BH010,1996-11-29,46.459999084472656, 
01BH010,1996-12-29,47.560001373291016, 
01BH010,1997-01-29,46.77000045776367, 
01BH010,1997-03-29,46.54999923706055, 
01BH010,1997-04-29,46.59999847412109, 
01BH010,1997-05-29,47.2599983215332, 
01BH010,1997-06-29,46.630001068115234, 
01BH010,1997-07-29,46.402000427246094, 
01BH010,1997-08-29,46.321998596191406, 
01BH010,1997-09-29,46.27099990844727, 
01BH010,1997-10-29,46.28400039672852, 
01BH010,1997-11-29,46.48600006103516, 
01BH010,1997-12-29,46.51599884033203, 
01BH010,1998-01-29,46.38899993896485, 
01BH010,1998-03-29,46.41400146484375, 
01BH010,1998-04-29,46.88999938964844, 
01BH010,1998-05-29,46.85300064086914, 
01BH010,1998-06-29,46.48899841308594, 
01BH010,1998-07-29,46.62699890136719, 
01BH010,1998-08-29,46.382999420166016, 
01BH010,1998-09-29,46.50600051879883, 
01BH010,1998-10-29,46.47700119018555, 
01BH010,1998-11-29,46.45700073242188, 
01BH010,1998-12-29,46.88399887084961, 
01BH010,1999-01-29,46.60599899291992, 
01BH010,1999-03-29,46.42900085449219, 
01BH010,1999-04-29,46.86600112915039, 
01BH010,1999-05-29,46.85200119018555, 
01BH010,1999-06-29,46.3849983215332, 
01BH010,1999-07-29,46.26300048828125, 
01BH010,1999-08-29,46.257999420166016, 
01BH010,1999-09-29,46.77299880981445, 
01BH010,1999-10-29,46.75400161743164, 
01BH010,1999-11-29,46.80400085449219, 
01BH010,1999-12-29,47.374000549316406, 
01BH010,2000-01-29,46.57799911499024, 
01BH010,2000-02-29,46.45000076293945, 
01BH010,2000-03-29,46.35300064086914, 
01BH010,2000-04-29,46.70100021362305, 
01BH010,2000-05-29,, 
01BH010,2000-06-29,46.448001861572266, 
01BH010,2000-07-29,46.430999755859375, 
01BH010,2000-08-29,46.3650016784668, 
01BH010,2000-09-29,46.29600143432617, 
01BH010,2000-10-29,46.34400177001953, 
01BH010,2000-11-29,46.58100128173828, 
01BH010,2000-12-29,46.902000427246094, 
01BH010,2001-01-29,46.48699951171875, 
01BH010,2001-03-29,46.37699890136719, 
01BH010,2001-04-29,46.84799957275391, 
01BH010,2001-05-29,46.76599884033203, 
01BH010,2001-06-29,46.41299819946289, 
01BH010,2001-07-29,46.3759994506836, 
01BH010,2001-08-29,46.28400039672852, 
01BH010,2001-09-29,46.30699920654297, 
01BH010,2001-10-29,46.57600021362305, 
01BH010,2001-11-29,46.380001068115234, 
01BH010,2001-12-29,46.3390007019043, 
01BH010,2002-01-29,46.52999877929688, 
01BH010,2002-03-29,46.47700119018555, 
01BH010,2002-04-29,46.61000061035156, 
01BH010,2002-05-29,46.90499877929688, 
01BH010,2002-06-29,46.637001037597656, 
01BH010,2002-07-29,46.41299819946289, 
01BH010,2002-08-29,46.38800048828125, 
01BH010,2002-09-29,46.35300064086914, 
01BH010,2002-10-29,46.31800079345703, 
01BH010,2002-11-29,46.375, 
01BH010,2002-12-29,46.4640007019043, 
01BH010,2003-01-29,46.680999755859375, 
01BH010,2003-03-29,46.37699890136719, 
01BH010,2003-04-29,47.15700149536133, 
01BH010,2003-05-29,46.999000549316406, 
01BH010,2003-06-29,46.45000076293945, 
01BH010,2003-07-29,46.45899963378906, 
01BH010,2003-08-29,46.380001068115234, 
01BH010,2003-09-29,46.28499984741211, 
01BH010,2003-10-29,46.81700134277344, 
01BH010,2003-11-29,46.74100112915039, 
01BH010,2003-12-29,46.7130012512207, 
01BH010,2004-01-29,46.89899826049805, 
01BH010,2004-02-29,46.39099884033203, 
01BH010,2004-03-29,46.542999267578125, 
01BH010,2004-04-29,46.75699996948242, 
01BH010,2004-05-29,46.797000885009766, 
01BH010,2004-06-29,46.417999267578125, 
01BH010,2004-07-29,46.36899948120117, 
01BH010,2004-08-29,46.30500030517578, 
01BH010,2004-09-29,46.46599960327149, 
01BH010,2004-10-29,46.47600173950195, 
01BH010,2004-11-29,46.516998291015625, 
01BH010,2004-12-29,46.6870002746582, 
01BH010,2005-01-29,46.54100036621094, 
01BH010,2005-03-29,46.345001220703125, 
01BH010,2005-04-29,47.20700073242188, 
01BH010,2005-05-29,47.012001037597656, 
01BH010,2005-06-29,46.49800109863281, 
01BH010,2005-07-29,46.29199981689453, 
01BH010,2005-08-29,46.24399948120117, 
01BH010,2005-09-29,46.374000549316406, 
01BH010,2005-10-29,46.55799865722656, 
01BH010,2005-11-29,46.88600158691406, 
01BH010,2005-12-29,46.53900146484375, 
01BH010,2006-01-29,46.6510009765625, 
01BH010,2006-03-29,46.27999877929688, 
01BH010,2006-04-29,47.10699844360352, 
01BH010,2006-05-29,47.05500030517578, 
01BH010,2006-06-29,46.50899887084961, 
01BH010,2006-07-29,46.3759994506836, 
01BH010,2006-08-29,46.23600006103516, 
01BH010,2006-09-29,46.3380012512207, 
01BH010,2006-10-29,47.07699966430664, 
01BH010,2006-11-29,46.58100128173828, 
01BH010,2006-12-29,46.34600067138672, 
01BH010,2007-01-29,46.90299987792969, 
01BH010,2007-03-29,46.55500030517578, 
01BH010,2007-04-29,46.95000076293945, 
01BH010,2007-05-29,47.11899948120117, 
01BH010,2007-06-29,46.62099838256836, 
01BH010,2007-07-29,46.96699905395508, 
01BH010,2007-08-29,46.47700119018555, 
01BH010,2007-09-29,46.3849983215332, 
01BH010,2007-10-29,46.43999862670898, 
01BH010,2007-11-29,46.68000030517578, 
01BH010,2007-12-29,46.73099899291992, 
01BH010,2008-01-29,46.58399963378906, 
01BH010,2008-02-29,46.53200149536133, 
01BH010,2008-03-29,46.48099899291992, 
01BH010,2008-04-29,47.2859992980957, 
01BH010,2008-05-29,47.00299835205078, 
01BH010,2008-06-29,46.67300033569336, 
01BH010,2008-07-29,46.48699951171875, 
01BH010,2008-08-29,46.45700073242188, 
01BH010,2008-09-29,46.57899856567383, 
01BH010,2008-10-29,48.14799880981445, 
01BH010,2008-11-29,46.66699981689453, 
01BH010,2008-12-29,47.17300033569336, 
01BH010,2009-01-29,46.5369987487793, 
01BH010,2009-03-29,46.44900131225586, 
01BH010,2009-04-29,47.40800094604492, 
01BH010,2009-05-29,46.84199905395508, 
01BH010,2009-06-29,46.630001068115234, 
01BH010,2009-07-29,46.45500183105469, 
01BH010,2009-08-29,46.35900115966797, 
01BH010,2009-09-29,46.321998596191406, 
01BH010,2009-10-29,46.49800109863281, 
01BH010,2009-11-29,46.52999877929688, 
01BH010,2009-12-29,46.382999420166016, 
01BH010,2010-01-29,, 
01BH010,2010-03-29,, 
01BH010,2010-04-29,47.04100036621094, 
01BH010,2010-05-29,46.75, 
01BH010,2010-06-29,46.46099853515625, 
01BH010,2010-07-29,46.5359992980957, 
01BH010,2010-08-29,46.32099914550781, 
01BH010,2010-09-29,46.617000579833984, 
01BH010,2010-10-29,46.83300018310547, 
01BH010,2010-11-29,46.55799865722656, 
01BH010,2010-12-29,46.74100112915039, 
01BH010,2011-01-29,46.617000579833984, 
01BH010,2011-03-29,, 
01BH010,2011-04-29,, 
01BH010,2011-05-29,47.446998596191406, 
01BH010,2011-06-29,46.62099838256836, 
01BH010,2011-07-29,46.55799865722656, 
01BH010,2011-08-29,47.1510009765625, 
01BH010,2011-09-29,46.51300048828125, 
01BH010,2011-10-29,46.41400146484375, 
01BH010,2011-11-29,46.54399871826172, 
01BH010,2011-12-29,47.0890007019043, 
01BH010,2012-01-29,46.62099838256836, 
01BH010,2012-02-29,, 
01BH010,2012-03-29,46.77000045776367, 
01BH010,2012-04-29,47.275001525878906, 
01BH010,2012-05-29,46.69300079345703, 
01BH010,2012-06-29,46.76499938964844, 
01BH010,2012-07-29,46.42399978637695, 
01BH010,2012-08-29,46.49399948120117, 
01BH010,2012-09-29,46.32500076293945, 
01BH010,2012-10-29,46.680999755859375, 
01BH010,2012-11-29,46.45800018310547, 
01BH010,2012-12-29,, 
01BH010,2013-01-29,, 
01BH010,2013-03-29,46.527000427246094, 
01BH010,2013-04-29,47.321998596191406, 
01BH010,2013-05-29,47.3120002746582, 
01BH010,2013-06-29,46.44300079345703, 
01BH010,2013-07-29,46.45899963378906, 
01BH010,2013-08-29,46.40299987792969, 
01BH010,2013-09-29,46.44599914550781, 
01BH010,2013-10-29,, 
01BH010,1991-08-30,46.36000061035156, 
01BH010,1991-09-30,46.59000015258789, 
01BH010,1991-10-30,46.66999816894531, 
01BH010,1991-11-30,46.63999938964844, 
01BH010,1991-12-30,, 
01BH010,1992-03-30,46.88999938964844, 
01BH010,1992-04-30,46.9900016784668, 
01BH010,1992-05-30,46.68999862670898, 
01BH010,1992-06-30,46.61000061035156, 
01BH010,1992-07-30,46.4900016784668, 
01BH010,1992-08-30,46.380001068115234, 
01BH010,1992-09-30,46.2599983215332, 
01BH010,1992-10-30,46.31999969482422, 
01BH010,1992-11-30,46.34000015258789, 
01BH010,1992-12-30,46.560001373291016, 
01BH010,1993-01-30,46.459999084472656, 
01BH010,1993-03-30,46.81999969482422, 
01BH010,1993-04-30,46.880001068115234, 
01BH010,1993-05-30,46.83000183105469, 
01BH010,1993-06-30,46.56999969482422, 
01BH010,1993-07-30,46.70000076293945, 
01BH010,1993-08-30,46.43999862670898, 
01BH010,1993-09-30,46.43999862670898, 
01BH010,1993-10-30,46.619998931884766, 
01BH010,1993-11-30,47.65999984741211, 
01BH010,1993-12-30,, 
01BH010,1994-01-30,47.310001373291016, 
01BH010,1994-03-30,46.43000030517578, 
01BH010,1994-04-30,46.83000183105469, 
01BH010,1994-05-30,47.130001068115234, 
01BH010,1994-06-30,46.650001525878906, 
01BH010,1994-07-30,46.63999938964844, 
01BH010,1994-08-30,46.34000015258789, 
01BH010,1994-09-30,46.36000061035156, 
01BH010,1994-10-30,46.400001525878906, 
01BH010,1994-11-30,46.56999969482422, 
01BH010,1994-12-30,46.91999816894531, 
01BH010,1995-01-30,46.470001220703125, 
01BH010,1995-03-30,46.5099983215332, 
01BH010,1995-04-30,46.93999862670898, 
01BH010,1995-05-30,47.400001525878906, 
01BH010,1995-06-30,46.470001220703125, 
01BH010,1995-07-30,46.36000061035156, 
01BH010,1995-08-30,46.310001373291016, 
01BH010,1995-09-30,46.27999877929688, 
01BH010,1995-10-30,47.220001220703125, 
01BH010,1995-11-30,48.06999969482422, 
01BH010,1995-12-30,46.88999938964844, 
01BH010,1996-01-30,47.70000076293945, 
01BH010,1996-03-30,46.38999938964844, 
01BH010,1996-04-30,47.540000915527344, 
01BH010,1996-05-30,47.119998931884766, 
01BH010,1996-06-30,46.72999954223633, 
01BH010,1996-07-30,46.84000015258789, 
01BH010,1996-08-30,46.34999847412109, 
01BH010,1996-09-30,46.2599983215332, 
01BH010,1996-10-30,46.31999969482422, 
01BH010,1996-11-30,47.880001068115234, 
01BH010,1996-12-30,47.45000076293945, 
01BH010,1997-01-30,46.77999877929688, 
01BH010,1997-03-30,46.81999969482422, 
01BH010,1997-04-30,46.61000061035156, 
01BH010,1997-05-30,47.2599983215332, 
01BH010,1997-06-30,46.61000061035156, 
01BH010,1997-07-30,46.391998291015625, 
01BH010,1997-08-30,46.31999969482422, 
01BH010,1997-09-30,46.275001525878906, 
01BH010,1997-10-30,46.297000885009766, 
01BH010,1997-11-30,46.58399963378906, 
01BH010,1997-12-30,46.43299865722656, 
01BH010,1998-01-30,46.38100051879883, 
01BH010,1998-03-30,46.45700073242188, 
01BH010,1998-04-30,46.98600006103516, 
01BH010,1998-05-30,46.81900024414063, 
01BH010,1998-06-30,46.499000549316406, 
01BH010,1998-07-30,46.63100051879883, 
01BH010,1998-08-30,46.37900161743164, 
01BH010,1998-09-30,46.50600051879883, 
01BH010,1998-10-30,46.58399963378906, 
01BH010,1998-11-30,46.4630012512207, 
01BH010,1998-12-30,46.85499954223633, 
01BH010,1999-01-30,, 
01BH010,1999-03-30,46.48099899291992, 
01BH010,1999-04-30,46.89799880981445, 
01BH010,1999-05-30,46.81499862670898, 
01BH010,1999-06-30,46.38100051879883, 
01BH010,1999-07-30,46.27299880981445, 
01BH010,1999-08-30,46.26300048828125, 
01BH010,1999-09-30,46.73099899291992, 
01BH010,1999-10-30,, 
01BH010,1999-11-30,46.79800033569336, 
01BH010,1999-12-30,47.36299896240234, 
01BH010,2000-01-30,, 
01BH010,2000-03-30,46.44599914550781, 
01BH010,2000-04-30,46.75400161743164, 
01BH010,2000-05-30,47.125, 
01BH010,2000-06-30,46.44400024414063, 
01BH010,2000-07-30,46.42399978637695, 
01BH010,2000-08-30,46.35699844360352, 
01BH010,2000-09-30,46.29199981689453, 
01BH010,2000-10-30,46.34799957275391, 
01BH010,2000-11-30,46.56100082397461, 
01BH010,2000-12-30,46.95500183105469, 
01BH010,2001-01-30,46.46699905395508, 
01BH010,2001-03-30,46.334999084472656, 
01BH010,2001-04-30,46.8120002746582, 
01BH010,2001-05-30,46.762001037597656, 
01BH010,2001-06-30,46.40499877929688, 
01BH010,2001-07-30,46.36600112915039, 
01BH010,2001-08-30,46.27399826049805, 
01BH010,2001-09-30,46.29999923706055, 
01BH010,2001-10-30,46.57099914550781, 
01BH010,2001-11-30,46.415000915527344, 
01BH010,2001-12-30,46.37900161743164, 
01BH010,2002-01-30,46.52399826049805, 
01BH010,2002-03-30,46.459999084472656, 
01BH010,2002-04-30,46.59700012207031, 
01BH010,2002-05-30,46.902000427246094, 
01BH010,2002-06-30,46.61600112915039, 
01BH010,2002-07-30,46.40800094604492, 
01BH010,2002-08-30,46.380001068115234, 
01BH010,2002-09-30,46.34299850463867, 
01BH010,2002-10-30,46.321998596191406, 
01BH010,2002-11-30,46.35699844360352, 
01BH010,2002-12-30,46.48699951171875, 
01BH010,2003-01-30,46.59000015258789, 
01BH010,2003-03-30,46.36899948120117, 
01BH010,2003-04-30,47.10900115966797, 
01BH010,2003-05-30,47.04600143432617, 
01BH010,2003-06-30,46.43999862670898, 
01BH010,2003-07-30,46.45100021362305, 
01BH010,2003-08-30,46.37300109863281, 
01BH010,2003-09-30,46.31999969482422, 
01BH010,2003-10-30,47.233001708984375, 
01BH010,2003-11-30,46.75199890136719, 
01BH010,2003-12-30,46.71099853515625, 
01BH010,2004-01-30,46.87900161743164, 
01BH010,2004-03-30,46.56100082397461, 
01BH010,2004-04-30,46.84700012207031, 
01BH010,2004-05-30,46.869998931884766, 
01BH010,2004-06-30,46.41600036621094, 
01BH010,2004-07-30,46.36199951171875, 
01BH010,2004-08-30,46.354000091552734, 
01BH010,2004-09-30,46.45100021362305, 
01BH010,2004-10-30,46.4630012512207, 
01BH010,2004-11-30,46.55199813842773, 
01BH010,2004-12-30,46.65900039672852, 
01BH010,2005-01-30,46.5260009765625, 
01BH010,2005-03-30,46.32500076293945, 
01BH010,2005-04-30,47.17399978637695, 
01BH010,2005-05-30,46.97999954223633, 
01BH010,2005-06-30,46.48500061035156, 
01BH010,2005-07-30,46.29499816894531, 
01BH010,2005-08-30,46.27000045776367, 
01BH010,2005-09-30,46.374000549316406, 
01BH010,2005-10-30,46.547000885009766, 
01BH010,2005-11-30,46.86100006103516, 
01BH010,2005-12-30,46.516998291015625, 
01BH010,2006-01-30,46.62099838256836, 
01BH010,2006-03-30,46.29499816894531, 
01BH010,2006-04-30,47.10200119018555, 
01BH010,2006-05-30,46.98799896240234, 
01BH010,2006-06-30,46.5260009765625, 
01BH010,2006-07-30,46.35599899291992, 
01BH010,2006-08-30,46.23799896240234, 
01BH010,2006-09-30,46.39500045776367, 
01BH010,2006-10-30,47.1609992980957, 
01BH010,2006-11-30,46.60499954223633, 
01BH010,2006-12-30,46.38399887084961, 
01BH010,2007-01-30,46.87900161743164, 
01BH010,2007-03-30,46.47299957275391, 
01BH010,2007-04-30,46.99700164794922, 
01BH010,2007-05-30,47.04899978637695, 
01BH010,2007-06-30,46.59999847412109, 
01BH010,2007-07-30,47.11299896240234, 
01BH010,2007-08-30,46.47499847412109, 
01BH010,2007-09-30,46.37099838256836, 
01BH010,2007-10-30,46.44100189208984, 
01BH010,2007-11-30,46.67399978637695, 
01BH010,2007-12-30,46.73600006103516, 
01BH010,2008-01-30,46.58399963378906, 
01BH010,2008-03-30,46.45299911499024, 
01BH010,2008-04-30,47.55699920654297, 
01BH010,2008-05-30,46.96200180053711, 
01BH010,2008-06-30,46.672000885009766, 
01BH010,2008-07-30,46.479000091552734, 
01BH010,2008-08-30,46.448001861572266, 
01BH010,2008-09-30,46.7760009765625, 
01BH010,2008-10-30,47.65299987792969, 
01BH010,2008-11-30,46.641998291015625, 
01BH010,2008-12-30,47.21099853515625, 
01BH010,2009-01-30,46.50699996948242, 
01BH010,2009-03-30,46.375, 
01BH010,2009-04-30,47.33200073242188, 
01BH010,2009-05-30,46.805999755859375, 
01BH010,2009-06-30,46.60900115966797, 
01BH010,2009-07-30,46.54100036621094, 
01BH010,2009-08-30,46.354000091552734, 
01BH010,2009-09-30,46.33599853515625, 
01BH010,2009-10-30,46.49700164794922, 
01BH010,2009-11-30,46.52799987792969, 
01BH010,2009-12-30,46.5099983215332, 
01BH010,2010-01-30,46.57500076293945, 
01BH010,2010-03-30,46.30899810791016, 
01BH010,2010-04-30,47.01100158691406, 
01BH010,2010-05-30,46.72800064086914, 
01BH010,2010-06-30,46.46900177001953, 
01BH010,2010-07-30,46.516998291015625, 
01BH010,2010-08-30,46.31499862670898, 
01BH010,2010-09-30,46.65999984741211, 
01BH010,2010-10-30,46.85900115966797, 
01BH010,2010-11-30,46.56900024414063, 
01BH010,2010-12-30,46.68199920654297, 
01BH010,2011-01-30,46.59000015258789, 
01BH010,2011-03-30,46.37900161743164, 
01BH010,2011-04-30,47.172000885009766, 
01BH010,2011-05-30,47.527000427246094, 
01BH010,2011-06-30,46.60499954223633, 
01BH010,2011-07-30,46.555999755859375, 
01BH010,2011-08-30,47.257999420166016, 
01BH010,2011-09-30,46.505001068115234, 
01BH010,2011-10-30,46.41299819946289, 
01BH010,2011-11-30,46.540000915527344, 
01BH010,2011-12-30,47.07400131225586, 
01BH010,2012-01-30,46.60599899291992, 
01BH010,2012-03-30,46.7239990234375, 
01BH010,2012-04-30,47.15900039672852, 
01BH010,2012-05-30,46.68199920654297, 
01BH010,2012-06-30,46.86899948120117, 
01BH010,2012-07-30,46.41400146484375, 
01BH010,2012-08-30,46.47299957275391, 
01BH010,2012-09-30,46.33599853515625, 
01BH010,2012-10-30,46.65900039672852, 
01BH010,2012-11-30,46.45000076293945, 
01BH010,2012-12-30,46.35499954223633, 
01BH010,2013-01-30,, 
01BH010,2013-03-30,46.50899887084961, 
01BH010,2013-04-30,47.428001403808594, 
01BH010,2013-05-30,47.18999862670898, 
01BH010,2013-06-30,46.44200134277344, 
01BH010,2013-07-30,46.45100021362305, 
01BH010,2013-08-30,46.39400100708008, 
01BH010,2013-09-30,46.44499969482422, 
01BH010,2013-10-30,, 
01BH010,1991-08-31,46.36000061035156, 
01BH010,1991-10-31,46.63999938964844, 
01BH010,1991-12-31,, 
01BH010,1992-03-31,47.08000183105469, 
01BH010,1992-05-31,46.650001525878906, 
01BH010,1992-07-31,46.459999084472656, 
01BH010,1992-08-31,46.369998931884766, 
01BH010,1992-10-31,46.33000183105469, 
01BH010,1992-12-31,46.52000045776367, 
01BH010,1993-01-31,46.43000030517578, 
01BH010,1993-03-31,46.58000183105469, 
01BH010,1993-05-31,46.86000061035156, 
01BH010,1993-07-31,46.68000030517578, 
01BH010,1993-08-31,46.43000030517578, 
01BH010,1993-10-31,46.630001068115234, 
01BH010,1993-12-31,46.02000045776367, 
01BH010,1994-01-31,47.310001373291016, 
01BH010,1994-03-31,46.31999969482422, 
01BH010,1994-05-31,47.11000061035156, 
01BH010,1994-07-31,46.61000061035156, 
01BH010,1994-08-31,46.33000183105469, 
01BH010,1994-10-31,46.400001525878906, 
01BH010,1994-12-31,46.7400016784668, 
01BH010,1995-01-31,46.47999954223633, 
01BH010,1995-03-31,46.45000076293945, 
01BH010,1995-05-31,47.38999938964844, 
01BH010,1995-07-31,46.34999847412109, 
01BH010,1995-08-31,46.310001373291016, 
01BH010,1995-10-31,47.08000183105469, 
01BH010,1995-12-31,46.900001525878906, 
01BH010,1996-01-31,47.630001068115234, 
01BH010,1996-03-31,47.4900016784668, 
01BH010,1996-05-31,47.09999847412109, 
01BH010,1996-07-31,46.79999923706055, 
01BH010,1996-08-31,46.34999847412109, 
01BH010,1996-10-31,46.34000015258789, 
01BH010,1996-12-31,47.43000030517578, 
01BH010,1997-01-31,47.119998931884766, 
01BH010,1997-03-31,46.369998931884766, 
01BH010,1997-05-31,47.25, 
01BH010,1997-07-31,46.382999420166016, 
01BH010,1997-08-31,46.31399917602539, 
01BH010,1997-10-31,46.28499984741211, 
01BH010,1997-12-31,46.39599990844727, 
01BH010,1998-01-31,46.380001068115234, 
01BH010,1998-03-31,46.51599884033203, 
01BH010,1998-05-31,46.77799987792969, 
01BH010,1998-07-31,46.59400177001953, 
01BH010,1998-08-31,46.38600158691406, 
01BH010,1998-10-31,47.084999084472656, 
01BH010,1998-12-31,46.64799880981445, 
01BH010,1999-01-31,, 
01BH010,1999-03-31,46.52000045776367, 
01BH010,1999-05-31,46.7509994506836, 
01BH010,1999-07-31,46.26399993896485, 
01BH010,1999-08-31,46.2599983215332, 
01BH010,1999-10-31,46.70399856567383, 
01BH010,1999-12-31,47.31600189208984, 
01BH010,2000-01-31,46.60200119018555, 
01BH010,2000-03-31,46.52899932861328, 
01BH010,2000-05-31,47.09400177001953, 
01BH010,2000-07-31,46.4119987487793, 
01BH010,2000-08-31,46.35100173950195, 
01BH010,2000-10-31,46.40900039672852, 
01BH010,2000-12-31,46.869998931884766, 
01BH010,2001-01-31,46.45800018310547, 
01BH010,2001-03-31,46.34299850463867, 
01BH010,2001-05-31,46.86199951171875, 
01BH010,2001-07-31,46.35599899291992, 
01BH010,2001-08-31,46.26300048828125, 
01BH010,2001-10-31,46.55699920654297, 
01BH010,2001-12-31,46.415000915527344, 
01BH010,2002-01-31,46.55500030517578, 
01BH010,2002-03-31,46.44599914550781, 
01BH010,2002-05-31,46.90999984741211, 
01BH010,2002-07-31,46.50199890136719, 
01BH010,2002-08-31,46.37200164794922, 
01BH010,2002-10-31,46.3120002746582, 
01BH010,2002-12-31,46.49700164794922, 
01BH010,2003-01-31,46.55699920654297, 
01BH010,2003-03-31,46.37200164794922, 
01BH010,2003-05-31,, 
01BH010,2003-07-31,46.446998596191406, 
01BH010,2003-08-31,46.36199951171875, 
01BH010,2003-10-31,47.26399993896485, 
01BH010,2003-12-31,46.68399810791016, 
01BH010,2004-01-31,46.858001708984375, 
01BH010,2004-03-31,46.5369987487793, 
01BH010,2004-05-31,46.87900161743164, 
01BH010,2004-07-31,46.35699844360352, 
01BH010,2004-08-31,46.40800094604492, 
01BH010,2004-10-31,46.43899917602539, 
01BH010,2004-12-31,46.680999755859375, 
01BH010,2005-01-31,46.55699920654297, 
01BH010,2005-03-31,46.32699966430664, 
01BH010,2005-05-31,46.95399856567383, 
01BH010,2005-07-31,46.27799987792969, 
01BH010,2005-08-31,46.297000885009766, 
01BH010,2005-10-31,46.54800033569336, 
01BH010,2005-12-31,46.483001708984375, 
01BH010,2006-01-31,46.60699844360352, 
01BH010,2006-03-31,46.29899978637695, 
01BH010,2006-05-31,46.930999755859375, 
01BH010,2006-07-31,46.345001220703125, 
01BH010,2006-08-31,46.2400016784668, 
01BH010,2006-10-31,47.09099960327149, 
01BH010,2006-12-31,46.46900177001953, 
01BH010,2007-01-31,46.880001068115234, 
01BH010,2007-03-31,46.3849983215332, 
01BH010,2007-05-31,46.99599838256836, 
01BH010,2007-07-31,46.98899841308594, 
01BH010,2007-08-31,46.47499847412109, 
01BH010,2007-10-31,46.44499969482422, 
01BH010,2007-12-31,46.720001220703125, 
01BH010,2008-01-31,46.59199905395508, 
01BH010,2008-03-31,46.45399856567383, 
01BH010,2008-05-31,46.91299819946289, 
01BH010,2008-07-31,46.512001037597656, 
01BH010,2008-08-31,46.4379997253418, 
01BH010,2008-10-31,47.369998931884766, 
01BH010,2008-12-31,47.119998931884766, 
01BH010,2009-01-31,46.494998931884766, 
01BH010,2009-03-31,46.33300018310547, 
01BH010,2009-05-31,46.82699966430664, 
01BH010,2009-07-31,46.58599853515625, 
01BH010,2009-08-31,46.35300064086914, 
01BH010,2009-10-31,46.499000549316406, 
01BH010,2009-12-31,, 
01BH010,2010-01-31,, 
01BH010,2010-03-31,46.32400131225586, 
01BH010,2010-05-31,46.696998596191406, 
01BH010,2010-07-31,46.50600051879883, 
01BH010,2010-08-31,46.310001373291016, 
01BH010,2010-10-31,46.85200119018555, 
01BH010,2010-12-31,46.67699813842773, 
01BH010,2011-01-31,, 
01BH010,2011-03-31,, 
01BH010,2011-05-31,47.46799850463867, 
01BH010,2011-07-31,46.54899978637695, 
01BH010,2011-08-31,47.15700149536133, 
01BH010,2011-10-31,46.4109992980957, 
01BH010,2011-12-31,47.047000885009766, 
01BH010,2012-01-31,, 
01BH010,2012-03-31,46.69900131225586, 
01BH010,2012-05-31,46.67100143432617, 
01BH010,2012-07-31,46.40499877929688, 
01BH010,2012-08-31,46.47700119018555, 
01BH010,2012-10-31,46.64799880981445, 
01BH010,2012-12-31,46.34299850463867, 
01BH010,2013-01-31,, 
01BH010,2013-03-31,46.49800109863281, 
01BH010,2013-05-31,47.10900115966797, 
01BH010,2013-07-31,46.459999084472656, 
01BH010,2013-08-31,46.3849983215332, 
01BH010,2013-10-31,, 
