STATION_NUMBER,DATUM_ID_FROM,DATUM_ID_TO,CONVERSION_FACTOR
05EA002,10,110,649.5469970703125
05EA002,10,605,649.97998046875
